pc_time,serial_num,sensor_ts,host_ts,ax,ay,az,gx,gy,gz,mx,my,mz,phase,rpe,weight_kg,ppg_a,ppg_b,ppg_c,ppg_d,ppg_e,ppg_f,ppg_g,ppg_h,ppg_i,ppg_j
2026-05-06 16:34:32.740207,910690,1609507536072218,5135985015,0.687104,0.27328,0.569984,0.13125,-0.91875,-2.35375,-42.440002,5.632,-65.552,concentric,4,5.0,34355.0,36691.0,95985.0,96205.0,32035.0,46049.0,42780.0,55440.0,21586.0,16036.0
2026-05-06 16:34:32.742626,910691,1609507536081213,5135993750,0.669536,0.335744,0.505568,-1.05875,-0.805,-1.715,-42.488003,6.104,-65.232,concentric,4,5.0,34355.0,36691.0,95985.0,96205.0,32035.0,46049.0,42780.0,55440.0,21586.0,16036.0
2026-05-06 16:34:32.745316,910692,1609507536095737,5136006704,0.669536,0.335744,0.505568,-3.31625,-0.21,-2.16125,-42.488003,6.104,-65.232,concentric,4,5.0,34355.0,36691.0,95985.0,96205.0,32035.0,46049.0,42780.0,55440.0,21586.0,16036.0
2026-05-06 16:34:32.747727,910693,1609507536105227,5136017521,0.667584,0.324032,0.493856,-2.61625,0.14875,-4.24375,-42.656002,6.344,-65.152,concentric,4,5.0,34355.0,36691.0,95985.0,96205.0,32035.0,46049.0,42780.0,55440.0,21586.0,16036.0
2026-05-06 16:34:32.750200,910694,1609507536119703,5136032438,0.681248,0.25376,0.523136,-3.07125,0.0,-5.94125,-42.72,6.256001,-65.28001,concentric,4,5.0,34355.0,36691.0,95985.0,96205.0,32035.0,46049.0,42780.0,55440.0,21586.0,16036.0
2026-05-06 16:34:32.752653,910695,1609507536128599,5136041142,0.681248,0.25376,0.523136,-3.255,-0.42875,-7.84875,-42.72,6.256001,-65.28001,concentric,4,5.0,34355.0,36691.0,95985.0,96205.0,32035.0,46049.0,42780.0,55440.0,21586.0,16036.0
2026-05-06 16:34:32.755066,910696,1609507536137541,5136049882,0.681248,0.25376,0.523136,-3.0625,-1.1725,-7.665,-42.72,6.256001,-65.28001,concentric,4,5.0,34355.0,36691.0,95985.0,96205.0,32035.0,46049.0,42780.0,55440.0,21586.0,16036.0
2026-05-06 16:34:32.757548,910697,1609507536152100,5136062865,0.679296,0.31232,0.56608,-1.07625,-1.575,-6.0375,-42.768,4.8,-65.16801,concentric,4,5.0,34355.0,36691.0,95985.0,96205.0,32035.0,46049.0,42780.0,55440.0,21586.0,16036.0
2026-05-06 16:34:32.764092,910698,1609507536161457,5136073731,0.665632,0.324032,0.49776,0.455,-1.715,-4.12125,-42.56,4.448,-64.12,concentric,4,5.0,34355.0,36691.0,95985.0,96205.0,32035.0,46049.0,42780.0,55440.0,21586.0,16036.0
2026-05-06 16:34:32.805794,910709,1609507536176734,5136088856,0.665632,0.324032,0.49776,-4.01625,-1.8375,-6.02,-42.56,4.448,-64.12,concentric,4,5.0,34501.0,36748.0,96167.0,96067.0,32178.0,46118.0,42866.0,55345.0,21671.0,16057.0
2026-05-06 16:34:32.806184,910710,1609507536185733,5136097630,0.669536,0.269376,0.476288,-9.47625,-1.54875,-7.72625,-42.712,5.752,-65.992004,concentric,4,5.0,34501.0,36748.0,96167.0,96067.0,32178.0,46118.0,42866.0,55345.0,21671.0,16057.0
2026-05-06 16:34:32.807736,910711,1609507536194655,5136106370,0.669536,0.269376,0.476288,-7.21,-1.0325,-6.99125,-42.712,5.752,-65.992004,concentric,4,5.0,34501.0,36748.0,96167.0,96067.0,32178.0,46118.0,42866.0,55345.0,21671.0,16057.0
2026-05-06 16:34:32.815353,910712,1609507536209233,5136121340,0.655872,0.308416,0.515328,-1.89,-1.8025,-6.15125,-43.024002,3.152,-63.176003,concentric,4,5.0,34501.0,36748.0,96167.0,96067.0,32178.0,46118.0,42866.0,55345.0,21671.0,16057.0
2026-05-06 16:34:32.822663,910713,1609507536218238,5136130160,0.655872,0.308416,0.515328,1.19,-2.10875,-5.55625,-43.024002,3.152,-63.176003,concentric,4,5.0,34501.0,36748.0,96167.0,96067.0,32178.0,46118.0,42866.0,55345.0,21671.0,16057.0
2026-05-06 16:34:32.840272,910714,1609507536232880,5136145084,0.648064,0.378688,0.525088,2.98375,-2.9575,-5.4425,-42.416,5.752,-65.69601,concentric,4,5.0,34501.0,36748.0,96167.0,96067.0,32178.0,46118.0,42866.0,55345.0,21671.0,16057.0
2026-05-06 16:34:32.844079,910715,1609507536241904,5136153817,0.659776,0.300608,0.484096,-0.2975,-3.745,-8.785,-42.704002,5.792,-64.8,concentric,4,5.0,34501.0,36748.0,96167.0,96067.0,32178.0,46118.0,42866.0,55345.0,21671.0,16057.0
2026-05-06 16:34:32.852644,910716,1609507536250939,5136162619,0.659776,0.300608,0.484096,-4.5675,-2.31,-11.165,-42.704002,5.792,-64.8,concentric,4,5.0,34501.0,36748.0,96167.0,96067.0,32178.0,46118.0,42866.0,55345.0,21671.0,16057.0
2026-05-06 16:34:32.886662,910717,1609507536265421,5136177573,0.677344,0.271328,0.568032,-4.76875,-1.26,-11.69,-42.608,5.688,-65.54401,concentric,4,5.0,34501.0,36748.0,96167.0,96067.0,32178.0,46118.0,42866.0,55345.0,21671.0,16057.0
2026-05-06 16:34:32.974120,910728,1609507536274332,5136186250,0.677344,0.271328,0.568032,-5.0925,-0.67375,-9.98375,-42.608,5.688,-65.54401,concentric,4,5.0,34488.0,36656.0,96192.0,96042.0,32176.0,46019.0,42883.0,55318.0,21643.0,16025.0
2026-05-06 16:34:32.976437,910729,1609507536288818,5136201184,0.679296,0.366976,0.532896,-5.3725,0.70875,-6.65875,-42.816,5.24,-65.336006,concentric,4,5.0,34488.0,36656.0,96192.0,96042.0,32176.0,46019.0,42883.0,55318.0,21643.0,16025.0
2026-05-06 16:34:32.979223,910730,1609507536297759,5136209958,0.679296,0.366976,0.532896,-4.45375,0.9975,-6.5975,-42.816,5.24,-65.336006,concentric,4,5.0,34488.0,36656.0,96192.0,96042.0,32176.0,46019.0,42883.0,55318.0,21643.0,16025.0
2026-05-06 16:34:32.981507,910731,1609507536312290,5136224918,0.667584,0.349408,0.495808,-4.96125,0.51625,-9.24,-42.592003,5.664,-65.584,concentric,4,5.0,34488.0,36656.0,96192.0,96042.0,32176.0,46019.0,42883.0,55318.0,21643.0,16025.0
2026-05-06 16:34:32.984112,910732,1609507536321362,5136233654,0.677344,0.27328,0.509472,-6.16875,0.91,-10.8325,-42.904003,5.528,-64.584,concentric,4,5.0,34488.0,36656.0,96192.0,96042.0,32176.0,46019.0,42883.0,55318.0,21643.0,16025.0
2026-05-06 16:34:32.986508,910733,1609507536330336,5136242421,0.677344,0.27328,0.509472,-5.71375,0.875,-11.3925,-42.904003,5.528,-64.584,concentric,4,5.0,34488.0,36656.0,96192.0,96042.0,32176.0,46019.0,42883.0,55318.0,21643.0,16025.0
2026-05-06 16:34:32.989170,910734,1609507536344837,5136257366,0.70272,0.286944,0.55632,-5.04875,1.35625,-9.8525,-42.832,5.688,-65.32,concentric,4,5.0,34488.0,36656.0,96192.0,96042.0,32176.0,46019.0,42883.0,55318.0,21643.0,16025.0
2026-05-06 16:34:32.991693,910735,1609507536353756,5136266066,0.70272,0.286944,0.55632,-5.39,1.67125,-7.35875,-42.832,5.688,-65.32,concentric,4,5.0,34488.0,36656.0,96192.0,96042.0,32176.0,46019.0,42883.0,55318.0,21643.0,16025.0
2026-05-06 16:34:32.994217,910736,1609507536368471,5136281127,0.661728,0.349408,0.501664,-5.71375,1.60125,-5.5125,-43.088,2.576,-63.728004,concentric,4,5.0,34488.0,36656.0,96192.0,96042.0,32176.0,46019.0,42883.0,55318.0,21643.0,16025.0
2026-05-06 16:34:33.021545,910747,1609507536378018,5136289914,0.661728,0.349408,0.501664,-7.7,1.2425,-4.5675,-43.088,2.576,-63.728004,concentric,4,5.0,34402.0,36649.0,96053.0,95835.0,32076.0,45942.0,42792.0,55156.0,21623.0,15996.0
2026-05-06 16:34:33.024036,910748,1609507536387053,5136298704,0.667584,0.32208,0.495808,-9.292501,1.3475,-5.76625,-43.08,1.192,-62.840004,concentric,4,5.0,34402.0,36649.0,96053.0,95835.0,32076.0,45942.0,42792.0,55156.0,21623.0,15996.0
2026-05-06 16:34:33.026514,910749,1609507536401708,5136313728,0.648064,0.275232,0.505568,-10.1325,2.49375,-6.125,-43.256,1.72,-63.904003,concentric,4,5.0,34402.0,36649.0,96053.0,95835.0,32076.0,45942.0,42792.0,55156.0,21623.0,15996.0
2026-05-06 16:34:33.029044,910750,1609507536410842,5136322472,0.648064,0.275232,0.505568,-7.98,3.535,-4.9175,-43.256,1.72,-63.904003,concentric,4,5.0,34402.0,36649.0,96053.0,95835.0,32076.0,45942.0,42792.0,55156.0,21623.0,15996.0
2026-05-06 16:34:33.031602,910751,1609507536425334,5136337536,0.632448,0.363072,0.513376,-7.67375,5.01375,-1.9075,-42.808002,2.24,-64.72,concentric,4,5.0,34402.0,36649.0,96053.0,95835.0,32076.0,45942.0,42792.0,55156.0,21623.0,15996.0
2026-05-06 16:34:33.037865,910752,1609507536434280,5136346258,0.632448,0.363072,0.513376,-10.1325,5.18,-0.55125,-42.808002,2.24,-64.72,concentric,4,5.0,34402.0,36649.0,96053.0,95835.0,32076.0,45942.0,42792.0,55156.0,21623.0,15996.0
2026-05-06 16:34:33.046660,910753,1609507536443248,5136354970,0.6344,0.327936,0.460672,-13.36125,6.405,-2.35375,-42.800003,4.552,-64.43201,concentric,4,5.0,34402.0,36649.0,96053.0,95835.0,32076.0,45942.0,42792.0,55156.0,21623.0,15996.0
2026-05-06 16:34:33.066694,910754,1609507536457737,5136369902,0.6344,0.327936,0.460672,-14.2975,5.92375,-4.795,-42.800003,4.552,-64.43201,concentric,4,5.0,34402.0,36649.0,96053.0,95835.0,32076.0,45942.0,42792.0,55156.0,21623.0,15996.0
2026-05-06 16:34:33.069119,910755,1609507536466730,5136378697,0.628544,0.2928,0.488,-12.45125,5.81,-4.8125,-42.872,4.84,-65.152,concentric,4,5.0,34402.0,36649.0,96053.0,95835.0,32076.0,45942.0,42792.0,55156.0,21623.0,15996.0
2026-05-06 16:34:33.107913,910766,1609507536481479,5136393822,0.628544,0.2928,0.550464,-8.49625,6.27375,-4.585,-42.872,4.84,-65.152,concentric,4,5.0,34351.0,36569.0,96127.0,95790.0,31986.0,45800.0,42861.0,55134.0,21563.0,15965.0
2026-05-06 16:34:33.109990,910767,1609507536490477,5136402621,0.62464,0.318176,0.550464,-5.80125,6.6675,-4.4275,-42.912003,4.752,-65.288,concentric,4,5.0,34351.0,36569.0,96127.0,95790.0,31986.0,45800.0,42861.0,55134.0,21563.0,15965.0
2026-05-06 16:34:33.112495,910768,1609507536504999,5136417601,0.61488,0.349408,0.46848,-4.0075,6.69375,-4.2,-43.384003,3.072,-63.840004,concentric,4,5.0,34351.0,36569.0,96127.0,95790.0,31986.0,45800.0,42861.0,55134.0,21563.0,15965.0
2026-05-06 16:34:33.119032,910769,1609507536513937,5136426317,0.61488,0.349408,0.46848,-4.13875,6.13375,-5.9325,-43.384003,3.072,-63.840004,concentric,4,5.0,34351.0,36569.0,96127.0,95790.0,31986.0,45800.0,42861.0,55134.0,21563.0,15965.0
2026-05-06 16:34:33.125376,910770,1609507536523136,5136435122,0.630496,0.255712,0.51728,-5.0925,6.22125,-7.525,-43.176003,5.344,-66.04,concentric,4,5.0,34351.0,36569.0,96127.0,95790.0,31986.0,45800.0,42861.0,55134.0,21563.0,15965.0
2026-05-06 16:34:33.149165,910771,1609507536537631,5136450114,0.630496,0.255712,0.51728,-5.24125,5.9325,-8.79375,-43.176003,5.344,-66.04,concentric,4,5.0,34351.0,36569.0,96127.0,95790.0,31986.0,45800.0,42861.0,55134.0,21563.0,15965.0
2026-05-06 16:34:33.151806,910772,1609507536546589,5136458805,0.599264,0.28304,0.501664,-2.96625,4.47125,-7.56,-43.096,4.504,-65.032005,concentric,4,5.0,34351.0,36569.0,96127.0,95790.0,31986.0,45800.0,42861.0,55134.0,21563.0,15965.0
2026-05-06 16:34:33.165404,910773,1609507536561115,5136472160,0.599264,0.28304,0.501664,-1.65375,2.8875,-5.8275,-43.096,4.504,-65.032005,concentric,4,5.0,34351.0,36569.0,96127.0,95790.0,31986.0,45800.0,42861.0,55134.0,21563.0,15965.0
2026-05-06 16:34:33.176758,910774,1609507536570355,5136483069,0.591456,0.314272,0.501664,-3.22,1.47875,-6.02875,-42.976,4.648,-65.656006,concentric,4,5.0,34351.0,36569.0,96127.0,95790.0,31986.0,45800.0,42861.0,55134.0,21563.0,15965.0
2026-05-06 16:34:33.205252,910785,1609507536579523,5136490353,0.591456,0.314272,0.501664,-5.15375,0.77875,-7.5075,-42.976,4.648,-65.656006,concentric,4,5.0,34085.0,36346.0,95728.0,95722.0,31738.0,45560.0,42674.0,55080.0,21423.0,15845.0
2026-05-06 16:34:33.207896,910786,1609507536594501,5136505463,0.618784,0.277184,0.47824,-6.20375,0.49875,-8.8025,-43.584003,4.384,-65.16,concentric,4,5.0,34085.0,36346.0,95728.0,95722.0,31738.0,45560.0,42674.0,55080.0,21423.0,15845.0
2026-05-06 16:34:33.210379,910787,1609507536604023,5136516268,0.597312,0.247904,0.513376,-7.46375,-0.035,-9.87875,-43.472004,2.968,-65.944,concentric,4,5.0,34085.0,36346.0,95728.0,95722.0,31738.0,45560.0,42674.0,55080.0,21423.0,15845.0
2026-05-06 16:34:33.216724,910788,1609507536613029,5136525032,0.597312,0.247904,0.513376,-6.475,-0.11375,-8.89875,-43.472004,2.968,-65.944,concentric,4,5.0,34085.0,36346.0,95728.0,95722.0,31738.0,45560.0,42674.0,55080.0,21423.0,15845.0
2026-05-06 16:34:33.250445,910789,1609507536627519,5136539951,0.593408,0.284992,0.44896,-0.6825,0.0,-6.8075,-43.4,3.408,-63.816,concentric,4,5.0,34085.0,36346.0,95728.0,95722.0,31738.0,45560.0,42674.0,55080.0,21423.0,15845.0
2026-05-06 16:34:33.252798,910790,1609507536636453,5136548729,0.593408,0.284992,0.44896,2.44125,-0.90125,-6.83375,-43.4,3.408,-63.816,concentric,4,5.0,34085.0,36346.0,95728.0,95722.0,31738.0,45560.0,42674.0,55080.0,21423.0,15845.0
2026-05-06 16:34:33.255147,910791,1609507536651088,5136563644,0.601216,0.31232,0.491904,2.0475,-1.015,-7.735,-43.576,4.72,-65.12,concentric,4,5.0,34085.0,36346.0,95728.0,95722.0,31738.0,45560.0,42674.0,55080.0,21423.0,15845.0
2026-05-06 16:34:33.282858,910792,1609507536660006,5136572397,0.601216,0.31232,0.491904,2.87875,-1.44375,-8.7325,-43.576,4.72,-65.12,concentric,4,5.0,34085.0,36346.0,95728.0,95722.0,31738.0,45560.0,42674.0,55080.0,21423.0,15845.0
2026-05-06 16:34:33.307911,910793,1609507536674778,5136587324,0.560224,0.339648,0.491904,3.75375,-2.21375,-11.2875,-43.368004,4.872,-65.088005,concentric,4,5.0,34085.0,36346.0,95728.0,95722.0,31738.0,45560.0,42674.0,55080.0,21423.0,15845.0
2026-05-06 16:34:33.374728,910804,1609507536683992,5136596121,0.59536,0.327936,0.521184,6.13375,-2.73875,-13.60625,-43.56,4.096,-62.712,concentric,4,5.0,34010.0,36248.0,95725.0,95870.0,31659.0,45502.0,42663.0,55113.0,21367.0,15837.0
2026-05-06 16:34:33.376600,910805,1609507536693009,5136604846,0.59536,0.327936,0.521184,4.80375,-2.86125,-17.78,-43.56,4.096,-62.712,concentric,4,5.0,34010.0,36248.0,95725.0,95870.0,31659.0,45502.0,42663.0,55113.0,21367.0,15837.0
2026-05-06 16:34:33.378954,910806,1609507536707505,5136619755,0.616832,0.294752,0.45872,2.625,-2.17,-19.17125,-43.704002,4.36,-65.28001,concentric,4,5.0,34010.0,36248.0,95725.0,95870.0,31659.0,45502.0,42663.0,55113.0,21367.0,15837.0
2026-05-06 16:34:33.382030,910807,1609507536716452,5136628471,0.616832,0.294752,0.45872,1.61,-2.17875,-20.71125,-43.704002,4.36,-65.28001,concentric,4,5.0,34010.0,36248.0,95725.0,95870.0,31659.0,45502.0,42663.0,55113.0,21367.0,15837.0
2026-05-06 16:34:33.385245,910808,1609507536730950,5136643436,0.581696,0.329888,0.47824,3.05375,-1.75875,-20.58,-44.000004,3.584,-65.784004,concentric,4,5.0,34010.0,36248.0,95725.0,95870.0,31659.0,45502.0,42663.0,55113.0,21367.0,15837.0
2026-05-06 16:34:33.389320,910809,1609507536739889,5136652240,0.581696,0.329888,0.47824,7.14,-3.325,-21.210001,-44.000004,3.584,-65.784004,concentric,4,5.0,34010.0,36248.0,95725.0,95870.0,31659.0,45502.0,42663.0,55113.0,21367.0,15837.0
2026-05-06 16:34:33.389459,910810,1609507536748971,5136660954,0.554368,0.411872,0.491904,8.855001,-4.92625,-22.75,-43.752003,4.008,-65.112,concentric,4,5.0,34010.0,36248.0,95725.0,95870.0,31659.0,45502.0,42663.0,55113.0,21367.0,15837.0
2026-05-06 16:34:33.391228,910811,1609507536763635,5136675876,0.554368,0.411872,0.4392,9.87,-4.76875,-25.05125,-43.752003,4.008,-65.112,concentric,4,5.0,34010.0,36248.0,95725.0,95870.0,31659.0,45502.0,42663.0,55113.0,21367.0,15837.0
2026-05-06 16:34:33.393997,910812,1609507536772683,5136684657,0.589504,0.38064,0.4392,10.91125,-3.5525,-27.93,-44.52,3.624,-63.896004,concentric,4,5.0,34010.0,36248.0,95725.0,95870.0,31659.0,45502.0,42663.0,55113.0,21367.0,15837.0
2026-05-06 16:34:33.421540,910823,1609507536787564,5136699827,0.622688,0.284992,0.402112,14.1225,-3.465,-29.93375,-44.488003,1.568,-63.816,concentric,4,5.0,33982.0,36230.0,96085.0,95116.0,31681.0,45531.0,42903.0,54798.0,21353.0,15821.0
2026-05-06 16:34:33.424074,910824,1609507536796654,5136708714,0.622688,0.284992,0.402112,17.272501,-5.7575,-29.82875,-44.488003,1.568,-63.816,concentric,4,5.0,33982.0,36230.0,96085.0,95116.0,31681.0,45531.0,42903.0,54798.0,21353.0,15821.0
2026-05-06 16:34:33.426542,910825,1609507536805681,5136717437,0.62464,0.407968,0.50752,21.95375,-9.98375,-23.695,-44.704002,1.192,-63.384003,concentric,4,5.0,33982.0,36230.0,96085.0,95116.0,31681.0,45531.0,42903.0,54798.0,21353.0,15821.0
2026-05-06 16:34:33.429123,910826,1609507536820184,5136732373,0.62464,0.407968,0.50752,21.21875,-13.16875,-18.12125,-44.704002,1.192,-63.384003,concentric,4,5.0,33982.0,36230.0,96085.0,95116.0,31681.0,45531.0,42903.0,54798.0,21353.0,15821.0
2026-05-06 16:34:33.431614,910827,1609507536829195,5136741129,0.589504,0.443104,0.597312,14.21,-14.5775,-15.33875,-44.832,1.224,-64.36,concentric,4,5.0,33982.0,36230.0,96085.0,95116.0,31681.0,45531.0,42903.0,54798.0,21353.0,15821.0
2026-05-06 16:34:33.466703,910828,1609507536843773,5136756076,0.589504,0.443104,0.597312,7.16625,-14.595,-15.2425,-44.832,1.224,-64.36,concentric,4,5.0,33982.0,36230.0,96085.0,95116.0,31681.0,45531.0,42903.0,54798.0,21353.0,15821.0
2026-05-06 16:34:33.467569,910829,1609507536852758,5136764787,0.587552,0.411872,0.542656,1.6275,-13.0375,-16.44125,-44.944,2.968,-64.272,concentric,4,5.0,33982.0,36230.0,96085.0,95116.0,31681.0,45531.0,42903.0,54798.0,21353.0,15821.0
2026-05-06 16:34:33.470277,910830,1609507536867292,5136779748,0.591456,0.337696,0.519232,-0.58625,-9.40625,-14.533751,-45.008003,2.752,-64.736,concentric,4,5.0,33982.0,36230.0,96085.0,95116.0,31681.0,45531.0,42903.0,54798.0,21353.0,15821.0
2026-05-06 16:34:33.484035,910831,1609507536876206,5136788468,0.591456,0.337696,0.519232,0.035,-5.24125,-10.115,-45.008003,2.752,-64.736,concentric,4,5.0,33982.0,36230.0,96085.0,95116.0,31681.0,45531.0,42903.0,54798.0,21353.0,15821.0
2026-05-06 16:34:33.511709,910842,1609507536885293,5136797213,0.593408,0.337696,0.466528,-1.25125,-1.2425,-4.47125,-45.296,2.912,-65.48801,concentric,4,5.0,34362.0,36392.0,96568.0,94588.0,32043.0,45751.0,43110.0,54502.0,21564.0,15886.0
2026-05-06 16:34:33.514196,910843,1609507536899910,5136812173,0.593408,0.337696,0.466528,-3.96375,1.8725,1.1725,-45.296,2.912,-65.48801,concentric,4,5.0,34362.0,36392.0,96568.0,94588.0,32043.0,45751.0,43110.0,54502.0,21564.0,15886.0
2026-05-06 16:34:33.516731,910844,1609507536908858,5136820876,0.558272,0.44896,0.447008,-6.7725,4.305,5.04,-44.624,2.576,-64.69601,concentric,4,5.0,34362.0,36392.0,96568.0,94588.0,32043.0,45751.0,43110.0,54502.0,21564.0,15886.0
2026-05-06 16:34:33.530444,910845,1609507536923730,5136835947,0.558272,0.44896,0.447008,-6.335,5.2325,6.37,-44.624,2.576,-64.69601,concentric,4,5.0,34362.0,36392.0,96568.0,94588.0,32043.0,45751.0,43110.0,54502.0,21564.0,15886.0
2026-05-06 16:34:33.536582,910846,1609507536932826,5136844676,0.548512,0.41968,0.441152,-5.32875,4.7075,3.35125,-44.784,3.168,-64.368004,concentric,4,5.0,34362.0,36392.0,96568.0,94588.0,32043.0,45751.0,43110.0,54502.0,21564.0,15886.0
2026-05-06 16:34:33.545455,910847,1609507536941905,5136853377,0.548512,0.41968,0.441152,-3.85875,4.725,1.19875,-44.784,3.168,-64.368004,concentric,4,5.0,34362.0,36392.0,96568.0,94588.0,32043.0,45751.0,43110.0,54502.0,21564.0,15886.0
2026-05-06 16:34:33.558993,910848,1609507536956418,5136868367,0.554368,0.337696,0.484096,-1.16375,3.75375,1.4175,-45.088,3.368,-64.416,concentric,4,5.0,34362.0,36392.0,96568.0,94588.0,32043.0,45751.0,43110.0,54502.0,21564.0,15886.0
2026-05-06 16:34:33.568899,910849,1609507536965376,5136877170,0.554368,0.396256,0.462624,-1.47,2.00375,3.14125,-45.088,3.368,-64.416,concentric,4,5.0,34362.0,36392.0,96568.0,94588.0,32043.0,45751.0,43110.0,54502.0,21564.0,15886.0
2026-05-06 16:34:33.610421,910860,1609507536980530,5136892569,0.60512,0.396256,0.462624,-6.01125,0.07,6.3525,-45.504,1.6,-64.088005,concentric,4,5.0,34323.0,36346.0,96312.0,94496.0,31994.0,45653.0,42997.0,54401.0,21543.0,15841.0
2026-05-06 16:34:33.612881,910861,1609507536989547,5136901317,0.583648,0.376736,0.41968,-11.4975,-0.9275,5.55625,-45.072002,3.096,-64.264,concentric,4,5.0,34323.0,36346.0,96312.0,94496.0,31994.0,45653.0,42997.0,54401.0,21543.0,15841.0
2026-05-06 16:34:33.615446,910862,1609507536998544,5136910079,0.583648,0.376736,0.41968,-11.83,-1.54,4.935,-45.072002,3.096,-64.264,concentric,4,5.0,34323.0,36346.0,96312.0,94496.0,31994.0,45653.0,42997.0,54401.0,21543.0,15841.0
2026-05-06 16:34:33.617941,910863,1609507537013122,5136925087,0.626592,0.378688,0.480192,-8.3125,-2.975,4.095,-45.432003,3.536,-65.032005,concentric,4,5.0,34323.0,36346.0,96312.0,94496.0,31994.0,45653.0,42997.0,54401.0,21543.0,15841.0
2026-05-06 16:34:33.649464,910864,1609507537022115,5136933864,0.626592,0.378688,0.480192,-3.56125,-3.49125,3.955,-45.432003,3.536,-65.032005,concentric,4,5.0,34323.0,36346.0,96312.0,94496.0,31994.0,45653.0,42997.0,54401.0,21543.0,15841.0
2026-05-06 16:34:33.674134,910865,1609507537036584,5136948783,0.612928,0.437248,0.523136,0.385,-4.0075,2.19625,-45.096,2.336,-63.24,concentric,4,5.0,34323.0,36346.0,96312.0,94496.0,31994.0,45653.0,42997.0,54401.0,21543.0,15841.0
2026-05-06 16:34:33.699247,910866,1609507537045507,5136957488,0.612928,0.437248,0.476288,-0.00875,-4.165,-0.84875,-45.096,2.336,-63.24,concentric,4,5.0,34323.0,36346.0,96312.0,94496.0,31994.0,45653.0,42997.0,54401.0,21543.0,15841.0
2026-05-06 16:34:33.714066,910867,1609507537054461,5136966314,0.62464,0.3904,0.482144,-4.13,-3.0275,-3.4825,-45.56,3.672,-64.424,concentric,4,5.0,34323.0,36346.0,96312.0,94496.0,31994.0,45653.0,42997.0,54401.0,21543.0,15841.0
2026-05-06 16:34:33.716678,910868,1609507537068933,5136981232,0.708576,0.271328,0.511424,-8.54875,-1.96,-5.78375,-45.672,4.0,-64.664,concentric,4,5.0,34323.0,36346.0,96312.0,94496.0,31994.0,45653.0,42997.0,54401.0,21543.0,15841.0
2026-05-06 16:34:33.719008,910869,1609507537077876,5136989965,0.708576,0.271328,0.511424,-11.480001,-1.12,-4.47125,-45.672,4.0,-64.664,concentric,4,5.0,34323.0,36346.0,96312.0,94496.0,31994.0,45653.0,42997.0,54401.0,21543.0,15841.0
2026-05-06 16:34:33.746332,910880,1609507537092465,5137004980,0.685152,0.384544,0.488,-10.0975,-1.04125,-0.48125,-45.736004,4.048,-63.920002,concentric,4,5.0,34223.0,36309.0,96283.0,94460.0,31886.0,45605.0,43004.0,54418.0,21469.0,15829.0
2026-05-06 16:34:33.749017,910881,1609507537101401,5137013846,0.685152,0.384544,0.488,-2.66,-2.47625,2.94875,-45.736004,4.048,-63.920002,concentric,4,5.0,34223.0,36309.0,96283.0,94460.0,31886.0,45605.0,43004.0,54418.0,21469.0,15829.0
2026-05-06 16:34:33.751485,910882,1609507537115902,5137026743,0.669536,0.435296,0.511424,3.78,-4.83875,2.6075,-45.832,3.472,-64.200005,concentric,4,5.0,34223.0,36309.0,96283.0,94460.0,31886.0,45605.0,43004.0,54418.0,21469.0,15829.0
2026-05-06 16:34:33.754018,910883,1609507537125177,5137037580,0.669536,0.435296,0.511424,2.555,-6.4575,-0.30625,-45.832,3.472,-64.200005,concentric,4,5.0,34223.0,36309.0,96283.0,94460.0,31886.0,45605.0,43004.0,54418.0,21469.0,15829.0
2026-05-06 16:34:33.756551,910884,1609507537134261,5137046349,0.70272,0.339648,0.499712,-3.38625,-7.7175,-4.6375,-46.048,2.672,-62.304005,concentric,4,5.0,34223.0,36309.0,96283.0,94460.0,31886.0,45605.0,43004.0,54418.0,21469.0,15829.0
2026-05-06 16:34:33.758990,910885,1609507537148824,5137061326,0.69296,0.349408,0.552416,-7.00875,-7.9275,-5.6875,-46.136,2.456,-63.304005,concentric,4,5.0,34223.0,36309.0,96283.0,94460.0,31886.0,45605.0,43004.0,54418.0,21469.0,15829.0
2026-05-06 16:34:33.761556,910886,1609507537157755,5137070101,0.69296,0.349408,0.552416,-1.30375,-6.895,-2.86125,-46.136,2.456,-63.304005,concentric,4,5.0,34223.0,36309.0,96283.0,94460.0,31886.0,45605.0,43004.0,54418.0,21469.0,15829.0
2026-05-06 16:34:33.777832,910887,1609507537172334,5137085018,0.696864,0.345504,0.59536,3.80625,-6.15125,1.19875,-46.144,4.376,-64.208,concentric,4,5.0,34223.0,36309.0,96283.0,94460.0,31886.0,45605.0,43004.0,54418.0,21469.0,15829.0
2026-05-06 16:34:33.810433,910898,1609507537181923,5137093830,0.696864,0.345504,0.59536,1.91625,-5.17125,2.415,-46.144,4.376,-64.208,concentric,4,5.0,34244.0,36383.0,96604.0,94508.0,31904.0,45741.0,43206.0,54415.0,21483.0,15877.0
2026-05-06 16:34:33.812945,910899,1609507537190951,5137102600,0.6832,0.347456,0.52704,-3.2725,-3.36875,4.795,-46.064003,4.272,-64.28001,concentric,4,5.0,34244.0,36383.0,96604.0,94508.0,31904.0,45741.0,43206.0,54415.0,21483.0,15877.0
2026-05-06 16:34:33.815347,910900,1609507537205480,5137117527,0.6832,0.347456,0.52704,-5.04875,-1.91625,6.43125,-46.064003,4.272,-64.28001,concentric,4,5.0,34244.0,36383.0,96604.0,94508.0,31904.0,45741.0,43206.0,54415.0,21483.0,15877.0
2026-05-06 16:34:33.818042,910901,1609507537214592,5137126335,0.677344,0.376736,0.480192,-3.78875,-0.35875,7.74375,-46.352,1.464,-62.504,concentric,4,5.0,34244.0,36383.0,96604.0,94508.0,31904.0,45741.0,43206.0,54415.0,21483.0,15877.0
2026-05-06 16:34:33.839420,910902,1609507537229099,5137141266,0.675392,0.3416,0.511424,-2.4675,0.53375,8.04125,-46.144,5.248,-61.928,concentric,4,5.0,34244.0,36383.0,96604.0,94508.0,31904.0,45741.0,43206.0,54415.0,21483.0,15877.0
2026-05-06 16:34:33.841471,910903,1609507537238098,5137150026,0.675392,0.3416,0.511424,-2.80875,1.23375,7.93625,-46.144,5.248,-61.928,concentric,4,5.0,34244.0,36383.0,96604.0,94508.0,31904.0,45741.0,43206.0,54415.0,21483.0,15877.0
2026-05-06 16:34:33.851318,910904,1609507537247036,5137158765,0.675392,0.3416,0.511424,-3.78875,2.45,9.6775,-46.144,5.248,-61.928,concentric,4,5.0,34244.0,36383.0,96604.0,94508.0,31904.0,45741.0,43206.0,54415.0,21483.0,15877.0
2026-05-06 16:34:33.885027,910905,1609507537261534,5137173692,0.667584,0.398208,0.515328,-4.445,3.42125,9.87,-46.184002,5.416,-63.72,concentric,4,5.0,34244.0,36383.0,96604.0,94508.0,31904.0,45741.0,43206.0,54415.0,21483.0,15877.0
2026-05-06 16:34:33.887772,910906,1609507537270447,5137182408,0.642208,0.45872,0.493856,-3.35125,4.13875,7.945,-46.552002,5.504,-63.128002,concentric,4,5.0,34244.0,36383.0,96604.0,94508.0,31904.0,45741.0,43206.0,54415.0,21483.0,15877.0
2026-05-06 16:34:33.915438,910917,1609507537285187,5137197360,0.642208,0.45872,0.493856,-2.5375,3.73625,3.12375,-46.552002,5.504,-63.128002,concentric,4,5.0,34423.0,36485.0,96867.0,94721.0,32070.0,45804.0,43278.0,54461.0,21580.0,15916.0
2026-05-06 16:34:33.917952,910918,1609507537294467,5137206288,0.71248,0.443104,0.54656,-2.1525,2.7475,-2.49375,-46.640003,5.072,-63.504,concentric,4,5.0,34423.0,36485.0,96867.0,94721.0,32070.0,45804.0,43278.0,54461.0,21580.0,15916.0
2026-05-06 16:34:33.922659,910919,1609507537308974,5137221286,0.67344,0.398208,0.610976,-3.54375,2.9925,-6.65,-46.752003,3.776,-61.920002,concentric,4,5.0,34423.0,36485.0,96867.0,94721.0,32070.0,45804.0,43278.0,54461.0,21580.0,15916.0
2026-05-06 16:34:33.923095,910920,1609507537317956,5137229991,0.67344,0.398208,0.610976,-7.665,4.55875,-8.95125,-46.752003,3.776,-61.920002,concentric,4,5.0,34423.0,36485.0,96867.0,94721.0,32070.0,45804.0,43278.0,54461.0,21580.0,15916.0
2026-05-06 16:34:33.929349,910921,1609507537326932,5137238815,0.67344,0.398208,0.610976,-11.57625,7.90125,-7.98875,-46.752003,3.776,-61.920002,concentric,4,5.0,34423.0,36485.0,96867.0,94721.0,32070.0,45804.0,43278.0,54461.0,21580.0,15916.0
2026-05-06 16:34:33.962818,910922,1609507537341413,5137253736,0.698816,0.470432,0.601216,-11.585,10.59625,-7.56,-46.896004,5.28,-62.808002,concentric,4,5.0,34423.0,36485.0,96867.0,94721.0,32070.0,45804.0,43278.0,54461.0,21580.0,15916.0
2026-05-06 16:34:33.965317,910923,1609507537350334,5137262443,0.77104,0.33184,0.513376,-12.55625,13.36125,-9.730001,-47.072002,5.416,-63.416004,concentric,4,5.0,34423.0,36485.0,96867.0,94721.0,32070.0,45804.0,43278.0,54461.0,21580.0,15916.0
2026-05-06 16:34:33.969089,910924,1609507537364770,5137277336,0.77104,0.33184,0.513376,-10.14125,14.07,-12.1975,-47.072002,5.416,-63.416004,concentric,4,5.0,34423.0,36485.0,96867.0,94721.0,32070.0,45804.0,43278.0,54461.0,21580.0,15916.0
2026-05-06 16:34:33.977890,910925,1609507537373734,5137286088,0.757376,0.402112,0.599264,-5.7925,13.93875,-8.39125,-47.08,5.464,-62.520004,concentric,4,5.0,34423.0,36485.0,96867.0,94721.0,32070.0,45804.0,43278.0,54461.0,21580.0,15916.0
2026-05-06 16:34:34.096660,910936,1609507537388388,5137301102,0.757376,0.402112,0.579744,-8.9425,12.8975,-4.8475,-47.08,5.464,-62.520004,concentric,4,5.0,34385.0,36405.0,96646.0,94940.0,31959.0,45664.0,43121.0,54539.0,21505.0,15867.0
2026-05-06 16:34:34.099212,910937,1609507537397335,5137309829,0.755424,0.54656,0.579744,-13.3525,12.52125,-5.0575,-47.384003,5.296001,-62.976,concentric,4,5.0,34385.0,36405.0,96646.0,94940.0,31959.0,45664.0,43121.0,54539.0,21505.0,15867.0
2026-05-06 16:34:34.101668,910938,1609507537406254,5137318513,0.755424,0.54656,0.579744,-12.81,11.76,-10.05375,-47.384003,5.296001,-62.976,concentric,4,5.0,34385.0,36405.0,96646.0,94940.0,31959.0,45664.0,43121.0,54539.0,21505.0,15867.0
2026-05-06 16:34:34.104183,910939,1609507537420764,5137333409,0.794464,0.398208,0.5856,-7.77,9.40625,-16.5025,-47.088,5.08,-62.416004,concentric,4,5.0,34385.0,36405.0,96646.0,94940.0,31959.0,45664.0,43121.0,54539.0,21505.0,15867.0
2026-05-06 16:34:34.106721,910940,1609507537429688,5137342213,0.813984,0.33184,0.62464,-3.01875,5.52125,-18.48,-47.960003,5.392,-62.040005,concentric,4,5.0,34385.0,36405.0,96646.0,94940.0,31959.0,45664.0,43121.0,54539.0,21505.0,15867.0
2026-05-06 16:34:34.109189,910941,1609507537444378,5137355210,0.813984,0.33184,0.62464,2.03,2.10875,-13.3525,-47.960003,5.392,-62.040005,concentric,4,5.0,34385.0,36405.0,96646.0,94940.0,31959.0,45664.0,43121.0,54539.0,21505.0,15867.0
2026-05-06 16:34:34.111747,910942,1609507537453649,5137365983,0.7808,0.41968,0.597312,-0.41125,0.00875,-8.05,-47.616,5.088,-62.344,concentric,4,5.0,34385.0,36405.0,96646.0,94940.0,31959.0,45664.0,43121.0,54539.0,21505.0,15867.0
2026-05-06 16:34:34.121737,910943,1609507537462587,5137374692,0.7808,0.41968,0.597312,-6.06375,0.98875,-3.395,-47.616,5.088,-62.344,concentric,4,5.0,34385.0,36405.0,96646.0,94940.0,31959.0,45664.0,43121.0,54539.0,21505.0,15867.0
2026-05-06 16:34:34.122156,910944,1609507537477087,5137389604,0.776896,0.42944,0.6344,-7.735,2.07375,-2.82625,-47.648003,5.04,-62.136,concentric,4,5.0,34385.0,36405.0,96646.0,94940.0,31959.0,45664.0,43121.0,54539.0,21505.0,15867.0
2026-05-06 16:34:34.150189,910956,1609507537486371,5137398496,0.776896,0.42944,0.6344,-6.23,3.01,-4.41875,-47.648003,5.04,-62.136,concentric,4,5.0,34232.0,36374.0,96782.0,94822.0,31819.0,45647.0,43217.0,54482.0,21403.0,15846.0
2026-05-06 16:34:34.152613,910957,1609507537500956,5137413512,0.769088,0.40016,0.60512,-3.49125,3.57875,-5.9675,-48.04,2.896,-61.648003,concentric,4,5.0,34232.0,36374.0,96782.0,94822.0,31819.0,45647.0,43217.0,54482.0,21403.0,15846.0
2026-05-06 16:34:34.155159,910958,1609507537510031,5137422413,0.735904,0.472384,0.632448,5.24125,3.71875,-4.83875,-48.08,5.32,-62.408005,concentric,4,5.0,34232.0,36374.0,96782.0,94822.0,31819.0,45647.0,43217.0,54482.0,21403.0,15846.0
2026-05-06 16:34:34.157452,910959,1609507537519172,5137431151,0.735904,0.472384,0.632448,10.7625,4.12125,-5.25,-48.08,5.32,-62.408005,concentric,4,5.0,34232.0,36374.0,96782.0,94822.0,31819.0,45647.0,43217.0,54482.0,21403.0,15846.0
2026-05-06 16:34:34.159959,910960,1609507537533735,5137446113,0.76128,0.376736,0.620736,9.511251,5.03125,-7.8925,-48.440002,2.096,-59.568005,concentric,4,5.0,34232.0,36374.0,96782.0,94822.0,31819.0,45647.0,43217.0,54482.0,21403.0,15846.0
2026-05-06 16:34:34.162776,910961,1609507537542791,5137454925,0.76128,0.376736,0.620736,6.8775,5.32,-10.40375,-48.440002,2.096,-59.568005,concentric,4,5.0,34232.0,36374.0,96782.0,94822.0,31819.0,45647.0,43217.0,54482.0,21403.0,15846.0
2026-05-06 16:34:34.165110,910962,1609507537557285,5137469911,0.728096,0.443104,0.564128,5.4075,5.075,-9.2225,-47.936,1.624,-59.472004,concentric,4,5.0,34232.0,36374.0,96782.0,94822.0,31819.0,45647.0,43217.0,54482.0,21403.0,15846.0
2026-05-06 16:34:34.171593,910963,1609507537566262,5137478782,0.728096,0.443104,0.564128,8.96,3.955,-6.50125,-47.936,1.624,-59.472004,concentric,4,5.0,34232.0,36374.0,96782.0,94822.0,31819.0,45647.0,43217.0,54482.0,21403.0,15846.0
2026-05-06 16:34:34.185313,910964,1609507537580760,5137491695,0.71248,0.474336,0.62464,11.235,2.03875,-8.3825,-48.184002,3.032,-60.648003,concentric,4,5.0,34232.0,36374.0,96782.0,94822.0,31819.0,45647.0,43217.0,54482.0,21403.0,15846.0
2026-05-06 16:34:34.217751,910975,1609507537590154,5137502577,0.728096,0.49776,0.67344,10.78,0.63,-11.7775,-48.184002,3.032,-59.856003,concentric,4,5.0,34303.0,36447.0,96935.0,94931.0,31883.0,45714.0,43286.0,54521.0,21448.0,15876.0
2026-05-06 16:34:34.224209,910976,1609507537599104,5137511334,0.730048,0.49776,0.67344,9.16125,1.02375,-14.175,-48.320004,2.888,-59.856003,concentric,4,5.0,34303.0,36447.0,96935.0,94931.0,31883.0,45714.0,43286.0,54521.0,21448.0,15876.0
2026-05-06 16:34:34.226677,910977,1609507537613809,5137526281,0.724192,0.5856,0.65392,10.78875,2.23125,-14.542501,-48.208004,2.16,-60.512,concentric,4,5.0,34303.0,36447.0,96935.0,94931.0,31883.0,45714.0,43286.0,54521.0,21448.0,15876.0
2026-05-06 16:34:34.228005,910978,1609507537622868,5137535070,0.724192,0.5856,0.65392,12.31125,2.26625,-17.84125,-48.208004,2.16,-60.512,concentric,4,5.0,34303.0,36447.0,96935.0,94931.0,31883.0,45714.0,43286.0,54521.0,21448.0,15876.0
2026-05-06 16:34:34.241620,910979,1609507537637435,5137550036,0.759328,0.548512,0.603168,13.81625,2.45875,-22.0675,-48.488003,2.152,-60.640003,concentric,4,5.0,34303.0,36447.0,96935.0,94931.0,31883.0,45714.0,43286.0,54521.0,21448.0,15876.0
2026-05-06 16:34:34.250862,910980,1609507537646321,5137558748,0.759328,0.548512,0.603168,21.18375,0.55125,-25.40125,-48.488003,2.152,-60.640003,concentric,4,5.0,34303.0,36447.0,96935.0,94931.0,31883.0,45714.0,43286.0,54521.0,21448.0,15876.0
2026-05-06 16:34:34.258836,910981,1609507537655317,5137567502,0.806176,0.499712,0.650016,26.15375,-0.74375,-25.76875,-48.640003,3.576,-61.160004,concentric,4,5.0,34303.0,36447.0,96935.0,94931.0,31883.0,45714.0,43286.0,54521.0,21448.0,15876.0
2026-05-06 16:34:34.272801,910982,1609507537669863,5137582542,0.806176,0.499712,0.650016,23.24875,-0.63875,-23.1875,-48.640003,3.576,-61.160004,concentric,4,5.0,34303.0,36447.0,96935.0,94931.0,31883.0,45714.0,43286.0,54521.0,21448.0,15876.0
2026-05-06 16:34:34.286447,910983,1609507537678835,5137591268,0.802272,0.528992,0.667584,11.64625,0.4725,-19.90625,-48.632004,3.416,-59.232002,concentric,4,5.0,34303.0,36447.0,96935.0,94931.0,31883.0,45714.0,43286.0,54521.0,21448.0,15876.0
2026-05-06 16:34:34.317939,910994,1609507537693604,5137606290,0.784704,0.571936,0.747616,0.67375,2.87,-14.70875,-48.872,0.224,-58.888004,concentric,4,5.0,34048.0,36224.0,96500.0,94333.0,31684.0,45516.0,43069.0,54219.0,21312.0,15784.0
2026-05-06 16:34:34.319984,910995,1609507537702620,5137615065,0.784704,0.571936,0.747616,-3.21125,4.69,-11.90875,-48.872,0.224,-58.888004,concentric,4,5.0,34048.0,36224.0,96500.0,94333.0,31684.0,45516.0,43069.0,54219.0,21312.0,15784.0
2026-05-06 16:34:34.322566,910996,1609507537711570,5137623780,0.808128,0.552416,0.630496,-2.3275,6.125,-8.33875,-48.704002,2.944,-60.512,eccentric,4,5.0,34048.0,36224.0,96500.0,94333.0,31684.0,45516.0,43069.0,54219.0,21312.0,15784.0
2026-05-06 16:34:34.328892,910997,1609507537726148,5137638860,0.808128,0.552416,0.630496,6.0725,3.80625,-8.32125,-48.704002,2.944,-60.512,eccentric,4,5.0,34048.0,36224.0,96500.0,94333.0,31684.0,45516.0,43069.0,54219.0,21312.0,15784.0
2026-05-06 16:34:34.344013,910998,1609507537735106,5137647613,0.835456,0.499712,0.681248,12.43375,0.49,-7.95375,-48.256,2.848,-61.208004,eccentric,4,5.0,34048.0,36224.0,96500.0,94333.0,31684.0,45516.0,43069.0,54219.0,21312.0,15784.0
2026-05-06 16:34:34.351626,910999,1609507537749594,5137660482,0.835456,0.499712,0.681248,12.7225,-2.14375,-4.96125,-48.256,2.848,-61.208004,eccentric,4,5.0,34048.0,36224.0,96500.0,94333.0,31684.0,45516.0,43069.0,54219.0,21312.0,15784.0
2026-05-06 16:34:34.386556,911000,1609507537758898,5137671239,0.792512,0.569984,0.687104,10.15875,-4.795,-0.9975,-48.168003,2.712,-63.048004,eccentric,4,5.0,34048.0,36224.0,96500.0,94333.0,31684.0,45516.0,43069.0,54219.0,21312.0,15784.0
2026-05-06 16:34:34.414355,911001,1609507537767828,5137679954,0.792512,0.569984,0.687104,2.93125,-5.66125,-0.44625,-48.168003,2.712,-63.048004,eccentric,4,5.0,34048.0,36224.0,96500.0,94333.0,31684.0,45516.0,43069.0,54219.0,21312.0,15784.0
2026-05-06 16:34:34.479233,911012,1609507537782341,5137694998,0.759328,0.560224,0.620736,-3.0275,-5.635,-1.75875,-48.264004,2.6,-61.216003,eccentric,4,5.0,34361.0,36461.0,96727.0,94924.0,31978.0,45752.0,43189.0,54522.0,21470.0,15882.0
2026-05-06 16:34:34.481642,911013,1609507537791316,5137703715,0.759328,0.560224,0.648064,3.325,-6.20375,-0.23625,-48.264004,2.6,-61.216003,eccentric,4,5.0,34361.0,36461.0,96727.0,94924.0,31978.0,45752.0,43189.0,54522.0,21470.0,15882.0
2026-05-06 16:34:34.484201,911014,1609507537805798,5137716611,0.83936,0.460672,0.648064,10.29,-8.25125,-0.93625,-48.624,1.024,-60.272003,eccentric,4,5.0,34361.0,36461.0,96727.0,94924.0,31978.0,45752.0,43189.0,54522.0,21470.0,15882.0
2026-05-06 16:34:34.486712,911015,1609507537815195,5137727460,0.784704,0.491904,0.691008,9.75625,-9.03,1.9075,-48.328003,2.68,-61.552002,eccentric,4,5.0,34361.0,36461.0,96727.0,94924.0,31978.0,45752.0,43189.0,54522.0,21470.0,15882.0
2026-05-06 16:34:34.489197,911016,1609507537829854,5137742382,0.784704,0.491904,0.691008,6.85125,-9.31875,6.83375,-48.328003,2.68,-61.552002,eccentric,4,5.0,34361.0,36461.0,96727.0,94924.0,31978.0,45752.0,43189.0,54522.0,21470.0,15882.0
2026-05-06 16:34:34.491652,911017,1609507537838778,5137751108,0.716384,0.577792,0.599264,-0.6825,-8.225,8.5575,-48.048004,2.992,-61.792004,eccentric,4,5.0,34361.0,36461.0,96727.0,94924.0,31978.0,45752.0,43189.0,54522.0,21470.0,15882.0
2026-05-06 16:34:34.494218,911018,1609507537847748,5137759824,0.716384,0.577792,0.599264,-5.94125,-6.36125,6.90375,-48.048004,2.992,-61.792004,eccentric,4,5.0,34361.0,36461.0,96727.0,94924.0,31978.0,45752.0,43189.0,54522.0,21470.0,15882.0
2026-05-06 16:34:34.498822,911019,1609507537862367,5137774754,0.772992,0.445056,0.56608,-6.9825,-4.865,3.43875,-47.816,3.0,-62.136,eccentric,4,5.0,34361.0,36461.0,96727.0,94924.0,31978.0,45752.0,43189.0,54522.0,21470.0,15882.0
2026-05-06 16:34:34.499370,911020,1609507537871321,5137783555,0.772992,0.445056,0.56608,-2.79125,-4.5325,2.58125,-47.816,3.0,-62.136,eccentric,4,5.0,34361.0,36461.0,96727.0,94924.0,31978.0,45752.0,43189.0,54522.0,21470.0,15882.0
2026-05-06 16:34:34.531582,911031,1609507537886021,5137798543,0.71248,0.464576,0.587552,2.8175,-5.67,5.13625,-48.248,2.824,-63.584003,eccentric,4,5.0,34258.0,36343.0,96353.0,94573.0,31836.0,45610.0,42968.0,54312.0,21418.0,15797.0
2026-05-06 16:34:34.534099,911032,1609507537895107,5137807306,0.694912,0.519232,0.571936,3.6575,-6.97375,7.98875,-47.416,3.208,-62.384003,eccentric,4,5.0,34258.0,36343.0,96353.0,94573.0,31836.0,45610.0,42968.0,54312.0,21418.0,15797.0
2026-05-06 16:34:34.536601,911033,1609507537904151,5137816080,0.694912,0.519232,0.571936,-2.5725,-7.8575,5.22375,-47.416,3.208,-62.384003,eccentric,4,5.0,34258.0,36343.0,96353.0,94573.0,31836.0,45610.0,42968.0,54312.0,21418.0,15797.0
2026-05-06 16:34:34.539112,911034,1609507537918752,5137831046,0.694912,0.40992,0.552416,-9.17875,-6.79875,2.33625,-47.336002,3.112,-62.576004,eccentric,4,5.0,34258.0,36343.0,96353.0,94573.0,31836.0,45610.0,42968.0,54312.0,21418.0,15797.0
2026-05-06 16:34:34.541732,911035,1609507537927689,5137839759,0.694912,0.40992,0.552416,-13.0375,-7.04375,0.5775,-47.336002,3.112,-62.576004,eccentric,4,5.0,34258.0,36343.0,96353.0,94573.0,31836.0,45610.0,42968.0,54312.0,21418.0,15797.0
2026-05-06 16:34:34.545394,911036,1609507537942250,5137854706,0.689056,0.431392,0.552416,-10.08,-5.7925,2.9925,-47.232002,2.856,-61.4,eccentric,4,5.0,34258.0,36343.0,96353.0,94573.0,31836.0,45610.0,42968.0,54312.0,21418.0,15797.0
2026-05-06 16:34:34.554161,911037,1609507537951171,5137863449,0.689056,0.431392,0.552416,-5.39875,-4.725,3.325,-47.232002,2.856,-61.4,eccentric,4,5.0,34258.0,36343.0,96353.0,94573.0,31836.0,45610.0,42968.0,54312.0,21418.0,15797.0
2026-05-06 16:34:34.588019,911038,1609507537965687,5137878368,0.651968,0.495808,0.51728,-4.22625,-4.4625,2.5725,-47.160004,1.496,-61.976,eccentric,4,5.0,34258.0,36343.0,96353.0,94573.0,31836.0,45610.0,42968.0,54312.0,21418.0,15797.0
2026-05-06 16:34:34.592761,911039,1609507537974626,5137887094,0.6832,0.433344,0.54656,-4.585,-3.9375,0.18375,-47.152,3.344,-63.272003,eccentric,4,5.0,34258.0,36343.0,96353.0,94573.0,31836.0,45610.0,42968.0,54312.0,21418.0,15797.0
2026-05-06 16:34:34.645430,911050,1609507537983576,5137896216,0.6832,0.433344,0.54656,-7.63875,-4.1475,-3.43875,-47.152,3.344,-63.272003,eccentric,4,5.0,34043.0,36204.0,96028.0,93791.0,31680.0,45503.0,42834.0,53917.0,21310.0,15753.0
2026-05-06 16:34:34.647958,911051,1609507537998149,5137909125,0.646112,0.407968,0.528992,-10.675,-3.465,-4.725,-47.128002,3.16,-63.056004,eccentric,4,5.0,34043.0,36204.0,96028.0,93791.0,31680.0,45503.0,42834.0,53917.0,21310.0,15753.0
2026-05-06 16:34:34.650442,911052,1609507538007608,5137919919,0.646112,0.407968,0.528992,-10.6575,-2.79125,-1.925,-47.128002,3.16,-63.056004,eccentric,4,5.0,34043.0,36204.0,96028.0,93791.0,31680.0,45503.0,42834.0,53917.0,21310.0,15753.0
2026-05-06 16:34:34.652785,911053,1609507538022119,5137932891,0.648064,0.450912,0.519232,-10.91125,-1.67125,-0.74375,-46.688004,2.656,-63.392002,eccentric,4,5.0,34043.0,36204.0,96028.0,93791.0,31680.0,45503.0,42834.0,53917.0,21310.0,15753.0
2026-05-06 16:34:34.655144,911054,1609507538031329,5137943666,0.648064,0.450912,0.519232,-11.8125,-0.3325,-0.595,-46.688004,2.656,-63.392002,eccentric,4,5.0,34043.0,36204.0,96028.0,93791.0,31680.0,45503.0,42834.0,53917.0,21310.0,15753.0
2026-05-06 16:34:34.657787,911055,1609507538040259,5137952360,0.630496,0.406016,0.486048,-12.53,0.2625,-2.17875,-46.632004,2.928,-63.440002,eccentric,4,5.0,34043.0,36204.0,96028.0,93791.0,31680.0,45503.0,42834.0,53917.0,21310.0,15753.0
2026-05-06 16:34:34.660282,911056,1609507538054821,5137967350,0.632448,0.359168,0.488,-11.80375,0.07875,-0.49,-46.392002,2.288,-63.032,eccentric,4,5.0,34043.0,36204.0,96028.0,93791.0,31680.0,45503.0,42834.0,53917.0,21310.0,15753.0
2026-05-06 16:34:34.669093,911057,1609507538063782,5137976150,0.632448,0.359168,0.488,-9.8175,-0.67375,1.04125,-46.392002,2.288,-63.032,eccentric,4,5.0,34043.0,36204.0,96028.0,93791.0,31680.0,45503.0,42834.0,53917.0,21310.0,15753.0
2026-05-06 16:34:34.686190,911058,1609507538078366,5137991050,0.610976,0.384544,0.560224,-10.2375,-1.2425,4.62,-46.576004,1.176,-62.416004,eccentric,4,5.0,34043.0,36204.0,96028.0,93791.0,31680.0,45503.0,42834.0,53917.0,21310.0,15753.0
2026-05-06 16:34:34.716575,911069,1609507538087900,5137999864,0.610976,0.384544,0.560224,-13.1775,-1.28625,6.95625,-46.576004,1.176,-62.416004,eccentric,4,5.0,33957.0,36209.0,95840.0,93074.0,31601.0,45519.0,42768.0,53577.0,21276.0,15770.0
2026-05-06 16:34:34.718913,911070,1609507538096926,5138008696,0.577792,0.42944,0.452864,-13.195,0.16625,7.735,-46.024002,0.96,-62.616,eccentric,4,5.0,33957.0,36209.0,95840.0,93074.0,31601.0,45519.0,42768.0,53577.0,21276.0,15770.0
2026-05-06 16:34:34.721462,911071,1609507538111455,5138023660,0.577792,0.42944,0.452864,-13.22125,0.39375,6.37,-46.024002,0.96,-62.616,eccentric,4,5.0,33957.0,36209.0,95840.0,93074.0,31601.0,45519.0,42768.0,53577.0,21276.0,15770.0
2026-05-06 16:34:34.723824,911072,1609507538120407,5138032420,0.587552,0.349408,0.425536,-13.16875,-0.46375,2.31875,-46.288002,1.216,-62.704002,eccentric,4,5.0,33957.0,36209.0,95840.0,93074.0,31601.0,45519.0,42768.0,53577.0,21276.0,15770.0
2026-05-06 16:34:34.755458,911073,1609507538135124,5138047350,0.577792,0.320128,0.486048,-11.97,-1.82875,1.81125,-45.904003,2.872,-64.096,eccentric,4,5.0,33957.0,36209.0,95840.0,93074.0,31601.0,45519.0,42768.0,53577.0,21276.0,15770.0
2026-05-06 16:34:34.780361,911074,1609507538144217,5138056066,0.577792,0.320128,0.486048,-10.815,-3.29,2.205,-45.904003,2.872,-64.096,eccentric,4,5.0,33957.0,36209.0,95840.0,93074.0,31601.0,45519.0,42768.0,53577.0,21276.0,15770.0
2026-05-06 16:34:34.791580,911075,1609507538153295,5138064757,0.577792,0.320128,0.486048,-10.24625,-3.99,3.77125,-45.904003,2.872,-64.096,eccentric,4,5.0,33957.0,36209.0,95840.0,93074.0,31601.0,45519.0,42768.0,53577.0,21276.0,15770.0
2026-05-06 16:34:34.793843,911076,1609507538167791,5138079647,0.568032,0.37088,0.495808,-9.05625,-3.3425,5.55625,-45.992,2.864,-64.392006,eccentric,4,5.0,33957.0,36209.0,95840.0,93074.0,31601.0,45519.0,42768.0,53577.0,21276.0,15770.0
2026-05-06 16:34:34.796597,911077,1609507538176687,5138088411,0.589504,0.353312,0.441152,-11.3225,-1.86375,2.975,-45.68,2.856,-64.448006,eccentric,4,5.0,33957.0,36209.0,95840.0,93074.0,31601.0,45519.0,42768.0,53577.0,21276.0,15770.0
2026-05-06 16:34:34.827920,911088,1609507538191414,5138103683,0.589504,0.353312,0.441152,-11.515,-0.385,-0.11375,-45.68,2.856,-64.448006,eccentric,4,5.0,33920.0,36205.0,95820.0,92771.0,31580.0,45490.0,42731.0,53386.0,21229.0,15733.0
2026-05-06 16:34:34.830441,911089,1609507538200502,5138112567,0.601216,0.325984,0.46848,-8.42625,-0.3325,-3.15875,-45.464,2.624,-64.312004,eccentric,4,5.0,33920.0,36205.0,95820.0,92771.0,31580.0,45490.0,42731.0,53386.0,21229.0,15733.0
2026-05-06 16:34:34.832979,911090,1609507538209445,5138121333,0.601216,0.325984,0.46848,-4.94375,-0.90125,-5.18875,-45.464,2.624,-64.312004,eccentric,4,5.0,33920.0,36205.0,95820.0,92771.0,31580.0,45490.0,42731.0,53386.0,21229.0,15733.0
2026-05-06 16:34:34.835312,911091,1609507538223976,5138136288,0.558272,0.333792,0.486048,-3.00125,-1.2425,-6.545,-45.440002,2.432,-64.776,eccentric,4,5.0,33920.0,36205.0,95820.0,92771.0,31580.0,45490.0,42731.0,53386.0,21229.0,15733.0
2026-05-06 16:34:34.837957,911092,1609507538232941,5138145069,0.558272,0.333792,0.486048,-2.72125,-1.54,-7.1575,-45.440002,2.432,-64.776,eccentric,4,5.0,33920.0,36205.0,95820.0,92771.0,31580.0,45490.0,42731.0,53386.0,21229.0,15733.0
2026-05-06 16:34:34.851765,911093,1609507538247439,5138160034,0.579744,0.343552,0.51728,-4.5325,-0.72625,-8.995,-45.464,0.368,-64.024,eccentric,4,5.0,33920.0,36205.0,95820.0,92771.0,31580.0,45490.0,42731.0,53386.0,21229.0,15733.0
2026-05-06 16:34:34.860155,911094,1609507538256314,5138168749,0.5856,0.343552,0.427488,-5.10125,0.53375,-11.55,-45.144,2.456,-64.920006,eccentric,4,5.0,33920.0,36205.0,95820.0,92771.0,31580.0,45490.0,42731.0,53386.0,21229.0,15733.0
2026-05-06 16:34:34.874687,911095,1609507538270849,5138181733,0.5856,0.343552,0.427488,-5.32,0.7175,-14.1225,-45.144,2.456,-64.920006,eccentric,4,5.0,33920.0,36205.0,95820.0,92771.0,31580.0,45490.0,42731.0,53386.0,21229.0,15733.0
2026-05-06 16:34:34.882808,911096,1609507538280332,5138192545,0.581696,0.325984,0.394304,-1.07625,-0.72625,-15.72375,-45.36,1.824,-65.008,eccentric,4,5.0,33920.0,36205.0,95820.0,92771.0,31580.0,45490.0,42731.0,53386.0,21229.0,15733.0
2026-05-06 16:34:34.916670,911107,1609507538289427,5138201311,0.581696,0.325984,0.394304,5.67,-3.5525,-17.5175,-45.36,1.824,-65.008,eccentric,4,5.0,34029.0,36288.0,95986.0,92868.0,31659.0,45571.0,42791.0,53434.0,21299.0,15791.0
2026-05-06 16:34:34.919100,911108,1609507538304081,5138216224,0.589504,0.304512,0.509472,10.28125,-6.7375,-16.24875,-45.584003,0.24,-63.776005,eccentric,4,5.0,34029.0,36288.0,95986.0,92868.0,31659.0,45571.0,42791.0,53434.0,21299.0,15791.0
2026-05-06 16:34:34.921631,911109,1609507538313084,5138224952,0.589504,0.304512,0.509472,8.435,-7.6125,-14.8225,-45.584003,0.24,-63.776005,eccentric,4,5.0,34029.0,36288.0,95986.0,92868.0,31659.0,45571.0,42791.0,53434.0,21299.0,15791.0
2026-05-06 16:34:34.931758,911110,1609507538327592,5138239990,0.573888,0.392352,0.433344,4.54125,-7.63,-11.445,-45.432003,-0.288,-63.640003,eccentric,4,5.0,34029.0,36288.0,95986.0,92868.0,31659.0,45571.0,42791.0,53434.0,21299.0,15791.0
2026-05-06 16:34:34.940466,911111,1609507538336516,5138248774,0.564128,0.337696,0.435296,-1.42625,-6.4575,-13.440001,-45.376003,-0.584,-62.464005,eccentric,4,5.0,34029.0,36288.0,95986.0,92868.0,31659.0,45571.0,42791.0,53434.0,21299.0,15791.0
2026-05-06 16:34:34.949165,911112,1609507538345701,5138257655,0.564128,0.337696,0.435296,-6.3875,-4.7075,-14.7175,-45.376003,-0.584,-62.464005,eccentric,4,5.0,34029.0,36288.0,95986.0,92868.0,31659.0,45571.0,42791.0,53434.0,21299.0,15791.0
2026-05-06 16:34:34.982817,911113,1609507538360208,5138272559,0.593408,0.269376,0.4392,-4.69,-4.305,-13.72875,-45.760002,-0.152,-63.752003,eccentric,4,5.0,34029.0,36288.0,95986.0,92868.0,31659.0,45571.0,42791.0,53434.0,21299.0,15791.0
2026-05-06 16:34:34.985208,911114,1609507538369186,5138281323,0.593408,0.269376,0.4392,0.02625,-4.2875,-10.56125,-45.760002,-0.152,-63.752003,eccentric,4,5.0,34029.0,36288.0,95986.0,92868.0,31659.0,45571.0,42791.0,53434.0,21299.0,15791.0
2026-05-06 16:34:34.987869,911115,1609507538383780,5138296233,0.571936,0.345504,0.445056,6.055,-3.71,-4.08625,-45.2,1.608,-66.032005,eccentric,4,5.0,34029.0,36288.0,95986.0,92868.0,31659.0,45571.0,42791.0,53434.0,21299.0,15791.0
2026-05-06 16:34:35.015414,911126,1609507538392850,5138305089,0.571936,0.345504,0.445056,7.48125,-3.1325,-0.21875,-45.2,1.608,-66.032005,eccentric,4,5.0,34171.0,36278.0,95657.0,93118.0,31760.0,45495.0,42586.0,53543.0,21376.0,15786.0
2026-05-06 16:34:35.017908,911127,1609507538401916,5138313856,0.554368,0.376736,0.425536,6.3,-2.80875,1.0325,-45.000004,1.144,-65.22401,eccentric,4,5.0,34171.0,36278.0,95657.0,93118.0,31760.0,45495.0,42586.0,53543.0,21376.0,15786.0
2026-05-06 16:34:35.020398,911128,1609507538416530,5138328834,0.554368,0.3416,0.368928,4.375,-2.5725,1.365,-45.000004,1.144,-63.928,eccentric,4,5.0,34171.0,36278.0,95657.0,93118.0,31760.0,45495.0,42586.0,53543.0,21376.0,15786.0
2026-05-06 16:34:35.029144,911129,1609507538425581,5138337545,0.554368,0.3416,0.368928,0.665,-3.45625,0.02625,-45.008003,1.6,-63.928,eccentric,4,5.0,34171.0,36278.0,95657.0,93118.0,31760.0,45495.0,42586.0,53543.0,21376.0,15786.0
2026-05-06 16:34:35.045471,911130,1609507538440105,5138352496,0.573888,0.306464,0.454816,2.975,-4.48875,0.88375,-44.984,1.112,-65.256004,eccentric,4,5.0,34171.0,36278.0,95657.0,93118.0,31760.0,45495.0,42586.0,53543.0,21376.0,15786.0
2026-05-06 16:34:35.054181,911131,1609507538449010,5138361272,0.573888,0.306464,0.454816,6.545,-5.46875,3.99,-44.984,1.112,-65.256004,eccentric,4,5.0,34171.0,36278.0,95657.0,93118.0,31760.0,45495.0,42586.0,53543.0,21376.0,15786.0
2026-05-06 16:34:35.070792,911132,1609507538463519,5138376253,0.581696,0.316224,0.47824,5.1275,-5.20625,6.93,-44.72,1.736,-65.504005,eccentric,4,5.0,34171.0,36278.0,95657.0,93118.0,31760.0,45495.0,42586.0,53543.0,21376.0,15786.0
2026-05-06 16:34:35.076332,911133,1609507538472445,5138384977,0.581696,0.316224,0.47824,2.33625,-3.85,10.2375,-44.72,1.736,-65.504005,eccentric,4,5.0,34171.0,36278.0,95657.0,93118.0,31760.0,45495.0,42586.0,53543.0,21376.0,15786.0
2026-05-06 16:34:35.085187,911134,1609507538481484,5138393714,0.530944,0.415776,0.456768,3.43875,-2.625,13.06375,-44.552002,1.216,-65.54401,eccentric,4,5.0,34171.0,36278.0,95657.0,93118.0,31760.0,45495.0,42586.0,53543.0,21376.0,15786.0
2026-05-06 16:34:35.173976,911145,1609507538496230,5138408885,0.530944,0.415776,0.456768,3.64,-1.645,12.04,-44.552002,1.216,-65.54401,eccentric,4,5.0,34105.0,36114.0,95448.0,92847.0,31681.0,45337.0,42472.0,53370.0,21360.0,15699.0
2026-05-06 16:34:35.176556,911146,1609507538505426,5138417589,0.564128,0.392352,0.40016,2.8525,-1.3125,9.205,-44.384003,2.152,-65.024,eccentric,4,5.0,34105.0,36114.0,95448.0,92847.0,31681.0,45337.0,42472.0,53370.0,21360.0,15699.0
2026-05-06 16:34:35.179016,911147,1609507538519963,5138432521,0.589504,0.304512,0.482144,0.595,-1.18125,5.03125,-44.4,2.568,-65.48801,eccentric,4,5.0,34105.0,36114.0,95448.0,92847.0,31681.0,45337.0,42472.0,53370.0,21360.0,15699.0
2026-05-06 16:34:35.181552,911148,1609507538528890,5138441202,0.589504,0.304512,0.482144,-0.175,-0.245,5.67,-44.4,2.568,-65.48801,eccentric,4,5.0,34105.0,36114.0,95448.0,92847.0,31681.0,45337.0,42472.0,53370.0,21360.0,15699.0
2026-05-06 16:34:35.183958,911149,1609507538537802,5138450123,0.581696,0.394304,0.460672,2.5025,0.6475,8.93375,-44.416,2.536,-64.776,eccentric,4,5.0,34105.0,36114.0,95448.0,92847.0,31681.0,45337.0,42472.0,53370.0,21360.0,15699.0
2026-05-06 16:34:35.186316,911150,1609507538552301,5138465041,0.581696,0.394304,0.460672,0.79625,1.82875,10.57875,-44.416,2.536,-64.776,eccentric,4,5.0,34105.0,36114.0,95448.0,92847.0,31681.0,45337.0,42472.0,53370.0,21360.0,15699.0
2026-05-06 16:34:35.189069,911151,1609507538561358,5138473813,0.577792,0.4392,0.407968,-1.8725,3.745,8.6975,-44.432003,1.944,-65.312004,eccentric,4,5.0,34105.0,36114.0,95448.0,92847.0,31681.0,45337.0,42472.0,53370.0,21360.0,15699.0
2026-05-06 16:34:35.191625,911152,1609507538576051,5138488817,0.577792,0.4392,0.407968,-1.785,4.6725,6.90375,-44.432003,1.944,-65.312004,eccentric,4,5.0,34105.0,36114.0,95448.0,92847.0,31681.0,45337.0,42472.0,53370.0,21360.0,15699.0
2026-05-06 16:34:35.193946,911153,1609507538585057,5138497519,0.59536,0.368928,0.45872,-3.6575,4.01625,2.275,-44.672,2.144,-65.032005,eccentric,4,5.0,34105.0,36114.0,95448.0,92847.0,31681.0,45337.0,42472.0,53370.0,21360.0,15699.0
2026-05-06 16:34:35.221738,911164,1609507538599697,5138510490,0.59536,0.38064,0.470432,-6.29125,2.70375,1.63625,-44.392002,1.472,-63.984,eccentric,4,5.0,33954.0,36041.0,95332.0,92825.0,31567.0,45256.0,42435.0,53335.0,21280.0,15657.0
2026-05-06 16:34:35.224198,911165,1609507538608929,5138521269,0.59536,0.38064,0.470432,-5.87125,1.9075,2.765,-44.392002,1.472,-63.984,eccentric,4,5.0,33954.0,36041.0,95332.0,92825.0,31567.0,45256.0,42435.0,53335.0,21280.0,15657.0
2026-05-06 16:34:35.226704,911166,1609507538617956,5138530215,0.59536,0.398208,0.482144,-5.20625,0.945,3.7275,-44.392002,1.472,-63.984,eccentric,4,5.0,33954.0,36041.0,95332.0,92825.0,31567.0,45256.0,42435.0,53335.0,21280.0,15657.0
2026-05-06 16:34:35.242942,911167,1609507538632534,5138545143,0.61488,0.398208,0.482144,-8.9425,1.4875,3.43,-44.304,0.712,-63.944004,eccentric,4,5.0,33954.0,36041.0,95332.0,92825.0,31567.0,45256.0,42435.0,53335.0,21280.0,15657.0
2026-05-06 16:34:35.245461,911168,1609507538641561,5138553924,0.642208,0.366976,0.505568,-12.39,2.24,2.24875,-44.232002,2.824,-65.152,eccentric,4,5.0,33954.0,36041.0,95332.0,92825.0,31567.0,45256.0,42435.0,53335.0,21280.0,15657.0
2026-05-06 16:34:35.259748,911169,1609507538656068,5138566820,0.642208,0.366976,0.505568,-12.81,2.5025,1.49625,-44.232002,2.824,-65.152,eccentric,4,5.0,33954.0,36041.0,95332.0,92825.0,31567.0,45256.0,42435.0,53335.0,21280.0,15657.0
2026-05-06 16:34:35.286307,911170,1609507538665252,5138577622,0.62464,0.374784,0.51728,-10.29875,2.05625,2.5375,-44.120003,2.28,-65.192,eccentric,4,5.0,33954.0,36041.0,95332.0,92825.0,31567.0,45256.0,42435.0,53335.0,21280.0,15657.0
2026-05-06 16:34:35.288796,911171,1609507538674304,5138586330,0.62464,0.374784,0.51728,-7.00875,2.00375,4.165,-44.120003,2.28,-65.192,eccentric,4,5.0,33954.0,36041.0,95332.0,92825.0,31567.0,45256.0,42435.0,53335.0,21280.0,15657.0
2026-05-06 16:34:35.316754,911182,1609507538688782,5138601264,0.657824,0.374784,0.521184,-9.10875,1.9425,3.21125,-44.176003,2.504,-65.256004,eccentric,4,5.0,33875.0,36095.0,95257.0,92978.0,31520.0,45373.0,42411.0,53458.0,21261.0,15698.0
2026-05-06 16:34:35.319089,911183,1609507538698214,5138610131,0.657824,0.374784,0.491904,-12.985,2.9925,3.14125,-44.176003,2.504,-65.256004,eccentric,4,5.0,33875.0,36095.0,95257.0,92978.0,31520.0,45373.0,42411.0,53458.0,21261.0,15698.0
2026-05-06 16:34:35.321707,911184,1609507538712718,5138625061,0.650016,0.365024,0.491904,-14.77,4.64625,2.75625,-44.672,-0.984,-62.104004,eccentric,4,5.0,33875.0,36095.0,95257.0,92978.0,31520.0,45373.0,42411.0,53458.0,21261.0,15698.0
2026-05-06 16:34:35.324158,911185,1609507538721763,5138633800,0.646112,0.38064,0.51728,-13.79875,5.20625,2.3625,-44.328003,-1.032,-63.040005,eccentric,4,5.0,33875.0,36095.0,95257.0,92978.0,31520.0,45373.0,42411.0,53458.0,21261.0,15698.0
2026-05-06 16:34:35.337965,911186,1609507538730756,5138642548,0.646112,0.38064,0.51728,-12.495,5.25,1.18125,-44.328003,-1.032,-63.040005,eccentric,4,5.0,33875.0,36095.0,95257.0,92978.0,31520.0,45373.0,42411.0,53458.0,21261.0,15698.0
2026-05-06 16:34:35.349037,911187,1609507538745340,5138657497,0.646112,0.392352,0.548512,-12.94125,5.39875,-0.42875,-43.824,2.864,-65.312004,eccentric,4,5.0,33875.0,36095.0,95257.0,92978.0,31520.0,45373.0,42411.0,53458.0,21261.0,15698.0
2026-05-06 16:34:35.357820,911188,1609507538754385,5138666244,0.646112,0.392352,0.548512,-13.877501,5.845,-1.46125,-43.824,2.864,-65.312004,eccentric,4,5.0,33875.0,36095.0,95257.0,92978.0,31520.0,45373.0,42411.0,53458.0,21261.0,15698.0
2026-05-06 16:34:35.371552,911189,1609507538768870,5138681216,0.665632,0.366976,0.491904,-12.775,6.30875,-2.6425,-44.184002,2.152,-64.104004,eccentric,4,5.0,33875.0,36095.0,95257.0,92978.0,31520.0,45373.0,42411.0,53458.0,21261.0,15698.0
2026-05-06 16:34:35.385380,911190,1609507538777788,5138689925,0.665632,0.366976,0.491904,-10.5175,6.43125,-4.75125,-44.184002,2.152,-64.104004,eccentric,4,5.0,33875.0,36095.0,95257.0,92978.0,31520.0,45373.0,42411.0,53458.0,21261.0,15698.0
2026-05-06 16:34:35.391699,911191,1609507538786812,5138698681,0.661728,0.366976,0.560224,-9.38875,6.48375,-5.5475,-44.72,0.6,-63.744003,eccentric,4,5.0,33875.0,36095.0,95257.0,92978.0,31520.0,45373.0,42411.0,53458.0,21261.0,15698.0
2026-05-06 16:38:25.078187,954410,1609507768463892,5368374719,0.714432,0.201056,0.513376,0.595,3.14125,-7.88375,-43.048,1.328,-67.728004,concentric,4,5.0,30195.0,34659.0,92144.0,81749.0,26854.0,42771.0,40626.0,46119.0,18263.0,14729.0
2026-05-06 16:38:25.110827,954421,1609507768473428,5368385991,0.700768,0.249856,0.499712,4.2525,2.4675,-8.54875,-42.968002,3.184,-69.096,concentric,4,5.0,30117.0,34567.0,92057.0,81717.0,26773.0,42679.0,40582.0,46118.0,18219.0,14707.0
2026-05-06 16:38:25.113262,954422,1609507768482656,5368394801,0.700768,0.249856,0.499712,10.675,1.1375,-7.76125,-42.968002,3.184,-69.096,concentric,4,5.0,30117.0,34567.0,92057.0,81717.0,26773.0,42679.0,40582.0,46118.0,18219.0,14707.0
2026-05-06 16:38:25.115880,954423,1609507768497198,5368409814,0.743712,0.191296,0.581696,14.385,-0.0525,-9.45875,-43.2,1.368,-66.736,concentric,4,5.0,30117.0,34567.0,92057.0,81717.0,26773.0,42679.0,40582.0,46118.0,18219.0,14707.0
2026-05-06 16:38:25.117949,954424,1609507768506142,5368418565,0.718336,0.167872,0.616832,14.665,0.35875,-9.765,-43.312,0.176,-64.200005,concentric,4,5.0,30117.0,34567.0,92057.0,81717.0,26773.0,42679.0,40582.0,46118.0,18219.0,14707.0
2026-05-06 16:38:25.132082,954425,1609507768520632,5368431433,0.718336,0.167872,0.616832,14.63,1.75,-5.67,-43.312,0.176,-64.200005,concentric,4,5.0,30117.0,34567.0,92057.0,81717.0,26773.0,42679.0,40582.0,46118.0,18219.0,14707.0
2026-05-06 16:38:25.145290,954426,1609507768529982,5368442222,0.71248,0.208864,0.538752,12.04,3.71,-1.51375,-43.112003,2.896,-68.416,concentric,4,5.0,30117.0,34567.0,92057.0,81717.0,26773.0,42679.0,40582.0,46118.0,18219.0,14707.0
2026-05-06 16:38:25.176975,954427,1609507768544507,5368457124,0.71248,0.208864,0.538752,6.7725,6.53625,1.33,-43.112003,2.896,-68.416,concentric,4,5.0,30117.0,34567.0,92057.0,81717.0,26773.0,42679.0,40582.0,46118.0,18219.0,14707.0
2026-05-06 16:38:25.201690,954428,1609507768553415,5368465822,0.733952,0.197152,0.489952,4.15625,9.03,2.8875,-42.984,3.48,-69.984,concentric,4,5.0,30117.0,34567.0,92057.0,81717.0,26773.0,42679.0,40582.0,46118.0,18219.0,14707.0
2026-05-06 16:38:25.210349,954429,1609507768562374,5368474557,0.733952,0.197152,0.489952,4.2,9.9225,4.095,-42.984,3.48,-69.984,concentric,4,5.0,30117.0,34567.0,92057.0,81717.0,26773.0,42679.0,40582.0,46118.0,18219.0,14707.0
2026-05-06 16:38:25.238703,954440,1609507768576963,5368489553,0.718336,0.257664,0.462624,9.02125,9.1175,5.845,-42.984,3.464,-67.872,concentric,4,5.0,30002.0,34448.0,91824.0,81465.0,26680.0,42549.0,40451.0,45965.0,18170.0,14640.0
2026-05-06 16:38:25.240788,954441,1609507768585901,5368498253,0.718336,0.335744,0.476288,15.12875,6.93,5.03125,-42.984,3.464,-67.872,concentric,4,5.0,30002.0,34448.0,91824.0,81465.0,26680.0,42549.0,40451.0,45965.0,18170.0,14640.0
2026-05-06 16:38:25.243030,954442,1609507768600482,5368511252,0.696864,0.33184,0.476288,16.1525,4.97875,2.59875,-43.176003,3.872,-68.16801,concentric,4,5.0,30002.0,34448.0,91824.0,81465.0,26680.0,42549.0,40451.0,45965.0,18170.0,14640.0
2026-05-06 16:38:25.245436,954443,1609507768609667,5368522056,0.714432,0.294752,0.499712,11.6375,3.26375,-2.14375,-43.4,2.0,-67.856,concentric,4,5.0,30002.0,34448.0,91824.0,81465.0,26680.0,42549.0,40451.0,45965.0,18170.0,14640.0
2026-05-06 16:38:25.247911,954444,1609507768618915,5368530860,0.714432,0.294752,0.499712,3.70125,2.14375,-7.6825,-43.4,2.0,-67.856,concentric,4,5.0,30002.0,34448.0,91824.0,81465.0,26680.0,42549.0,40451.0,45965.0,18170.0,14640.0
2026-05-06 16:38:25.250329,954445,1609507768633525,5368545863,0.706624,0.27328,0.460672,-1.88125,0.7875,-11.45375,-43.312,1.696,-66.056,concentric,4,5.0,30002.0,34448.0,91824.0,81465.0,26680.0,42549.0,40451.0,45965.0,18170.0,14640.0
2026-05-06 16:38:25.257079,954446,1609507768642483,5368554583,0.706624,0.27328,0.460672,-3.9375,-1.155,-12.705,-43.312,1.696,-66.056,concentric,4,5.0,30002.0,34448.0,91824.0,81465.0,26680.0,42549.0,40451.0,45965.0,18170.0,14640.0
2026-05-06 16:38:25.272103,954447,1609507768657033,5368569515,0.679296,0.294752,0.480192,-4.4975,-2.75625,-13.16875,-43.552002,2.96,-67.48,concentric,4,5.0,30002.0,34448.0,91824.0,81465.0,26680.0,42549.0,40451.0,45965.0,18170.0,14640.0
2026-05-06 16:38:25.312221,954458,1609507768665964,5368578777,0.679296,0.294752,0.480192,-6.16,-4.5675,-13.8425,-43.552002,2.96,-67.48,concentric,4,5.0,30096.0,34472.0,91778.0,81299.0,26760.0,42595.0,40449.0,45825.0,18216.0,14665.0
2026-05-06 16:38:25.316445,954459,1609507768674966,5368587513,0.724192,0.290848,0.484096,-10.54375,-5.0225,-14.39375,-43.632004,0.208,-64.72,concentric,4,5.0,30096.0,34472.0,91778.0,81299.0,26760.0,42595.0,40449.0,45825.0,18216.0,14665.0
2026-05-06 16:38:25.316903,954460,1609507768689522,5368600433,0.739808,0.294752,0.50752,-15.75,-5.74,-15.67125,-43.976,-0.528,-65.952,concentric,4,5.0,30096.0,34472.0,91778.0,81299.0,26760.0,42595.0,40449.0,45825.0,18216.0,14665.0
2026-05-06 16:38:25.319130,954461,1609507768698910,5368611256,0.739808,0.294752,0.50752,-17.12375,-6.41375,-16.70375,-43.976,-0.528,-65.952,concentric,4,5.0,30096.0,34472.0,91778.0,81299.0,26760.0,42595.0,40449.0,45825.0,18216.0,14665.0
2026-05-06 16:38:25.329624,954462,1609507768713575,5368626297,0.704672,0.353312,0.515328,-15.28625,-7.93625,-17.955,-43.824,0.432,-67.04,concentric,4,5.0,30096.0,34472.0,91778.0,81299.0,26760.0,42595.0,40449.0,45825.0,18216.0,14665.0
2026-05-06 16:38:25.337009,954463,1609507768722517,5368635067,0.704672,0.353312,0.515328,-13.9475,-9.59875,-21.72625,-43.824,0.432,-67.04,concentric,4,5.0,30096.0,34472.0,91778.0,81299.0,26760.0,42595.0,40449.0,45825.0,18216.0,14665.0
2026-05-06 16:38:25.350361,954464,1609507768737008,5368647922,0.739808,0.257664,0.552416,-16.54625,-10.36,-26.635,-43.816,1.688,-68.256004,concentric,4,5.0,30096.0,34472.0,91778.0,81299.0,26760.0,42595.0,40449.0,45825.0,18216.0,14665.0
2026-05-06 16:38:25.364550,954465,1609507768746349,5368658687,0.739808,0.257664,0.552416,-20.20375,-9.28375,-29.4875,-43.816,1.688,-68.256004,concentric,4,5.0,30096.0,34472.0,91778.0,81299.0,26760.0,42595.0,40449.0,45825.0,18216.0,14665.0
2026-05-06 16:38:25.366612,954466,1609507768755269,5368667401,0.730048,0.191296,0.57584,-20.36125,-7.9275,-27.86875,-43.800003,1.904,-67.32,concentric,4,5.0,30096.0,34472.0,91778.0,81299.0,26760.0,42595.0,40449.0,45825.0,18216.0,14665.0
2026-05-06 16:38:25.410027,954477,1609507768769828,5368682483,0.708576,0.206912,0.519232,-21.53375,-6.32625,-25.27,-43.920002,0.088,-67.832,concentric,4,5.0,30068.0,34500.0,92083.0,81333.0,26711.0,42581.0,40603.0,45882.0,18164.0,14652.0
2026-05-06 16:38:25.410381,954478,1609507768778909,5368691301,0.708576,0.206912,0.519232,-21.60375,-4.75125,-22.79375,-43.920002,0.088,-67.832,concentric,4,5.0,30068.0,34500.0,92083.0,81333.0,26711.0,42581.0,40603.0,45882.0,18164.0,14652.0
2026-05-06 16:38:25.412860,954479,1609507768793706,5368706254,0.67344,0.193248,0.54656,-20.65875,-3.9025,-20.79875,-44.304,-0.68,-67.872,concentric,4,5.0,30068.0,34500.0,92083.0,81333.0,26711.0,42581.0,40603.0,45882.0,18164.0,14652.0
2026-05-06 16:38:25.419101,954480,1609507768802852,5368715087,0.67344,0.193248,0.54656,-20.76375,-2.89625,-18.43625,-44.304,-0.68,-67.872,concentric,4,5.0,30068.0,34500.0,92083.0,81333.0,26711.0,42581.0,40603.0,45882.0,18164.0,14652.0
2026-05-06 16:38:25.424491,954481,1609507768811905,5368723803,0.640256,0.187392,0.534848,-20.48375,-2.6075,-15.015,-44.08,-0.76,-67.68,concentric,4,5.0,30068.0,34500.0,92083.0,81333.0,26711.0,42581.0,40603.0,45882.0,18164.0,14652.0
2026-05-06 16:38:25.457931,954482,1609507768826410,5368738719,0.640256,0.187392,0.534848,-19.7925,-2.9225,-12.15375,-44.08,-0.76,-67.68,concentric,4,5.0,30068.0,34500.0,92083.0,81333.0,26711.0,42581.0,40603.0,45882.0,18164.0,14652.0
2026-05-06 16:38:25.460941,954483,1609507768835324,5368747415,0.661728,0.150304,0.47824,-19.78375,-3.9375,-8.91625,-44.184002,0.864,-66.32,concentric,4,5.0,30068.0,34500.0,92083.0,81333.0,26711.0,42581.0,40603.0,45882.0,18164.0,14652.0
2026-05-06 16:38:25.463067,954484,1609507768849815,5368762308,0.638304,0.191296,0.491904,-17.6575,-7.13125,-6.7375,-44.304,0.784,-70.08,concentric,4,5.0,30068.0,34500.0,92083.0,81333.0,26711.0,42581.0,40603.0,45882.0,18164.0,14652.0
2026-05-06 16:38:25.471855,954485,1609507768858820,5368771169,0.638304,0.191296,0.491904,-13.93,-10.29875,-4.6725,-44.304,0.784,-70.08,concentric,4,5.0,30068.0,34500.0,92083.0,81333.0,26711.0,42581.0,40603.0,45882.0,18164.0,14652.0
2026-05-06 16:38:25.512851,954496,1609507768867761,5368779905,0.638304,0.191296,0.538752,-9.02125,-12.18875,-3.85,-44.304,0.784,-70.08,concentric,4,5.0,30064.0,34529.0,92221.0,81176.0,26707.0,42620.0,40655.0,45786.0,18170.0,14673.0
2026-05-06 16:38:25.515897,954497,1609507768882379,5368794892,0.618784,0.191296,0.544608,-3.87625,-13.58,-3.12375,-44.264004,0.856,-69.01601,concentric,4,5.0,30064.0,34529.0,92221.0,81176.0,26707.0,42620.0,40655.0,45786.0,18170.0,14673.0
2026-05-06 16:38:25.518202,954498,1609507768891498,5368803688,0.65392,0.18544,0.560224,-2.8525,-14.14,-3.815,-44.336002,-2.144,-67.848,concentric,4,5.0,30064.0,34529.0,92221.0,81176.0,26707.0,42620.0,40655.0,45786.0,18170.0,14673.0
2026-05-06 16:38:25.542893,954499,1609507768906004,5368818615,0.65392,0.18544,0.560224,-5.6525,-13.615,-3.87625,-44.336002,-2.144,-67.848,concentric,4,5.0,30064.0,34529.0,92221.0,81176.0,26707.0,42620.0,40655.0,45786.0,18170.0,14673.0
2026-05-06 16:38:25.568379,954500,1609507768914939,5368827344,0.65392,0.216672,0.558272,-2.6075,-12.88,-1.63625,-44.096,1.088,-69.688,concentric,4,5.0,30064.0,34529.0,92221.0,81176.0,26707.0,42620.0,40655.0,45786.0,18170.0,14673.0
2026-05-06 16:38:25.583089,954501,1609507768929430,5368840251,0.677344,0.163968,0.609024,1.3475,-12.8275,-2.5375,-43.968002,1.112,-69.864006,concentric,4,5.0,30064.0,34529.0,92221.0,81176.0,26707.0,42620.0,40655.0,45786.0,18170.0,14673.0
2026-05-06 16:38:25.585908,954502,1609507768938709,5368851022,0.677344,0.163968,0.609024,-0.35,-11.54125,-5.03125,-43.968002,1.112,-69.864006,concentric,4,5.0,30064.0,34529.0,92221.0,81176.0,26707.0,42620.0,40655.0,45786.0,18170.0,14673.0
2026-05-06 16:38:25.588384,954503,1609507768947682,5368859703,0.677344,0.163968,0.609024,-1.33,-10.26375,-6.69375,-43.968002,1.112,-69.864006,concentric,4,5.0,30064.0,34529.0,92221.0,81176.0,26707.0,42620.0,40655.0,45786.0,18170.0,14673.0
2026-05-06 16:38:25.590982,954504,1609507768962222,5368874633,0.671488,0.249856,0.599264,1.35625,-7.91,-6.055,-44.224003,1.408,-69.928,concentric,4,5.0,30064.0,34529.0,92221.0,81176.0,26707.0,42620.0,40655.0,45786.0,18170.0,14673.0
2026-05-06 16:38:25.620443,954515,1609507768971904,5368883535,0.679296,0.245952,0.599264,1.79375,-4.62,-8.05875,-44.192,1.312,-70.200005,concentric,4,5.0,29995.0,34515.0,92188.0,81217.0,26648.0,42622.0,40632.0,45798.0,18111.0,14666.0
2026-05-06 16:38:25.622978,954516,1609507768980923,5368892277,0.679296,0.245952,0.599264,0.91,0.0,-10.045,-44.192,1.312,-70.200005,concentric,4,5.0,29995.0,34515.0,92188.0,81217.0,26648.0,42622.0,40632.0,45798.0,18111.0,14666.0
2026-05-06 16:38:25.625873,954517,1609507768995482,5368907242,0.708576,0.183488,0.583648,0.1925,4.15625,-12.285,-44.208004,0.784,-69.672005,concentric,4,5.0,29995.0,34515.0,92188.0,81217.0,26648.0,42622.0,40632.0,45798.0,18111.0,14666.0
2026-05-06 16:38:25.628303,954518,1609507769004465,5368915987,0.708576,0.183488,0.583648,0.11375,8.56625,-14.9275,-44.208004,0.784,-69.672005,concentric,4,5.0,29995.0,34515.0,92188.0,81217.0,26648.0,42622.0,40632.0,45798.0,18111.0,14666.0
2026-05-06 16:38:25.631824,954519,1609507769018992,5368930937,0.675392,0.228384,0.609024,1.95125,11.80375,-14.72625,-44.456,0.728,-69.576004,concentric,4,5.0,29995.0,34515.0,92188.0,81217.0,26648.0,42622.0,40632.0,45798.0,18111.0,14666.0
2026-05-06 16:38:25.645799,954520,1609507769028018,5368939644,0.675392,0.228384,0.609024,3.535,13.95625,-14.21875,-44.456,0.728,-69.576004,concentric,4,5.0,29995.0,34515.0,92188.0,81217.0,26648.0,42622.0,40632.0,45798.0,18111.0,14666.0
2026-05-06 16:38:25.654647,954521,1609507769042614,5368954585,0.685152,0.189344,0.59536,0.72625,16.24,-15.015,-44.592003,-0.68,-71.984,concentric,4,5.0,29995.0,34515.0,92188.0,81217.0,26648.0,42622.0,40632.0,45798.0,18111.0,14666.0
2026-05-06 16:38:25.685488,954522,1609507769051709,5368963308,0.648064,0.222528,0.573888,1.8025,17.71875,-13.335,-45.120003,-1.536,-69.208,concentric,4,5.0,29995.0,34515.0,92188.0,81217.0,26648.0,42622.0,40632.0,45798.0,18111.0,14666.0
2026-05-06 16:38:25.688762,954523,1609507769060726,5368972004,0.648064,0.222528,0.573888,5.88,17.745,-9.4675,-45.120003,-1.536,-69.208,concentric,4,5.0,29995.0,34515.0,92188.0,81217.0,26648.0,42622.0,40632.0,45798.0,18111.0,14666.0
2026-05-06 16:38:25.716094,954534,1609507769075380,5368987451,0.620736,0.222528,0.499712,11.0775,16.7825,-5.20625,-44.496002,0.704,-68.744,concentric,4,5.0,29871.0,34453.0,92025.0,81017.0,26547.0,42539.0,40565.0,45655.0,18035.0,14620.0
2026-05-06 16:38:25.717792,954535,1609507769084423,5368996263,0.620736,0.222528,0.499712,12.39,14.525,-3.59625,-44.496002,0.704,-68.744,concentric,4,5.0,29871.0,34453.0,92025.0,81017.0,26547.0,42539.0,40565.0,45655.0,18035.0,14620.0
2026-05-06 16:38:25.722979,954536,1609507769098940,5369011251,0.579744,0.242048,0.450912,10.2025,11.4975,-2.45875,-44.664,0.28,-67.600006,concentric,4,5.0,29871.0,34453.0,92025.0,81017.0,26547.0,42539.0,40565.0,45655.0,18035.0,14620.0
2026-05-06 16:38:25.725868,954537,1609507769107923,5369020033,0.579744,0.242048,0.450912,7.6475,8.12875,0.385,-44.664,0.28,-67.600006,concentric,4,5.0,29871.0,34453.0,92025.0,81017.0,26547.0,42539.0,40565.0,45655.0,18035.0,14620.0
2026-05-06 16:38:25.728310,954538,1609507769116854,5369028696,0.609024,0.281088,0.511424,4.12125,5.3375,2.8525,-44.808002,-0.888,-67.200005,concentric,4,5.0,29871.0,34453.0,92025.0,81017.0,26547.0,42539.0,40565.0,45655.0,18035.0,14620.0
2026-05-06 16:38:25.762441,954539,1609507769131335,5369043618,0.599264,0.193248,0.521184,-1.5225,4.38375,2.0475,-44.776,1.088,-69.16,concentric,4,5.0,29871.0,34453.0,92025.0,81017.0,26547.0,42539.0,40565.0,45655.0,18035.0,14620.0
2026-05-06 16:38:25.764927,954540,1609507769140235,5369052380,0.599264,0.193248,0.521184,0.72625,3.5875,6.475,-44.776,1.088,-69.16,concentric,4,5.0,29871.0,34453.0,92025.0,81017.0,26547.0,42539.0,40565.0,45655.0,18035.0,14620.0
2026-05-06 16:38:25.767886,954541,1609507769154832,5369067283,0.60512,0.15616,0.525088,5.775,2.02125,8.0325,-44.68,1.64,-68.672005,concentric,4,5.0,29871.0,34453.0,92025.0,81017.0,26547.0,42539.0,40565.0,45655.0,18035.0,14620.0
2026-05-06 16:38:25.777000,954542,1609507769163784,5369076039,0.60512,0.15616,0.525088,10.77125,-0.76125,12.0225,-44.68,1.64,-68.672005,concentric,4,5.0,29871.0,34453.0,92025.0,81017.0,26547.0,42539.0,40565.0,45655.0,18035.0,14620.0
2026-05-06 16:38:25.807856,954553,1609507769178338,5369091037,0.597312,0.284992,0.511424,15.04125,-2.3625,14.81375,-44.856003,1.728,-68.208,concentric,4,5.0,29843.0,34362.0,91550.0,80867.0,26504.0,42464.0,40362.0,45585.0,18022.0,14590.0
2026-05-06 16:38:25.811517,954554,1609507769187345,5369099790,0.597312,0.284992,0.511424,17.91125,-3.29,17.98125,-44.856003,1.728,-68.208,concentric,4,5.0,29843.0,34362.0,91550.0,80867.0,26504.0,42464.0,40362.0,45585.0,18022.0,14590.0
2026-05-06 16:38:25.812950,954555,1609507769196329,5369108484,0.558272,0.271328,0.530944,12.31125,-1.6275,16.31,-44.344,-1.56,-65.768005,concentric,4,5.0,29843.0,34362.0,91550.0,80867.0,26504.0,42464.0,40362.0,45585.0,18022.0,14590.0
2026-05-06 16:38:25.823201,954556,1609507769210987,5369123409,0.579744,0.187392,0.486048,8.12875,-0.35,15.627501,-44.344,2.4,-68.392006,concentric,4,5.0,29843.0,34362.0,91550.0,80867.0,26504.0,42464.0,40362.0,45585.0,18022.0,14590.0
2026-05-06 16:38:25.833976,954557,1609507769219939,5369132127,0.579744,0.187392,0.486048,4.31375,0.5425,12.425,-44.152,2.4,-68.392006,concentric,4,5.0,29843.0,34362.0,91550.0,80867.0,26504.0,42464.0,40362.0,45585.0,18022.0,14590.0
2026-05-06 16:38:25.848159,954558,1609507769234454,5369147082,0.610976,0.232288,0.493856,3.955,0.81375,12.6875,-44.36,2.744,-68.136,concentric,4,5.0,29843.0,34362.0,91550.0,80867.0,26504.0,42464.0,40362.0,45585.0,18022.0,14590.0
2026-05-06 16:38:25.857112,954559,1609507769243385,5369155854,0.610976,0.232288,0.493856,6.50125,-0.49875,12.9325,-44.36,2.744,-68.136,concentric,4,5.0,29843.0,34362.0,91550.0,80867.0,26504.0,42464.0,40362.0,45585.0,18022.0,14590.0
2026-05-06 16:38:25.865898,954560,1609507769252407,5369164575,0.562176,0.318176,0.525088,8.93375,-2.0125,13.685,-44.216003,2.736,-66.792,concentric,4,5.0,29843.0,34362.0,91550.0,80867.0,26504.0,42464.0,40362.0,45585.0,18022.0,14590.0
2026-05-06 16:38:25.906739,954561,1609507769266963,5369179463,0.562176,0.318176,0.525088,8.8375,-3.71875,13.39625,-44.216003,2.736,-66.792,concentric,4,5.0,29843.0,34362.0,91550.0,80867.0,26504.0,42464.0,40362.0,45585.0,18022.0,14590.0
2026-05-06 16:38:25.979616,954572,1609507769276056,5369188759,0.56608,0.286944,0.495808,6.3175,-4.6725,9.77375,-44.208004,3.064,-68.36,concentric,4,5.0,29834.0,34336.0,91499.0,80933.0,26524.0,42487.0,40319.0,45631.0,18055.0,14608.0
2026-05-06 16:38:25.982184,954573,1609507769290563,5369201731,0.56608,0.286944,0.495808,0.7525,-5.43375,3.49125,-44.208004,3.064,-68.36,concentric,4,5.0,29834.0,34336.0,91499.0,80933.0,26524.0,42487.0,40319.0,45631.0,18055.0,14608.0
2026-05-06 16:38:25.986467,954574,1609507769299901,5369212513,0.609024,0.16592,0.462624,-1.96,-5.9675,0.7,-44.456,3.808,-65.520004,concentric,4,5.0,29834.0,34336.0,91499.0,80933.0,26524.0,42487.0,40319.0,45631.0,18055.0,14608.0
2026-05-06 16:38:25.986590,954575,1609507769314459,5369225353,0.610976,0.279136,0.515328,0.63,-8.1725,4.12125,-43.928,3.568,-68.576004,concentric,4,5.0,29834.0,34336.0,91499.0,80933.0,26524.0,42487.0,40319.0,45631.0,18055.0,14608.0
2026-05-06 16:38:25.989128,954576,1609507769323825,5369236117,0.610976,0.279136,0.515328,-0.02625,-10.3425,8.33,-43.928,3.568,-68.576004,concentric,4,5.0,29834.0,34336.0,91499.0,80933.0,26524.0,42487.0,40319.0,45631.0,18055.0,14608.0
2026-05-06 16:38:25.994700,954577,1609507769332936,5369244825,0.626592,0.269376,0.558272,-4.62875,-11.0775,11.99625,-44.136,3.72,-70.048004,concentric,4,5.0,29834.0,34336.0,91499.0,80933.0,26524.0,42487.0,40319.0,45631.0,18055.0,14608.0
2026-05-06 16:38:25.994974,954578,1609507769347472,5369259745,0.626592,0.269376,0.558272,-10.12375,-13.02875,8.72375,-44.136,3.72,-70.048004,concentric,4,5.0,29834.0,34336.0,91499.0,80933.0,26524.0,42487.0,40319.0,45631.0,18055.0,14608.0
2026-05-06 16:38:25.997492,954579,1609507769356446,5369268488,0.583648,0.308416,0.443104,-15.0675,-13.9125,5.0225,-44.440002,0.176,-65.944,concentric,4,5.0,29834.0,34336.0,91499.0,80933.0,26524.0,42487.0,40319.0,45631.0,18055.0,14608.0
2026-05-06 16:38:26.026716,954591,1609507769370976,5369283367,0.583648,0.308416,0.443104,-10.61375,-13.92125,5.60875,-44.440002,0.176,-65.944,concentric,4,5.0,30063.0,34495.0,91734.0,80739.0,26722.0,42651.0,40438.0,45523.0,18194.0,14671.0
2026-05-06 16:38:26.029217,954592,1609507769380166,5369292143,0.657824,0.271328,0.49776,-0.84875,-13.67625,5.6525,-44.232002,0.584,-64.704,concentric,4,5.0,30063.0,34495.0,91734.0,80739.0,26722.0,42651.0,40438.0,45523.0,18194.0,14671.0
2026-05-06 16:38:26.031650,954593,1609507769389195,5369300945,0.657824,0.271328,0.49776,-1.46125,-12.25875,1.12,-44.232002,0.584,-64.704,concentric,4,5.0,30063.0,34495.0,91734.0,80739.0,26722.0,42651.0,40438.0,45523.0,18194.0,14671.0
2026-05-06 16:38:26.034135,954594,1609507769403984,5369316049,0.655872,0.179584,0.519232,-9.975,-9.52875,0.02625,-43.864002,1.872,-67.632,concentric,4,5.0,30063.0,34495.0,91734.0,80739.0,26722.0,42651.0,40438.0,45523.0,18194.0,14671.0
2026-05-06 16:38:26.039280,954595,1609507769412998,5369324776,0.66368,0.398208,0.466528,-14.035,-7.02625,5.0225,-43.832,2.616,-67.248,concentric,4,5.0,30063.0,34495.0,91734.0,80739.0,26722.0,42651.0,40438.0,45523.0,18194.0,14671.0
2026-05-06 16:38:26.041725,954596,1609507769427542,5369339772,0.66368,0.398208,0.466528,-12.67,-4.97875,5.90625,-43.832,2.616,-67.248,concentric,4,5.0,30063.0,34495.0,91734.0,80739.0,26722.0,42651.0,40438.0,45523.0,18194.0,14671.0
2026-05-06 16:38:26.050394,954597,1609507769436555,5369348493,0.691008,0.247904,0.55632,-13.51,-2.38875,-0.28,-44.568,4.368,-68.90401,concentric,4,5.0,30063.0,34495.0,91734.0,80739.0,26722.0,42651.0,40438.0,45523.0,18194.0,14671.0
2026-05-06 16:38:26.059298,954598,1609507769445450,5369357235,0.691008,0.247904,0.55632,-12.38125,0.09625,-5.7225,-44.568,4.368,-68.90401,concentric,4,5.0,30063.0,34495.0,91734.0,80739.0,26722.0,42651.0,40438.0,45523.0,18194.0,14671.0
2026-05-06 16:38:26.075636,954599,1609507769460001,5369372170,0.733952,0.22448,0.548512,-8.5575,1.4175,-5.62625,-44.600002,4.304,-71.096,concentric,4,5.0,30063.0,34495.0,91734.0,80739.0,26722.0,42651.0,40438.0,45523.0,18194.0,14671.0
2026-05-06 16:38:26.081826,954600,1609507769468931,5369380826,0.733952,0.22448,0.548512,-3.61375,1.715,0.42,-44.600002,4.304,-71.096,concentric,4,5.0,30063.0,34495.0,91734.0,80739.0,26722.0,42651.0,40438.0,45523.0,18194.0,14671.0
2026-05-06 16:38:26.109147,954611,1609507769483507,5369394325,0.724192,0.314272,0.558272,-5.97625,3.185,2.94,-44.432003,4.224,-68.824005,concentric,4,5.0,30193.0,34633.0,92151.0,81107.0,26883.0,42806.0,40699.0,45750.0,18273.0,14736.0
2026-05-06 16:38:26.111654,954612,1609507769493105,5369405148,0.755424,0.242048,0.495808,-14.56,5.83625,1.61,-44.432003,4.928001,-69.568,concentric,4,5.0,30193.0,34633.0,92151.0,81107.0,26883.0,42806.0,40699.0,45750.0,18273.0,14736.0
2026-05-06 16:38:26.115499,954613,1609507769502182,5369413886,0.753472,0.242048,0.495808,-22.785,7.81375,-1.39125,-44.048,4.928001,-69.568,concentric,4,5.0,30193.0,34633.0,92151.0,81107.0,26883.0,42806.0,40699.0,45750.0,18273.0,14736.0
2026-05-06 16:38:26.139150,954614,1609507769516653,5369428872,0.759328,0.286944,0.569984,-17.9025,8.77625,0.525,-44.768,3.808,-67.296005,concentric,4,5.0,30193.0,34633.0,92151.0,81107.0,26883.0,42806.0,40699.0,45750.0,18273.0,14736.0
2026-05-06 16:38:26.141815,954615,1609507769525543,5369437620,0.759328,0.286944,0.569984,-7.875,7.27125,1.9425,-44.768,3.808,-67.296005,concentric,4,5.0,30193.0,34633.0,92151.0,81107.0,26883.0,42806.0,40699.0,45750.0,18273.0,14736.0
2026-05-06 16:38:26.158057,954616,1609507769540102,5369452643,0.7808,0.23424,0.612928,-1.91625,5.92375,2.765,-44.464,4.92,-68.344,concentric,4,5.0,30193.0,34633.0,92151.0,81107.0,26883.0,42806.0,40699.0,45750.0,18273.0,14736.0
2026-05-06 16:38:26.161811,954617,1609507769549027,5369461339,0.7808,0.23424,0.612928,-5.6175,6.50125,0.8575,-44.464,4.92,-68.344,concentric,4,5.0,30193.0,34633.0,92151.0,81107.0,26883.0,42806.0,40699.0,45750.0,18273.0,14736.0
2026-05-06 16:38:26.197760,954618,1609507769563542,5369476283,0.739808,0.261568,0.626592,-14.2625,8.6625,1.68,-45.032,3.56,-67.4,concentric,4,5.0,30193.0,34633.0,92151.0,81107.0,26883.0,42806.0,40699.0,45750.0,18273.0,14736.0
2026-05-06 16:38:26.223043,954629,1609507769572513,5369485017,0.739808,0.261568,0.626592,-17.7975,9.835,2.30125,-45.032,3.56,-67.4,concentric,4,5.0,30346.0,34870.0,92662.0,81249.0,27011.0,43043.0,40927.0,45870.0,18313.0,14811.0
2026-05-06 16:38:26.225842,954630,1609507769581546,5369493758,0.753472,0.2928,0.534848,-16.0825,9.905,0.0175,-44.600002,5.12,-69.464005,concentric,4,5.0,30346.0,34870.0,92662.0,81249.0,27011.0,43043.0,40927.0,45870.0,18313.0,14811.0
2026-05-06 16:38:26.228297,954631,1609507769596178,5369508756,0.733952,0.16592,0.577792,-12.59125,7.83125,-4.27,-45.008003,3.376,-67.16801,concentric,4,5.0,30346.0,34870.0,92662.0,81249.0,27011.0,43043.0,40927.0,45870.0,18313.0,14811.0
2026-05-06 16:38:26.230829,954632,1609507769605199,5369517485,0.733952,0.16592,0.577792,-7.76125,5.50375,-5.03125,-45.008003,3.376,-67.16801,concentric,4,5.0,30346.0,34870.0,92662.0,81249.0,27011.0,43043.0,40927.0,45870.0,18313.0,14811.0
2026-05-06 16:38:26.232749,954633,1609507769619717,5369532451,0.708576,0.279136,0.675392,0.18375,3.82375,-1.93375,-45.176003,3.816,-67.352005,concentric,4,5.0,30346.0,34870.0,92662.0,81249.0,27011.0,43043.0,40927.0,45870.0,18313.0,14811.0
2026-05-06 16:38:26.242190,954634,1609507769628719,5369541141,0.708576,0.279136,0.675392,6.23,2.6425,0.20125,-45.176003,3.816,-67.352005,concentric,4,5.0,30346.0,34870.0,92662.0,81249.0,27011.0,43043.0,40927.0,45870.0,18313.0,14811.0
2026-05-06 16:38:26.251715,954635,1609507769637692,5369549846,0.726144,0.318176,0.528992,8.02375,2.93125,-2.61625,-44.88,4.712,-67.984,concentric,4,5.0,30346.0,34870.0,92662.0,81249.0,27011.0,43043.0,40927.0,45870.0,18313.0,14811.0
2026-05-06 16:38:26.281576,954636,1609507769652275,5369564795,0.726144,0.318176,0.528992,8.82875,1.30375,-9.6775,-44.88,4.712,-67.984,concentric,4,5.0,30346.0,34870.0,92662.0,81249.0,27011.0,43043.0,40927.0,45870.0,18313.0,14811.0
2026-05-06 16:38:26.297066,954637,1609507769661175,5369573501,0.765184,0.138592,0.509472,7.28,-0.5425,-13.71125,-45.456,5.392,-69.864006,concentric,4,5.0,30346.0,34870.0,92662.0,81249.0,27011.0,43043.0,40927.0,45870.0,18313.0,14811.0
2026-05-06 16:38:26.365951,954648,1609507769676235,5369587157,0.733952,0.236192,0.571936,9.30125,-1.89875,-7.945,-45.032,5.456,-67.296005,concentric,4,5.0,30606.0,35163.0,93157.0,81284.0,27272.0,43354.0,41198.0,45891.0,18446.0,14940.0
2026-05-06 16:38:26.370471,954649,1609507769685656,5369597981,0.733952,0.236192,0.571936,12.22375,-3.77125,-1.16375,-45.032,5.456,-67.296005,concentric,4,5.0,30606.0,35163.0,93157.0,81284.0,27272.0,43354.0,41198.0,45891.0,18446.0,14940.0
2026-05-06 16:38:26.371038,954650,1609507769694853,5369606731,0.747616,0.32208,0.532896,10.75375,-5.5125,1.575,-45.456,2.488,-65.69601,concentric,4,5.0,30606.0,35163.0,93157.0,81284.0,27272.0,43354.0,41198.0,45891.0,18446.0,14940.0
2026-05-06 16:38:26.377741,954651,1609507769709423,5369621658,0.747616,0.32208,0.532896,6.51875,-6.60625,-1.47,-45.456,2.488,-65.69601,concentric,4,5.0,30606.0,35163.0,93157.0,81284.0,27272.0,43354.0,41198.0,45891.0,18446.0,14940.0
2026-05-06 16:38:26.377965,954652,1609507769718386,5369630346,0.74176,0.210816,0.534848,3.24625,-7.1225,-7.1925,-45.24,5.128,-67.920006,concentric,4,5.0,30606.0,35163.0,93157.0,81284.0,27272.0,43354.0,41198.0,45891.0,18446.0,14940.0
2026-05-06 16:38:26.378076,954653,1609507769732931,5369645370,0.74176,0.210816,0.534848,3.57,-6.685,-7.11375,-45.24,5.128,-67.920006,concentric,4,5.0,30606.0,35163.0,93157.0,81284.0,27272.0,43354.0,41198.0,45891.0,18446.0,14940.0
2026-05-06 16:38:26.380607,954654,1609507769742029,5369654118,0.772992,0.181536,0.542656,7.30625,-6.90375,-3.10625,-45.480003,5.808,-68.264,concentric,4,5.0,30606.0,35163.0,93157.0,81284.0,27272.0,43354.0,41198.0,45891.0,18446.0,14940.0
2026-05-06 16:38:26.382591,954655,1609507769751201,5369662993,0.772992,0.181536,0.542656,7.2975,-7.06125,-1.3475,-45.480003,5.808,-68.264,concentric,4,5.0,30606.0,35163.0,93157.0,81284.0,27272.0,43354.0,41198.0,45891.0,18446.0,14940.0
2026-05-06 16:38:26.385254,954656,1609507769765750,5369677931,0.769088,0.23424,0.548512,5.78375,-7.14875,1.8025,-45.568,5.416,-67.48801,concentric,4,5.0,30606.0,35163.0,93157.0,81284.0,27272.0,43354.0,41198.0,45891.0,18446.0,14940.0
2026-05-06 16:38:26.413373,954667,1609507769774830,5369686641,0.769088,0.281088,0.495808,3.47375,-7.37625,0.60375,-45.568,5.416,-67.48801,concentric,4,5.0,31058.0,35567.0,93501.0,81774.0,27670.0,43826.0,41347.0,46135.0,18679.0,15130.0
2026-05-06 16:38:26.415907,954668,1609507769789489,5369701650,0.733952,0.286944,0.495808,6.09,-6.20375,1.9775,-45.68,4.592,-65.48,concentric,4,5.0,31058.0,35567.0,93501.0,81774.0,27670.0,43826.0,41347.0,46135.0,18679.0,15130.0
2026-05-06 16:38:26.417874,954669,1609507769798496,5369710329,0.747616,0.310368,0.581696,9.82625,-4.29625,1.58375,-45.328003,4.176,-66.736,concentric,4,5.0,31058.0,35567.0,93501.0,81774.0,27670.0,43826.0,41347.0,46135.0,18679.0,15130.0
2026-05-06 16:38:26.420340,954670,1609507769807418,5369719081,0.747616,0.310368,0.581696,10.99,-1.42625,2.9575,-45.328003,4.176,-66.736,concentric,4,5.0,31058.0,35567.0,93501.0,81774.0,27670.0,43826.0,41347.0,46135.0,18679.0,15130.0
2026-05-06 16:38:26.444159,954671,1609507769821908,5369734045,0.806176,0.210816,0.542656,10.0275,-0.49,2.0825,-45.344,4.784,-65.22401,concentric,4,5.0,31058.0,35567.0,93501.0,81774.0,27670.0,43826.0,41347.0,46135.0,18679.0,15130.0
2026-05-06 16:38:26.447034,954672,1609507769830833,5369742768,0.806176,0.210816,0.542656,5.32,-1.3825,-0.46375,-45.344,4.784,-65.22401,concentric,4,5.0,31058.0,35567.0,93501.0,81774.0,27670.0,43826.0,41347.0,46135.0,18679.0,15130.0
2026-05-06 16:38:26.461270,954673,1609507769845349,5369757722,0.80032,0.244,0.597312,0.805,-2.38,0.49,-45.744003,6.096,-67.880005,concentric,4,5.0,31058.0,35567.0,93501.0,81774.0,27670.0,43826.0,41347.0,46135.0,18679.0,15130.0
2026-05-06 16:38:26.471295,954674,1609507769854282,5369766421,0.80032,0.244,0.597312,-1.88125,-2.68625,0.945,-45.744003,6.096,-67.880005,concentric,4,5.0,31058.0,35567.0,93501.0,81774.0,27670.0,43826.0,41347.0,46135.0,18679.0,15130.0
2026-05-06 16:38:26.501737,954675,1609507769868775,5369781322,0.786656,0.359168,0.675392,-2.45875,-0.2975,2.98375,-45.656002,3.52,-66.336006,concentric,4,5.0,31058.0,35567.0,93501.0,81774.0,27670.0,43826.0,41347.0,46135.0,18679.0,15130.0
2026-05-06 16:38:26.532094,954686,1609507769878417,5369790253,0.792512,0.240096,0.593408,-2.94,3.15,0.245,-45.760002,5.392,-68.176,concentric,4,5.0,31122.0,35613.0,93560.0,82070.0,27697.0,43856.0,41356.0,46259.0,18746.0,15181.0
2026-05-06 16:38:26.534618,954687,1609507769887489,5369799053,0.792512,0.240096,0.593408,-6.265,5.27625,-3.43,-45.760002,5.392,-68.176,concentric,4,5.0,31122.0,35613.0,93560.0,82070.0,27697.0,43856.0,41356.0,46259.0,18746.0,15181.0
2026-05-06 16:38:26.536994,954688,1609507769902106,5369814058,0.808128,0.230336,0.60512,-9.16125,6.48375,-7.6125,-45.528004,4.768,-66.648,concentric,4,5.0,31122.0,35613.0,93560.0,82070.0,27697.0,43856.0,41356.0,46259.0,18746.0,15181.0
2026-05-06 16:38:26.539619,954689,1609507769911056,5369822776,0.808128,0.230336,0.60512,-9.45,6.79875,-5.52125,-45.528004,4.768,-66.648,concentric,4,5.0,31122.0,35613.0,93560.0,82070.0,27697.0,43856.0,41356.0,46259.0,18746.0,15181.0
2026-05-06 16:38:26.548919,954690,1609507769925713,5369837761,0.757376,0.316224,0.562176,-8.54875,7.3325,-3.8675,-45.728,6.184001,-67.76,concentric,4,5.0,31122.0,35613.0,93560.0,82070.0,27697.0,43856.0,41356.0,46259.0,18746.0,15181.0
2026-05-06 16:38:26.549274,954691,1609507769934945,5369846552,0.757376,0.316224,0.562176,-11.5675,10.28125,-6.2475,-45.728,6.184001,-67.76,concentric,4,5.0,31122.0,35613.0,93560.0,82070.0,27697.0,43856.0,41356.0,46259.0,18746.0,15181.0
2026-05-06 16:38:26.555350,954692,1609507769944020,5369855291,0.812032,0.257664,0.681248,-11.94375,12.635,-8.67125,-46.04,6.28,-67.648,concentric,4,5.0,31122.0,35613.0,93560.0,82070.0,27697.0,43856.0,41356.0,46259.0,18746.0,15181.0
2026-05-06 16:38:26.589494,954693,1609507769958488,5369870231,0.856928,0.169824,0.562176,-10.57875,12.95875,-11.22625,-46.160004,4.264,-66.944,concentric,4,5.0,31122.0,35613.0,93560.0,82070.0,27697.0,43856.0,41356.0,46259.0,18746.0,15181.0
2026-05-06 16:38:26.591563,954694,1609507769967384,5369878991,0.856928,0.169824,0.562176,-3.73625,11.2525,-9.16125,-46.160004,4.264,-66.944,concentric,4,5.0,31122.0,35613.0,93560.0,82070.0,27697.0,43856.0,41356.0,46259.0,18746.0,15181.0
2026-05-06 16:38:26.644310,954705,1609507769982167,5369894022,0.856928,0.25376,0.704672,4.05125,5.76625,-6.86875,-45.856003,5.784,-67.272,concentric,4,5.0,31001.0,35509.0,93635.0,82317.0,27594.0,43731.0,41394.0,46463.0,18672.0,15108.0
2026-05-06 16:38:26.669087,954706,1609507769991160,5369902723,0.856928,0.25376,0.704672,0.95375,1.40875,-4.24375,-45.856003,5.784,-67.272,eccentric,4,5.0,31001.0,35509.0,93635.0,82317.0,27594.0,43731.0,41394.0,46463.0,18672.0,15108.0
2026-05-06 16:38:26.679152,954707,1609507770000191,5369911432,0.825696,0.347456,0.689056,-7.55125,0.4375,-2.80875,-45.576004,4.32,-66.624,eccentric,4,5.0,31001.0,35509.0,93635.0,82317.0,27594.0,43731.0,41394.0,46463.0,18672.0,15108.0
2026-05-06 16:38:26.681680,954708,1609507770014738,5369926334,0.825696,0.347456,0.689056,-11.68125,0.9625,-3.89375,-45.576004,4.32,-66.624,eccentric,4,5.0,31001.0,35509.0,93635.0,82317.0,27594.0,43731.0,41394.0,46463.0,18672.0,15108.0
2026-05-06 16:38:26.684098,954709,1609507770023808,5369935120,0.886208,0.220576,0.638304,-9.5375,0.3675,-7.00875,-45.888,5.768,-67.088005,eccentric,4,5.0,31001.0,35509.0,93635.0,82317.0,27594.0,43731.0,41394.0,46463.0,18672.0,15108.0
2026-05-06 16:38:26.686621,954710,1609507770038321,5369950103,0.901824,0.189344,0.70272,-5.8275,-1.40875,-8.4875,-46.04,5.512,-65.744,eccentric,4,5.0,31001.0,35509.0,93635.0,82317.0,27594.0,43731.0,41394.0,46463.0,18672.0,15108.0
2026-05-06 16:38:26.689157,954711,1609507770047224,5369958796,0.901824,0.189344,0.70272,-0.56,-3.91125,-5.0575,-46.04,5.512,-65.744,eccentric,4,5.0,31001.0,35509.0,93635.0,82317.0,27594.0,43731.0,41394.0,46463.0,18672.0,15108.0
2026-05-06 16:38:26.691666,954712,1609507770061707,5369973789,0.833504,0.392352,0.730048,0.27125,-5.8975,-2.59,-45.648003,5.848,-67.28001,eccentric,4,5.0,31001.0,35509.0,93635.0,82317.0,27594.0,43731.0,41394.0,46463.0,18672.0,15108.0
2026-05-06 16:38:26.694154,954713,1609507770070636,5369982479,0.833504,0.392352,0.730048,-2.56375,-5.01375,0.315,-45.648003,5.848,-67.28001,eccentric,4,5.0,31001.0,35509.0,93635.0,82317.0,27594.0,43731.0,41394.0,46463.0,18672.0,15108.0
2026-05-06 16:38:26.722007,954724,1609507770080201,5369991534,0.851072,0.345504,0.628544,-8.2775,-1.855,-2.89625,-45.608,3.664,-66.392006,eccentric,4,5.0,30857.0,35432.0,93728.0,82186.0,27499.0,43643.0,41506.0,46342.0,18565.0,15059.0
2026-05-06 16:38:26.724348,954725,1609507770094929,5370006552,0.851072,0.345504,0.628544,-10.73625,0.98,-7.77875,-45.608,3.664,-66.392006,eccentric,4,5.0,30857.0,35432.0,93728.0,82186.0,27499.0,43643.0,41506.0,46342.0,18565.0,15059.0
2026-05-06 16:38:26.726798,954726,1609507770103951,5370015308,0.901824,0.206912,0.661728,-7.37625,1.14625,-9.45875,-45.504,3.192,-66.16801,eccentric,4,5.0,30857.0,35432.0,93728.0,82186.0,27499.0,43643.0,41506.0,46342.0,18565.0,15059.0
2026-05-06 16:38:26.729350,954727,1609507770113005,5370024047,0.901824,0.206912,0.661728,-0.63875,-0.88375,-4.64625,-45.504,3.192,-66.16801,eccentric,4,5.0,30857.0,35432.0,93728.0,82186.0,27499.0,43643.0,41506.0,46342.0,18565.0,15059.0
2026-05-06 16:38:26.743068,954728,1609507770127947,5370039076,0.880352,0.247904,0.714432,0.63875,-2.05625,0.06125,-45.920002,3.656,-66.672005,eccentric,4,5.0,30857.0,35432.0,93728.0,82186.0,27499.0,43643.0,41506.0,46342.0,18565.0,15059.0
2026-05-06 16:38:26.751721,954729,1609507770137185,5370049857,0.880352,0.247904,0.681248,-0.13125,-2.03875,5.2325,-45.920002,3.656,-66.672005,eccentric,4,5.0,30857.0,35432.0,93728.0,82186.0,27499.0,43643.0,41506.0,46342.0,18565.0,15059.0
2026-05-06 16:38:26.762820,954730,1609507770151692,5370062735,0.841312,0.415776,0.681248,-5.18,0.27125,3.43,-45.440002,3.792,-68.12,eccentric,4,5.0,30857.0,35432.0,93728.0,82186.0,27499.0,43643.0,41506.0,46342.0,18565.0,15059.0
2026-05-06 16:38:26.776623,954731,1609507770160940,5370073495,0.85888,0.298656,0.632448,-7.77,3.885,-0.76125,-45.816,3.688,-66.928,eccentric,4,5.0,30857.0,35432.0,93728.0,82186.0,27499.0,43643.0,41506.0,46342.0,18565.0,15059.0
2026-05-06 16:38:26.782897,954732,1609507770169894,5370082226,0.85888,0.298656,0.632448,-2.87,4.48875,-5.81,-45.816,3.688,-66.928,eccentric,4,5.0,30857.0,35432.0,93728.0,82186.0,27499.0,43643.0,41506.0,46342.0,18565.0,15059.0
2026-05-06 16:38:26.814308,954743,1609507770184543,5370097295,0.866688,0.142496,0.638304,-1.12,3.535,-8.6975,-45.352,2.952,-65.328,eccentric,4,5.0,31093.0,35623.0,94060.0,82413.0,27693.0,43832.0,41616.0,46456.0,18668.0,15131.0
2026-05-06 16:38:26.816616,954744,1609507770193494,5370106066,0.866688,0.142496,0.638304,-1.2775,1.9425,-5.6875,-45.352,2.952,-65.328,eccentric,4,5.0,31093.0,35623.0,94060.0,82413.0,27693.0,43832.0,41616.0,46456.0,18668.0,15131.0
2026-05-06 16:38:26.819618,954745,1609507770208060,5370118933,0.81984,0.337696,0.769088,-2.49375,0.8925,-1.75,-45.224003,4.928001,-67.216,eccentric,4,5.0,31093.0,35623.0,94060.0,82413.0,27693.0,43832.0,41616.0,46456.0,18668.0,15131.0
2026-05-06 16:38:26.833139,954746,1609507770217410,5370129698,0.81984,0.337696,0.769088,-6.125,2.2225,-1.0675,-45.224003,4.928001,-67.216,eccentric,4,5.0,31093.0,35623.0,94060.0,82413.0,27693.0,43832.0,41616.0,46456.0,18668.0,15131.0
2026-05-06 16:38:26.843001,954747,1609507770226316,5370138419,0.806176,0.335744,0.626592,-6.79875,4.83,-4.235,-45.616,5.04,-68.864006,eccentric,4,5.0,31093.0,35623.0,94060.0,82413.0,27693.0,43832.0,41616.0,46456.0,18668.0,15131.0
2026-05-06 16:38:26.864450,954748,1609507770240914,5370153524,0.812032,0.160064,0.593408,-5.50375,5.5125,-8.82,-45.640003,5.12,-67.496,eccentric,4,5.0,31093.0,35623.0,94060.0,82413.0,27693.0,43832.0,41616.0,46456.0,18668.0,15131.0
2026-05-06 16:38:26.866475,954749,1609507770249837,5370162237,0.812032,0.160064,0.593408,-3.01875,5.2675,-9.625,-45.640003,5.12,-67.496,eccentric,4,5.0,31093.0,35623.0,94060.0,82413.0,27693.0,43832.0,41616.0,46456.0,18668.0,15131.0
2026-05-06 16:38:26.880742,954750,1609507770264439,5370175278,0.778848,0.269376,0.622688,3.22875,3.815,-5.495,-45.192,4.92,-67.376,eccentric,4,5.0,31093.0,35623.0,94060.0,82413.0,27693.0,43832.0,41616.0,46456.0,18668.0,15131.0
2026-05-06 16:38:26.889562,954751,1609507770273742,5370186036,0.778848,0.269376,0.622688,4.87375,3.03625,-0.8575,-45.192,4.92,-67.376,eccentric,4,5.0,31093.0,35623.0,94060.0,82413.0,27693.0,43832.0,41616.0,46456.0,18668.0,15131.0
2026-05-06 16:38:26.916690,954762,1609507770282838,5370194888,0.755424,0.306464,0.636352,-0.665,3.395,-0.735,-44.944,2.88,-66.328,eccentric,4,5.0,31156.0,35691.0,93915.0,82325.0,27745.0,43906.0,41529.0,46423.0,18721.0,15168.0
2026-05-06 16:38:26.919626,954763,1609507770297480,5370209897,0.755424,0.306464,0.636352,-5.36375,5.425,-3.78,-44.944,2.88,-66.328,eccentric,4,5.0,31156.0,35691.0,93915.0,82325.0,27745.0,43906.0,41529.0,46423.0,18721.0,15168.0
2026-05-06 16:38:26.921924,954764,1609507770306440,5370218659,0.765184,0.238144,0.589504,-3.24625,5.52125,-3.745,-45.336002,2.984,-65.896,eccentric,4,5.0,31156.0,35691.0,93915.0,82325.0,27745.0,43906.0,41529.0,46423.0,18721.0,15168.0
2026-05-06 16:38:26.936618,954765,1609507770321046,5370233664,0.732,0.255712,0.581696,0.27125,3.28125,-3.94625,-45.24,4.496,-67.464005,eccentric,4,5.0,31156.0,35691.0,93915.0,82325.0,27745.0,43906.0,41529.0,46423.0,18721.0,15168.0
2026-05-06 16:38:26.965505,954766,1609507770329983,5370242408,0.732,0.255712,0.581696,3.10625,0.91875,-1.4525,-45.24,4.496,-67.464005,eccentric,4,5.0,31156.0,35691.0,93915.0,82325.0,27745.0,43906.0,41529.0,46423.0,18721.0,15168.0
2026-05-06 16:38:26.968268,954767,1609507770344528,5370255395,0.730048,0.226432,0.609024,2.0475,-1.04125,0.74375,-44.920002,5.0,-67.504005,eccentric,4,5.0,31156.0,35691.0,93915.0,82325.0,27745.0,43906.0,41529.0,46423.0,18721.0,15168.0
2026-05-06 16:38:26.972946,954768,1609507770353860,5370266166,0.730048,0.226432,0.609024,-3.19375,-0.72625,1.1375,-44.920002,5.0,-67.504005,eccentric,4,5.0,31156.0,35691.0,93915.0,82325.0,27745.0,43906.0,41529.0,46423.0,18721.0,15168.0
2026-05-06 16:38:26.975852,954769,1609507770362785,5370274860,0.704672,0.247904,0.607072,-4.9525,0.2975,2.51125,-44.960003,4.36,-67.528,eccentric,4,5.0,31156.0,35691.0,93915.0,82325.0,27745.0,43906.0,41529.0,46423.0,18721.0,15168.0
2026-05-06 16:38:27.064476,954780,1609507770377272,5370289735,0.704672,0.247904,0.607072,-4.19125,1.6625,3.21125,-44.960003,4.36,-67.528,eccentric,4,5.0,31138.0,35628.0,93699.0,82047.0,27725.0,43866.0,41436.0,46270.0,18719.0,15164.0
2026-05-06 16:38:27.066608,954781,1609507770386482,5370298487,0.69296,0.242048,0.534848,-0.70875,2.35375,4.59375,-44.816,3.456,-68.01601,eccentric,4,5.0,31138.0,35628.0,93699.0,82047.0,27725.0,43866.0,41436.0,46270.0,18719.0,15164.0
2026-05-06 16:38:27.069566,954782,1609507770401004,5370313405,0.681248,0.181536,0.581696,-0.88375,1.6625,3.21125,-44.480003,4.6,-67.336006,eccentric,4,5.0,31138.0,35628.0,93699.0,82047.0,27725.0,43866.0,41436.0,46270.0,18719.0,15164.0
2026-05-06 16:38:27.072020,954783,1609507770410005,5370322161,0.681248,0.181536,0.581696,-4.9,1.6975,2.86125,-44.480003,4.6,-67.336006,eccentric,4,5.0,31138.0,35628.0,93699.0,82047.0,27725.0,43866.0,41436.0,46270.0,18719.0,15164.0
2026-05-06 16:38:27.074159,954784,1609507770418928,5370330850,0.681248,0.181536,0.581696,-9.10875,1.4,3.77125,-44.480003,4.6,-67.336006,eccentric,4,5.0,31138.0,35628.0,93699.0,82047.0,27725.0,43866.0,41436.0,46270.0,18719.0,15164.0
2026-05-06 16:38:27.079530,954785,1609507770433437,5370345893,0.681248,0.22448,0.552416,-9.1875,2.205,5.78375,-44.576,4.72,-67.584,eccentric,4,5.0,31138.0,35628.0,93699.0,82047.0,27725.0,43866.0,41436.0,46270.0,18719.0,15164.0
2026-05-06 16:38:27.082043,954786,1609507770442409,5370354683,0.648064,0.197152,0.501664,-6.51,2.1875,6.195,-44.424004,2.864,-66.416,eccentric,4,5.0,31138.0,35628.0,93699.0,82047.0,27725.0,43866.0,41436.0,46270.0,18719.0,15164.0
2026-05-06 16:38:27.084534,954787,1609507770457109,5370369705,0.648064,0.197152,0.501664,-3.99,2.2575,4.78625,-44.424004,2.864,-66.416,eccentric,4,5.0,31138.0,35628.0,93699.0,82047.0,27725.0,43866.0,41436.0,46270.0,18719.0,15164.0
2026-05-06 16:38:27.086874,954788,1609507770466250,5370378446,0.632448,0.1464,0.532896,-3.59625,1.2775,4.19125,-44.136,3.152,-68.112,eccentric,4,5.0,31138.0,35628.0,93699.0,82047.0,27725.0,43866.0,41436.0,46270.0,18719.0,15164.0
2026-05-06 16:38:27.114636,954799,1609507770481127,5370391965,0.628544,0.218624,0.49776,-5.03125,-0.8225,3.75375,-43.912003,4.248,-69.75201,eccentric,4,5.0,31083.0,35594.0,93625.0,82046.0,27686.0,43828.0,41374.0,46269.0,18667.0,15140.0
2026-05-06 16:38:27.116698,954800,1609507770490718,5370402883,0.628544,0.218624,0.49776,-6.7025,-1.89875,3.6225,-43.912003,4.248,-69.75201,eccentric,4,5.0,31083.0,35594.0,93625.0,82046.0,27686.0,43828.0,41374.0,46269.0,18667.0,15140.0
2026-05-06 16:38:27.119624,954801,1609507770499717,5370411576,0.628544,0.218624,0.49776,-7.37625,-2.14375,2.31,-43.912003,4.248,-69.75201,eccentric,4,5.0,31083.0,35594.0,93625.0,82046.0,27686.0,43828.0,41374.0,46269.0,18667.0,15140.0
2026-05-06 16:38:27.130409,954802,1609507770514264,5370426600,0.618784,0.158112,0.456768,-5.57375,-2.52875,0.315,-43.920002,4.792,-68.76,eccentric,4,5.0,31083.0,35594.0,93625.0,82046.0,27686.0,43828.0,41374.0,46269.0,18667.0,15140.0
2026-05-06 16:38:27.136631,954803,1609507770523190,5370435308,0.612928,0.140544,0.5368,-1.4875,-2.6775,-0.04375,-43.840004,3.512,-67.16,eccentric,4,5.0,31083.0,35594.0,93625.0,82046.0,27686.0,43828.0,41374.0,46269.0,18667.0,15140.0
2026-05-06 16:38:27.145801,954804,1609507770532101,5370444022,0.612928,0.140544,0.5368,2.10875,-2.8875,0.32375,-43.840004,3.512,-67.16,eccentric,4,5.0,31083.0,35594.0,93625.0,82046.0,27686.0,43828.0,41374.0,46269.0,18667.0,15140.0
2026-05-06 16:38:27.181196,954805,1609507770546661,5370458962,0.59536,0.232288,0.554368,3.08875,-3.255,-0.11375,-43.896004,1.112,-65.75201,eccentric,4,5.0,31083.0,35594.0,93625.0,82046.0,27686.0,43828.0,41374.0,46269.0,18667.0,15140.0
2026-05-06 16:38:27.183137,954806,1609507770555595,5370467770,0.59536,0.232288,0.554368,-2.07375,-3.77125,-3.98125,-43.896004,1.112,-65.75201,eccentric,4,5.0,31083.0,35594.0,93625.0,82046.0,27686.0,43828.0,41374.0,46269.0,18667.0,15140.0
2026-05-06 16:38:27.185951,954807,1609507770570091,5370482736,0.60512,0.206912,0.421632,-5.81,-2.87,-9.05625,-43.600002,4.432,-68.232,eccentric,4,5.0,31083.0,35594.0,93625.0,82046.0,27686.0,43828.0,41374.0,46269.0,18667.0,15140.0
2026-05-06 16:38:27.218396,954818,1609507770579036,5370491410,0.60512,0.206912,0.421632,-2.77375,-3.31625,-12.17125,-43.600002,4.432,-68.232,eccentric,4,5.0,30883.0,35451.0,93412.0,81916.0,27477.0,43635.0,41276.0,46165.0,18563.0,15052.0
2026-05-06 16:38:27.219128,954819,1609507770588531,5370500204,0.62464,0.103456,0.515328,0.63875,-4.13,-13.1075,-43.712,2.176,-67.088005,eccentric,4,5.0,30883.0,35451.0,93412.0,81916.0,27477.0,43635.0,41276.0,46165.0,18563.0,15052.0
2026-05-06 16:38:27.221581,954820,1609507770603091,5370515210,0.581696,0.189344,0.509472,2.21375,-3.59625,-10.22875,-43.840004,3.832,-69.37601,eccentric,4,5.0,30883.0,35451.0,93412.0,81916.0,27477.0,43635.0,41276.0,46165.0,18563.0,15052.0
2026-05-06 16:38:27.227377,954821,1609507770612091,5370523946,0.581696,0.189344,0.509472,1.9425,-2.8175,-8.56625,-43.840004,3.832,-69.37601,eccentric,4,5.0,30883.0,35451.0,93412.0,81916.0,27477.0,43635.0,41276.0,46165.0,18563.0,15052.0
2026-05-06 16:38:27.258323,954822,1609507770626644,5370538887,0.579744,0.238144,0.52704,-2.1175,-0.93625,-10.0275,-44.000004,2.304,-67.776,eccentric,4,5.0,30883.0,35451.0,93412.0,81916.0,27477.0,43635.0,41276.0,46165.0,18563.0,15052.0
2026-05-06 16:38:27.260874,954823,1609507770635626,5370547623,0.579744,0.238144,0.52704,-5.53875,0.58625,-13.545,-44.000004,2.304,-67.776,eccentric,4,5.0,30883.0,35451.0,93412.0,81916.0,27477.0,43635.0,41276.0,46165.0,18563.0,15052.0
2026-05-06 16:38:27.263293,954824,1609507770650111,5370562561,0.57584,0.201056,0.425536,-4.90875,0.91875,-17.325,-43.408,3.008,-68.48801,eccentric,4,5.0,30883.0,35451.0,93412.0,81916.0,27477.0,43635.0,41276.0,46165.0,18563.0,15052.0
2026-05-06 16:38:27.276915,954825,1609507770659082,5370571284,0.57584,0.201056,0.425536,0.04375,1.23375,-17.10625,-43.408,3.008,-68.48801,eccentric,4,5.0,30883.0,35451.0,93412.0,81916.0,27477.0,43635.0,41276.0,46165.0,18563.0,15052.0
2026-05-06 16:38:27.279612,954826,1609507770668023,5370580154,0.591456,0.132736,0.486048,2.49375,1.05,-17.29875,-43.56,3.632,-68.36,eccentric,4,5.0,30883.0,35451.0,93412.0,81916.0,27477.0,43635.0,41276.0,46165.0,18563.0,15052.0
2026-05-06 16:38:27.323112,954837,1609507770683216,5370595248,0.577792,0.203008,0.466528,2.03,0.56,-14.761251,-43.52,3.256,-68.672005,eccentric,4,5.0,30959.0,35520.0,93379.0,81851.0,27561.0,43712.0,41263.0,46184.0,18600.0,15096.0
2026-05-06 16:38:27.323242,954838,1609507770692196,5370604052,0.577792,0.203008,0.466528,0.0175,0.2625,-11.89125,-43.52,3.256,-68.672005,eccentric,4,5.0,30959.0,35520.0,93379.0,81851.0,27561.0,43712.0,41263.0,46184.0,18600.0,15096.0
2026-05-06 16:38:27.325206,954839,1609507770706896,5370618989,0.573888,0.247904,0.46848,-2.695,0.5775,-11.165,-43.384003,2.88,-68.520004,eccentric,4,5.0,30959.0,35520.0,93379.0,81851.0,27561.0,43712.0,41263.0,46184.0,18600.0,15096.0
2026-05-06 16:38:27.327913,954840,1609507770715877,5370627749,0.573888,0.247904,0.46848,-0.21875,0.91,-9.96625,-43.384003,2.88,-68.520004,eccentric,4,5.0,30959.0,35520.0,93379.0,81851.0,27561.0,43712.0,41263.0,46184.0,18600.0,15096.0
2026-05-06 16:38:27.336991,954841,1609507770724857,5370636509,0.579744,0.12688,0.4392,1.085,-0.02625,-11.935,-43.776,2.496,-68.632,eccentric,4,5.0,30959.0,35520.0,93379.0,81851.0,27561.0,43712.0,41263.0,46184.0,18600.0,15096.0
2026-05-06 16:38:27.376786,954842,1609507770739340,5370651415,0.579744,0.12688,0.4392,0.805,-0.7,-9.0825,-43.776,2.496,-68.632,eccentric,4,5.0,30959.0,35520.0,93379.0,81851.0,27561.0,43712.0,41263.0,46184.0,18600.0,15096.0
2026-05-06 16:38:27.402159,954843,1609507770748292,5370660229,0.583648,0.199104,0.454816,3.3425,-2.54625,-3.8325,-43.256,2.696,-68.616005,eccentric,4,5.0,30959.0,35520.0,93379.0,81851.0,27561.0,43712.0,41263.0,46184.0,18600.0,15096.0
2026-05-06 16:38:27.426711,954844,1609507770762749,5370675128,0.573888,0.255712,0.452864,2.26625,-3.54375,-2.12625,-43.296,2.832,-68.616005,eccentric,4,5.0,30959.0,35520.0,93379.0,81851.0,27561.0,43712.0,41263.0,46184.0,18600.0,15096.0
2026-05-06 16:38:27.443073,954845,1609507770771674,5370683921,0.573888,0.255712,0.452864,-1.14625,-3.3075,-0.77,-43.296,2.832,-68.616005,eccentric,4,5.0,30959.0,35520.0,93379.0,81851.0,27561.0,43712.0,41263.0,46184.0,18600.0,15096.0
2026-05-06 16:38:27.470649,954856,1609507770786569,5370698944,0.577792,0.20496,0.470432,-1.9425,-3.08875,-0.98,-43.392002,2.384,-68.784004,eccentric,4,5.0,31072.0,35552.0,93427.0,81849.0,27686.0,43782.0,41300.0,46183.0,18692.0,15115.0
2026-05-06 16:38:27.473069,954857,1609507770795532,5370707712,0.577792,0.20496,0.470432,-1.05875,-4.2525,0.21,-43.392002,2.384,-68.784004,eccentric,4,5.0,31072.0,35552.0,93427.0,81849.0,27686.0,43782.0,41300.0,46183.0,18692.0,15115.0
2026-05-06 16:38:27.475614,954858,1609507770804534,5370716458,0.589504,0.154208,0.454816,-1.05875,-6.125,1.855,-43.392002,3.256,-68.864006,eccentric,4,5.0,31072.0,35552.0,93427.0,81849.0,27686.0,43782.0,41300.0,46183.0,18692.0,15115.0
2026-05-06 16:38:27.478065,954859,1609507770819031,5370731399,0.589504,0.154208,0.454816,-0.97125,-7.7875,3.73625,-43.392002,3.256,-68.864006,eccentric,4,5.0,31072.0,35552.0,93427.0,81849.0,27686.0,43782.0,41300.0,46183.0,18692.0,15115.0
2026-05-06 16:38:27.480645,954860,1609507770827943,5370740250,0.593408,0.267424,0.534848,-0.14875,-8.085,7.7,-42.960003,2.8,-69.056,eccentric,4,5.0,31072.0,35552.0,93427.0,81849.0,27686.0,43782.0,41300.0,46183.0,18692.0,15115.0
2026-05-06 16:38:27.482994,954861,1609507770842531,5370755170,0.593408,0.267424,0.495808,0.06125,-6.51875,10.8325,-42.960003,2.8,-69.056,eccentric,4,5.0,31072.0,35552.0,93427.0,81849.0,27686.0,43782.0,41300.0,46183.0,18692.0,15115.0
2026-05-06 16:38:27.485618,954862,1609507770851565,5370763891,0.609024,0.228384,0.495808,-1.6975,-4.62875,7.88375,-43.352,1.632,-69.672005,eccentric,4,5.0,31072.0,35552.0,93427.0,81849.0,27686.0,43782.0,41300.0,46183.0,18692.0,15115.0
2026-05-06 16:38:27.488064,954863,1609507770860565,5370772633,0.609024,0.228384,0.495808,-2.6775,-3.42125,4.50625,-43.352,1.632,-69.672005,eccentric,4,5.0,31072.0,35552.0,93427.0,81849.0,27686.0,43782.0,41300.0,46183.0,18692.0,15115.0
2026-05-06 16:38:27.490661,954864,1609507770875143,5370787567,0.62464,0.203008,0.441152,-1.8375,-2.96625,3.59625,-43.648003,0.312,-66.848,eccentric,4,5.0,31072.0,35552.0,93427.0,81849.0,27686.0,43782.0,41300.0,46183.0,18692.0,15115.0
2026-05-06 16:38:27.520500,954875,1609507770884761,5370796598,0.632448,0.210816,0.499712,-1.84625,-2.61625,3.35125,-43.016003,-0.84,-66.504005,eccentric,4,5.0,31007.0,35472.0,93404.0,81971.0,27673.0,43713.0,41288.0,46257.0,18649.0,15078.0
2026-05-06 16:38:27.523009,954876,1609507770899586,5370811559,0.632448,0.210816,0.499712,-1.96875,-1.1725,4.01625,-43.016003,-0.84,-66.504005,eccentric,4,5.0,31007.0,35472.0,93404.0,81971.0,27673.0,43713.0,41288.0,46257.0,18649.0,15078.0
2026-05-06 16:38:27.525542,954877,1609507770908581,5370820464,0.626592,0.257664,0.560224,-3.15,0.02625,3.14125,-42.984,-0.344,-66.48801,eccentric,4,5.0,31007.0,35472.0,93404.0,81971.0,27673.0,43713.0,41288.0,46257.0,18649.0,15078.0
2026-05-06 16:38:27.531695,954878,1609507770917615,5370829213,0.626592,0.257664,0.560224,-4.6725,2.135,1.70625,-42.984,-0.344,-66.48801,eccentric,4,5.0,31007.0,35472.0,93404.0,81971.0,27673.0,43713.0,41288.0,46257.0,18649.0,15078.0
2026-05-06 16:38:27.545612,954879,1609507770932680,5370844195,0.659776,0.20496,0.49776,-5.81,3.3775,0.0,-42.976,3.832,-69.024,eccentric,4,5.0,31007.0,35472.0,93404.0,81971.0,27673.0,43713.0,41288.0,46257.0,18649.0,15078.0
2026-05-06 16:38:27.554352,954880,1609507770941614,5370852998,0.659776,0.20496,0.49776,-6.81625,4.48875,-1.81125,-42.976,3.832,-69.024,eccentric,4,5.0,31007.0,35472.0,93404.0,81971.0,27673.0,43713.0,41288.0,46257.0,18649.0,15078.0
2026-05-06 16:38:27.594625,954881,1609507770956139,5370867895,0.66368,0.179584,0.519232,-6.72875,4.375,-1.4,-42.864002,2.928,-67.36,eccentric,4,5.0,31007.0,35472.0,93404.0,81971.0,27673.0,43713.0,41288.0,46257.0,18649.0,15078.0
2026-05-06 16:38:27.603312,954882,1609507770965206,5370876650,0.667584,0.240096,0.552416,-5.53875,3.82375,-0.28875,-42.792004,3.88,-69.512,eccentric,4,5.0,31007.0,35472.0,93404.0,81971.0,27673.0,43713.0,41288.0,46257.0,18649.0,15078.0
2026-05-06 16:38:27.614499,954883,1609507770974246,5370885376,0.667584,0.240096,0.552416,-3.115,3.56125,1.07625,-42.792004,3.88,-69.512,eccentric,4,5.0,31007.0,35472.0,93404.0,81971.0,27673.0,43713.0,41288.0,46257.0,18649.0,15078.0
2026-05-06 16:38:27.642169,954894,1609507770989239,5370900632,0.67344,0.232288,0.486048,-4.8125,3.29,0.245,-43.032,3.368,-68.76,eccentric,4,5.0,31000.0,35491.0,93371.0,82101.0,27648.0,43746.0,41268.0,46314.0,18651.0,15101.0
2026-05-06 16:38:27.644628,954895,1609507770998242,5370909397,0.67344,0.232288,0.486048,-8.4525,2.8875,-1.40875,-43.032,3.368,-68.76,eccentric,4,5.0,31000.0,35491.0,93371.0,82101.0,27648.0,43746.0,41268.0,46314.0,18651.0,15101.0
2026-05-06 16:38:27.646980,954896,1609507771007615,5370920255,0.689056,0.220576,0.5368,-8.88125,1.295,-2.87875,-43.136,4.152,-69.136,eccentric,4,5.0,31000.0,35491.0,93371.0,82101.0,27648.0,43746.0,41268.0,46314.0,18651.0,15101.0
2026-05-06 16:38:27.649629,954897,1609507771022363,5370933177,0.689056,0.220576,0.5368,-4.7075,-0.63,-2.09125,-43.136,4.152,-69.136,eccentric,4,5.0,31000.0,35491.0,93371.0,82101.0,27648.0,43746.0,41268.0,46314.0,18651.0,15101.0
2026-05-06 16:38:27.652180,954898,1609507771031675,5370944068,0.704672,0.201056,0.562176,-2.975,-2.93125,-2.31,-42.872,0.84,-66.54401,eccentric,4,5.0,31000.0,35491.0,93371.0,82101.0,27648.0,43746.0,41268.0,46314.0,18651.0,15101.0
2026-05-06 16:38:27.659636,954899,1609507771046236,5370957008,0.679296,0.249856,0.548512,-4.20875,-4.095,-2.98375,-43.168003,0.424,-66.76,eccentric,4,5.0,31000.0,35491.0,93371.0,82101.0,27648.0,43746.0,41268.0,46314.0,18651.0,15101.0
2026-05-06 16:38:27.673375,954900,1609507771055588,5370967793,0.679296,0.249856,0.548512,-4.52375,-4.05125,-2.82625,-43.168003,0.424,-66.76,eccentric,4,5.0,31000.0,35491.0,93371.0,82101.0,27648.0,43746.0,41268.0,46314.0,18651.0,15101.0
2026-05-06 16:38:27.677118,954901,1609507771064635,5370976540,0.698816,0.232288,0.55632,-6.32625,-3.54375,-3.82375,-43.168003,2.472,-68.560005,eccentric,4,5.0,31000.0,35491.0,93371.0,82101.0,27648.0,43746.0,41268.0,46314.0,18651.0,15101.0
2026-05-06 16:38:27.710628,954902,1609507771079140,5370991541,0.698816,0.232288,0.55632,-7.035,-2.70375,-5.48625,-42.968002,3.672,-68.560005,eccentric,4,5.0,31000.0,35491.0,93371.0,82101.0,27648.0,43746.0,41268.0,46314.0,18651.0,15101.0
2026-05-06 16:38:27.793078,954913,1609507771088177,5371000297,0.70272,0.201056,0.5856,-6.27375,-2.9925,-6.3,-42.856003,3.104,-68.936005,eccentric,4,5.0,30874.0,35394.0,93295.0,82109.0,27513.0,43625.0,41280.0,46307.0,18559.0,15041.0
2026-05-06 16:38:27.795762,954914,1609507771102695,5371015296,0.70272,0.201056,0.5856,-5.53875,-2.02125,-5.04,-42.856003,3.104,-68.936005,eccentric,4,5.0,30874.0,35394.0,93295.0,82109.0,27513.0,43625.0,41280.0,46307.0,18559.0,15041.0
2026-05-06 16:38:27.798210,954915,1609507771111829,5371024042,0.696864,0.240096,0.60512,-3.8675,-2.135,-3.92875,-43.136,3.464,-69.22401,eccentric,4,5.0,30874.0,35394.0,93295.0,82109.0,27513.0,43625.0,41280.0,46307.0,18559.0,15041.0
2026-05-06 16:38:27.804394,954916,1609507771120878,5371032827,0.696864,0.240096,0.60512,-3.22875,-1.5225,-4.22625,-43.136,3.464,-69.22401,eccentric,4,5.0,30874.0,35394.0,93295.0,82109.0,27513.0,43625.0,41280.0,46307.0,18559.0,15041.0
2026-05-06 16:38:27.807017,954917,1609507771135383,5371047745,0.69296,0.247904,0.525088,-3.4825,-0.42,-5.39,-42.872,3.304,-68.736,eccentric,4,5.0,30874.0,35394.0,93295.0,82109.0,27513.0,43625.0,41280.0,46307.0,18559.0,15041.0
2026-05-06 16:38:27.809492,954918,1609507771144352,5371056599,0.69296,0.247904,0.525088,-4.48875,-0.34125,-7.02625,-42.872,3.304,-68.736,eccentric,4,5.0,30874.0,35394.0,93295.0,82109.0,27513.0,43625.0,41280.0,46307.0,18559.0,15041.0
2026-05-06 16:38:27.812052,954919,1609507771158814,5371071519,0.696864,0.197152,0.523136,-3.89375,-0.525,-6.32625,-43.136,3.152,-68.48,eccentric,4,5.0,30874.0,35394.0,93295.0,82109.0,27513.0,43625.0,41280.0,46307.0,18559.0,15041.0
2026-05-06 16:38:27.816637,954920,1609507771167732,5371080318,0.696864,0.212768,0.550464,-3.00125,-0.91875,-4.80375,-42.968002,3.408,-69.264,eccentric,4,5.0,30874.0,35394.0,93295.0,82109.0,27513.0,43625.0,41280.0,46307.0,18559.0,15041.0
2026-05-06 16:38:27.819620,954921,1609507771182294,5371093201,0.696864,0.212768,0.550464,-2.765,-1.58375,-3.82375,-42.968002,3.408,-69.264,eccentric,4,5.0,30874.0,35394.0,93295.0,82109.0,27513.0,43625.0,41280.0,46307.0,18559.0,15041.0
