pc_time,serial_num,sensor_ts,host_ts,ax,ay,az,gx,gy,gz,mx,my,mz,phase,rpe,weight_kg,ppg_a,ppg_b,ppg_c,ppg_d,ppg_e,ppg_f,ppg_g,ppg_h,ppg_i,ppg_j
2026-05-06 16:34:43.532821,912722,1609507546910315,5146822785,0.6344,0.435296,0.573888,-6.57125,-2.6775,-5.66125,-44.664,1.176,-63.008003,concentric,4,5.0,33664.0,35862.0,93548.0,90272.0,31353.0,45134.0,41571.0,51763.0,21097.0,15576.0
2026-05-06 16:34:43.535147,912723,1609507546919231,5146831496,0.6344,0.435296,0.573888,-7.0175,-1.785,-6.5975,-44.664,1.176,-63.008003,concentric,4,5.0,33664.0,35862.0,93548.0,90272.0,31353.0,45134.0,41571.0,51763.0,21097.0,15576.0
2026-05-06 16:34:43.537709,912724,1609507546928223,5146840233,0.640256,0.388448,0.50752,-2.80875,-1.95125,-5.74875,-44.728,0.992,-65.592,concentric,4,5.0,33664.0,35862.0,93548.0,90272.0,31353.0,45134.0,41571.0,51763.0,21097.0,15576.0
2026-05-06 16:34:43.654119,912735,1609507546942900,5146855241,0.609024,0.42944,0.513376,-0.735,-2.31875,-5.1975,-45.152,-0.192,-63.192,concentric,4,5.0,33670.0,35874.0,93458.0,90137.0,31344.0,45163.0,41532.0,51725.0,21097.0,15602.0
2026-05-06 16:34:43.656490,912736,1609507546951989,5146863979,0.609024,0.42944,0.513376,-1.23375,-2.00375,-3.49125,-45.152,-0.192,-63.192,concentric,4,5.0,33670.0,35874.0,93458.0,90137.0,31344.0,45163.0,41532.0,51725.0,21097.0,15602.0
2026-05-06 16:34:43.659042,912737,1609507546966487,5146878881,0.60512,0.450912,0.530944,-4.2525,-2.00375,-3.71875,-44.736004,1.256,-62.960003,concentric,4,5.0,33670.0,35874.0,93458.0,90137.0,31344.0,45163.0,41532.0,51725.0,21097.0,15602.0
2026-05-06 16:34:43.661382,912738,1609507546975623,5146887700,0.60512,0.450912,0.530944,-5.94125,-1.79375,-4.2525,-44.736004,1.256,-62.960003,concentric,4,5.0,33670.0,35874.0,93458.0,90137.0,31344.0,45163.0,41532.0,51725.0,21097.0,15602.0
2026-05-06 16:34:43.663908,912739,1609507546990117,5146902736,0.655872,0.404064,0.554368,-4.94375,-1.68,-5.3375,-45.072002,1.344,-62.832005,concentric,4,5.0,33670.0,35874.0,93458.0,90137.0,31344.0,45163.0,41532.0,51725.0,21097.0,15602.0
2026-05-06 16:34:43.666471,912740,1609507546999020,5146911428,0.655872,0.404064,0.554368,-3.33375,-1.2075,-5.8975,-45.072002,1.344,-62.832005,concentric,4,5.0,33670.0,35874.0,93458.0,90137.0,31344.0,45163.0,41532.0,51725.0,21097.0,15602.0
2026-05-06 16:34:43.668943,912741,1609507547008043,5146920192,0.620736,0.437248,0.569984,-2.4325,-0.49,-5.46,-44.832,1.088,-61.256004,concentric,4,5.0,33670.0,35874.0,93458.0,90137.0,31344.0,45163.0,41532.0,51725.0,21097.0,15602.0
2026-05-06 16:34:43.671543,912742,1609507547022518,5146935119,0.636352,0.454816,0.51728,-1.9775,-0.44625,-4.75125,-45.216003,1.104,-63.136,concentric,4,5.0,33670.0,35874.0,93458.0,90137.0,31344.0,45163.0,41532.0,51725.0,21097.0,15602.0
2026-05-06 16:34:43.674090,912743,1609507547031552,5146943864,0.636352,0.454816,0.51728,-3.35125,-0.0175,-4.5325,-45.216003,1.104,-63.136,concentric,4,5.0,33670.0,35874.0,93458.0,90137.0,31344.0,45163.0,41532.0,51725.0,21097.0,15602.0
2026-05-06 16:34:43.701795,912754,1609507547046214,5146958815,0.648064,0.396256,0.544608,-4.96125,0.0,-5.43375,-44.904003,0.992,-63.440002,concentric,4,5.0,33649.0,35888.0,93427.0,90159.0,31301.0,45166.0,41494.0,51699.0,21081.0,15599.0
2026-05-06 16:34:43.704234,912755,1609507547055308,5146967536,0.648064,0.396256,0.544608,-4.87375,-0.21,-5.87125,-44.904003,0.992,-63.440002,concentric,4,5.0,33649.0,35888.0,93427.0,90159.0,31301.0,45166.0,41494.0,51699.0,21081.0,15599.0
2026-05-06 16:34:43.706741,912756,1609507547064305,5146976321,0.626592,0.437248,0.562176,-1.49625,-0.7875,-3.35125,-45.344,-0.704,-62.256004,concentric,4,5.0,33649.0,35888.0,93427.0,90159.0,31301.0,45166.0,41494.0,51699.0,21081.0,15599.0
2026-05-06 16:34:43.709236,912757,1609507547078976,5146991357,0.626592,0.437248,0.562176,-1.53125,-2.0475,-1.11125,-45.344,-0.704,-62.256004,concentric,4,5.0,33649.0,35888.0,93427.0,90159.0,31301.0,45166.0,41494.0,51699.0,21081.0,15599.0
2026-05-06 16:34:43.711801,912758,1609507547088089,5147000167,0.620736,0.464576,0.525088,-3.78875,-2.89625,-0.49875,-45.36,-0.632,-61.408005,concentric,4,5.0,33649.0,35888.0,93427.0,90159.0,31301.0,45166.0,41494.0,51699.0,21081.0,15599.0
2026-05-06 16:34:43.716742,912759,1609507547102600,5147015118,0.612928,0.435296,0.489952,-5.92375,-3.19375,-0.91875,-45.464,-0.888,-64.512,concentric,4,5.0,33649.0,35888.0,93427.0,90159.0,31301.0,45166.0,41494.0,51699.0,21081.0,15599.0
2026-05-06 16:34:43.719110,912760,1609507547111651,5147023900,0.612928,0.435296,0.489952,-7.0175,-3.66625,-1.9075,-45.464,-0.888,-64.512,concentric,4,5.0,33649.0,35888.0,93427.0,90159.0,31301.0,45166.0,41494.0,51699.0,21081.0,15599.0
2026-05-06 16:34:43.725485,912761,1609507547120605,5147032639,0.612928,0.435296,0.489952,-5.43375,-4.62,-2.6775,-45.464,-0.888,-64.512,concentric,4,5.0,33649.0,35888.0,93427.0,90159.0,31301.0,45166.0,41494.0,51699.0,21081.0,15599.0
2026-05-06 16:34:43.741546,912762,1609507547135096,5147047548,0.651968,0.413824,0.493856,-3.21125,-6.43125,-3.07125,-44.536003,0.576,-63.256004,concentric,4,5.0,33649.0,35888.0,93427.0,90159.0,31301.0,45166.0,41494.0,51699.0,21081.0,15599.0
2026-05-06 16:34:43.768998,912773,1609507547144201,5147056333,0.61488,0.41968,0.511424,-4.0425,-8.30375,-2.66,-44.832,0.632,-63.440002,concentric,4,5.0,33777.0,36053.0,93404.0,90393.0,31436.0,45382.0,41508.0,51847.0,21158.0,15696.0
2026-05-06 16:34:43.771624,912774,1609507547158981,5147071366,0.61488,0.41968,0.511424,-3.38625,-10.49125,-1.0675,-44.832,0.632,-63.440002,concentric,4,5.0,33777.0,36053.0,93404.0,90393.0,31436.0,45382.0,41508.0,51847.0,21158.0,15696.0
2026-05-06 16:34:43.774129,912775,1609507547168087,5147080170,0.5856,0.45872,0.503616,-4.69,-10.6225,-1.295,-44.968002,1.096,-63.696003,concentric,4,5.0,33777.0,36053.0,93404.0,90393.0,31436.0,45382.0,41508.0,51847.0,21158.0,15696.0
2026-05-06 16:34:43.790343,912776,1609507547182610,5147095072,0.597312,0.437248,0.445056,-6.37,-10.75375,-1.995,-45.112003,0.344,-62.288002,concentric,4,5.0,33777.0,36053.0,93404.0,90393.0,31436.0,45382.0,41508.0,51847.0,21158.0,15696.0
2026-05-06 16:34:43.796672,912777,1609507547191526,5147103766,0.597312,0.437248,0.445056,-4.655,-11.4275,-4.34,-45.112003,0.344,-62.288002,concentric,4,5.0,33777.0,36053.0,93404.0,90393.0,31436.0,45382.0,41508.0,51847.0,21158.0,15696.0
2026-05-06 16:34:43.805532,912778,1609507547200452,5147112471,0.597312,0.437248,0.445056,0.11375,-12.792501,-6.7375,-45.112003,0.344,-62.288002,concentric,4,5.0,33777.0,36053.0,93404.0,90393.0,31436.0,45382.0,41508.0,51847.0,21158.0,15696.0
2026-05-06 16:34:43.819113,912779,1609507547214934,5147127446,0.620736,0.407968,0.493856,3.8325,-14.455,-7.79625,-45.216003,1.584,-64.304,concentric,4,5.0,33777.0,36053.0,93404.0,90393.0,31436.0,45382.0,41508.0,51847.0,21158.0,15696.0
2026-05-06 16:34:43.827812,912780,1609507547223844,5147136181,0.618784,0.427488,0.534848,3.26375,-14.63875,-7.63875,-44.88,1.52,-63.448,concentric,4,5.0,33777.0,36053.0,93404.0,90393.0,31436.0,45382.0,41508.0,51847.0,21158.0,15696.0
2026-05-06 16:34:43.886585,912791,1609507547238359,5147151583,0.618784,0.427488,0.534848,-0.07875,-12.83625,-6.25625,-44.88,1.52,-63.448,concentric,4,5.0,33933.0,36202.0,93636.0,90571.0,31603.0,45531.0,41633.0,51948.0,21250.0,15780.0
2026-05-06 16:34:43.889147,912792,1609507547247459,5147158280,0.630496,0.42944,0.511424,-0.175,-10.01,-6.46625,-44.904003,0.44,-64.344,concentric,4,5.0,33933.0,36202.0,93636.0,90571.0,31603.0,45531.0,41633.0,51948.0,21250.0,15780.0
2026-05-06 16:34:43.891572,912793,1609507547256956,5147169115,0.630496,0.42944,0.511424,-0.11375,-7.30625,-8.05875,-44.904003,0.44,-64.344,concentric,4,5.0,33933.0,36202.0,93636.0,90571.0,31603.0,45531.0,41633.0,51948.0,21250.0,15780.0
2026-05-06 16:34:43.894125,912794,1609507547271466,5147184055,0.60512,0.40016,0.46848,1.12875,-4.8475,-8.96875,-45.320004,1.008,-64.048004,concentric,4,5.0,33933.0,36202.0,93636.0,90571.0,31603.0,45531.0,41633.0,51948.0,21250.0,15780.0
2026-05-06 16:34:43.896624,912795,1609507547280528,5147192807,0.60512,0.40016,0.46848,2.3625,-3.2725,-7.7175,-45.320004,1.008,-64.048004,concentric,4,5.0,33933.0,36202.0,93636.0,90571.0,31603.0,45531.0,41633.0,51948.0,21250.0,15780.0
2026-05-06 16:34:43.899157,912796,1609507547295036,5147207758,0.603168,0.433344,0.495808,2.26625,-1.54875,-5.69625,-45.208004,-1.048,-62.24,concentric,4,5.0,33933.0,36202.0,93636.0,90571.0,31603.0,45531.0,41633.0,51948.0,21250.0,15780.0
2026-05-06 16:34:43.912878,912797,1609507547303988,5147216516,0.616832,0.433344,0.482144,3.28125,0.81375,-4.13875,-45.168003,-1.328,-61.752003,concentric,4,5.0,33933.0,36202.0,93636.0,90571.0,31603.0,45531.0,41633.0,51948.0,21250.0,15780.0
2026-05-06 16:34:43.940379,912798,1609507547312957,5147225228,0.616832,0.433344,0.482144,3.40375,2.86125,-5.355,-45.168003,-1.328,-61.752003,concentric,4,5.0,33933.0,36202.0,93636.0,90571.0,31603.0,45531.0,41633.0,51948.0,21250.0,15780.0
2026-05-06 16:34:43.965278,912799,1609507547327436,5147240190,0.618784,0.3904,0.462624,0.90125,4.7425,-6.58,-45.248,1.088,-64.12,concentric,4,5.0,33933.0,36202.0,93636.0,90571.0,31603.0,45531.0,41633.0,51948.0,21250.0,15780.0
2026-05-06 16:34:43.982874,912800,1609507547336398,5147248887,0.618784,0.3904,0.462624,0.14,6.37875,-6.72,-45.248,1.088,-64.12,concentric,4,5.0,33933.0,36202.0,93636.0,90571.0,31603.0,45531.0,41633.0,51948.0,21250.0,15780.0
2026-05-06 16:34:44.010455,912811,1609507547351024,5147261830,0.618784,0.441152,0.515328,3.255,6.71125,-4.725,-44.928,0.736,-64.128006,concentric,4,5.0,33833.0,35969.0,93643.0,90925.0,31505.0,45227.0,41592.0,52103.0,21206.0,15661.0
2026-05-06 16:34:44.012762,912812,1609507547360242,5147272601,0.618784,0.441152,0.515328,4.69,5.10125,-2.7825,-44.928,0.736,-64.128006,concentric,4,5.0,33833.0,35969.0,93643.0,90925.0,31505.0,45227.0,41592.0,52103.0,21206.0,15661.0
2026-05-06 16:34:44.015156,912813,1609507547374760,5147285521,0.630496,0.40992,0.41968,0.34125,4.41875,-3.29,-45.304,0.76,-63.72,concentric,4,5.0,33833.0,35969.0,93643.0,90925.0,31505.0,45227.0,41592.0,52103.0,21206.0,15661.0
2026-05-06 16:34:44.017660,912814,1609507547383963,5147296323,0.601216,0.392352,0.433344,-3.35125,4.08625,-3.63125,-44.984,1.112,-64.44,concentric,4,5.0,33833.0,35969.0,93643.0,90925.0,31505.0,45227.0,41592.0,52103.0,21206.0,15661.0
2026-05-06 16:34:44.020336,912815,1609507547393049,5147305065,0.601216,0.392352,0.433344,-2.80875,3.59625,-1.925,-44.984,1.112,-64.44,concentric,4,5.0,33833.0,35969.0,93643.0,90925.0,31505.0,45227.0,41592.0,52103.0,21206.0,15661.0
2026-05-06 16:34:44.022879,912816,1609507547407604,5147320099,0.599264,0.431392,0.528992,2.16125,3.255,0.39375,-45.328003,0.28,-62.664,concentric,4,5.0,33833.0,35969.0,93643.0,90925.0,31505.0,45227.0,41592.0,52103.0,21206.0,15661.0
2026-05-06 16:34:44.025458,912817,1609507547416554,5147328816,0.599264,0.431392,0.528992,3.8325,2.695,0.51625,-45.328003,0.28,-62.664,concentric,4,5.0,33833.0,35969.0,93643.0,90925.0,31505.0,45227.0,41592.0,52103.0,21206.0,15661.0
2026-05-06 16:34:44.038658,912818,1609507547431190,5147343735,0.581696,0.4392,0.489952,3.73625,3.42125,0.74375,-45.632004,-0.544,-62.832005,concentric,4,5.0,33833.0,35969.0,93643.0,90925.0,31505.0,45227.0,41592.0,52103.0,21206.0,15661.0
2026-05-06 16:34:44.070122,912829,1609507547440107,5147352776,0.581696,0.4392,0.489952,3.77125,3.84125,0.81375,-45.632004,-0.544,-62.832005,concentric,4,5.0,33918.0,35897.0,93531.0,91189.0,31600.0,45196.0,41557.0,52266.0,21303.0,15662.0
2026-05-06 16:34:44.072868,912830,1609507547449173,5147361516,0.571936,0.433344,0.450912,3.2025,3.605,0.74375,-44.648003,0.704,-63.472004,concentric,4,5.0,33918.0,35897.0,93531.0,91189.0,31600.0,45196.0,41557.0,52266.0,21303.0,15662.0
2026-05-06 16:34:44.075357,912831,1609507547463738,5147374620,0.571936,0.433344,0.511424,2.65125,3.8675,0.20125,-44.648003,0.704,-63.472004,concentric,4,5.0,33918.0,35897.0,93531.0,91189.0,31600.0,45196.0,41557.0,52266.0,21303.0,15662.0
2026-05-06 16:34:44.077882,912832,1609507547473125,5147385411,0.542656,0.450912,0.511424,2.2925,4.3925,-0.32375,-45.336002,-0.504,-62.128002,concentric,4,5.0,33918.0,35897.0,93531.0,91189.0,31600.0,45196.0,41557.0,52266.0,21303.0,15662.0
2026-05-06 16:34:44.111744,912833,1609507547487650,5147400394,0.525088,0.501664,0.486048,1.11125,5.04875,-0.90125,-45.2,0.136,-62.384003,concentric,4,5.0,33918.0,35897.0,93531.0,91189.0,31600.0,45196.0,41557.0,52266.0,21303.0,15662.0
2026-05-06 16:34:44.114308,912834,1609507547496611,5147409159,0.525088,0.501664,0.486048,0.46375,5.3725,-3.1325,-45.2,0.136,-62.384003,concentric,4,5.0,33918.0,35897.0,93531.0,91189.0,31600.0,45196.0,41557.0,52266.0,21303.0,15662.0
2026-05-06 16:34:44.116729,912835,1609507547505600,5147417844,0.542656,0.433344,0.470432,-2.9575,5.74875,-6.65,-45.472004,1.392,-63.520004,concentric,4,5.0,33918.0,35897.0,93531.0,91189.0,31600.0,45196.0,41557.0,52266.0,21303.0,15662.0
2026-05-06 16:34:44.125219,912836,1609507547520192,5147432747,0.542656,0.433344,0.470432,-5.5825,6.83375,-8.855001,-45.472004,1.392,-63.520004,concentric,4,5.0,33918.0,35897.0,93531.0,91189.0,31600.0,45196.0,41557.0,52266.0,21303.0,15662.0
2026-05-06 16:34:44.134050,912837,1609507547529173,5147441456,0.51728,0.407968,0.433344,-6.685,7.23625,-8.575,-45.648003,1.12,-63.528004,concentric,4,5.0,33918.0,35897.0,93531.0,91189.0,31600.0,45196.0,41557.0,52266.0,21303.0,15662.0
2026-05-06 16:34:44.171599,912848,1609507547543750,5147456456,0.51728,0.407968,0.433344,-4.76875,7.98,-5.74,-45.648003,1.12,-63.528004,concentric,4,5.0,33866.0,35857.0,93368.0,90813.0,31544.0,45194.0,41458.0,52095.0,21278.0,15620.0
2026-05-06 16:34:44.174069,912849,1609507547552821,5147465232,0.515328,0.464576,0.470432,-1.6625,7.735,-2.93125,-45.744003,0.728,-63.232002,concentric,4,5.0,33866.0,35857.0,93368.0,90813.0,31544.0,45194.0,41458.0,52095.0,21278.0,15620.0
2026-05-06 16:34:44.176580,912850,1609507547567358,5147478189,0.542656,0.394304,0.435296,-3.8675,7.525,-3.40375,-45.352,0.552,-61.832005,concentric,4,5.0,33866.0,35857.0,93368.0,90813.0,31544.0,45194.0,41458.0,52095.0,21278.0,15620.0
2026-05-06 16:34:44.182851,912851,1609507547576686,5147488956,0.542656,0.394304,0.435296,-7.65625,7.06125,-4.725,-45.352,0.552,-61.832005,concentric,4,5.0,33866.0,35857.0,93368.0,90813.0,31544.0,45194.0,41458.0,52095.0,21278.0,15620.0
2026-05-06 16:34:44.189149,912852,1609507547585753,5147497686,0.530944,0.394304,0.47824,-8.82,6.405,-4.17375,-45.760002,1.168,-61.976,concentric,4,5.0,33866.0,35857.0,93368.0,90813.0,31544.0,45194.0,41458.0,52095.0,21278.0,15620.0
2026-05-06 16:34:44.232860,912853,1609507547600224,5147512623,0.530944,0.394304,0.47824,-7.6125,5.565,-1.72375,-45.760002,1.168,-61.976,concentric,4,5.0,33866.0,35857.0,93368.0,90813.0,31544.0,45194.0,41458.0,52095.0,21278.0,15620.0
2026-05-06 16:34:44.251585,912854,1609507547609145,5147521342,0.530944,0.392352,0.44896,-5.6875,4.83,1.3825,-45.312,0.992,-62.952003,concentric,4,5.0,33866.0,35857.0,93368.0,90813.0,31544.0,45194.0,41458.0,52095.0,21278.0,15620.0
2026-05-06 16:34:44.253996,912855,1609507547623650,5147536404,0.530944,0.392352,0.44896,-6.71125,4.095,2.485,-45.312,0.992,-62.952003,concentric,4,5.0,33866.0,35857.0,93368.0,90813.0,31544.0,45194.0,41458.0,52095.0,21278.0,15620.0
2026-05-06 16:34:44.256662,912856,1609507547632588,5147545098,0.532896,0.320128,0.441152,-7.02625,3.56125,3.64875,-45.448,1.632,-63.904003,concentric,4,5.0,33866.0,35857.0,93368.0,90813.0,31544.0,45194.0,41458.0,52095.0,21278.0,15620.0
2026-05-06 16:34:44.306533,912867,1609507547641551,5147553955,0.532896,0.320128,0.441152,-4.7425,2.84375,6.8775,-45.448,1.632,-63.904003,concentric,4,5.0,33826.0,35870.0,93346.0,90766.0,31507.0,45147.0,41464.0,52051.0,21218.0,15627.0
2026-05-06 16:34:44.331547,912868,1609507547656136,5147566933,0.525088,0.40016,0.431392,-0.8225,1.77625,11.27875,-45.352,1.336,-62.520004,concentric,4,5.0,33826.0,35870.0,93346.0,90766.0,31507.0,45147.0,41464.0,52051.0,21218.0,15627.0
2026-05-06 16:34:44.341568,912869,1609507547665421,5147577790,0.525088,0.353312,0.41968,1.9075,0.7175,11.2875,-45.352,1.336,-62.520004,concentric,4,5.0,33826.0,35870.0,93346.0,90766.0,31507.0,45147.0,41464.0,52051.0,21218.0,15627.0
2026-05-06 16:34:44.344085,912870,1609507547680220,5147592794,0.550464,0.353312,0.41968,2.555,-0.1925,9.82625,-45.648003,-1.648,-60.568005,concentric,4,5.0,33826.0,35870.0,93346.0,90766.0,31507.0,45147.0,41464.0,52051.0,21218.0,15627.0
2026-05-06 16:34:44.346629,912871,1609507547689214,5147601558,0.571936,0.277184,0.44896,0.3675,-1.18125,9.68625,-45.68,-1.592,-60.344,concentric,4,5.0,33826.0,35870.0,93346.0,90766.0,31507.0,45147.0,41464.0,52051.0,21218.0,15627.0
2026-05-06 16:34:44.351692,912872,1609507547698186,5147610278,0.571936,0.277184,0.44896,-0.06125,-0.56,12.3725,-45.68,-1.592,-60.344,concentric,4,5.0,33826.0,35870.0,93346.0,90766.0,31507.0,45147.0,41464.0,52051.0,21218.0,15627.0
2026-05-06 16:34:44.353962,912873,1609507547712733,5147625175,0.54656,0.40992,0.47824,3.64875,-0.07,16.975,-45.384003,2.424,-62.776005,concentric,4,5.0,33826.0,35870.0,93346.0,90766.0,31507.0,45147.0,41464.0,52051.0,21218.0,15627.0
2026-05-06 16:34:44.356437,912874,1609507547721671,5147633881,0.54656,0.40992,0.47824,3.15875,0.665,17.57,-45.384003,2.424,-62.776005,concentric,4,5.0,33826.0,35870.0,93346.0,90766.0,31507.0,45147.0,41464.0,52051.0,21218.0,15627.0
2026-05-06 16:34:44.358908,912875,1609507547736187,5147648798,0.513376,0.470432,0.456768,1.14625,0.86625,13.58,-45.288002,2.296,-62.040005,concentric,4,5.0,33826.0,35870.0,93346.0,90766.0,31507.0,45147.0,41464.0,52051.0,21218.0,15627.0
2026-05-06 16:34:44.386424,912886,1609507547745656,5147657656,0.513376,0.470432,0.456768,-2.5725,0.67375,3.64875,-45.288002,2.296,-62.040005,concentric,4,5.0,33391.0,35359.0,93222.0,90801.0,31074.0,44536.0,41357.0,52072.0,20982.0,15368.0
2026-05-06 16:34:44.389129,912887,1609507547754764,5147666487,0.523136,0.386496,0.499712,-1.96875,-0.035,-0.90125,-45.776,1.072,-59.320004,concentric,4,5.0,33391.0,35359.0,93222.0,90801.0,31074.0,44536.0,41357.0,52072.0,20982.0,15368.0
2026-05-06 16:34:44.391636,912888,1609507547769378,5147681541,0.569984,0.320128,0.523136,-2.415,-0.9275,-1.6625,-45.68,0.904,-60.904003,concentric,4,5.0,33391.0,35359.0,93222.0,90801.0,31074.0,44536.0,41357.0,52072.0,20982.0,15368.0
2026-05-06 16:34:44.393994,912889,1609507547778371,5147690344,0.569984,0.320128,0.523136,-10.185,0.3325,-1.8025,-45.68,0.904,-60.904003,concentric,4,5.0,33391.0,35359.0,93222.0,90801.0,31074.0,44536.0,41357.0,52072.0,20982.0,15368.0
2026-05-06 16:34:44.397912,912890,1609507547792897,5147705320,0.544608,0.37088,0.466528,-12.39,2.555,1.93375,-45.824,2.128,-62.112003,concentric,4,5.0,33391.0,35359.0,93222.0,90801.0,31074.0,44536.0,41357.0,52072.0,20982.0,15368.0
2026-05-06 16:34:44.406602,912891,1609507547801872,5147714102,0.544608,0.37088,0.466528,-4.17375,2.68625,6.5275,-45.824,2.128,-62.112003,concentric,4,5.0,33391.0,35359.0,93222.0,90801.0,31074.0,44536.0,41357.0,52072.0,20982.0,15368.0
2026-05-06 16:34:44.420110,912892,1609507547816338,5147727120,0.5368,0.50752,0.44896,4.235,2.37125,7.28,-45.664,3.024,-61.960003,concentric,4,5.0,33391.0,35359.0,93222.0,90801.0,31074.0,44536.0,41357.0,52072.0,20982.0,15368.0
2026-05-06 16:34:44.429059,912893,1609507547825489,5147737967,0.5368,0.50752,0.44896,4.4275,1.19875,2.49375,-45.664,3.024,-61.960003,concentric,4,5.0,33391.0,35359.0,93222.0,90801.0,31074.0,44536.0,41357.0,52072.0,20982.0,15368.0
2026-05-06 16:34:44.442822,912894,1609507547834464,5147746746,0.60512,0.37088,0.538752,-3.605,-0.97125,-3.96375,-46.184002,1.232,-61.344,concentric,4,5.0,33391.0,35359.0,93222.0,90801.0,31074.0,44536.0,41357.0,52072.0,20982.0,15368.0
2026-05-06 16:34:44.472842,912905,1609507547849129,5147761808,0.597312,0.337696,0.509472,-10.33375,-0.8925,-6.16,-45.840004,-0.824,-60.896004,concentric,4,5.0,33398.0,35377.0,93159.0,90830.0,31053.0,44503.0,41328.0,52073.0,20983.0,15365.0
2026-05-06 16:34:44.475386,912906,1609507547858188,5147770547,0.597312,0.337696,0.509472,-10.10625,-0.525,-2.94,-45.840004,-0.824,-60.896004,concentric,4,5.0,33398.0,35377.0,93159.0,90830.0,31053.0,44503.0,41328.0,52073.0,20983.0,15365.0
2026-05-06 16:34:44.477886,912907,1609507547872750,5147783544,0.5856,0.441152,0.486048,-9.10875,0.58625,0.72625,-46.2,-0.016,-60.488003,concentric,4,5.0,33398.0,35377.0,93159.0,90830.0,31053.0,44503.0,41328.0,52073.0,20983.0,15365.0
2026-05-06 16:34:44.488496,912908,1609507547882040,5147794334,0.5856,0.441152,0.486048,-6.62375,1.9775,1.28625,-46.2,-0.016,-60.488003,concentric,4,5.0,33398.0,35377.0,93159.0,90830.0,31053.0,44503.0,41328.0,52073.0,20983.0,15365.0
2026-05-06 16:34:44.495796,912909,1609507547890959,5147803103,0.581696,0.470432,0.530944,-5.3725,1.4525,-1.89875,-46.064003,3.248,-61.064003,concentric,4,5.0,33398.0,35377.0,93159.0,90830.0,31053.0,44503.0,41328.0,52073.0,20983.0,15365.0
2026-05-06 16:34:44.528954,912910,1609507547905475,5147817990,0.581696,0.470432,0.530944,-9.03875,0.7,-8.33,-46.064003,3.248,-61.064003,concentric,4,5.0,33398.0,35377.0,93159.0,90830.0,31053.0,44503.0,41328.0,52073.0,20983.0,15365.0
2026-05-06 16:34:44.531575,912911,1609507547914400,5147826881,0.628544,0.329888,0.511424,-12.38125,-0.21875,-11.66375,-46.328003,1.368,-59.608,concentric,4,5.0,33398.0,35377.0,93159.0,90830.0,31053.0,44503.0,41328.0,52073.0,20983.0,15365.0
2026-05-06 16:34:44.534081,912912,1609507547929016,5147839766,0.675392,0.31232,0.542656,-12.45125,0.14875,-10.6225,-46.424004,3.704,-62.216003,concentric,4,5.0,33398.0,35377.0,93159.0,90830.0,31053.0,44503.0,41328.0,52073.0,20983.0,15365.0
2026-05-06 16:34:44.542904,912913,1609507547938218,5147850549,0.675392,0.31232,0.542656,-9.28375,0.98,-5.59125,-46.424004,3.704,-62.216003,concentric,4,5.0,33398.0,35377.0,93159.0,90830.0,31053.0,44503.0,41328.0,52073.0,20983.0,15365.0
2026-05-06 16:34:44.577959,912924,1609507547947801,5147859917,0.675392,0.55632,0.573888,-6.64125,1.14625,-1.04125,-46.424004,3.704,-62.216003,concentric,4,5.0,33418.0,35470.0,93099.0,91029.0,31087.0,44665.0,41281.0,52169.0,20970.0,15448.0
2026-05-06 16:34:44.580474,912925,1609507547962583,5147874914,0.597312,0.55632,0.573888,-7.84,0.88375,-2.5725,-46.632004,3.128,-62.816,concentric,4,5.0,33418.0,35470.0,93099.0,91029.0,31087.0,44665.0,41281.0,52169.0,20970.0,15448.0
2026-05-06 16:34:44.582945,912926,1609507547971543,5147883730,0.597312,0.591456,0.50752,-13.440001,-1.015,-10.78875,-46.536003,2.688,-61.336002,concentric,4,5.0,33418.0,35470.0,93099.0,91029.0,31087.0,44665.0,41281.0,52169.0,20970.0,15448.0
2026-05-06 16:34:44.591460,912927,1609507547986039,5147898690,0.597312,0.591456,0.50752,-17.22,-3.395,-22.18125,-46.536003,2.688,-61.336002,concentric,4,5.0,33418.0,35470.0,93099.0,91029.0,31087.0,44665.0,41281.0,52169.0,20970.0,15448.0
2026-05-06 16:34:44.600148,912928,1609507547994969,5147907428,0.694912,0.296704,0.548512,-21.455,-7.07,-33.6175,-46.800003,2.848,-61.744003,concentric,4,5.0,33418.0,35470.0,93099.0,91029.0,31087.0,44665.0,41281.0,52169.0,20970.0,15448.0
2026-05-06 16:34:44.608858,912929,1609507548003904,5147916134,0.694912,0.296704,0.548512,-25.83875,-7.735,-34.545002,-46.800003,2.848,-61.744003,concentric,4,5.0,33418.0,35470.0,93099.0,91029.0,31087.0,44665.0,41281.0,52169.0,20970.0,15448.0
2026-05-06 16:34:44.622931,912930,1609507548018427,5147931179,0.681248,0.339648,0.560224,-21.72625,-7.5425,-24.75375,-47.52,2.184,-62.328003,concentric,4,5.0,33418.0,35470.0,93099.0,91029.0,31087.0,44665.0,41281.0,52169.0,20970.0,15448.0
2026-05-06 16:34:44.631660,912931,1609507548027371,5147939894,0.681248,0.339648,0.560224,-15.4525,-7.0175,-14.4725,-47.52,2.184,-62.328003,concentric,4,5.0,33418.0,35470.0,93099.0,91029.0,31087.0,44665.0,41281.0,52169.0,20970.0,15448.0
2026-05-06 16:34:44.645453,912932,1609507548041988,5147952781,0.607072,0.579744,0.540704,-9.47625,-6.9475,-11.33125,-47.848003,2.2,-61.296,concentric,4,5.0,33418.0,35470.0,93099.0,91029.0,31087.0,44665.0,41281.0,52169.0,20970.0,15448.0
2026-05-06 16:34:44.740470,912943,1609507548051354,5147963579,0.646112,0.548512,0.583648,-2.8525,-7.98,-14.62125,-47.592003,1.288,-61.624004,concentric,4,5.0,33298.0,35295.0,93006.0,91020.0,30964.0,44466.0,41237.0,52154.0,20898.0,15308.0
2026-05-06 16:34:44.742996,912944,1609507548060347,5147972415,0.646112,0.548512,0.583648,-2.37125,-9.75625,-23.38875,-47.592003,1.288,-61.624004,concentric,4,5.0,33298.0,35295.0,93006.0,91020.0,30964.0,44466.0,41237.0,52154.0,20898.0,15308.0
2026-05-06 16:34:44.745465,912945,1609507548074862,5147987493,0.669536,0.470432,0.657824,-3.24625,-10.15875,-27.125,-48.072002,1.376,-61.896004,concentric,4,5.0,33298.0,35295.0,93006.0,91020.0,30964.0,44466.0,41237.0,52154.0,20898.0,15308.0
2026-05-06 16:34:44.747940,912946,1609507548083823,5147996219,0.669536,0.470432,0.657824,-2.40625,-10.08875,-27.0375,-48.072002,1.376,-61.896004,concentric,4,5.0,33298.0,35295.0,93006.0,91020.0,30964.0,44466.0,41237.0,52154.0,20898.0,15308.0
2026-05-06 16:34:44.750466,912947,1609507548098331,5148009179,0.665632,0.538752,0.609024,-2.52875,-7.91875,-25.935,-48.096,1.24,-61.864002,concentric,4,5.0,33298.0,35295.0,93006.0,91020.0,30964.0,44466.0,41237.0,52154.0,20898.0,15308.0
2026-05-06 16:34:44.752893,912948,1609507548107763,5148019958,0.665632,0.538752,0.609024,-2.835,-5.99375,-24.5875,-48.096,1.24,-61.864002,concentric,4,5.0,33298.0,35295.0,93006.0,91020.0,30964.0,44466.0,41237.0,52154.0,20898.0,15308.0
2026-05-06 16:34:44.755192,912949,1609507548122291,5148034902,0.70272,0.530944,0.597312,-4.36625,-2.9575,-24.5875,-48.184002,0.896,-62.064003,concentric,4,5.0,33298.0,35295.0,93006.0,91020.0,30964.0,44466.0,41237.0,52154.0,20898.0,15308.0
2026-05-06 16:34:44.757639,912950,1609507548131220,5148043718,0.716384,0.407968,0.583648,-6.055,1.05,-23.87,-48.424004,-0.336,-60.440002,concentric,4,5.0,33298.0,35295.0,93006.0,91020.0,30964.0,44466.0,41237.0,52154.0,20898.0,15308.0
2026-05-06 16:34:44.760262,912951,1609507548140191,5148052500,0.716384,0.407968,0.583648,-4.34875,4.9175,-18.095,-48.424004,-0.336,-60.440002,concentric,4,5.0,33298.0,35295.0,93006.0,91020.0,30964.0,44466.0,41237.0,52154.0,20898.0,15308.0
2026-05-06 16:34:44.790430,912962,1609507548155152,5148067621,0.70272,0.51728,0.628544,-2.89625,7.8225,-8.9425,-48.88,-2.352,-59.392002,concentric,4,5.0,33352.0,35382.0,93221.0,90954.0,31026.0,44538.0,41339.0,52115.0,20907.0,15343.0
2026-05-06 16:34:44.792887,912963,1609507548164197,5148076356,0.70272,0.51728,0.628544,-4.96125,10.05375,-1.96875,-48.88,-2.352,-59.392002,concentric,4,5.0,33352.0,35382.0,93221.0,90954.0,31026.0,44538.0,41339.0,52115.0,20907.0,15343.0
2026-05-06 16:34:44.795388,912964,1609507548178746,5148091466,0.685152,0.564128,0.569984,-8.02375,12.005,0.2975,-48.752003,-2.736,-58.816,concentric,4,5.0,33352.0,35382.0,93221.0,90954.0,31026.0,44538.0,41339.0,52115.0,20907.0,15343.0
2026-05-06 16:34:44.797853,912965,1609507548187729,5148100234,0.685152,0.564128,0.569984,-7.9625,11.6725,-2.0125,-48.752003,-2.736,-58.816,concentric,4,5.0,33352.0,35382.0,93221.0,90954.0,31026.0,44538.0,41339.0,52115.0,20907.0,15343.0
2026-05-06 16:34:44.800437,912966,1609507548196680,5148108930,0.72224,0.447008,0.542656,-6.23875,9.84375,-2.89625,-49.056004,-2.728,-58.984,concentric,4,5.0,33352.0,35382.0,93221.0,90954.0,31026.0,44538.0,41339.0,52115.0,20907.0,15343.0
2026-05-06 16:34:44.834055,912967,1609507548211175,5148123864,0.735904,0.384544,0.62464,-5.74,6.78125,-1.82,-49.016003,1.416,-61.336002,concentric,4,5.0,33352.0,35382.0,93221.0,90954.0,31026.0,44538.0,41339.0,52115.0,20907.0,15343.0
2026-05-06 16:34:44.836304,912968,1609507548220132,5148132574,0.735904,0.384544,0.62464,-4.8825,3.71,4.40125,-49.016003,1.416,-61.336002,concentric,4,5.0,33352.0,35382.0,93221.0,90954.0,31026.0,44538.0,41339.0,52115.0,20907.0,15343.0
2026-05-06 16:34:44.838776,912969,1609507548234636,5148145601,0.655872,0.548512,0.597312,-3.70125,1.26875,11.15625,-48.608,1.944,-61.128002,concentric,4,5.0,33352.0,35382.0,93221.0,90954.0,31026.0,44538.0,41339.0,52115.0,20907.0,15343.0
2026-05-06 16:34:44.852643,912970,1609507548244061,5148156384,0.655872,0.548512,0.597312,-3.7275,-0.77,14.72625,-48.608,1.944,-61.128002,concentric,4,5.0,33352.0,35382.0,93221.0,90954.0,31026.0,44538.0,41339.0,52115.0,20907.0,15343.0
2026-05-06 16:34:44.907765,912981,1609507548253084,5148165200,0.675392,0.452864,0.560224,-7.00875,-2.91375,10.91125,-48.56,1.416,-60.952003,concentric,4,5.0,33534.0,35529.0,93162.0,91566.0,31154.0,44685.0,41312.0,52392.0,21020.0,15441.0
2026-05-06 16:34:44.910401,912982,1609507548267657,5148180159,0.675392,0.452864,0.560224,-11.71625,-4.025,4.31375,-48.56,1.416,-60.952003,concentric,4,5.0,33534.0,35529.0,93162.0,91566.0,31154.0,44685.0,41312.0,52392.0,21020.0,15441.0
2026-05-06 16:34:44.912885,912983,1609507548276733,5148188864,0.667584,0.3904,0.560224,-10.70125,-4.89125,3.12375,-48.808002,2.36,-61.480003,concentric,4,5.0,33534.0,35529.0,93162.0,91566.0,31154.0,44685.0,41312.0,52392.0,21020.0,15441.0
2026-05-06 16:34:44.915421,912984,1609507548291404,5148203797,0.71248,0.423584,0.5856,-1.3475,-6.6325,7.67375,-48.776,2.448,-62.208004,concentric,4,5.0,33534.0,35529.0,93162.0,91566.0,31154.0,44685.0,41312.0,52392.0,21020.0,15441.0
2026-05-06 16:34:44.917694,912985,1609507548300397,5148212555,0.71248,0.423584,0.5856,0.14875,-8.23375,8.3125,-48.776,2.448,-62.208004,concentric,4,5.0,33534.0,35529.0,93162.0,91566.0,31154.0,44685.0,41312.0,52392.0,21020.0,15441.0
2026-05-06 16:34:44.920111,912986,1609507548309423,5148221271,0.71248,0.423584,0.5856,-0.07875,-8.6975,7.39375,-48.776,2.448,-62.208004,concentric,4,5.0,33534.0,35529.0,93162.0,91566.0,31154.0,44685.0,41312.0,52392.0,21020.0,15441.0
2026-05-06 16:34:44.929102,912987,1609507548324012,5148236220,0.687104,0.42944,0.661728,0.9625,-10.3075,5.705,-48.768,2.264,-61.000004,concentric,4,5.0,33534.0,35529.0,93162.0,91566.0,31154.0,44685.0,41312.0,52392.0,21020.0,15441.0
2026-05-06 16:34:44.935279,912988,1609507548332993,5148244985,0.646112,0.515328,0.651968,4.12125,-11.375,4.22625,-48.688004,0.864,-60.552002,concentric,4,5.0,33534.0,35529.0,93162.0,91566.0,31154.0,44685.0,41312.0,52392.0,21020.0,15441.0
2026-05-06 16:34:44.978152,912999,1609507548348094,5148260188,0.646112,0.515328,0.651968,6.125,-11.29625,1.18125,-48.688004,0.864,-60.552002,concentric,4,5.0,33469.0,35453.0,92950.0,91481.0,31067.0,44593.0,41187.0,52338.0,20983.0,15385.0
2026-05-06 16:34:44.978270,913000,1609507548357178,5148268966,0.689056,0.435296,0.630496,2.94875,-10.6575,-4.36625,-48.552002,2.032,-61.648003,concentric,4,5.0,33469.0,35453.0,92950.0,91481.0,31067.0,44593.0,41187.0,52338.0,20983.0,15385.0
2026-05-06 16:34:44.980304,913001,1609507548366160,5148277724,0.689056,0.435296,0.630496,0.6475,-9.0825,-7.7,-48.552002,2.032,-61.648003,concentric,4,5.0,33469.0,35453.0,92950.0,91481.0,31067.0,44593.0,41187.0,52338.0,20983.0,15385.0
2026-05-06 16:34:44.985159,913002,1609507548380891,5148292662,0.694912,0.437248,0.657824,4.38375,-7.4725,-7.44625,-49.04,-1.576,-60.488003,concentric,4,5.0,33469.0,35453.0,92950.0,91481.0,31067.0,44593.0,41187.0,52338.0,20983.0,15385.0
2026-05-06 16:34:44.997857,913003,1609507548389897,5148301425,0.694912,0.437248,0.657824,8.715,-5.8625,-6.2125,-49.04,-1.576,-60.488003,concentric,4,5.0,33469.0,35453.0,92950.0,91481.0,31067.0,44593.0,41187.0,52338.0,20983.0,15385.0
2026-05-06 16:34:45.011486,913004,1609507548404444,5148316333,0.67344,0.589504,0.638304,11.4625,-4.12125,-5.94125,-49.160004,2.784,-59.744003,concentric,4,5.0,33469.0,35453.0,92950.0,91481.0,31067.0,44593.0,41187.0,52338.0,20983.0,15385.0
2026-05-06 16:34:45.017853,913005,1609507548413391,5148325020,0.708576,0.5856,0.609024,9.1,-2.9225,-10.00125,-48.960003,1.96,-61.600002,concentric,4,5.0,33469.0,35453.0,92950.0,91481.0,31067.0,44593.0,41187.0,52338.0,20983.0,15385.0
2026-05-06 16:34:45.044083,913006,1609507548427894,5148340118,0.708576,0.5856,0.609024,1.6975,-1.84625,-14.69125,-48.960003,1.96,-61.600002,concentric,4,5.0,33469.0,35453.0,92950.0,91481.0,31067.0,44593.0,41187.0,52338.0,20983.0,15385.0
2026-05-06 16:34:45.067611,913007,1609507548436912,5148348835,0.76128,0.579744,0.651968,3.29,-1.07625,-15.636251,-48.824,0.936,-60.976,eccentric,4,5.0,33469.0,35453.0,92950.0,91481.0,31067.0,44593.0,41187.0,52338.0,20983.0,15385.0
2026-05-06 16:34:45.082785,913008,1609507548445814,5148357626,0.76128,0.579744,0.651968,6.5975,-1.21625,-16.52875,-48.824,0.936,-60.976,eccentric,4,5.0,33469.0,35453.0,92950.0,91481.0,31067.0,44593.0,41187.0,52338.0,20983.0,15385.0
2026-05-06 16:34:45.112854,913019,1609507548460420,5148372645,0.767136,0.579744,0.696864,4.31375,0.56875,-18.165,-49.024002,1.28,-61.272003,eccentric,4,5.0,33332.0,35294.0,92804.0,91309.0,30986.0,44399.0,41112.0,52257.0,20909.0,15288.0
2026-05-06 16:34:45.115394,913020,1609507548469407,5148381373,0.767136,0.579744,0.696864,3.29,3.57,-17.4125,-49.024002,1.28,-61.272003,eccentric,4,5.0,33332.0,35294.0,92804.0,91309.0,30986.0,44399.0,41112.0,52257.0,20909.0,15288.0
2026-05-06 16:34:45.117832,913021,1609507548483916,5148396290,0.806176,0.630496,0.733952,3.87625,5.73125,-15.70625,-49.304,-0.464,-59.200005,eccentric,4,5.0,33332.0,35294.0,92804.0,91309.0,30986.0,44399.0,41112.0,52257.0,20909.0,15288.0
2026-05-06 16:34:45.120474,913022,1609507548492885,5148405008,0.80032,0.534848,0.646112,-1.4175,8.07625,-15.8025,-49.280003,-2.584,-58.272003,eccentric,4,5.0,33332.0,35294.0,92804.0,91309.0,30986.0,44399.0,41112.0,52257.0,20909.0,15288.0
2026-05-06 16:34:45.122957,913023,1609507548507430,5148419950,0.80032,0.534848,0.646112,-3.91125,9.52,-14.23625,-49.280003,-2.584,-58.272003,eccentric,4,5.0,33332.0,35294.0,92804.0,91309.0,30986.0,44399.0,41112.0,52257.0,20909.0,15288.0
2026-05-06 16:34:45.125448,913024,1609507548516390,5148428705,0.804224,0.5856,0.708576,-2.8,9.52,-10.815,-49.328003,-2.664,-58.528004,eccentric,4,5.0,33332.0,35294.0,92804.0,91309.0,30986.0,44399.0,41112.0,52257.0,20909.0,15288.0
2026-05-06 16:34:45.130463,913025,1609507548525435,5148437403,0.804224,0.5856,0.708576,-3.92,9.45875,-6.9125,-49.328003,-2.664,-58.528004,eccentric,4,5.0,33332.0,35294.0,92804.0,91309.0,30986.0,44399.0,41112.0,52257.0,20909.0,15288.0
2026-05-06 16:34:45.145800,913026,1609507548540115,5148452402,0.802272,0.597312,0.685152,-6.34375,9.70375,-5.075,-49.112003,0.88,-60.832005,eccentric,4,5.0,33332.0,35294.0,92804.0,91309.0,30986.0,44399.0,41112.0,52257.0,20909.0,15288.0
2026-05-06 16:34:45.182827,913037,1609507548549510,5148461290,0.802272,0.597312,0.685152,-7.65625,10.2375,-5.31125,-49.112003,0.88,-60.832005,eccentric,4,5.0,33069.0,35137.0,92773.0,92796.0,30619.0,44052.0,40985.0,52933.0,20687.0,15182.0
2026-05-06 16:34:45.185316,913038,1609507548558584,5148470145,0.8296,0.525088,0.66368,-5.57375,9.33625,-6.51875,-48.656002,0.6,-60.664,eccentric,4,5.0,33069.0,35137.0,92773.0,92796.0,30619.0,44052.0,40985.0,52933.0,20687.0,15182.0
2026-05-06 16:34:45.187992,913039,1609507548573141,5148485121,0.794464,0.515328,0.737856,-3.92,7.07875,-5.85375,-49.064003,-1.0,-60.328003,eccentric,4,5.0,33069.0,35137.0,92773.0,92796.0,30619.0,44052.0,40985.0,52933.0,20687.0,15182.0
2026-05-06 16:34:45.190265,913040,1609507548582109,5148493864,0.794464,0.515328,0.737856,-1.44375,4.05125,-2.75625,-49.064003,-1.0,-60.328003,eccentric,4,5.0,33069.0,35137.0,92773.0,92796.0,30619.0,44052.0,40985.0,52933.0,20687.0,15182.0
2026-05-06 16:34:45.204188,913041,1609507548596596,5148508808,0.726144,0.630496,0.706624,0.9275,1.54875,-0.79625,-49.248,-0.984,-61.112003,eccentric,4,5.0,33069.0,35137.0,92773.0,92796.0,30619.0,44052.0,40985.0,52933.0,20687.0,15182.0
2026-05-06 16:34:45.209193,913042,1609507548605544,5148517522,0.726144,0.630496,0.706624,4.4975,0.79625,0.83125,-49.248,-0.984,-61.112003,eccentric,4,5.0,33069.0,35137.0,92773.0,92796.0,30619.0,44052.0,40985.0,52933.0,20687.0,15182.0
2026-05-06 16:34:45.242824,913043,1609507548620239,5148532496,0.813984,0.49776,0.655872,5.1625,0.32375,-3.0275,-48.872,-1.152,-59.808002,eccentric,4,5.0,33069.0,35137.0,92773.0,92796.0,30619.0,44052.0,40985.0,52933.0,20687.0,15182.0
2026-05-06 16:34:45.249456,913044,1609507548629300,5148541229,0.813984,0.49776,0.655872,4.34875,-0.35875,-6.5975,-48.872,-1.152,-59.808002,eccentric,4,5.0,33069.0,35137.0,92773.0,92796.0,30619.0,44052.0,40985.0,52933.0,20687.0,15182.0
2026-05-06 16:34:45.249930,913045,1609507548638282,5148549995,0.747616,0.552416,0.651968,7.49875,-1.155,-4.22625,-48.488003,0.584,-61.016003,eccentric,4,5.0,33069.0,35137.0,92773.0,92796.0,30619.0,44052.0,40985.0,52933.0,20687.0,15182.0
2026-05-06 16:34:45.280363,913057,1609507548652955,5148565106,0.747616,0.632448,0.636352,10.64,-2.70375,-0.4725,-48.488003,0.584,-61.016003,eccentric,4,5.0,32467.0,34646.0,92189.0,94744.0,30046.0,43459.0,40650.0,53954.0,20373.0,14916.0
2026-05-06 16:34:45.282844,913058,1609507548662016,5148573837,0.720288,0.632448,0.636352,8.86375,-3.10625,-1.26875,-48.768,0.144,-60.712,eccentric,4,5.0,32467.0,34646.0,92189.0,94744.0,30046.0,43459.0,40650.0,53954.0,20373.0,14916.0
2026-05-06 16:34:45.285277,913059,1609507548676534,5148588830,0.726144,0.525088,0.62464,4.9175,-3.35125,-6.51,-48.632004,0.416,-61.008003,eccentric,4,5.0,32467.0,34646.0,92189.0,94744.0,30046.0,43459.0,40650.0,53954.0,20373.0,14916.0
2026-05-06 16:34:45.289215,913060,1609507548685473,5148597615,0.726144,0.525088,0.62464,5.81875,-2.8875,-9.345,-48.632004,0.416,-61.008003,eccentric,4,5.0,32467.0,34646.0,92189.0,94744.0,30046.0,43459.0,40650.0,53954.0,20373.0,14916.0
2026-05-06 16:34:45.297972,913061,1609507548694406,5148606325,0.72224,0.540704,0.589504,9.66,-2.21375,-8.40875,-48.680004,-1.696,-62.344,eccentric,4,5.0,32467.0,34646.0,92189.0,94744.0,30046.0,43459.0,40650.0,53954.0,20373.0,14916.0
2026-05-06 16:34:45.321695,913062,1609507548708912,5148621218,0.72224,0.540704,0.589504,13.85125,-2.05625,-5.6525,-48.680004,-1.696,-62.344,eccentric,4,5.0,32467.0,34646.0,92189.0,94744.0,30046.0,43459.0,40650.0,53954.0,20373.0,14916.0
2026-05-06 16:34:45.324209,913063,1609507548717854,5148630137,0.718336,0.52704,0.646112,10.9375,-2.40625,-4.8475,-48.328003,0.44,-61.504,eccentric,4,5.0,32467.0,34646.0,92189.0,94744.0,30046.0,43459.0,40650.0,53954.0,20373.0,14916.0
2026-05-06 16:34:45.338808,913064,1609507548732424,5148645147,0.718336,0.52704,0.646112,5.34625,-2.0125,-3.38625,-48.328003,0.44,-61.504,eccentric,4,5.0,32467.0,34646.0,92189.0,94744.0,30046.0,43459.0,40650.0,53954.0,20373.0,14916.0
2026-05-06 16:34:45.346531,913065,1609507548741341,5148653854,0.677344,0.603168,0.573888,3.61375,-1.54875,-1.4875,-48.320004,0.104,-60.488003,eccentric,4,5.0,32467.0,34646.0,92189.0,94744.0,30046.0,43459.0,40650.0,53954.0,20373.0,14916.0
2026-05-06 16:34:45.377826,913076,1609507548755913,5148666732,0.671488,0.47824,0.568032,4.12125,-1.0675,-2.10875,-48.272003,-1.976,-60.784004,eccentric,4,5.0,32398.0,34318.0,91924.0,94133.0,29952.0,43159.0,40509.0,53675.0,20313.0,14780.0
2026-05-06 16:34:45.380375,913077,1609507548765250,5148677515,0.671488,0.47824,0.568032,2.3975,0.3325,-4.095,-48.272003,-1.976,-60.784004,eccentric,4,5.0,32398.0,34318.0,91924.0,94133.0,29952.0,43159.0,40509.0,53675.0,20313.0,14780.0
2026-05-06 16:34:45.382872,913078,1609507548774327,5148686286,0.648064,0.45872,0.56608,2.03,2.09125,-1.89875,-48.2,-1.752,-61.104004,eccentric,4,5.0,32398.0,34318.0,91924.0,94133.0,29952.0,43159.0,40509.0,53675.0,20313.0,14780.0
2026-05-06 16:34:45.410444,913079,1609507548788870,5148701254,0.648064,0.45872,0.56608,4.15625,3.49125,2.8525,-48.2,-1.752,-61.104004,eccentric,4,5.0,32398.0,34318.0,91924.0,94133.0,29952.0,43159.0,40509.0,53675.0,20313.0,14780.0
2026-05-06 16:34:45.436012,913080,1609507548797771,5148709941,0.618784,0.56608,0.544608,5.5125,3.325,7.84,-47.864002,-0.216,-61.520004,eccentric,4,5.0,32398.0,34318.0,91924.0,94133.0,29952.0,43159.0,40509.0,53675.0,20313.0,14780.0
2026-05-06 16:34:45.447812,913081,1609507548812280,5148724913,0.618784,0.56608,0.544608,2.765,2.33625,7.5775,-47.864002,-0.216,-61.520004,eccentric,4,5.0,32398.0,34318.0,91924.0,94133.0,29952.0,43159.0,40509.0,53675.0,20313.0,14780.0
2026-05-06 16:34:45.450282,913082,1609507548821221,5148733689,0.62464,0.452864,0.505568,-3.73625,1.49625,2.8525,-47.488003,-2.168,-59.728004,eccentric,4,5.0,32398.0,34318.0,91924.0,94133.0,29952.0,43159.0,40509.0,53675.0,20313.0,14780.0
2026-05-06 16:34:45.452731,913083,1609507548835820,5148746582,0.610976,0.443104,0.499712,-6.7375,0.72625,1.32125,-47.872,0.176,-63.488003,eccentric,4,5.0,32398.0,34318.0,91924.0,94133.0,29952.0,43159.0,40509.0,53675.0,20313.0,14780.0
2026-05-06 16:34:45.455183,913084,1609507548845002,5148757355,0.610976,0.443104,0.499712,-1.4875,-0.00875,4.235,-47.872,0.176,-63.488003,eccentric,4,5.0,32398.0,34318.0,91924.0,94133.0,29952.0,43159.0,40509.0,53675.0,20313.0,14780.0
2026-05-06 16:34:45.485409,913095,1609507548854103,5148766176,0.610976,0.443104,0.577792,3.59625,-1.5575,7.315,-47.872,0.176,-63.488003,eccentric,4,5.0,32557.0,34510.0,91829.0,93222.0,30127.0,43375.0,40511.0,53229.0,20437.0,14837.0
2026-05-06 16:34:45.487905,913096,1609507548868683,5148781225,0.610976,0.454816,0.579744,1.05875,-2.7475,7.65625,-47.032,-3.056,-61.264004,eccentric,4,5.0,32557.0,34510.0,91829.0,93222.0,30127.0,43375.0,40511.0,53229.0,20437.0,14837.0
2026-05-06 16:34:45.490429,913097,1609507548877625,5148789947,0.573888,0.41968,0.50752,-7.20125,-3.54375,7.28,-47.224003,-2.776,-61.056004,eccentric,4,5.0,32557.0,34510.0,91829.0,93222.0,30127.0,43375.0,40511.0,53229.0,20437.0,14837.0
2026-05-06 16:34:45.496691,913098,1609507548892261,5148804946,0.573888,0.41968,0.50752,-13.7025,-4.34875,8.46125,-47.224003,-2.776,-61.056004,eccentric,4,5.0,32557.0,34510.0,91829.0,93222.0,30127.0,43375.0,40511.0,53229.0,20437.0,14837.0
2026-05-06 16:34:45.528122,913099,1609507548901201,5148813656,0.540704,0.441152,0.396256,-15.846251,-5.45125,9.0125,-46.888,-1.032,-61.072002,eccentric,4,5.0,32557.0,34510.0,91829.0,93222.0,30127.0,43375.0,40511.0,53229.0,20437.0,14837.0
2026-05-06 16:34:45.530047,913100,1609507548910210,5148822434,0.540704,0.441152,0.396256,-15.07625,-5.915,8.42625,-46.888,-1.032,-61.072002,eccentric,4,5.0,32557.0,34510.0,91829.0,93222.0,30127.0,43375.0,40511.0,53229.0,20437.0,14837.0
2026-05-06 16:34:45.532703,913101,1609507548924712,5148837372,0.558272,0.372832,0.421632,-10.185,-7.2275,7.07875,-46.616,0.592,-62.600002,eccentric,4,5.0,32557.0,34510.0,91829.0,93222.0,30127.0,43375.0,40511.0,53229.0,20437.0,14837.0
2026-05-06 16:34:45.539045,913102,1609507548933665,5148846154,0.558272,0.372832,0.421632,-5.43375,-7.7875,5.985,-46.616,0.592,-62.600002,eccentric,4,5.0,32557.0,34510.0,91829.0,93222.0,30127.0,43375.0,40511.0,53229.0,20437.0,14837.0
2026-05-06 16:34:45.552749,913103,1609507548948294,5148859064,0.564128,0.327936,0.489952,-2.6425,-7.25375,7.21,-46.568,-0.608,-62.976,eccentric,4,5.0,32557.0,34510.0,91829.0,93222.0,30127.0,43375.0,40511.0,53229.0,20437.0,14837.0
2026-05-06 16:34:45.580354,913114,1609507548957702,5148869954,0.49776,0.411872,0.4392,-3.61375,-6.7025,9.03,-46.264004,0.8,-62.840004,eccentric,4,5.0,32616.0,34625.0,91596.0,92308.0,30217.0,43513.0,40373.0,52786.0,20470.0,14918.0
2026-05-06 16:34:45.582987,913115,1609507548966640,5148878789,0.49776,0.411872,0.4392,-4.76875,-5.38125,10.80625,-46.264004,0.8,-62.840004,eccentric,4,5.0,32616.0,34625.0,91596.0,92308.0,30217.0,43513.0,40373.0,52786.0,20470.0,14918.0
2026-05-06 16:34:45.585357,913116,1609507548981182,5148893758,0.503616,0.441152,0.40992,-7.5775,-3.57,8.54,-46.304,1.096,-63.288002,eccentric,4,5.0,32616.0,34625.0,91596.0,92308.0,30217.0,43513.0,40373.0,52786.0,20470.0,14918.0
2026-05-06 16:34:45.594223,913117,1609507548990332,5148902514,0.503616,0.441152,0.40992,-11.62875,-1.47,2.8,-46.304,1.096,-63.288002,eccentric,4,5.0,32616.0,34625.0,91596.0,92308.0,30217.0,43513.0,40373.0,52786.0,20470.0,14918.0
2026-05-06 16:34:45.627650,913118,1609507549004827,5148917469,0.503616,0.36112,0.392352,-12.08375,-0.13125,-2.75625,-46.480003,-1.256,-61.88,eccentric,4,5.0,32616.0,34625.0,91596.0,92308.0,30217.0,43513.0,40373.0,52786.0,20470.0,14918.0
2026-05-06 16:34:45.630305,913119,1609507549013731,5148926161,0.503616,0.36112,0.392352,-8.30375,0.9975,-4.61125,-46.480003,-1.256,-61.88,eccentric,4,5.0,32616.0,34625.0,91596.0,92308.0,30217.0,43513.0,40373.0,52786.0,20470.0,14918.0
2026-05-06 16:34:45.632766,913120,1609507549028228,5148939011,0.530944,0.333792,0.44896,-4.57625,2.35375,-4.80375,-46.008003,1.248,-64.48,eccentric,4,5.0,32616.0,34625.0,91596.0,92308.0,30217.0,43513.0,40373.0,52786.0,20470.0,14918.0
2026-05-06 16:34:45.644127,913121,1609507549037434,5148949806,0.532896,0.365024,0.46848,-2.3975,4.6025,-3.325,-45.840004,0.568,-62.488003,eccentric,4,5.0,32616.0,34625.0,91596.0,92308.0,30217.0,43513.0,40373.0,52786.0,20470.0,14918.0
2026-05-06 16:34:45.650304,913122,1609507549046397,5148958526,0.532896,0.365024,0.46848,-1.42625,6.16875,-3.21125,-45.840004,0.568,-62.488003,eccentric,4,5.0,32616.0,34625.0,91596.0,92308.0,30217.0,43513.0,40373.0,52786.0,20470.0,14918.0
2026-05-06 16:34:45.677874,913133,1609507549061019,5148973665,0.49776,0.4392,0.445056,-3.42125,7.21,-2.94875,-45.688004,0.336,-62.816,eccentric,4,5.0,32682.0,34794.0,91472.0,91459.0,30313.0,43754.0,40369.0,52323.0,20499.0,14995.0
2026-05-06 16:34:45.680439,913134,1609507549070011,5148982440,0.49776,0.4392,0.445056,-7.28,7.39375,-3.57,-45.688004,0.336,-62.816,eccentric,4,5.0,32682.0,34794.0,91472.0,91459.0,30313.0,43754.0,40369.0,52323.0,20499.0,14995.0
2026-05-06 16:34:45.689179,913135,1609507549084509,5148995302,0.51728,0.345504,0.396256,-10.57,7.105,-6.9125,-46.104004,-0.536,-61.816,eccentric,4,5.0,32682.0,34794.0,91472.0,91459.0,30313.0,43754.0,40369.0,52323.0,20499.0,14995.0
2026-05-06 16:34:45.697981,913136,1609507549093729,5149006088,0.51728,0.345504,0.396256,-10.745,6.0375,-7.23625,-46.104004,-0.536,-61.816,eccentric,4,5.0,32682.0,34794.0,91472.0,91459.0,30313.0,43754.0,40369.0,52323.0,20499.0,14995.0
2026-05-06 16:34:45.706617,913137,1609507549102681,5149014803,0.55632,0.284992,0.437248,-8.14625,5.18,-3.68375,-45.864002,-1.048,-63.360004,eccentric,4,5.0,32682.0,34794.0,91472.0,91459.0,30313.0,43754.0,40369.0,52323.0,20499.0,14995.0
2026-05-06 16:34:45.740329,913138,1609507549117169,5149029717,0.52704,0.363072,0.406016,-4.8125,4.75125,1.93375,-45.304,1.008,-62.408005,eccentric,4,5.0,32682.0,34794.0,91472.0,91459.0,30313.0,43754.0,40369.0,52323.0,20499.0,14995.0
2026-05-06 16:34:45.745372,913139,1609507549126222,5149038549,0.52704,0.363072,0.406016,-2.94,3.6925,7.8575,-45.304,1.008,-62.408005,eccentric,4,5.0,32682.0,34794.0,91472.0,91459.0,30313.0,43754.0,40369.0,52323.0,20499.0,14995.0
2026-05-06 16:34:45.747924,913140,1609507549140734,5149053450,0.484096,0.407968,0.398208,-3.815,2.555,9.93125,-45.416,1.328,-63.264004,eccentric,4,5.0,32682.0,34794.0,91472.0,91459.0,30313.0,43754.0,40369.0,52323.0,20499.0,14995.0
2026-05-06 16:34:45.830374,913151,1609507549149716,5149062656,0.484096,0.407968,0.398208,-6.3525,1.505,9.905,-45.416,1.328,-63.264004,eccentric,4,5.0,32697.0,34840.0,91462.0,91037.0,30274.0,43761.0,40358.0,52104.0,20505.0,14995.0
2026-05-06 16:34:45.832875,913152,1609507549158711,5149071377,0.534848,0.324032,0.427488,-6.475,0.44625,8.32125,-45.152,0.544,-63.104004,eccentric,4,5.0,32697.0,34840.0,91462.0,91037.0,30274.0,43761.0,40358.0,52104.0,20505.0,14995.0
2026-05-06 16:34:45.835289,913153,1609507549173312,5149084317,0.534848,0.324032,0.427488,-4.45375,-1.33,8.68875,-45.152,0.544,-63.104004,eccentric,4,5.0,32697.0,34840.0,91462.0,91037.0,30274.0,43761.0,40358.0,52104.0,20505.0,14995.0
2026-05-06 16:34:45.837944,913154,1609507549182482,5149095101,0.552416,0.271328,0.40016,-1.91625,-3.0975,10.675,-45.120003,1.2,-63.432003,eccentric,4,5.0,32697.0,34840.0,91462.0,91037.0,30274.0,43761.0,40358.0,52104.0,20505.0,14995.0
2026-05-06 16:34:45.840459,913155,1609507549196950,5149107965,0.521184,0.365024,0.466528,-0.1575,-4.06,15.07625,-45.120003,1.2,-63.432003,eccentric,4,5.0,32697.0,34840.0,91462.0,91037.0,30274.0,43761.0,40358.0,52104.0,20505.0,14995.0
2026-05-06 16:34:45.842991,913156,1609507549206128,5149118730,0.515328,0.365024,0.466528,-1.2075,-4.305,19.15375,-45.152,-2.144,-61.472004,eccentric,4,5.0,32697.0,34840.0,91462.0,91037.0,30274.0,43761.0,40358.0,52104.0,20505.0,14995.0
2026-05-06 16:34:45.847744,913157,1609507549220742,5149131692,0.493856,0.406016,0.42944,-3.885,-4.01625,20.3,-45.104004,-0.64,-62.784004,eccentric,4,5.0,32697.0,34840.0,91462.0,91037.0,30274.0,43761.0,40358.0,52104.0,20505.0,14995.0
2026-05-06 16:34:45.850277,913158,1609507549230281,5149142536,0.493856,0.406016,0.42944,-4.99625,-3.22,18.5675,-45.104004,-0.64,-62.784004,eccentric,4,5.0,32697.0,34840.0,91462.0,91037.0,30274.0,43761.0,40358.0,52104.0,20505.0,14995.0
2026-05-06 16:34:45.852895,913159,1609507549239323,5149151281,0.544608,0.327936,0.464576,-3.185,-2.19625,15.04125,-45.088,0.4,-63.024002,eccentric,4,5.0,32697.0,34840.0,91462.0,91037.0,30274.0,43761.0,40358.0,52104.0,20505.0,14995.0
2026-05-06 16:34:45.882945,913170,1609507549254505,5149166335,0.544608,0.327936,0.464576,-1.5225,-2.03,12.41625,-45.088,0.4,-63.024002,eccentric,4,5.0,32682.0,34866.0,91419.0,90758.0,30296.0,43812.0,40327.0,51949.0,20507.0,15027.0
2026-05-06 16:34:45.887949,913171,1609507549263558,5149175218,0.530944,0.32208,0.460672,-2.765,-1.155,11.78625,-44.592003,0.184,-62.392002,eccentric,4,5.0,32682.0,34866.0,91419.0,90758.0,30296.0,43812.0,40327.0,51949.0,20507.0,15027.0
2026-05-06 16:34:45.894444,913172,1609507549272559,5149184077,0.530944,0.32208,0.460672,-2.80875,0.4725,12.9325,-44.592003,0.184,-62.392002,eccentric,4,5.0,32682.0,34866.0,91419.0,90758.0,30296.0,43812.0,40327.0,51949.0,20507.0,15027.0
2026-05-06 16:34:45.895031,913173,1609507549287105,5149199208,0.51728,0.417728,0.493856,-3.77125,1.11125,12.95875,-44.832,1.208,-62.944004,eccentric,4,5.0,32682.0,34866.0,91419.0,90758.0,30296.0,43812.0,40327.0,51949.0,20507.0,15027.0
2026-05-06 16:34:45.901867,913174,1609507549296069,5149207938,0.51728,0.417728,0.493856,-4.83,2.03,10.7275,-44.832,1.208,-62.944004,eccentric,4,5.0,32682.0,34866.0,91419.0,90758.0,30296.0,43812.0,40327.0,51949.0,20507.0,15027.0
2026-05-06 16:34:45.917804,913175,1609507549310746,5149222948,0.525088,0.415776,0.480192,-5.39,3.56125,4.935,-44.664,2.856,-62.648003,eccentric,4,5.0,32682.0,34866.0,91419.0,90758.0,30296.0,43812.0,40327.0,51949.0,20507.0,15027.0
2026-05-06 16:34:45.924101,913176,1609507549319836,5149231680,0.540704,0.368928,0.462624,-4.6025,4.165,0.6125,-44.600002,2.912,-63.816,eccentric,4,5.0,32682.0,34866.0,91419.0,90758.0,30296.0,43812.0,40327.0,51949.0,20507.0,15027.0
2026-05-06 16:34:45.932832,913177,1609507549328921,5149240398,0.540704,0.368928,0.462624,-2.695,4.34875,-2.0475,-44.600002,2.912,-63.816,eccentric,4,5.0,32682.0,34866.0,91419.0,90758.0,30296.0,43812.0,40327.0,51949.0,20507.0,15027.0
2026-05-06 16:34:45.949164,913178,1609507549343411,5149255312,0.597312,0.31232,0.489952,-2.87,3.92,-3.64875,-44.464,2.512,-63.752003,eccentric,4,5.0,32682.0,34866.0,91419.0,90758.0,30296.0,43812.0,40327.0,51949.0,20507.0,15027.0
2026-05-06 16:34:45.980254,913189,1609507549352329,5149264012,0.597312,0.31232,0.489952,-4.62,3.7975,-2.94,-44.464,2.512,-63.752003,eccentric,4,5.0,32678.0,34859.0,91344.0,90699.0,30275.0,43838.0,40316.0,51921.0,20502.0,15038.0
2026-05-06 16:34:45.982944,913190,1609507549367792,5149279037,0.593408,0.37088,0.515328,-6.29125,4.76,-1.05875,-44.256,2.456,-63.232002,eccentric,4,5.0,32678.0,34859.0,91344.0,90699.0,30275.0,43838.0,40316.0,51921.0,20502.0,15038.0
2026-05-06 16:34:45.985360,913191,1609507549377336,5149289914,0.593408,0.37088,0.515328,-5.705,5.95,0.72625,-44.256,2.456,-63.232002,eccentric,4,5.0,32678.0,34859.0,91344.0,90699.0,30275.0,43838.0,40316.0,51921.0,20502.0,15038.0
2026-05-06 16:34:45.991709,913192,1609507549386364,5149298680,0.589504,0.42944,0.52704,-3.14125,5.8975,0.84875,-44.392002,2.944,-63.608,eccentric,4,5.0,32678.0,34859.0,91344.0,90699.0,30275.0,43838.0,40316.0,51921.0,20502.0,15038.0
2026-05-06 16:34:46.005221,913193,1609507549400884,5149313634,0.610976,0.345504,0.488,-3.2725,4.55,-2.87875,-44.504,2.688,-62.856003,eccentric,4,5.0,32678.0,34859.0,91344.0,90699.0,30275.0,43838.0,40316.0,51921.0,20502.0,15038.0
2026-05-06 16:34:46.014062,913194,1609507549409964,5149322358,0.610976,0.345504,0.488,-4.865,3.59625,-4.9175,-44.504,2.688,-62.856003,eccentric,4,5.0,32678.0,34859.0,91344.0,90699.0,30275.0,43838.0,40316.0,51921.0,20502.0,15038.0
2026-05-06 16:34:46.027657,913195,1609507549424467,5149335270,0.630496,0.38064,0.558272,-2.5025,1.96,-3.12375,-44.704002,0.88,-62.344,eccentric,4,5.0,32678.0,34859.0,91344.0,90699.0,30275.0,43838.0,40316.0,51921.0,20502.0,15038.0
2026-05-06 16:34:46.041654,913196,1609507549433702,5149346060,0.630496,0.38064,0.558272,0.39375,1.2775,-0.48125,-44.704002,0.88,-62.344,eccentric,4,5.0,32678.0,34859.0,91344.0,90699.0,30275.0,43838.0,40316.0,51921.0,20502.0,15038.0
2026-05-06 16:34:46.051686,913197,1609507549442607,5149354753,0.622688,0.404064,0.54656,-0.77,0.875,-0.1925,-44.192,2.544,-63.112003,eccentric,4,5.0,32678.0,34859.0,91344.0,90699.0,30275.0,43838.0,40316.0,51921.0,20502.0,15038.0
2026-05-06 16:34:46.082858,913208,1609507549457393,5149369769,0.622688,0.404064,0.54656,-3.535,0.8225,-1.12875,-44.192,2.544,-63.112003,eccentric,4,5.0,32622.0,34851.0,91310.0,90447.0,30266.0,43852.0,40300.0,51806.0,20479.0,15050.0
2026-05-06 16:34:46.085208,913209,1609507549466449,5149378684,0.640256,0.398208,0.56608,-4.3225,1.04125,-2.33625,-44.376003,2.224,-63.592003,eccentric,4,5.0,32622.0,34851.0,91310.0,90447.0,30266.0,43852.0,40300.0,51806.0,20479.0,15050.0
2026-05-06 16:34:46.087966,913210,1609507549481000,5149393635,0.665632,0.343552,0.540704,-3.185,0.2625,-2.7125,-44.568,1.04,-61.552002,eccentric,4,5.0,32622.0,34851.0,91310.0,90447.0,30266.0,43852.0,40300.0,51806.0,20479.0,15050.0
2026-05-06 16:34:46.094001,913211,1609507549489973,5149402384,0.665632,0.343552,0.540704,-0.83125,-0.5075,-3.29,-44.568,1.04,-61.552002,eccentric,4,5.0,32622.0,34851.0,91310.0,90447.0,30266.0,43852.0,40300.0,51806.0,20479.0,15050.0
2026-05-06 16:34:46.102775,913212,1609507549498936,5149411179,0.665632,0.343552,0.587552,1.56625,0.14,-3.0275,-44.568,1.04,-61.552002,eccentric,4,5.0,32622.0,34851.0,91310.0,90447.0,30266.0,43852.0,40300.0,51806.0,20479.0,15050.0
2026-05-06 16:34:46.152927,913213,1609507549513435,5149426084,0.630496,0.417728,0.587552,4.0075,0.72625,-1.5225,-44.736004,2.768,-65.4,eccentric,4,5.0,32622.0,34851.0,91310.0,90447.0,30266.0,43852.0,40300.0,51806.0,20479.0,15050.0
2026-05-06 16:34:46.177675,913214,1609507549522347,5149434794,0.622688,0.433344,0.564128,4.41,1.14625,-2.02125,-44.104004,2.072,-63.448,eccentric,4,5.0,32622.0,34851.0,91310.0,90447.0,30266.0,43852.0,40300.0,51806.0,20479.0,15050.0
2026-05-06 16:34:46.202717,913215,1609507549536825,5149447633,0.622688,0.433344,0.564128,0.97125,1.785,-5.81875,-44.104004,2.072,-63.448,eccentric,4,5.0,32622.0,34851.0,91310.0,90447.0,30266.0,43852.0,40300.0,51806.0,20479.0,15050.0
2026-05-06 16:34:46.216549,913216,1609507549546067,5149458409,0.628544,0.374784,0.569984,-0.18375,3.01875,-7.63875,-44.472004,2.464,-63.232002,eccentric,4,5.0,32622.0,34851.0,91310.0,90447.0,30266.0,43852.0,40300.0,51806.0,20479.0,15050.0
2026-05-06 16:34:46.246711,913227,1609507549555496,5149467239,0.628544,0.374784,0.569984,0.70875,3.6225,-6.76375,-44.472004,2.464,-63.232002,eccentric,4,5.0,32687.0,34853.0,91196.0,90280.0,30300.0,43839.0,40238.0,51664.0,20502.0,15021.0
2026-05-06 16:34:46.249215,913228,1609507549570113,5149482273,0.622688,0.392352,0.49776,2.17,3.815,-4.76875,-44.480003,2.152,-62.904003,eccentric,4,5.0,32687.0,34853.0,91196.0,90280.0,30300.0,43839.0,40238.0,51664.0,20502.0,15021.0
2026-05-06 16:34:46.251748,913229,1609507549579008,5149490967,0.622688,0.392352,0.49776,3.91125,3.7975,-2.72125,-44.480003,2.152,-62.904003,eccentric,4,5.0,32687.0,34853.0,91196.0,90280.0,30300.0,43839.0,40238.0,51664.0,20502.0,15021.0
2026-05-06 16:34:46.254236,913230,1609507549593507,5149505912,0.626592,0.392352,0.509472,1.5575,3.64875,-1.70625,-44.36,2.704,-64.01601,eccentric,4,5.0,32687.0,34853.0,91196.0,90280.0,30300.0,43839.0,40238.0,51664.0,20502.0,15021.0
2026-05-06 16:34:46.256720,913231,1609507549602436,5149514613,0.60512,0.4392,0.5368,-0.09625,2.8,-0.32375,-44.504,2.92,-63.096004,eccentric,4,5.0,32687.0,34853.0,91196.0,90280.0,30300.0,43839.0,40238.0,51664.0,20502.0,15021.0
2026-05-06 16:34:46.259211,913232,1609507549616998,5149529635,0.60512,0.4392,0.5368,-0.60375,1.645,0.105,-44.504,2.92,-63.096004,eccentric,4,5.0,32687.0,34853.0,91196.0,90280.0,30300.0,43839.0,40238.0,51664.0,20502.0,15021.0
2026-05-06 16:34:46.261536,913233,1609507549626016,5149538429,0.61488,0.411872,0.513376,-1.21625,0.72625,-0.88375,-44.496002,0.912,-61.784004,eccentric,4,5.0,32687.0,34853.0,91196.0,90280.0,30300.0,43839.0,40238.0,51664.0,20502.0,15021.0
2026-05-06 16:34:46.266706,913234,1609507549634969,5149547169,0.61488,0.411872,0.513376,-0.39375,-0.02625,-2.6425,-44.496002,0.912,-61.784004,eccentric,4,5.0,32687.0,34853.0,91196.0,90280.0,30300.0,43839.0,40238.0,51664.0,20502.0,15021.0
2026-05-06 16:34:46.269113,913235,1609507549649610,5149562206,0.61488,0.3904,0.554368,1.32125,-1.4525,-3.05375,-44.488003,0.456,-61.712,eccentric,4,5.0,32687.0,34853.0,91196.0,90280.0,30300.0,43839.0,40238.0,51664.0,20502.0,15021.0
2026-05-06 16:34:46.296629,913246,1609507549658735,5149570998,0.61488,0.3904,0.554368,1.575,-2.75625,-1.98625,-44.488003,0.456,-61.712,eccentric,4,5.0,32700.0,34869.0,91112.0,90187.0,30322.0,43863.0,40209.0,51621.0,20523.0,15047.0
2026-05-06 16:34:46.299064,913247,1609507549673322,5149585980,0.61488,0.388448,0.525088,0.65625,-2.84375,-1.5925,-44.696003,-0.728,-60.800003,eccentric,4,5.0,32700.0,34869.0,91112.0,90187.0,30322.0,43863.0,40209.0,51621.0,20523.0,15047.0
2026-05-06 16:34:46.301636,913248,1609507549682279,5149594700,0.597312,0.425536,0.558272,-1.4875,-2.3625,-1.61875,-44.672,-0.912,-61.856003,eccentric,4,5.0,32700.0,34869.0,91112.0,90187.0,30322.0,43863.0,40209.0,51621.0,20523.0,15047.0
2026-05-06 16:34:46.304062,913249,1609507549691301,5149603498,0.597312,0.425536,0.558272,-1.5575,-1.995,-1.4,-44.672,-0.912,-61.856003,eccentric,4,5.0,32700.0,34869.0,91112.0,90187.0,30322.0,43863.0,40209.0,51621.0,20523.0,15047.0
2026-05-06 16:34:46.310160,913250,1609507549705864,5149618471,0.599264,0.398208,0.523136,-0.665,-1.56625,-2.87875,-44.312,0.92,-61.776005,eccentric,4,5.0,32700.0,34869.0,91112.0,90187.0,30322.0,43863.0,40209.0,51621.0,20523.0,15047.0
2026-05-06 16:34:46.319028,913251,1609507549714781,5149627177,0.599264,0.398208,0.523136,-0.28875,-1.12875,-5.06625,-44.312,0.92,-61.776005,eccentric,4,5.0,32700.0,34869.0,91112.0,90187.0,30322.0,43863.0,40209.0,51621.0,20523.0,15047.0
2026-05-06 16:38:36.069525,956484,1609507779434774,5379346479,0.648064,0.284992,0.50752,2.70375,-0.28,-5.0925,-43.696003,2.12,-66.792,concentric,4,5.0,30707.0,35167.0,90687.0,83669.0,27511.0,43283.0,39939.0,46995.0,18582.0,14908.0
2026-05-06 16:38:36.071857,956485,1609507779443871,5379355318,0.648064,0.284992,0.50752,5.43375,-0.4025,-2.3975,-43.696003,2.12,-66.792,concentric,4,5.0,30707.0,35167.0,90687.0,83669.0,27511.0,43283.0,39939.0,46995.0,18582.0,14908.0
2026-05-06 16:38:36.074211,956486,1609507779458571,5379370271,0.681248,0.325984,0.519232,3.535,-0.35,-4.22625,-43.984,-0.792,-67.032005,concentric,4,5.0,30707.0,35167.0,90687.0,83669.0,27511.0,43283.0,39939.0,46995.0,18582.0,14908.0
2026-05-06 16:38:36.080314,956487,1609507779467673,5379379080,0.681248,0.249856,0.538752,1.085,-0.48125,-6.78125,-43.904003,-1.232,-66.768005,concentric,4,5.0,30707.0,35167.0,90687.0,83669.0,27511.0,43283.0,39939.0,46995.0,18582.0,14908.0
2026-05-06 16:38:36.097103,956488,1609507779482196,5379394111,0.681248,0.249856,0.538752,-0.97125,-1.21625,-7.06125,-43.904003,-1.232,-66.768005,concentric,4,5.0,30707.0,35167.0,90687.0,83669.0,27511.0,43283.0,39939.0,46995.0,18582.0,14908.0
2026-05-06 16:38:36.102915,956489,1609507779491125,5379402881,0.667584,0.31232,0.505568,-2.7825,-1.16375,-5.005,-43.104004,1.736,-69.512,concentric,4,5.0,30707.0,35167.0,90687.0,83669.0,27511.0,43283.0,39939.0,46995.0,18582.0,14908.0
2026-05-06 16:38:36.114483,956490,1609507779500032,5379411605,0.667584,0.31232,0.505568,-3.9025,-0.4375,-4.26125,-43.104004,1.736,-69.512,concentric,4,5.0,30707.0,35167.0,90687.0,83669.0,27511.0,43283.0,39939.0,46995.0,18582.0,14908.0
2026-05-06 16:38:36.128352,956491,1609507779514584,5379426563,0.677344,0.279136,0.501664,-4.62,0.79625,-4.90875,-43.504,1.824,-69.384,concentric,4,5.0,30707.0,35167.0,90687.0,83669.0,27511.0,43283.0,39939.0,46995.0,18582.0,14908.0
2026-05-06 16:38:36.138453,956492,1609507779523641,5379435329,0.677344,0.279136,0.501664,-5.67875,0.81375,-6.44875,-43.504,1.824,-69.384,concentric,4,5.0,30707.0,35167.0,90687.0,83669.0,27511.0,43283.0,39939.0,46995.0,18582.0,14908.0
2026-05-06 16:38:36.199907,956503,1609507779538327,5379450354,0.6832,0.28304,0.569984,-5.7925,0.385,-6.0375,-43.72,1.76,-69.12,concentric,4,5.0,30708.0,35141.0,90624.0,83679.0,27509.0,43238.0,39905.0,46990.0,18580.0,14891.0
2026-05-06 16:38:36.224472,956504,1609507779547654,5379459205,0.661728,0.288896,0.519232,-5.1275,0.69125,-4.64625,-43.88,0.12,-68.024,concentric,4,5.0,30708.0,35141.0,90624.0,83679.0,27509.0,43238.0,39905.0,46990.0,18580.0,14891.0
2026-05-06 16:38:36.238433,956505,1609507779556682,5379467913,0.661728,0.288896,0.519232,-6.3175,0.83125,-4.66375,-43.88,0.12,-68.024,concentric,4,5.0,30708.0,35141.0,90624.0,83679.0,27509.0,43238.0,39905.0,46990.0,18580.0,14891.0
2026-05-06 16:38:36.243498,956506,1609507779571282,5379482839,0.665632,0.271328,0.513376,-6.755,1.89,-5.13625,-43.832,-0.392,-68.264,concentric,4,5.0,30708.0,35141.0,90624.0,83679.0,27509.0,43238.0,39905.0,46990.0,18580.0,14891.0
2026-05-06 16:38:36.245969,956507,1609507779580198,5379491555,0.665632,0.271328,0.513376,-5.36375,2.35375,-5.775,-43.832,-0.392,-68.264,concentric,4,5.0,30708.0,35141.0,90624.0,83679.0,27509.0,43238.0,39905.0,46990.0,18580.0,14891.0
2026-05-06 16:38:36.248103,956508,1609507779594796,5379506591,0.691008,0.281088,0.521184,-3.75375,2.30125,-5.88,-43.832,1.68,-69.096,concentric,4,5.0,30708.0,35141.0,90624.0,83679.0,27509.0,43238.0,39905.0,46990.0,18580.0,14891.0
2026-05-06 16:38:36.250931,956509,1609507779603742,5379515311,0.691008,0.281088,0.521184,-4.305,1.4175,-7.1575,-43.832,1.68,-69.096,concentric,4,5.0,30708.0,35141.0,90624.0,83679.0,27509.0,43238.0,39905.0,46990.0,18580.0,14891.0
2026-05-06 16:38:36.253494,956510,1609507779618206,5379530235,0.669536,0.284992,0.54656,-5.1275,1.6975,-8.505,-43.832,1.368,-69.37601,concentric,4,5.0,30708.0,35141.0,90624.0,83679.0,27509.0,43238.0,39905.0,46990.0,18580.0,14891.0
2026-05-06 16:38:36.255671,956511,1609507779627165,5379538944,0.669536,0.284992,0.54656,-2.275,2.485,-7.0175,-43.832,1.368,-69.37601,concentric,4,5.0,30708.0,35141.0,90624.0,83679.0,27509.0,43238.0,39905.0,46990.0,18580.0,14891.0
2026-05-06 16:38:36.285921,956522,1609507779636548,5379547751,0.685152,0.275232,0.560224,-0.63875,2.65125,-7.875,-43.808002,1.272,-69.16801,concentric,4,5.0,30706.0,35151.0,90591.0,83767.0,27548.0,43260.0,39895.0,47052.0,18587.0,14913.0
2026-05-06 16:38:36.288304,956523,1609507779651686,5379562817,0.67344,0.27328,0.505568,-3.71875,3.43,-9.70375,-44.024002,-2.16,-67.64001,concentric,4,5.0,30706.0,35151.0,90591.0,83767.0,27548.0,43260.0,39895.0,47052.0,18587.0,14913.0
2026-05-06 16:38:36.290819,956524,1609507779661173,5379573635,0.67344,0.27328,0.505568,-3.6925,4.03375,-8.89,-44.024002,-2.16,-67.64001,concentric,4,5.0,30706.0,35151.0,90591.0,83767.0,27548.0,43260.0,39895.0,47052.0,18587.0,14913.0
2026-05-06 16:38:36.293307,956525,1609507779670137,5379582378,0.698816,0.28304,0.548512,-1.75875,3.78875,-8.79375,-43.968002,-2.424,-66.792,concentric,4,5.0,30706.0,35151.0,90591.0,83767.0,27548.0,43260.0,39895.0,47052.0,18587.0,14913.0
2026-05-06 16:38:36.299646,956526,1609507779684773,5379597308,0.698816,0.28304,0.548512,-1.435,3.4825,-9.19625,-43.968002,-2.424,-66.792,concentric,4,5.0,30706.0,35151.0,90591.0,83767.0,27548.0,43260.0,39895.0,47052.0,18587.0,14913.0
2026-05-06 16:38:36.308349,956527,1609507779693718,5379606056,0.679296,0.277184,0.56608,0.04375,3.22,-9.14375,-44.152,-0.608,-67.912,concentric,4,5.0,30706.0,35151.0,90591.0,83767.0,27548.0,43260.0,39895.0,47052.0,18587.0,14913.0
2026-05-06 16:38:36.321782,956528,1609507779708243,5379618997,0.66368,0.310368,0.571936,0.525,3.325,-8.81125,-44.152,-0.608,-66.952,concentric,4,5.0,30706.0,35151.0,90591.0,83767.0,27548.0,43260.0,39895.0,47052.0,18587.0,14913.0
2026-05-06 16:38:36.330975,956529,1609507779717452,5379629833,0.669536,0.310368,0.571936,-0.46375,3.21125,-7.665,-44.408,-0.296,-66.952,concentric,4,5.0,30706.0,35151.0,90591.0,83767.0,27548.0,43260.0,39895.0,47052.0,18587.0,14913.0
2026-05-06 16:38:36.339744,956530,1609507779726407,5379638535,0.669536,0.310368,0.571936,-0.14,3.07125,-7.74375,-44.408,-0.296,-66.952,concentric,4,5.0,30706.0,35151.0,90591.0,83767.0,27548.0,43260.0,39895.0,47052.0,18587.0,14913.0
2026-05-06 16:38:36.378320,956541,1609507779741039,5379653536,0.70272,0.259616,0.515328,0.53375,3.21125,-8.47,-44.144,-0.624,-68.832,concentric,4,5.0,30731.0,35150.0,90563.0,83797.0,27593.0,43277.0,39884.0,47054.0,18623.0,14911.0
2026-05-06 16:38:36.380929,956542,1609507779750036,5379662291,0.67344,0.284992,0.515328,5.215,3.36875,-6.7025,-44.336002,-0.56,-68.576004,concentric,4,5.0,30731.0,35150.0,90563.0,83797.0,27593.0,43277.0,39884.0,47054.0,18623.0,14911.0
2026-05-06 16:38:36.382935,956543,1609507779764637,5379677240,0.67344,0.284992,0.515328,7.74375,3.57,-5.5825,-44.336002,-0.56,-68.576004,concentric,4,5.0,30731.0,35150.0,90563.0,83797.0,27593.0,43277.0,39884.0,47054.0,18623.0,14911.0
2026-05-06 16:38:36.385823,956544,1609507779773581,5379685980,0.65392,0.308416,0.601216,7.63,3.9375,-4.8475,-43.888,0.864,-68.776,concentric,4,5.0,30731.0,35150.0,90563.0,83797.0,27593.0,43277.0,39884.0,47054.0,18623.0,14911.0
2026-05-06 16:38:36.399513,956545,1609507779788190,5379698976,0.65392,0.308416,0.601216,6.79875,4.71625,-5.67,-43.888,0.864,-68.776,concentric,4,5.0,30731.0,35150.0,90563.0,83797.0,27593.0,43277.0,39884.0,47054.0,18623.0,14911.0
2026-05-06 16:38:36.413248,956546,1609507779797424,5379709739,0.669536,0.28304,0.50752,2.68625,6.58875,-6.30875,-44.256,-0.112,-67.664,concentric,4,5.0,30731.0,35150.0,90563.0,83797.0,27593.0,43277.0,39884.0,47054.0,18623.0,14911.0
2026-05-06 16:38:36.419320,956547,1609507779806345,5379718474,0.669536,0.28304,0.50752,-1.6625,7.56,-6.825,-44.256,-0.112,-67.664,concentric,4,5.0,30731.0,35150.0,90563.0,83797.0,27593.0,43277.0,39884.0,47054.0,18623.0,14911.0
2026-05-06 16:38:36.455874,956548,1609507779820870,5379733395,0.62464,0.308416,0.519232,0.245,7.5425,-4.97,-44.288002,1.136,-68.472,concentric,4,5.0,30731.0,35150.0,90563.0,83797.0,27593.0,43277.0,39884.0,47054.0,18623.0,14911.0
2026-05-06 16:38:36.456004,956549,1609507779829811,5379742106,0.64416,0.337696,0.515328,3.9375,7.5425,-3.045,-44.224003,1.176,-67.448006,concentric,4,5.0,30731.0,35150.0,90563.0,83797.0,27593.0,43277.0,39884.0,47054.0,18623.0,14911.0
2026-05-06 16:38:36.486797,956560,1609507779844755,5379757144,0.64416,0.337696,0.515328,3.26375,6.7725,-4.36625,-44.224003,1.176,-67.448006,concentric,4,5.0,30744.0,35052.0,90373.0,83906.0,27578.0,43173.0,39821.0,47149.0,18627.0,14872.0
2026-05-06 16:38:36.489584,956561,1609507779853714,5379765882,0.640256,0.2928,0.55632,-1.8725,6.97375,-6.23,-44.152,1.056,-68.232,concentric,4,5.0,30744.0,35052.0,90373.0,83906.0,27578.0,43173.0,39821.0,47149.0,18627.0,14872.0
2026-05-06 16:38:36.492099,956562,1609507779862683,5379774683,0.640256,0.2928,0.55632,-6.0725,7.105,-6.965,-44.152,1.056,-68.232,concentric,4,5.0,30744.0,35052.0,90373.0,83906.0,27578.0,43173.0,39821.0,47149.0,18627.0,14872.0
2026-05-06 16:38:36.494558,956563,1609507779877189,5379789679,0.626592,0.343552,0.528992,-6.93875,7.2625,-7.55125,-44.272003,-0.816,-67.136,concentric,4,5.0,30744.0,35052.0,90373.0,83906.0,27578.0,43173.0,39821.0,47149.0,18627.0,14872.0
2026-05-06 16:38:36.500864,956564,1609507779886101,5379798389,0.626592,0.343552,0.528992,-4.90875,6.5975,-9.135,-44.272003,-0.816,-67.136,concentric,4,5.0,30744.0,35052.0,90373.0,83906.0,27578.0,43173.0,39821.0,47149.0,18627.0,14872.0
2026-05-06 16:38:36.514642,956565,1609507779900661,5379813306,0.607072,0.329888,0.532896,-4.48875,5.87125,-10.99875,-44.272003,-0.712,-67.16801,concentric,4,5.0,30744.0,35052.0,90373.0,83906.0,27578.0,43173.0,39821.0,47149.0,18627.0,14872.0
2026-05-06 16:38:36.528411,956566,1609507779909806,5379822031,0.65392,0.226432,0.577792,-6.72875,5.53,-13.81625,-44.272003,-0.712,-67.096,concentric,4,5.0,30744.0,35052.0,90373.0,83906.0,27578.0,43173.0,39821.0,47149.0,18627.0,14872.0
2026-05-06 16:38:36.530587,956567,1609507779918768,5379830787,0.646112,0.226432,0.577792,-8.365,6.57125,-14.04375,-44.224003,0.624,-67.096,concentric,4,5.0,30744.0,35052.0,90373.0,83906.0,27578.0,43173.0,39821.0,47149.0,18627.0,14872.0
2026-05-06 16:38:36.568242,956568,1609507779933307,5379845721,0.616832,0.279136,0.57584,-7.95375,8.6275,-12.075,-44.672,0.872,-67.784004,concentric,4,5.0,30744.0,35052.0,90373.0,83906.0,27578.0,43173.0,39821.0,47149.0,18627.0,14872.0
2026-05-06 16:38:36.648429,956579,1609507779942375,5379854457,0.616832,0.279136,0.57584,-5.6525,10.167501,-8.56625,-44.672,0.872,-67.784004,concentric,4,5.0,30609.0,34963.0,90350.0,83921.0,27452.0,43076.0,39762.0,47135.0,18543.0,14817.0
2026-05-06 16:38:36.653324,956580,1609507779956878,5379869422,0.638304,0.286944,0.528992,-5.0925,11.1475,-8.26,-44.472004,0.36,-69.240005,concentric,4,5.0,30609.0,34963.0,90350.0,83921.0,27452.0,43076.0,39762.0,47135.0,18543.0,14817.0
2026-05-06 16:38:36.653797,956581,1609507779965803,5379878133,0.638304,0.286944,0.528992,-6.44,11.13875,-9.5375,-44.472004,0.36,-69.240005,concentric,4,5.0,30609.0,34963.0,90350.0,83921.0,27452.0,43076.0,39762.0,47135.0,18543.0,14817.0
2026-05-06 16:38:36.655410,956582,1609507779980277,5379891034,0.638304,0.240096,0.548512,-4.2875,10.465,-9.765,-44.544003,0.224,-67.408005,concentric,4,5.0,30609.0,34963.0,90350.0,83921.0,27452.0,43076.0,39762.0,47135.0,18543.0,14817.0
2026-05-06 16:38:36.661083,956583,1609507779989461,5379901819,0.638304,0.240096,0.548512,-0.35,7.875,-7.8925,-44.544003,0.224,-67.408005,concentric,4,5.0,30609.0,34963.0,90350.0,83921.0,27452.0,43076.0,39762.0,47135.0,18543.0,14817.0
2026-05-06 16:38:36.661165,956584,1609507779998424,5379910533,0.626592,0.255712,0.552416,0.98,5.74875,-6.0375,-44.512,0.584,-67.880005,concentric,4,5.0,30609.0,34963.0,90350.0,83921.0,27452.0,43076.0,39762.0,47135.0,18543.0,14817.0
2026-05-06 16:38:36.662642,956585,1609507780012959,5379925552,0.599264,0.244,0.488,0.35,3.64,-4.585,-44.456,0.752,-67.352005,concentric,4,5.0,30609.0,34963.0,90350.0,83921.0,27452.0,43076.0,39762.0,47135.0,18543.0,14817.0
2026-05-06 16:38:36.665241,956586,1609507780021936,5379934273,0.599264,0.244,0.488,0.09625,1.89875,-3.5175,-44.456,0.752,-67.352005,concentric,4,5.0,30609.0,34963.0,90350.0,83921.0,27452.0,43076.0,39762.0,47135.0,18543.0,14817.0
2026-05-06 16:38:36.698247,956598,1609507780036704,5379949339,0.632448,0.240096,0.519232,5.145,-0.4725,-0.37625,-44.976,-0.84,-66.624,concentric,4,5.0,30592.0,34966.0,90197.0,83893.0,27453.0,43061.0,39662.0,47120.0,18535.0,14802.0
2026-05-06 16:38:36.700385,956599,1609507780046213,5379958100,0.632448,0.240096,0.519232,12.46,-2.9225,2.16125,-44.976,-0.84,-66.624,concentric,4,5.0,30592.0,34966.0,90197.0,83893.0,27453.0,43061.0,39662.0,47120.0,18535.0,14802.0
2026-05-06 16:38:36.703342,956600,1609507780055276,5379966792,0.622688,0.242048,0.558272,14.665,-5.69625,5.6875,-44.68,-1.136,-66.304,concentric,4,5.0,30592.0,34966.0,90197.0,83893.0,27453.0,43061.0,39662.0,47120.0,18535.0,14802.0
2026-05-06 16:38:36.705568,956601,1609507780070028,5379981814,0.622688,0.242048,0.558272,8.1375,-8.4875,9.345,-44.68,-1.136,-66.304,concentric,4,5.0,30592.0,34966.0,90197.0,83893.0,27453.0,43061.0,39662.0,47120.0,18535.0,14802.0
2026-05-06 16:38:36.708290,956602,1609507780079004,5379990575,0.628544,0.288896,0.480192,0.53375,-12.0225,10.5,-44.456,-1.112,-66.424,concentric,4,5.0,30592.0,34966.0,90197.0,83893.0,27453.0,43061.0,39662.0,47120.0,18535.0,14802.0
2026-05-06 16:38:36.710880,956603,1609507780093522,5380005660,0.610976,0.325984,0.462624,-1.925,-15.198751,9.1,-44.672,-0.08,-68.208,concentric,4,5.0,30592.0,34966.0,90197.0,83893.0,27453.0,43061.0,39662.0,47120.0,18535.0,14802.0
2026-05-06 16:38:36.714199,956604,1609507780102527,5380014448,0.610976,0.325984,0.462624,3.66625,-19.43375,8.70625,-44.672,-0.08,-68.208,concentric,4,5.0,30592.0,34966.0,90197.0,83893.0,27453.0,43061.0,39662.0,47120.0,18535.0,14802.0
2026-05-06 16:38:36.728344,956605,1609507780111466,5380023173,0.620736,0.212768,0.511424,6.265,-23.4675,3.325,-44.672,1.16,-66.43201,concentric,4,5.0,30592.0,34966.0,90197.0,83893.0,27453.0,43061.0,39662.0,47120.0,18535.0,14802.0
2026-05-06 16:38:36.745155,956606,1609507780125967,5380038137,0.620736,0.212768,0.511424,4.41875,-26.1275,2.555,-44.56,1.16,-66.43201,concentric,4,5.0,30592.0,34966.0,90197.0,83893.0,27453.0,43061.0,39662.0,47120.0,18535.0,14802.0
2026-05-06 16:38:36.750239,956607,1609507780134876,5380046816,0.589504,0.359168,0.499712,2.4675,-27.69375,4.6725,-44.168003,-1.024,-67.576004,concentric,4,5.0,30592.0,34966.0,90197.0,83893.0,27453.0,43061.0,39662.0,47120.0,18535.0,14802.0
2026-05-06 16:38:36.782239,956618,1609507780149688,5380061805,0.589504,0.359168,0.499712,-2.8875,-27.8425,5.81,-44.168003,-1.024,-67.576004,concentric,4,5.0,30559.0,34916.0,90029.0,83736.0,27425.0,43057.0,39624.0,47053.0,18539.0,14816.0
2026-05-06 16:38:36.784121,956619,1609507780158671,5380070575,0.618784,0.279136,0.435296,-8.8725,-27.32625,3.43875,-44.392002,0.84,-68.616005,concentric,4,5.0,30559.0,34916.0,90029.0,83736.0,27425.0,43057.0,39624.0,47053.0,18539.0,14816.0
2026-05-06 16:38:36.786952,956620,1609507780167787,5380079303,0.618784,0.279136,0.435296,-12.7225,-25.7075,-2.6775,-44.392002,0.84,-68.616005,concentric,4,5.0,30559.0,34916.0,90029.0,83736.0,27425.0,43057.0,39624.0,47053.0,18539.0,14816.0
2026-05-06 16:38:36.795605,956621,1609507780182319,5380094227,0.589504,0.245952,0.417728,-9.835,-24.42125,-1.47,-44.288002,-2.304,-67.312004,concentric,4,5.0,30559.0,34916.0,90029.0,83736.0,27425.0,43057.0,39624.0,47053.0,18539.0,14816.0
2026-05-06 16:38:36.804599,956622,1609507780191261,5380102943,0.589504,0.245952,0.417728,2.625,-23.19625,4.0775,-44.288002,-2.304,-67.312004,concentric,4,5.0,30559.0,34916.0,90029.0,83736.0,27425.0,43057.0,39624.0,47053.0,18539.0,14816.0
2026-05-06 16:38:36.837959,956623,1609507780205748,5380117952,0.5856,0.388448,0.49776,9.7125,-22.05,5.2325,-43.824,1.512,-71.76,concentric,4,5.0,30559.0,34916.0,90029.0,83736.0,27425.0,43057.0,39624.0,47053.0,18539.0,14816.0
2026-05-06 16:38:36.840371,956624,1609507780214684,5380126671,0.6344,0.206912,0.447008,-1.5575,-18.24375,2.61625,-44.224003,0.048,-68.144005,concentric,4,5.0,30559.0,34916.0,90029.0,83736.0,27425.0,43057.0,39624.0,47053.0,18539.0,14816.0
2026-05-06 16:38:36.845646,956625,1609507780229158,5380141640,0.6344,0.206912,0.447008,-18.8825,-13.53625,-1.56625,-44.224003,0.048,-68.144005,concentric,4,5.0,30559.0,34916.0,90029.0,83736.0,27425.0,43057.0,39624.0,47053.0,18539.0,14816.0
2026-05-06 16:38:36.878834,956636,1609507780238150,5380150351,0.560224,0.288896,0.41968,-24.2025,-9.35375,0.8925,-44.096,0.312,-68.624,concentric,4,5.0,30486.0,34891.0,90000.0,83403.0,27372.0,42999.0,39577.0,46860.0,18496.0,14774.0
2026-05-06 16:38:36.881354,956637,1609507780247664,5380159088,0.560224,0.288896,0.41968,-11.40125,-6.60625,9.24875,-44.096,0.312,-68.624,concentric,4,5.0,30486.0,34891.0,90000.0,83403.0,27372.0,42999.0,39577.0,46860.0,18496.0,14774.0
2026-05-06 16:38:36.894506,956638,1609507780262225,5380174104,0.60512,0.36112,0.45872,-2.2925,-4.7075,9.61625,-44.304,-0.192,-68.776,concentric,4,5.0,30486.0,34891.0,90000.0,83403.0,27372.0,42999.0,39577.0,46860.0,18496.0,14774.0
2026-05-06 16:38:36.894754,956639,1609507780271222,5380182848,0.60512,0.36112,0.45872,-7.28,-1.65375,4.9525,-44.304,-0.192,-68.776,concentric,4,5.0,30486.0,34891.0,90000.0,83403.0,27372.0,42999.0,39577.0,46860.0,18496.0,14774.0
2026-05-06 16:38:36.900174,956640,1609507780285853,5380197789,0.599264,0.265472,0.443104,-15.53125,1.9775,1.54,-43.624,2.008,-70.864006,concentric,4,5.0,30486.0,34891.0,90000.0,83403.0,27372.0,42999.0,39577.0,46860.0,18496.0,14774.0
2026-05-06 16:38:36.909273,956641,1609507780294786,5380206547,0.603168,0.267424,0.404064,-19.67,3.78,2.4325,-44.52,2.44,-69.736,concentric,4,5.0,30486.0,34891.0,90000.0,83403.0,27372.0,42999.0,39577.0,46860.0,18496.0,14774.0
2026-05-06 16:38:36.936582,956642,1609507780303709,5380215243,0.603168,0.267424,0.404064,-19.355,4.7075,3.63125,-44.52,2.44,-69.736,concentric,4,5.0,30486.0,34891.0,90000.0,83403.0,27372.0,42999.0,39577.0,46860.0,18496.0,14774.0
2026-05-06 16:38:36.959177,956643,1609507780318214,5380230198,0.648064,0.154208,0.417728,-17.01,5.1275,4.55,-44.104004,2.376,-70.12,concentric,4,5.0,30486.0,34891.0,90000.0,83403.0,27372.0,42999.0,39577.0,46860.0,18496.0,14774.0
2026-05-06 16:38:36.967782,956644,1609507780327123,5380238934,0.648064,0.154208,0.417728,-18.47125,4.12125,3.85875,-44.104004,2.376,-70.12,concentric,4,5.0,30486.0,34891.0,90000.0,83403.0,27372.0,42999.0,39577.0,46860.0,18496.0,14774.0
2026-05-06 16:38:36.998087,956655,1609507780342153,5380254310,0.552416,0.320128,0.476288,-14.35875,2.66875,7.1575,-44.584003,2.56,-69.416,concentric,4,5.0,30521.0,34913.0,90128.0,83550.0,27339.0,43024.0,39674.0,46931.0,18485.0,14794.0
2026-05-06 16:38:37.000511,956656,1609507780351171,5380263083,0.552416,0.320128,0.476288,-7.385,1.53125,7.28,-44.584003,2.56,-69.416,concentric,4,5.0,30521.0,34913.0,90128.0,83550.0,27339.0,43024.0,39674.0,46931.0,18485.0,14794.0
2026-05-06 16:38:37.003028,956657,1609507780360183,5380271889,0.568032,0.347456,0.491904,-8.715,2.21375,1.51375,-44.584003,2.72,-69.704,concentric,4,5.0,30521.0,34913.0,90128.0,83550.0,27339.0,43024.0,39674.0,46931.0,18485.0,14794.0
2026-05-06 16:38:37.005621,956658,1609507780374796,5380286853,0.620736,0.162016,0.423584,-17.08875,4.1825,-7.55125,-44.752003,0.8,-68.232,concentric,4,5.0,30521.0,34913.0,90128.0,83550.0,27339.0,43024.0,39674.0,46931.0,18485.0,14794.0
2026-05-06 16:38:37.008046,956659,1609507780383798,5380295598,0.620736,0.162016,0.423584,-22.522501,5.425,-11.6375,-44.752003,0.8,-68.232,concentric,4,5.0,30521.0,34913.0,90128.0,83550.0,27339.0,43024.0,39674.0,46931.0,18485.0,14794.0
2026-05-06 16:38:37.010590,956660,1609507780398304,5380310532,0.650016,0.16592,0.472384,-19.11,5.495,-9.91375,-45.224003,0.904,-68.376,concentric,4,5.0,30521.0,34913.0,90128.0,83550.0,27339.0,43024.0,39674.0,46931.0,18485.0,14794.0
2026-05-06 16:38:37.026091,956661,1609507780407392,5380319260,0.650016,0.16592,0.472384,-12.22375,4.3925,-6.2825,-45.224003,0.904,-68.376,concentric,4,5.0,30521.0,34913.0,90128.0,83550.0,27339.0,43024.0,39674.0,46931.0,18485.0,14794.0
2026-05-06 16:38:37.038005,956662,1609507780421902,5380334170,0.597312,0.345504,0.503616,-6.6675,3.71875,-3.535,-45.096,2.328,-69.392006,concentric,4,5.0,30521.0,34913.0,90128.0,83550.0,27339.0,43024.0,39674.0,46931.0,18485.0,14794.0
2026-05-06 16:38:37.044177,956663,1609507780430849,5380342887,0.597312,0.345504,0.503616,-3.68375,3.2025,-6.02,-45.096,2.328,-69.392006,concentric,4,5.0,30521.0,34913.0,90128.0,83550.0,27339.0,43024.0,39674.0,46931.0,18485.0,14794.0
2026-05-06 16:38:37.080612,956674,1609507780440169,5380351606,0.628544,0.306464,0.54656,-2.54625,3.12375,-12.0925,-45.392002,2.384,-69.344,concentric,4,5.0,30406.0,34899.0,90317.0,83649.0,27259.0,42931.0,39734.0,46990.0,18399.0,14752.0
2026-05-06 16:38:37.082890,956675,1609507780454749,5380366650,0.685152,0.259616,0.484096,-2.1175,2.1175,-18.2,-45.776,2.24,-67.464005,concentric,4,5.0,30406.0,34899.0,90317.0,83649.0,27259.0,42931.0,39734.0,46990.0,18399.0,14752.0
2026-05-06 16:38:37.085510,956676,1609507780463765,5380375382,0.685152,0.259616,0.484096,-2.68625,2.1525,-20.195,-45.776,2.24,-67.464005,concentric,4,5.0,30406.0,34899.0,90317.0,83649.0,27259.0,42931.0,39734.0,46990.0,18399.0,14752.0
2026-05-06 16:38:37.091850,956677,1609507780478313,5380390490,0.716384,0.284992,0.519232,0.0175,1.1725,-19.69625,-45.904003,2.2,-68.96001,concentric,4,5.0,30406.0,34899.0,90317.0,83649.0,27259.0,42931.0,39734.0,46990.0,18399.0,14752.0
2026-05-06 16:38:37.100492,956678,1609507780487296,5380399188,0.716384,0.284992,0.519232,3.22875,-0.665,-18.7075,-45.904003,2.2,-68.96001,concentric,4,5.0,30406.0,34899.0,90317.0,83649.0,27259.0,42931.0,39734.0,46990.0,18399.0,14752.0
2026-05-06 16:38:37.109658,956679,1609507780496225,5380408034,0.718336,0.286944,0.558272,1.68,-2.0125,-19.022501,-45.688004,2.064,-69.128006,concentric,4,5.0,30406.0,34899.0,90317.0,83649.0,27259.0,42931.0,39734.0,46990.0,18399.0,14752.0
2026-05-06 16:38:37.143245,956680,1609507780510788,5380423020,0.718336,0.286944,0.558272,3.0625,-2.51125,-17.54375,-45.688004,2.064,-69.128006,concentric,4,5.0,30406.0,34899.0,90317.0,83649.0,27259.0,42931.0,39734.0,46990.0,18399.0,14752.0
2026-05-06 16:38:37.145796,956681,1609507780519758,5380431773,0.776896,0.31232,0.562176,6.1425,-2.07375,-16.37125,-46.048,1.696,-69.032005,concentric,4,5.0,30406.0,34899.0,90317.0,83649.0,27259.0,42931.0,39734.0,46990.0,18399.0,14752.0
2026-05-06 16:38:37.148216,956682,1609507780534238,5380446682,0.776896,0.35136,0.638304,9.65125,-1.49625,-15.67125,-46.048,1.696,-69.032005,concentric,4,5.0,30406.0,34899.0,90317.0,83649.0,27259.0,42931.0,39734.0,46990.0,18399.0,14752.0
2026-05-06 16:38:37.179655,956693,1609507780543813,5380455538,0.753472,0.35136,0.638304,10.255,-1.155,-15.67125,-46.592003,2.0,-67.928,concentric,4,5.0,30372.0,34872.0,90706.0,83622.0,27236.0,42948.0,39931.0,46970.0,18358.0,14726.0
2026-05-06 16:38:37.213809,956694,1609507780552824,5380464419,0.753472,0.35136,0.638304,6.8075,-1.015,-16.14375,-46.592003,2.0,-67.928,concentric,4,5.0,30372.0,34872.0,90706.0,83622.0,27236.0,42948.0,39931.0,46970.0,18358.0,14726.0
2026-05-06 16:38:37.214677,956695,1609507780567407,5380479409,0.767136,0.337696,0.569984,1.84625,1.84625,-16.59,-46.52,0.224,-70.192,concentric,4,5.0,30372.0,34872.0,90706.0,83622.0,27236.0,42948.0,39931.0,46970.0,18358.0,14726.0
2026-05-06 16:38:37.216925,956696,1609507780576338,5380488160,0.792512,0.25376,0.54656,-0.07875,3.745,-17.115,-47.04,0.448,-68.8,concentric,4,5.0,30372.0,34872.0,90706.0,83622.0,27236.0,42948.0,39931.0,46970.0,18358.0,14726.0
2026-05-06 16:38:37.218302,956697,1609507780590970,5380503124,0.792512,0.25376,0.54656,1.2075,5.20625,-13.3,-47.04,0.448,-68.8,concentric,4,5.0,30372.0,34872.0,90706.0,83622.0,27236.0,42948.0,39931.0,46970.0,18358.0,14726.0
2026-05-06 16:38:37.220217,956698,1609507780599948,5380511850,0.831552,0.275232,0.607072,5.29375,6.5275,-6.85125,-47.008003,1.408,-68.672005,concentric,4,5.0,30372.0,34872.0,90706.0,83622.0,27236.0,42948.0,39931.0,46970.0,18358.0,14726.0
2026-05-06 16:38:37.229482,956699,1609507780614436,5380526785,0.831552,0.275232,0.685152,6.20375,8.21625,-1.67125,-47.008003,1.408,-68.672005,concentric,4,5.0,30372.0,34872.0,90706.0,83622.0,27236.0,42948.0,39931.0,46970.0,18358.0,14726.0
2026-05-06 16:38:37.238257,956700,1609507780623372,5380535488,0.788608,0.320128,0.685152,1.91625,9.75625,-0.98875,-47.136,0.096,-65.928,concentric,4,5.0,30372.0,34872.0,90706.0,83622.0,27236.0,42948.0,39931.0,46970.0,18358.0,14726.0
2026-05-06 16:38:37.244228,956701,1609507780632292,5380544470,0.788608,0.320128,0.685152,-1.3825,12.90625,0.00875,-47.136,0.096,-65.928,concentric,4,5.0,30372.0,34872.0,90706.0,83622.0,27236.0,42948.0,39931.0,46970.0,18358.0,14726.0
2026-05-06 16:38:37.278093,956712,1609507780646906,5380559498,0.76128,0.37088,0.6344,-2.1525,15.28625,-2.21375,-47.680004,0.344,-66.656006,concentric,4,5.0,30596.0,34997.0,90718.0,84103.0,27436.0,43046.0,39904.0,47187.0,18519.0,14806.0
2026-05-06 16:38:37.303858,956713,1609507780656029,5380568249,0.79056,0.316224,0.558272,-5.6175,17.395,-7.30625,-47.336002,-2.216,-65.088005,concentric,4,5.0,30596.0,34997.0,90718.0,84103.0,27436.0,43046.0,39904.0,47187.0,18519.0,14806.0
2026-05-06 16:38:37.328197,956714,1609507780670862,5380583266,0.79056,0.316224,0.558272,-6.67625,19.17125,-9.19625,-47.336002,-2.216,-65.088005,concentric,4,5.0,30596.0,34997.0,90718.0,84103.0,27436.0,43046.0,39904.0,47187.0,18519.0,14806.0
2026-05-06 16:38:37.349142,956715,1609507780679835,5380591976,0.75152,0.308416,0.579744,-6.125,18.12125,-13.04625,-47.344,1.6,-67.112,concentric,4,5.0,30596.0,34997.0,90718.0,84103.0,27436.0,43046.0,39904.0,47187.0,18519.0,14806.0
2026-05-06 16:38:37.351483,956716,1609507780688777,5380600725,0.75152,0.308416,0.579744,-5.1625,17.59625,-11.76,-47.344,1.6,-67.112,concentric,4,5.0,30596.0,34997.0,90718.0,84103.0,27436.0,43046.0,39904.0,47187.0,18519.0,14806.0
2026-05-06 16:38:37.354024,956717,1609507780703276,5380615642,0.724192,0.378688,0.632448,3.21125,15.54,-10.08875,-47.704002,1.44,-67.240005,concentric,4,5.0,30596.0,34997.0,90718.0,84103.0,27436.0,43046.0,39904.0,47187.0,18519.0,14806.0
2026-05-06 16:38:37.356551,956718,1609507780712234,5380624464,0.724192,0.378688,0.632448,2.98375,14.2625,-12.43375,-47.704002,1.44,-67.240005,concentric,4,5.0,30596.0,34997.0,90718.0,84103.0,27436.0,43046.0,39904.0,47187.0,18519.0,14806.0
2026-05-06 16:38:37.359099,956719,1609507780726677,5380639365,0.749568,0.327936,0.620736,-2.66,14.5075,-13.86875,-47.784,1.296,-66.04,concentric,4,5.0,30596.0,34997.0,90718.0,84103.0,27436.0,43046.0,39904.0,47187.0,18519.0,14806.0
2026-05-06 16:38:37.361516,956720,1609507780735624,5380648049,0.749568,0.374784,0.55632,-3.17625,13.125,-11.4975,-47.784,1.296,-66.04,concentric,4,5.0,30596.0,34997.0,90718.0,84103.0,27436.0,43046.0,39904.0,47187.0,18519.0,14806.0
2026-05-06 16:38:37.395944,956731,1609507780750894,5380663057,0.743712,0.382592,0.55632,0.06125,10.36875,-8.8025,-48.048004,1.464,-66.16801,concentric,4,5.0,30527.0,34757.0,90676.0,85330.0,27312.0,42719.0,39815.0,47759.0,18467.0,14681.0
2026-05-06 16:38:37.398080,956732,1609507780759881,5380671812,0.72224,0.45872,0.620736,2.30125,6.3175,-8.33875,-48.2,-0.584,-65.16801,concentric,4,5.0,30527.0,34757.0,90676.0,85330.0,27312.0,42719.0,39815.0,47759.0,18467.0,14681.0
2026-05-06 16:38:37.404992,956733,1609507780768865,5380680599,0.72224,0.45872,0.620736,5.215,1.925,-8.53125,-48.2,-0.584,-65.16801,concentric,4,5.0,30527.0,34757.0,90676.0,85330.0,27312.0,42719.0,39815.0,47759.0,18467.0,14681.0
2026-05-06 16:38:37.405280,956734,1609507780783385,5380695524,0.753472,0.406016,0.689056,1.9425,-1.09375,-9.3275,-48.04,1.312,-66.07201,concentric,4,5.0,30527.0,34757.0,90676.0,85330.0,27312.0,42719.0,39815.0,47759.0,18467.0,14681.0
2026-05-06 16:38:37.405605,956735,1609507780792353,5380704230,0.753472,0.406016,0.689056,-4.69,-1.42625,-10.84125,-48.04,1.312,-66.07201,concentric,4,5.0,30527.0,34757.0,90676.0,85330.0,27312.0,42719.0,39815.0,47759.0,18467.0,14681.0
2026-05-06 16:38:37.426580,956736,1609507780806869,5380719202,0.786656,0.32208,0.655872,-6.265,-1.63625,-9.1,-48.256,1.096,-66.28001,concentric,4,5.0,30527.0,34757.0,90676.0,85330.0,27312.0,42719.0,39815.0,47759.0,18467.0,14681.0
2026-05-06 16:38:37.429389,956737,1609507780815765,5380727950,0.786656,0.32208,0.655872,-5.59125,-2.345,-5.38125,-48.256,1.096,-66.28001,concentric,4,5.0,30527.0,34757.0,90676.0,85330.0,27312.0,42719.0,39815.0,47759.0,18467.0,14681.0
2026-05-06 16:38:37.438226,956738,1609507780824725,5380736667,0.802272,0.41968,0.706624,-5.81875,-2.9225,-2.56375,-48.280003,1.392,-67.288,concentric,4,5.0,30527.0,34757.0,90676.0,85330.0,27312.0,42719.0,39815.0,47759.0,18467.0,14681.0
2026-05-06 16:38:37.472209,956739,1609507780839370,5380751569,0.798368,0.37088,0.728096,-8.7325,-2.8875,-2.275,-48.672,1.288,-66.128006,concentric,4,5.0,30527.0,34757.0,90676.0,85330.0,27312.0,42719.0,39815.0,47759.0,18467.0,14681.0
2026-05-06 16:38:37.501632,956750,1609507780848544,5380760300,0.798368,0.37088,0.728096,-15.33875,-0.7175,-4.515,-48.672,1.288,-66.128006,concentric,4,5.0,30278.0,34571.0,90647.0,85240.0,27092.0,42597.0,39851.0,47760.0,18296.0,14612.0
2026-05-06 16:38:37.504505,956751,1609507780863070,5380775282,0.831552,0.42944,0.685152,-16.09125,2.09125,-2.1,-48.280003,1.256,-66.472,concentric,4,5.0,30278.0,34571.0,90647.0,85240.0,27092.0,42597.0,39851.0,47760.0,18296.0,14612.0
2026-05-06 16:38:37.506575,956752,1609507780872046,5380784042,0.831552,0.42944,0.685152,-11.042501,3.47375,-1.785,-48.280003,1.256,-66.472,concentric,4,5.0,30278.0,34571.0,90647.0,85240.0,27092.0,42597.0,39851.0,47760.0,18296.0,14612.0
2026-05-06 16:38:37.509149,956753,1609507780881152,5380792820,0.851072,0.2928,0.657824,-8.645,2.695,-5.1975,-48.496002,-0.688,-65.136,concentric,4,5.0,30278.0,34571.0,90647.0,85240.0,27092.0,42597.0,39851.0,47760.0,18296.0,14612.0
2026-05-06 16:38:37.511963,956754,1609507780895627,5380807794,0.851072,0.2928,0.657824,-8.9075,0.90125,-5.60875,-48.496002,-0.688,-65.136,concentric,4,5.0,30278.0,34571.0,90647.0,85240.0,27092.0,42597.0,39851.0,47760.0,18296.0,14612.0
2026-05-06 16:38:37.517880,956755,1609507780904538,5380816537,0.84912,0.366976,0.778848,-7.1925,0.035,-3.01,-48.896004,-0.544,-66.688,concentric,4,5.0,30278.0,34571.0,90647.0,85240.0,27092.0,42597.0,39851.0,47760.0,18296.0,14612.0
2026-05-06 16:38:37.532022,956756,1609507780919060,5380831515,0.813984,0.413824,0.74176,-9.79125,0.7175,-2.17875,-48.480003,1.144,-66.16801,concentric,4,5.0,30278.0,34571.0,90647.0,85240.0,27092.0,42597.0,39851.0,47760.0,18296.0,14612.0
2026-05-06 16:38:37.540906,956757,1609507780928033,5380840268,0.813984,0.413824,0.74176,-13.0725,2.8875,-3.99,-48.480003,1.144,-66.16801,concentric,4,5.0,30278.0,34571.0,90647.0,85240.0,27092.0,42597.0,39851.0,47760.0,18296.0,14612.0
2026-05-06 16:38:37.579941,956768,1609507780943044,5380855812,0.835456,0.314272,0.72224,-11.9875,4.4275,-8.8375,-48.52,1.016,-66.36,concentric,4,5.0,30201.0,34632.0,90567.0,84648.0,27030.0,42627.0,39799.0,47452.0,18238.0,14599.0
2026-05-06 16:38:37.582431,956769,1609507780952027,5380864597,0.835456,0.314272,0.72224,-7.3325,4.935,-8.74125,-48.52,1.016,-66.36,concentric,4,5.0,30201.0,34632.0,90567.0,84648.0,27030.0,42627.0,39799.0,47452.0,18238.0,14599.0
2026-05-06 16:38:37.583998,956770,1609507780961131,5380873362,0.835456,0.33184,0.730048,-0.95375,3.3775,-7.77875,-48.504,1.104,-65.984,concentric,4,5.0,30201.0,34632.0,90567.0,84648.0,27030.0,42627.0,39799.0,47452.0,18238.0,14599.0
2026-05-06 16:38:37.591109,956771,1609507780975709,5380888326,0.835456,0.33184,0.730048,-0.84875,1.925,-5.18,-48.504,1.104,-65.984,eccentric,4,5.0,30201.0,34632.0,90567.0,84648.0,27030.0,42627.0,39799.0,47452.0,18238.0,14599.0
2026-05-06 16:38:37.600372,956772,1609507780984646,5380897028,0.784704,0.47824,0.69296,-5.005,2.6425,-3.325,-48.552002,0.84,-66.208,eccentric,4,5.0,30201.0,34632.0,90567.0,84648.0,27030.0,42627.0,39799.0,47452.0,18238.0,14599.0
2026-05-06 16:38:37.613671,956773,1609507780999154,5380909916,0.813984,0.343552,0.681248,-5.0575,3.01875,-4.54125,-48.544003,0.328,-64.72,eccentric,4,5.0,30201.0,34632.0,90567.0,84648.0,27030.0,42627.0,39799.0,47452.0,18238.0,14599.0
2026-05-06 16:38:37.621691,956774,1609507781008399,5380920763,0.813984,0.343552,0.681248,-1.9425,1.89,-7.39375,-48.544003,0.328,-64.72,eccentric,4,5.0,30201.0,34632.0,90567.0,84648.0,27030.0,42627.0,39799.0,47452.0,18238.0,14599.0
2026-05-06 16:38:37.630779,956775,1609507781017325,5380929495,0.813984,0.343552,0.681248,4.78625,0.0525,-4.82125,-48.544003,0.328,-64.72,eccentric,4,5.0,30201.0,34632.0,90567.0,84648.0,27030.0,42627.0,39799.0,47452.0,18238.0,14599.0
2026-05-06 16:38:37.672385,956776,1609507781032000,5380944436,0.833504,0.32208,0.714432,7.51625,-2.5725,-1.785,-48.320004,1.136,-67.776,eccentric,4,5.0,30201.0,34632.0,90567.0,84648.0,27030.0,42627.0,39799.0,47452.0,18238.0,14599.0
2026-05-06 16:38:37.698231,956777,1609507781040984,5380953207,0.794464,0.447008,0.700768,5.01375,-4.73375,2.23125,-48.232002,0.904,-66.368004,eccentric,4,5.0,30201.0,34632.0,90567.0,84648.0,27030.0,42627.0,39799.0,47452.0,18238.0,14599.0
2026-05-06 16:38:37.782777,956788,1609507781055620,5380968125,0.794464,0.447008,0.700768,-1.14625,-5.1975,3.31625,-48.232002,0.904,-66.368004,eccentric,4,5.0,30265.0,34720.0,90266.0,84248.0,27099.0,42746.0,39667.0,47197.0,18285.0,14669.0
2026-05-06 16:38:37.785779,956789,1609507781064644,5380976840,0.776896,0.394304,0.642208,-4.54125,-5.29375,-0.23625,-48.24,0.96,-66.776,eccentric,4,5.0,30265.0,34720.0,90266.0,84248.0,27099.0,42746.0,39667.0,47197.0,18285.0,14669.0
2026-05-06 16:38:37.788218,956790,1609507781073589,5380985569,0.776896,0.394304,0.642208,-4.10375,-6.0375,-2.72125,-48.24,0.96,-66.776,eccentric,4,5.0,30265.0,34720.0,90266.0,84248.0,27099.0,42746.0,39667.0,47197.0,18285.0,14669.0
2026-05-06 16:38:37.792946,956791,1609507781088026,5381000495,0.798368,0.300608,0.665632,1.9775,-6.0375,-1.0675,-48.120003,0.432,-66.864006,eccentric,4,5.0,30265.0,34720.0,90266.0,84248.0,27099.0,42746.0,39667.0,47197.0,18285.0,14669.0
2026-05-06 16:38:37.795802,956792,1609507781096924,5381009234,0.798368,0.300608,0.665632,5.1625,-6.04625,1.05875,-48.120003,0.432,-66.864006,eccentric,4,5.0,30265.0,34720.0,90266.0,84248.0,27099.0,42746.0,39667.0,47197.0,18285.0,14669.0
2026-05-06 16:38:37.800361,956793,1609507781111520,5381024128,0.776896,0.347456,0.728096,4.025,-5.5475,4.655,-47.608,0.736,-67.128006,eccentric,4,5.0,30265.0,34720.0,90266.0,84248.0,27099.0,42746.0,39667.0,47197.0,18285.0,14669.0
2026-05-06 16:38:37.802852,956794,1609507781120550,5381033009,0.769088,0.388448,0.64416,-2.275,-4.08625,5.29375,-47.680004,0.776,-67.048004,eccentric,4,5.0,30265.0,34720.0,90266.0,84248.0,27099.0,42746.0,39667.0,47197.0,18285.0,14669.0
2026-05-06 16:38:37.805456,956795,1609507781135041,5381045915,0.769088,0.388448,0.64416,-8.0325,-2.1,3.1325,-47.680004,0.776,-67.048004,eccentric,4,5.0,30265.0,34720.0,90266.0,84248.0,27099.0,42746.0,39667.0,47197.0,18285.0,14669.0
2026-05-06 16:38:37.862870,956806,1609507781144898,5381056904,0.749568,0.374784,0.609024,-10.36,-0.2275,-0.23625,-47.736004,0.32,-66.992004,eccentric,4,5.0,30377.0,34771.0,90308.0,84004.0,27183.0,42787.0,39653.0,47059.0,18351.0,14679.0
2026-05-06 16:38:37.868535,956807,1609507781153879,5381065685,0.749568,0.374784,0.609024,-5.005,0.98,-1.435,-47.736004,0.32,-66.992004,eccentric,4,5.0,30377.0,34771.0,90308.0,84004.0,27183.0,42787.0,39653.0,47059.0,18351.0,14679.0
2026-05-06 16:38:37.868652,956808,1609507781168424,5381080708,0.79056,0.257664,0.62464,1.58375,0.14875,-3.89375,-47.416,0.752,-66.75201,eccentric,4,5.0,30377.0,34771.0,90308.0,84004.0,27183.0,42787.0,39653.0,47059.0,18351.0,14679.0
2026-05-06 16:38:37.870657,956809,1609507781177361,5381089467,0.79056,0.257664,0.62464,4.62875,-1.7675,-2.6075,-47.416,0.752,-66.75201,eccentric,4,5.0,30377.0,34771.0,90308.0,84004.0,27183.0,42787.0,39653.0,47059.0,18351.0,14679.0
2026-05-06 16:38:37.873529,956810,1609507781191855,5381104444,0.747616,0.325984,0.657824,6.2125,-3.57,0.455,-47.296,0.656,-67.840004,eccentric,4,5.0,30377.0,34771.0,90308.0,84004.0,27183.0,42787.0,39653.0,47059.0,18351.0,14679.0
2026-05-06 16:38:37.875779,956811,1609507781200883,5381113170,0.689056,0.382592,0.610976,1.23375,-5.59125,-0.51625,-47.208004,0.664,-67.416,eccentric,4,5.0,30377.0,34771.0,90308.0,84004.0,27183.0,42787.0,39653.0,47059.0,18351.0,14679.0
2026-05-06 16:38:37.877936,956812,1609507781209831,5381121962,0.689056,0.382592,0.610976,-3.94625,-6.2475,-2.63375,-47.208004,0.664,-67.416,eccentric,4,5.0,30377.0,34771.0,90308.0,84004.0,27183.0,42787.0,39653.0,47059.0,18351.0,14679.0
2026-05-06 16:38:37.880784,956813,1609507781224366,5381136866,0.689056,0.349408,0.587552,-2.86125,-6.86,-6.88625,-46.800003,0.176,-67.32,eccentric,4,5.0,30377.0,34771.0,90308.0,84004.0,27183.0,42787.0,39653.0,47059.0,18351.0,14679.0
2026-05-06 16:38:37.882841,956814,1609507781233286,5381145607,0.689056,0.349408,0.587552,0.35875,-6.44,-10.80625,-46.800003,0.176,-67.32,eccentric,4,5.0,30377.0,34771.0,90308.0,84004.0,27183.0,42787.0,39653.0,47059.0,18351.0,14679.0
2026-05-06 16:38:37.915305,956825,1609507781248387,5381160585,0.710528,0.255712,0.599264,0.69125,-6.055,-13.0375,-47.176003,-0.152,-67.600006,eccentric,4,5.0,30297.0,34677.0,90221.0,83968.0,27078.0,42656.0,39579.0,47039.0,18287.0,14622.0
2026-05-06 16:38:37.917722,956826,1609507781257371,5381169396,0.710528,0.255712,0.599264,2.3625,-4.6375,-12.24125,-47.176003,-0.152,-67.600006,eccentric,4,5.0,30297.0,34677.0,90221.0,83968.0,27078.0,42656.0,39579.0,47039.0,18287.0,14622.0
2026-05-06 16:38:37.920253,956827,1609507781266514,5381178156,0.679296,0.271328,0.60512,6.15125,-3.7625,-7.90125,-46.992,-1.744,-66.600006,eccentric,4,5.0,30297.0,34677.0,90221.0,83968.0,27078.0,42656.0,39579.0,47039.0,18287.0,14622.0
2026-05-06 16:38:37.922672,956828,1609507781281317,5381193280,0.687104,0.35136,0.562176,9.275,-2.75625,-3.89375,-46.544003,-2.096,-68.75201,eccentric,4,5.0,30297.0,34677.0,90221.0,83968.0,27078.0,42656.0,39579.0,47039.0,18287.0,14622.0
2026-05-06 16:38:37.925728,956829,1609507781290417,5381202030,0.687104,0.35136,0.562176,8.28625,-1.8375,-2.00375,-46.544003,-2.096,-68.75201,eccentric,4,5.0,30297.0,34677.0,90221.0,83968.0,27078.0,42656.0,39579.0,47039.0,18287.0,14622.0
2026-05-06 16:38:37.928240,956830,1609507781304943,5381216930,0.646112,0.314272,0.44896,2.38,-1.88125,-3.85875,-46.744003,-2.448,-65.312004,eccentric,4,5.0,30297.0,34677.0,90221.0,83968.0,27078.0,42656.0,39579.0,47039.0,18287.0,14622.0
2026-05-06 16:38:37.930781,956831,1609507781313916,5381225664,0.646112,0.314272,0.44896,-3.5525,-2.66875,-6.86,-46.744003,-2.448,-65.312004,eccentric,4,5.0,30297.0,34677.0,90221.0,83968.0,27078.0,42656.0,39579.0,47039.0,18287.0,14622.0
2026-05-06 16:38:37.937118,956832,1609507781322867,5381234397,0.622688,0.31232,0.495808,-4.03375,-3.31625,-6.64125,-46.736004,-4.088,-65.528,eccentric,4,5.0,30297.0,34677.0,90221.0,83968.0,27078.0,42656.0,39579.0,47039.0,18287.0,14622.0
2026-05-06 16:38:37.953131,956833,1609507781337372,5381249519,0.622688,0.31232,0.495808,-1.3825,-3.885,-5.4075,-46.736004,-4.088,-65.528,eccentric,4,5.0,30297.0,34677.0,90221.0,83968.0,27078.0,42656.0,39579.0,47039.0,18287.0,14622.0
2026-05-06 16:38:37.984118,956844,1609507781346358,5381258316,0.616832,0.206912,0.491904,-1.12875,-4.2175,-4.4275,-45.936,-0.928,-68.064,eccentric,4,5.0,30294.0,34679.0,89984.0,83390.0,27115.0,42722.0,39518.0,46769.0,18322.0,14636.0
2026-05-06 16:38:37.986694,956845,1609507781361201,5381273374,0.59536,0.349408,0.505568,-0.0875,-3.7625,-1.1725,-46.232002,-0.584,-67.952,eccentric,4,5.0,30294.0,34679.0,89984.0,83390.0,27115.0,42722.0,39518.0,46769.0,18322.0,14636.0
2026-05-06 16:38:37.992022,956846,1609507781370277,5381282109,0.59536,0.349408,0.505568,-0.2275,-3.92875,3.01,-46.232002,-0.584,-67.952,eccentric,4,5.0,30294.0,34679.0,89984.0,83390.0,27115.0,42722.0,39518.0,46769.0,18322.0,14636.0
2026-05-06 16:38:37.994525,956847,1609507781379351,5381290847,0.59536,0.349408,0.505568,-1.295,-5.04,3.85875,-46.232002,-0.584,-67.952,eccentric,4,5.0,30294.0,34679.0,89984.0,83390.0,27115.0,42722.0,39518.0,46769.0,18322.0,14636.0
2026-05-06 16:38:38.007140,956848,1609507781393880,5381305768,0.59536,0.345504,0.445056,-5.55625,-6.0725,-0.32375,-46.08,-0.568,-66.952,eccentric,4,5.0,30294.0,34679.0,89984.0,83390.0,27115.0,42722.0,39518.0,46769.0,18322.0,14636.0
2026-05-06 16:38:38.040940,956849,1609507781402786,5381314483,0.583648,0.232288,0.491904,-7.455,-7.21875,-4.2875,-46.392002,-2.136,-67.112,eccentric,4,5.0,30294.0,34679.0,89984.0,83390.0,27115.0,42722.0,39518.0,46769.0,18322.0,14636.0
2026-05-06 16:38:38.065897,956850,1609507781417250,5381329437,0.583648,0.232288,0.491904,-5.08375,-7.44625,-3.395,-46.392002,-2.136,-67.112,eccentric,4,5.0,30294.0,34679.0,89984.0,83390.0,27115.0,42722.0,39518.0,46769.0,18322.0,14636.0
2026-05-06 16:38:38.080752,956851,1609507781426180,5381338192,0.59536,0.238144,0.50752,-0.88375,-7.93625,-0.00875,-45.632004,-0.52,-68.256004,eccentric,4,5.0,30294.0,34679.0,89984.0,83390.0,27115.0,42722.0,39518.0,46769.0,18322.0,14636.0
2026-05-06 16:38:38.082832,956852,1609507781440688,5381353103,0.59536,0.238144,0.480192,-2.30125,-7.32375,1.75,-45.632004,-0.52,-68.256004,eccentric,4,5.0,30294.0,34679.0,89984.0,83390.0,27115.0,42722.0,39518.0,46769.0,18322.0,14636.0
2026-05-06 16:38:38.119644,956863,1609507781449791,5381361873,0.603168,0.32208,0.480192,-2.5725,-6.1075,3.15875,-45.584003,-0.536,-70.728004,eccentric,4,5.0,30265.0,34722.0,89876.0,83012.0,27112.0,42778.0,39460.0,46574.0,18301.0,14664.0
2026-05-06 16:38:38.121732,956864,1609507781458782,5381370663,0.603168,0.32208,0.480192,-5.3375,-4.92625,-0.1575,-45.584003,-0.536,-70.728004,eccentric,4,5.0,30265.0,34722.0,89876.0,83012.0,27112.0,42778.0,39460.0,46574.0,18301.0,14664.0
2026-05-06 16:38:38.124640,956865,1609507781473341,5381385653,0.56608,0.296704,0.480192,-5.145,-4.47125,-3.465,-45.408,-0.368,-68.216,eccentric,4,5.0,30265.0,34722.0,89876.0,83012.0,27112.0,42778.0,39460.0,46574.0,18301.0,14664.0
2026-05-06 16:38:38.127108,956866,1609507781482323,5381394462,0.57584,0.242048,0.501664,-3.82375,-3.7625,-6.76375,-45.544003,-0.872,-69.456,eccentric,4,5.0,30265.0,34722.0,89876.0,83012.0,27112.0,42778.0,39460.0,46574.0,18301.0,14664.0
2026-05-06 16:38:38.129640,956867,1609507781496850,5381409415,0.57584,0.242048,0.501664,-6.09875,-3.19375,-8.26875,-45.544003,-0.872,-69.456,eccentric,4,5.0,30265.0,34722.0,89876.0,83012.0,27112.0,42778.0,39460.0,46574.0,18301.0,14664.0
2026-05-06 16:38:38.131944,956868,1609507781506028,5381418225,0.620736,0.228384,0.484096,-8.0325,-1.49625,-7.91,-45.368004,-1.24,-69.088005,eccentric,4,5.0,30265.0,34722.0,89876.0,83012.0,27112.0,42778.0,39460.0,46574.0,18301.0,14664.0
2026-05-06 16:38:38.134640,956869,1609507781515063,5381426931,0.620736,0.228384,0.484096,-9.0125,0.16625,-6.545,-45.368004,-1.24,-69.088005,eccentric,4,5.0,30265.0,34722.0,89876.0,83012.0,27112.0,42778.0,39460.0,46574.0,18301.0,14664.0
2026-05-06 16:38:38.144564,956870,1609507781529715,5381441888,0.577792,0.288896,0.441152,-7.04375,0.735,-5.24125,-45.256,-3.088,-67.768005,eccentric,4,5.0,30265.0,34722.0,89876.0,83012.0,27112.0,42778.0,39460.0,46574.0,18301.0,14664.0
2026-05-06 16:38:38.151992,956871,1609507781538761,5381450596,0.577792,0.288896,0.441152,-5.06625,0.20125,-5.52125,-45.256,-3.088,-67.768005,eccentric,4,5.0,30265.0,34722.0,89876.0,83012.0,27112.0,42778.0,39460.0,46574.0,18301.0,14664.0
2026-05-06 16:38:38.183004,956882,1609507781553301,5381465785,0.573888,0.275232,0.44896,-4.1825,-0.105,-6.53625,-45.064003,-0.968,-68.816,eccentric,4,5.0,30251.0,34784.0,89869.0,82825.0,27082.0,42852.0,39470.0,46496.0,18286.0,14681.0
2026-05-06 16:38:38.185897,956883,1609507781562325,5381474511,0.593408,0.21472,0.470432,-2.89625,-0.23625,-5.73125,-44.88,-2.136,-66.44,eccentric,4,5.0,30251.0,34784.0,89869.0,82825.0,27082.0,42852.0,39470.0,46496.0,18286.0,14681.0
2026-05-06 16:38:38.192102,956884,1609507781576832,5381489495,0.593408,0.21472,0.470432,-2.58125,-0.76125,-3.045,-44.88,-2.136,-66.44,eccentric,4,5.0,30251.0,34784.0,89869.0,82825.0,27082.0,42852.0,39470.0,46496.0,18286.0,14681.0
2026-05-06 16:38:38.200636,956885,1609507781585773,5381498244,0.581696,0.210816,0.4392,-5.4075,-0.84,0.21,-45.088,-3.112,-68.912,eccentric,4,5.0,30251.0,34784.0,89869.0,82825.0,27082.0,42852.0,39470.0,46496.0,18286.0,14681.0
2026-05-06 16:38:38.209654,956886,1609507781594703,5381506937,0.581696,0.210816,0.4392,-8.70625,-1.435,4.27,-45.088,-3.112,-68.912,eccentric,4,5.0,30251.0,34784.0,89869.0,82825.0,27082.0,42852.0,39470.0,46496.0,18286.0,14681.0
2026-05-06 16:38:38.220595,956887,1609507781609221,5381519988,0.54656,0.316224,0.40992,-7.5425,-1.79375,9.0475,-45.24,-1.232,-69.920006,eccentric,4,5.0,30251.0,34784.0,89869.0,82825.0,27082.0,42852.0,39470.0,46496.0,18286.0,14681.0
2026-05-06 16:38:38.231791,956888,1609507781618552,5381530827,0.54656,0.316224,0.40992,-3.3775,-2.975,11.4275,-45.24,-1.232,-69.920006,eccentric,4,5.0,30251.0,34784.0,89869.0,82825.0,27082.0,42852.0,39470.0,46496.0,18286.0,14681.0
2026-05-06 16:38:38.247943,956889,1609507781633083,5381545788,0.560224,0.277184,0.454816,-3.24625,-4.025,8.5225,-44.912003,-1.056,-69.264,eccentric,4,5.0,30251.0,34784.0,89869.0,82825.0,27082.0,42852.0,39470.0,46496.0,18286.0,14681.0
2026-05-06 16:38:38.258340,956890,1609507781642015,5381554522,0.560224,0.277184,0.486048,-5.6525,-4.68125,7.105,-44.912003,-1.056,-69.264,eccentric,4,5.0,30251.0,34784.0,89869.0,82825.0,27082.0,42852.0,39470.0,46496.0,18286.0,14681.0
2026-05-06 16:38:38.284149,956901,1609507781651130,5381563333,0.558272,0.269376,0.491904,-7.79625,-4.7775,7.67375,-44.736004,-3.344,-67.928,eccentric,4,5.0,30365.0,34904.0,89797.0,82497.0,27180.0,43012.0,39450.0,46313.0,18365.0,14767.0
2026-05-06 16:38:38.286811,956902,1609507781665749,5381578310,0.573888,0.245952,0.452864,-10.386251,-4.47125,8.60125,-44.736004,-0.56,-69.43201,eccentric,4,5.0,30365.0,34904.0,89797.0,82497.0,27180.0,43012.0,39450.0,46313.0,18365.0,14767.0
2026-05-06 16:38:38.289297,956903,1609507781674673,5381587022,0.573888,0.245952,0.452864,-12.71375,-4.1825,8.4525,-44.736004,-0.56,-69.43201,eccentric,4,5.0,30365.0,34904.0,89797.0,82497.0,27180.0,43012.0,39450.0,46313.0,18365.0,14767.0
2026-05-06 16:38:38.316765,956904,1609507781689224,5381601931,0.550464,0.308416,0.47824,-11.05125,-3.78,9.91375,-44.616,-0.424,-69.96001,eccentric,4,5.0,30365.0,34904.0,89797.0,82497.0,27180.0,43012.0,39450.0,46313.0,18365.0,14767.0
2026-05-06 16:38:38.319337,956905,1609507781698137,5381610656,0.550464,0.308416,0.47824,-7.7875,-3.92875,10.6575,-44.616,-0.424,-69.96001,eccentric,4,5.0,30365.0,34904.0,89797.0,82497.0,27180.0,43012.0,39450.0,46313.0,18365.0,14767.0
2026-05-06 16:38:38.325610,956906,1609507781712649,5381623526,0.538752,0.32208,0.470432,-8.855001,-3.15875,8.44375,-44.288002,-0.312,-69.512,eccentric,4,5.0,30365.0,34904.0,89797.0,82497.0,27180.0,43012.0,39450.0,46313.0,18365.0,14767.0
2026-05-06 16:38:38.340627,956907,1609507781722255,5381634355,0.538752,0.32208,0.470432,-11.6725,-1.9425,5.18875,-44.288002,-0.312,-69.512,eccentric,4,5.0,30365.0,34904.0,89797.0,82497.0,27180.0,43012.0,39450.0,46313.0,18365.0,14767.0
2026-05-06 16:38:38.342889,956908,1609507781731207,5381643071,0.577792,0.26352,0.423584,-11.76875,-1.19875,3.0975,-44.56,-0.2,-67.816,eccentric,4,5.0,30365.0,34904.0,89797.0,82497.0,27180.0,43012.0,39450.0,46313.0,18365.0,14767.0
2026-05-06 16:38:38.488455,956919,1609507781745689,5381658269,0.597312,0.251808,0.495808,-12.62625,-0.32375,2.28375,-44.600002,-1.672,-68.704,eccentric,4,5.0,30363.0,34937.0,89814.0,82503.0,27221.0,43102.0,39494.0,46316.0,18350.0,14794.0
2026-05-06 16:38:38.490946,956920,1609507781754760,5381667021,0.597312,0.251808,0.495808,-12.80125,0.77,3.675,-44.600002,-1.672,-68.704,eccentric,4,5.0,30363.0,34937.0,89814.0,82503.0,27221.0,43102.0,39494.0,46316.0,18350.0,14794.0
2026-05-06 16:38:38.493108,956921,1609507781769278,5381681951,0.628544,0.284992,0.486048,-13.0375,1.11125,4.76,-44.376003,-0.16,-69.584,eccentric,4,5.0,30363.0,34937.0,89814.0,82503.0,27221.0,43102.0,39494.0,46316.0,18350.0,14794.0
2026-05-06 16:38:38.495951,956922,1609507781778164,5381690708,0.628544,0.284992,0.486048,-12.39,1.70625,5.60875,-44.376003,-0.16,-69.584,eccentric,4,5.0,30363.0,34937.0,89814.0,82503.0,27221.0,43102.0,39494.0,46316.0,18350.0,14794.0
2026-05-06 16:38:38.498444,956923,1609507781787168,5381699430,0.626592,0.27328,0.534848,-12.15375,1.26875,4.90875,-44.216003,0.152,-69.568,eccentric,4,5.0,30363.0,34937.0,89814.0,82503.0,27221.0,43102.0,39494.0,46316.0,18350.0,14794.0
2026-05-06 16:38:38.500770,956924,1609507781801641,5381714365,0.626592,0.27328,0.534848,-13.7025,0.86625,3.26375,-44.216003,0.152,-69.568,eccentric,4,5.0,30363.0,34937.0,89814.0,82503.0,27221.0,43102.0,39494.0,46316.0,18350.0,14794.0
2026-05-06 16:38:38.503444,956925,1609507781810607,5381723056,0.659776,0.249856,0.538752,-14.0875,0.14875,2.82625,-43.960003,-0.152,-69.43201,eccentric,4,5.0,30363.0,34937.0,89814.0,82503.0,27221.0,43102.0,39494.0,46316.0,18350.0,14794.0
2026-05-06 16:38:38.505959,956926,1609507781825159,5381735974,0.651968,0.249856,0.523136,-12.22375,-0.525,4.6375,-44.392002,-3.232,-68.592,eccentric,4,5.0,30363.0,34937.0,89814.0,82503.0,27221.0,43102.0,39494.0,46316.0,18350.0,14794.0
2026-05-06 16:38:38.510955,956927,1609507781834401,5381746752,0.651968,0.249856,0.523136,-11.33125,-1.51375,5.215,-44.392002,-3.232,-68.592,eccentric,4,5.0,30363.0,34937.0,89814.0,82503.0,27221.0,43102.0,39494.0,46316.0,18350.0,14794.0
2026-05-06 16:38:38.513441,956928,1609507781843311,5381755520,0.651968,0.249856,0.523136,-10.00125,-2.17875,5.59125,-44.392002,-3.232,-68.592,eccentric,4,5.0,30363.0,34937.0,89814.0,82503.0,27221.0,43102.0,39494.0,46316.0,18350.0,14794.0
2026-05-06 16:38:38.543235,956939,1609507781858049,5381770532,0.661728,0.249856,0.513376,-10.01,-3.22,3.605,-43.992,-0.08,-70.872,eccentric,4,5.0,30270.0,34902.0,89948.0,82867.0,27140.0,43043.0,39541.0,46504.0,18314.0,14782.0
2026-05-06 16:38:38.545750,956940,1609507781867049,5381779222,0.67344,0.238144,0.538752,-10.77125,-4.10375,1.56625,-43.992,-0.056,-69.76,eccentric,4,5.0,30270.0,34902.0,89948.0,82867.0,27140.0,43043.0,39541.0,46504.0,18314.0,14782.0
2026-05-06 16:38:38.548249,956941,1609507781881593,5381794118,0.67344,0.238144,0.538752,-10.3075,-4.83875,1.44375,-43.992,-0.056,-69.76,eccentric,4,5.0,30270.0,34902.0,89948.0,82867.0,27140.0,43043.0,39541.0,46504.0,18314.0,14782.0
2026-05-06 16:38:38.550388,956942,1609507781890609,5381802859,0.665632,0.220576,0.513376,-8.925,-6.055,0.8925,-43.848003,-0.272,-69.616005,eccentric,4,5.0,30270.0,34902.0,89948.0,82867.0,27140.0,43043.0,39541.0,46504.0,18314.0,14782.0
2026-05-06 16:38:38.552889,956943,1609507781905199,5381817941,0.675392,0.25376,0.581696,-6.51,-5.9325,1.60125,-44.112003,-1.088,-68.72,eccentric,4,5.0,30270.0,34902.0,89948.0,82867.0,27140.0,43043.0,39541.0,46504.0,18314.0,14782.0
2026-05-06 16:38:38.555484,956944,1609507781914116,5381826760,0.675392,0.25376,0.581696,-3.17625,-5.71375,1.05875,-44.112003,-1.088,-68.72,eccentric,4,5.0,30270.0,34902.0,89948.0,82867.0,27140.0,43043.0,39541.0,46504.0,18314.0,14782.0
2026-05-06 16:38:38.558089,956945,1609507781923060,5381835478,0.675392,0.25376,0.581696,-1.5925,-5.075,-0.14875,-44.112003,-1.088,-68.72,eccentric,4,5.0,30270.0,34902.0,89948.0,82867.0,27140.0,43043.0,39541.0,46504.0,18314.0,14782.0
2026-05-06 16:38:38.560765,956946,1609507781937639,5381848406,0.689056,0.228384,0.5856,-1.11125,-4.0775,-2.19625,-43.960003,-0.088,-70.264,eccentric,4,5.0,30270.0,34902.0,89948.0,82867.0,27140.0,43043.0,39541.0,46504.0,18314.0,14782.0
2026-05-06 16:38:38.588329,956957,1609507781946875,5381859470,0.677344,0.230336,0.51728,-1.42625,-3.17625,-2.835,-43.960003,-1.616,-68.648,eccentric,4,5.0,30299.0,34941.0,89899.0,82870.0,27140.0,43086.0,39506.0,46493.0,18297.0,14803.0
2026-05-06 16:38:38.590901,956958,1609507781961503,5381872346,0.677344,0.230336,0.51728,0.30625,-1.8375,-1.93375,-43.960003,-1.616,-68.648,eccentric,4,5.0,30299.0,34941.0,89899.0,82870.0,27140.0,43086.0,39506.0,46493.0,18297.0,14803.0
2026-05-06 16:38:38.593402,956959,1609507781971078,5381883232,0.679296,0.212768,0.523136,0.6825,-1.9425,-3.19375,-44.096,-1.944,-68.784004,eccentric,4,5.0,30299.0,34941.0,89899.0,82870.0,27140.0,43086.0,39506.0,46493.0,18297.0,14803.0
2026-05-06 16:38:38.595909,956960,1609507781980129,5381891945,0.679296,0.212768,0.523136,-0.48125,-1.05875,-2.17,-44.096,-1.944,-68.784004,eccentric,4,5.0,30299.0,34941.0,89899.0,82870.0,27140.0,43086.0,39506.0,46493.0,18297.0,14803.0
2026-05-06 16:38:38.609644,956961,1609507781994641,5381906875,0.661728,0.275232,0.511424,-1.07625,-0.56,-1.61,-44.096,-2.592,-68.088005,eccentric,4,5.0,30299.0,34941.0,89899.0,82870.0,27140.0,43086.0,39506.0,46493.0,18297.0,14803.0
2026-05-06 16:38:38.622037,956962,1609507782003563,5381915582,0.661728,0.275232,0.511424,0.4725,0.2275,-2.135,-44.096,-2.592,-68.088005,eccentric,4,5.0,30299.0,34941.0,89899.0,82870.0,27140.0,43086.0,39506.0,46493.0,18297.0,14803.0
2026-05-06 16:38:38.633747,956963,1609507782018227,5381930625,0.646112,0.267424,0.443104,2.205,0.34125,-4.19125,-43.984,0.224,-70.192,eccentric,4,5.0,30299.0,34941.0,89899.0,82870.0,27140.0,43086.0,39506.0,46493.0,18297.0,14803.0
2026-05-06 16:38:38.641989,956964,1609507782027170,5381939343,0.708576,0.201056,0.5368,1.74125,0.53375,-6.3175,-44.032,0.472,-70.744,eccentric,4,5.0,30299.0,34941.0,89899.0,82870.0,27140.0,43086.0,39506.0,46493.0,18297.0,14803.0
2026-05-06 16:38:38.650389,956965,1609507782036114,5381948048,0.708576,0.201056,0.5368,2.38875,0.175,-5.775,-44.032,0.472,-70.744,eccentric,4,5.0,30299.0,34941.0,89899.0,82870.0,27140.0,43086.0,39506.0,46493.0,18297.0,14803.0
2026-05-06 16:38:38.689645,956976,1609507782051811,5381963126,0.671488,0.279136,0.519232,1.75,-0.56875,-4.19125,-44.488003,-1.808,-69.088005,eccentric,4,5.0,30365.0,34974.0,89776.0,82922.0,27201.0,43132.0,39422.0,46506.0,18368.0,14821.0
2026-05-06 16:38:38.692124,956977,1609507782060846,5381971933,0.671488,0.279136,0.519232,1.9075,-0.30625,-2.10875,-44.488003,-1.808,-69.088005,eccentric,4,5.0,30365.0,34974.0,89776.0,82922.0,27201.0,43132.0,39422.0,46506.0,18368.0,14821.0
2026-05-06 16:38:38.694605,956978,1609507782070270,5381982787,0.704672,0.242048,0.554368,-0.16625,0.5425,-3.2725,-44.016003,0.024,-69.064,eccentric,4,5.0,30365.0,34974.0,89776.0,82922.0,27201.0,43132.0,39422.0,46506.0,18368.0,14821.0
2026-05-06 16:38:38.696780,956979,1609507782084814,5381995672,0.704672,0.242048,0.554368,-3.54375,1.46125,-3.4125,-44.016003,0.024,-69.064,eccentric,4,5.0,30365.0,34974.0,89776.0,82922.0,27201.0,43132.0,39422.0,46506.0,18368.0,14821.0
2026-05-06 16:38:38.710937,956980,1609507782094227,5382006564,0.685152,0.26352,0.509472,-5.2675,1.3475,-3.57,-44.104004,-1.208,-69.80801,eccentric,4,5.0,30365.0,34974.0,89776.0,82922.0,27201.0,43132.0,39422.0,46506.0,18368.0,14821.0
2026-05-06 16:38:38.726408,956981,1609507782108767,5382021473,0.718336,0.218624,0.464576,-5.06625,0.4375,-4.2175,-44.416,-0.408,-70.152,eccentric,4,5.0,30365.0,34974.0,89776.0,82922.0,27201.0,43132.0,39422.0,46506.0,18368.0,14821.0
2026-05-06 16:38:38.730390,956982,1609507782117676,5382030401,0.718336,0.218624,0.464576,-4.5325,-1.02375,-5.57375,-44.416,-0.408,-70.152,eccentric,4,5.0,30365.0,34974.0,89776.0,82922.0,27201.0,43132.0,39422.0,46506.0,18368.0,14821.0
2026-05-06 16:38:38.741782,956983,1609507782126647,5382039138,0.691008,0.25376,0.55632,-4.165,-1.12875,-5.57375,-44.328003,0.192,-68.464005,eccentric,4,5.0,30365.0,34974.0,89776.0,82922.0,27201.0,43132.0,39422.0,46506.0,18368.0,14821.0
2026-05-06 16:38:38.774470,956984,1609507782141334,5382054067,0.691008,0.25376,0.55632,-0.4025,-0.14,-2.1525,-44.328003,0.192,-68.464005,eccentric,4,5.0,30365.0,34974.0,89776.0,82922.0,27201.0,43132.0,39422.0,46506.0,18368.0,14821.0
2026-05-06 16:38:38.855949,956995,1609507782151044,5382062892,0.706624,0.279136,0.542656,-0.5075,0.41125,-1.75,-44.256,0.496,-69.912,eccentric,4,5.0,30464.0,35061.0,89709.0,83229.0,27303.0,43198.0,39395.0,46659.0,18421.0,14871.0
2026-05-06 16:38:38.858089,956996,1609507782165645,5382077873,0.706624,0.279136,0.542656,-5.69625,1.14625,-2.9225,-44.256,0.496,-69.912,eccentric,4,5.0,30464.0,35061.0,89709.0,83229.0,27303.0,43198.0,39395.0,46659.0,18421.0,14871.0
2026-05-06 16:38:38.860939,956997,1609507782174543,5382086659,0.675392,0.26352,0.534848,-6.69375,1.93375,-3.78875,-44.024002,0.336,-68.08,eccentric,4,5.0,30464.0,35061.0,89709.0,83229.0,27303.0,43198.0,39395.0,46659.0,18421.0,14871.0
2026-05-06 16:38:38.863415,956998,1609507782183462,5382095377,0.675392,0.26352,0.534848,-2.84375,2.84375,-2.54625,-44.024002,0.336,-68.08,eccentric,4,5.0,30464.0,35061.0,89709.0,83229.0,27303.0,43198.0,39395.0,46659.0,18421.0,14871.0
2026-05-06 16:38:38.866031,956999,1609507782197957,5382110429,0.724192,0.216672,0.52704,0.4375,2.2925,-2.52,-43.952003,0.296,-70.272,eccentric,4,5.0,30464.0,35061.0,89709.0,83229.0,27303.0,43198.0,39395.0,46659.0,18421.0,14871.0
2026-05-06 16:38:38.868123,957000,1609507782206883,5382119134,0.689056,0.2928,0.552416,0.9975,1.98625,-0.51625,-43.952003,0.552,-70.368004,eccentric,4,5.0,30464.0,35061.0,89709.0,83229.0,27303.0,43198.0,39395.0,46659.0,18421.0,14871.0
2026-05-06 16:38:38.870970,957001,1609507782221462,5382134074,0.689056,0.2928,0.552416,-0.28875,1.70625,2.0125,-44.184002,0.552,-70.368004,eccentric,4,5.0,30464.0,35061.0,89709.0,83229.0,27303.0,43198.0,39395.0,46659.0,18421.0,14871.0
2026-05-06 16:38:38.873380,957002,1609507782230509,5382142850,0.685152,0.277184,0.56608,-4.05125,1.30375,1.2425,-44.056004,-1.552,-69.032005,eccentric,4,5.0,30464.0,35061.0,89709.0,83229.0,27303.0,43198.0,39395.0,46659.0,18421.0,14871.0
2026-05-06 16:38:38.875976,957003,1609507782245091,5382157833,0.685152,0.277184,0.56608,-6.23875,1.61875,-0.65625,-44.056004,-1.552,-69.032005,eccentric,4,5.0,30464.0,35061.0,89709.0,83229.0,27303.0,43198.0,39395.0,46659.0,18421.0,14871.0
2026-05-06 16:38:38.903991,957014,1609507782254202,5382166581,0.681248,0.236192,0.534848,-2.6425,1.21625,-1.7675,-44.176003,-0.552,-69.968,eccentric,4,5.0,30464.0,35087.0,89615.0,83226.0,27337.0,43241.0,39345.0,46658.0,18469.0,14892.0
2026-05-06 16:38:38.905422,957015,1609507782263330,5382175367,0.681248,0.236192,0.534848,-0.67375,0.9625,-1.77625,-44.176003,-0.552,-69.968,eccentric,4,5.0,30464.0,35087.0,89615.0,83226.0,27337.0,43241.0,39345.0,46658.0,18469.0,14892.0
2026-05-06 16:38:38.907887,957016,1609507782277876,5382190360,0.685152,0.251808,0.544608,0.665,0.69125,0.0175,-43.840004,-1.488,-69.032005,eccentric,4,5.0,30464.0,35087.0,89615.0,83226.0,27337.0,43241.0,39345.0,46658.0,18469.0,14892.0
2026-05-06 16:38:38.912857,957017,1609507782286819,5382199088,0.685152,0.251808,0.581696,1.925,0.105,-1.93375,-43.840004,-1.488,-69.032005,eccentric,4,5.0,30464.0,35087.0,89615.0,83226.0,27337.0,43241.0,39345.0,46658.0,18469.0,14892.0
2026-05-06 16:38:38.914144,957018,1609507782301379,5382214131,0.700768,0.281088,0.581696,-0.1225,0.665,-1.7675,-44.256,-1.184,-68.952,eccentric,4,5.0,30464.0,35087.0,89615.0,83226.0,27337.0,43241.0,39345.0,46658.0,18469.0,14892.0
2026-05-06 16:38:38.928240,957019,1609507782310259,5382222856,0.706624,0.257664,0.618784,0.665,1.0325,-3.535,-44.112003,0.336,-70.312004,eccentric,4,5.0,30464.0,35087.0,89615.0,83226.0,27337.0,43241.0,39345.0,46658.0,18469.0,14892.0
2026-05-06 16:38:38.934188,957020,1609507782319150,5382231548,0.706624,0.257664,0.618784,-0.6825,1.26875,-4.96125,-44.112003,0.336,-70.312004,eccentric,4,5.0,30464.0,35087.0,89615.0,83226.0,27337.0,43241.0,39345.0,46658.0,18469.0,14892.0
2026-05-06 16:38:38.945465,957021,1609507782333659,5382244462,0.675392,0.269376,0.542656,-1.51375,1.46125,-5.5475,-44.256,0.704,-69.840004,eccentric,4,5.0,30464.0,35087.0,89615.0,83226.0,27337.0,43241.0,39345.0,46658.0,18469.0,14892.0
2026-05-06 16:38:38.962109,957022,1609507782343061,5382255290,0.675392,0.269376,0.542656,-1.30375,0.32375,-5.6875,-44.256,0.704,-69.840004,eccentric,4,5.0,30464.0,35087.0,89615.0,83226.0,27337.0,43241.0,39345.0,46658.0,18469.0,14892.0
2026-05-06 16:38:38.989650,957033,1609507782357716,5382270447,0.710528,0.277184,0.499712,-0.735,-0.79625,-5.71375,-44.352,0.016,-69.984,eccentric,4,5.0,30372.0,34989.0,89571.0,83340.0,27243.0,43145.0,39338.0,46744.0,18391.0,14831.0
2026-05-06 16:38:38.992136,957034,1609507782366755,5382279185,0.710528,0.277184,0.499712,-3.56125,-1.68,-7.63,-44.352,0.016,-69.984,eccentric,4,5.0,30372.0,34989.0,89571.0,83340.0,27243.0,43145.0,39338.0,46744.0,18391.0,14831.0
2026-05-06 16:38:38.994174,957035,1609507782375722,5382287949,0.694912,0.27328,0.57584,-6.67625,-2.84375,-7.875,-44.08,0.304,-70.608,eccentric,4,5.0,30372.0,34989.0,89571.0,83340.0,27243.0,43145.0,39338.0,46744.0,18391.0,14831.0
2026-05-06 16:38:39.008327,957036,1609507782390252,5382302878,0.67344,0.2928,0.542656,-7.245,-3.85,-7.0,-44.248,0.208,-70.136,eccentric,4,5.0,30372.0,34989.0,89571.0,83340.0,27243.0,43145.0,39338.0,46744.0,18391.0,14831.0
2026-05-06 16:38:39.014486,957037,1609507782399147,5382311640,0.67344,0.2928,0.542656,-4.0775,-3.675,-7.3325,-44.248,0.208,-70.136,eccentric,4,5.0,30372.0,34989.0,89571.0,83340.0,27243.0,43145.0,39338.0,46744.0,18391.0,14831.0
2026-05-06 16:38:39.028211,957038,1609507782413678,5382324523,0.708576,0.261568,0.57584,0.02625,-3.24625,-7.23625,-44.456,0.128,-69.200005,eccentric,4,5.0,30372.0,34989.0,89571.0,83340.0,27243.0,43145.0,39338.0,46744.0,18391.0,14831.0
2026-05-06 16:38:39.037002,957039,1609507782422985,5382335339,0.708576,0.261568,0.57584,3.00125,-2.9575,-6.55375,-44.456,0.128,-69.200005,eccentric,4,5.0,30372.0,34989.0,89571.0,83340.0,27243.0,43145.0,39338.0,46744.0,18391.0,14831.0
2026-05-06 16:38:39.052168,957040,1609507782437496,5382348262,0.67344,0.259616,0.59536,0.2975,-1.72375,-4.7775,-44.016003,-1.392,-68.984,eccentric,4,5.0,30372.0,34989.0,89571.0,83340.0,27243.0,43145.0,39338.0,46744.0,18391.0,14831.0
2026-05-06 16:38:39.060948,957041,1609507782446695,5382359103,0.67344,0.259616,0.59536,-3.33375,-0.32375,-3.71875,-44.016003,-1.392,-68.984,eccentric,4,5.0,30372.0,34989.0,89571.0,83340.0,27243.0,43145.0,39338.0,46744.0,18391.0,14831.0
2026-05-06 16:38:39.091590,957053,1609507782455808,5382367899,0.677344,0.279136,0.583648,-2.94875,1.33,-2.19625,-44.024002,0.04,-68.864006,eccentric,4,5.0,30397.0,34997.0,89510.0,83208.0,27254.0,43149.0,39304.0,46658.0,18412.0,14840.0
2026-05-06 16:38:39.092838,957054,1609507782470435,5382382975,0.696864,0.251808,0.501664,-1.49625,2.47625,-1.505,-44.52,0.32,-70.01601,eccentric,4,5.0,30397.0,34997.0,89510.0,83208.0,27254.0,43149.0,39304.0,46658.0,18412.0,14840.0
2026-05-06 16:38:39.095441,957055,1609507782479362,5382391873,0.696864,0.251808,0.501664,-0.23625,3.00125,-2.96625,-44.52,0.32,-70.01601,eccentric,4,5.0,30397.0,34997.0,89510.0,83208.0,27254.0,43149.0,39304.0,46658.0,18412.0,14840.0
2026-05-06 16:38:39.125377,957056,1609507782493890,5382404757,0.67344,0.329888,0.550464,1.225,1.81125,-3.465,-44.056004,0.344,-69.976006,eccentric,4,5.0,30397.0,34997.0,89510.0,83208.0,27254.0,43149.0,39304.0,46658.0,18412.0,14840.0
