pc_time,serial_num,sensor_ts,host_ts,ax,ay,az,gx,gy,gz,mx,my,mz,phase,rpe,weight_kg,ppg_a,ppg_b,ppg_c,ppg_d,ppg_e,ppg_f,ppg_g,ppg_h,ppg_i,ppg_j
2026-05-06 16:34:49.155123,913775,1609507552469704,5152382857,0.61488,0.376736,0.525088,-4.34875,2.1175,-4.43625,-44.448,2.592,-64.744,concentric,4,5.0,32900.0,35269.0,90761.0,91692.0,30477.0,44285.0,40031.0,52378.0,20648.0,15267.0
2026-05-06 16:34:49.157678,913776,1609507552478737,5152389521,0.61488,0.376736,0.525088,-4.1125,1.58375,-5.45125,-44.448,2.592,-64.744,concentric,4,5.0,32900.0,35269.0,90761.0,91692.0,30477.0,44285.0,40031.0,52378.0,20648.0,15267.0
2026-05-06 16:34:49.160219,913777,1609507552487918,5152400313,0.671488,0.333792,0.521184,-5.94125,1.33,-5.78375,-44.568,2.32,-63.456,concentric,4,5.0,32900.0,35269.0,90761.0,91692.0,30477.0,44285.0,40031.0,52378.0,20648.0,15267.0
2026-05-06 16:34:49.162949,913778,1609507552502370,5152413172,0.6344,0.335744,0.538752,-7.34125,1.3475,-5.1975,-44.344,2.4,-65.304,concentric,4,5.0,32900.0,35269.0,90761.0,91692.0,30477.0,44285.0,40031.0,52378.0,20648.0,15267.0
2026-05-06 16:34:49.165394,913779,1609507552511620,5152423951,0.6344,0.335744,0.538752,-4.90875,1.715,-3.3425,-44.344,2.4,-65.304,concentric,4,5.0,32900.0,35269.0,90761.0,91692.0,30477.0,44285.0,40031.0,52378.0,20648.0,15267.0
2026-05-06 16:34:49.167908,913780,1609507552526139,5152438884,0.609024,0.423584,0.534848,-1.9075,2.415,-1.61875,-44.600002,2.36,-64.864006,concentric,4,5.0,32900.0,35269.0,90761.0,91692.0,30477.0,44285.0,40031.0,52378.0,20648.0,15267.0
2026-05-06 16:34:49.170301,913781,1609507552535120,5152447688,0.609024,0.423584,0.534848,0.65625,2.835,-1.98625,-44.600002,2.36,-64.864006,concentric,4,5.0,32900.0,35269.0,90761.0,91692.0,30477.0,44285.0,40031.0,52378.0,20648.0,15267.0
2026-05-06 16:34:49.172837,913782,1609507552549787,5152460589,0.642208,0.343552,0.534848,-1.2775,3.56125,-5.92375,-44.904003,-1.136,-62.624004,concentric,4,5.0,32900.0,35269.0,90761.0,91692.0,30477.0,44285.0,40031.0,52378.0,20648.0,15267.0
2026-05-06 16:34:49.175125,913783,1609507552559074,5152471395,0.642208,0.343552,0.534848,-2.485,3.9725,-9.3275,-44.904003,-1.136,-62.624004,concentric,4,5.0,32900.0,35269.0,90761.0,91692.0,30477.0,44285.0,40031.0,52378.0,20648.0,15267.0
2026-05-06 16:34:49.177935,913784,1609507552568026,5152480226,0.630496,0.318176,0.568032,-0.72625,3.66625,-9.03875,-44.608,0.32,-63.432003,concentric,4,5.0,32900.0,35269.0,90761.0,91692.0,30477.0,44285.0,40031.0,52378.0,20648.0,15267.0
2026-05-06 16:34:49.212299,913795,1609507552582806,5152495245,0.618784,0.384544,0.55632,2.9575,3.605,-7.00875,-44.960003,0.248,-63.4,concentric,4,5.0,33037.0,35420.0,90916.0,91656.0,30628.0,44514.0,40151.0,52410.0,20721.0,15343.0
2026-05-06 16:34:49.213691,913796,1609507552591808,5152504079,0.618784,0.384544,0.55632,5.18875,3.33375,-5.18875,-44.960003,0.248,-63.4,concentric,4,5.0,33037.0,35420.0,90916.0,91656.0,30628.0,44514.0,40151.0,52410.0,20721.0,15343.0
2026-05-06 16:34:49.215827,913797,1609507552600849,5152512781,0.618784,0.384544,0.55632,5.7925,3.92875,-5.64375,-44.960003,0.248,-63.4,concentric,4,5.0,33037.0,35420.0,90916.0,91656.0,30628.0,44514.0,40151.0,52410.0,20721.0,15343.0
2026-05-06 16:34:49.220133,913798,1609507552615423,5152527725,0.609024,0.38064,0.560224,4.82125,4.83875,-7.04375,-45.000004,0.776,-63.848003,concentric,4,5.0,33037.0,35420.0,90916.0,91656.0,30628.0,44514.0,40151.0,52410.0,20721.0,15343.0
2026-05-06 16:34:49.229071,913799,1609507552624365,5152536510,0.601216,0.384544,0.528992,4.94375,5.29375,-7.665,-44.864002,2.232,-64.968,concentric,4,5.0,33037.0,35420.0,90916.0,91656.0,30628.0,44514.0,40151.0,52410.0,20721.0,15343.0
2026-05-06 16:34:49.262836,913800,1609507552638865,5152551463,0.601216,0.384544,0.528992,6.37875,4.66375,-7.79625,-44.864002,2.232,-64.968,concentric,4,5.0,33037.0,35420.0,90916.0,91656.0,30628.0,44514.0,40151.0,52410.0,20721.0,15343.0
2026-05-06 16:34:49.265357,913801,1609507552647772,5152560212,0.618784,0.396256,0.55632,7.60375,3.70125,-6.8775,-44.576,1.624,-64.28001,concentric,4,5.0,33037.0,35420.0,90916.0,91656.0,30628.0,44514.0,40151.0,52410.0,20721.0,15343.0
2026-05-06 16:34:49.267911,913802,1609507552662265,5152573060,0.618784,0.396256,0.525088,7.14875,2.72125,-7.5075,-44.576,1.624,-64.28001,concentric,4,5.0,33037.0,35420.0,90916.0,91656.0,30628.0,44514.0,40151.0,52410.0,20721.0,15343.0
2026-05-06 16:34:49.304025,913813,1609507552671522,5152584115,0.599264,0.435296,0.525088,5.45125,2.31,-7.2275,-44.792004,2.08,-67.48801,concentric,4,5.0,33288.0,35647.0,91094.0,91871.0,30907.0,44783.0,40278.0,52517.0,20927.0,15496.0
2026-05-06 16:34:49.306490,913814,1609507552680554,5152592971,0.599264,0.435296,0.525088,5.25,1.6975,-6.72875,-44.792004,2.08,-67.48801,concentric,4,5.0,33288.0,35647.0,91094.0,91871.0,30907.0,44783.0,40278.0,52517.0,20927.0,15496.0
2026-05-06 16:34:49.312471,913815,1609507552695135,5152605904,0.61488,0.445056,0.511424,3.745,0.93625,-8.295,-45.144,-1.592,-61.984,concentric,4,5.0,33288.0,35647.0,91094.0,91871.0,30907.0,44783.0,40278.0,52517.0,20927.0,15496.0
2026-05-06 16:34:49.316376,913816,1609507552704346,5152616688,0.646112,0.396256,0.564128,1.8375,-0.27125,-10.59625,-45.176003,1.992,-64.368004,concentric,4,5.0,33288.0,35647.0,91094.0,91871.0,30907.0,44783.0,40278.0,52517.0,20927.0,15496.0
2026-05-06 16:34:49.320290,913817,1609507552718869,5152629634,0.646112,0.396256,0.564128,3.08875,-1.63625,-9.8875,-45.176003,1.992,-64.368004,concentric,4,5.0,33288.0,35647.0,91094.0,91871.0,30907.0,44783.0,40278.0,52517.0,20927.0,15496.0
2026-05-06 16:34:49.334092,913818,1609507552728109,5152640422,0.640256,0.462624,0.532896,4.935,-3.0275,-7.86625,-44.968002,1.72,-64.36,concentric,4,5.0,33288.0,35647.0,91094.0,91871.0,30907.0,44783.0,40278.0,52517.0,20927.0,15496.0
2026-05-06 16:34:49.365506,913819,1609507552737022,5152649178,0.640256,0.462624,0.532896,4.4975,-3.7275,-6.9475,-44.968002,1.72,-64.36,concentric,4,5.0,33288.0,35647.0,91094.0,91871.0,30907.0,44783.0,40278.0,52517.0,20927.0,15496.0
2026-05-06 16:34:49.367954,913820,1609507552751673,5152664104,0.65392,0.413824,0.589504,0.945,-3.47375,-8.16375,-44.824,1.656,-64.512,concentric,4,5.0,33288.0,35647.0,91094.0,91871.0,30907.0,44783.0,40278.0,52517.0,20927.0,15496.0
2026-05-06 16:34:49.370219,913821,1609507552760595,5152672807,0.65392,0.413824,0.589504,-0.8925,-2.1875,-7.91875,-44.824,1.656,-64.512,concentric,4,5.0,33288.0,35647.0,91094.0,91871.0,30907.0,44783.0,40278.0,52517.0,20927.0,15496.0
2026-05-06 16:34:49.405185,913833,1609507552775203,5152687970,0.65392,0.41968,0.552416,-1.8375,-2.17875,-7.21,-44.792004,1.584,-63.976,concentric,4,5.0,33337.0,35631.0,90985.0,91765.0,30928.0,44726.0,40192.0,52434.0,20941.0,15486.0
2026-05-06 16:34:49.407632,913834,1609507552784298,5152696737,0.638304,0.40992,0.495808,-2.24,-2.19625,-6.16,-44.984,-0.08,-64.968,concentric,4,5.0,33337.0,35631.0,90985.0,91765.0,30928.0,44726.0,40192.0,52434.0,20941.0,15486.0
2026-05-06 16:34:49.411448,913835,1609507552793322,5152705508,0.638304,0.40992,0.495808,-0.5775,-2.485,-5.9675,-44.984,-0.08,-64.968,concentric,4,5.0,33337.0,35631.0,90985.0,91765.0,30928.0,44726.0,40192.0,52434.0,20941.0,15486.0
2026-05-06 16:34:49.413895,913836,1609507552807873,5152720569,0.640256,0.372832,0.51728,-0.30625,-2.80875,-6.1425,-45.152,-0.448,-64.44,concentric,4,5.0,33337.0,35631.0,90985.0,91765.0,30928.0,44726.0,40192.0,52434.0,20941.0,15486.0
2026-05-06 16:34:49.422826,913837,1609507552816932,5152729305,0.640256,0.372832,0.51728,0.5775,-1.435,-5.50375,-45.152,-0.448,-64.44,concentric,4,5.0,33337.0,35631.0,90985.0,91765.0,30928.0,44726.0,40192.0,52434.0,20941.0,15486.0
2026-05-06 16:34:49.452898,913838,1609507552831565,5152744209,0.651968,0.359168,0.560224,1.04125,-0.93625,-4.43625,-45.176003,1.464,-64.28001,concentric,4,5.0,33337.0,35631.0,90985.0,91765.0,30928.0,44726.0,40192.0,52434.0,20941.0,15486.0
2026-05-06 16:34:49.477919,913839,1609507552840494,5152752963,0.651968,0.359168,0.560224,-0.5075,0.70875,-4.41,-45.176003,1.464,-64.28001,concentric,4,5.0,33337.0,35631.0,90985.0,91765.0,30928.0,44726.0,40192.0,52434.0,20941.0,15486.0
2026-05-06 16:34:49.489208,913840,1609507552855074,5152765914,0.609024,0.35136,0.495808,-2.9225,2.14375,-4.6025,-44.808002,1.392,-64.144005,concentric,4,5.0,33337.0,35631.0,90985.0,91765.0,30928.0,44726.0,40192.0,52434.0,20941.0,15486.0
2026-05-06 16:34:49.494796,913841,1609507552864360,5152776686,0.609024,0.314272,0.466528,-2.28375,2.24875,-5.18875,-44.808002,1.392,-64.384,concentric,4,5.0,33337.0,35631.0,90985.0,91765.0,30928.0,44726.0,40192.0,52434.0,20941.0,15486.0
2026-05-06 16:34:49.521532,913852,1609507552873280,5152785348,0.609024,0.314272,0.466528,-1.82875,1.81125,-6.6325,-45.064003,1.672,-64.384,concentric,4,5.0,33346.0,35663.0,90855.0,91917.0,30945.0,44783.0,40156.0,52552.0,20980.0,15503.0
2026-05-06 16:34:49.523924,913853,1609507552887768,5152800279,0.593408,0.288896,0.441152,-0.39375,1.46125,-7.0875,-45.144,1.48,-64.032005,concentric,4,5.0,33346.0,35663.0,90855.0,91917.0,30945.0,44783.0,40156.0,52552.0,20980.0,15503.0
2026-05-06 16:34:49.526286,913854,1609507552896832,5152809058,0.593408,0.288896,0.441152,4.9875,1.8725,-6.11625,-45.144,1.48,-64.032005,concentric,4,5.0,33346.0,35663.0,90855.0,91917.0,30945.0,44783.0,40156.0,52552.0,20980.0,15503.0
2026-05-06 16:34:49.528662,913855,1609507552911465,5152823997,0.550464,0.304512,0.515328,10.15,2.75625,-5.25875,-45.4,1.248,-64.048004,concentric,4,5.0,33346.0,35663.0,90855.0,91917.0,30945.0,44783.0,40156.0,52552.0,20980.0,15503.0
2026-05-06 16:34:49.531182,913856,1609507552920577,5152832788,0.550464,0.304512,0.515328,12.85375,4.94375,-4.97875,-45.4,1.248,-64.048004,concentric,4,5.0,33346.0,35663.0,90855.0,91917.0,30945.0,44783.0,40156.0,52552.0,20980.0,15503.0
2026-05-06 16:34:49.534043,913857,1609507552929525,5152841559,0.552416,0.269376,0.437248,10.98125,7.06125,-6.055,-44.976,0.056,-62.752003,concentric,4,5.0,33346.0,35663.0,90855.0,91917.0,30945.0,44783.0,40156.0,52552.0,20980.0,15503.0
2026-05-06 16:34:49.567919,913858,1609507552944222,5152856528,0.552416,0.269376,0.437248,8.9075,9.52,-4.9875,-44.976,0.056,-62.752003,concentric,4,5.0,33346.0,35663.0,90855.0,91917.0,30945.0,44783.0,40156.0,52552.0,20980.0,15503.0
2026-05-06 16:34:49.570236,913859,1609507552953332,5152865258,0.519232,0.281088,0.433344,8.645,11.08625,-2.73875,-45.112003,1.56,-64.600006,concentric,4,5.0,33346.0,35663.0,90855.0,91917.0,30945.0,44783.0,40156.0,52552.0,20980.0,15503.0
2026-05-06 16:34:49.572939,913860,1609507552967813,5152880231,0.464576,0.372832,0.402112,9.58125,10.50875,-1.015,-45.296,1.608,-63.424004,concentric,4,5.0,33346.0,35663.0,90855.0,91917.0,30945.0,44783.0,40156.0,52552.0,20980.0,15503.0
2026-05-06 16:34:49.606622,913871,1609507552977349,5152889061,0.464576,0.372832,0.402112,11.83,8.70625,0.95375,-45.296,1.608,-63.424004,concentric,4,5.0,33325.0,35606.0,90489.0,91847.0,30939.0,44699.0,39966.0,52523.0,20976.0,15498.0
2026-05-06 16:34:49.609068,913872,1609507552986591,5152897856,0.46848,0.413824,0.406016,11.01625,5.88,0.42,-44.984,-0.056,-62.552002,concentric,4,5.0,33325.0,35606.0,90489.0,91847.0,30939.0,44699.0,39966.0,52523.0,20976.0,15498.0
2026-05-06 16:34:49.611543,913873,1609507553001835,5152912964,0.46848,0.413824,0.406016,7.49875,3.17625,-2.40625,-44.984,-0.056,-62.552002,concentric,4,5.0,33325.0,35606.0,90489.0,91847.0,30939.0,44699.0,39966.0,52523.0,20976.0,15498.0
2026-05-06 16:34:49.615332,913874,1609507553011282,5152923795,0.491904,0.372832,0.40016,6.23,0.56,-4.62875,-45.288002,-0.72,-61.112003,concentric,4,5.0,33325.0,35606.0,90489.0,91847.0,30939.0,44699.0,39966.0,52523.0,20976.0,15498.0
2026-05-06 16:34:49.626690,913875,1609507553020271,5152932504,0.491904,0.372832,0.40016,5.285,-2.8875,-6.055,-45.288002,-0.72,-61.112003,concentric,4,5.0,33325.0,35606.0,90489.0,91847.0,30939.0,44699.0,39966.0,52523.0,20976.0,15498.0
2026-05-06 16:34:49.640440,913876,1609507553034794,5152947493,0.493856,0.363072,0.427488,2.63375,-5.2325,-5.1975,-45.296,-0.272,-62.120003,concentric,4,5.0,33325.0,35606.0,90489.0,91847.0,30939.0,44699.0,39966.0,52523.0,20976.0,15498.0
2026-05-06 16:34:49.649196,913877,1609507553043724,5152956225,0.493856,0.363072,0.427488,-0.6825,-6.13375,-2.58125,-45.296,-0.272,-62.120003,concentric,4,5.0,33325.0,35606.0,90489.0,91847.0,30939.0,44699.0,39966.0,52523.0,20976.0,15498.0
2026-05-06 16:34:49.662722,913878,1609507553058233,5152969136,0.513376,0.40016,0.472384,-3.045,-7.245,-0.69125,-45.672,1.648,-63.384003,concentric,4,5.0,33325.0,35606.0,90489.0,91847.0,30939.0,44699.0,39966.0,52523.0,20976.0,15498.0
2026-05-06 16:34:49.676501,913879,1609507553067569,5152979948,0.482144,0.482144,0.443104,-4.26125,-6.97375,-0.28,-45.536003,1.672,-63.904003,concentric,4,5.0,33325.0,35606.0,90489.0,91847.0,30939.0,44699.0,39966.0,52523.0,20976.0,15498.0
2026-05-06 16:34:49.703849,913890,1609507553076949,5152988803,0.482144,0.482144,0.443104,-4.10375,-6.48375,-1.33875,-45.536003,1.672,-63.904003,concentric,4,5.0,33402.0,35631.0,90549.0,91769.0,31033.0,44804.0,39985.0,52488.0,21034.0,15522.0
2026-05-06 16:34:49.706278,913891,1609507553091651,5153003842,0.515328,0.433344,0.433344,-6.02875,-6.60625,-5.99375,-44.984,-0.536,-62.304005,concentric,4,5.0,33402.0,35631.0,90549.0,91769.0,31033.0,44804.0,39985.0,52488.0,21034.0,15522.0
2026-05-06 16:34:49.708808,913892,1609507553100654,5153012619,0.515328,0.433344,0.433344,-7.6475,-6.41375,-9.765,-44.984,-0.536,-62.304005,concentric,4,5.0,33402.0,35631.0,90549.0,91769.0,31033.0,44804.0,39985.0,52488.0,21034.0,15522.0
2026-05-06 16:34:49.724186,913893,1609507553115187,5153027560,0.569984,0.320128,0.523136,-9.03,-6.4225,-9.93125,-45.608,-0.264,-62.592003,concentric,4,5.0,33402.0,35631.0,90549.0,91769.0,31033.0,44804.0,39985.0,52488.0,21034.0,15522.0
2026-05-06 16:34:49.726688,913894,1609507553124319,5153036344,0.569984,0.320128,0.523136,-9.065,-4.97875,-7.49875,-45.608,-0.264,-62.592003,concentric,4,5.0,33402.0,35631.0,90549.0,91769.0,31033.0,44804.0,39985.0,52488.0,21034.0,15522.0
2026-05-06 16:34:49.740471,913895,1609507553133247,5153045090,0.56608,0.382592,0.511424,-9.37125,-2.3975,-1.7675,-45.920002,1.904,-62.928,concentric,4,5.0,33402.0,35631.0,90549.0,91769.0,31033.0,44804.0,39985.0,52488.0,21034.0,15522.0
2026-05-06 16:34:49.751792,913896,1609507553147836,5153059983,0.540704,0.480192,0.480192,-11.85625,-0.6825,-0.70875,-45.608,1.64,-63.160004,concentric,4,5.0,33402.0,35631.0,90549.0,91769.0,31033.0,44804.0,39985.0,52488.0,21034.0,15522.0
2026-05-06 16:34:49.762970,913897,1609507553156780,5153068762,0.540704,0.480192,0.480192,-15.82,1.89,-1.9075,-45.608,1.64,-63.160004,concentric,4,5.0,33402.0,35631.0,90549.0,91769.0,31033.0,44804.0,39985.0,52488.0,21034.0,15522.0
2026-05-06 16:34:49.779148,913898,1609507553171336,5153083661,0.52704,0.44896,0.421632,-16.98375,3.605,-5.075,-45.872,-0.048,-62.288002,concentric,4,5.0,33402.0,35631.0,90549.0,91769.0,31033.0,44804.0,39985.0,52488.0,21034.0,15522.0
2026-05-06 16:34:49.857931,913909,1609507553180438,5153092454,0.52704,0.44896,0.421632,-14.8575,3.75375,-9.59875,-45.872,-0.048,-62.288002,concentric,4,5.0,33329.0,35572.0,90712.0,91721.0,30935.0,44685.0,40071.0,52493.0,20985.0,15477.0
2026-05-06 16:34:49.860452,913910,1609507553195071,5153107451,0.5856,0.249856,0.454816,-12.0575,2.9225,-12.53,-45.920002,1.624,-63.272003,concentric,4,5.0,33329.0,35572.0,90712.0,91721.0,30935.0,44685.0,40071.0,52493.0,20985.0,15477.0
2026-05-06 16:34:49.862928,913911,1609507553203989,5153116167,0.5856,0.249856,0.454816,-10.15875,2.07375,-11.0075,-45.920002,1.624,-63.272003,concentric,4,5.0,33329.0,35572.0,90712.0,91721.0,30935.0,44685.0,40071.0,52493.0,20985.0,15477.0
2026-05-06 16:34:49.865447,913912,1609507553212951,5153124879,0.5856,0.357216,0.519232,-9.5025,1.47,-3.045,-46.288002,2.048,-63.592003,concentric,4,5.0,33329.0,35572.0,90712.0,91721.0,30935.0,44685.0,40071.0,52493.0,20985.0,15477.0
2026-05-06 16:34:49.867926,913913,1609507553227449,5153139770,0.538752,0.495808,0.519232,-13.440001,1.14625,1.8725,-46.232002,1.888,-64.312004,concentric,4,5.0,33329.0,35572.0,90712.0,91721.0,30935.0,44685.0,40071.0,52493.0,20985.0,15477.0
2026-05-06 16:34:49.872016,913914,1609507553236573,5153148549,0.538752,0.495808,0.519232,-18.0075,1.8025,0.42,-46.232002,1.888,-64.312004,concentric,4,5.0,33329.0,35572.0,90712.0,91721.0,30935.0,44685.0,40071.0,52493.0,20985.0,15477.0
2026-05-06 16:34:49.872568,913915,1609507553251097,5153163478,0.542656,0.3904,0.450912,-19.43375,1.88125,-6.58875,-46.328003,1.616,-63.184002,concentric,4,5.0,33329.0,35572.0,90712.0,91721.0,30935.0,44685.0,40071.0,52493.0,20985.0,15477.0
2026-05-06 16:34:49.880746,913916,1609507553260076,5153172189,0.542656,0.3904,0.450912,-14.20125,0.105,-13.265,-46.328003,1.616,-63.184002,concentric,4,5.0,33329.0,35572.0,90712.0,91721.0,30935.0,44685.0,40071.0,52493.0,20985.0,15477.0
2026-05-06 16:34:49.881341,913917,1609507553269005,5153180959,0.5856,0.269376,0.548512,-7.49,-1.61,-16.82625,-46.592003,0.232,-61.768,concentric,4,5.0,33329.0,35572.0,90712.0,91721.0,30935.0,44685.0,40071.0,52493.0,20985.0,15477.0
2026-05-06 16:34:49.905435,913928,1609507553283873,5153196242,0.5856,0.269376,0.548512,-2.56375,-2.0825,-13.825,-46.592003,0.232,-61.768,concentric,4,5.0,33299.0,35613.0,90961.0,91853.0,30930.0,44731.0,40196.0,52552.0,20933.0,15496.0
2026-05-06 16:34:49.907885,913929,1609507553292949,5153205069,0.601216,0.402112,0.525088,-1.05875,-1.505,-7.65625,-46.928,-0.2,-61.760002,concentric,4,5.0,33299.0,35613.0,90961.0,91853.0,30930.0,44731.0,40196.0,52552.0,20933.0,15496.0
2026-05-06 16:34:49.914193,913930,1609507553307454,5153220051,0.554368,0.476288,0.452864,-4.62875,0.27125,-6.37875,-46.928,-0.2,-60.552002,concentric,4,5.0,33299.0,35613.0,90961.0,91853.0,30930.0,44731.0,40196.0,52552.0,20933.0,15496.0
2026-05-06 16:34:49.922683,913931,1609507553316426,5153228779,0.558272,0.476288,0.452864,-6.23875,2.19625,-9.26625,-46.960003,-0.096,-60.552002,concentric,4,5.0,33299.0,35613.0,90961.0,91853.0,30930.0,44731.0,40196.0,52552.0,20933.0,15496.0
2026-05-06 16:34:49.939173,913932,1609507553330952,5153241712,0.560224,0.466528,0.52704,-3.115,1.7325,-14.2625,-47.304,1.392,-62.552002,concentric,4,5.0,33299.0,35613.0,90961.0,91853.0,30930.0,44731.0,40196.0,52552.0,20933.0,15496.0
2026-05-06 16:34:49.945433,913933,1609507553340187,5153252500,0.560224,0.466528,0.52704,3.5175,0.9975,-16.98375,-47.304,1.392,-62.552002,concentric,4,5.0,33299.0,35613.0,90961.0,91853.0,30930.0,44731.0,40196.0,52552.0,20933.0,15496.0
2026-05-06 16:34:49.955985,913934,1609507553349106,5153261208,0.622688,0.407968,0.57584,8.26875,0.65625,-18.59375,-47.312004,1.6,-62.872,concentric,4,5.0,33299.0,35613.0,90961.0,91853.0,30930.0,44731.0,40196.0,52552.0,20933.0,15496.0
2026-05-06 16:34:49.967836,913935,1609507553363606,5153276140,0.622688,0.407968,0.57584,9.1525,0.83125,-19.22375,-47.312004,1.6,-62.872,concentric,4,5.0,33299.0,35613.0,90961.0,91853.0,30930.0,44731.0,40196.0,52552.0,20933.0,15496.0
2026-05-06 16:34:49.976560,913936,1609507553372534,5153284859,0.636352,0.513376,0.538752,2.82625,2.5725,-16.73875,-47.504,0.816,-62.344,concentric,4,5.0,33299.0,35613.0,90961.0,91853.0,30930.0,44731.0,40196.0,52552.0,20933.0,15496.0
2026-05-06 16:34:50.032961,913947,1609507553387129,5153299858,0.636352,0.513376,0.538752,-7.0,5.29375,-14.2625,-47.504,0.816,-62.344,concentric,4,5.0,33363.0,35626.0,91267.0,91917.0,30966.0,44769.0,40361.0,52544.0,20972.0,15492.0
2026-05-06 16:34:50.035230,913948,1609507553396158,5153308630,0.630496,0.460672,0.513376,-13.48375,7.69125,-15.60125,-47.688004,0.912,-62.352,concentric,4,5.0,33363.0,35626.0,91267.0,91917.0,30966.0,44769.0,40361.0,52544.0,20972.0,15492.0
2026-05-06 16:34:50.037692,913949,1609507553405109,5153317338,0.630496,0.460672,0.513376,-11.33125,8.28625,-15.82875,-47.688004,0.912,-62.352,concentric,4,5.0,33363.0,35626.0,91267.0,91917.0,30966.0,44769.0,40361.0,52544.0,20972.0,15492.0
2026-05-06 16:34:50.042924,913950,1609507553419649,5153332356,0.632448,0.435296,0.564128,-6.13375,7.28,-13.667501,-47.736004,0.736,-62.248,concentric,4,5.0,33363.0,35626.0,91267.0,91917.0,30966.0,44769.0,40361.0,52544.0,20972.0,15492.0
2026-05-06 16:34:50.047915,913951,1609507553428587,5153341108,0.630496,0.554368,0.5856,3.22875,6.04625,-7.70875,-47.736004,0.752,-60.600002,concentric,4,5.0,33363.0,35626.0,91267.0,91917.0,30966.0,44769.0,40361.0,52544.0,20972.0,15492.0
2026-05-06 16:34:50.050439,913952,1609507553443106,5153354017,0.630496,0.554368,0.5856,8.4875,5.0925,-6.8075,-47.672,0.752,-60.600002,concentric,4,5.0,33363.0,35626.0,91267.0,91917.0,30966.0,44769.0,40361.0,52544.0,20972.0,15492.0
2026-05-06 16:34:50.059050,913953,1609507553452528,5153364803,0.616832,0.466528,0.499712,6.13375,5.04,-10.98125,-48.248,0.576,-61.984,concentric,4,5.0,33363.0,35626.0,91267.0,91917.0,30966.0,44769.0,40361.0,52544.0,20972.0,15492.0
2026-05-06 16:34:50.070421,913954,1609507553461583,5153373545,0.616832,0.466528,0.499712,5.0225,4.6375,-15.5575,-48.248,0.576,-61.984,concentric,4,5.0,33363.0,35626.0,91267.0,91917.0,30966.0,44769.0,40361.0,52544.0,20972.0,15492.0
2026-05-06 16:34:50.124093,913965,1609507553476091,5153388873,0.640256,0.433344,0.581696,10.59625,2.835,-17.745,-48.648003,-1.408,-60.440002,concentric,4,5.0,33299.0,35585.0,91417.0,92150.0,30938.0,44716.0,40445.0,52708.0,20954.0,15488.0
2026-05-06 16:34:50.126568,913966,1609507553485131,5153397548,0.640256,0.433344,0.581696,15.365,0.35875,-15.26,-48.648003,-1.408,-60.440002,concentric,4,5.0,33299.0,35585.0,91417.0,92150.0,30938.0,44716.0,40445.0,52708.0,20954.0,15488.0
2026-05-06 16:34:50.129077,913967,1609507553499680,5153410444,0.601216,0.52704,0.616832,17.185,-1.295,-15.190001,-48.168003,-0.36,-61.408005,concentric,4,5.0,33299.0,35585.0,91417.0,92150.0,30938.0,44716.0,40445.0,52708.0,20954.0,15488.0
2026-05-06 16:34:50.131566,913968,1609507553508863,5153421254,0.601216,0.51728,0.659776,18.0425,-0.455,-14.761251,-48.168003,-0.36,-61.408005,concentric,4,5.0,33299.0,35585.0,91417.0,92150.0,30938.0,44716.0,40445.0,52708.0,20954.0,15488.0
2026-05-06 16:34:50.134035,913969,1609507553523446,5153436185,0.655872,0.51728,0.659776,17.24625,0.84875,-17.815,-48.656002,0.088,-59.624004,concentric,4,5.0,33299.0,35585.0,91417.0,92150.0,30938.0,44716.0,40445.0,52708.0,20954.0,15488.0
2026-05-06 16:34:50.136451,913970,1609507553532514,5153444977,0.661728,0.488,0.599264,16.58125,2.63375,-20.32625,-48.168003,-0.368,-60.488003,concentric,4,5.0,33299.0,35585.0,91417.0,92150.0,30938.0,44716.0,40445.0,52708.0,20954.0,15488.0
2026-05-06 16:34:50.145477,913971,1609507553541500,5153453718,0.661728,0.488,0.599264,17.815,4.10375,-18.3225,-48.168003,-0.368,-60.488003,concentric,4,5.0,33299.0,35585.0,91417.0,92150.0,30938.0,44716.0,40445.0,52708.0,20954.0,15488.0
2026-05-06 16:34:50.162287,913972,1609507553556060,5153468673,0.700768,0.495808,0.59536,19.01375,4.38375,-16.2225,-48.688004,-3.096,-60.520004,concentric,4,5.0,33299.0,35585.0,91417.0,92150.0,30938.0,44716.0,40445.0,52708.0,20954.0,15488.0
2026-05-06 16:34:50.186418,913973,1609507553565149,5153477402,0.700768,0.495808,0.59536,20.02875,4.80375,-11.445,-48.688004,-3.096,-60.520004,concentric,4,5.0,33299.0,35585.0,91417.0,92150.0,30938.0,44716.0,40445.0,52708.0,20954.0,15488.0
2026-05-06 16:34:50.249058,913984,1609507553579893,5153492394,0.70272,0.560224,0.610976,22.72375,4.01625,-6.46625,-49.136,-0.176,-60.976,concentric,4,5.0,33321.0,35642.0,91882.0,91856.0,30995.0,44813.0,40722.0,52543.0,20975.0,15513.0
2026-05-06 16:34:50.251576,913985,1609507553588896,5153501142,0.70272,0.560224,0.610976,23.91375,3.38625,-3.4125,-49.136,-0.176,-60.976,concentric,4,5.0,33321.0,35642.0,91882.0,91856.0,30995.0,44813.0,40722.0,52543.0,20975.0,15513.0
2026-05-06 16:34:50.256488,913986,1609507553597833,5153509892,0.698816,0.601216,0.62464,22.75875,3.9375,-0.875,-49.192,-0.456,-62.688004,concentric,4,5.0,33321.0,35642.0,91882.0,91856.0,30995.0,44813.0,40722.0,52543.0,20975.0,15513.0
2026-05-06 16:34:50.259033,913987,1609507553612347,5153524892,0.685152,0.581696,0.593408,18.83,3.08875,-1.02375,-49.2,-0.224,-60.56,concentric,4,5.0,33321.0,35642.0,91882.0,91856.0,30995.0,44813.0,40722.0,52543.0,20975.0,15513.0
2026-05-06 16:34:50.261302,913988,1609507553621285,5153533592,0.685152,0.581696,0.593408,17.63125,1.96875,0.39375,-49.2,-0.224,-60.56,concentric,4,5.0,33321.0,35642.0,91882.0,91856.0,30995.0,44813.0,40722.0,52543.0,20975.0,15513.0
2026-05-06 16:34:50.263874,913989,1609507553635910,5153548535,0.755424,0.593408,0.548512,16.42375,-0.00875,2.23125,-49.856003,-1.976,-59.048004,concentric,4,5.0,33321.0,35642.0,91882.0,91856.0,30995.0,44813.0,40722.0,52543.0,20975.0,15513.0
2026-05-06 16:34:50.266538,913990,1609507553645029,5153557358,0.755424,0.593408,0.548512,13.95625,-2.21375,3.80625,-49.856003,-1.976,-59.048004,concentric,4,5.0,33321.0,35642.0,91882.0,91856.0,30995.0,44813.0,40722.0,52543.0,20975.0,15513.0
2026-05-06 16:34:50.269000,913991,1609507553653958,5153566069,0.778848,0.462624,0.607072,11.05125,-2.8,3.84125,-49.448,-1.648,-59.024002,concentric,4,5.0,33321.0,35642.0,91882.0,91856.0,30995.0,44813.0,40722.0,52543.0,20975.0,15513.0
2026-05-06 16:34:50.272761,913992,1609507553668568,5153580986,0.778848,0.462624,0.607072,16.835001,-0.34125,9.8525,-49.448,-1.648,-59.024002,concentric,4,5.0,33321.0,35642.0,91882.0,91856.0,30995.0,44813.0,40722.0,52543.0,20975.0,15513.0
2026-05-06 16:34:50.311698,914003,1609507553677514,5153590190,0.745664,0.593408,0.76128,25.025,1.35625,16.59875,-49.424004,-1.352,-59.288002,concentric,4,5.0,33207.0,35500.0,91704.0,91719.0,30851.0,44667.0,40582.0,52429.0,20904.0,15472.0
2026-05-06 16:34:50.314198,914004,1609507553692083,5153603136,0.730048,0.667584,0.603168,23.73,3.8675,19.80125,-49.496002,-2.56,-57.120003,concentric,4,5.0,33207.0,35500.0,91704.0,91719.0,30851.0,44667.0,40582.0,52429.0,20904.0,15472.0
2026-05-06 16:34:50.316656,914005,1609507553701680,5153613926,0.730048,0.667584,0.603168,11.06875,5.34625,17.21125,-49.496002,-2.56,-57.120003,concentric,4,5.0,33207.0,35500.0,91704.0,91719.0,30851.0,44667.0,40582.0,52429.0,20904.0,15472.0
2026-05-06 16:34:50.318950,914006,1609507553710645,5153622668,0.759328,0.44896,0.571936,-5.27625,5.90625,12.5475,-49.496002,-2.56,-57.664,concentric,4,5.0,33207.0,35500.0,91704.0,91719.0,30851.0,44667.0,40582.0,52429.0,20904.0,15472.0
2026-05-06 16:34:50.332920,914007,1609507553725189,5153637655,0.759328,0.44896,0.571936,-14.41125,6.32625,8.89,-49.704002,-2.344,-57.664,concentric,4,5.0,33207.0,35500.0,91704.0,91719.0,30851.0,44667.0,40582.0,52429.0,20904.0,15472.0
2026-05-06 16:34:50.339305,914008,1609507553734093,5153646365,0.689056,0.552416,0.558272,-12.78375,6.74625,12.90625,-49.384003,1.36,-59.528004,concentric,4,5.0,33207.0,35500.0,91704.0,91719.0,30851.0,44667.0,40582.0,52429.0,20904.0,15472.0
2026-05-06 16:34:50.352679,914009,1609507553748658,5153661354,0.689056,0.552416,0.558272,-2.625,5.80125,16.54625,-49.384003,1.36,-59.528004,concentric,4,5.0,33207.0,35500.0,91704.0,91719.0,30851.0,44667.0,40582.0,52429.0,20904.0,15472.0
2026-05-06 16:34:50.365281,914010,1609507553757619,5153670120,0.661728,0.648064,0.56608,2.2575,5.1625,12.31125,-49.216003,1.728,-59.864002,concentric,4,5.0,33207.0,35500.0,91704.0,91719.0,30851.0,44667.0,40582.0,52429.0,20904.0,15472.0
2026-05-06 16:34:50.379107,914011,1609507553772221,5153682978,0.659776,0.552416,0.599264,-0.20125,4.2875,3.955,-49.160004,0.096,-58.504,concentric,4,5.0,33207.0,35500.0,91704.0,91719.0,30851.0,44667.0,40582.0,52429.0,20904.0,15472.0
2026-05-06 16:34:50.406559,914022,1609507553781889,5153693870,0.659776,0.552416,0.599264,-4.235,3.91125,-3.885,-49.160004,0.096,-58.504,concentric,4,5.0,33318.0,35553.0,91564.0,91456.0,30962.0,44748.0,40542.0,52286.0,20957.0,15474.0
2026-05-06 16:34:50.409092,914023,1609507553790908,5153702656,0.659776,0.638304,0.56608,-4.27,2.38,-4.90875,-49.160004,0.096,-58.504,concentric,4,5.0,33318.0,35553.0,91564.0,91456.0,30962.0,44748.0,40542.0,52286.0,20957.0,15474.0
2026-05-06 16:34:50.411451,914024,1609507553805485,5153717788,0.64416,0.638304,0.56608,-4.725,1.0325,-6.7375,-49.280003,-0.256,-57.520004,concentric,4,5.0,33318.0,35553.0,91564.0,91456.0,30962.0,44748.0,40542.0,52286.0,20957.0,15474.0
2026-05-06 16:34:50.417901,914025,1609507553814550,5153726528,0.677344,0.60512,0.632448,-3.50875,0.77875,-9.6075,-49.24,1.448,-58.960003,concentric,4,5.0,33318.0,35553.0,91564.0,91456.0,30962.0,44748.0,40542.0,52286.0,20957.0,15474.0
2026-05-06 16:34:50.432681,914026,1609507553829029,5153741481,0.677344,0.60512,0.632448,-2.555,1.085,-13.25625,-49.24,1.448,-58.960003,concentric,4,5.0,33318.0,35553.0,91564.0,91456.0,30962.0,44748.0,40542.0,52286.0,20957.0,15474.0
2026-05-06 16:34:50.446469,914027,1609507553837965,5153750287,0.700768,0.573888,0.618784,-3.94625,2.87,-16.205,-49.704002,1.624,-58.760002,concentric,4,5.0,33318.0,35553.0,91564.0,91456.0,30962.0,44748.0,40542.0,52286.0,20957.0,15474.0
2026-05-06 16:34:50.452705,914028,1609507553846909,5153758990,0.700768,0.573888,0.618784,-5.90625,4.655,-16.37125,-49.704002,1.624,-58.760002,concentric,4,5.0,33318.0,35553.0,91564.0,91456.0,30962.0,44748.0,40542.0,52286.0,20957.0,15474.0
2026-05-06 16:34:50.466561,914029,1609507553861449,5153773932,0.677344,0.67344,0.665632,-6.37875,6.3,-15.09375,-49.576004,0.848,-58.784004,concentric,4,5.0,33318.0,35553.0,91564.0,91456.0,30962.0,44748.0,40542.0,52286.0,20957.0,15474.0
2026-05-06 16:34:50.474073,914030,1609507553870358,5153782634,0.677344,0.67344,0.665632,-6.4925,7.735,-16.93125,-49.576004,0.848,-58.784004,concentric,4,5.0,33318.0,35553.0,91564.0,91456.0,30962.0,44748.0,40542.0,52286.0,20957.0,15474.0
2026-05-06 16:34:50.510468,914041,1609507553885097,5153797670,0.716384,0.609024,0.691008,-9.5375,9.03875,-20.58875,-49.696003,0.656,-60.672005,concentric,4,5.0,33090.0,35426.0,91670.0,91478.0,30748.0,44580.0,40571.0,52276.0,20809.0,15398.0
2026-05-06 16:34:50.512936,914042,1609507553894059,5153806429,0.745664,0.620736,0.66368,-9.79125,11.3925,-20.08125,-49.896004,-3.072,-56.904003,concentric,4,5.0,33090.0,35426.0,91670.0,91478.0,30748.0,44580.0,40571.0,52276.0,20809.0,15398.0
2026-05-06 16:34:50.515467,914043,1609507553903120,5153815173,0.745664,0.620736,0.66368,-8.32125,12.0225,-18.235,-49.896004,-3.072,-56.904003,concentric,4,5.0,33090.0,35426.0,91670.0,91478.0,30748.0,44580.0,40571.0,52276.0,20809.0,15398.0
2026-05-06 16:34:50.524049,914044,1609507553917781,5153830219,0.749568,0.630496,0.6832,-8.32125,11.68125,-17.08,-49.760002,-1.68,-57.744003,concentric,4,5.0,33090.0,35426.0,91670.0,91478.0,30748.0,44580.0,40571.0,52276.0,20809.0,15398.0
2026-05-06 16:34:50.556465,914045,1609507553926775,5153838989,0.749568,0.630496,0.6832,-10.91125,10.43875,-16.31,-49.760002,-1.68,-57.744003,concentric,4,5.0,33090.0,35426.0,91670.0,91478.0,30748.0,44580.0,40571.0,52276.0,20809.0,15398.0
2026-05-06 16:34:50.581588,914046,1609507553941302,5153853946,0.767136,0.5368,0.687104,-12.48625,8.95125,-14.70875,-49.744003,-0.64,-58.768,eccentric,4,5.0,33090.0,35426.0,91670.0,91478.0,30748.0,44580.0,40571.0,52276.0,20809.0,15398.0
2026-05-06 16:34:50.606691,914047,1609507553950231,5153862671,0.767136,0.5368,0.687104,-11.82125,8.155,-11.01625,-49.744003,-0.64,-58.768,eccentric,4,5.0,33090.0,35426.0,91670.0,91478.0,30748.0,44580.0,40571.0,52276.0,20809.0,15398.0
2026-05-06 16:34:50.632239,914048,1609507553964714,5153875520,0.769088,0.542656,0.716384,-8.575,8.35625,-3.395,-49.664,0.224,-58.656002,eccentric,4,5.0,33090.0,35426.0,91670.0,91478.0,30748.0,44580.0,40571.0,52276.0,20809.0,15398.0
2026-05-06 16:34:50.649075,914049,1609507553973919,5153886323,0.74176,0.569984,0.609024,-6.18625,9.24,2.19625,-49.696003,0.048,-56.952003,eccentric,4,5.0,33090.0,35426.0,91670.0,91478.0,30748.0,44580.0,40571.0,52276.0,20809.0,15398.0
2026-05-06 16:34:50.679232,914060,1609507553983279,5153895151,0.74176,0.569984,0.609024,-2.10875,9.40625,4.99625,-49.696003,0.048,-56.952003,eccentric,4,5.0,33117.0,35444.0,91701.0,91876.0,30741.0,44585.0,40595.0,52493.0,20796.0,15417.0
2026-05-06 16:34:50.681653,914061,1609507553997912,5153910198,0.671488,0.630496,0.638304,4.85625,6.8425,4.36625,-49.296,0.128,-58.736004,eccentric,4,5.0,33117.0,35444.0,91701.0,91876.0,30741.0,44585.0,40595.0,52493.0,20796.0,15417.0
2026-05-06 16:34:50.684238,914062,1609507554006889,5153918916,0.671488,0.630496,0.638304,9.6425,2.4325,3.78875,-49.296,0.128,-58.736004,eccentric,4,5.0,33117.0,35444.0,91701.0,91876.0,30741.0,44585.0,40595.0,52493.0,20796.0,15417.0
2026-05-06 16:34:50.686706,914063,1609507554021404,5153933831,0.720288,0.52704,0.612928,8.09375,-2.4675,-0.06125,-49.376003,0.256,-58.592003,eccentric,4,5.0,33117.0,35444.0,91701.0,91876.0,30741.0,44585.0,40595.0,52493.0,20796.0,15417.0
2026-05-06 16:34:50.691734,914064,1609507554030359,5153942541,0.720288,0.52704,0.612928,5.3375,-6.23,-3.59625,-49.376003,0.256,-58.592003,eccentric,4,5.0,33117.0,35444.0,91701.0,91876.0,30741.0,44585.0,40595.0,52493.0,20796.0,15417.0
2026-05-06 16:34:50.694215,914065,1609507554039252,5153951238,0.6832,0.488,0.620736,10.10625,-7.58625,-2.38875,-49.536003,0.016,-58.952003,eccentric,4,5.0,33117.0,35444.0,91701.0,91876.0,30741.0,44585.0,40595.0,52493.0,20796.0,15417.0
2026-05-06 16:34:50.696478,914066,1609507554053794,5153966195,0.651968,0.661728,0.689056,20.3525,-8.2075,2.33625,-49.096,-2.008,-57.72,eccentric,4,5.0,33117.0,35444.0,91701.0,91876.0,30741.0,44585.0,40595.0,52493.0,20796.0,15417.0
2026-05-06 16:34:50.698913,914067,1609507554062864,5153974952,0.651968,0.661728,0.689056,26.215,-7.97125,3.605,-49.096,-2.008,-57.72,eccentric,4,5.0,33117.0,35444.0,91701.0,91876.0,30741.0,44585.0,40595.0,52493.0,20796.0,15417.0
2026-05-06 16:34:50.701480,914068,1609507554077638,5153989908,0.65392,0.64416,0.607072,20.43125,-8.18125,0.2975,-49.384003,-2.472,-58.24,eccentric,4,5.0,33117.0,35444.0,91701.0,91876.0,30741.0,44585.0,40595.0,52493.0,20796.0,15417.0
2026-05-06 16:34:50.729031,914079,1609507554086780,5153998890,0.65392,0.64416,0.607072,11.8825,-7.88375,-6.0025,-49.384003,-2.472,-58.24,eccentric,4,5.0,33092.0,35482.0,91355.0,91294.0,30766.0,44670.0,40439.0,52186.0,20809.0,15441.0
2026-05-06 16:34:50.731542,914080,1609507554096170,5154007945,0.689056,0.564128,0.540704,11.19125,-8.65375,-10.05375,-48.848003,-0.456,-59.168003,eccentric,4,5.0,33092.0,35482.0,91355.0,91294.0,30766.0,44670.0,40439.0,52186.0,20809.0,15441.0
2026-05-06 16:34:50.734003,914081,1609507554110851,5154022915,0.689056,0.564128,0.540704,16.87,-10.4475,-11.20875,-48.848003,-0.456,-59.168003,eccentric,4,5.0,33092.0,35482.0,91355.0,91294.0,30766.0,44670.0,40439.0,52186.0,20809.0,15441.0
2026-05-06 16:34:50.736466,914082,1609507554119836,5154031639,0.651968,0.612928,0.593408,22.05875,-11.13875,-10.7275,-48.904003,-2.52,-58.168003,eccentric,4,5.0,33092.0,35482.0,91355.0,91294.0,30766.0,44670.0,40439.0,52186.0,20809.0,15441.0
2026-05-06 16:34:50.739070,914083,1609507554134368,5154046604,0.646112,0.665632,0.571936,22.32125,-10.75375,-8.05875,-48.528004,-0.832,-58.04,eccentric,4,5.0,33092.0,35482.0,91355.0,91294.0,30766.0,44670.0,40439.0,52186.0,20809.0,15441.0
2026-05-06 16:34:50.747856,914084,1609507554143553,5154055361,0.646112,0.665632,0.571936,18.795,-9.86125,-7.65625,-48.528004,-0.832,-58.04,eccentric,4,5.0,33092.0,35482.0,91355.0,91294.0,30766.0,44670.0,40439.0,52186.0,20809.0,15441.0
2026-05-06 16:34:50.756304,914085,1609507554152568,5154064067,0.646112,0.665632,0.571936,11.4625,-9.26625,-9.345,-48.528004,-0.832,-58.04,eccentric,4,5.0,33092.0,35482.0,91355.0,91294.0,30766.0,44670.0,40439.0,52186.0,20809.0,15441.0
2026-05-06 16:34:50.770017,914086,1609507554167093,5154078975,0.671488,0.564128,0.562176,6.06375,-8.33,-9.68625,-48.496002,-0.656,-59.728004,eccentric,4,5.0,33092.0,35482.0,91355.0,91294.0,30766.0,44670.0,40439.0,52186.0,20809.0,15441.0
2026-05-06 16:34:50.779169,914087,1609507554176131,5154087908,0.677344,0.56608,0.56608,7.77875,-7.35,-6.4575,-48.384003,-4.016,-57.472004,eccentric,4,5.0,33092.0,35482.0,91355.0,91294.0,30766.0,44670.0,40439.0,52186.0,20809.0,15441.0
2026-05-06 16:34:50.813563,914098,1609507554191178,5154102953,0.677344,0.56608,0.56608,11.20875,-5.6875,-0.9625,-48.384003,-4.016,-57.472004,eccentric,4,5.0,33271.0,35556.0,91381.0,90750.0,30961.0,44772.0,40442.0,51874.0,20933.0,15473.0
2026-05-06 16:34:50.815119,914099,1609507554200095,5154111776,0.636352,0.532896,0.568032,8.7675,-3.535,1.39125,-48.648003,-4.752,-57.608,eccentric,4,5.0,33271.0,35556.0,91381.0,90750.0,30961.0,44772.0,40442.0,51874.0,20933.0,15473.0
2026-05-06 16:34:50.817930,914100,1609507554209028,5154120538,0.636352,0.532896,0.568032,4.69875,-1.74125,5.39,-48.648003,-4.752,-57.608,eccentric,4,5.0,33271.0,35556.0,91381.0,90750.0,30961.0,44772.0,40442.0,51874.0,20933.0,15473.0
2026-05-06 16:34:50.831556,914101,1609507554223589,5154135519,0.591456,0.603168,0.528992,-0.875,0.14,7.6825,-48.352,-4.28,-57.600002,eccentric,4,5.0,33271.0,35556.0,91381.0,90750.0,30961.0,44772.0,40442.0,51874.0,20933.0,15473.0
2026-05-06 16:34:50.835184,914102,1609507554232518,5154144249,0.591456,0.603168,0.528992,-3.3775,1.6275,8.46125,-48.352,-4.28,-57.600002,eccentric,4,5.0,33271.0,35556.0,91381.0,90750.0,30961.0,44772.0,40442.0,51874.0,20933.0,15473.0
2026-05-06 16:34:50.869087,914103,1609507554247051,5154159187,0.661728,0.499712,0.452864,-4.305,2.3275,4.75125,-48.056004,-0.52,-60.176003,eccentric,4,5.0,33271.0,35556.0,91381.0,90750.0,30961.0,44772.0,40442.0,51874.0,20933.0,15473.0
2026-05-06 16:34:50.871708,914104,1609507554255977,5154167958,0.573888,0.44896,0.489952,-3.185,2.35375,3.2375,-47.536003,-0.472,-59.480003,eccentric,4,5.0,33271.0,35556.0,91381.0,90750.0,30961.0,44772.0,40442.0,51874.0,20933.0,15473.0
2026-05-06 16:34:50.875458,914105,1609507554270464,5154182867,0.573888,0.44896,0.489952,-0.93625,1.47,6.825,-47.536003,-0.472,-59.480003,eccentric,4,5.0,33271.0,35556.0,91381.0,90750.0,30961.0,44772.0,40442.0,51874.0,20933.0,15473.0
2026-05-06 16:34:50.884241,914106,1609507554279416,5154191645,0.562176,0.513376,0.499712,-0.3325,0.3325,10.85,-47.648003,-2.144,-59.576004,eccentric,4,5.0,33271.0,35556.0,91381.0,90750.0,30961.0,44772.0,40442.0,51874.0,20933.0,15473.0
2026-05-06 16:34:50.966660,914117,1609507554288580,5154200560,0.562176,0.513376,0.499712,-4.90875,-0.5075,12.31125,-47.648003,-2.144,-59.576004,eccentric,4,5.0,33353.0,35586.0,91191.0,90574.0,31019.0,44812.0,40361.0,51785.0,20995.0,15515.0
2026-05-06 16:34:50.969162,914118,1609507554303132,5154215611,0.552416,0.392352,0.484096,-12.29375,0.42875,10.56125,-47.512,-1.944,-59.544003,eccentric,4,5.0,33353.0,35586.0,91191.0,90574.0,31019.0,44812.0,40361.0,51785.0,20995.0,15515.0
2026-05-06 16:34:50.971721,914119,1609507554312050,5154224328,0.552416,0.392352,0.484096,-15.417501,1.25125,12.1275,-47.512,-1.944,-59.544003,eccentric,4,5.0,33353.0,35586.0,91191.0,90574.0,31019.0,44812.0,40361.0,51785.0,20995.0,15515.0
2026-05-06 16:34:50.974202,914120,1609507554326663,5154239263,0.532896,0.363072,0.396256,-14.945,1.1725,16.4325,-47.144,-0.112,-60.544003,eccentric,4,5.0,33353.0,35586.0,91191.0,90574.0,31019.0,44812.0,40361.0,51785.0,20995.0,15515.0
2026-05-06 16:34:50.976638,914121,1609507554335586,5154248045,0.474336,0.441152,0.366976,-13.4225,0.21875,18.94375,-46.688004,0.352,-60.424004,eccentric,4,5.0,33353.0,35586.0,91191.0,90574.0,31019.0,44812.0,40361.0,51785.0,20995.0,15515.0
2026-05-06 16:34:50.979208,914122,1609507554344480,5154256754,0.474336,0.441152,0.366976,-9.42375,-1.16375,21.385,-46.688004,0.352,-60.424004,eccentric,4,5.0,33353.0,35586.0,91191.0,90574.0,31019.0,44812.0,40361.0,51785.0,20995.0,15515.0
2026-05-06 16:34:50.981673,914123,1609507554358954,5154271654,0.480192,0.466528,0.415776,-6.44875,-2.96625,20.1775,-46.72,0.696,-61.096004,eccentric,4,5.0,33353.0,35586.0,91191.0,90574.0,31019.0,44812.0,40361.0,51785.0,20995.0,15515.0
2026-05-06 16:34:50.984175,914124,1609507554367968,5154280390,0.480192,0.466528,0.415776,-6.6675,-3.4475,16.8,-46.72,0.696,-61.096004,eccentric,4,5.0,33353.0,35586.0,91191.0,90574.0,31019.0,44812.0,40361.0,51785.0,20995.0,15515.0
2026-05-06 16:34:50.986550,914125,1609507554382512,5154293377,0.50752,0.363072,0.46848,-8.96,-4.03375,12.5125,-46.840004,-3.272,-60.048004,eccentric,4,5.0,33353.0,35586.0,91191.0,90574.0,31019.0,44812.0,40361.0,51785.0,20995.0,15515.0
2026-05-06 16:34:51.017805,914136,1609507554392446,5154304254,0.50752,0.363072,0.46848,-10.78875,-3.96375,10.167501,-46.840004,-3.272,-60.048004,eccentric,4,5.0,33328.0,35578.0,91047.0,90123.0,30962.0,44765.0,40293.0,51566.0,20972.0,15494.0
2026-05-06 16:34:51.020306,914137,1609507554401508,5154313036,0.476288,0.413824,0.425536,-8.4,-3.85875,10.386251,-46.512,-2.992,-59.928,eccentric,4,5.0,33328.0,35578.0,91047.0,90123.0,30962.0,44765.0,40293.0,51566.0,20972.0,15494.0
2026-05-06 16:34:51.022771,914138,1609507554416119,5154327951,0.515328,0.488,0.462624,-4.29625,-4.59375,11.68125,-46.512,1.024,-62.128002,eccentric,4,5.0,33328.0,35578.0,91047.0,90123.0,30962.0,44765.0,40293.0,51566.0,20972.0,15494.0
2026-05-06 16:34:51.029066,914139,1609507554425044,5154336693,0.515328,0.488,0.462624,-7.7525,-4.83875,7.105,-46.304,1.024,-62.128002,eccentric,4,5.0,33328.0,35578.0,91047.0,90123.0,30962.0,44765.0,40293.0,51566.0,20972.0,15494.0
2026-05-06 16:34:51.042961,914140,1609507554439660,5154351669,0.513376,0.40016,0.398208,-13.81625,-4.5325,2.59,-46.224003,-0.312,-60.520004,eccentric,4,5.0,33328.0,35578.0,91047.0,90123.0,30962.0,44765.0,40293.0,51566.0,20972.0,15494.0
2026-05-06 16:34:51.051768,914141,1609507554448629,5154360401,0.513376,0.40016,0.398208,-16.24875,-3.78875,-0.2975,-46.224003,-0.312,-60.520004,eccentric,4,5.0,33328.0,35578.0,91047.0,90123.0,30962.0,44765.0,40293.0,51566.0,20972.0,15494.0
2026-05-06 16:34:51.088635,914142,1609507554463077,5154375356,0.538752,0.325984,0.486048,-16.0475,-2.205,-2.82625,-46.232002,-0.768,-61.904003,eccentric,4,5.0,33328.0,35578.0,91047.0,90123.0,30962.0,44765.0,40293.0,51566.0,20972.0,15494.0
2026-05-06 16:34:51.089033,914143,1609507554472062,5154384036,0.538752,0.325984,0.486048,-13.055,-0.32375,-0.91875,-46.232002,-0.768,-61.904003,eccentric,4,5.0,33328.0,35578.0,91047.0,90123.0,30962.0,44765.0,40293.0,51566.0,20972.0,15494.0
2026-05-06 16:34:51.090384,914144,1609507554481011,5154392762,0.540704,0.427488,0.47824,-11.3225,0.84,2.19625,-46.032,1.344,-61.776005,eccentric,4,5.0,33328.0,35578.0,91047.0,90123.0,30962.0,44765.0,40293.0,51566.0,20972.0,15494.0
2026-05-06 16:34:51.125313,914155,1609507554495678,5154407739,0.540704,0.427488,0.47824,-8.79375,2.17,6.86875,-46.032,1.344,-61.776005,eccentric,4,5.0,33130.0,35453.0,91024.0,90187.0,30804.0,44642.0,40260.0,51627.0,20869.0,15443.0
2026-05-06 16:34:51.127845,914156,1609507554504683,5154416516,0.560224,0.501664,0.44896,-9.275,2.49375,6.69375,-45.896004,-0.584,-60.368004,eccentric,4,5.0,33130.0,35453.0,91024.0,90187.0,30804.0,44642.0,40260.0,51627.0,20869.0,15443.0
2026-05-06 16:34:51.130370,914157,1609507554519133,5154431504,0.589504,0.349408,0.486048,-14.93625,2.415,0.8925,-45.792004,1.216,-61.904003,eccentric,4,5.0,33130.0,35453.0,91024.0,90187.0,30804.0,44642.0,40260.0,51627.0,20869.0,15443.0
2026-05-06 16:34:51.132879,914158,1609507554528185,5154440393,0.589504,0.349408,0.486048,-19.18875,2.065,-2.345,-45.792004,1.216,-61.904003,eccentric,4,5.0,33130.0,35453.0,91024.0,90187.0,30804.0,44642.0,40260.0,51627.0,20869.0,15443.0
2026-05-06 16:34:51.141478,914159,1609507554537252,5154449127,0.573888,0.378688,0.499712,-17.9375,1.65375,-0.98,-46.016003,-2.008,-60.056004,eccentric,4,5.0,33130.0,35453.0,91024.0,90187.0,30804.0,44642.0,40260.0,51627.0,20869.0,15443.0
2026-05-06 16:34:51.155370,914160,1609507554551761,5154464071,0.573888,0.378688,0.499712,-14.39375,1.4175,4.1475,-46.016003,-2.008,-60.056004,eccentric,4,5.0,33130.0,35453.0,91024.0,90187.0,30804.0,44642.0,40260.0,51627.0,20869.0,15443.0
2026-05-06 16:34:51.164170,914161,1609507554560673,5154472788,0.599264,0.437248,0.470432,-12.15375,1.44375,7.105,-45.36,1.072,-61.920002,eccentric,4,5.0,33130.0,35453.0,91024.0,90187.0,30804.0,44642.0,40260.0,51627.0,20869.0,15443.0
2026-05-06 16:34:51.197783,914162,1609507554575154,5154487724,0.599264,0.437248,0.470432,-14.49,2.02125,5.27625,-45.36,1.072,-61.920002,eccentric,4,5.0,33130.0,35453.0,91024.0,90187.0,30804.0,44642.0,40260.0,51627.0,20869.0,15443.0
2026-05-06 16:34:51.230438,914173,1609507554584082,5154496522,0.581696,0.363072,0.493856,-16.07375,2.87875,3.54375,-45.208004,1.472,-62.328003,eccentric,4,5.0,32990.0,35383.0,90960.0,90206.0,30670.0,44557.0,40211.0,51634.0,20787.0,15416.0
2026-05-06 16:34:51.232904,914174,1609507554599095,5154511567,0.593408,0.345504,0.464576,-14.105001,2.28375,2.905,-45.576004,1.384,-62.232002,eccentric,4,5.0,32990.0,35383.0,90960.0,90206.0,30670.0,44557.0,40211.0,51634.0,20787.0,15416.0
2026-05-06 16:34:51.235358,914175,1609507554608173,5154520298,0.593408,0.345504,0.464576,-10.823751,2.21375,4.92625,-45.576004,1.384,-62.232002,eccentric,4,5.0,32990.0,35383.0,90960.0,90206.0,30670.0,44557.0,40211.0,51634.0,20787.0,15416.0
2026-05-06 16:34:51.237938,914176,1609507554617193,5154529067,0.593408,0.374784,0.519232,-8.505,2.5025,6.79,-45.576004,1.384,-62.232002,eccentric,4,5.0,32990.0,35383.0,90960.0,90206.0,30670.0,44557.0,40211.0,51634.0,20787.0,15416.0
2026-05-06 16:34:51.240454,914177,1609507554631714,5154544038,0.577792,0.374784,0.519232,-8.09375,3.395,8.70625,-45.352,-0.112,-61.536003,eccentric,4,5.0,32990.0,35383.0,90960.0,90206.0,30670.0,44557.0,40211.0,51634.0,20787.0,15416.0
2026-05-06 16:34:51.246688,914178,1609507554640662,5154552745,0.573888,0.376736,0.431392,-8.8025,3.57,9.52875,-45.000004,1.64,-62.232002,eccentric,4,5.0,32990.0,35383.0,90960.0,90206.0,30670.0,44557.0,40211.0,51634.0,20787.0,15416.0
2026-05-06 16:34:51.285131,914179,1609507554655187,5154567647,0.573888,0.376736,0.431392,-7.35,4.0075,8.61875,-45.000004,1.64,-62.232002,eccentric,4,5.0,32990.0,35383.0,90960.0,90206.0,30670.0,44557.0,40211.0,51634.0,20787.0,15416.0
2026-05-06 16:34:51.310324,914180,1609507554664123,5154576472,0.569984,0.357216,0.47824,-3.325,3.22,8.04125,-45.184002,2.016,-62.680004,eccentric,4,5.0,32990.0,35383.0,90960.0,90206.0,30670.0,44557.0,40211.0,51634.0,20787.0,15416.0
2026-05-06 16:34:51.335360,914181,1609507554673059,5154585255,0.569984,0.357216,0.47824,-0.74375,1.47875,6.7025,-45.184002,2.016,-62.680004,eccentric,4,5.0,32990.0,35383.0,90960.0,90206.0,30670.0,44557.0,40211.0,51634.0,20787.0,15416.0
2026-05-06 16:34:51.372515,914192,1609507554688116,5154600261,0.519232,0.386496,0.486048,-1.925,0.9625,6.7375,-45.072002,1.696,-62.040005,eccentric,4,5.0,33060.0,35385.0,90808.0,90139.0,30706.0,44538.0,40150.0,51606.0,20790.0,15414.0
2026-05-06 16:34:51.375017,914193,1609507554697165,5154608942,0.519232,0.386496,0.486048,-4.165,0.62125,7.98,-45.072002,1.696,-62.040005,eccentric,4,5.0,33060.0,35385.0,90808.0,90139.0,30706.0,44538.0,40150.0,51606.0,20790.0,15414.0
2026-05-06 16:34:51.377783,914194,1609507554711645,5154623849,0.564128,0.324032,0.433344,-8.4875,0.595,6.755,-44.848003,2.056,-62.672005,eccentric,4,5.0,33060.0,35385.0,90808.0,90139.0,30706.0,44538.0,40150.0,51606.0,20790.0,15414.0
2026-05-06 16:34:51.382784,914195,1609507554720566,5154632735,0.552416,0.314272,0.456768,-8.015,1.60125,8.84625,-44.784,2.56,-62.320004,eccentric,4,5.0,33060.0,35385.0,90808.0,90139.0,30706.0,44538.0,40150.0,51606.0,20790.0,15414.0
2026-05-06 16:34:51.385093,914196,1609507554729455,5154641432,0.552416,0.314272,0.456768,-3.8325,1.04125,10.5175,-44.784,2.56,-62.320004,eccentric,4,5.0,33060.0,35385.0,90808.0,90139.0,30706.0,44538.0,40150.0,51606.0,20790.0,15414.0
2026-05-06 16:34:51.387831,914197,1609507554743994,5154656358,0.50752,0.413824,0.45872,1.46125,0.595,12.0925,-44.424004,2.464,-62.552002,eccentric,4,5.0,33060.0,35385.0,90808.0,90139.0,30706.0,44538.0,40150.0,51606.0,20790.0,15414.0
2026-05-06 16:34:51.390359,914198,1609507554753057,5154665083,0.50752,0.413824,0.45872,4.92625,0.1225,11.62875,-44.424004,2.464,-62.552002,eccentric,4,5.0,33060.0,35385.0,90808.0,90139.0,30706.0,44538.0,40150.0,51606.0,20790.0,15414.0
2026-05-06 16:34:51.392831,914199,1609507554767603,5154680105,0.532896,0.425536,0.44896,1.88125,-1.12,9.073751,-44.416,2.368,-61.368004,eccentric,4,5.0,33060.0,35385.0,90808.0,90139.0,30706.0,44538.0,40150.0,51606.0,20790.0,15414.0
2026-05-06 16:34:51.395385,914200,1609507554776640,5154688870,0.532896,0.425536,0.44896,-4.375,-1.155,4.68125,-44.416,2.368,-61.368004,eccentric,4,5.0,33060.0,35385.0,90808.0,90139.0,30706.0,44538.0,40150.0,51606.0,20790.0,15414.0
2026-05-06 16:34:51.425447,914211,1609507554791339,5154703929,0.558272,0.335744,0.44896,-5.92375,-0.98,2.6075,-44.600002,1.088,-61.328003,eccentric,4,5.0,33151.0,35416.0,90725.0,89964.0,30811.0,44603.0,40069.0,51507.0,20859.0,15425.0
2026-05-06 16:34:51.427951,914212,1609507554800389,5154712701,0.540704,0.384544,0.452864,-2.205,-1.74125,3.3425,-44.72,1.264,-61.384003,eccentric,4,5.0,33151.0,35416.0,90725.0,89964.0,30811.0,44603.0,40069.0,51507.0,20859.0,15425.0
2026-05-06 16:34:51.430471,914213,1609507554809462,5154721543,0.540704,0.384544,0.452864,0.245,-2.19625,3.80625,-44.72,1.264,-61.384003,eccentric,4,5.0,33151.0,35416.0,90725.0,89964.0,30811.0,44603.0,40069.0,51507.0,20859.0,15425.0
2026-05-06 16:34:51.432988,914214,1609507554823988,5154736532,0.532896,0.460672,0.474336,2.17,-2.87875,5.005,-44.632004,1.656,-61.296,eccentric,4,5.0,33151.0,35416.0,90725.0,89964.0,30811.0,44603.0,40069.0,51507.0,20859.0,15425.0
2026-05-06 16:34:51.439172,914215,1609507554832992,5154745234,0.532896,0.460672,0.474336,-0.8225,-3.73625,3.15,-44.632004,1.656,-61.296,eccentric,4,5.0,33151.0,35416.0,90725.0,89964.0,30811.0,44603.0,40069.0,51507.0,20859.0,15425.0
2026-05-06 16:34:51.453232,914216,1609507554847654,5154760238,0.569984,0.40992,0.456768,-5.94125,-3.7975,-0.84,-44.224003,2.552,-61.328003,eccentric,4,5.0,33151.0,35416.0,90725.0,89964.0,30811.0,44603.0,40069.0,51507.0,20859.0,15425.0
2026-05-06 16:34:51.461523,914217,1609507554856561,5154768946,0.569984,0.40992,0.456768,-7.27125,-3.47375,-2.98375,-44.224003,2.552,-61.328003,eccentric,4,5.0,33151.0,35416.0,90725.0,89964.0,30811.0,44603.0,40069.0,51507.0,20859.0,15425.0
2026-05-06 16:34:51.470221,914218,1609507554865473,5154777646,0.560224,0.411872,0.476288,-6.04625,-3.03625,-3.0625,-44.768,1.2,-61.456,eccentric,4,5.0,33151.0,35416.0,90725.0,89964.0,30811.0,44603.0,40069.0,51507.0,20859.0,15425.0
2026-05-06 16:34:51.504195,914219,1609507554880030,5154792549,0.577792,0.42944,0.495808,-4.22625,-2.12625,-2.7825,-44.376003,3.288,-62.360004,eccentric,4,5.0,33151.0,35416.0,90725.0,89964.0,30811.0,44603.0,40069.0,51507.0,20859.0,15425.0
2026-05-06 16:34:51.534237,914230,1609507554889650,5154801543,0.577792,0.42944,0.495808,-3.57,-2.35375,-3.59625,-44.376003,3.288,-62.360004,eccentric,4,5.0,33125.0,35363.0,90708.0,89970.0,30791.0,44567.0,40119.0,51508.0,20876.0,15407.0
2026-05-06 16:34:51.536729,914231,1609507554904207,5154816543,0.577792,0.466528,0.552416,-3.05375,-1.3125,-4.5675,-44.544003,3.304,-62.960003,eccentric,4,5.0,33125.0,35363.0,90708.0,89970.0,30791.0,44567.0,40119.0,51508.0,20876.0,15407.0
2026-05-06 16:34:51.539219,914232,1609507554913299,5154825298,0.577792,0.466528,0.552416,-4.34875,-0.98,-5.29375,-44.544003,3.304,-62.960003,eccentric,4,5.0,33125.0,35363.0,90708.0,89970.0,30791.0,44567.0,40119.0,51508.0,20876.0,15407.0
2026-05-06 16:34:51.541647,914233,1609507554922298,5154834008,0.59536,0.435296,0.513376,-7.81375,0.20125,-6.3,-44.664,3.0,-62.032,eccentric,4,5.0,33125.0,35363.0,90708.0,89970.0,30791.0,44567.0,40119.0,51508.0,20876.0,15407.0
2026-05-06 16:34:51.544190,914234,1609507554936821,5154848972,0.59536,0.435296,0.513376,-10.89375,1.0325,-7.35875,-44.664,3.0,-62.032,eccentric,4,5.0,33125.0,35363.0,90708.0,89970.0,30791.0,44567.0,40119.0,51508.0,20876.0,15407.0
2026-05-06 16:34:51.550971,914235,1609507554945778,5154857835,0.626592,0.376736,0.521184,-14.04375,1.6275,-6.755,-44.992,1.192,-61.704002,eccentric,4,5.0,33125.0,35363.0,90708.0,89970.0,30791.0,44567.0,40119.0,51508.0,20876.0,15407.0
2026-05-06 16:34:51.564196,914236,1609507554960435,5154872766,0.60512,0.431392,0.525088,-12.85375,2.56375,-4.41,-44.488003,2.056,-64.48801,eccentric,4,5.0,33125.0,35363.0,90708.0,89970.0,30791.0,44567.0,40119.0,51508.0,20876.0,15407.0
2026-05-06 16:34:51.577943,914237,1609507554969526,5154881504,0.60512,0.431392,0.525088,-9.24875,2.72125,-2.93125,-44.488003,2.056,-64.48801,eccentric,4,5.0,33125.0,35363.0,90708.0,89970.0,30791.0,44567.0,40119.0,51508.0,20876.0,15407.0
2026-05-06 16:34:51.591714,914238,1609507554984097,5154896416,0.61488,0.454816,0.538752,-7.34125,1.98625,-3.3075,-44.688004,2.816,-62.608,eccentric,4,5.0,33125.0,35363.0,90708.0,89970.0,30791.0,44567.0,40119.0,51508.0,20876.0,15407.0
2026-05-06 16:34:51.619032,914249,1609507554993176,5154905228,0.61488,0.454816,0.538752,-7.8925,1.9775,-4.75125,-44.688004,2.816,-62.608,eccentric,4,5.0,33002.0,35258.0,90719.0,90195.0,30696.0,44432.0,40109.0,51620.0,20801.0,15360.0
2026-05-06 16:34:51.621808,914250,1609507555002182,5154913974,0.655872,0.353312,0.511424,-10.535,2.07375,-6.32625,-44.808002,1.28,-61.680004,eccentric,4,5.0,33002.0,35258.0,90719.0,90195.0,30696.0,44432.0,40109.0,51620.0,20801.0,15360.0
2026-05-06 16:34:51.624230,914251,1609507555016723,5154928998,0.655872,0.353312,0.511424,-11.82125,1.84625,-8.198751,-44.808002,1.28,-61.680004,eccentric,4,5.0,33002.0,35258.0,90719.0,90195.0,30696.0,44432.0,40109.0,51620.0,20801.0,15360.0
2026-05-06 16:34:51.630486,914252,1609507555025725,5154937765,0.681248,0.363072,0.571936,-8.96,1.37375,-5.6875,-44.768,-1.416,-60.168003,eccentric,4,5.0,33002.0,35258.0,90719.0,90195.0,30696.0,44432.0,40109.0,51620.0,20801.0,15360.0
2026-05-06 16:34:51.661508,914253,1609507555040237,5154952714,0.681248,0.431392,0.55632,-6.09875,0.63,-3.19375,-44.768,-1.416,-60.168003,eccentric,4,5.0,33002.0,35258.0,90719.0,90195.0,30696.0,44432.0,40109.0,51620.0,20801.0,15360.0
2026-05-06 16:34:51.682695,914254,1609507555049212,5154961450,0.64416,0.431392,0.55632,-4.2175,0.455,-1.3475,-44.712,2.952,-61.208004,eccentric,4,5.0,33002.0,35258.0,90719.0,90195.0,30696.0,44432.0,40109.0,51620.0,20801.0,15360.0
2026-05-06 16:34:51.706697,914255,1609507555058273,5154970193,0.64416,0.431392,0.55632,-4.4625,0.13125,-2.77375,-44.712,2.952,-61.208004,eccentric,4,5.0,33002.0,35258.0,90719.0,90195.0,30696.0,44432.0,40109.0,51620.0,20801.0,15360.0
2026-05-06 16:34:51.709200,914256,1609507555072779,5154985122,0.64416,0.421632,0.579744,-4.48,-0.16625,-4.6375,-44.52,3.096,-60.832005,eccentric,4,5.0,33002.0,35258.0,90719.0,90195.0,30696.0,44432.0,40109.0,51620.0,20801.0,15360.0
2026-05-06 16:34:51.711693,914257,1609507555081730,5154993862,0.67344,0.386496,0.55632,-2.40625,0.0525,-6.3525,-44.688004,2.904,-62.360004,eccentric,4,5.0,33002.0,35258.0,90719.0,90195.0,30696.0,44432.0,40109.0,51620.0,20801.0,15360.0
2026-05-06 16:34:51.741646,914269,1609507555096830,5155009163,0.67344,0.386496,0.55632,-0.13125,-0.105,-6.78125,-44.688004,2.904,-62.360004,eccentric,4,5.0,32791.0,35073.0,90822.0,89852.0,30485.0,44222.0,40150.0,51427.0,20637.0,15221.0
2026-05-06 16:34:51.749310,914270,1609507555105752,5155017981,0.648064,0.402112,0.616832,0.81375,0.105,-6.3875,-44.272003,1.92,-62.608,eccentric,4,5.0,32791.0,35073.0,90822.0,89852.0,30485.0,44222.0,40150.0,51427.0,20637.0,15221.0
2026-05-06 16:34:51.749620,914271,1609507555114956,5155026769,0.648064,0.402112,0.616832,-0.945,0.60375,-4.3575,-44.272003,1.92,-62.608,eccentric,4,5.0,32791.0,35073.0,90822.0,89852.0,30485.0,44222.0,40150.0,51427.0,20637.0,15221.0
2026-05-06 16:34:51.751459,914272,1609507555129519,5155041715,0.620736,0.4392,0.544608,-3.185,1.84625,-2.765,-44.232002,0.552,-61.296,eccentric,4,5.0,32791.0,35073.0,90822.0,89852.0,30485.0,44222.0,40150.0,51427.0,20637.0,15221.0
2026-05-06 16:34:51.756960,914273,1609507555138547,5155050480,0.620736,0.4392,0.544608,-4.24375,1.23375,-4.48,-44.232002,0.552,-61.296,eccentric,4,5.0,32791.0,35073.0,90822.0,89852.0,30485.0,44222.0,40150.0,51427.0,20637.0,15221.0
2026-05-06 16:34:51.757050,914274,1609507555153074,5155065490,0.62464,0.406016,0.505568,-3.56125,1.6975,-5.6,-44.2,0.56,-62.096004,eccentric,4,5.0,32791.0,35073.0,90822.0,89852.0,30485.0,44222.0,40150.0,51427.0,20637.0,15221.0
2026-05-06 16:34:51.767841,914275,1609507555162172,5155074203,0.610976,0.404064,0.552416,-1.00625,1.2425,-5.62625,-44.504,2.72,-62.824,eccentric,4,5.0,32791.0,35073.0,90822.0,89852.0,30485.0,44222.0,40150.0,51427.0,20637.0,15221.0
2026-05-06 16:38:42.011084,957601,1609507785367126,5385279490,0.675392,0.267424,0.495808,-1.26,0.60375,-2.79125,-44.232002,0.0,-70.456,concentric,4,5.0,30410.0,34860.0,89050.0,86998.0,27327.0,43028.0,39048.0,48888.0,18470.0,14812.0
2026-05-06 16:38:42.011955,957602,1609507785376073,5385288227,0.665632,0.236192,0.523136,-2.87875,-0.35,-2.98375,-43.912003,-0.416,-70.37601,concentric,4,5.0,30410.0,34860.0,89050.0,86998.0,27327.0,43028.0,39048.0,48888.0,18470.0,14812.0
2026-05-06 16:38:42.014034,957603,1609507785390613,5385303220,0.632448,0.316224,0.464576,-2.35375,-1.1725,-1.63625,-44.160004,-0.088,-69.80801,concentric,4,5.0,30410.0,34860.0,89050.0,86998.0,27327.0,43028.0,39048.0,48888.0,18470.0,14812.0
2026-05-06 16:38:42.016491,957604,1609507785399560,5385311963,0.632448,0.316224,0.464576,2.8175,-2.31875,-0.875,-44.160004,-0.088,-69.80801,concentric,4,5.0,30410.0,34860.0,89050.0,86998.0,27327.0,43028.0,39048.0,48888.0,18470.0,14812.0
2026-05-06 16:38:42.030433,957605,1609507785414126,5385324894,0.66368,0.247904,0.423584,8.56625,-3.3425,-2.24,-44.144,0.272,-70.344,concentric,4,5.0,30410.0,34860.0,89050.0,86998.0,27327.0,43028.0,39048.0,48888.0,18470.0,14812.0
2026-05-06 16:38:42.039450,957606,1609507785423298,5385335648,0.66368,0.247904,0.423584,11.97875,-4.62,-3.395,-44.144,0.272,-70.344,concentric,4,5.0,30410.0,34860.0,89050.0,86998.0,27327.0,43028.0,39048.0,48888.0,18470.0,14812.0
2026-05-06 16:38:42.050364,957607,1609507785437946,5385350633,0.622688,0.249856,0.49776,13.13375,-5.38125,-2.8175,-43.984,-0.12,-70.528,concentric,4,5.0,30410.0,34860.0,89050.0,86998.0,27327.0,43028.0,39048.0,48888.0,18470.0,14812.0
2026-05-06 16:38:42.080487,957608,1609507785446902,5385359380,0.622688,0.249856,0.49776,10.12375,-5.92375,-1.4,-43.984,-0.12,-70.528,concentric,4,5.0,30410.0,34860.0,89050.0,86998.0,27327.0,43028.0,39048.0,48888.0,18470.0,14812.0
2026-05-06 16:38:42.105778,957609,1609507785455835,5385368086,0.609024,0.308416,0.493856,2.73875,-6.34375,-2.94875,-44.168003,-0.104,-70.248,concentric,4,5.0,30410.0,34860.0,89050.0,86998.0,27327.0,43028.0,39048.0,48888.0,18470.0,14812.0
2026-05-06 16:38:42.144303,957620,1609507785470475,5385383008,0.609024,0.294752,0.450912,-3.3425,-4.90875,-5.78375,-44.168003,-0.104,-70.248,concentric,4,5.0,30295.0,34724.0,88759.0,86448.0,27237.0,42893.0,38928.0,48617.0,18439.0,14745.0
2026-05-06 16:38:42.146968,957621,1609507785479463,5385391954,0.618784,0.294752,0.450912,-3.815,-2.5375,-7.105,-44.312,-0.072,-69.968,concentric,4,5.0,30295.0,34724.0,88759.0,86448.0,27237.0,42893.0,38928.0,48617.0,18439.0,14745.0
2026-05-06 16:38:42.149308,957622,1609507785493967,5385404801,0.638304,0.26352,0.476288,2.38,0.07875,-7.35875,-44.128002,-0.528,-70.240005,concentric,4,5.0,30295.0,34724.0,88759.0,86448.0,27237.0,42893.0,38928.0,48617.0,18439.0,14745.0
2026-05-06 16:38:42.152117,957623,1609507785503252,5385415611,0.638304,0.26352,0.476288,6.30875,2.66875,-7.8575,-44.128002,-0.528,-70.240005,concentric,4,5.0,30295.0,34724.0,88759.0,86448.0,27237.0,42893.0,38928.0,48617.0,18439.0,14745.0
2026-05-06 16:38:42.154615,957624,1609507785512197,5385424351,0.581696,0.372832,0.511424,7.1225,4.50625,-8.5925,-44.168003,-0.112,-69.272,concentric,4,5.0,30295.0,34724.0,88759.0,86448.0,27237.0,42893.0,38928.0,48617.0,18439.0,14745.0
2026-05-06 16:38:42.156744,957625,1609507785526836,5385439573,0.581696,0.372832,0.511424,6.22125,5.41625,-9.19625,-44.168003,-0.112,-69.272,concentric,4,5.0,30295.0,34724.0,88759.0,86448.0,27237.0,42893.0,38928.0,48617.0,18439.0,14745.0
2026-05-06 16:38:42.159630,957626,1609507785535778,5385448356,0.651968,0.339648,0.486048,3.9025,5.74875,-10.8325,-44.320004,-2.552,-68.936005,concentric,4,5.0,30295.0,34724.0,88759.0,86448.0,27237.0,42893.0,38928.0,48617.0,18439.0,14745.0
2026-05-06 16:38:42.163203,957627,1609507785550349,5385461240,0.651968,0.339648,0.486048,0.2625,6.895,-13.9825,-44.320004,-2.552,-68.936005,concentric,4,5.0,30295.0,34724.0,88759.0,86448.0,27237.0,42893.0,38928.0,48617.0,18439.0,14745.0
2026-05-06 16:38:42.174666,957628,1609507785559814,5385472016,0.622688,0.255712,0.495808,-3.45625,7.60375,-14.761251,-44.584003,-2.416,-68.104004,concentric,4,5.0,30295.0,34724.0,88759.0,86448.0,27237.0,42893.0,38928.0,48617.0,18439.0,14745.0
2026-05-06 16:38:42.213273,957639,1609507785568744,5385480779,0.622688,0.255712,0.495808,-4.69875,7.3325,-10.49125,-44.584003,-2.416,-68.104004,concentric,4,5.0,30284.0,34686.0,88773.0,85901.0,27233.0,42866.0,38941.0,48311.0,18409.0,14734.0
2026-05-06 16:38:42.215889,957640,1609507785583310,5385495788,0.65392,0.296704,0.519232,-4.66375,7.1225,-7.56875,-44.856003,-2.184,-68.68,concentric,4,5.0,30284.0,34686.0,88773.0,85901.0,27233.0,42866.0,38941.0,48311.0,18409.0,14734.0
2026-05-06 16:38:42.217946,957641,1609507785592359,5385504591,0.62464,0.333792,0.491904,-4.64625,7.98,-4.80375,-44.584003,-0.656,-69.104004,concentric,4,5.0,30284.0,34686.0,88773.0,85901.0,27233.0,42866.0,38941.0,48311.0,18409.0,14734.0
2026-05-06 16:38:42.220542,957642,1609507785606937,5385519666,0.62464,0.333792,0.491904,-1.18125,7.42875,-2.9575,-44.584003,-0.656,-69.104004,concentric,4,5.0,30284.0,34686.0,88773.0,85901.0,27233.0,42866.0,38941.0,48311.0,18409.0,14734.0
2026-05-06 16:38:42.231718,957643,1609507785615983,5385528430,0.620736,0.316224,0.464576,1.4175,5.6175,-5.08375,-45.120003,-0.776,-69.408005,concentric,4,5.0,30284.0,34686.0,88773.0,85901.0,27233.0,42866.0,38941.0,48311.0,18409.0,14734.0
2026-05-06 16:38:42.243402,957644,1609507785630514,5385541337,0.620736,0.316224,0.464576,3.22875,2.51125,-6.405,-45.120003,-0.776,-69.408005,concentric,4,5.0,30284.0,34686.0,88773.0,85901.0,27233.0,42866.0,38941.0,48311.0,18409.0,14734.0
2026-05-06 16:38:42.254645,957645,1609507785639792,5385552131,0.60512,0.269376,0.460672,3.33375,-1.155,-9.09125,-44.944,-0.64,-69.328,concentric,4,5.0,30284.0,34686.0,88773.0,85901.0,27233.0,42866.0,38941.0,48311.0,18409.0,14734.0
2026-05-06 16:38:42.263378,957646,1609507785648697,5385560852,0.60512,0.269376,0.460672,2.4675,-4.375,-10.00125,-44.944,-0.64,-69.328,concentric,4,5.0,30284.0,34686.0,88773.0,85901.0,27233.0,42866.0,38941.0,48311.0,18409.0,14734.0
2026-05-06 16:38:42.313233,957647,1609507785663514,5385576125,0.626592,0.226432,0.42944,-1.21625,-6.71125,-10.33375,-45.128002,-2.408,-68.584,concentric,4,5.0,30284.0,34686.0,88773.0,85901.0,27233.0,42866.0,38941.0,48311.0,18409.0,14734.0
2026-05-06 16:38:42.352997,957658,1609507785672674,5385584920,0.636352,0.193248,0.462624,-0.9975,-7.4725,-8.11125,-44.800003,-0.656,-68.816,concentric,4,5.0,30285.0,34686.0,88642.0,85636.0,27182.0,42840.0,38867.0,48158.0,18391.0,14711.0
2026-05-06 16:38:42.355605,957659,1609507785687271,5385599989,0.636352,0.193248,0.462624,-0.69125,-7.56,-5.74,-44.800003,-0.656,-68.816,concentric,4,5.0,30285.0,34686.0,88642.0,85636.0,27182.0,42840.0,38867.0,48158.0,18391.0,14711.0
2026-05-06 16:38:42.358104,957660,1609507785696204,5385608728,0.610976,0.347456,0.456768,2.07375,-8.32125,-3.82375,-44.976,-0.752,-70.0,concentric,4,5.0,30285.0,34686.0,88642.0,85636.0,27182.0,42840.0,38867.0,48158.0,18391.0,14711.0
2026-05-06 16:38:42.360601,957661,1609507785705103,5385617409,0.610976,0.347456,0.456768,9.49375,-10.3425,-3.21125,-44.976,-0.752,-70.0,concentric,4,5.0,30285.0,34686.0,88642.0,85636.0,27182.0,42840.0,38867.0,48158.0,18391.0,14711.0
2026-05-06 16:38:42.363118,957662,1609507785719628,5385632330,0.609024,0.382592,0.474336,11.515,-12.95,-7.7175,-45.056004,-0.4,-71.416,concentric,4,5.0,30285.0,34686.0,88642.0,85636.0,27182.0,42840.0,38867.0,48158.0,18391.0,14711.0
2026-05-06 16:38:42.365677,957663,1609507785728600,5385641076,0.609024,0.382592,0.474336,10.465,-14.385,-13.86,-45.056004,-0.4,-71.416,concentric,4,5.0,30285.0,34686.0,88642.0,85636.0,27182.0,42840.0,38867.0,48158.0,18391.0,14711.0
2026-05-06 16:38:42.370092,957664,1609507785743104,5385654126,0.657824,0.201056,0.474336,6.51,-14.0525,-18.69,-45.576004,-4.416,-67.768005,concentric,4,5.0,30285.0,34686.0,88642.0,85636.0,27182.0,42840.0,38867.0,48158.0,18391.0,14711.0
2026-05-06 16:38:42.370547,957665,1609507785752328,5385664951,0.657824,0.294752,0.499712,7.11375,-11.6025,-17.4125,-45.576004,-4.416,-67.768005,concentric,4,5.0,30285.0,34686.0,88642.0,85636.0,27182.0,42840.0,38867.0,48158.0,18391.0,14711.0
2026-05-06 16:38:42.379558,957666,1609507785761363,5385673647,0.622688,0.294752,0.499712,14.18375,-9.073751,-10.92875,-45.528004,-4.528,-66.840004,concentric,4,5.0,30285.0,34686.0,88642.0,85636.0,27182.0,42840.0,38867.0,48158.0,18391.0,14711.0
2026-05-06 16:38:42.410536,957677,1609507785776139,5385688666,0.669536,0.33184,0.525088,16.73,-6.5275,-7.60375,-45.52,-0.664,-69.968,concentric,4,5.0,30334.0,34747.0,88563.0,85374.0,27271.0,42912.0,38865.0,48036.0,18420.0,14738.0
2026-05-06 16:38:42.413088,957678,1609507785785175,5385697431,0.669536,0.33184,0.525088,11.03375,-4.06,-7.86625,-45.52,-0.664,-69.968,concentric,4,5.0,30334.0,34747.0,88563.0,85374.0,27271.0,42912.0,38865.0,48036.0,18420.0,14738.0
2026-05-06 16:38:42.415689,957679,1609507785799758,5385712411,0.632448,0.37088,0.445056,4.1475,-2.0125,-8.54875,-45.432003,-2.704,-69.256004,concentric,4,5.0,30334.0,34747.0,88563.0,85374.0,27271.0,42912.0,38865.0,48036.0,18420.0,14738.0
2026-05-06 16:38:42.421822,957680,1609507785808690,5385721178,0.632448,0.37088,0.445056,2.00375,-0.25375,-8.54,-45.432003,-2.704,-69.256004,concentric,4,5.0,30334.0,34747.0,88563.0,85374.0,27271.0,42912.0,38865.0,48036.0,18420.0,14738.0
2026-05-06 16:38:42.446824,957681,1609507785823163,5385734100,0.648064,0.368928,0.45872,5.74,0.21,-9.205,-45.904003,-2.344,-68.616005,concentric,4,5.0,30334.0,34747.0,88563.0,85374.0,27271.0,42912.0,38865.0,48036.0,18420.0,14738.0
2026-05-06 16:38:42.471554,957682,1609507785832559,5385744877,0.648064,0.368928,0.45872,8.12,-0.07,-9.975,-45.904003,-2.344,-68.616005,concentric,4,5.0,30334.0,34747.0,88563.0,85374.0,27271.0,42912.0,38865.0,48036.0,18420.0,14738.0
2026-05-06 16:38:42.487990,957683,1609507785841560,5385753579,0.679296,0.300608,0.493856,5.95875,1.085,-10.89375,-45.600002,-0.68,-70.936005,concentric,4,5.0,30334.0,34747.0,88563.0,85374.0,27271.0,42912.0,38865.0,48036.0,18420.0,14738.0
2026-05-06 16:38:42.490490,957684,1609507785856094,5385768497,0.642208,0.31232,0.470432,3.535,2.03,-7.42,-45.816,-0.696,-69.576004,concentric,4,5.0,30334.0,34747.0,88563.0,85374.0,27271.0,42912.0,38865.0,48036.0,18420.0,14738.0
2026-05-06 16:38:42.492999,957685,1609507785864999,5385777209,0.642208,0.31232,0.470432,-1.4175,3.21125,-4.33125,-45.816,-0.696,-69.576004,concentric,4,5.0,30334.0,34747.0,88563.0,85374.0,27271.0,42912.0,38865.0,48036.0,18420.0,14738.0
2026-05-06 16:38:42.524189,957696,1609507785879593,5385792165,0.603168,0.41968,0.488,-4.7425,4.06875,0.11375,-45.600002,-0.68,-69.32,concentric,4,5.0,30357.0,34749.0,88471.0,85341.0,27290.0,42937.0,38817.0,47961.0,18453.0,14758.0
2026-05-06 16:38:42.526586,957697,1609507785888603,5385800932,0.603168,0.41968,0.488,-5.27625,4.36625,1.98625,-45.600002,-0.68,-69.32,concentric,4,5.0,30357.0,34749.0,88471.0,85341.0,27290.0,42937.0,38817.0,47961.0,18453.0,14758.0
2026-05-06 16:38:42.528962,957698,1609507785897760,5385809714,0.651968,0.339648,0.482144,-5.46,4.585,0.65625,-45.944004,-1.064,-69.424,concentric,4,5.0,30357.0,34749.0,88471.0,85341.0,27290.0,42937.0,38817.0,47961.0,18453.0,14758.0
2026-05-06 16:38:42.531474,957699,1609507785912299,5385824715,0.651968,0.339648,0.482144,-5.04875,6.3875,-3.3425,-45.944004,-1.064,-69.424,concentric,4,5.0,30357.0,34749.0,88471.0,85341.0,27290.0,42937.0,38817.0,47961.0,18453.0,14758.0
2026-05-06 16:38:42.533946,957700,1609507785921236,5385833430,0.669536,0.245952,0.49776,-6.3,9.1875,-3.57,-45.672,-4.256,-68.664,concentric,4,5.0,30357.0,34749.0,88471.0,85341.0,27290.0,42937.0,38817.0,47961.0,18453.0,14758.0
2026-05-06 16:38:42.567883,957701,1609507785935707,5385848393,0.62464,0.445056,0.437248,-6.51,12.145,0.30625,-45.968002,-0.632,-68.896,concentric,4,5.0,30357.0,34749.0,88471.0,85341.0,27290.0,42937.0,38817.0,47961.0,18453.0,14758.0
2026-05-06 16:38:42.570454,957702,1609507785944620,5385857106,0.62464,0.445056,0.437248,-1.54,13.50125,5.97625,-45.968002,-0.632,-68.896,concentric,4,5.0,30357.0,34749.0,88471.0,85341.0,27290.0,42937.0,38817.0,47961.0,18453.0,14758.0
2026-05-06 16:38:42.572944,957703,1609507785953688,5385865973,0.62464,0.445056,0.447008,1.26,12.6525,3.4475,-45.968002,-0.632,-68.896,concentric,4,5.0,30357.0,34749.0,88471.0,85341.0,27290.0,42937.0,38817.0,47961.0,18453.0,14758.0
2026-05-06 16:38:42.581998,957704,1609507785968221,5385880910,0.710528,0.353312,0.447008,-6.64125,12.32875,-4.29625,-46.304,-0.2,-69.624,concentric,4,5.0,30357.0,34749.0,88471.0,85341.0,27290.0,42937.0,38817.0,47961.0,18453.0,14758.0
2026-05-06 16:38:42.609668,957715,1609507785977485,5385889689,0.667584,0.353312,0.552416,-10.22,11.83,-6.44875,-46.096,-1.224,-68.576004,concentric,4,5.0,30279.0,34639.0,88144.0,85635.0,27208.0,42814.0,38641.0,48116.0,18416.0,14709.0
2026-05-06 16:38:42.612196,957716,1609507785992073,5385902832,0.667584,0.353312,0.552416,-8.93375,11.2175,-8.82,-46.096,-1.224,-68.576004,concentric,4,5.0,30279.0,34639.0,88144.0,85635.0,27208.0,42814.0,38641.0,48116.0,18416.0,14709.0
2026-05-06 16:38:42.614687,957717,1609507786001359,5385913655,0.67344,0.384544,0.57584,-6.27375,11.9875,-11.62875,-46.752003,-2.864,-67.272,concentric,4,5.0,30279.0,34639.0,88144.0,85635.0,27208.0,42814.0,38641.0,48116.0,18416.0,14709.0
2026-05-06 16:38:42.625918,957718,1609507786010318,5385922389,0.67344,0.384544,0.57584,-4.2,13.57125,-16.8,-46.752003,-2.864,-67.272,concentric,4,5.0,30279.0,34639.0,88144.0,85635.0,27208.0,42814.0,38641.0,48116.0,18416.0,14709.0
2026-05-06 16:38:42.640941,957719,1609507786024816,5385937290,0.694912,0.226432,0.54656,-7.35875,15.25125,-19.95,-46.440002,-1.152,-68.024,concentric,4,5.0,30279.0,34639.0,88144.0,85635.0,27208.0,42814.0,38641.0,48116.0,18416.0,14709.0
2026-05-06 16:38:42.647142,957720,1609507786033784,5385946117,0.694912,0.226432,0.54656,-9.63375,17.10625,-17.5,-46.440002,-1.152,-68.024,concentric,4,5.0,30279.0,34639.0,88144.0,85635.0,27208.0,42814.0,38641.0,48116.0,18416.0,14709.0
2026-05-06 16:38:42.661461,957721,1609507786048295,5385959114,0.667584,0.347456,0.515328,-7.84875,18.31375,-11.725,-47.224003,-2.632,-64.208,concentric,4,5.0,30279.0,34639.0,88144.0,85635.0,27208.0,42814.0,38641.0,48116.0,18416.0,14709.0
2026-05-06 16:38:42.674494,957722,1609507786057577,5385969884,0.687104,0.32208,0.562176,-5.38125,18.62875,-11.4625,-47.2,-3.928,-65.4,concentric,4,5.0,30279.0,34639.0,88144.0,85635.0,27208.0,42814.0,38641.0,48116.0,18416.0,14709.0
2026-05-06 16:38:42.713384,957733,1609507786072148,5385984803,0.687104,0.32208,0.562176,-3.91125,19.25875,-11.13,-47.2,-3.928,-65.4,concentric,4,5.0,30204.0,34583.0,88123.0,85738.0,27114.0,42723.0,38613.0,48150.0,18350.0,14679.0
2026-05-06 16:38:42.716031,957734,1609507786081683,5385993531,0.694912,0.349408,0.577792,4.34875,16.1525,-9.00375,-47.072002,-3.088,-66.728004,concentric,4,5.0,30204.0,34583.0,88123.0,85738.0,27114.0,42723.0,38613.0,48150.0,18350.0,14679.0
2026-05-06 16:38:42.717870,957735,1609507786090700,5386002526,0.694912,0.349408,0.577792,6.4575,11.50625,-8.575,-47.072002,-3.088,-66.728004,concentric,4,5.0,30204.0,34583.0,88123.0,85738.0,27114.0,42723.0,38613.0,48150.0,18350.0,14679.0
2026-05-06 16:38:42.720956,957736,1609507786105217,5386017525,0.700768,0.279136,0.49776,2.98375,6.3875,-7.63875,-48.032,-5.056,-64.904,concentric,4,5.0,30204.0,34583.0,88123.0,85738.0,27114.0,42723.0,38613.0,48150.0,18350.0,14679.0
2026-05-06 16:38:42.727148,957737,1609507786114166,5386026305,0.700768,0.279136,0.49776,-0.8225,1.925,-6.60625,-48.032,-5.056,-64.904,concentric,4,5.0,30204.0,34583.0,88123.0,85738.0,27114.0,42723.0,38613.0,48150.0,18350.0,14679.0
2026-05-06 16:38:42.760947,957738,1609507786128841,5386041285,0.665632,0.244,0.495808,-0.7175,-1.1375,-0.34125,-47.552002,-2.44,-63.416004,concentric,4,5.0,30204.0,34583.0,88123.0,85738.0,27114.0,42723.0,38613.0,48150.0,18350.0,14679.0
2026-05-06 16:38:42.763304,957739,1609507786137797,5386050047,0.671488,0.300608,0.5368,1.5575,-3.7975,5.565,-47.376003,-0.768,-67.464005,concentric,4,5.0,30204.0,34583.0,88123.0,85738.0,27114.0,42723.0,38613.0,48150.0,18350.0,14679.0
2026-05-06 16:38:42.765809,957740,1609507786146740,5386058766,0.671488,0.300608,0.5368,1.74125,-5.71375,8.785,-47.376003,-0.768,-67.464005,concentric,4,5.0,30204.0,34583.0,88123.0,85738.0,27114.0,42723.0,38613.0,48150.0,18350.0,14679.0
2026-05-06 16:38:42.777016,957741,1609507786161278,5386073664,0.622688,0.345504,0.464576,2.8875,-7.37625,10.15875,-47.608,-2.208,-66.22401,concentric,4,5.0,30204.0,34583.0,88123.0,85738.0,27114.0,42723.0,38613.0,48150.0,18350.0,14679.0
2026-05-06 16:38:42.785541,957742,1609507786170203,5386082429,0.622688,0.345504,0.464576,6.65875,-9.9925,9.79125,-47.608,-2.208,-66.22401,concentric,4,5.0,30204.0,34583.0,88123.0,85738.0,27114.0,42723.0,38613.0,48150.0,18350.0,14679.0
2026-05-06 16:38:42.873076,957753,1609507786184770,5386097463,0.636352,0.404064,0.523136,9.56375,-12.0925,8.05,-47.536003,-0.048,-67.592,concentric,4,5.0,30356.0,34675.0,88011.0,85586.0,27238.0,42834.0,38564.0,48029.0,18446.0,14740.0
2026-05-06 16:38:42.875819,957754,1609507786193737,5386106175,0.636352,0.404064,0.523136,9.03875,-12.36375,4.66375,-47.536003,-0.048,-67.592,concentric,4,5.0,30356.0,34675.0,88011.0,85586.0,27238.0,42834.0,38564.0,48029.0,18446.0,14740.0
2026-05-06 16:38:42.878261,957755,1609507786202694,5386114853,0.66368,0.271328,0.581696,4.71625,-11.9875,-1.51375,-47.808002,-0.056,-67.624,concentric,4,5.0,30356.0,34675.0,88011.0,85586.0,27238.0,42834.0,38564.0,48029.0,18446.0,14740.0
2026-05-06 16:38:42.880769,957756,1609507786217317,5386129734,0.642208,0.386496,0.499712,2.68625,-9.84375,-2.05625,-47.536003,-0.248,-67.192,concentric,4,5.0,30356.0,34675.0,88011.0,85586.0,27238.0,42834.0,38564.0,48029.0,18446.0,14740.0
2026-05-06 16:38:42.882846,957757,1609507786226414,5386138503,0.642208,0.386496,0.499712,5.915,-7.385,-1.7325,-47.536003,-0.248,-67.192,concentric,4,5.0,30356.0,34675.0,88011.0,85586.0,27238.0,42834.0,38564.0,48029.0,18446.0,14740.0
2026-05-06 16:38:42.885598,957758,1609507786240912,5386153443,0.671488,0.38064,0.548512,8.93375,-5.7225,-4.1825,-47.624,0.016,-67.408005,concentric,4,5.0,30356.0,34675.0,88011.0,85586.0,27238.0,42834.0,38564.0,48029.0,18446.0,14740.0
2026-05-06 16:38:42.888368,957759,1609507786249817,5386162142,0.671488,0.38064,0.548512,5.005,-4.48,-9.47625,-47.624,0.016,-67.408005,concentric,4,5.0,30356.0,34675.0,88011.0,85586.0,27238.0,42834.0,38564.0,48029.0,18446.0,14740.0
2026-05-06 16:38:42.890900,957760,1609507786264521,5386177073,0.628544,0.476288,0.509472,3.40375,-2.8,-12.50375,-48.152,-0.312,-67.312004,concentric,4,5.0,30356.0,34675.0,88011.0,85586.0,27238.0,42834.0,38564.0,48029.0,18446.0,14740.0
2026-05-06 16:38:42.917659,957771,1609507786273559,5386185921,0.628544,0.476288,0.509472,5.62625,-0.67375,-13.405,-48.152,-0.312,-67.312004,concentric,4,5.0,30316.0,34649.0,87746.0,85818.0,27240.0,42799.0,38441.0,48140.0,18445.0,14711.0
2026-05-06 16:38:42.922717,957772,1609507786283119,5386194752,0.718336,0.404064,0.571936,9.16125,1.3125,-16.6425,-48.136,-0.928,-67.240005,concentric,4,5.0,30316.0,34649.0,87746.0,85818.0,27240.0,42799.0,38441.0,48140.0,18445.0,14711.0
2026-05-06 16:38:42.925270,957773,1609507786297726,5386209885,0.687104,0.460672,0.562176,6.86,2.0825,-23.66875,-48.296,-0.72,-65.968,concentric,4,5.0,30316.0,34649.0,87746.0,85818.0,27240.0,42799.0,38441.0,48140.0,18445.0,14711.0
2026-05-06 16:38:42.927704,957774,1609507786306788,5386218630,0.687104,0.460672,0.562176,7.79625,2.59875,-21.595,-48.296,-0.72,-65.968,concentric,4,5.0,30316.0,34649.0,87746.0,85818.0,27240.0,42799.0,38441.0,48140.0,18445.0,14711.0
2026-05-06 16:38:42.936940,957775,1609507786321340,5386233577,0.732,0.51728,0.61488,10.63125,1.6625,-18.61125,-49.152,-2.624,-65.920006,concentric,4,5.0,30316.0,34649.0,87746.0,85818.0,27240.0,42799.0,38441.0,48140.0,18445.0,14711.0
2026-05-06 16:38:42.965549,957776,1609507786330327,5386242340,0.732,0.51728,0.61488,3.6925,1.435,-21.88375,-49.152,-2.624,-65.920006,concentric,4,5.0,30316.0,34649.0,87746.0,85818.0,27240.0,42799.0,38441.0,48140.0,18445.0,14711.0
2026-05-06 16:38:42.967934,957777,1609507786339251,5386251103,0.700768,0.501664,0.609024,-1.47875,2.695,-21.805,-48.848003,-0.912,-66.864006,concentric,4,5.0,30316.0,34649.0,87746.0,85818.0,27240.0,42799.0,38441.0,48140.0,18445.0,14711.0
2026-05-06 16:38:42.970729,957778,1609507786353745,5386266012,0.700768,0.501664,0.609024,-0.875,4.2175,-19.55625,-48.848003,-0.912,-66.864006,concentric,4,5.0,30316.0,34649.0,87746.0,85818.0,27240.0,42799.0,38441.0,48140.0,18445.0,14711.0
2026-05-06 16:38:42.977042,957779,1609507786362731,5386274802,0.76128,0.431392,0.538752,-2.695,4.82125,-18.4975,-48.488003,-1.712,-66.992004,concentric,4,5.0,30316.0,34649.0,87746.0,85818.0,27240.0,42799.0,38441.0,48140.0,18445.0,14711.0
2026-05-06 16:38:43.020226,957790,1609507786378008,5386289838,0.733952,0.480192,0.60512,-3.465,4.7775,-15.82,-49.160004,-1.752,-65.944,concentric,4,5.0,30086.0,34470.0,87840.0,86014.0,27051.0,42620.0,38515.0,48294.0,18301.0,14631.0
2026-05-06 16:38:43.020812,957791,1609507786387050,5386298854,0.733952,0.480192,0.60512,-2.5025,4.235,-10.955,-49.160004,-1.752,-65.944,concentric,4,5.0,30086.0,34470.0,87840.0,86014.0,27051.0,42620.0,38515.0,48294.0,18301.0,14631.0
2026-05-06 16:38:43.022890,957792,1609507786396011,5386307642,0.733952,0.480192,0.60512,-0.21875,3.8325,-7.13125,-49.160004,-1.752,-65.944,concentric,4,5.0,30086.0,34470.0,87840.0,86014.0,27051.0,42620.0,38515.0,48294.0,18301.0,14631.0
2026-05-06 16:38:43.030029,957793,1609507786410544,5386322559,0.720288,0.525088,0.587552,6.16875,3.80625,-6.06375,-49.408,-5.048,-63.392002,concentric,4,5.0,30086.0,34470.0,87840.0,86014.0,27051.0,42620.0,38515.0,48294.0,18301.0,14631.0
2026-05-06 16:38:43.036593,957794,1609507786419640,5386331354,0.778848,0.40016,0.626592,12.92375,2.98375,-6.265,-49.136,-5.304,-64.888,concentric,4,5.0,30086.0,34470.0,87840.0,86014.0,27051.0,42620.0,38515.0,48294.0,18301.0,14631.0
2026-05-06 16:38:43.050487,957795,1609507786434165,5386346349,0.778848,0.40016,0.626592,12.1275,3.45625,-5.06625,-49.136,-5.304,-64.888,concentric,4,5.0,30086.0,34470.0,87840.0,86014.0,27051.0,42620.0,38515.0,48294.0,18301.0,14631.0
2026-05-06 16:38:43.056991,957796,1609507786443143,5386355057,0.813984,0.384544,0.593408,5.27625,4.82125,-0.49875,-48.944004,-1.68,-66.352005,concentric,4,5.0,30086.0,34470.0,87840.0,86014.0,27051.0,42620.0,38515.0,48294.0,18301.0,14631.0
2026-05-06 16:38:43.065822,957797,1609507786452095,5386363748,0.813984,0.384544,0.593408,-1.89875,5.32,3.745,-48.944004,-1.68,-66.352005,concentric,4,5.0,30086.0,34470.0,87840.0,86014.0,27051.0,42620.0,38515.0,48294.0,18301.0,14631.0
2026-05-06 16:38:43.079506,957798,1609507786466543,5386378676,0.759328,0.470432,0.64416,-6.475,4.94375,5.52125,-48.984,-1.144,-65.888,concentric,4,5.0,30086.0,34470.0,87840.0,86014.0,27051.0,42620.0,38515.0,48294.0,18301.0,14631.0
2026-05-06 16:38:43.113358,957809,1609507786475509,5386387372,0.759328,0.470432,0.64416,-3.255,6.44875,4.87375,-48.984,-1.144,-65.888,eccentric,4,5.0,29795.0,34085.0,87490.0,86656.0,26742.0,42192.0,38319.0,48619.0,18146.0,14485.0
2026-05-06 16:38:43.115982,957810,1609507786490309,5386402381,0.784704,0.47824,0.622688,7.30625,6.20375,0.6475,-49.4,-1.376,-65.952,eccentric,4,5.0,29795.0,34085.0,87490.0,86656.0,26742.0,42192.0,38319.0,48619.0,18146.0,14485.0
2026-05-06 16:38:43.120208,957811,1609507786499321,5386411091,0.782752,0.470432,0.642208,10.43875,6.15125,-5.39875,-48.936,-3.168,-62.440002,eccentric,4,5.0,29795.0,34085.0,87490.0,86656.0,26742.0,42192.0,38319.0,48619.0,18146.0,14485.0
2026-05-06 16:38:43.128167,957812,1609507786513899,5386426143,0.782752,0.470432,0.642208,8.61,5.99375,-5.27625,-48.936,-3.168,-62.440002,eccentric,4,5.0,29795.0,34085.0,87490.0,86656.0,26742.0,42192.0,38319.0,48619.0,18146.0,14485.0
2026-05-06 16:38:43.135395,957813,1609507786522829,5386434829,0.763232,0.501664,0.648064,4.64625,5.85375,-4.585,-49.376003,-1.512,-65.816,eccentric,4,5.0,29795.0,34085.0,87490.0,86656.0,26742.0,42192.0,38319.0,48619.0,18146.0,14485.0
2026-05-06 16:38:43.146961,957814,1609507786531827,5386443557,0.763232,0.501664,0.648064,1.75875,6.23875,-4.89125,-49.376003,-1.512,-65.816,eccentric,4,5.0,29795.0,34085.0,87490.0,86656.0,26742.0,42192.0,38319.0,48619.0,18146.0,14485.0
2026-05-06 16:38:43.185633,957815,1609507786546377,5386458541,0.759328,0.472384,0.593408,5.55625,6.48375,-6.3175,-49.048004,-1.016,-66.04,eccentric,4,5.0,29795.0,34085.0,87490.0,86656.0,26742.0,42192.0,38319.0,48619.0,18146.0,14485.0
2026-05-06 16:38:43.212414,957816,1609507786555282,5386467266,0.759328,0.472384,0.593408,12.145,4.1825,-5.52125,-49.048004,-1.016,-66.04,eccentric,4,5.0,29795.0,34085.0,87490.0,86656.0,26742.0,42192.0,38319.0,48619.0,18146.0,14485.0
2026-05-06 16:38:43.219282,957817,1609507786569823,5386482177,0.7808,0.503616,0.6832,11.55,2.96625,-3.815,-49.296,-1.776,-65.656006,eccentric,4,5.0,29795.0,34085.0,87490.0,86656.0,26742.0,42192.0,38319.0,48619.0,18146.0,14485.0
2026-05-06 16:38:43.249290,957828,1609507786579507,5386490903,0.788608,0.540704,0.657824,6.7375,1.4175,-2.91375,-49.08,-1.84,-65.568,eccentric,4,5.0,29821.0,34087.0,87166.0,86534.0,26772.0,42162.0,38115.0,48527.0,18148.0,14465.0
2026-05-06 16:38:43.251600,957829,1609507786588484,5386499671,0.788608,0.540704,0.657824,1.07625,-0.02625,-4.87375,-49.08,-1.84,-65.568,eccentric,4,5.0,29821.0,34087.0,87166.0,86534.0,26772.0,42162.0,38115.0,48527.0,18148.0,14465.0
2026-05-06 16:38:43.254343,957830,1609507786603407,5386514593,0.786656,0.538752,0.626592,-0.83125,-0.56875,-5.57375,-49.064003,-1.36,-65.75201,eccentric,4,5.0,29821.0,34087.0,87166.0,86534.0,26772.0,42162.0,38115.0,48527.0,18148.0,14465.0
2026-05-06 16:38:43.256806,957831,1609507786612936,5386525402,0.786656,0.538752,0.626592,0.97125,-1.88125,-7.595,-49.064003,-1.36,-65.75201,eccentric,4,5.0,29821.0,34087.0,87166.0,86534.0,26772.0,42162.0,38115.0,48527.0,18148.0,14465.0
2026-05-06 16:38:43.259316,957832,1609507786621979,5386534128,0.815936,0.423584,0.685152,3.98125,-2.695,-9.35375,-49.160004,-3.88,-64.75201,eccentric,4,5.0,29821.0,34087.0,87166.0,86534.0,26772.0,42162.0,38115.0,48527.0,18148.0,14465.0
2026-05-06 16:38:43.261782,957833,1609507786636610,5386549146,0.815936,0.423584,0.685152,5.53,-3.73625,-7.56,-49.160004,-3.88,-64.75201,eccentric,4,5.0,29821.0,34087.0,87166.0,86534.0,26772.0,42162.0,38115.0,48527.0,18148.0,14465.0
2026-05-06 16:38:43.264356,957834,1609507786645564,5386557939,0.77104,0.562176,0.728096,3.78875,-3.955,-3.42125,-48.920002,-3.216,-64.64,eccentric,4,5.0,29821.0,34087.0,87166.0,86534.0,26772.0,42162.0,38115.0,48527.0,18148.0,14465.0
2026-05-06 16:38:43.273049,957835,1609507786660093,5386570852,0.806176,0.484096,0.581696,-1.015,-3.36,-1.98625,-49.272003,-3.152,-65.472,eccentric,4,5.0,29821.0,34087.0,87166.0,86534.0,26772.0,42162.0,38115.0,48527.0,18148.0,14465.0
2026-05-06 16:38:43.282918,957836,1609507786669309,5386581580,0.806176,0.484096,0.581696,-5.04,-2.31,-4.6375,-49.272003,-3.152,-65.472,eccentric,4,5.0,29821.0,34087.0,87166.0,86534.0,26772.0,42162.0,38115.0,48527.0,18148.0,14465.0
2026-05-06 16:38:43.314053,957847,1609507786678871,5386590353,0.806176,0.484096,0.581696,-5.425,-2.23125,-5.285,-49.272003,-3.152,-65.472,eccentric,4,5.0,29910.0,34113.0,87033.0,86420.0,26839.0,42219.0,38059.0,48449.0,18197.0,14502.0
2026-05-06 16:38:43.316509,957848,1609507786693469,5386605461,0.782752,0.476288,0.616832,-1.79375,-3.14125,-3.2025,-48.888,-1.928,-68.44,eccentric,4,5.0,29910.0,34113.0,87033.0,86420.0,26839.0,42219.0,38059.0,48449.0,18197.0,14502.0
2026-05-06 16:38:43.318886,957849,1609507786702415,5386614180,0.763232,0.55632,0.60512,1.6625,-3.43875,-0.72625,-48.384003,-1.768,-66.088005,eccentric,4,5.0,29910.0,34113.0,87033.0,86420.0,26839.0,42219.0,38059.0,48449.0,18197.0,14502.0
2026-05-06 16:38:43.332759,957850,1609507786716911,5386629184,0.763232,0.55632,0.60512,2.24875,-3.99,-1.67125,-48.384003,-1.768,-66.088005,eccentric,4,5.0,29910.0,34113.0,87033.0,86420.0,26839.0,42219.0,38059.0,48449.0,18197.0,14502.0
2026-05-06 16:38:43.339045,957851,1609507786725827,5386637899,0.788608,0.450912,0.685152,-3.03625,-3.185,-4.36625,-49.176003,-2.88,-64.448006,eccentric,4,5.0,29910.0,34113.0,87033.0,86420.0,26839.0,42219.0,38059.0,48449.0,18197.0,14502.0
2026-05-06 16:38:43.347980,957852,1609507786734832,5386646634,0.788608,0.450912,0.685152,-8.0675,-2.23125,-5.24125,-49.176003,-2.88,-64.448006,eccentric,4,5.0,29910.0,34113.0,87033.0,86420.0,26839.0,42219.0,38059.0,48449.0,18197.0,14502.0
2026-05-06 16:38:43.381776,957853,1609507786749353,5386661594,0.769088,0.51728,0.630496,-7.84875,-1.67125,-3.87625,-48.776,-3.304,-66.424,eccentric,4,5.0,29910.0,34113.0,87033.0,86420.0,26839.0,42219.0,38059.0,48449.0,18197.0,14502.0
2026-05-06 16:38:43.384298,957854,1609507786758426,5386670300,0.769088,0.51728,0.630496,-4.445,-0.525,-0.53375,-48.776,-3.304,-66.424,eccentric,4,5.0,29910.0,34113.0,87033.0,86420.0,26839.0,42219.0,38059.0,48449.0,18197.0,14502.0
2026-05-06 16:38:43.386840,957855,1609507786772930,5386685234,0.776896,0.456768,0.56608,-4.06875,0.30625,-1.8375,-48.568,-1.408,-66.336006,eccentric,4,5.0,29910.0,34113.0,87033.0,86420.0,26839.0,42219.0,38059.0,48449.0,18197.0,14502.0
2026-05-06 16:38:43.414247,957866,1609507786782064,5386694266,0.737856,0.44896,0.612928,-8.715,0.595,-2.87875,-48.176003,-2.384,-66.656006,eccentric,4,5.0,29903.0,34137.0,86957.0,86297.0,26865.0,42265.0,38043.0,48414.0,18223.0,14512.0
2026-05-06 16:38:43.416581,957867,1609507786796603,5386709348,0.737856,0.44896,0.612928,-10.78,1.3125,-0.18375,-48.176003,-2.384,-66.656006,eccentric,4,5.0,29903.0,34137.0,86957.0,86297.0,26865.0,42265.0,38043.0,48414.0,18223.0,14512.0
2026-05-06 16:38:43.419194,957868,1609507786805556,5386718084,0.765184,0.511424,0.5856,-7.25375,1.98625,2.2925,-48.344,-2.952,-65.672005,eccentric,4,5.0,29903.0,34137.0,86957.0,86297.0,26865.0,42265.0,38043.0,48414.0,18223.0,14512.0
2026-05-06 16:38:43.427958,957869,1609507786814510,5386726796,0.765184,0.511424,0.5856,-7.88375,2.09125,-0.3675,-48.344,-2.952,-65.672005,eccentric,4,5.0,29903.0,34137.0,86957.0,86297.0,26865.0,42265.0,38043.0,48414.0,18223.0,14512.0
2026-05-06 16:38:43.452864,957870,1609507786829191,5386741776,0.753472,0.394304,0.532896,-9.86125,0.77,-2.0125,-48.056004,-2.128,-66.528,eccentric,4,5.0,29903.0,34137.0,86957.0,86297.0,26865.0,42265.0,38043.0,48414.0,18223.0,14512.0
2026-05-06 16:38:43.455940,957871,1609507786838145,5386750498,0.753472,0.394304,0.532896,-10.17625,-2.94,-1.7675,-48.056004,-2.128,-66.528,eccentric,4,5.0,29903.0,34137.0,86957.0,86297.0,26865.0,42265.0,38043.0,48414.0,18223.0,14512.0
2026-05-06 16:38:43.469657,957872,1609507786852790,5386765397,0.730048,0.417728,0.61488,-10.29,-5.7225,0.1575,-47.976,-1.896,-66.832,eccentric,4,5.0,29903.0,34137.0,86957.0,86297.0,26865.0,42265.0,38043.0,48414.0,18223.0,14512.0
2026-05-06 16:38:43.475954,957873,1609507786861727,5386774140,0.679296,0.44896,0.601216,-10.4825,-7.06125,2.9575,-47.856003,-2.384,-66.312004,eccentric,4,5.0,29903.0,34137.0,86957.0,86297.0,26865.0,42265.0,38043.0,48414.0,18223.0,14512.0
2026-05-06 16:38:43.489621,957874,1609507786876181,5386787052,0.679296,0.44896,0.601216,-11.38375,-7.0525,2.45,-47.856003,-2.384,-66.312004,eccentric,4,5.0,29903.0,34137.0,86957.0,86297.0,26865.0,42265.0,38043.0,48414.0,18223.0,14512.0
2026-05-06 16:38:43.519459,957886,1609507786885638,5386797910,0.691008,0.382592,0.550464,-9.52,-6.3175,1.72375,-47.648003,-2.84,-66.912,eccentric,4,5.0,29973.0,34219.0,87097.0,86120.0,26896.0,42347.0,38118.0,48322.0,18241.0,14549.0
2026-05-06 16:38:43.521997,957887,1609507786894638,5386806675,0.691008,0.382592,0.550464,-8.40875,-7.2975,-0.3675,-47.648003,-2.84,-66.912,eccentric,4,5.0,29973.0,34219.0,87097.0,86120.0,26896.0,42347.0,38118.0,48322.0,18241.0,14549.0
2026-05-06 16:38:43.524010,957888,1609507786909313,5386821643,0.69296,0.35136,0.52704,-9.09125,-7.2975,-0.35875,-47.208004,-6.032,-64.920006,eccentric,4,5.0,29973.0,34219.0,87097.0,86120.0,26896.0,42347.0,38118.0,48322.0,18241.0,14549.0
2026-05-06 16:38:43.549477,957889,1609507786918315,5386830403,0.69296,0.35136,0.52704,-10.33375,-7.9975,-0.06125,-47.208004,-6.032,-64.920006,eccentric,4,5.0,29973.0,34219.0,87097.0,86120.0,26896.0,42347.0,38118.0,48322.0,18241.0,14549.0
2026-05-06 16:38:43.574624,957890,1609507786932843,5386845350,0.655872,0.38064,0.532896,-11.515,-7.7,1.12875,-47.208004,-2.664,-67.744,eccentric,4,5.0,29973.0,34219.0,87097.0,86120.0,26896.0,42347.0,38118.0,48322.0,18241.0,14549.0
2026-05-06 16:38:43.577142,957891,1609507786941746,5386854060,0.6344,0.359168,0.50752,-10.6225,-7.28,1.21625,-45.160004,-2.496,-68.01601,eccentric,4,5.0,29973.0,34219.0,87097.0,86120.0,26896.0,42347.0,38118.0,48322.0,18241.0,14549.0
2026-05-06 16:38:43.579651,957892,1609507786950678,5386862768,0.6344,0.359168,0.50752,-9.80875,-6.5275,0.07,-47.048,-2.496,-68.01601,eccentric,4,5.0,29973.0,34219.0,87097.0,86120.0,26896.0,42347.0,38118.0,48322.0,18241.0,14549.0
2026-05-06 16:38:43.607005,957893,1609507786965233,5386877696,0.618784,0.329888,0.472384,-7.3325,-5.97625,-0.98875,-46.768,-2.472,-67.832,eccentric,4,5.0,29973.0,34219.0,87097.0,86120.0,26896.0,42347.0,38118.0,48322.0,18241.0,14549.0
2026-05-06 16:38:43.617792,957894,1609507786974197,5386886441,0.618784,0.329888,0.472384,-5.50375,-5.075,-1.35625,-46.768,-2.472,-67.832,eccentric,4,5.0,29973.0,34219.0,87097.0,86120.0,26896.0,42347.0,38118.0,48322.0,18241.0,14549.0
2026-05-06 16:38:43.645918,957905,1609507786988833,5386901463,0.6344,0.329888,0.466528,-4.96125,-5.2675,-1.505,-46.496002,-3.488,-67.64001,eccentric,4,5.0,30029.0,34258.0,87131.0,85797.0,26954.0,42389.0,38112.0,48152.0,18291.0,14564.0
2026-05-06 16:38:43.648379,957906,1609507786997844,5386910214,0.6344,0.329888,0.466528,-6.65,-4.8125,-1.295,-46.496002,-3.488,-67.64001,eccentric,4,5.0,30029.0,34258.0,87131.0,85797.0,26954.0,42389.0,38112.0,48152.0,18291.0,14564.0
2026-05-06 16:38:43.650961,957907,1609507787006904,5386918915,0.587552,0.316224,0.482144,-6.53625,-5.15375,-1.46125,-46.336002,-4.072,-68.392006,eccentric,4,5.0,30029.0,34258.0,87131.0,85797.0,26954.0,42389.0,38112.0,48152.0,18291.0,14564.0
2026-05-06 16:38:43.653116,957908,1609507787021420,5386933936,0.587552,0.316224,0.482144,-4.1825,-4.97,-0.28875,-46.336002,-4.072,-68.392006,eccentric,4,5.0,30029.0,34258.0,87131.0,85797.0,26954.0,42389.0,38112.0,48152.0,18291.0,14564.0
2026-05-06 16:38:43.655935,957909,1609507787030463,5386942695,0.577792,0.355264,0.47824,-0.4725,-4.50625,-0.21875,-45.960003,-4.384,-66.96001,eccentric,4,5.0,30029.0,34258.0,87131.0,85797.0,26954.0,42389.0,38112.0,48152.0,18291.0,14564.0
2026-05-06 16:38:43.662114,957910,1609507787045044,5386957712,0.558272,0.349408,0.45872,-0.67375,-3.56125,-2.275,-46.312004,-4.8,-65.784004,eccentric,4,5.0,30029.0,34258.0,87131.0,85797.0,26954.0,42389.0,38112.0,48152.0,18291.0,14564.0
2026-05-06 16:38:43.668398,957911,1609507787053957,5386966451,0.558272,0.349408,0.45872,-3.2725,-1.715,-3.395,-46.312004,-4.8,-65.784004,eccentric,4,5.0,30029.0,34258.0,87131.0,85797.0,26954.0,42389.0,38112.0,48152.0,18291.0,14564.0
2026-05-06 16:38:43.683996,957912,1609507787068468,5386979420,0.583648,0.290848,0.44896,-4.4975,-0.945,-5.38125,-46.272003,-7.000001,-66.008,eccentric,4,5.0,30029.0,34258.0,87131.0,85797.0,26954.0,42389.0,38112.0,48152.0,18291.0,14564.0
2026-05-06 16:38:43.722895,957923,1609507787078028,5386990188,0.583648,0.290848,0.44896,-3.68375,-0.4725,-5.94125,-46.272003,-7.000001,-66.008,eccentric,4,5.0,30097.0,34314.0,87248.0,85603.0,27010.0,42451.0,38171.0,48052.0,18319.0,14579.0
2026-05-06 16:38:43.725566,957924,1609507787087110,5386998932,0.579744,0.296704,0.452864,-2.16125,-0.455,-5.45125,-46.216003,-3.672,-68.32,eccentric,4,5.0,30097.0,34314.0,87248.0,85603.0,27010.0,42451.0,38171.0,48052.0,18319.0,14579.0
2026-05-06 16:38:43.728012,957925,1609507787101657,5387013948,0.579744,0.296704,0.452864,0.67375,-0.84875,-3.01875,-46.216003,-3.672,-68.32,eccentric,4,5.0,30097.0,34314.0,87248.0,85603.0,27010.0,42451.0,38171.0,48052.0,18319.0,14579.0
2026-05-06 16:38:43.730599,957926,1609507787110630,5387022695,0.54656,0.345504,0.462624,0.55125,-1.295,-1.89875,-46.248,-6.376,-66.848,eccentric,4,5.0,30097.0,34314.0,87248.0,85603.0,27010.0,42451.0,38171.0,48052.0,18319.0,14579.0
2026-05-06 16:38:43.739280,957927,1609507787125178,5387037761,0.568032,0.28304,0.443104,-2.79125,-0.8575,-2.75625,-46.072002,-4.928001,-67.592,eccentric,4,5.0,30097.0,34314.0,87248.0,85603.0,27010.0,42451.0,38171.0,48052.0,18319.0,14579.0
2026-05-06 16:38:43.749373,957928,1609507787134185,5387046559,0.568032,0.28304,0.443104,-7.04375,0.6475,-3.98125,-46.072002,-4.928001,-67.592,eccentric,4,5.0,30097.0,34314.0,87248.0,85603.0,27010.0,42451.0,38171.0,48052.0,18319.0,14579.0
2026-05-06 16:38:43.755625,957929,1609507787143178,5387055333,0.57584,0.240096,0.413824,-7.9625,1.12,-2.3625,-46.072002,-4.6,-67.056,eccentric,4,5.0,30097.0,34314.0,87248.0,85603.0,27010.0,42451.0,38171.0,48052.0,18319.0,14579.0
2026-05-06 16:38:43.777934,957930,1609507787157786,5387070284,0.57584,0.240096,0.413824,-6.09875,0.77875,0.35875,-46.168003,-4.6,-67.056,eccentric,4,5.0,30097.0,34314.0,87248.0,85603.0,27010.0,42451.0,38171.0,48052.0,18319.0,14579.0
2026-05-06 16:38:43.780315,957931,1609507787166695,5387078989,0.550464,0.296704,0.404064,-3.045,0.14,4.8825,-45.856003,-3.176,-69.01601,eccentric,4,5.0,30097.0,34314.0,87248.0,85603.0,27010.0,42451.0,38171.0,48052.0,18319.0,14579.0
2026-05-06 16:38:43.821799,957942,1609507787181872,5387094118,0.550464,0.296704,0.404064,-4.2875,-0.8225,8.32125,-45.856003,-3.176,-69.01601,eccentric,4,5.0,30219.0,34473.0,87267.0,85335.0,27163.0,42578.0,38193.0,47902.0,18426.0,14642.0
2026-05-06 16:38:43.824341,957943,1609507787190906,5387102938,0.521184,0.310368,0.417728,-7.76125,-2.205,9.45,-45.68,-3.248,-69.032005,eccentric,4,5.0,30219.0,34473.0,87267.0,85335.0,27163.0,42578.0,38193.0,47902.0,18426.0,14642.0
2026-05-06 16:38:43.826848,957944,1609507787200187,5387111701,0.521184,0.310368,0.417728,-11.12125,-2.12625,9.6425,-45.68,-3.248,-69.032005,eccentric,4,5.0,30219.0,34473.0,87267.0,85335.0,27163.0,42578.0,38193.0,47902.0,18426.0,14642.0
2026-05-06 16:38:43.829365,957945,1609507787214708,5387126645,0.5368,0.257664,0.40016,-12.38125,-1.96875,11.36625,-45.384003,-4.368,-67.112,eccentric,4,5.0,30219.0,34473.0,87267.0,85335.0,27163.0,42578.0,38193.0,47902.0,18426.0,14642.0
2026-05-06 16:38:43.838137,957946,1609507787223657,5387135334,0.54656,0.244,0.437248,-12.635,-1.33,11.6725,-45.384003,-4.368,-68.448006,eccentric,4,5.0,30219.0,34473.0,87267.0,85335.0,27163.0,42578.0,38193.0,47902.0,18426.0,14642.0
2026-05-06 16:38:43.851867,957947,1609507787238197,5387150360,0.54656,0.244,0.437248,-10.21125,-0.37625,15.47,-45.944004,-5.048,-68.448006,eccentric,4,5.0,30219.0,34473.0,87267.0,85335.0,27163.0,42578.0,38193.0,47902.0,18426.0,14642.0
2026-05-06 16:38:43.860631,957948,1609507787247267,5387159062,0.5368,0.279136,0.411872,-9.8875,0.00875,20.15125,-45.392002,-1.912,-68.816,eccentric,4,5.0,30219.0,34473.0,87267.0,85335.0,27163.0,42578.0,38193.0,47902.0,18426.0,14642.0
2026-05-06 16:38:43.872104,957949,1609507787256178,5387167754,0.5368,0.279136,0.411872,-12.95,1.60125,22.19875,-45.392002,-1.912,-68.816,eccentric,4,5.0,30219.0,34473.0,87267.0,85335.0,27163.0,42578.0,38193.0,47902.0,18426.0,14642.0
2026-05-06 16:38:43.908027,957950,1609507787270687,5387182650,0.51728,0.36112,0.376736,-16.2225,2.07375,22.23375,-45.288002,-3.256,-67.96001,eccentric,4,5.0,30219.0,34473.0,87267.0,85335.0,27163.0,42578.0,38193.0,47902.0,18426.0,14642.0
2026-05-06 16:38:43.977039,957961,1609507787279669,5387191410,0.51728,0.36112,0.376736,-14.665,2.9225,23.38,-45.288002,-3.256,-67.96001,eccentric,4,5.0,30305.0,34486.0,87363.0,85237.0,27196.0,42664.0,38248.0,47862.0,18457.0,14686.0
2026-05-06 16:38:43.979579,957962,1609507787294206,5387206506,0.56608,0.335744,0.415776,-14.14875,2.31875,19.92375,-44.960003,-1.768,-68.54401,eccentric,4,5.0,30305.0,34486.0,87363.0,85237.0,27196.0,42664.0,38248.0,47862.0,18457.0,14686.0
2026-05-06 16:38:43.982055,957963,1609507787303155,5387215218,0.56608,0.335744,0.415776,-16.79125,1.435,15.9075,-44.960003,-1.768,-68.54401,eccentric,4,5.0,30305.0,34486.0,87363.0,85237.0,27196.0,42664.0,38248.0,47862.0,18457.0,14686.0
2026-05-06 16:38:43.984543,957964,1609507787317634,5387230166,0.57584,0.251808,0.431392,-18.27,0.23625,15.46125,-44.904003,-1.4,-69.864006,eccentric,4,5.0,30305.0,34486.0,87363.0,85237.0,27196.0,42664.0,38248.0,47862.0,18457.0,14686.0
2026-05-06 16:38:43.987138,957965,1609507787326528,5387238979,0.562176,0.368928,0.450912,-17.21125,-0.4025,17.395,-44.440002,-0.496,-69.128006,eccentric,4,5.0,30305.0,34486.0,87363.0,85237.0,27196.0,42664.0,38248.0,47862.0,18457.0,14686.0
2026-05-06 16:38:43.989220,957966,1609507787335468,5387247686,0.562176,0.368928,0.450912,-14.16625,0.1225,19.13625,-44.440002,-0.496,-69.128006,eccentric,4,5.0,30305.0,34486.0,87363.0,85237.0,27196.0,42664.0,38248.0,47862.0,18457.0,14686.0
2026-05-06 16:38:43.992148,957967,1609507787350041,5387262606,0.587552,0.357216,0.476288,-15.32125,0.2975,15.79375,-44.72,-0.408,-69.104004,eccentric,4,5.0,30305.0,34486.0,87363.0,85237.0,27196.0,42664.0,38248.0,47862.0,18457.0,14686.0
2026-05-06 16:38:43.994616,957968,1609507787359105,5387271403,0.587552,0.357216,0.476288,-18.48,0.2275,11.8125,-44.72,-0.408,-69.104004,eccentric,4,5.0,30305.0,34486.0,87363.0,85237.0,27196.0,42664.0,38248.0,47862.0,18457.0,14686.0
2026-05-06 16:38:43.997149,957969,1609507787373680,5387286432,0.616832,0.294752,0.470432,-19.48625,-0.11375,8.46125,-44.456,-0.256,-69.064,eccentric,4,5.0,30305.0,34486.0,87363.0,85237.0,27196.0,42664.0,38248.0,47862.0,18457.0,14686.0
2026-05-06 16:38:44.024634,957980,1609507787383127,5387295187,0.616832,0.294752,0.470432,-17.6225,-0.32375,6.895,-44.456,-0.256,-69.064,eccentric,4,5.0,30190.0,34490.0,87697.0,85339.0,27117.0,42658.0,38412.0,47940.0,18386.0,14669.0
2026-05-06 16:38:44.027143,957981,1609507787392169,5387303998,0.636352,0.308416,0.532896,-13.9475,-0.48125,7.48125,-44.800003,-0.84,-67.68,eccentric,4,5.0,30190.0,34490.0,87697.0,85339.0,27117.0,42658.0,38412.0,47940.0,18386.0,14669.0
2026-05-06 16:38:44.029614,957982,1609507787406699,5387318954,0.628544,0.335744,0.525088,-11.865,0.20125,7.84,-44.768,-0.408,-68.248,eccentric,4,5.0,30190.0,34490.0,87697.0,85339.0,27117.0,42658.0,38412.0,47940.0,18386.0,14669.0
2026-05-06 16:38:44.032213,957983,1609507787415586,5387327651,0.628544,0.335744,0.525088,-11.5675,0.8925,5.5825,-44.768,-0.408,-68.248,eccentric,4,5.0,30190.0,34490.0,87697.0,85339.0,27117.0,42658.0,38412.0,47940.0,18386.0,14669.0
2026-05-06 16:38:44.045942,957984,1609507787430365,5387342603,0.642208,0.296704,0.521184,-13.79,0.8925,1.96,-44.528004,0.176,-69.368004,eccentric,4,5.0,30190.0,34490.0,87697.0,85339.0,27117.0,42658.0,38412.0,47940.0,18386.0,14669.0
2026-05-06 16:38:44.055014,957985,1609507787439419,5387351434,0.642208,0.296704,0.521184,-13.3525,0.97125,0.91,-44.528004,0.176,-69.368004,eccentric,4,5.0,30190.0,34490.0,87697.0,85339.0,27117.0,42658.0,38412.0,47940.0,18386.0,14669.0
2026-05-06 16:38:44.061872,957986,1609507787448533,5387360309,0.706624,0.238144,0.511424,-11.9525,0.6825,-0.11375,-44.688004,0.024,-69.352005,eccentric,4,5.0,30190.0,34490.0,87697.0,85339.0,27117.0,42658.0,38412.0,47940.0,18386.0,14669.0
2026-05-06 16:38:44.078258,957987,1609507787463022,5387375240,0.706624,0.238144,0.511424,-10.535,0.7175,0.86625,-44.688004,0.024,-69.352005,eccentric,4,5.0,30190.0,34490.0,87697.0,85339.0,27117.0,42658.0,38412.0,47940.0,18386.0,14669.0
2026-05-06 16:38:44.087009,957988,1609507787471952,5387383955,0.655872,0.286944,0.519232,-9.5725,0.97125,2.84375,-44.52,0.08,-69.264,eccentric,4,5.0,30190.0,34490.0,87697.0,85339.0,27117.0,42658.0,38412.0,47940.0,18386.0,14669.0
2026-05-06 16:38:44.120969,957999,1609507787486647,5387398964,0.675392,0.298656,0.530944,-6.93,0.51625,3.9375,-44.304,0.064,-69.01601,eccentric,4,5.0,30125.0,34485.0,88188.0,85447.0,27074.0,42676.0,38691.0,48042.0,18308.0,14654.0
2026-05-06 16:38:44.123397,958000,1609507787495694,5387407719,0.675392,0.298656,0.530944,-4.1475,0.18375,2.51125,-44.304,0.064,-69.01601,eccentric,4,5.0,30125.0,34485.0,88188.0,85447.0,27074.0,42676.0,38691.0,48042.0,18308.0,14654.0
2026-05-06 16:38:44.125959,958001,1609507787510320,5387422812,0.710528,0.240096,0.55632,-1.96,-0.805,1.33875,-44.616,-1.984,-68.96001,eccentric,4,5.0,30125.0,34485.0,88188.0,85447.0,27074.0,42676.0,38691.0,48042.0,18308.0,14654.0
2026-05-06 16:38:44.132945,958002,1609507787519340,5387431524,0.710528,0.240096,0.55632,-1.40875,-1.505,0.315,-44.616,-1.984,-68.96001,eccentric,4,5.0,30125.0,34485.0,88188.0,85447.0,27074.0,42676.0,38691.0,48042.0,18308.0,14654.0
2026-05-06 16:38:44.142156,958003,1609507787528402,5387440250,0.685152,0.296704,0.569984,-0.6125,-2.68625,0.32375,-44.384003,0.52,-69.36,eccentric,4,5.0,30125.0,34485.0,88188.0,85447.0,27074.0,42676.0,38691.0,48042.0,18308.0,14654.0
2026-05-06 16:38:44.158321,958004,1609507787542918,5387455158,0.685152,0.296704,0.569984,0.6825,-2.94,2.24875,-44.384003,0.52,-69.36,eccentric,4,5.0,30125.0,34485.0,88188.0,85447.0,27074.0,42676.0,38691.0,48042.0,18308.0,14654.0
2026-05-06 16:38:44.164490,958005,1609507787551834,5387463982,0.694912,0.281088,0.51728,2.05625,-3.185,1.155,-44.320004,-0.152,-69.248,eccentric,4,5.0,30125.0,34485.0,88188.0,85447.0,27074.0,42676.0,38691.0,48042.0,18308.0,14654.0
2026-05-06 16:38:44.188332,958006,1609507787566353,5387478925,0.669536,0.259616,0.54656,2.8525,-3.12375,-1.47,-44.320004,0.536,-70.192,eccentric,4,5.0,30125.0,34485.0,88188.0,85447.0,27074.0,42676.0,38691.0,48042.0,18308.0,14654.0
2026-05-06 16:38:44.190865,958007,1609507787575280,5387487619,0.669536,0.259616,0.54656,4.31375,-3.29875,-1.9075,-44.256,0.536,-70.192,eccentric,4,5.0,30125.0,34485.0,88188.0,85447.0,27074.0,42676.0,38691.0,48042.0,18308.0,14654.0
2026-05-06 16:38:44.246686,958018,1609507787584633,5387496505,0.669536,0.259616,0.54656,6.1075,-4.0425,-0.79625,-44.256,0.536,-70.192,eccentric,4,5.0,30265.0,34581.0,88179.0,85691.0,27193.0,42757.0,38672.0,48129.0,18434.0,14727.0
2026-05-06 16:38:44.249412,958019,1609507787599432,5387511474,0.677344,0.327936,0.530944,6.90375,-4.22625,0.11375,-44.104004,0.104,-71.128006,eccentric,4,5.0,30265.0,34581.0,88179.0,85691.0,27193.0,42757.0,38672.0,48129.0,18434.0,14727.0
2026-05-06 16:38:44.254689,958020,1609507787608539,5387520232,0.640256,0.318176,0.50752,4.76,-3.71875,-2.24,-44.704002,-1.656,-68.296005,eccentric,4,5.0,30265.0,34581.0,88179.0,85691.0,27193.0,42757.0,38672.0,48129.0,18434.0,14727.0
2026-05-06 16:38:44.254772,958021,1609507787623026,5387535154,0.640256,0.318176,0.50752,4.1125,-2.7475,-3.535,-44.704002,-1.656,-68.296005,eccentric,4,5.0,30265.0,34581.0,88179.0,85691.0,27193.0,42757.0,38672.0,48129.0,18434.0,14727.0
2026-05-06 16:38:44.256400,958022,1609507787631946,5387543890,0.661728,0.277184,0.513376,4.1125,-1.51375,-4.3575,-44.272003,0.168,-69.408005,eccentric,4,5.0,30265.0,34581.0,88179.0,85691.0,27193.0,42757.0,38672.0,48129.0,18434.0,14727.0
2026-05-06 16:38:44.259504,958023,1609507787640986,5387552713,0.661728,0.277184,0.513376,1.53125,-0.21875,-6.6675,-44.272003,0.168,-69.408005,eccentric,4,5.0,30265.0,34581.0,88179.0,85691.0,27193.0,42757.0,38672.0,48129.0,18434.0,14727.0
2026-05-06 16:38:44.284062,958024,1609507787655495,5387567672,0.6832,0.2928,0.523136,2.00375,0.62125,-6.25625,-44.472004,-1.496,-67.864006,eccentric,4,5.0,30265.0,34581.0,88179.0,85691.0,27193.0,42757.0,38672.0,48129.0,18434.0,14727.0
2026-05-06 16:38:44.309664,958025,1609507787664444,5387576360,0.6832,0.2928,0.523136,5.03125,0.6825,-4.305,-44.472004,-1.496,-67.864006,eccentric,4,5.0,30265.0,34581.0,88179.0,85691.0,27193.0,42757.0,38672.0,48129.0,18434.0,14727.0
2026-05-06 16:38:44.323377,958026,1609507787678980,5387591321,0.657824,0.363072,0.552416,4.66375,0.28,-4.445,-44.536003,0.424,-69.184006,eccentric,4,5.0,30265.0,34581.0,88179.0,85691.0,27193.0,42757.0,38672.0,48129.0,18434.0,14727.0
2026-05-06 16:38:44.350313,958037,1609507787688058,5387600181,0.659776,0.267424,0.501664,0.1925,1.715,-6.20375,-44.456,-0.536,-67.22401,eccentric,4,5.0,30348.0,34620.0,88030.0,85647.0,27262.0,42837.0,38598.0,48077.0,18483.0,14737.0
2026-05-06 16:38:44.353198,958038,1609507787702595,5387615135,0.659776,0.267424,0.501664,-3.63125,2.065,-8.54875,-44.456,-0.536,-67.22401,eccentric,4,5.0,30348.0,34620.0,88030.0,85647.0,27262.0,42837.0,38598.0,48077.0,18483.0,14737.0
2026-05-06 16:38:44.355813,958039,1609507787711578,5387623842,0.6832,0.294752,0.521184,-2.42375,2.14375,-7.945,-44.424004,-0.272,-69.28001,eccentric,4,5.0,30348.0,34620.0,88030.0,85647.0,27262.0,42837.0,38598.0,48077.0,18483.0,14737.0
2026-05-06 16:38:44.357936,958040,1609507787720606,5387632651,0.6832,0.294752,0.521184,-1.54,1.81125,-5.67875,-44.424004,-0.272,-69.28001,eccentric,4,5.0,30348.0,34620.0,88030.0,85647.0,27262.0,42837.0,38598.0,48077.0,18483.0,14737.0
2026-05-06 16:38:44.360806,958041,1609507787735114,5387647566,0.671488,0.320128,0.530944,-3.99875,0.81375,-6.055,-44.576,-3.104,-67.288,eccentric,4,5.0,30348.0,34620.0,88030.0,85647.0,27262.0,42837.0,38598.0,48077.0,18483.0,14737.0
2026-05-06 16:38:44.363271,958042,1609507787744076,5387656311,0.671488,0.320128,0.530944,-6.08125,0.42,-5.355,-44.576,-3.104,-67.288,eccentric,4,5.0,30348.0,34620.0,88030.0,85647.0,27262.0,42837.0,38598.0,48077.0,18483.0,14737.0
2026-05-06 16:38:44.376714,958043,1609507787758680,5387671255,0.67344,0.33184,0.521184,-4.375,0.63875,-4.99625,-44.648003,-2.272,-68.16,eccentric,4,5.0,30348.0,34620.0,88030.0,85647.0,27262.0,42837.0,38598.0,48077.0,18483.0,14737.0
2026-05-06 16:38:44.385933,958044,1609507787767576,5387679948,0.67344,0.304512,0.548512,-3.71,0.6125,-6.57125,-44.648003,-2.272,-68.16,eccentric,4,5.0,30348.0,34620.0,88030.0,85647.0,27262.0,42837.0,38598.0,48077.0,18483.0,14737.0
2026-05-06 16:38:44.392114,958045,1609507787776654,5387688706,0.669536,0.304512,0.548512,-4.24375,0.91,-7.30625,-44.424004,0.288,-69.216,eccentric,4,5.0,30348.0,34620.0,88030.0,85647.0,27262.0,42837.0,38598.0,48077.0,18483.0,14737.0
2026-05-06 16:38:44.420922,958056,1609507787791316,5387703792,0.698816,0.281088,0.569984,-0.84,1.35625,-5.64375,-44.456,-1.16,-68.064,eccentric,4,5.0,30259.0,34554.0,87985.0,85644.0,27218.0,42761.0,38560.0,48115.0,18469.0,14725.0
2026-05-06 16:38:44.423385,958057,1609507787800367,5387712549,0.698816,0.281088,0.569984,-1.2775,1.12,-6.01125,-44.456,-1.16,-68.064,eccentric,4,5.0,30259.0,34554.0,87985.0,85644.0,27218.0,42761.0,38560.0,48115.0,18469.0,14725.0
2026-05-06 16:38:44.429675,958058,1609507787814909,5387727604,0.677344,0.281088,0.530944,-4.165,1.67125,-4.725,-44.592003,-1.792,-67.864006,eccentric,4,5.0,30259.0,34554.0,87985.0,85644.0,27218.0,42761.0,38560.0,48115.0,18469.0,14725.0
2026-05-06 16:38:44.438233,958059,1609507787823840,5387736341,0.677344,0.281088,0.530944,-5.0575,1.70625,-3.01875,-44.592003,-1.792,-67.864006,eccentric,4,5.0,30259.0,34554.0,87985.0,85644.0,27218.0,42761.0,38560.0,48115.0,18469.0,14725.0
2026-05-06 16:38:44.451974,958060,1609507787838313,5387749223,0.675392,0.3416,0.51728,-4.585,2.1175,-2.4325,-44.2,-0.024,-69.128006,eccentric,4,5.0,30259.0,34554.0,87985.0,85644.0,27218.0,42761.0,38560.0,48115.0,18469.0,14725.0
2026-05-06 16:38:44.465813,958061,1609507787847667,5387759986,0.675392,0.3416,0.51728,-5.08375,3.045,-4.69875,-44.2,-0.024,-69.128006,eccentric,4,5.0,30259.0,34554.0,87985.0,85644.0,27218.0,42761.0,38560.0,48115.0,18469.0,14725.0
2026-05-06 16:38:44.469476,958062,1609507787856613,5387768842,0.679296,0.284992,0.532896,-4.9175,3.78,-6.755,-44.592003,-0.136,-69.384,eccentric,4,5.0,30259.0,34554.0,87985.0,85644.0,27218.0,42761.0,38560.0,48115.0,18469.0,14725.0
2026-05-06 16:38:44.493381,958063,1609507787871258,5387783899,0.694912,0.26352,0.558272,-4.64625,3.955,-7.8575,-44.752003,-0.288,-69.184006,eccentric,4,5.0,30259.0,34554.0,87985.0,85644.0,27218.0,42761.0,38560.0,48115.0,18469.0,14725.0
2026-05-06 16:38:44.495911,958064,1609507787880357,5387792597,0.694912,0.26352,0.558272,-3.36,3.78,-7.665,-44.752003,-0.288,-69.184006,eccentric,4,5.0,30259.0,34554.0,87985.0,85644.0,27218.0,42761.0,38560.0,48115.0,18469.0,14725.0
2026-05-06 16:38:44.526059,958075,1609507787894966,5387807554,0.687104,0.32208,0.532896,-2.9575,3.08,-5.90625,-44.640003,-1.056,-68.96001,eccentric,4,5.0,30006.0,34332.0,88062.0,85503.0,26935.0,42505.0,38599.0,48048.0,18253.0,14605.0
2026-05-06 16:38:44.529509,958076,1609507787903916,5387816366,0.687104,0.32208,0.532896,-3.66625,3.15875,-5.53875,-44.640003,-1.056,-68.96001,eccentric,4,5.0,30006.0,34332.0,88062.0,85503.0,26935.0,42505.0,38599.0,48048.0,18253.0,14605.0
2026-05-06 16:38:44.530358,958077,1609507787912909,5387825220,0.66368,0.2928,0.534848,-4.9875,2.87,-7.06125,-44.584003,-0.488,-68.824005,eccentric,4,5.0,30006.0,34332.0,88062.0,85503.0,26935.0,42505.0,38599.0,48048.0,18253.0,14605.0
2026-05-06 16:38:44.544440,958078,1609507787927405,5387840187,0.66368,0.2928,0.534848,-2.3975,2.38,-7.27125,-44.584003,-0.488,-68.824005,eccentric,4,5.0,30006.0,34332.0,88062.0,85503.0,26935.0,42505.0,38599.0,48048.0,18253.0,14605.0
2026-05-06 16:38:44.550378,958079,1609507787936391,5387848948,0.657824,0.33184,0.542656,-0.35875,1.93375,-6.8775,-44.712,-0.112,-72.352005,eccentric,4,5.0,30006.0,34332.0,88062.0,85503.0,26935.0,42505.0,38599.0,48048.0,18253.0,14605.0
2026-05-06 16:38:44.564513,958080,1609507787950924,5387861811,0.677344,0.30256,0.538752,0.6125,1.12,-7.30625,-44.52,-0.376,-69.208,eccentric,4,5.0,30006.0,34332.0,88062.0,85503.0,26935.0,42505.0,38599.0,48048.0,18253.0,14605.0
2026-05-06 16:38:44.573392,958081,1609507787960271,5387872641,0.677344,0.30256,0.538752,2.0125,1.35625,-7.65625,-44.52,-0.376,-69.208,eccentric,4,5.0,30006.0,34332.0,88062.0,85503.0,26935.0,42505.0,38599.0,48048.0,18253.0,14605.0
2026-05-06 16:38:44.582125,958082,1609507787969360,5387881345,0.661728,0.320128,0.528992,4.92625,2.49375,-5.27625,-44.52,-0.376,-69.208,eccentric,4,5.0,30006.0,34332.0,88062.0,85503.0,26935.0,42505.0,38599.0,48048.0,18253.0,14605.0
