pc_time,serial_num,sensor_ts,host_ts,ax,ay,az,gx,gy,gz,mx,my,mz,phase,rpe,weight_kg,ppg_a,ppg_b,ppg_c,ppg_d,ppg_e
2026-04-14 17:43:38.388194,486822,1609506112071272,3712041304,0.884256,-0.001952,-0.191296,1.11125,8.365,-8.53125,-20.36,-23.576,-7.904,inter_set_rest,3,3.0,60864.0,202678.0,123044.0,203432.0,137065.0
2026-04-14 17:43:38.423209,486833,1609506112085992,3712056291,0.860832,0.06832,-0.105408,1.9075,7.67375,-8.11125,-21.192001,-23.352001,-6.408001,inter_set_rest,3,3.0,57280.0,198190.0,116956.0,198818.0,130633.0
2026-04-14 17:43:38.425603,486834,1609506112094952,3712065019,0.860832,0.06832,-0.105408,1.16375,6.57125,-8.365,-21.192001,-23.352001,-6.408001,inter_set_rest,3,3.0,57280.0,198190.0,116956.0,198818.0,130633.0
2026-04-14 17:43:38.428298,486835,1609506112103955,3712073742,0.94672,0.015616,-0.119072,-2.38,6.74625,-8.23375,-21.032001,-23.352001,-7.416,inter_set_rest,3,3.0,57280.0,198190.0,116956.0,198818.0,130633.0
2026-04-14 17:43:38.435717,486836,1609506112118447,3712088634,0.94672,0.015616,0.07808,-4.83,6.545,-7.805,-21.032001,-23.352001,-7.416,inter_set_rest,3,3.0,57280.0,198190.0,116956.0,198818.0,130633.0
2026-04-14 17:43:38.444546,486837,1609506112127392,3712097304,0.952576,0.031232,0.07808,-4.375,5.76625,-7.46375,-20.256,-23.6,-7.568,inter_set_rest,3,3.0,57280.0,198190.0,116956.0,198818.0,130633.0
2026-04-14 17:43:38.460865,486838,1609506112141870,3712112182,0.938912,0.023424,-0.105408,-1.30375,4.69,-7.035,-20.064001,-23.824001,-8.272,inter_set_rest,3,3.0,57280.0,198190.0,116956.0,198818.0,130633.0
2026-04-14 17:43:38.470457,486839,1609506112150800,3712120882,0.938912,0.023424,-0.105408,0.20125,2.91375,-7.035,-20.064001,-23.824001,-8.272,inter_set_rest,3,3.0,57280.0,198190.0,116956.0,198818.0,130633.0
2026-04-14 17:43:38.480594,486840,1609506112165303,3712133715,0.870592,0.040992,-0.169824,-0.1925,1.96,-7.035,-20.432001,-23.640001,-8.360001,inter_set_rest,3,3.0,57280.0,198190.0,116956.0,198818.0,130633.0
2026-04-14 17:43:38.492140,486841,1609506112174506,3712144456,0.870592,0.040992,-0.169824,-2.03,0.93625,-6.3875,-20.432001,-23.640001,-8.360001,inter_set_rest,3,3.0,57280.0,198190.0,116956.0,198818.0,130633.0
2026-04-14 17:43:38.574489,486852,1609506112183906,3712153309,0.882304,0.025376,-0.138592,-4.13875,-0.5425,-5.4075,-20.152,-23.68,-8.04,inter_set_rest,3,3.0,58643.0,204714.0,119031.0,205212.0,133128.0
2026-04-14 17:43:38.597373,486853,1609506112198471,3712168302,0.882304,0.025376,-0.138592,-3.63125,-1.4875,-4.83,-20.152,-23.68,-8.04,inter_set_rest,3,3.0,58643.0,204714.0,119031.0,205212.0,133128.0
2026-04-14 17:43:38.599943,486854,1609506112207390,3712177028,0.899872,0.05856,-0.083936,-2.59875,-2.73,-3.99875,-22.104002,-23.168001,-6.512,inter_set_rest,3,3.0,58643.0,204714.0,119031.0,205212.0,133128.0
2026-04-14 17:43:38.602077,486855,1609506112221868,3712191887,0.96624,0.042944,-0.076128,-2.415,-3.19375,-3.71,-22.04,-23.248001,-7.32,inter_set_rest,3,3.0,58643.0,204714.0,119031.0,205212.0,133128.0
2026-04-14 17:43:38.604530,486856,1609506112230812,3712200553,0.96624,0.042944,-0.076128,-4.01625,-2.7825,-3.57,-22.04,-23.248001,-7.32,inter_set_rest,3,3.0,58643.0,204714.0,119031.0,205212.0,133128.0
2026-04-14 17:43:38.607039,486857,1609506112245325,3712215406,0.958432,0.074176,0.132736,-4.26125,-2.63375,-3.2725,-20.872002,-23.392,-7.448,inter_set_rest,3,3.0,58643.0,204714.0,119031.0,205212.0,133128.0
2026-04-14 17:43:38.610001,486858,1609506112254247,3712224102,0.958432,0.074176,0.132736,-3.815,-1.46125,-3.605,-20.872002,-23.392,-7.448,inter_set_rest,3,3.0,58643.0,204714.0,119031.0,205212.0,133128.0
2026-04-14 17:43:38.612548,486859,1609506112263159,3712232794,0.938912,0.021472,-0.08784,-2.09125,0.42,-3.63125,-20.984001,-23.264002,-7.112001,inter_set_rest,3,3.0,58643.0,204714.0,119031.0,205212.0,133128.0
2026-04-14 17:43:38.614984,486860,1609506112277626,3712247664,0.938912,0.021472,-0.08784,-1.89875,2.79125,-3.82375,-20.984001,-23.264002,-7.112001,inter_set_rest,3,3.0,58643.0,204714.0,119031.0,205212.0,133128.0
2026-04-14 17:43:38.642578,486871,1609506112286933,3712256353,0.895968,0.025376,-0.134688,-1.47,5.0225,-4.34875,-20.944,-23.416,-6.104,inter_set_rest,3,3.0,62508.0,216301.0,125296.0,215716.0,139950.0
2026-04-14 17:43:38.644996,486872,1609506112301511,3712271292,0.864736,0.066368,-0.062464,0.2975,5.8275,-5.18875,-20.992,-23.528002,-6.944,inter_set_rest,3,3.0,62508.0,216301.0,125296.0,215716.0,139950.0
2026-04-14 17:43:38.653821,486873,1609506112310475,3712280057,0.864736,0.066368,-0.062464,1.58375,5.59125,-5.39,-20.992,-23.528002,-6.944,inter_set_rest,3,3.0,62508.0,216301.0,125296.0,215716.0,139950.0
2026-04-14 17:43:38.654409,486874,1609506112319481,3712288783,0.864736,0.066368,-0.062464,1.9075,5.215,-5.11875,-20.992,-23.528002,-6.944,inter_set_rest,3,3.0,62508.0,216301.0,125296.0,215716.0,139950.0
2026-04-14 17:43:38.657044,486875,1609506112334018,3712303703,0.909632,0.054656,0.105408,2.31875,3.9025,-4.585,-20.872002,-23.696001,-8.408,inter_set_rest,3,3.0,62508.0,216301.0,125296.0,215716.0,139950.0
2026-04-14 17:43:38.664570,486876,1609506112342961,3712312412,0.847168,0.03904,-0.085888,1.98625,2.24,-4.0775,-20.112001,-23.744001,-8.68,inter_set_rest,3,3.0,62508.0,216301.0,125296.0,215716.0,139950.0
2026-04-14 17:43:38.674814,486877,1609506112357488,3712327328,0.847168,0.03904,-0.085888,2.2225,1.42625,-3.045,-20.112001,-23.744001,-8.68,inter_set_rest,3,3.0,62508.0,216301.0,125296.0,215716.0,139950.0
2026-04-14 17:43:38.683208,486878,1609506112366395,3712336030,0.911584,-0.001952,-0.134688,2.03875,0.27125,-2.6425,-20.072,-23.528002,-7.216001,inter_set_rest,3,3.0,62508.0,216301.0,125296.0,215716.0,139950.0
2026-04-14 17:43:38.700372,486879,1609506112380878,3712350906,0.90768,0.044896,-0.07808,3.85,-0.875,-2.1,-20.096,-23.664001,-8.288,inter_set_rest,3,3.0,62508.0,216301.0,125296.0,215716.0,139950.0
2026-04-14 17:43:38.727578,486890,1609506112389947,3712359645,0.90768,0.044896,-0.07808,5.06625,-1.7675,-1.855,-20.096,-23.664001,-8.288,inter_set_rest,3,3.0,62804.0,216141.0,125855.0,215585.0,140550.0
2026-04-14 17:43:38.730005,486891,1609506112398922,3712368341,0.90768,0.044896,-0.07808,5.04875,-2.135,-1.84625,-20.096,-23.664001,-8.288,inter_set_rest,3,3.0,62804.0,216141.0,125855.0,215585.0,140550.0
2026-04-14 17:43:38.734605,486892,1609506112413491,3712383228,0.968192,0.01952,-0.080032,3.4825,-3.19375,-1.39125,-20.12,-23.480001,-7.976,inter_set_rest,3,3.0,62804.0,216141.0,125855.0,215585.0,140550.0
2026-04-14 17:43:38.741246,486893,1609506112422461,3712391926,0.91744,0.044896,0.003904,2.4325,-4.19125,-0.70875,-20.128,-23.264002,-9.6,inter_set_rest,3,3.0,62804.0,216141.0,125855.0,215585.0,140550.0
2026-04-14 17:43:38.756908,486894,1609506112436945,3712406809,0.91744,0.044896,0.003904,2.59,-4.71625,-0.34125,-20.128,-23.264002,-9.6,inter_set_rest,3,3.0,62804.0,216141.0,125855.0,215585.0,140550.0
2026-04-14 17:43:38.763611,486895,1609506112445843,3712415468,0.935008,0.062464,0.085888,2.73,-4.655,0.3675,-20.224,-23.632002,-8.784,inter_set_rest,3,3.0,62804.0,216141.0,125855.0,215585.0,140550.0
2026-04-14 17:43:38.778599,486896,1609506112460323,3712430376,0.935008,0.062464,0.085888,2.28375,-3.38625,-0.25375,-20.224,-23.632002,-8.784,inter_set_rest,3,3.0,62804.0,216141.0,125855.0,215585.0,140550.0
2026-04-14 17:43:38.787402,486897,1609506112469254,3712439051,0.979904,0.031232,0.070272,2.555,-2.8875,0.58625,-20.288,-23.384,-8.584001,inter_set_rest,3,3.0,62804.0,216141.0,125855.0,215585.0,140550.0
2026-04-14 17:43:38.795698,486898,1609506112478186,3712447726,0.979904,0.031232,0.070272,2.14375,-0.30625,2.42375,-20.288,-23.384,-8.584001,inter_set_rest,3,3.0,62804.0,216141.0,125855.0,215585.0,140550.0
2026-04-14 17:43:38.825449,486909,1609506112493132,3712463199,0.862784,0.035136,-0.062464,0.1575,0.53375,1.7675,-21.056002,-23.256,-7.960001,inter_set_rest,3,3.0,64454.0,221754.0,128418.0,220458.0,143273.0
2026-04-14 17:43:38.827996,486910,1609506112502187,3712471914,0.862784,0.027328,-0.099552,0.13125,0.7875,0.14875,-21.36,-23.208,-10.336,inter_set_rest,3,3.0,64454.0,221754.0,128418.0,220458.0,143273.0
2026-04-14 17:43:38.835666,486911,1609506112516702,3712486826,0.862784,0.027328,-0.099552,1.47,1.1025,0.48125,-21.36,-23.208,-10.336,inter_set_rest,3,3.0,64454.0,221754.0,128418.0,220458.0,143273.0
2026-04-14 17:43:38.842326,486912,1609506112525603,3712495502,0.95648,0.050752,0.12688,3.36875,0.9625,0.37625,-20.344002,-23.336,-8.424001,inter_set_rest,3,3.0,64454.0,221754.0,128418.0,220458.0,143273.0
2026-04-14 17:43:38.851898,486913,1609506112534602,3712504201,0.95648,0.050752,0.12688,3.75375,1.05875,-0.525,-20.344002,-23.336,-8.424001,inter_set_rest,3,3.0,64454.0,221754.0,128418.0,220458.0,143273.0
2026-04-14 17:43:38.867093,486914,1609506112549071,3712519111,0.901824,0.05856,0.109312,2.37125,1.40875,-0.525,-21.176,-23.376001,-8.320001,inter_set_rest,3,3.0,64454.0,221754.0,128418.0,220458.0,143273.0
2026-04-14 17:43:38.877100,486915,1609506112557984,3712527820,0.901824,0.05856,0.109312,1.3825,0.49,-1.19875,-21.176,-23.376001,-8.320001,inter_set_rest,3,3.0,64454.0,221754.0,128418.0,220458.0,143273.0
2026-04-14 17:43:38.890958,486916,1609506112572474,3712542703,0.895968,0.02928,0.124928,1.855,-0.0875,-1.015,-20.896002,-22.920002,-7.440001,inter_set_rest,3,3.0,64454.0,221754.0,128418.0,220458.0,143273.0
2026-04-14 17:43:38.915877,486917,1609506112581448,3712551446,0.895968,0.02928,0.060512,3.43,-0.14875,-0.6125,-20.896002,-22.920002,-7.440001,inter_set_rest,3,3.0,64454.0,221754.0,128418.0,220458.0,143273.0
2026-04-14 17:43:38.993432,486928,1609506112596091,3712566342,0.872544,0.060512,0.060512,4.4275,-0.7525,-0.77,-20.352001,-23.272001,-9.584001,inter_set_rest,3,3.0,65402.0,223611.0,129985.0,222063.0,144872.0
2026-04-14 17:43:38.995839,486929,1609506112605004,3712575019,0.909632,0.027328,-0.111264,4.13875,-0.9625,-0.90125,-20.544,-23.296001,-8.712001,inter_set_rest,3,3.0,65402.0,223611.0,129985.0,222063.0,144872.0
2026-04-14 17:43:38.998453,486930,1609506112613931,3712583683,0.909632,0.027328,-0.111264,2.2575,-1.75875,-0.84875,-20.544,-23.296001,-8.712001,inter_set_rest,3,3.0,65402.0,223611.0,129985.0,222063.0,144872.0
2026-04-14 17:43:39.000770,486931,1609506112628400,3712598541,0.970144,0.037088,0.134688,1.015,-2.40625,-0.84,-20.456001,-23.384,-8.752001,inter_set_rest,3,3.0,65402.0,223611.0,129985.0,222063.0,144872.0
2026-04-14 17:43:39.003237,486932,1609506112637408,3712607261,0.970144,0.037088,0.134688,1.33875,-3.115,-0.18375,-20.456001,-23.384,-8.752001,inter_set_rest,3,3.0,65402.0,223611.0,129985.0,222063.0,144872.0
2026-04-14 17:43:39.005879,486933,1609506112651867,3712622143,0.913536,0.033184,-0.044896,0.98,-3.8325,-0.41125,-20.256,-23.728,-8.376,inter_set_rest,3,3.0,65402.0,223611.0,129985.0,222063.0,144872.0
2026-04-14 17:43:39.008472,486934,1609506112660837,3712630830,0.913536,0.033184,-0.044896,0.525,-3.78,-0.1225,-20.256,-23.728,-8.376,inter_set_rest,3,3.0,65402.0,223611.0,129985.0,222063.0,144872.0
2026-04-14 17:43:39.010982,486935,1609506112675372,3712643750,0.9272,0.035136,-0.001952,-0.41125,-3.47375,0.44625,-20.928001,-23.240002,-8.152,inter_set_rest,3,3.0,65402.0,223611.0,129985.0,222063.0,144872.0
2026-04-14 17:43:39.038279,486946,1609506112684690,3712654476,0.933056,0.033184,0.054656,-0.97125,-2.66,-0.09625,-21.28,-23.312,-7.744,inter_set_rest,3,3.0,65311.0,226007.0,129802.0,223903.0,144673.0
2026-04-14 17:43:39.040782,486947,1609506112694092,3712663184,0.933056,0.033184,0.054656,-1.16375,-1.8375,-0.1925,-21.28,-23.312,-7.744,inter_set_rest,3,3.0,65311.0,226007.0,129802.0,223903.0,144673.0
2026-04-14 17:43:39.043281,486948,1609506112708681,3712678121,0.950624,0.00976,-0.00976,-0.91875,-1.26875,0.42,-21.464,-23.096,-7.6,inter_set_rest,3,3.0,65311.0,226007.0,129802.0,223903.0,144673.0
2026-04-14 17:43:39.045704,486949,1609506112717602,3712686798,0.950624,0.00976,-0.00976,-0.9975,-1.04125,-0.02625,-21.464,-23.096,-7.6,inter_set_rest,3,3.0,65311.0,226007.0,129802.0,223903.0,144673.0
2026-04-14 17:43:39.048356,486950,1609506112726551,3712695529,0.901824,-0.001952,-0.122976,-2.19625,-0.4725,-0.35875,-21.592001,-23.016,-7.888001,inter_set_rest,3,3.0,65311.0,226007.0,129802.0,223903.0,144673.0
2026-04-14 17:43:39.058583,486951,1609506112741099,3712710448,0.901824,-0.001952,-0.122976,-2.6075,-0.98875,-0.13125,-21.592001,-23.016,-7.888001,inter_set_rest,3,3.0,65311.0,226007.0,129802.0,223903.0,144673.0
2026-04-14 17:43:39.067107,486952,1609506112750025,3712719135,0.940864,-0.007808,-0.054656,-2.1525,-1.30375,-0.56,-20.6,-23.032001,-8.184,inter_set_rest,3,3.0,65311.0,226007.0,129802.0,223903.0,144673.0
2026-04-14 17:43:39.082487,486953,1609506112764509,3712734015,0.952576,-0.01952,-0.064416,-1.785,-1.4175,-1.09375,-20.992,-23.064001,-7.712,inter_set_rest,3,3.0,65311.0,226007.0,129802.0,223903.0,144673.0
2026-04-14 17:43:39.090004,486954,1609506112773424,3712742693,0.952576,-0.01952,-0.064416,-1.74125,-1.65375,-1.26875,-20.992,-23.064001,-7.712,inter_set_rest,3,3.0,65311.0,226007.0,129802.0,223903.0,144673.0
2026-04-14 17:43:39.126701,486965,1609506112788070,3712757654,0.86864,0.00976,-0.093696,-2.24875,-2.5375,-1.4875,-21.416,-23.528002,-9.024,inter_set_rest,3,3.0,65550.0,226825.0,130124.0,224604.0,145077.0
2026-04-14 17:43:39.128145,486966,1609506112797077,3712766378,0.86864,0.00976,-0.093696,-2.5025,-3.07125,-1.21625,-21.416,-23.528002,-9.024,inter_set_rest,3,3.0,65550.0,226825.0,130124.0,224604.0,145077.0
2026-04-14 17:43:39.131232,486967,1609506112806067,3712775149,0.89792,-0.00976,-0.128832,-2.765,-3.4125,-0.8925,-21.872002,-23.2,-8.016001,inter_set_rest,3,3.0,65550.0,226825.0,130124.0,224604.0,145077.0
2026-04-14 17:43:39.138581,486968,1609506112820555,3712790100,0.89792,-0.00976,-0.128832,-3.94625,-3.675,-0.21,-21.872002,-23.2,-8.016001,inter_set_rest,3,3.0,65550.0,226825.0,130124.0,224604.0,145077.0
2026-04-14 17:43:39.147375,486969,1609506112829490,3712798783,0.905728,-0.013664,-0.15616,-4.76875,-4.165,0.595,-20.488,-23.44,-9.032001,inter_set_rest,3,3.0,65550.0,226825.0,130124.0,224604.0,145077.0
2026-04-14 17:43:39.163661,486970,1609506112843993,3712813698,0.9272,0.001952,-0.060512,-4.94375,-4.935,0.4025,-20.632002,-23.376001,-7.32,inter_set_rest,3,3.0,65550.0,226825.0,130124.0,224604.0,145077.0
2026-04-14 17:43:39.169431,486971,1609506112852957,3712822347,0.9272,0.001952,-0.060512,-4.75125,-5.6,0.77875,-20.632002,-23.376001,-7.32,inter_set_rest,3,3.0,65550.0,226825.0,130124.0,224604.0,145077.0
2026-04-14 17:43:39.185792,486972,1609506112867434,3712837197,0.962336,0.005856,0.011712,-4.99625,-6.1775,0.56875,-21.104,-23.448002,-8.776,inter_set_rest,3,3.0,65550.0,226825.0,130124.0,224604.0,145077.0
2026-04-14 17:43:39.194960,486973,1609506112876337,3712845873,0.962336,0.005856,0.011712,-5.69625,-5.8275,0.02625,-21.104,-23.448002,-8.776,inter_set_rest,3,3.0,65550.0,226825.0,130124.0,224604.0,145077.0
2026-04-14 17:43:39.226948,486984,1609506112885246,3712854883,0.884256,-0.017568,-0.183488,-7.5425,-6.09,0.14,-21.424002,-23.144001,-7.784,inter_set_rest,3,3.0,65078.0,226898.0,129480.0,224416.0,144404.0
2026-04-14 17:43:39.229561,486985,1609506112899769,3712869769,0.884256,-0.017568,-0.183488,-7.595,-6.46625,-0.07875,-21.424002,-23.144001,-7.784,inter_set_rest,3,3.0,65078.0,226898.0,129480.0,224416.0,144404.0
2026-04-14 17:43:39.232546,486986,1609506112908685,3712878490,0.860832,0.023424,-0.111264,-6.44875,-6.02875,-0.1225,-21.632002,-22.848001,-7.688,inter_set_rest,3,3.0,65078.0,226898.0,129480.0,224416.0,144404.0
2026-04-14 17:43:39.242535,486987,1609506112923196,3712893356,0.860832,0.023424,-0.111264,-5.7925,-6.0025,-0.1575,-21.632002,-22.848001,-7.688,inter_set_rest,3,3.0,65078.0,226898.0,129480.0,224416.0,144404.0
2026-04-14 17:43:39.249945,486988,1609506112932135,3712902069,0.938912,0.003904,-0.037088,-6.23,-5.3725,-0.93625,-20.6,-22.960001,-9.432,inter_set_rest,3,3.0,65078.0,226898.0,129480.0,224416.0,144404.0
2026-04-14 17:43:39.284247,486989,1609506112946593,3712914938,0.895968,0.0,-0.083936,-7.875,-4.41,-0.805,-20.704,-23.112001,-7.8,inter_set_rest,3,3.0,65078.0,226898.0,129480.0,224416.0,144404.0
2026-04-14 17:43:39.309449,486990,1609506112955724,3712925673,0.895968,0.0,-0.083936,-8.18125,-3.395,-1.155,-20.704,-23.112001,-7.8,inter_set_rest,3,3.0,65078.0,226898.0,129480.0,224416.0,144404.0
2026-04-14 17:43:39.319304,486991,1609506112964649,3712934338,0.938912,0.013664,0.050752,-6.9825,-2.87,-1.085,-22.432001,-22.416,-8.008,inter_set_rest,3,3.0,65078.0,226898.0,129480.0,224416.0,144404.0
2026-04-14 17:43:39.321918,486992,1609506112979117,3712949230,0.938912,0.013664,0.050752,-6.11625,-2.3625,-1.5575,-22.432001,-22.416,-8.008,inter_set_rest,3,3.0,65078.0,226898.0,129480.0,224416.0,144404.0
2026-04-14 17:43:39.349283,487003,1609506112988229,3712957961,0.86864,0.027328,-0.085888,-6.72,-2.35375,-1.63625,-22.152,-23.632002,-7.888001,inter_set_rest,3,3.0,64410.0,226024.0,128568.0,223502.0,143471.0
2026-04-14 17:43:39.351856,487004,1609506113002859,3712972897,0.86864,0.027328,-0.085888,-7.5075,-1.77625,-1.53125,-22.152,-23.632002,-7.888001,inter_set_rest,3,3.0,64410.0,226024.0,128568.0,223502.0,143471.0
2026-04-14 17:43:39.354310,487005,1609506113011793,3712981574,0.892064,-0.015616,-0.189344,-7.9275,-1.84625,-1.12,-21.416,-23.320002,-8.464001,inter_set_rest,3,3.0,64410.0,226024.0,128568.0,223502.0,143471.0
2026-04-14 17:43:39.356840,487006,1609506113026376,3712996496,0.899872,0.037088,0.052704,-7.7,-2.45875,-1.28625,-21.456001,-22.824001,-7.632,inter_set_rest,3,3.0,64410.0,226024.0,128568.0,223502.0,143471.0
2026-04-14 17:43:39.359263,487007,1609506113035325,3713005254,0.899872,0.037088,0.052704,-6.60625,-2.3275,-1.60125,-21.456001,-22.824001,-7.632,inter_set_rest,3,3.0,64410.0,226024.0,128568.0,223502.0,143471.0
2026-04-14 17:43:39.361875,487008,1609506113044307,3713013948,0.899872,0.037088,-0.103456,-5.6,-2.5725,-1.84625,-21.456001,-22.824001,-7.632,inter_set_rest,3,3.0,64410.0,226024.0,128568.0,223502.0,143471.0
2026-04-14 17:43:39.376993,487009,1609506113058797,3713028829,0.925248,-0.003904,-0.10736,-6.18625,-1.9775,-2.31,-21.512001,-23.088001,-8.952001,inter_set_rest,3,3.0,64410.0,226024.0,128568.0,223502.0,143471.0
2026-04-14 17:43:39.385582,487010,1609506113067721,3713037498,0.894016,0.00976,-0.044896,-6.93875,-1.95125,-1.89875,-21.344002,-23.632002,-8.456,inter_set_rest,3,3.0,64410.0,226024.0,128568.0,223502.0,143471.0
2026-04-14 17:43:39.399314,487011,1609506113082237,3713052388,0.894016,0.00976,-0.044896,-6.51875,-2.52,-1.72375,-21.344002,-23.632002,-8.456,inter_set_rest,3,3.0,64410.0,226024.0,128568.0,223502.0,143471.0
2026-04-14 17:43:39.430475,487022,1609506113091344,3713061111,0.935008,0.013664,0.07808,-5.88875,-2.975,-1.89875,-21.000002,-23.240002,-8.928,inter_set_rest,3,3.0,63759.0,224041.0,127618.0,221774.0,142458.0
2026-04-14 17:43:39.433025,487023,1609506113100295,3713069812,0.935008,0.013664,0.07808,-5.005,-2.7825,-1.7325,-21.000002,-23.240002,-8.928,inter_set_rest,3,3.0,63759.0,224041.0,127618.0,221774.0,142458.0
2026-04-14 17:43:39.435621,487024,1609506113114830,3713084815,0.874496,0.015616,-0.162016,-4.48875,-2.35375,-1.5225,-21.264002,-23.400002,-7.632,inter_set_rest,3,3.0,63759.0,224041.0,127618.0,221774.0,142458.0
2026-04-14 17:43:39.441942,487025,1609506113123801,3713093506,0.874496,0.015616,-0.162016,-5.25,-2.28375,-1.6625,-21.264002,-23.400002,-7.632,inter_set_rest,3,3.0,63759.0,224041.0,127618.0,221774.0,142458.0
2026-04-14 17:43:39.455460,487026,1609506113138286,3713108374,0.874496,0.021472,-0.074176,-5.985,-2.205,-1.925,-21.640001,-23.184002,-3.672,inter_set_rest,3,3.0,63759.0,224041.0,127618.0,221774.0,142458.0
2026-04-14 17:43:39.465570,487027,1609506113147202,3713117039,0.977952,-0.00976,0.074176,-5.7575,-2.6075,-1.82,-22.216002,-23.056002,-7.520001,inter_set_rest,3,3.0,63759.0,224041.0,127618.0,221774.0,142458.0
2026-04-14 17:43:39.478126,487028,1609506113161656,3713131944,0.977952,-0.00976,0.074176,-4.29625,-2.17875,-1.40875,-22.216002,-23.056002,-7.520001,inter_set_rest,3,3.0,63759.0,224041.0,127618.0,221774.0,142458.0
2026-04-14 17:43:39.488242,487029,1609506113170585,3713140644,0.94672,0.023424,0.037088,-2.17,-2.09125,-1.86375,-21.552002,-23.720001,-8.616,inter_set_rest,3,3.0,63759.0,224041.0,127618.0,221774.0,142458.0
2026-04-14 17:43:39.497084,487030,1609506113179504,3713149309,0.94672,0.023424,0.037088,-2.52875,-1.4875,-2.38875,-21.552002,-23.720001,-8.616,inter_set_rest,3,3.0,63759.0,224041.0,127618.0,221774.0,142458.0
2026-04-14 17:43:39.534371,487041,1609506113194063,3713164260,0.905728,0.011712,-0.021472,-4.4625,-1.26875,-2.42375,-20.856,-23.296001,-9.032001,inter_set_rest,3,3.0,63193.0,222809.0,126774.0,220675.0,141529.0
2026-04-14 17:43:39.537560,487042,1609506113203060,3713172973,0.905728,0.011712,-0.021472,-5.67,-1.23375,-2.03,-20.856,-23.296001,-9.032001,inter_set_rest,3,3.0,63193.0,222809.0,126774.0,220675.0,141529.0
2026-04-14 17:43:39.539746,487043,1609506113217531,3713185882,0.935008,-0.017568,-0.095648,-5.34625,-1.2775,-1.44375,-20.864,-23.720001,-8.864,inter_set_rest,3,3.0,63193.0,222809.0,126774.0,220675.0,141529.0
2026-04-14 17:43:39.544773,487044,1609506113226672,3713196638,0.964288,-0.013664,-0.046848,-3.50875,-0.9975,-1.96875,-20.744001,-23.128,-8.096001,inter_set_rest,3,3.0,63193.0,222809.0,126774.0,220675.0,141529.0
2026-04-14 17:43:39.562418,487045,1609506113241173,3713211509,0.964288,-0.013664,-0.046848,-3.2025,-0.30625,-1.925,-20.744001,-23.128,-8.096001,inter_set_rest,3,3.0,63193.0,222809.0,126774.0,220675.0,141529.0
2026-04-14 17:43:39.568034,487046,1609506113250078,3713220264,0.94672,0.0,0.054656,-4.5675,0.4025,-1.91625,-21.52,-23.048,-7.744,inter_set_rest,3,3.0,63193.0,222809.0,126774.0,220675.0,141529.0
2026-04-14 17:43:39.577213,487047,1609506113258984,3713229052,0.94672,0.0,0.054656,-4.50625,0.51625,-1.9775,-21.52,-23.048,-7.744,inter_set_rest,3,3.0,63193.0,222809.0,126774.0,220675.0,141529.0
2026-04-14 17:43:39.589486,487048,1609506113273468,3713241890,0.94672,-0.021472,-0.081984,-3.94625,0.46375,-1.9775,-21.528002,-23.12,-7.384,inter_set_rest,3,3.0,63193.0,222809.0,126774.0,220675.0,141529.0
2026-04-14 17:43:39.620960,487049,1609506113282718,3713252622,0.94672,-0.021472,-0.081984,-1.98625,-0.18375,-2.23125,-21.528002,-23.12,-7.384,inter_set_rest,3,3.0,63193.0,222809.0,126774.0,220675.0,141529.0
2026-04-14 17:43:39.695840,487060,1609506113297667,3713267550,0.944768,-0.003904,-0.101504,-1.1375,-0.3675,-2.56375,-20.736,-23.392,-8.704,inter_set_rest,3,3.0,62442.0,221212.0,125600.0,219215.0,140287.0
2026-04-14 17:43:39.695976,487061,1609506113306567,3713276242,0.944768,-0.044896,-0.132736,-2.975,-0.63875,-2.38875,-20.736,-23.392,-7.272,inter_set_rest,3,3.0,62442.0,221212.0,125600.0,219215.0,140287.0
2026-04-14 17:43:39.698130,487062,1609506113315493,3713284959,0.944768,-0.044896,-0.132736,-4.55875,-0.84,-1.91625,-20.632002,-23.528002,-7.272,inter_set_rest,3,3.0,62442.0,221212.0,125600.0,219215.0,140287.0
2026-04-14 17:43:39.700576,487063,1609506113329977,3713299834,0.944768,-0.001952,0.072224,-3.82375,-1.53125,-1.77625,-20.624,-23.072,-8.696,inter_set_rest,3,3.0,62442.0,221212.0,125600.0,219215.0,140287.0
2026-04-14 17:43:39.703330,487064,1609506113338872,3713308496,0.944768,-0.001952,0.072224,-2.63375,-1.47875,-1.63625,-20.624,-23.072,-8.696,inter_set_rest,3,3.0,62442.0,221212.0,125600.0,219215.0,140287.0
2026-04-14 17:43:39.705732,487065,1609506113353332,3713323365,0.862784,0.017568,-0.140544,-2.16125,-1.65375,-1.4175,-20.768002,-23.320002,-7.184001,inter_set_rest,3,3.0,62442.0,221212.0,125600.0,219215.0,140287.0
2026-04-14 17:43:39.708320,487066,1609506113362261,3713332069,0.862784,0.017568,-0.140544,-2.26625,-1.18125,-1.82875,-20.768002,-23.320002,-7.184001,inter_set_rest,3,3.0,62442.0,221212.0,125600.0,219215.0,140287.0
2026-04-14 17:43:39.710811,487067,1609506113376786,3713346968,0.864736,0.0,-0.177632,-2.91375,-1.19875,-2.61625,-20.76,-23.504002,-8.512,inter_set_rest,3,3.0,62442.0,221212.0,125600.0,219215.0,140287.0
2026-04-14 17:43:39.713359,487068,1609506113386323,3713355715,0.864736,0.0,-0.177632,-3.59625,-1.46125,-2.52875,-20.76,-23.504002,-8.512,inter_set_rest,3,3.0,62442.0,221212.0,125600.0,219215.0,140287.0
2026-04-14 17:43:39.743276,487079,1609506113395317,3713364457,0.9272,-0.005856,-0.042944,-2.59,-1.67125,-2.94,-20.752,-23.416,-8.232,inter_set_rest,3,3.0,62258.0,222198.0,125308.0,219894.0,139983.0
2026-04-14 17:43:39.745961,487080,1609506113409841,3713379473,0.882304,0.0,-0.171776,-1.6975,-1.35625,-2.9225,-20.488,-23.616001,-7.8,inter_set_rest,3,3.0,62258.0,222198.0,125308.0,219894.0,139983.0
2026-04-14 17:43:39.748390,487081,1609506113418754,3713388186,0.882304,0.0,-0.171776,-2.38,-0.5425,-3.045,-20.488,-23.616001,-7.8,inter_set_rest,3,3.0,62258.0,222198.0,125308.0,219894.0,139983.0
2026-04-14 17:43:39.750766,487082,1609506113433271,3713403150,0.890112,-0.001952,-0.119072,-3.4825,-0.42875,-3.08,-21.336,-23.328001,-7.576,inter_set_rest,3,3.0,62258.0,222198.0,125308.0,219894.0,139983.0
2026-04-14 17:43:39.760972,487083,1609506113442227,3713411863,0.890112,-0.001952,-0.119072,-3.4825,-0.21875,-3.00125,-21.336,-23.328001,-7.576,inter_set_rest,3,3.0,62258.0,222198.0,125308.0,219894.0,139983.0
2026-04-14 17:43:39.767288,487084,1609506113451173,3713420594,0.942816,0.021472,0.064416,-1.8725,-0.42875,-2.9925,-21.76,-23.312,-8.552,inter_set_rest,3,3.0,62258.0,222198.0,125308.0,219894.0,139983.0
2026-04-14 17:43:39.783069,487085,1609506113465679,3713435460,0.942816,0.021472,0.064416,-1.33875,-0.245,-3.50875,-21.76,-23.312,-8.552,inter_set_rest,3,3.0,62258.0,222198.0,125308.0,219894.0,139983.0
2026-04-14 17:43:39.792419,487086,1609506113474628,3713444155,0.8784,0.007808,-0.167872,-2.9575,-0.28,-3.64,-20.592001,-23.560001,-8.808001,inter_set_rest,3,3.0,62258.0,222198.0,125308.0,219894.0,139983.0
2026-04-14 17:43:39.837594,487097,1609506113489084,3713459047,0.895968,-0.033184,-0.199104,-4.06875,-0.3325,-3.68375,-20.52,-23.328001,-6.832,inter_set_rest,3,3.0,61803.0,221943.0,124556.0,219537.0,139166.0
2026-04-14 17:43:39.840065,487098,1609506113498662,3713467802,0.895968,-0.033184,-0.199104,-4.94375,-0.2275,-3.78,-20.52,-23.328001,-6.832,inter_set_rest,3,3.0,61803.0,221943.0,124556.0,219537.0,139166.0
2026-04-14 17:43:39.842607,487099,1609506113513188,3713482727,0.860832,0.015616,-0.111264,-3.9025,-0.48125,-3.605,-21.008001,-23.744001,-8.568001,inter_set_rest,3,3.0,61803.0,221943.0,124556.0,219537.0,139166.0
2026-04-14 17:43:39.845077,487100,1609506113522125,3713491427,0.860832,0.015616,-0.111264,-2.68625,-0.86625,-3.35125,-21.008001,-23.744001,-8.568001,inter_set_rest,3,3.0,61803.0,221943.0,124556.0,219537.0,139166.0
2026-04-14 17:43:39.848320,487101,1609506113530997,3713500203,0.909632,0.03904,-0.007808,-1.56625,-0.67375,-3.29875,-20.640001,-23.368002,-8.480001,inter_set_rest,3,3.0,61803.0,221943.0,124556.0,219537.0,139166.0
2026-04-14 17:43:39.862613,487102,1609506113545435,3713515180,0.909632,0.03904,-0.007808,-1.995,-0.3675,-3.29875,-20.640001,-23.368002,-8.480001,inter_set_rest,3,3.0,61803.0,221943.0,124556.0,219537.0,139166.0
2026-04-14 17:43:39.872600,487103,1609506113554364,3713523871,0.952576,-0.005856,0.0,-3.5875,-0.07875,-3.75375,-20.616001,-23.328001,-8.672001,inter_set_rest,3,3.0,61803.0,221943.0,124556.0,219537.0,139166.0
2026-04-14 17:43:39.888270,487104,1609506113568821,3713538754,0.909632,-0.005856,-0.06832,-4.08625,-0.25375,-3.14125,-21.056002,-23.288002,-8.56,inter_set_rest,3,3.0,61803.0,221943.0,124556.0,219537.0,139166.0
2026-04-14 17:43:39.895669,487105,1609506113577706,3713547431,0.909632,-0.005856,-0.06832,-3.7275,-0.91,-2.79125,-21.056002,-23.288002,-8.56,inter_set_rest,3,3.0,61803.0,221943.0,124556.0,219537.0,139166.0
2026-04-14 17:43:39.937424,487116,1609506113592286,3713560697,0.862784,0.021472,-0.115168,-3.0275,-1.1025,-3.22875,-20.656,-23.432001,-8.544001,inter_set_rest,3,3.0,61803.0,221796.0,124560.0,219336.0,139245.0
2026-04-14 17:43:39.939863,487117,1609506113601718,3713571507,0.862784,0.021472,-0.115168,-2.77375,-1.435,-2.94,-20.656,-23.432001,-8.544001,inter_set_rest,3,3.0,61803.0,221796.0,124560.0,219336.0,139245.0
2026-04-14 17:43:39.942057,487118,1609506113610671,3713580275,0.958432,0.0,-0.035136,-2.87875,-1.4175,-2.765,-20.456001,-23.336,-7.624001,inter_set_rest,3,3.0,61803.0,221796.0,124560.0,219336.0,139245.0
2026-04-14 17:43:39.944866,487119,1609506113625170,3713595172,0.958432,0.0,-0.035136,-3.01875,-1.3475,-3.395,-20.456001,-23.336,-7.624001,inter_set_rest,3,3.0,61803.0,221796.0,124560.0,219336.0,139245.0
2026-04-14 17:43:39.952445,487120,1609506113634128,3713603900,0.876448,0.025376,-0.074176,-3.17625,-1.05875,-3.605,-21.048,-23.432001,-7.68,inter_set_rest,3,3.0,61803.0,221796.0,124560.0,219336.0,139245.0
2026-04-14 17:43:39.966474,487121,1609506113648642,3713618854,0.876448,0.015616,-0.072224,-2.77375,-0.7175,-3.78875,-21.048,-23.432001,-9.728001,inter_set_rest,3,3.0,61803.0,221796.0,124560.0,219336.0,139245.0
2026-04-14 17:43:39.974836,487122,1609506113657604,3713627564,0.880352,0.015616,-0.072224,-3.47375,-0.62125,-3.71,-21.28,-23.640001,-8.336,inter_set_rest,3,3.0,61803.0,221796.0,124560.0,219336.0,139245.0
2026-04-14 17:43:39.984442,487123,1609506113666604,3713636254,0.880352,0.015616,-0.072224,-3.7975,-0.525,-3.57875,-21.28,-23.640001,-8.336,inter_set_rest,3,3.0,61803.0,221796.0,124560.0,219336.0,139245.0
2026-04-14 17:43:40.022552,487124,1609506113681065,3713651125,0.94672,0.003904,0.062464,-3.89375,-0.58625,-3.605,-20.464,-23.472002,-8.352,inter_set_rest,3,3.0,61803.0,221796.0,124560.0,219336.0,139245.0
2026-04-14 17:43:40.079847,487135,1609506113689962,3713659767,0.979904,0.011712,0.052704,-2.52875,-0.58625,-3.57,-21.12,-23.192001,-7.336,inter_set_rest,3,3.0,61770.0,222127.0,124528.0,219524.0,139162.0
2026-04-14 17:43:40.082365,487136,1609506113704876,3713674659,0.979904,0.011712,0.052704,-1.61875,-0.77875,-3.80625,-21.12,-23.192001,-7.336,inter_set_rest,3,3.0,61770.0,222127.0,124528.0,219524.0,139162.0
2026-04-14 17:43:40.084585,487137,1609506113713970,3713683374,0.931104,0.0,-0.124928,-1.44375,-0.16625,-4.48875,-22.000002,-22.952002,-6.336,inter_set_rest,3,3.0,61770.0,222127.0,124528.0,219524.0,139162.0
2026-04-14 17:43:40.087181,487138,1609506113722895,3713692090,0.931104,0.0,-0.124928,-3.3775,0.34125,-4.52375,-22.000002,-22.952002,-6.336,inter_set_rest,3,3.0,61770.0,222127.0,124528.0,219524.0,139162.0
2026-04-14 17:43:40.089623,487139,1609506113737378,3713706891,0.964288,-0.023424,-0.033184,-4.76,1.0325,-4.15625,-21.848001,-23.048,-6.520001,inter_set_rest,3,3.0,61770.0,222127.0,124528.0,219524.0,139162.0
2026-04-14 17:43:40.092546,487140,1609506113746334,3713715583,0.964288,-0.023424,-0.033184,-4.19125,1.8725,-4.29625,-21.848001,-23.048,-6.520001,inter_set_rest,3,3.0,61770.0,222127.0,124528.0,219524.0,139162.0
2026-04-14 17:43:40.094960,487141,1609506113760888,3713730474,0.921344,0.033184,0.046848,-3.0275,2.28375,-4.31375,-22.392,-23.216002,-7.400001,inter_set_rest,3,3.0,61770.0,222127.0,124528.0,219524.0,139162.0
2026-04-14 17:43:40.097614,487142,1609506113769829,3713739157,0.974048,0.017568,0.027328,-1.72375,2.065,-4.7075,-22.392,-23.184002,-8.568001,inter_set_rest,3,3.0,61770.0,222127.0,124528.0,219524.0,139162.0
2026-04-14 17:43:40.103206,487143,1609506113784329,3713754131,0.974048,0.017568,0.027328,-2.415,1.925,-4.655,-20.904001,-23.184002,-8.568001,inter_set_rest,3,3.0,61770.0,222127.0,124528.0,219524.0,139162.0
2026-04-14 17:43:40.133834,487154,1609506113793343,3713762954,0.962336,-0.007808,0.007808,-3.26375,1.855,-4.34875,-20.624,-23.464,-8.288,inter_set_rest,3,3.0,62201.0,222680.0,125225.0,220091.0,139962.0
2026-04-14 17:43:40.136244,487155,1609506113802374,3713771690,0.962336,-0.007808,0.007808,-4.0775,1.26,-4.6375,-20.624,-23.464,-8.288,inter_set_rest,3,3.0,62201.0,222680.0,125225.0,220091.0,139962.0
2026-04-14 17:43:40.138774,487156,1609506113816886,3713786684,0.942816,0.00976,0.03904,-3.7625,0.6825,-4.45375,-20.976002,-23.224,-7.456,inter_set_rest,3,3.0,62201.0,222680.0,125225.0,220091.0,139962.0
2026-04-14 17:43:40.149223,487157,1609506113825916,3713795393,0.942816,0.00976,0.03904,-2.7825,0.035,-4.61125,-20.976002,-23.224,-7.456,inter_set_rest,3,3.0,62201.0,222680.0,125225.0,220091.0,139962.0
2026-04-14 17:43:40.160088,487158,1609506113840426,3713810368,0.854976,0.033184,-0.122976,-2.2575,-0.49875,-4.43625,-21.432001,-23.096,-8.312,inter_set_rest,3,3.0,62201.0,222680.0,125225.0,220091.0,139962.0
2026-04-14 17:43:40.167177,487159,1609506113849327,3713819043,0.854976,0.033184,-0.122976,-2.59,-0.70875,-4.1825,-21.432001,-23.096,-8.312,inter_set_rest,3,3.0,62201.0,222680.0,125225.0,220091.0,139962.0
2026-04-14 17:43:40.182443,487160,1609506113863810,3713833929,0.962336,0.003904,0.07808,-3.4125,-1.2775,-3.59625,-20.744001,-23.648,-8.0,inter_set_rest,3,3.0,62201.0,222680.0,125225.0,220091.0,139962.0
2026-04-14 17:43:40.189929,487161,1609506113872720,3713842616,0.974048,-0.001952,0.007808,-2.94,-1.5925,-3.36875,-20.512001,-23.464,-8.312,inter_set_rest,3,3.0,62201.0,222680.0,125225.0,220091.0,139962.0
2026-04-14 17:43:40.206279,487162,1609506113881616,3713851323,0.974048,-0.001952,0.007808,-1.9075,-1.93375,-3.36,-20.512001,-23.464,-8.312,inter_set_rest,3,3.0,62201.0,222680.0,125225.0,220091.0,139962.0
2026-04-14 17:43:40.267176,487173,1609506113896182,3713866484,0.944768,0.040992,0.074176,-1.785,-1.995,-3.43,-20.952002,-23.000002,-6.624001,inter_set_rest,3,3.0,62561.0,223307.0,125816.0,220644.0,140573.0
2026-04-14 17:43:40.269886,487174,1609506113905265,3713875258,0.944768,0.040992,0.074176,-2.59,-2.0825,-3.7275,-20.952002,-23.000002,-6.624001,inter_set_rest,3,3.0,62561.0,223307.0,125816.0,220644.0,140573.0
2026-04-14 17:43:40.272463,487175,1609506113919741,3713888100,0.882304,0.033184,-0.015616,-2.98375,-2.5375,-3.63125,-20.264002,-24.056002,-8.264,inter_set_rest,3,3.0,62561.0,223307.0,125816.0,220644.0,140573.0
2026-04-14 17:43:40.274664,487176,1609506113928872,3713898848,0.882304,0.033184,-0.015616,-3.5,-2.1525,-3.5525,-20.264002,-24.056002,-8.264,inter_set_rest,3,3.0,62561.0,223307.0,125816.0,220644.0,140573.0
2026-04-14 17:43:40.277212,487177,1609506113943321,3713911657,0.976,0.0,0.044896,-2.2925,-2.44125,-3.22875,-20.408,-23.816002,-7.736001,inter_set_rest,3,3.0,62561.0,223307.0,125816.0,220644.0,140573.0
2026-04-14 17:43:40.280000,487178,1609506113952430,3713922381,0.954528,0.015616,-0.083936,-1.04125,-1.82875,-3.52625,-20.432001,-23.656002,-8.864,inter_set_rest,3,3.0,62561.0,223307.0,125816.0,220644.0,140573.0
2026-04-14 17:43:40.282556,487179,1609506113961358,3713931062,0.954528,0.015616,-0.083936,-0.91875,-0.9275,-4.22625,-20.432001,-23.656002,-8.864,inter_set_rest,3,3.0,62561.0,223307.0,125816.0,220644.0,140573.0
2026-04-14 17:43:40.294991,487180,1609506113975901,3713945962,0.93696,-0.005856,-0.132736,-2.77375,-0.35875,-4.41,-20.704,-23.592001,-8.424001,inter_set_rest,3,3.0,62561.0,223307.0,125816.0,220644.0,140573.0
2026-04-14 17:43:40.303344,487181,1609506113984848,3713954645,0.93696,-0.005856,-0.132736,-3.59625,-0.455,-4.375,-20.704,-23.592001,-8.424001,inter_set_rest,3,3.0,62561.0,223307.0,125816.0,220644.0,140573.0
2026-04-14 17:43:40.338131,487192,1609506113999412,3713969674,0.974048,-0.001952,0.056608,-3.68375,-0.76125,-4.4625,-20.208,-23.368002,-7.728,inter_set_rest,3,3.0,62767.0,224036.0,126048.0,221223.0,140814.0
2026-04-14 17:43:40.344064,487193,1609506114008358,3713978374,0.974048,-0.001952,0.056608,-2.12625,-1.3825,-4.7075,-20.208,-23.368002,-7.728,inter_set_rest,3,3.0,62767.0,224036.0,126048.0,221223.0,140814.0
2026-04-14 17:43:40.344147,487194,1609506114017288,3713987065,0.954528,0.031232,0.080032,-1.32125,-1.6625,-4.6025,-21.104,-23.328001,-7.552001,inter_set_rest,3,3.0,62767.0,224036.0,126048.0,221223.0,140814.0
2026-04-14 17:43:40.349342,487195,1609506114031830,3714001938,0.899872,0.05856,0.031232,-1.5225,-1.6625,-4.45375,-20.856,-23.648,-8.52,inter_set_rest,3,3.0,62767.0,224036.0,126048.0,221223.0,140814.0
2026-04-14 17:43:40.358629,487196,1609506114040757,3714010632,0.899872,0.05856,0.031232,-1.61875,-1.86375,-4.34875,-20.856,-23.648,-8.52,inter_set_rest,3,3.0,62767.0,224036.0,126048.0,221223.0,140814.0
2026-04-14 17:43:40.386227,487197,1609506114055228,3714025518,0.884256,0.044896,0.015616,-2.19625,-2.16125,-4.48,-20.144001,-23.984001,-8.456,inter_set_rest,3,3.0,62767.0,224036.0,126048.0,221223.0,140814.0
2026-04-14 17:43:40.408777,487198,1609506114064142,3714034184,0.884256,0.044896,0.015616,-2.77375,-2.31875,-4.03375,-20.144001,-23.984001,-8.456,inter_set_rest,3,3.0,62767.0,224036.0,126048.0,221223.0,140814.0
2026-04-14 17:43:40.411290,487199,1609506114078664,3714047039,0.890112,0.037088,-0.046848,-2.82625,-2.68625,-3.84125,-20.232,-23.392,-8.648001,inter_set_rest,3,3.0,62767.0,224036.0,126048.0,221223.0,140814.0
2026-04-14 17:43:40.413782,487200,1609506114087833,3714057772,0.890112,0.037088,-0.046848,-2.17875,-2.70375,-4.01625,-20.232,-23.392,-8.648001,inter_set_rest,3,3.0,62767.0,224036.0,126048.0,221223.0,140814.0
2026-04-14 17:43:40.442270,487211,1609506114096972,3714066586,0.901824,0.042944,0.001952,-1.82875,-2.96625,-3.68375,-20.304,-23.592001,-8.456,inter_set_rest,3,3.0,62674.0,224172.0,125973.0,221289.0,140757.0
2026-04-14 17:43:40.443086,487212,1609506114111600,3714081529,0.901824,0.00976,-0.033184,-2.205,-3.0975,-3.4825,-20.304,-23.592001,-8.456,inter_set_rest,3,3.0,62674.0,224172.0,125973.0,221289.0,140757.0
2026-04-14 17:43:40.445680,487213,1609506114120515,3714090228,0.954528,0.00976,-0.033184,-2.09125,-3.3425,-3.605,-20.424002,-23.560001,-6.976,inter_set_rest,3,3.0,62674.0,224172.0,125973.0,221289.0,140757.0
2026-04-14 17:43:40.453371,487214,1609506114135057,3714105100,0.958432,0.007808,-0.05856,-1.75875,-3.50875,-3.57875,-20.176,-23.960001,-8.64,inter_set_rest,3,3.0,62674.0,224172.0,125973.0,221289.0,140757.0
2026-04-14 17:43:40.461262,487215,1609506114144006,3714113815,0.958432,0.007808,-0.05856,-2.58125,-3.6225,-3.745,-20.176,-23.960001,-8.64,inter_set_rest,3,3.0,62674.0,224172.0,125973.0,221289.0,140757.0
2026-04-14 17:43:40.476287,487216,1609506114158484,3714128695,0.923296,0.013664,-0.103456,-3.26375,-4.1825,-3.63125,-20.216002,-23.384,-8.344001,inter_set_rest,3,3.0,62674.0,224172.0,125973.0,221289.0,140757.0
2026-04-14 17:43:40.484503,487217,1609506114167527,3714137390,0.923296,0.013664,-0.103456,-3.255,-3.63125,-3.38625,-20.216002,-23.384,-8.344001,inter_set_rest,3,3.0,62674.0,224172.0,125973.0,221289.0,140757.0
2026-04-14 17:43:40.495033,487218,1609506114176447,3714146072,0.90768,0.00976,-0.154208,-3.4475,-2.91375,-3.14125,-20.352001,-23.560001,-8.048,inter_set_rest,3,3.0,62674.0,224172.0,125973.0,221289.0,140757.0
2026-04-14 17:43:40.511274,487219,1609506114190897,3714160982,0.90768,0.00976,-0.154208,-3.01,-3.0625,-3.08875,-20.352001,-23.560001,-8.048,inter_set_rest,3,3.0,62674.0,224172.0,125973.0,221289.0,140757.0
2026-04-14 17:43:40.538288,487230,1609506114199853,3714169764,0.895968,0.01952,-0.181536,-2.16125,-3.045,-3.21125,-20.352001,-23.44,-7.472,inter_set_rest,3,3.0,62803.0,225260.0,126219.0,222131.0,141022.0
2026-04-14 17:43:40.541114,487231,1609506114214383,3714182744,0.977952,0.025376,0.021472,-1.855,-2.91375,-3.395,-20.816002,-23.448002,-8.632,inter_set_rest,3,3.0,62803.0,225260.0,126219.0,222131.0,141022.0
2026-04-14 17:43:40.543619,487232,1609506114223575,3714193529,0.977952,0.025376,0.021472,-2.30125,-3.01,-3.21125,-20.816002,-23.448002,-8.632,inter_set_rest,3,3.0,62803.0,225260.0,126219.0,222131.0,141022.0
2026-04-14 17:43:40.550643,487233,1609506114232557,3714202245,0.915488,0.0488,-0.007808,-2.96625,-3.3425,-3.395,-20.816002,-23.448002,-7.976,inter_set_rest,3,3.0,62803.0,225260.0,126219.0,222131.0,141022.0
2026-04-14 17:43:40.569445,487234,1609506114247058,3714217104,0.90768,0.0488,-0.007808,-2.98375,-3.24625,-3.7625,-21.04,-23.432001,-7.976,inter_set_rest,3,3.0,62803.0,225260.0,126219.0,222131.0,141022.0
2026-04-14 17:43:40.573759,487235,1609506114255987,3714225829,0.9272,0.003904,-0.142496,-2.7825,-3.29875,-3.605,-20.128,-23.896002,-8.792001,inter_set_rest,3,3.0,62803.0,225260.0,126219.0,222131.0,141022.0
2026-04-14 17:43:40.588783,487236,1609506114270488,3714240712,0.9272,0.003904,-0.142496,-2.66875,-3.33375,-3.22875,-20.128,-23.896002,-8.792001,inter_set_rest,3,3.0,62803.0,225260.0,126219.0,222131.0,141022.0
2026-04-14 17:43:40.597568,487237,1609506114279405,3714249381,0.866688,0.052704,-0.144448,-2.17,-3.08,-2.96625,-19.912,-23.304,-7.296001,inter_set_rest,3,3.0,62803.0,225260.0,126219.0,222131.0,141022.0
2026-04-14 17:43:40.634429,487248,1609506114294155,3714264528,0.979904,0.017568,-0.025376,-2.1525,-2.7825,-2.8,-20.576,-23.216002,-9.136001,inter_set_rest,3,3.0,63019.0,226196.0,126596.0,222848.0,141399.0
2026-04-14 17:43:40.637397,487249,1609506114303200,3714273266,0.979904,0.017568,-0.025376,-2.77375,-2.68625,-2.695,-20.576,-23.216002,-9.136001,inter_set_rest,3,3.0,63019.0,226196.0,126596.0,222848.0,141399.0
2026-04-14 17:43:40.639888,487250,1609506114312154,3714281969,0.979904,0.017568,-0.025376,-3.19375,-2.31875,-2.7475,-20.576,-23.216002,-9.136001,inter_set_rest,3,3.0,63019.0,226196.0,126596.0,222848.0,141399.0
2026-04-14 17:43:40.644887,487251,1609506114326705,3714296903,0.954528,-0.005856,-0.119072,-3.22,-2.0825,-2.94,-19.84,-24.104002,-8.408,inter_set_rest,3,3.0,63019.0,226196.0,126596.0,222848.0,141399.0
2026-04-14 17:43:40.653700,487252,1609506114335637,3714305589,0.952576,0.042944,0.017568,-2.12625,-1.925,-2.21375,-20.136002,-23.624,-8.736,inter_set_rest,3,3.0,63019.0,226196.0,126596.0,222848.0,141399.0
2026-04-14 17:43:40.666227,487253,1609506114350079,3714318428,0.952576,0.042944,0.017568,-1.8725,-1.07625,-2.3625,-20.136002,-23.624,-8.736,inter_set_rest,3,3.0,63019.0,226196.0,126596.0,222848.0,141399.0
2026-04-14 17:43:40.680034,487254,1609506114359210,3714329153,0.925248,0.013664,-0.199104,-2.16125,-0.90125,-2.3625,-20.04,-23.728,-8.528001,inter_set_rest,3,3.0,63019.0,226196.0,126596.0,222848.0,141399.0
2026-04-14 17:43:40.686260,487255,1609506114368237,3714337871,0.925248,0.013664,-0.199104,-2.4675,-1.00625,-2.75625,-20.04,-23.728,-8.528001,inter_set_rest,3,3.0,63019.0,226196.0,126596.0,222848.0,141399.0
2026-04-14 17:43:40.700049,487256,1609506114382720,3714352756,0.9272,0.037088,0.031232,-2.8,-1.2775,-2.47625,-20.216002,-23.512001,-8.376,inter_set_rest,3,3.0,63019.0,226196.0,126596.0,222848.0,141399.0
2026-04-14 17:43:40.710005,487257,1609506114391651,3714361458,0.9272,0.037088,0.031232,-1.9775,-1.4875,-1.82,-20.216002,-23.512001,-8.376,inter_set_rest,3,3.0,63019.0,226196.0,126596.0,222848.0,141399.0
2026-04-14 17:43:40.784586,487268,1609506114406258,3714376472,0.950624,0.046848,0.023424,-1.015,-2.12625,-1.75875,-20.808,-22.984001,-7.656,inter_set_rest,3,3.0,62603.0,225919.0,125960.0,222528.0,140787.0
2026-04-14 17:43:40.792562,487269,1609506114415224,3714385211,0.85888,0.0488,-0.148352,-1.44375,-1.9425,-1.65375,-20.648,-23.216002,-7.872,inter_set_rest,3,3.0,62603.0,225919.0,125960.0,222528.0,140787.0
2026-04-14 17:43:40.795046,487270,1609506114429758,3714400123,0.85888,0.0488,-0.148352,-2.66,-1.88125,-1.02375,-20.648,-23.216002,-7.872,inter_set_rest,3,3.0,62603.0,225919.0,125960.0,222528.0,140787.0
2026-04-14 17:43:40.797581,487271,1609506114438688,3714408795,0.952576,0.003904,-0.074176,-2.0475,-1.61,-0.28875,-21.136002,-23.056002,-7.608,inter_set_rest,3,3.0,62603.0,225919.0,125960.0,222528.0,140787.0
2026-04-14 17:43:40.800044,487272,1609506114447578,3714417469,0.952576,0.003904,-0.074176,0.63875,-0.81375,-0.0525,-21.136002,-23.056002,-7.608,inter_set_rest,3,3.0,62603.0,225919.0,125960.0,222528.0,140787.0
2026-04-14 17:43:40.802555,487273,1609506114462073,3714430413,0.954528,0.005856,-0.121024,1.63625,0.525,-0.07875,-20.912,-23.6,-7.736001,inter_set_rest,3,3.0,62603.0,225919.0,125960.0,222528.0,140787.0
2026-04-14 17:43:40.805090,487274,1609506114471308,3714441148,0.954528,0.005856,-0.121024,0.595,1.8025,0.6475,-20.912,-23.6,-7.736001,inter_set_rest,3,3.0,62603.0,225919.0,125960.0,222528.0,140787.0
2026-04-14 17:43:40.809143,487275,1609506114485796,3714456078,0.915488,0.015616,-0.099552,-1.19,2.33625,1.16375,-21.016,-23.128,-6.712,inter_set_rest,3,3.0,62603.0,225919.0,125960.0,222528.0,140787.0
2026-04-14 17:43:40.836131,487286,1609506114495154,3714464803,0.901824,0.060512,-0.042944,-0.74375,3.15875,1.02375,-21.824001,-23.04,-8.160001,inter_set_rest,3,3.0,59845.0,219573.0,121503.0,217044.0,135823.0
2026-04-14 17:43:40.838793,487287,1609506114504247,3714473569,0.901824,0.060512,-0.042944,0.95375,2.33625,0.665,-21.824001,-23.04,-8.160001,inter_set_rest,3,3.0,59845.0,219573.0,121503.0,217044.0,135823.0
2026-04-14 17:43:40.841212,487288,1609506114518746,3714488506,0.892064,0.040992,-0.17568,1.995,1.5575,-0.62125,-20.112001,-23.976002,-8.656,inter_set_rest,3,3.0,59845.0,219573.0,121503.0,217044.0,135823.0
2026-04-14 17:43:40.847548,487289,1609506114527686,3714497221,0.892064,0.040992,-0.17568,3.5875,0.25375,-1.68,-20.112001,-23.976002,-8.656,inter_set_rest,3,3.0,59845.0,219573.0,121503.0,217044.0,135823.0
2026-04-14 17:43:40.861283,487290,1609506114542157,3714512076,0.964288,0.013664,-0.054656,3.64875,-0.945,-1.785,-20.272001,-23.592001,-8.896001,inter_set_rest,3,3.0,59845.0,219573.0,121503.0,217044.0,135823.0
2026-04-14 17:43:40.868275,487291,1609506114551064,3714520756,0.964288,0.013664,-0.054656,4.78625,-1.4875,-1.91625,-20.272001,-23.592001,-8.896001,inter_set_rest,3,3.0,59845.0,219573.0,121503.0,217044.0,135823.0
2026-04-14 17:43:40.903426,487292,1609506114565514,3714535634,0.974048,0.011712,-0.05856,6.44,-2.9225,-2.05625,-19.888,-23.528002,-8.488001,inter_set_rest,3,3.0,59845.0,219573.0,121503.0,217044.0,135823.0
2026-04-14 17:43:40.908621,487293,1609506114574405,3714544315,0.974048,0.011712,-0.20496,7.55125,-4.9,-1.6275,-19.888,-23.528002,-8.488001,inter_set_rest,3,3.0,59845.0,219573.0,121503.0,217044.0,135823.0
2026-04-14 17:43:40.909717,487294,1609506114583318,3714552981,0.942816,0.050752,-0.20496,7.55125,-5.80125,-1.07625,-20.152,-23.480001,-4.88,inter_set_rest,3,3.0,59845.0,219573.0,121503.0,217044.0,135823.0
2026-04-14 17:43:40.935992,487305,1609506114598480,3714568228,0.872544,0.0976,-0.07808,6.97375,-3.15,-0.8225,-21.032001,-23.056002,-7.816001,inter_set_rest,3,3.0,56366.0,215503.0,115449.0,213574.0,128940.0
2026-04-14 17:43:40.938449,487306,1609506114607458,3714576986,0.872544,0.0976,-0.07808,5.215,-1.35625,-2.26625,-21.032001,-23.056002,-7.816001,inter_set_rest,3,3.0,56366.0,215503.0,115449.0,213574.0,128940.0
2026-04-14 17:43:40.940952,487307,1609506114621994,3714591875,0.913536,0.0976,-0.040992,1.3475,-1.33,-2.7475,-21.024,-23.472002,-7.56,inter_set_rest,3,3.0,56366.0,215503.0,115449.0,213574.0,128940.0
2026-04-14 17:43:40.949709,487308,1609506114630916,3714600584,0.913536,0.0976,-0.040992,0.18375,-0.14,-3.255,-21.024,-23.472002,-7.56,inter_set_rest,3,3.0,56366.0,215503.0,115449.0,213574.0,128940.0
2026-04-14 17:43:40.955979,487309,1609506114639862,3714609294,0.991616,0.011712,-0.07808,-0.13125,-0.77,-6.01125,-20.192001,-23.472002,-9.0,inter_set_rest,3,3.0,56366.0,215503.0,115449.0,213574.0,128940.0
2026-04-14 17:43:40.972254,487310,1609506114654361,3714624182,0.991616,0.011712,-0.07808,-3.03625,-0.525,-8.54,-20.192001,-23.472002,-9.0,inter_set_rest,3,3.0,56366.0,215503.0,115449.0,213574.0,128940.0
2026-04-14 17:43:40.980953,487311,1609506114663295,3714632865,0.909632,0.093696,-0.160064,-2.38,-2.17,-7.76125,-19.928001,-23.448002,-7.056,inter_set_rest,3,3.0,56366.0,215503.0,115449.0,213574.0,128940.0
2026-04-14 17:43:40.998814,487312,1609506114677726,3714647724,0.817888,0.142496,-0.046848,-1.00625,-4.0425,-9.065,-20.744001,-23.352001,-8.144,inter_set_rest,3,3.0,56366.0,215503.0,115449.0,213574.0,128940.0
2026-04-14 17:43:41.003180,487313,1609506114686665,3714656416,0.817888,0.142496,-0.046848,-3.82375,-5.7925,-12.06625,-20.744001,-23.352001,-8.144,inter_set_rest,3,3.0,56366.0,215503.0,115449.0,213574.0,128940.0
2026-04-14 17:43:41.039318,487324,1609506114701324,3714671344,0.964288,0.074176,0.121024,-1.68,-6.9825,-10.3425,-20.472,-23.664001,-9.176001,concentric,3,3.0,50929.0,189861.0,105677.0,190177.0,116932.0
2026-04-14 17:43:41.040616,487325,1609506114710417,3714680138,0.964288,0.074176,0.121024,-0.5075,-7.70875,-8.26875,-20.472,-23.664001,-9.176001,concentric,3,3.0,50929.0,189861.0,105677.0,190177.0,116932.0
2026-04-14 17:43:41.043204,487326,1609506114719364,3714688851,0.903776,0.040992,0.011712,0.2975,-5.0225,-5.075,-21.640001,-23.480001,-8.256001,concentric,3,3.0,50929.0,189861.0,105677.0,190177.0,116932.0
2026-04-14 17:43:41.050787,487327,1609506114733874,3714703781,0.903776,0.040992,0.011712,2.02125,-5.32875,-1.0675,-21.640001,-23.480001,-8.256001,concentric,3,3.0,50929.0,189861.0,105677.0,190177.0,116932.0
2026-04-14 17:43:41.063343,487328,1609506114742809,3714712475,0.958432,-0.099552,-0.122976,-7.1575,-7.74375,-7.07,-19.848001,-23.944,-9.968,concentric,3,3.0,50929.0,189861.0,105677.0,190177.0,116932.0
2026-04-14 17:43:41.074557,487329,1609506114757268,3714727342,1.018944,-0.193248,0.025376,-14.175,-7.0,-10.745,-19.336,-23.944,-7.656,concentric,3,3.0,50929.0,189861.0,105677.0,190177.0,116932.0
2026-04-14 17:43:41.091464,487330,1609506114766206,3714736016,1.018944,-0.193248,0.025376,-10.7975,-4.55875,-7.35,-19.336,-23.944,-7.656,concentric,3,3.0,50929.0,189861.0,105677.0,190177.0,116932.0
2026-04-14 17:43:41.122245,487331,1609506114780692,3714750898,0.864736,0.015616,0.031232,6.86,-1.89875,-4.48,-20.560001,-23.152,-8.704,concentric,3,3.0,50929.0,189861.0,105677.0,190177.0,116932.0
2026-04-14 17:43:41.124682,487332,1609506114789610,3714759581,0.864736,0.015616,0.031232,29.82875,-3.47375,-5.06625,-20.560001,-23.152,-8.704,concentric,3,3.0,50929.0,189861.0,105677.0,190177.0,116932.0
2026-04-14 17:43:41.172566,487343,1609506114798756,3714768305,0.950624,0.072224,0.072224,39.55875,-3.71,-5.85375,-20.016,-23.28,-9.024,concentric,3,3.0,41890.0,167257.0,87377.0,168282.0,97363.0
2026-04-14 17:43:41.175017,487344,1609506114813281,3714783215,0.950624,0.072224,0.072224,38.59625,-4.54125,-2.65125,-20.016,-23.28,-9.024,concentric,3,3.0,41890.0,167257.0,87377.0,168282.0,97363.0
2026-04-14 17:43:41.179389,487345,1609506114822214,3714791891,0.872544,-0.023424,-0.0976,29.225,-5.22375,0.5075,-20.568,-23.688002,-8.96,concentric,3,3.0,41890.0,167257.0,87377.0,168282.0,97363.0
2026-04-14 17:43:41.179877,487346,1609506114836647,3714806750,0.847168,-0.148352,-0.238144,11.33125,-5.20625,-2.86125,-20.568,-23.056002,-8.136001,concentric,3,3.0,41890.0,167257.0,87377.0,168282.0,97363.0
2026-04-14 17:43:41.182043,487347,1609506114845605,3714815501,0.847168,-0.148352,-0.238144,6.25625,-2.45,-1.74125,-20.632002,-23.056002,-8.136001,concentric,3,3.0,41890.0,167257.0,87377.0,168282.0,97363.0
2026-04-14 17:43:41.189279,487348,1609506114860111,3714830414,0.841312,-0.13664,-0.23424,8.77625,-1.995,1.89875,-20.816002,-22.984001,-8.128,concentric,3,3.0,41890.0,167257.0,87377.0,168282.0,97363.0
2026-04-14 17:43:41.191489,487349,1609506114869084,3714839102,0.841312,-0.13664,-0.23424,13.545,-3.8675,2.42375,-20.816002,-22.984001,-8.128,concentric,3,3.0,41890.0,167257.0,87377.0,168282.0,97363.0
2026-04-14 17:43:41.196118,487350,1609506114878084,3714847791,0.817888,-0.017568,-0.093696,18.095,-6.25625,2.45,-21.240002,-22.632002,-11.000001,concentric,3,3.0,41890.0,167257.0,87377.0,168282.0,97363.0
2026-04-14 17:43:41.211157,487351,1609506114892570,3714862685,0.817888,-0.017568,-0.093696,20.16,-6.81625,5.95,-21.240002,-22.632002,-11.000001,concentric,3,3.0,41890.0,167257.0,87377.0,168282.0,97363.0
2026-04-14 17:43:41.238704,487362,1609506114901674,3714871917,0.812032,0.025376,-0.134688,20.02875,-7.595,9.5725,-19.536001,-23.2,-10.496,concentric,3,3.0,42246.0,163343.0,87461.0,164363.0,97372.0
2026-04-14 17:43:41.241049,487363,1609506114916231,3714884791,0.812032,0.025376,-0.134688,13.0725,-10.75375,10.255,-19.536001,-23.2,-10.496,concentric,3,3.0,42246.0,163343.0,87461.0,164363.0,97372.0
2026-04-14 17:43:41.243792,487364,1609506114925608,3714895589,0.919392,0.005856,-0.121024,-0.56,-14.0525,12.69625,-20.240002,-23.312,-10.328,concentric,3,3.0,42246.0,163343.0,87461.0,164363.0,97372.0
2026-04-14 17:43:41.252538,487365,1609506114934510,3714904264,0.919392,0.005856,-0.121024,-14.58625,-16.28375,16.1175,-20.240002,-23.312,-10.328,concentric,3,3.0,42246.0,163343.0,87461.0,164363.0,97372.0
2026-04-14 17:43:41.267318,487366,1609506114949034,3714919095,0.999424,0.005856,0.095648,-18.795,-16.54625,16.38875,-20.088001,-22.960001,-10.488001,concentric,3,3.0,42246.0,163343.0,87461.0,164363.0,97372.0
2026-04-14 17:43:41.275840,487367,1609506114957960,3714927760,0.89792,0.040992,0.115168,-15.33,-17.1675,14.8225,-20.952002,-22.784,-12.320001,concentric,3,3.0,42246.0,163343.0,87461.0,164363.0,97372.0
2026-04-14 17:43:41.291119,487368,1609506114972424,3714942646,0.89792,0.040992,0.115168,-9.19625,-19.03125,13.02,-20.952002,-22.784,-12.320001,concentric,3,3.0,42246.0,163343.0,87461.0,164363.0,97372.0
2026-04-14 17:43:41.299828,487369,1609506114981381,3714951348,0.993568,0.03904,-0.00976,-4.13,-19.215,11.6375,-20.736,-23.008001,-10.912001,concentric,3,3.0,42246.0,163343.0,87461.0,164363.0,97372.0
2026-04-14 17:43:41.313775,487370,1609506114995873,3714964244,0.993568,0.03904,-0.00976,-0.56875,-18.9,9.975,-20.736,-23.008001,-10.912001,concentric,3,3.0,42246.0,163343.0,87461.0,164363.0,97372.0
2026-04-14 17:43:41.343529,487381,1609506115005115,3714975067,1.018944,-0.01952,0.042944,2.37125,-17.3075,7.07875,-20.192001,-22.424002,-11.344001,concentric,3,3.0,42957.0,166172.0,88510.0,166660.0,98284.0
2026-04-14 17:43:41.345788,487382,1609506115014115,3714983868,1.018944,-0.01952,0.042944,3.9375,-15.365,4.71625,-20.192001,-22.424002,-11.344001,concentric,3,3.0,42957.0,166172.0,88510.0,166660.0,98284.0
2026-04-14 17:43:41.348303,487383,1609506115028598,3714998809,0.95648,-0.015616,-0.181536,10.57,-14.88375,3.59625,-21.304,-23.016,-9.56,concentric,3,3.0,42957.0,166172.0,88510.0,166660.0,98284.0
2026-04-14 17:43:41.356276,487384,1609506115037543,3715007483,0.95648,-0.015616,-0.138592,16.73,-15.5575,0.2625,-21.304,-23.016,-9.56,concentric,3,3.0,42957.0,166172.0,88510.0,166660.0,98284.0
2026-04-14 17:43:41.377648,487385,1609506115052054,3715022347,0.987712,0.07808,-0.138592,18.1125,-16.8175,-2.87875,-21.240002,-22.224,-9.512,concentric,3,3.0,42957.0,166172.0,88510.0,166660.0,98284.0
2026-04-14 17:43:41.378022,487386,1609506115061033,3715031091,0.993568,0.021472,-0.22448,12.18,-17.605,-3.38625,-20.992,-22.456001,-11.352,concentric,3,3.0,42957.0,166172.0,88510.0,166660.0,98284.0
2026-04-14 17:43:41.387409,487387,1609506115069998,3715039777,0.993568,0.021472,-0.22448,-3.0275,-15.96,-2.44125,-20.992,-22.456001,-11.352,concentric,3,3.0,42957.0,166172.0,88510.0,166660.0,98284.0
2026-04-14 17:43:41.403685,487388,1609506115084474,3715054680,0.99552,-0.013664,-0.124928,-16.835001,-13.195,0.2975,-20.416,-22.712002,-11.328,concentric,3,3.0,42957.0,166172.0,88510.0,166660.0,98284.0
2026-04-14 17:43:41.412216,487389,1609506115093405,3715063351,0.99552,-0.013664,-0.124928,-22.47,-13.195,0.28,-20.416,-22.712002,-11.328,concentric,3,3.0,42957.0,166172.0,88510.0,166660.0,98284.0
2026-04-14 17:43:41.440045,487400,1609506115107955,3715078323,0.929152,-0.031232,-0.138592,-21.2625,-14.0175,-0.76125,-19.912,-22.808,-11.120001,concentric,3,3.0,48429.0,188040.0,99093.0,189151.0,110751.0
2026-04-14 17:43:41.442024,487401,1609506115116901,3715087044,0.929152,-0.031232,-0.138592,-19.38125,-15.30375,0.72625,-19.912,-22.808,-11.120001,concentric,3,3.0,48429.0,188040.0,99093.0,189151.0,110751.0
2026-04-14 17:43:41.448801,487402,1609506115131406,3715099901,1.061888,-0.109312,-0.074176,-14.980001,-16.0825,1.40875,-20.144001,-22.6,-10.128,concentric,3,3.0,48429.0,188040.0,99093.0,189151.0,110751.0
2026-04-14 17:43:41.460968,487403,1609506115140890,3715110710,0.911584,-0.054656,-0.275232,-9.82625,-13.9125,0.53375,-20.584002,-22.416,-10.264001,concentric,3,3.0,48429.0,188040.0,99093.0,189151.0,110751.0
2026-04-14 17:43:41.504642,487404,1609506115149871,3715119424,0.911584,-0.054656,-0.275232,-3.3775,-12.41625,0.77,-20.584002,-22.416,-10.264001,concentric,3,3.0,48429.0,188040.0,99093.0,189151.0,110751.0
2026-04-14 17:43:41.507548,487405,1609506115164373,3715134301,0.854976,-0.007808,-0.407968,0.95375,-15.81125,-0.11375,-20.944,-22.448002,-10.72,concentric,3,3.0,48429.0,188040.0,99093.0,189151.0,110751.0
2026-04-14 17:43:41.510041,487406,1609506115173276,3715142984,0.854976,-0.007808,-0.407968,1.39125,-19.8275,-1.19875,-20.944,-22.448002,-10.72,concentric,3,3.0,48429.0,188040.0,99093.0,189151.0,110751.0
2026-04-14 17:43:41.512572,487407,1609506115187736,3715157836,0.85888,0.001952,-0.193248,0.0,-20.405,1.75,-20.800001,-22.328001,-10.456,concentric,3,3.0,48429.0,188040.0,99093.0,189151.0,110751.0
2026-04-14 17:43:41.540057,487408,1609506115196646,3715166573,0.85888,0.001952,-0.193248,-2.17875,-17.70125,4.725,-20.800001,-22.328001,-10.456,concentric,3,3.0,48429.0,188040.0,99093.0,189151.0,110751.0
2026-04-14 17:43:41.577431,487419,1609506115211121,3715181446,0.735904,0.07808,-0.001952,-2.5725,-16.82625,3.47375,-20.544,-22.328001,-10.120001,concentric,3,3.0,47108.0,180486.0,96816.0,180599.0,107860.0
2026-04-14 17:43:41.579916,487420,1609506115220100,3715190136,0.675392,0.064416,-0.095648,1.89875,-21.9625,-2.52875,-20.648,-22.152,-10.488001,concentric,3,3.0,47108.0,180486.0,96816.0,180599.0,107860.0
2026-04-14 17:43:41.582344,487421,1609506115229023,3715198831,0.675392,0.064416,-0.095648,6.0725,-27.125,-8.1025,-20.648,-22.152,-10.488001,concentric,3,3.0,47108.0,180486.0,96816.0,180599.0,107860.0
2026-04-14 17:43:41.584478,487422,1609506115243697,3715213691,0.782752,0.011712,0.007808,3.87625,-27.72,-5.90625,-21.224,-22.296001,-9.984,concentric,3,3.0,47108.0,180486.0,96816.0,180599.0,107860.0
2026-04-14 17:43:41.587486,487423,1609506115252728,3715222402,0.782752,0.011712,0.007808,-2.975,-24.22,-2.73,-21.224,-22.296001,-9.984,concentric,3,3.0,47108.0,180486.0,96816.0,180599.0,107860.0
2026-04-14 17:43:41.589988,487424,1609506115267248,3715237310,0.804224,-0.05856,-0.160064,-6.50125,-19.83625,-4.025,-21.496,-22.088001,-10.936001,concentric,3,3.0,47108.0,180486.0,96816.0,180599.0,107860.0
2026-04-14 17:43:41.593746,487425,1609506115276178,3715246027,0.804224,-0.05856,-0.160064,-4.92625,-15.4525,-7.51625,-21.496,-22.088001,-10.936001,concentric,3,3.0,47108.0,180486.0,96816.0,180599.0,107860.0
2026-04-14 17:43:41.603757,487426,1609506115285111,3715254729,0.792512,0.023424,-0.070272,1.82,-10.14125,-7.9625,-20.36,-22.384,-11.120001,concentric,3,3.0,47108.0,180486.0,96816.0,180599.0,107860.0
2026-04-14 17:43:41.639546,487437,1609506115299824,3715270449,0.76128,0.01952,-0.2928,4.4975,-4.26125,-7.63875,-20.36,-22.384,-12.048,concentric,3,3.0,45008.0,179952.0,92993.0,179529.0,103374.0
2026-04-14 17:43:41.642586,487438,1609506115308882,3715279233,0.757376,0.01952,-0.2928,0.6125,1.1375,-9.45875,-19.216002,-22.648,-12.048,concentric,3,3.0,45008.0,179952.0,92993.0,179529.0,103374.0
2026-04-14 17:43:41.645055,487439,1609506115323467,3715292068,0.845216,-0.03904,-0.124928,-2.485,3.85,-12.1975,-19.816002,-22.264002,-11.208,concentric,3,3.0,45008.0,179952.0,92993.0,179529.0,103374.0
2026-04-14 17:43:41.652085,487440,1609506115332644,3715302896,0.845216,-0.03904,-0.124928,-5.18,5.27625,-14.945,-19.816002,-22.264002,-11.208,concentric,3,3.0,45008.0,179952.0,92993.0,179529.0,103374.0
2026-04-14 17:43:41.664842,487441,1609506115347106,3715315704,0.786656,-0.023424,-0.177632,-5.81875,6.46625,-16.485,-19.608002,-22.832,-12.272,concentric,3,3.0,45008.0,179952.0,92993.0,179529.0,103374.0
2026-04-14 17:43:41.673662,487442,1609506115356300,3715326569,0.786656,-0.023424,-0.177632,-2.73,6.335,-18.4625,-19.608002,-22.832,-12.272,concentric,3,3.0,45008.0,179952.0,92993.0,179529.0,103374.0
2026-04-14 17:43:41.683325,487443,1609506115365217,3715335259,0.864736,-0.044896,-0.261568,0.42875,3.465,-20.39625,-19.688002,-22.896002,-12.032001,concentric,3,3.0,45008.0,179952.0,92993.0,179529.0,103374.0
2026-04-14 17:43:41.696223,487444,1609506115379675,3715348086,0.864736,-0.044896,-0.347456,1.46125,-0.0875,-20.50125,-19.688002,-22.896002,-12.032001,concentric,3,3.0,45008.0,179952.0,92993.0,179529.0,103374.0
2026-04-14 17:43:41.707526,487445,1609506115388868,3715358803,0.876448,0.003904,-0.347456,0.20125,-2.70375,-18.73375,-19.168001,-22.904001,-11.448001,concentric,3,3.0,45008.0,179952.0,92993.0,179529.0,103374.0
2026-04-14 17:43:41.742567,487456,1609506115403829,3715373755,0.954528,0.111264,-0.255712,-2.31,-5.495,-15.05,-19.272001,-22.696001,-12.272,concentric,3,3.0,43651.0,178285.0,90355.0,177798.0,100311.0
2026-04-14 17:43:41.747425,487457,1609506115412882,3715382497,0.954528,0.111264,-0.255712,-7.035,-7.83125,-11.6025,-19.272001,-22.696001,-12.272,concentric,3,3.0,43651.0,178285.0,90355.0,177798.0,100311.0
2026-04-14 17:43:41.747761,487458,1609506115421835,3715391213,1.247328,0.005856,-0.411872,-15.26875,-11.20875,-8.70625,-18.768002,-22.960001,-12.768001,concentric,3,3.0,43651.0,178285.0,90355.0,177798.0,100311.0
2026-04-14 17:43:41.754966,487459,1609506115436342,3715406163,1.247328,0.005856,-0.411872,-21.51625,-15.14625,-4.69,-18.768002,-22.960001,-12.768001,concentric,3,3.0,43651.0,178285.0,90355.0,177798.0,100311.0
2026-04-14 17:43:41.761982,487460,1609506115445359,3715414912,1.24928,-0.091744,-0.599264,-25.9,-17.1325,0.77875,-18.824001,-22.776001,-12.168,concentric,3,3.0,43651.0,178285.0,90355.0,177798.0,100311.0
2026-04-14 17:43:41.777376,487461,1609506115459801,3715429783,1.24928,-0.091744,-0.599264,-30.49375,-16.4675,3.71,-18.824001,-22.776001,-12.168,concentric,3,3.0,43651.0,178285.0,90355.0,177798.0,100311.0
2026-04-14 17:43:41.786248,487462,1609506115468741,3715438463,1.009184,0.085888,-0.16592,-27.57125,-14.69125,3.6925,-18.624,-22.664001,-12.312,concentric,3,3.0,43651.0,178285.0,90355.0,177798.0,100311.0
2026-04-14 17:43:41.796264,487463,1609506115477707,3715447161,1.009184,0.085888,-0.16592,-14.9625,-11.43625,3.66625,-18.624,-22.664001,-12.312,concentric,3,3.0,43651.0,178285.0,90355.0,177798.0,100311.0
2026-04-14 17:43:41.811237,487464,1609506115492172,3715462074,0.942816,0.1952,-0.226432,-10.96375,-9.4675,1.4875,-18.976002,-22.84,-11.656,concentric,3,3.0,43651.0,178285.0,90355.0,177798.0,100311.0
2026-04-14 17:43:41.890014,487475,1609506115501713,3715471340,0.899872,0.236192,-0.236192,-13.825,-3.045,2.9925,-18.976002,-22.752,-10.448001,concentric,3,3.0,43855.0,183972.0,90658.0,183287.0,100573.0
2026-04-14 17:43:41.892540,487476,1609506115516315,3715486309,0.899872,0.236192,-0.236192,-17.0275,6.37,4.71625,-19.92,-22.752,-10.448001,concentric,3,3.0,43855.0,183972.0,90658.0,183287.0,100573.0
2026-04-14 17:43:41.894555,487477,1609506115525259,3715494969,0.866688,0.183488,-0.134688,-18.83875,16.16125,-0.04375,-19.632002,-22.296001,-10.328,concentric,3,3.0,43855.0,183972.0,90658.0,183287.0,100573.0
2026-04-14 17:43:41.897562,487478,1609506115534197,3715503668,0.866688,0.183488,-0.134688,-14.39375,23.485,-5.845,-19.632002,-22.296001,-10.328,concentric,3,3.0,43855.0,183972.0,90658.0,183287.0,100573.0
2026-04-14 17:43:41.900013,487479,1609506115548678,3715518566,0.79056,0.162016,-0.23424,-10.35125,28.428751,-9.03875,-19.872002,-22.792002,-9.92,concentric,3,3.0,43855.0,183972.0,90658.0,183287.0,100573.0
2026-04-14 17:43:41.902577,487480,1609506115557570,3715527224,0.79056,0.162016,-0.23424,-9.72125,30.555,-11.50625,-19.872002,-22.792002,-9.92,concentric,3,3.0,43855.0,183972.0,90658.0,183287.0,100573.0
2026-04-14 17:43:41.904586,487481,1609506115572059,3715542122,0.765184,0.037088,-0.452864,-8.89875,30.9925,-11.34,-19.712002,-22.768002,-9.792001,concentric,3,3.0,43855.0,183972.0,90658.0,183287.0,100573.0
2026-04-14 17:43:41.907569,487482,1609506115581014,3715550802,0.765184,0.037088,-0.265472,-10.01875,29.49625,-10.22875,-19.712002,-22.768002,-9.792001,concentric,3,3.0,43855.0,183972.0,90658.0,183287.0,100573.0
2026-04-14 17:43:41.913567,487483,1609506115595562,3715565769,0.86864,-0.011712,-0.265472,-6.2825,26.3025,-7.105,-19.648,-22.832,-11.536,concentric,3,3.0,43855.0,183972.0,90658.0,183287.0,100573.0
2026-04-14 17:43:41.945639,487494,1609506115604873,3715574489,0.894016,0.005856,-0.324032,-3.8675,24.115,-4.13875,-18.984001,-23.064001,-9.968,concentric,3,3.0,42981.0,181978.0,88795.0,181268.0,98824.0
2026-04-14 17:43:41.948514,487495,1609506115613944,3715583202,0.894016,0.005856,-0.324032,1.21625,22.925,-2.54625,-18.984001,-23.064001,-9.968,concentric,3,3.0,42981.0,181978.0,88795.0,181268.0,98824.0
2026-04-14 17:43:41.950672,487496,1609506115628465,3715598146,0.89792,0.074176,-0.2928,6.36125,22.61875,-2.7475,-19.424002,-23.008001,-10.76,concentric,3,3.0,42981.0,181978.0,88795.0,181268.0,98824.0
2026-04-14 17:43:41.954826,487497,1609506115637369,3715606865,0.89792,0.074176,-0.2928,8.77625,20.88625,-2.68625,-19.424002,-23.008001,-10.76,concentric,3,3.0,42981.0,181978.0,88795.0,181268.0,98824.0
2026-04-14 17:43:41.971217,487498,1609506115651840,3715621729,0.882304,0.060512,-0.162016,6.4225,18.10375,0.14875,-19.384,-22.960001,-10.824,concentric,3,3.0,42981.0,181978.0,88795.0,181268.0,98824.0
2026-04-14 17:43:41.978287,487499,1609506115660782,3715630416,0.882304,0.060512,-0.162016,0.91,16.24,3.47375,-19.384,-22.960001,-10.824,concentric,3,3.0,42981.0,181978.0,88795.0,181268.0,98824.0
2026-04-14 17:43:41.993460,487500,1609506115675278,3715645321,1.03456,-0.01952,-0.18544,-2.1875,14.8225,5.67875,-19.416,-23.000002,-10.968,concentric,3,3.0,42981.0,181978.0,88795.0,181268.0,98824.0
2026-04-14 17:43:42.000844,487501,1609506115684201,3715654009,0.981856,0.025376,-0.339648,0.7875,13.7725,5.915,-19.376001,-23.12,-10.512,concentric,3,3.0,42981.0,181978.0,88795.0,181268.0,98824.0
2026-04-14 17:43:42.012573,487502,1609506115693181,3715662731,0.981856,0.025376,-0.339648,5.17125,13.90375,5.425,-19.376001,-23.12,-10.512,concentric,3,3.0,42981.0,181978.0,88795.0,181268.0,98824.0
2026-04-14 17:43:42.045677,487513,1609506115707726,3715677643,0.976,0.072224,0.005856,6.4225,15.2425,6.09,-20.504002,-22.776001,-9.248,concentric,3,3.0,43630.0,182637.0,89840.0,182217.0,99915.0
2026-04-14 17:43:42.048625,487514,1609506115716702,3715686373,0.976,0.072224,0.005856,3.8325,16.73,7.6125,-20.504002,-22.776001,-9.248,concentric,3,3.0,43630.0,182637.0,89840.0,182217.0,99915.0
2026-04-14 17:43:42.050608,487515,1609506115731203,3715701311,0.970144,0.023424,0.050752,-0.44625,17.96375,7.7875,-20.264002,-22.320002,-9.248,concentric,3,3.0,43630.0,182637.0,89840.0,182217.0,99915.0
2026-04-14 17:43:42.058638,487516,1609506115740200,3715709982,0.970144,0.023424,0.050752,-3.325,18.935,7.30625,-20.264002,-22.320002,-9.248,concentric,3,3.0,43630.0,182637.0,89840.0,182217.0,99915.0
2026-04-14 17:43:42.067165,487517,1609506115749160,3715718738,0.962336,-0.015616,-0.124928,-2.66875,20.4225,7.81375,-21.032001,-22.76,-10.592001,concentric,3,3.0,43630.0,182637.0,89840.0,182217.0,99915.0
2026-04-14 17:43:42.083841,487518,1609506115763660,3715733632,0.851072,0.021472,-0.187392,-0.77,21.91,7.3675,-19.76,-22.832,-11.312,concentric,3,3.0,43630.0,182637.0,89840.0,182217.0,99915.0
2026-04-14 17:43:42.090028,487519,1609506115772589,3715742365,0.851072,0.021472,-0.187392,1.75875,23.59,5.81875,-19.76,-22.832,-11.312,concentric,3,3.0,43630.0,182637.0,89840.0,182217.0,99915.0
2026-04-14 17:43:42.105781,487520,1609506115787119,3715757252,0.911584,0.017568,-0.12688,4.83,24.85875,4.36625,-19.76,-22.952002,-10.064,concentric,3,3.0,43630.0,182637.0,89840.0,182217.0,99915.0
2026-04-14 17:43:42.113764,487521,1609506115796035,3715765995,0.911584,0.017568,-0.12688,6.81625,25.1125,3.43875,-19.76,-22.952002,-10.064,concentric,3,3.0,43630.0,182637.0,89840.0,182217.0,99915.0
2026-04-14 17:43:42.148641,487532,1609506115811205,3715781327,0.833504,0.046848,-0.091744,6.16875,23.6775,2.2925,-20.744001,-22.152,-8.224,concentric,3,3.0,43801.0,183860.0,90025.0,183537.0,100216.0
2026-04-14 17:43:42.150647,487533,1609506115820148,3715789997,0.833504,0.046848,-0.091744,4.47125,22.05,1.28625,-20.744001,-22.152,-8.224,concentric,3,3.0,43801.0,183860.0,90025.0,183537.0,100216.0
2026-04-14 17:43:42.178632,487534,1609506115829151,3715798812,0.968192,-0.02928,-0.035136,4.83,19.845,0.13125,-21.864,-22.12,-7.848001,concentric,3,3.0,43801.0,183860.0,90025.0,183537.0,100216.0
2026-04-14 17:43:42.181238,487535,1609506115843675,3715813695,0.8784,-0.015616,-0.236192,7.32375,17.7275,-0.56,-21.672,-22.264002,-7.992001,concentric,3,3.0,43801.0,183860.0,90025.0,183537.0,100216.0
2026-04-14 17:43:42.183885,487536,1609506115852607,3715822375,0.8784,-0.015616,-0.236192,10.22,15.95125,-0.385,-21.672,-22.264002,-7.992001,concentric,3,3.0,43801.0,183860.0,90025.0,183537.0,100216.0
2026-04-14 17:43:42.186255,487537,1609506115867071,3715837241,0.903776,0.001952,-0.111264,10.71875,14.44625,-0.13125,-21.12,-22.480001,-8.928,concentric,3,3.0,43801.0,183860.0,90025.0,183537.0,100216.0
2026-04-14 17:43:42.193577,487538,1609506115876024,3715845968,0.903776,0.001952,-0.111264,9.2225,15.5925,0.595,-21.12,-22.480001,-8.928,concentric,3,3.0,43801.0,183860.0,90025.0,183537.0,100216.0
2026-04-14 17:43:42.224211,487539,1609506115890478,3715858833,0.874496,0.040992,-0.005856,9.10875,17.325,0.77875,-21.320002,-22.480001,-8.088,concentric,3,3.0,43801.0,183860.0,90025.0,183537.0,100216.0
2026-04-14 17:43:42.248376,487540,1609506115899678,3715869560,0.874496,0.040992,-0.005856,8.96,17.85,-0.39375,-21.320002,-22.480001,-8.088,concentric,3,3.0,43801.0,183860.0,90025.0,183537.0,100216.0
2026-04-14 17:43:42.320820,487551,1609506115908690,3715878273,0.886208,0.001952,-0.191296,8.435,18.34,-0.98875,-21.256,-21.992,-8.8,concentric,3,3.0,44418.0,186376.0,91098.0,186232.0,101415.0
2026-04-14 17:43:42.323300,487552,1609506115923143,3715893218,0.886208,0.001952,-0.119072,8.085,17.43,-0.3325,-21.256,-21.992,-8.8,concentric,3,3.0,44418.0,186376.0,91098.0,186232.0,101415.0
2026-04-14 17:43:42.325754,487553,1609506115932072,3715901913,0.86864,-0.017568,-0.119072,7.98,16.03,-0.44625,-21.352001,-22.184002,-8.608001,concentric,3,3.0,44418.0,186376.0,91098.0,186232.0,101415.0
2026-04-14 17:43:42.328318,487554,1609506115946610,3715916821,0.933056,0.003904,0.134688,7.79625,14.37625,-0.8225,-21.352001,-22.616001,-10.0,concentric,3,3.0,44418.0,186376.0,91098.0,186232.0,101415.0
2026-04-14 17:43:42.330804,487555,1609506115955512,3715925489,0.933056,0.003904,0.134688,6.39625,13.658751,-0.62125,-21.352001,-22.616001,-10.0,concentric,3,3.0,44418.0,186376.0,91098.0,186232.0,101415.0
2026-04-14 17:43:42.333185,487556,1609506115964483,3715934158,0.9272,0.00976,0.163968,5.85375,13.0375,-0.63875,-20.560001,-22.792002,-9.92,concentric,3,3.0,44418.0,186376.0,91098.0,186232.0,101415.0
2026-04-14 17:43:42.335686,487557,1609506115978961,3715949060,0.9272,0.00976,0.163968,3.87625,12.59125,-0.5075,-20.560001,-22.792002,-9.92,concentric,3,3.0,44418.0,186376.0,91098.0,186232.0,101415.0
2026-04-14 17:43:42.340850,487558,1609506115987842,3715957721,0.827648,-0.023424,-0.103456,3.29,11.54125,0.245,-20.272001,-22.696001,-9.816001,concentric,3,3.0,44418.0,186376.0,91098.0,186232.0,101415.0
2026-04-14 17:43:42.368333,487569,1609506116002550,3715972726,0.827648,-0.023424,-0.103456,4.4275,9.485,0.32375,-20.272001,-22.696001,-9.816001,concentric,3,3.0,44575.0,186686.0,91347.0,186434.0,101833.0
2026-04-14 17:43:42.370952,487570,1609506116011645,3715981560,0.862784,-0.017568,-0.085888,5.69625,6.405,0.72625,-20.864,-22.36,-8.672001,concentric,3,3.0,44575.0,186686.0,91347.0,186434.0,101833.0
2026-04-14 17:43:42.373439,487571,1609506116026209,3715996455,0.872544,0.040992,0.081984,6.965,4.725,1.05,-20.608002,-22.36,-10.0,concentric,3,3.0,44575.0,186686.0,91347.0,186434.0,101833.0
2026-04-14 17:43:42.375948,487572,1609506116035172,3716005145,0.872544,0.040992,0.081984,8.33875,4.1125,0.06125,-20.608002,-22.36,-10.0,concentric,3,3.0,44575.0,186686.0,91347.0,186434.0,101833.0
2026-04-14 17:43:42.378391,487573,1609506116044137,3716013858,0.872544,0.02928,0.07808,6.02875,3.395,-0.4025,-20.608002,-22.36,-10.0,concentric,3,3.0,44575.0,186686.0,91347.0,186434.0,101833.0
2026-04-14 17:43:42.380857,487574,1609506116058695,3716028850,0.882304,0.02928,0.07808,1.4875,1.35625,-0.9975,-20.568,-22.288,-9.84,concentric,3,3.0,44575.0,186686.0,91347.0,186434.0,101833.0
2026-04-14 17:43:42.385984,487575,1609506116067607,3716037514,0.895968,-0.02928,-0.10736,-2.00375,-0.20125,-1.75875,-20.776001,-22.792002,-9.864,concentric,3,3.0,44575.0,186686.0,91347.0,186434.0,101833.0
2026-04-14 17:43:42.402145,487576,1609506116082100,3716052390,0.895968,-0.02928,-0.10736,-2.61625,-1.68,-1.75,-20.776001,-22.792002,-9.864,concentric,3,3.0,44575.0,186686.0,91347.0,186434.0,101833.0
2026-04-14 17:43:42.409695,487577,1609506116091009,3716061051,0.968192,-0.035136,-0.046848,-1.32125,-2.49375,-1.8025,-20.448002,-22.208,-9.72,concentric,3,3.0,44575.0,186686.0,91347.0,186434.0,101833.0
2026-04-14 17:43:42.450869,487588,1609506116105574,3716073929,0.991616,-0.017568,0.001952,-2.485,-2.7475,-2.3625,-20.656,-22.304,-10.736,concentric,3,3.0,44462.0,184906.0,91251.0,184772.0,101707.0
2026-04-14 17:43:42.453462,487589,1609506116114805,3716084738,0.991616,-0.017568,0.001952,-4.36625,-3.07125,-2.89625,-20.656,-22.304,-10.736,concentric,3,3.0,44462.0,184906.0,91251.0,184772.0,101707.0
2026-04-14 17:43:42.455981,487590,1609506116123750,3716093431,0.991616,-0.017568,0.001952,-7.8925,-3.955,-2.26625,-20.656,-22.304,-10.736,concentric,3,3.0,44462.0,184906.0,91251.0,184772.0,101707.0
2026-04-14 17:43:42.458365,487591,1609506116138251,3716108314,0.899872,-0.013664,-0.197152,-9.49375,-5.29375,-1.855,-21.392,-22.088001,-8.608001,concentric,3,3.0,44462.0,184906.0,91251.0,184772.0,101707.0
2026-04-14 17:43:42.465980,487592,1609506116147271,3716116984,0.901824,-0.005856,-0.083936,-9.835,-6.895,-1.84625,-21.464,-22.240002,-8.896001,concentric,3,3.0,44462.0,184906.0,91251.0,184772.0,101707.0
2026-04-14 17:43:42.479761,487593,1609506116161724,3716131874,0.901824,-0.005856,-0.083936,-8.785,-7.91875,-1.77625,-21.464,-22.240002,-8.896001,concentric,3,3.0,44462.0,184906.0,91251.0,184772.0,101707.0
2026-04-14 17:43:42.488480,487594,1609506116170658,3716140553,0.989664,-0.011712,0.031232,-7.2975,-7.91875,-2.09125,-20.728,-22.352001,-9.856001,concentric,3,3.0,44462.0,184906.0,91251.0,184772.0,101707.0
2026-04-14 17:43:42.502849,487595,1609506116179574,3716149233,0.989664,-0.011712,0.031232,-6.92125,-7.42,-2.625,-20.728,-22.352001,-9.856001,concentric,3,3.0,44462.0,184906.0,91251.0,184772.0,101707.0
2026-04-14 17:43:42.512443,487596,1609506116194018,3716164109,0.954528,0.015616,0.113216,-8.155,-6.06375,-2.94,-20.664001,-22.696001,-9.344001,concentric,3,3.0,44462.0,184906.0,91251.0,184772.0,101707.0
2026-04-14 17:43:42.553259,487607,1609506116202983,3716173211,0.954528,0.015616,0.113216,-8.89875,-3.57,-3.24625,-20.664001,-22.696001,-9.344001,concentric,3,3.0,45172.0,187035.0,92667.0,187020.0,103091.0
2026-04-14 17:43:42.555625,487608,1609506116217518,3716186140,0.94672,-0.02928,0.027328,-8.77625,-1.855,-3.10625,-20.896002,-22.248001,-8.344001,concentric,3,3.0,45172.0,187035.0,92667.0,187020.0,103091.0
2026-04-14 17:43:42.558625,487609,1609506116227064,3716196905,0.880352,-0.033184,-0.1464,-6.55375,0.35,-3.7625,-22.432001,-21.848001,-6.696,concentric,3,3.0,45172.0,187035.0,92667.0,187020.0,103091.0
2026-04-14 17:43:42.563629,487610,1609506116235980,3716205602,0.880352,-0.033184,-0.1464,-3.1675,1.7675,-3.8675,-22.432001,-21.848001,-6.696,concentric,3,3.0,45172.0,187035.0,92667.0,187020.0,103091.0
2026-04-14 17:43:42.593195,487611,1609506116250566,3716220529,0.85888,0.02928,-0.070272,-0.74375,3.0625,-4.2875,-21.696001,-22.408,-8.696,concentric,3,3.0,45172.0,187035.0,92667.0,187020.0,103091.0
2026-04-14 17:43:42.595658,487612,1609506116259464,3716229194,0.85888,0.02928,-0.070272,0.4725,5.11875,-4.71625,-21.696001,-22.408,-8.696,concentric,3,3.0,45172.0,187035.0,92667.0,187020.0,103091.0
2026-04-14 17:43:42.598641,487613,1609506116274004,3716244087,0.950624,-0.033184,-0.10736,0.41125,6.16875,-5.39875,-21.536001,-22.352001,-8.488001,concentric,3,3.0,45172.0,187035.0,92667.0,187020.0,103091.0
2026-04-14 17:43:42.626154,487614,1609506116283008,3716252782,0.950624,-0.033184,-0.10736,0.6125,6.72875,-5.99375,-21.536001,-22.352001,-8.488001,concentric,3,3.0,45172.0,187035.0,92667.0,187020.0,103091.0
2026-04-14 17:43:42.628762,487615,1609506116297491,3716267680,0.90768,-0.01952,-0.122976,1.1375,7.8925,-5.985,-21.384,-22.248001,-8.728001,concentric,3,3.0,45172.0,187035.0,92667.0,187020.0,103091.0
2026-04-14 17:43:42.688627,487626,1609506116306576,3716276381,0.958432,-0.042944,0.025376,2.5375,8.28625,-6.51,-21.392,-22.656,-9.864,concentric,3,3.0,45395.0,188152.0,93144.0,188136.0,103579.0
2026-04-14 17:43:42.691131,487627,1609506116315561,3716285127,0.958432,-0.042944,0.025376,3.01,8.16375,-6.6675,-21.392,-22.656,-9.864,concentric,3,3.0,45395.0,188152.0,93144.0,188136.0,103579.0
2026-04-14 17:43:42.693562,487628,1609506116330135,3716300026,0.96624,-0.064416,-0.042944,3.29875,7.97125,-5.425,-21.352001,-22.28,-9.304001,concentric,3,3.0,45395.0,188152.0,93144.0,188136.0,103579.0
2026-04-14 17:43:42.696072,487629,1609506116339032,3716308711,0.96624,-0.064416,-0.042944,3.49125,7.42875,-4.445,-21.352001,-22.28,-9.304001,concentric,3,3.0,45395.0,188152.0,93144.0,188136.0,103579.0
2026-04-14 17:43:42.698623,487630,1609506116353520,3716323561,0.880352,0.003904,0.001952,4.8125,6.55375,-3.6225,-20.848001,-22.536001,-11.576,concentric,3,3.0,45395.0,188152.0,93144.0,188136.0,103579.0
2026-04-14 17:43:42.700566,487631,1609506116362564,3716332274,0.880352,0.003904,0.001952,6.43125,6.11625,-3.40375,-20.848001,-22.536001,-11.576,concentric,3,3.0,45395.0,188152.0,93144.0,188136.0,103579.0
2026-04-14 17:43:42.703655,487632,1609506116377169,3716347226,0.890112,0.027328,0.015616,6.08125,5.075,-2.87875,-20.544,-22.624,-9.76,concentric,3,3.0,45395.0,188152.0,93144.0,188136.0,103579.0
2026-04-14 17:43:42.705670,487633,1609506116386116,3716355962,0.890112,0.027328,-0.00976,5.57375,4.025,-2.44125,-20.544,-22.624,-9.76,concentric,3,3.0,45395.0,188152.0,93144.0,188136.0,103579.0
2026-04-14 17:43:42.712625,487634,1609506116395078,3716364688,0.864736,0.01952,-0.00976,4.06875,3.3775,-2.7475,-20.576,-22.456001,-9.360001,concentric,3,3.0,45395.0,188152.0,93144.0,188136.0,103579.0
2026-04-14 17:43:42.750770,487645,1609506116409813,3716379641,0.970144,-0.00976,0.103456,2.73,2.8875,-2.45875,-20.944,-22.152,-9.808001,concentric,3,3.0,46499.0,194789.0,95201.0,194808.0,105982.0
2026-04-14 17:43:42.755841,487646,1609506116418800,3716388428,0.970144,-0.00976,0.103456,2.38,1.89875,-2.42375,-20.944,-22.152,-9.808001,concentric,3,3.0,46499.0,194789.0,95201.0,194808.0,105982.0
2026-04-14 17:43:42.758789,487647,1609506116433272,3716403371,0.976,-0.00976,0.01952,4.12125,2.5725,-3.40375,-20.376001,-22.720001,-9.704,concentric,3,3.0,46499.0,194789.0,95201.0,194808.0,105982.0
2026-04-14 17:43:42.761164,487648,1609506116442183,3716412047,0.976,-0.00976,0.01952,6.30875,2.94,-3.955,-20.376001,-22.720001,-9.704,concentric,3,3.0,46499.0,194789.0,95201.0,194808.0,105982.0
2026-04-14 17:43:42.774042,487649,1609506116451193,3716420726,0.919392,0.00976,0.023424,6.65,2.96625,-4.17375,-20.496,-22.880001,-9.728001,concentric,3,3.0,46499.0,194789.0,95201.0,194808.0,105982.0
2026-04-14 17:43:42.783352,487650,1609506116465718,3716435722,0.919392,0.00976,0.023424,6.09875,3.31625,-4.27,-20.496,-22.880001,-9.728001,concentric,3,3.0,46499.0,194789.0,95201.0,194808.0,105982.0
2026-04-14 17:43:42.815934,487651,1609506116474735,3716444433,0.981856,-0.017568,0.0,5.6,3.36,-3.8325,-20.44,-22.904001,-10.320001,concentric,3,3.0,46499.0,194789.0,95201.0,194808.0,105982.0
2026-04-14 17:43:42.823444,487652,1609506116489188,3716459285,0.899872,0.013664,-0.134688,5.62625,3.5875,-3.70125,-20.456001,-22.488,-9.04,concentric,3,3.0,46499.0,194789.0,95201.0,194808.0,105982.0
2026-04-14 17:43:42.825734,487653,1609506116498082,3716467947,0.899872,0.013664,-0.134688,4.935,4.26125,-4.4625,-20.456001,-22.488,-9.04,concentric,3,3.0,46499.0,194789.0,95201.0,194808.0,105982.0
2026-04-14 17:43:42.858299,487665,1609506116512642,3716481220,0.962336,-0.021472,-0.035136,2.37125,4.87375,-4.34875,-21.104,-22.312,-8.616,concentric,3,3.0,47374.0,199073.0,97269.0,198891.0,108411.0
2026-04-14 17:43:42.861005,487666,1609506116522202,3716492036,0.962336,-0.021472,-0.035136,-0.20125,4.87375,-3.66625,-21.104,-22.312,-8.616,concentric,3,3.0,47374.0,199073.0,97269.0,198891.0,108411.0
2026-04-14 17:43:42.863487,487667,1609506116531144,3716500771,0.972096,-0.021472,0.05856,0.0875,4.34,-3.26375,-21.552002,-22.712002,-8.592,concentric,3,3.0,47374.0,199073.0,97269.0,198891.0,108411.0
2026-04-14 17:43:42.865802,487668,1609506116545714,3716515668,0.972096,-0.021472,0.05856,0.88375,3.115,-3.21125,-21.552002,-22.712002,-8.592,concentric,3,3.0,47374.0,199073.0,97269.0,198891.0,108411.0
2026-04-14 17:43:42.874832,487669,1609506116554669,3716524375,0.874496,0.023424,-0.017568,0.5775,2.7825,-3.43,-21.560001,-22.424002,-8.744,concentric,3,3.0,47374.0,199073.0,97269.0,198891.0,108411.0
2026-04-14 17:43:42.888244,487670,1609506116569150,3716539231,0.876448,0.042944,0.050752,0.88375,2.0475,-2.72125,-20.736,-22.408,-9.88,concentric,3,3.0,47374.0,199073.0,97269.0,198891.0,108411.0
2026-04-14 17:43:42.894592,487671,1609506116578140,3716547912,0.876448,0.042944,0.050752,1.4525,0.76125,-2.86125,-20.736,-22.408,-9.88,concentric,3,3.0,47374.0,199073.0,97269.0,198891.0,108411.0
2026-04-14 17:43:42.905834,487672,1609506116587088,3716556582,0.876448,0.042944,0.050752,0.21875,-0.385,-2.8875,-20.736,-22.408,-9.88,concentric,3,3.0,47374.0,199073.0,97269.0,198891.0,108411.0
2026-04-14 17:43:42.920929,487673,1609506116601568,3716571462,0.854976,0.035136,-0.017568,-1.74125,-0.8575,-2.59,-20.496,-22.232,-7.904,concentric,3,3.0,47374.0,199073.0,97269.0,198891.0,108411.0
2026-04-14 17:43:43.000718,487684,1609506116610663,3716580240,0.85888,0.01952,-0.035136,-3.89375,-1.61875,-2.24875,-20.584002,-22.488,-9.888001,concentric,3,3.0,47900.0,198116.0,98333.0,198255.0,109639.0
2026-04-14 17:43:43.003367,487685,1609506116625211,3716595173,0.85888,0.01952,-0.035136,-4.52375,-2.51125,-2.26625,-20.584002,-22.488,-9.888001,concentric,3,3.0,47900.0,198116.0,98333.0,198255.0,109639.0
2026-04-14 17:43:43.005934,487686,1609506116634143,3716603854,0.890112,-0.001952,-0.162016,-3.38625,-3.57875,-2.05625,-22.032001,-22.248001,-8.408,concentric,3,3.0,47900.0,198116.0,98333.0,198255.0,109639.0
2026-04-14 17:43:43.008436,487687,1609506116648616,3716618748,0.96624,-0.005856,-0.066368,-3.43,-4.06875,-1.505,-21.936,-22.072,-8.936001,concentric,3,3.0,47900.0,198116.0,98333.0,198255.0,109639.0
2026-04-14 17:43:43.010943,487688,1609506116657513,3716627408,0.96624,-0.005856,-0.066368,-3.9375,-4.01625,-1.33,-21.936,-22.072,-8.936001,concentric,3,3.0,47900.0,198116.0,98333.0,198255.0,109639.0
2026-04-14 17:43:43.013428,487689,1609506116666423,3716636079,0.96624,-0.005856,-0.066368,-4.655,-3.9375,-1.3825,-21.936,-22.072,-8.936001,concentric,3,3.0,47900.0,198116.0,98333.0,198255.0,109639.0
2026-04-14 17:43:43.015973,487690,1609506116680904,3716651027,0.88816,0.013664,-0.15616,-5.3025,-3.64,-1.63625,-21.136002,-22.088001,-8.616,concentric,3,3.0,47900.0,198116.0,98333.0,198255.0,109639.0
2026-04-14 17:43:43.018408,487691,1609506116689858,3716659749,0.983808,0.02928,0.095648,-5.3025,-3.535,-1.65375,-21.232,-22.080002,-8.92,concentric,3,3.0,47900.0,198116.0,98333.0,198255.0,109639.0
2026-04-14 17:43:43.023777,487692,1609506116704378,3716674631,0.983808,0.02928,0.095648,-4.31375,-2.765,-1.95125,-21.232,-22.080002,-8.92,concentric,3,3.0,47900.0,198116.0,98333.0,198255.0,109639.0
2026-04-14 17:43:43.050875,487703,1609506116713351,3716683404,0.91744,0.015616,-0.105408,-4.1125,-0.8225,-2.80875,-21.432001,-22.504002,-8.88,concentric,3,3.0,48410.0,198991.0,99343.0,199140.0,110743.0
2026-04-14 17:43:43.053803,487704,1609506116727891,3716696267,0.91744,0.015616,-0.105408,-3.8325,0.56,-2.6075,-21.432001,-22.504002,-8.88,concentric,3,3.0,48410.0,198991.0,99343.0,199140.0,110743.0
2026-04-14 17:43:43.055949,487705,1609506116737125,3716707077,0.938912,-0.007808,-0.130784,-4.41,1.18125,-2.82625,-21.352001,-22.44,-7.816001,concentric,3,3.0,48410.0,198991.0,99343.0,199140.0,110743.0
2026-04-14 17:43:43.063329,487706,1609506116746075,3716715783,0.938912,-0.007808,-0.130784,-4.34875,1.44375,-2.87875,-21.352001,-22.44,-7.816001,concentric,3,3.0,48410.0,198991.0,99343.0,199140.0,110743.0
2026-04-14 17:43:43.078658,487707,1609506116760574,3716730650,0.923296,-0.003904,-0.148352,-3.80625,1.30375,-2.205,-20.152,-22.496,-9.856001,concentric,3,3.0,48410.0,198991.0,99343.0,199140.0,110743.0
2026-04-14 17:43:43.088667,487708,1609506116769485,3716739321,0.905728,0.015616,-0.134688,-2.51125,0.9625,-2.0475,-20.384,-22.592001,-11.848001,concentric,3,3.0,48410.0,198991.0,99343.0,199140.0,110743.0
2026-04-14 17:43:43.100736,487709,1609506116783960,3716754166,0.905728,0.015616,-0.134688,-1.46125,0.63875,-3.00125,-20.384,-22.592001,-11.848001,concentric,3,3.0,48410.0,198991.0,99343.0,199140.0,110743.0
2026-04-14 17:43:43.112550,487710,1609506116792876,3716762851,0.870592,0.00976,-0.162016,-1.4525,0.245,-3.47375,-20.784,-22.304,-8.488001,concentric,3,3.0,48410.0,198991.0,99343.0,199140.0,110743.0
2026-04-14 17:43:43.123790,487711,1609506116807367,3716775729,0.870592,0.00976,-0.162016,-1.645,-0.385,-2.86125,-20.784,-22.304,-8.488001,concentric,3,3.0,48410.0,198991.0,99343.0,199140.0,110743.0
2026-04-14 17:43:43.150829,487722,1609506116816987,3716786609,0.870592,0.00976,-0.1464,-0.7875,-0.8575,-1.95125,-21.240002,-22.6,-8.88,concentric,3,3.0,48463.0,198406.0,99462.0,198625.0,110976.0
2026-04-14 17:43:43.156448,487723,1609506116825953,3716795317,0.870592,0.00976,-0.1464,1.1725,-1.23375,-1.68,-21.240002,-22.6,-8.88,concentric,3,3.0,48463.0,198406.0,99462.0,198625.0,110976.0
2026-04-14 17:43:43.158226,487724,1609506116840463,3716810239,0.90768,0.046848,0.072224,1.56625,-1.19,-2.03,-20.744001,-22.104002,-9.8,concentric,3,3.0,48463.0,198406.0,99462.0,198625.0,110976.0
2026-04-14 17:43:43.165661,487725,1609506116849395,3716818940,0.90768,0.023424,-0.113216,-0.28,-0.5075,-1.9425,-20.744001,-22.104002,-11.848001,concentric,3,3.0,48463.0,198406.0,99462.0,198625.0,110976.0
2026-04-14 17:43:43.181154,487726,1609506116863896,3716833826,0.84912,0.023424,-0.113216,-1.4,0.06125,-1.4,-20.472,-22.424002,-11.792001,concentric,3,3.0,48463.0,198406.0,99462.0,198625.0,110976.0
2026-04-14 17:43:43.191204,487727,1609506116872835,3716842512,0.948672,0.033184,0.140544,-1.39125,0.18375,-0.8925,-20.392,-22.640001,-8.984,concentric,3,3.0,48463.0,198406.0,99462.0,198625.0,110976.0
2026-04-14 17:43:43.199818,487728,1609506116881708,3716851214,0.948672,0.033184,0.140544,1.07625,0.49,-1.82875,-20.392,-22.640001,-8.984,concentric,3,3.0,48463.0,198406.0,99462.0,198625.0,110976.0
2026-04-14 17:43:43.215011,487729,1609506116896256,3716866114,0.860832,0.05856,-0.072224,2.86125,0.62125,-2.2575,-21.256,-22.328001,-8.632,concentric,3,3.0,48463.0,198406.0,99462.0,198625.0,110976.0
2026-04-14 17:43:43.222592,487730,1609506116905197,3716874802,0.860832,0.05856,-0.072224,1.67125,1.1375,-2.42375,-21.256,-22.328001,-8.632,concentric,3,3.0,48463.0,198406.0,99462.0,198625.0,110976.0
2026-04-14 17:43:43.250629,487741,1609506116919800,3716889790,0.977952,-0.003904,0.072224,-2.1875,1.54,-1.56625,-21.368002,-22.400002,-10.192,concentric,3,3.0,48102.0,198746.0,98922.0,198777.0,110394.0
2026-04-14 17:43:43.256248,487742,1609506116928727,3716898458,0.977952,-0.003904,0.072224,-4.8475,1.6625,-0.9975,-21.368002,-22.400002,-10.192,concentric,3,3.0,48102.0,198746.0,98922.0,198777.0,110394.0
2026-04-14 17:43:43.261115,487743,1609506116943210,3716913390,0.901824,0.033184,0.070272,-2.835,0.60375,-1.28625,-21.36,-22.400002,-8.816,concentric,3,3.0,48102.0,198746.0,98922.0,198777.0,110394.0
2026-04-14 17:43:43.271372,487744,1609506116952113,3716922056,0.903776,0.023424,-0.124928,0.81375,0.11375,-1.91625,-21.336,-22.128,-9.584001,concentric,3,3.0,48102.0,198746.0,98922.0,198777.0,110394.0
2026-04-14 17:43:43.279541,487745,1609506116961022,3716930731,0.903776,0.023424,-0.124928,0.7175,-0.7175,-2.30125,-21.336,-22.128,-9.584001,concentric,3,3.0,48102.0,198746.0,98922.0,198777.0,110394.0
2026-04-14 17:43:43.293590,487746,1609506116975526,3716945647,0.884256,0.011712,-0.050752,-1.72375,-0.665,-1.4525,-20.400002,-22.624,-10.328,concentric,3,3.0,48102.0,198746.0,98922.0,198777.0,110394.0
2026-04-14 17:43:43.326310,487747,1609506116984464,3716954344,0.884256,0.011712,-0.050752,-4.27,-1.39125,-0.4725,-20.400002,-22.624,-10.328,concentric,3,3.0,48102.0,198746.0,98922.0,198777.0,110394.0
2026-04-14 17:43:43.350693,487748,1609506116998921,3716969203,0.976,-0.013664,0.099552,-4.97875,-2.6075,0.0,-21.456001,-22.528002,-9.104,concentric,3,3.0,48102.0,198746.0,98922.0,198777.0,110394.0
2026-04-14 17:43:43.408778,487759,1609506117007834,3716977826,0.976,-0.013664,0.099552,-2.7475,-3.4125,0.4375,-21.456001,-22.528002,-9.104,concentric,3,3.0,47622.0,197833.0,98281.0,197584.0,109710.0
2026-04-14 17:43:43.411278,487760,1609506117022350,3716990695,0.895968,0.021472,-0.089792,-1.40875,-3.185,0.4375,-22.344002,-22.44,-9.152,concentric,3,3.0,47622.0,197833.0,98281.0,197584.0,109710.0
2026-04-14 17:43:43.413785,487761,1609506117031481,3717001435,0.864736,0.044896,0.0,-3.3775,-2.59875,0.51625,-21.232,-22.112001,-10.032001,concentric,3,3.0,47622.0,197833.0,98281.0,197584.0,109710.0
2026-04-14 17:43:43.416275,487762,1609506117040417,3717010133,0.864736,0.044896,0.0,-5.1975,-2.0475,1.33,-21.232,-22.112001,-10.032001,concentric,3,3.0,47622.0,197833.0,98281.0,197584.0,109710.0
2026-04-14 17:43:43.418623,487763,1609506117054885,3717025006,0.872544,-0.013664,-0.163968,-6.08125,-2.555,0.28875,-21.472,-22.072,-9.032001,concentric,3,3.0,47622.0,197833.0,98281.0,197584.0,109710.0
2026-04-14 17:43:43.420773,487764,1609506117063794,3717033700,0.872544,-0.013664,-0.163968,-6.22125,-3.29875,0.32375,-21.472,-22.072,-9.032001,concentric,3,3.0,47622.0,197833.0,98281.0,197584.0,109710.0
2026-04-14 17:43:43.423374,487765,1609506117078312,3717048691,0.931104,0.021472,0.064416,-5.46875,-2.7125,0.84,-21.704,-21.944,-9.016001,concentric,3,3.0,47622.0,197833.0,98281.0,197584.0,109710.0
2026-04-14 17:43:43.425936,487766,1609506117087302,3717057432,0.931104,0.021472,0.064416,-4.73375,-2.835,0.7875,-21.704,-21.944,-9.016001,concentric,3,3.0,47622.0,197833.0,98281.0,197584.0,109710.0
2026-04-14 17:43:43.428825,487767,1609506117101809,3717070283,0.866688,0.033184,-0.093696,-5.20625,-2.3275,0.6825,-21.464,-22.168001,-8.728001,concentric,3,3.0,47622.0,197833.0,98281.0,197584.0,109710.0
2026-04-14 17:43:43.481131,487778,1609506117111653,3717081162,0.929152,0.037088,0.083936,-5.64375,-1.54,0.58625,-21.584002,-22.208,-9.416,concentric,3,3.0,47859.0,198402.0,98745.0,198214.0,110182.0
2026-04-14 17:43:43.483718,487779,1609506117120636,3717089883,0.929152,0.037088,0.083936,-4.96125,-1.23375,0.245,-21.584002,-22.208,-9.416,concentric,3,3.0,47859.0,198402.0,98745.0,198214.0,110182.0
2026-04-14 17:43:43.488820,487780,1609506117135099,3717104852,0.954528,0.00976,0.06832,-4.62875,-0.63,-0.28,-20.504002,-22.232,-9.784,concentric,3,3.0,47859.0,198402.0,98745.0,198214.0,110182.0
2026-04-14 17:43:43.491002,487781,1609506117144046,3717113538,0.954528,0.00976,0.06832,-5.13625,0.06125,-0.91,-20.504002,-22.232,-9.784,concentric,3,3.0,47859.0,198402.0,98745.0,198214.0,110182.0
2026-04-14 17:43:43.493746,487782,1609506117152959,3717122229,0.954528,-0.02928,-0.08784,-5.55625,0.86625,-0.16625,-21.032001,-22.464,-10.536,concentric,3,3.0,47859.0,198402.0,98745.0,198214.0,110182.0
2026-04-14 17:43:43.496290,487783,1609506117167576,3717137190,0.954528,-0.02928,-0.08784,-3.91125,1.91625,0.65625,-21.032001,-22.464,-10.536,concentric,3,3.0,47859.0,198402.0,98745.0,198214.0,110182.0
2026-04-14 17:43:43.498718,487784,1609506117176526,3717145931,0.94672,0.017568,0.066368,-2.40625,3.26375,-0.49,-20.896002,-22.76,-9.72,concentric,3,3.0,47859.0,198402.0,98745.0,198214.0,110182.0
2026-04-14 17:43:43.510002,487785,1609506117191025,3717160860,0.94672,0.017568,0.066368,-0.77,4.12125,-0.46375,-20.896002,-22.76,-9.72,concentric,3,3.0,47859.0,198402.0,98745.0,198214.0,110182.0
2026-04-14 17:43:43.517331,487786,1609506117199936,3717169594,0.944768,0.003904,0.066368,-0.5075,4.64625,-0.49875,-21.848001,-22.240002,-9.976001,concentric,3,3.0,47859.0,198402.0,98745.0,198214.0,110182.0
2026-04-14 17:43:43.552383,487797,1609506117214594,3717182962,0.862784,-0.003904,-0.06832,-1.67125,3.56125,-0.455,-20.792002,-22.432001,-9.512,concentric,3,3.0,48237.0,200011.0,99396.0,199802.0,110872.0
2026-04-14 17:43:43.554535,487798,1609506117223985,3717193808,0.862784,-0.003904,-0.06832,-2.96625,3.05375,-0.07,-20.792002,-22.432001,-9.512,concentric,3,3.0,48237.0,200011.0,99396.0,199802.0,110872.0
2026-04-14 17:43:43.557402,487799,1609506117232943,3717202553,0.911584,-0.021472,-0.128832,-2.94,2.45,0.27125,-21.824001,-22.152,-8.352,concentric,3,3.0,48237.0,200011.0,99396.0,199802.0,110872.0
2026-04-14 17:43:43.565066,487800,1609506117247431,3717217460,0.911584,-0.021472,-0.128832,-1.47,2.0125,0.83125,-21.824001,-22.152,-8.352,concentric,3,3.0,48237.0,200011.0,99396.0,199802.0,110872.0
2026-04-14 17:43:43.575810,487801,1609506117256348,3717226187,0.942816,0.007808,0.103456,-1.1025,2.205,0.6125,-20.744001,-22.216002,-9.52,concentric,3,3.0,48237.0,200011.0,99396.0,199802.0,110872.0
2026-04-14 17:43:43.590012,487802,1609506117270837,3717241043,0.942816,0.007808,0.103456,-1.8375,2.555,0.6475,-20.744001,-22.216002,-9.52,concentric,3,3.0,48237.0,200011.0,99396.0,199802.0,110872.0
2026-04-14 17:43:43.600091,487803,1609506117279732,3717249747,0.866688,-0.005856,-0.05856,-2.07375,2.835,1.51375,-21.208,-21.936,-8.864,concentric,3,3.0,48237.0,200011.0,99396.0,199802.0,110872.0
2026-04-14 17:43:43.611322,487804,1609506117294273,3717262624,0.901824,-0.007808,0.003904,-1.4875,2.12625,1.47875,-21.696001,-22.024,-8.136001,concentric,3,3.0,48237.0,200011.0,99396.0,199802.0,110872.0
2026-04-14 17:43:43.625989,487805,1609506117303440,3717273365,0.901824,-0.007808,0.003904,-0.0175,2.10875,1.33,-21.696001,-22.024,-8.136001,concentric,3,3.0,48237.0,200011.0,99396.0,199802.0,110872.0
2026-04-14 17:43:43.652086,487816,1609506117312964,3717282176,0.901824,0.017568,-0.064416,1.32125,2.75625,1.5225,-21.04,-22.84,-10.120001,concentric,3,3.0,48610.0,200267.0,100066.0,200240.0,111630.0
2026-04-14 17:43:43.654423,487817,1609506117327501,3717297121,0.894016,0.017568,-0.064416,2.86125,3.5175,1.26875,-21.04,-22.84,-10.120001,concentric,3,3.0,48610.0,200267.0,100066.0,200240.0,111630.0
2026-04-14 17:43:43.657099,487818,1609506117336513,3717305803,0.905728,-0.001952,-0.093696,2.56375,4.10375,0.56875,-20.888,-22.288,-9.64,concentric,3,3.0,48610.0,200267.0,100066.0,200240.0,111630.0
2026-04-14 17:43:43.662123,487819,1609506117345523,3717314495,0.905728,-0.001952,-0.093696,1.56625,4.47125,0.0,-20.888,-22.288,-9.64,concentric,3,3.0,48610.0,200267.0,100066.0,200240.0,111630.0
2026-04-14 17:43:43.693069,487820,1609506117359998,3717329347,0.876448,-0.00976,-0.099552,-0.245,4.62875,-0.84,-21.272001,-22.488,-10.424001,concentric,3,3.0,48610.0,200267.0,100066.0,200240.0,111630.0
2026-04-14 17:43:43.721099,487821,1609506117368926,3717338107,0.876448,-0.00976,-0.099552,-0.56875,3.7275,-0.72625,-21.272001,-22.488,-10.424001,concentric,3,3.0,48610.0,200267.0,100066.0,200240.0,111630.0
2026-04-14 17:43:43.743388,487822,1609506117383404,3717352983,0.970144,-0.056608,-0.00976,0.28,3.3425,-0.7,-22.704,-21.640001,-7.736001,concentric,3,3.0,48610.0,200267.0,100066.0,200240.0,111630.0
2026-04-14 17:43:43.768349,487823,1609506117392316,3717361648,0.970144,-0.056608,-0.00976,0.95375,2.7475,-0.1225,-22.704,-21.640001,-7.736001,concentric,3,3.0,48610.0,200267.0,100066.0,200240.0,111630.0
2026-04-14 17:43:43.778428,487824,1609506117406796,3717376602,0.929152,-0.03904,-0.134688,1.09375,2.26625,0.7,-22.888,-21.776001,-7.296001,concentric,3,3.0,48610.0,200267.0,100066.0,200240.0,111630.0
2026-04-14 17:43:43.808483,487835,1609506117415839,3717385330,0.923296,-0.02928,-0.046848,1.2775,2.31875,0.91,-21.928001,-21.888,-8.704,concentric,3,3.0,50204.0,202264.0,103097.0,202326.0,115315.0
2026-04-14 17:43:43.810904,487836,1609506117424786,3717394048,0.923296,-0.02928,-0.046848,0.74375,2.28375,0.0525,-21.928001,-21.888,-8.704,concentric,3,3.0,50204.0,202264.0,103097.0,202326.0,115315.0
2026-04-14 17:43:43.816186,487837,1609506117439253,3717408926,0.921344,-0.03904,-0.128832,0.7175,1.23375,0.035,-21.848001,-22.032001,-8.616,concentric,3,3.0,50204.0,202264.0,103097.0,202326.0,115315.0
2026-04-14 17:43:43.818267,487838,1609506117448177,3717417613,0.921344,-0.03904,-0.128832,1.295,0.945,0.035,-21.848001,-22.032001,-8.616,concentric,3,3.0,50204.0,202264.0,103097.0,202326.0,115315.0
2026-04-14 17:43:43.825904,487839,1609506117462664,3717432529,0.962336,-0.02928,-0.056608,1.575,1.0675,-0.5775,-22.128,-22.080002,-8.712001,concentric,3,3.0,50204.0,202264.0,103097.0,202326.0,115315.0
2026-04-14 17:43:43.826010,487840,1609506117471605,3717441250,0.962336,-0.02928,-0.056608,0.5425,1.4525,-0.60375,-22.128,-22.080002,-8.712001,concentric,3,3.0,50204.0,202264.0,103097.0,202326.0,115315.0
2026-04-14 17:43:43.826074,487841,1609506117486121,3717456199,0.93696,-0.013664,-0.03904,-1.4175,2.30125,-0.46375,-22.152,-22.064001,-9.328,concentric,3,3.0,50204.0,202264.0,103097.0,202326.0,115315.0
2026-04-14 17:43:43.827975,487842,1609506117495084,3717464888,0.993568,-0.011712,0.081984,-3.54375,2.75625,-0.72625,-21.528002,-22.392,-9.856001,concentric,3,3.0,50204.0,202264.0,103097.0,202326.0,115315.0
2026-04-14 17:43:43.830577,487843,1609506117504042,3717473581,0.993568,-0.011712,0.081984,-3.535,2.94,-1.09375,-21.528002,-22.392,-9.856001,concentric,3,3.0,50204.0,202264.0,103097.0,202326.0,115315.0
2026-04-14 17:43:43.858431,487854,1609506117518616,3717488659,0.94672,-0.025376,-0.17568,-2.07375,2.905,-1.58375,-21.512001,-22.288,-9.672001,concentric,3,3.0,50696.0,204365.0,104101.0,204199.0,116456.0
2026-04-14 17:43:43.860774,487855,1609506117527561,3717497403,0.94672,-0.025376,-0.17568,-2.5025,2.5025,-1.5575,-21.512001,-22.288,-9.672001,concentric,3,3.0,50696.0,204365.0,104101.0,204199.0,116456.0
2026-04-14 17:43:43.863240,487856,1609506117542094,3717512301,0.991616,-0.042944,-0.10736,-4.06,2.49375,-1.49625,-21.048,-22.136002,-9.544001,concentric,3,3.0,50696.0,204365.0,104101.0,204199.0,116456.0
2026-04-14 17:43:43.869753,487857,1609506117551014,3717521010,0.991616,-0.042944,-0.10736,-7.18375,2.0825,-1.04125,-21.048,-22.136002,-9.544001,concentric,3,3.0,50696.0,204365.0,104101.0,204199.0,116456.0
2026-04-14 17:43:43.880989,487858,1609506117565482,3717533880,0.983808,-0.03904,-0.13664,-8.42625,1.9775,-0.7525,-21.384,-22.032001,-9.400001,concentric,3,3.0,50696.0,204365.0,104101.0,204199.0,116456.0
2026-04-14 17:43:43.892271,487859,1609506117574717,3717544638,0.931104,0.003904,-0.148352,-7.7525,1.715,-0.5775,-21.968,-22.368002,-10.280001,concentric,3,3.0,50696.0,204365.0,104101.0,204199.0,116456.0
2026-04-14 17:43:43.903484,487860,1609506117583655,3717553306,0.931104,0.003904,-0.148352,-6.685,1.39125,-1.12,-21.968,-22.368002,-10.280001,concentric,3,3.0,50696.0,204365.0,104101.0,204199.0,116456.0
2026-04-14 17:43:43.917951,487861,1609506117598166,3717568201,0.972096,-0.013664,-0.187392,-6.8075,1.49625,-1.4525,-20.872002,-22.136002,-9.76,concentric,3,3.0,50696.0,204365.0,104101.0,204199.0,116456.0
2026-04-14 17:43:43.924546,487862,1609506117607164,3717576889,0.972096,-0.013664,-0.187392,-9.345,1.7325,-1.2425,-20.872002,-22.136002,-9.76,concentric,3,3.0,50696.0,204365.0,104101.0,204199.0,116456.0
2026-04-14 17:43:43.953378,487873,1609506117621782,3717591844,0.976,0.035136,-0.081984,-11.917501,1.89,-1.0325,-22.448002,-21.920002,-7.872,concentric,3,3.0,50848.0,207572.0,104428.0,206816.0,116845.0
2026-04-14 17:43:43.955989,487874,1609506117630727,3717600561,0.976,0.035136,-0.081984,-12.34625,2.1525,-0.6475,-22.448002,-21.920002,-7.872,concentric,3,3.0,50848.0,207572.0,104428.0,206816.0,116845.0
2026-04-14 17:43:43.963481,487875,1609506117645254,3717615504,1.069696,0.001952,-0.056608,-10.823751,1.96,-2.1175,-21.688002,-22.168001,-7.928001,concentric,3,3.0,50848.0,207572.0,104428.0,206816.0,116845.0
2026-04-14 17:43:43.973477,487876,1609506117654201,3717624182,1.069696,0.001952,-0.056608,-9.98375,2.03,-3.8325,-21.688002,-22.168001,-7.928001,concentric,3,3.0,50848.0,207572.0,104428.0,206816.0,116845.0
2026-04-14 17:43:43.980966,487877,1609506117663120,3717632858,0.993568,0.02928,-0.134688,-8.6975,1.72375,-3.185,-22.016,-22.128,-8.872001,concentric,3,3.0,50848.0,207572.0,104428.0,206816.0,116845.0
2026-04-14 17:43:43.994582,487878,1609506117677636,3717647757,1.077504,-0.025376,-0.093696,-7.6125,2.0125,-2.8175,-21.232,-22.584002,-8.976001,concentric,3,3.0,50848.0,207572.0,104428.0,206816.0,116845.0
2026-04-14 17:43:44.004341,487879,1609506117686555,3717656435,1.077504,-0.025376,-0.093696,-9.93125,3.24625,-2.24,-21.232,-22.584002,-8.976001,concentric,3,3.0,50848.0,207572.0,104428.0,206816.0,116845.0
2026-04-14 17:43:44.020843,487880,1609506117701038,3717671303,1.059936,0.011712,0.046848,-13.22125,5.41625,-0.6825,-21.472,-22.368002,-8.68,concentric,3,3.0,50848.0,207572.0,104428.0,206816.0,116845.0
2026-04-14 17:43:44.028455,487881,1609506117709941,3717679987,1.059936,0.011712,0.046848,-15.5575,8.47,-0.13125,-21.472,-22.368002,-8.68,concentric,3,3.0,50848.0,207572.0,104428.0,206816.0,116845.0
2026-04-14 17:43:44.138805,487892,1609506117724503,3717692901,1.001376,0.0,-0.13664,-16.02125,10.87625,-0.25375,-21.224,-22.304,-8.352,concentric,3,3.0,51501.0,211698.0,105694.0,210619.0,118258.0
2026-04-14 17:43:44.140972,487893,1609506117733784,3717703690,1.001376,0.0,-0.13664,-16.065,12.11875,-1.26,-21.224,-22.304,-8.352,concentric,3,3.0,51501.0,211698.0,105694.0,210619.0,118258.0
2026-04-14 17:43:44.145796,487894,1609506117742742,3717712368,0.954528,0.031232,-0.109312,-14.6825,12.46875,-2.66,-22.688002,-22.016,-6.848001,concentric,3,3.0,51501.0,211698.0,105694.0,210619.0,118258.0
2026-04-14 17:43:44.148492,487895,1609506117757208,3717727292,0.981856,0.013664,-0.183488,-11.78625,12.53,-4.08625,-23.048,-21.904001,-4.968,concentric,3,3.0,51501.0,211698.0,105694.0,210619.0,118258.0
2026-04-14 17:43:44.150841,487896,1609506117766126,3717735975,0.981856,0.013664,-0.183488,-11.19125,11.7075,-4.725,-23.048,-21.904001,-4.968,concentric,3,3.0,51501.0,211698.0,105694.0,210619.0,118258.0
2026-04-14 17:43:44.153772,487897,1609506117780604,3717750847,1.028704,0.011712,-0.06832,-11.935,11.54125,-4.13875,-22.816002,-22.320002,-7.032001,concentric,3,3.0,51501.0,211698.0,105694.0,210619.0,118258.0
2026-04-14 17:43:44.156295,487898,1609506117789526,3717759523,1.028704,0.011712,-0.06832,-11.9875,11.8125,-4.10375,-22.816002,-22.320002,-7.032001,concentric,3,3.0,51501.0,211698.0,105694.0,210619.0,118258.0
2026-04-14 17:43:44.158823,487899,1609506117798472,3717768183,0.94672,0.025376,-0.005856,-12.87125,12.34625,-3.7275,-22.04,-22.6,-7.064,concentric,3,3.0,51501.0,211698.0,105694.0,210619.0,118258.0
2026-04-14 17:43:44.185923,487910,1609506117812980,3717783031,0.94672,0.025376,-0.005856,-12.71375,13.4925,-2.905,-22.04,-22.6,-7.064,concentric,3,3.0,54933.0,218420.0,112027.0,217007.0,125352.0
2026-04-14 17:43:44.190852,487911,1609506117822294,3717791763,1.028704,-0.007808,0.02928,-12.845,14.25375,-2.03875,-21.912,-22.552002,-6.544,concentric,3,3.0,54933.0,218420.0,112027.0,217007.0,125352.0
2026-04-14 17:43:44.193325,487912,1609506117836811,3717806814,1.03456,-0.003904,-0.189344,-14.37625,15.75,-0.32375,-22.2,-22.320002,-3.984,concentric,3,3.0,54933.0,218420.0,112027.0,217007.0,125352.0
2026-04-14 17:43:44.198652,487913,1609506117845751,3717815524,1.03456,-0.003904,-0.189344,-14.525,15.56625,0.805,-22.2,-22.320002,-3.984,concentric,3,3.0,54933.0,218420.0,112027.0,217007.0,125352.0
2026-04-14 17:43:44.200614,487914,1609506117860264,3717830433,1.100928,0.02928,-0.003904,-11.97,12.90625,1.26875,-22.136002,-22.496,-6.744,concentric,3,3.0,54933.0,218420.0,112027.0,217007.0,125352.0
2026-04-14 17:43:44.203642,487915,1609506117869357,3717839116,1.100928,0.02928,-0.003904,-10.2375,10.36,1.855,-22.136002,-22.496,-6.744,concentric,3,3.0,54933.0,218420.0,112027.0,217007.0,125352.0
2026-04-14 17:43:44.205880,487916,1609506117878310,3717847841,1.042368,-0.03904,-0.169824,-12.69625,8.09375,3.3425,-21.192001,-22.944,-6.952,concentric,3,3.0,54933.0,218420.0,112027.0,217007.0,125352.0
2026-04-14 17:43:44.212398,487917,1609506117892824,3717862716,1.042368,-0.03904,-0.169824,-15.26875,5.92375,5.88,-21.192001,-22.944,-6.952,concentric,3,3.0,54933.0,218420.0,112027.0,217007.0,125352.0
2026-04-14 17:43:44.219469,487918,1609506117901722,3717871390,1.040416,0.01952,0.072224,-15.155,4.2875,8.79375,-21.240002,-22.208,-6.904,concentric,3,3.0,54933.0,218420.0,112027.0,217007.0,125352.0
2026-04-14 17:43:44.255785,487929,1609506117916823,3717886579,1.0248,0.031232,0.179584,-12.32,3.0975,9.28375,-21.240002,-22.624,-5.896,concentric,3,3.0,66826.0,234939.0,132924.0,231797.0,147858.0
2026-04-14 17:43:44.258413,487930,1609506117925774,3717895291,1.0248,0.031232,0.179584,-5.92375,2.17875,8.95125,-21.544,-22.624,-5.896,concentric,3,3.0,66826.0,234939.0,132924.0,231797.0,147858.0
2026-04-14 17:43:44.261287,487931,1609506117934731,3717903978,1.0248,0.031232,0.179584,-6.22125,2.30125,10.98125,-21.544,-22.624,-5.896,concentric,3,3.0,66826.0,234939.0,132924.0,231797.0,147858.0
2026-04-14 17:43:44.268799,487932,1609506117949228,3717918889,0.94672,-0.003904,0.171776,-11.24375,4.865,12.67875,-21.856,-22.672,-6.496,concentric,3,3.0,66826.0,234939.0,132924.0,231797.0,147858.0
2026-04-14 17:43:44.274473,487933,1609506117958160,3717927598,0.933056,-0.046848,-0.056608,-13.1075,7.21875,13.3175,-21.920002,-22.744001,-7.000001,concentric,3,3.0,66826.0,234939.0,132924.0,231797.0,147858.0
2026-04-14 17:43:44.290778,487934,1609506117972661,3717942480,0.933056,-0.046848,-0.056608,-6.71125,9.8,11.27,-21.920002,-22.744001,-7.000001,concentric,3,3.0,66826.0,234939.0,132924.0,231797.0,147858.0
2026-04-14 17:43:44.299440,487935,1609506117981577,3717951160,0.90768,0.027328,0.025376,4.6025,11.64625,8.51375,-21.744001,-22.464,-6.072001,concentric,3,3.0,66826.0,234939.0,132924.0,231797.0,147858.0
2026-04-14 17:43:44.314414,487936,1609506117996116,3717966030,0.90768,0.027328,0.025376,11.45375,11.9875,6.44875,-21.744001,-22.464,-6.072001,concentric,3,3.0,66826.0,234939.0,132924.0,231797.0,147858.0
2026-04-14 17:43:44.322380,487937,1609506118005065,3717974724,0.938912,0.01952,0.132736,10.70125,9.6425,3.57875,-21.864,-22.192001,-6.288,concentric,3,3.0,66826.0,234939.0,132924.0,231797.0,147858.0
2026-04-14 17:43:44.358789,487948,1609506118014007,3717983370,0.938912,0.01952,0.132736,3.15,8.05875,3.47375,-21.864,-22.192001,-6.288,concentric,3,3.0,77227.0,236974.0,149768.0,235122.0,164573.0
2026-04-14 17:43:44.361188,487949,1609506118028982,3717998294,0.833504,-0.056608,0.08784,-3.28125,7.735,5.6875,-22.2,-22.44,-5.144,concentric,3,3.0,77227.0,236974.0,149768.0,235122.0,164573.0
2026-04-14 17:43:44.365166,487950,1609506118037915,3718007019,0.86864,-0.072224,0.187392,-1.47,8.88125,5.39,-22.744001,-22.160002,-5.68,concentric,3,3.0,77227.0,236974.0,149768.0,235122.0,164573.0
2026-04-14 17:43:44.369558,487951,1609506118052413,3718021900,0.86864,-0.072224,0.187392,5.66125,9.1175,4.57625,-22.744001,-22.160002,-5.68,concentric,3,3.0,77227.0,236974.0,149768.0,235122.0,164573.0
2026-04-14 17:43:44.379902,487952,1609506118061347,3718030579,0.882304,-0.050752,0.132736,13.02,9.66875,5.0575,-23.072,-22.192001,-6.152,concentric,3,3.0,77227.0,236974.0,149768.0,235122.0,164573.0
2026-04-14 17:43:44.386148,487953,1609506118070301,3718039308,0.882304,-0.050752,0.132736,13.755,10.6225,7.315,-23.072,-22.192001,-6.152,concentric,3,3.0,77227.0,236974.0,149768.0,235122.0,164573.0
2026-04-14 17:43:44.402054,487954,1609506118084775,3718054160,0.886208,-0.050752,0.017568,10.185,10.40375,9.03875,-22.488,-22.288,-8.112,concentric,3,3.0,77227.0,236974.0,149768.0,235122.0,164573.0
2026-04-14 17:43:44.428466,487955,1609506118093753,3718062831,0.886208,-0.050752,0.017568,6.09875,8.00625,11.165,-22.488,-22.288,-8.112,concentric,3,3.0,77227.0,236974.0,149768.0,235122.0,164573.0
2026-04-14 17:43:44.431278,487956,1609506118108198,3718077687,0.85888,-0.064416,0.031232,0.4725,5.6,13.72,-22.392,-22.400002,-5.624,concentric,3,3.0,77227.0,236974.0,149768.0,235122.0,164573.0
2026-04-14 17:43:44.483687,487967,1609506118117194,3718086488,0.85888,-0.064416,0.031232,-5.0925,5.7575,15.785,-22.392,-22.400002,-5.624,concentric,3,3.0,96967.0,251611.0,177691.0,248219.0,192666.0
2026-04-14 17:43:44.486126,487968,1609506118131809,3718101391,0.823744,-0.070272,0.017568,-6.93875,6.685,15.96,-23.504002,-22.096,-4.04,concentric,3,3.0,96967.0,251611.0,177691.0,248219.0,192666.0
2026-04-14 17:43:44.488214,487969,1609506118140801,3718110103,0.749568,-0.101504,0.005856,-1.84625,7.06125,14.945,-24.464,-21.384,-4.16,concentric,3,3.0,96967.0,251611.0,177691.0,248219.0,192666.0
2026-04-14 17:43:44.490832,487970,1609506118149719,3718118790,0.749568,-0.101504,0.005856,1.435,6.0725,16.35375,-24.464,-21.384,-4.16,concentric,3,3.0,96967.0,251611.0,177691.0,248219.0,192666.0
2026-04-14 17:43:44.493675,487971,1609506118164281,3718133743,0.749568,-0.144448,0.042944,1.75875,5.22375,15.98625,-24.592001,-21.688002,-4.608,concentric,3,3.0,96967.0,251611.0,177691.0,248219.0,192666.0
2026-04-14 17:43:44.496197,487972,1609506118173309,3718142430,0.749568,-0.144448,0.042944,-0.76125,5.24125,15.190001,-24.592001,-21.688002,-4.608,concentric,3,3.0,96967.0,251611.0,177691.0,248219.0,192666.0
2026-04-14 17:43:44.507495,487973,1609506118187795,3718157313,0.72224,0.023424,0.228384,-3.045,5.04,14.56875,-24.032001,-21.824001,-4.528,concentric,3,3.0,96967.0,251611.0,177691.0,248219.0,192666.0
2026-04-14 17:43:44.513819,487974,1609506118196837,3718165997,0.72224,0.023424,0.228384,-3.66625,5.53875,11.97875,-24.032001,-21.824001,-4.528,concentric,3,3.0,96967.0,251611.0,177691.0,248219.0,192666.0
2026-04-14 17:43:44.522581,487975,1609506118205747,3718174668,0.80032,-0.173728,0.236192,-2.9225,8.54,5.24125,-22.952002,-22.464,-5.24,concentric,3,3.0,96967.0,251611.0,177691.0,248219.0,192666.0
2026-04-14 17:43:44.560446,487986,1609506118220403,3718189654,0.74176,-0.208864,0.08784,-0.875,10.115,9.47625,-23.160002,-21.832,-4.688,concentric,3,3.0,115427.0,277247.0,199687.0,269277.0,215363.0
2026-04-14 17:43:44.561848,487987,1609506118229376,3718198416,0.74176,-0.208864,0.08784,6.30875,12.03125,9.56375,-23.160002,-21.832,-4.688,concentric,3,3.0,115427.0,277247.0,199687.0,269277.0,215363.0
2026-04-14 17:43:44.564876,487988,1609506118243949,3718213399,0.84912,-0.11712,0.277184,15.8025,12.145,4.62875,-24.008001,-21.640001,-4.432,concentric,3,3.0,115427.0,277247.0,199687.0,269277.0,215363.0
2026-04-14 17:43:44.571138,487989,1609506118253025,3718222084,0.84912,-0.11712,0.277184,20.1775,11.89125,3.9375,-24.008001,-21.640001,-4.432,concentric,3,3.0,115427.0,277247.0,199687.0,269277.0,215363.0
2026-04-14 17:43:44.584636,487990,1609506118267523,3718236969,0.808128,-0.101504,0.232288,17.52625,13.08125,2.1175,-23.328001,-21.808,-5.68,concentric,3,3.0,115427.0,277247.0,199687.0,269277.0,215363.0
2026-04-14 17:43:44.595048,487991,1609506118276426,3718245638,0.808128,-0.101504,0.232288,12.7575,14.93625,1.4525,-23.328001,-21.808,-5.68,concentric,3,3.0,115427.0,277247.0,199687.0,269277.0,215363.0
2026-04-14 17:43:44.603793,487992,1609506118285337,3718254329,0.802272,-0.232288,0.288896,8.07625,15.23375,0.25375,-23.296001,-22.056002,-5.384,concentric,3,3.0,115427.0,277247.0,199687.0,269277.0,215363.0
2026-04-14 17:43:44.619999,487993,1609506118299815,3718269259,0.7808,-0.150304,0.296704,6.55375,14.7175,0.1225,-23.088001,-21.856,-3.856,concentric,3,3.0,115427.0,277247.0,199687.0,269277.0,215363.0
2026-04-14 17:43:44.626290,487994,1609506118308790,3718277943,0.7808,-0.150304,0.296704,11.15625,12.4775,-0.60375,-23.088001,-21.856,-3.856,concentric,3,3.0,115427.0,277247.0,199687.0,269277.0,215363.0
2026-04-14 17:43:44.662401,488005,1609506118323414,3718292933,0.759328,-0.160064,0.17568,12.03125,9.5375,-1.51375,-23.808,-21.912,-5.024,concentric,3,3.0,114156.0,273395.0,198174.0,266457.0,213916.0
2026-04-14 17:43:44.665032,488006,1609506118332391,3718301590,0.759328,-0.160064,0.17568,7.32375,7.4725,-0.91875,-23.808,-21.912,-5.024,concentric,3,3.0,114156.0,273395.0,198174.0,266457.0,213916.0
2026-04-14 17:43:44.667125,488007,1609506118346890,3718316488,0.708576,-0.17568,0.080032,4.15625,6.9825,-0.455,-24.904001,-21.336,-3.528,concentric,3,3.0,114156.0,273395.0,198174.0,266457.0,213916.0
2026-04-14 17:43:44.674913,488008,1609506118355819,3718325210,0.708576,-0.17568,0.080032,5.3375,6.53625,-0.56875,-24.904001,-21.336,-3.528,concentric,3,3.0,114156.0,273395.0,198174.0,266457.0,213916.0
2026-04-14 17:43:44.682412,488009,1609506118364753,3718333877,0.716384,-0.142496,0.17568,7.39375,6.39625,-0.74375,-23.328001,-22.112001,-5.6,concentric,3,3.0,114156.0,273395.0,198174.0,266457.0,213916.0
2026-04-14 17:43:44.695830,488010,1609506118379248,3718348850,0.716384,-0.16592,0.115168,7.21,6.02875,-0.9275,-23.328001,-22.112001,-5.6,concentric,3,3.0,114156.0,273395.0,198174.0,266457.0,213916.0
2026-04-14 17:43:44.708240,488011,1609506118388211,3718357534,0.759328,-0.16592,0.115168,5.425,4.97875,-0.455,-23.400002,-22.056002,-6.696,concentric,3,3.0,114156.0,273395.0,198174.0,266457.0,213916.0
2026-04-14 17:43:44.738783,488012,1609506118402704,3718372431,0.808128,-0.080032,0.357216,4.27,3.5175,-0.4375,-23.056002,-22.000002,-5.184,concentric,3,3.0,114156.0,273395.0,198174.0,266457.0,213916.0
2026-04-14 17:43:44.744065,488013,1609506118411707,3718381101,0.808128,-0.080032,0.357216,3.9375,1.67125,-0.86625,-23.056002,-22.000002,-5.184,concentric,3,3.0,114156.0,273395.0,198174.0,266457.0,213916.0
2026-04-14 17:43:44.771148,488024,1609506118426337,3718396061,0.694912,-0.142496,0.132736,0.9625,1.1025,-0.00875,-23.824001,-21.552002,-3.84,concentric,3,3.0,118813.0,278168.0,204164.0,270569.0,220129.0
2026-04-14 17:43:44.796165,488025,1609506118435264,3718404842,0.694912,-0.142496,0.132736,-7.11375,1.49625,0.8225,-23.824001,-21.552002,-3.84,concentric,3,3.0,118813.0,278168.0,204164.0,270569.0,220129.0
2026-04-14 17:43:44.820746,488026,1609506118444283,3718413563,0.704672,-0.189344,0.208864,-10.07125,2.79125,2.52,-24.184002,-21.536001,-4.376,eccentric,3,3.0,118813.0,278168.0,204164.0,270569.0,220129.0
2026-04-14 17:43:44.841551,488027,1609506118458720,3718428489,0.704672,-0.189344,0.208864,-5.4425,2.94,2.4675,-24.184002,-21.536001,-4.376,eccentric,3,3.0,118813.0,278168.0,204164.0,270569.0,220129.0
2026-04-14 17:43:44.843645,488028,1609506118467663,3718437175,0.757376,-0.099552,0.187392,-0.665,2.68625,2.205,-24.352001,-21.544,-4.68,eccentric,3,3.0,118813.0,278168.0,204164.0,270569.0,220129.0
2026-04-14 17:43:44.856735,488029,1609506118482166,3718452049,0.691008,-0.103456,0.150304,-0.25375,2.52,1.995,-24.52,-21.552002,-4.664,eccentric,3,3.0,118813.0,278168.0,204164.0,270569.0,220129.0
2026-04-14 17:43:44.856837,488030,1609506118491140,3718460752,0.691008,-0.103456,0.150304,-4.4625,2.58125,0.84875,-24.52,-21.552002,-4.664,eccentric,3,3.0,118813.0,278168.0,204164.0,270569.0,220129.0
2026-04-14 17:43:44.856884,488031,1609506118500123,3718469411,0.691008,-0.142496,0.173728,-6.93,1.5225,-0.0175,-24.52,-21.552002,-4.664,eccentric,3,3.0,118813.0,278168.0,204164.0,270569.0,220129.0
2026-04-14 17:43:44.856935,488032,1609506118514534,3718484328,0.694912,-0.142496,0.173728,-7.20125,-0.14,0.16625,-24.408,-21.104,-5.504,eccentric,3,3.0,118813.0,278168.0,204164.0,270569.0,220129.0
2026-04-14 17:43:44.883524,488043,1609506118523473,3718493031,0.808128,-0.134688,0.345504,-5.3025,-1.67125,0.25375,-25.232,-21.248001,-3.28,eccentric,3,3.0,117138.0,277514.0,201833.0,269986.0,217642.0
2026-04-14 17:43:44.885705,488044,1609506118537963,3718507939,0.808128,-0.134688,0.345504,-5.355,-2.73,0.67375,-25.232,-21.248001,-3.28,eccentric,3,3.0,117138.0,277514.0,201833.0,269986.0,217642.0
2026-04-14 17:43:44.888399,488045,1609506118546925,3718516631,0.792512,-0.177632,0.060512,-5.7925,-3.29,1.33,-24.992,-20.952002,-4.616,eccentric,3,3.0,117138.0,277514.0,201833.0,269986.0,217642.0
2026-04-14 17:43:44.890873,488046,1609506118561429,3718531638,0.732,-0.121024,0.115168,-6.3875,-4.43625,1.96,-25.44,-21.328001,-3.632,eccentric,3,3.0,117138.0,277514.0,201833.0,269986.0,217642.0
2026-04-14 17:43:44.893384,488047,1609506118570360,3718540322,0.732,-0.121024,0.115168,-5.355,-4.73375,0.9275,-25.44,-21.328001,-3.632,eccentric,3,3.0,117138.0,277514.0,201833.0,269986.0,217642.0
2026-04-14 17:43:44.899639,488048,1609506118579301,3718549041,0.732,-0.121024,0.115168,-4.3575,-5.005,-0.175,-25.44,-21.328001,-3.632,eccentric,3,3.0,117138.0,277514.0,201833.0,269986.0,217642.0
2026-04-14 17:43:44.912259,488049,1609506118593788,3718563963,0.743712,-0.099552,0.240096,-6.02875,-4.61125,-0.30625,-24.712002,-21.496,-4.008,eccentric,3,3.0,117138.0,277514.0,201833.0,269986.0,217642.0
2026-04-14 17:43:44.922119,488050,1609506118602799,3718572665,0.84912,-0.140544,0.220576,-7.5425,-3.57875,-1.54,-23.76,-21.432001,-4.936,eccentric,3,3.0,117138.0,277514.0,201833.0,269986.0,217642.0
2026-04-14 17:43:44.965939,488061,1609506118617715,3718588166,0.84912,-0.140544,0.220576,-7.11375,-3.70125,-2.7825,-23.76,-21.432001,-4.936,eccentric,3,3.0,107542.0,266986.0,189607.0,261431.0,204911.0
2026-04-14 17:43:44.968390,488062,1609506118626774,3718596883,0.739808,-0.072224,0.242048,-7.27125,-3.5875,-3.19375,-24.28,-21.096,-4.48,eccentric,3,3.0,107542.0,266986.0,189607.0,261431.0,204911.0
2026-04-14 17:43:44.970970,488063,1609506118641295,3718609894,0.864736,-0.150304,0.314272,-7.7875,-3.5,-3.75375,-24.28,-21.36,-4.648,eccentric,3,3.0,107542.0,266986.0,189607.0,261431.0,204911.0
2026-04-14 17:43:44.973524,488064,1609506118650467,3718620721,0.864736,-0.150304,0.314272,-7.46375,-2.17,-3.84125,-24.104002,-21.36,-4.648,eccentric,3,3.0,107542.0,266986.0,189607.0,261431.0,204911.0
2026-04-14 17:43:44.977226,488065,1609506118659394,3718629412,0.864736,-0.150304,0.314272,-9.0825,-1.12,-2.94,-24.104002,-21.36,-4.648,eccentric,3,3.0,107542.0,266986.0,189607.0,261431.0,204911.0
2026-04-14 17:43:44.990991,488066,1609506118673908,3718642257,0.81008,-0.109312,0.275232,-6.64125,-0.56,-2.0125,-23.640001,-21.36,-5.656,eccentric,3,3.0,107542.0,266986.0,189607.0,261431.0,204911.0
2026-04-14 17:43:45.000884,488067,1609506118683226,3718653002,0.870592,-0.109312,0.003904,-0.34125,-1.96875,-2.45875,-23.752,-21.464,-5.544,eccentric,3,3.0,107542.0,266986.0,189607.0,261431.0,204911.0
2026-04-14 17:43:45.014701,488068,1609506118697703,3718667899,0.870592,-0.109312,0.003904,3.3775,-3.59625,-2.9575,-23.752,-21.464,-5.544,eccentric,3,3.0,107542.0,266986.0,189607.0,261431.0,204911.0
2026-04-14 17:43:45.027590,488069,1609506118706626,3718676590,0.93696,-0.1464,0.189344,1.9075,-5.10125,-3.325,-23.664001,-21.216002,-5.04,eccentric,3,3.0,107542.0,266986.0,189607.0,261431.0,204911.0
2026-04-14 17:43:45.035084,488070,1609506118715547,3718685262,0.93696,-0.1464,0.189344,-3.0975,-5.1275,-3.84125,-23.664001,-21.216002,-5.04,eccentric,3,3.0,107542.0,266986.0,189607.0,261431.0,204911.0
2026-04-14 17:43:45.060858,488081,1609506118730044,3718700244,0.812032,-0.138592,0.183488,-10.71875,-5.53875,-2.38875,-24.240002,-21.232,-4.488,eccentric,3,3.0,98094.0,256652.0,177523.0,253082.0,192507.0
2026-04-14 17:43:45.063484,488082,1609506118739009,3718708962,0.812032,-0.138592,0.183488,-11.655,-5.075,-1.25125,-24.240002,-21.232,-4.488,eccentric,3,3.0,98094.0,256652.0,177523.0,253082.0,192507.0
2026-04-14 17:43:45.074748,488083,1609506118753504,3718721874,0.925248,-0.099552,0.296704,-3.22875,-6.5275,-2.52875,-23.640001,-21.376001,-5.728,eccentric,3,3.0,98094.0,256652.0,177523.0,253082.0,192507.0
2026-04-14 17:43:45.080950,488084,1609506118762734,3718732620,0.870592,-0.042944,-0.03904,3.8675,-7.70875,-3.115,-24.488,-21.240002,-7.32,eccentric,3,3.0,98094.0,256652.0,177523.0,253082.0,192507.0
2026-04-14 17:43:45.095952,488085,1609506118777198,3718747477,0.870592,-0.042944,-0.03904,8.49625,-8.40875,-5.99375,-24.488,-21.240002,-7.32,eccentric,3,3.0,98094.0,256652.0,177523.0,253082.0,192507.0
2026-04-14 17:43:45.104601,488086,1609506118786117,3718756199,1.087264,-0.187392,-0.072224,7.42,-9.45,-7.65625,-23.696001,-21.288,-5.864,eccentric,3,3.0,98094.0,256652.0,177523.0,253082.0,192507.0
2026-04-14 17:43:45.112042,488087,1609506118795065,3718764982,1.087264,-0.187392,-0.072224,-6.25625,-9.45,-4.1825,-23.696001,-21.288,-5.864,eccentric,3,3.0,98094.0,256652.0,177523.0,253082.0,192507.0
2026-04-14 17:43:45.127123,488088,1609506118809520,3718779851,0.911584,-0.216672,0.210816,-26.69625,-7.28,-0.63,-24.264002,-21.184002,-5.192,eccentric,3,3.0,98094.0,256652.0,177523.0,253082.0,192507.0
2026-04-14 17:43:45.226863,488099,1609506118818726,3718789108,0.911584,-0.216672,0.210816,-20.3875,-7.2275,-0.7525,-24.264002,-21.184002,-5.192,eccentric,3,3.0,92033.0,253801.0,169647.0,250488.0,184431.0
2026-04-14 17:43:45.229359,488100,1609506118833386,3718801978,1.030656,-0.074176,0.103456,-2.87875,-6.895,0.455,-24.44,-20.968,-5.24,eccentric,3,3.0,92033.0,253801.0,169647.0,250488.0,184431.0
2026-04-14 17:43:45.232032,488101,1609506118842864,3718812721,0.96624,-0.060512,-0.00976,7.665,-4.66375,-1.54,-24.264002,-20.768002,-5.848,eccentric,3,3.0,92033.0,253801.0,169647.0,250488.0,184431.0
2026-04-14 17:43:45.234453,488102,1609506118851828,3718821433,0.96624,-0.060512,-0.00976,7.77875,-4.8825,-4.55,-24.264002,-20.768002,-5.848,eccentric,3,3.0,92033.0,253801.0,169647.0,250488.0,184431.0
2026-04-14 17:43:45.237418,488103,1609506118866334,3718836291,0.99552,-0.16592,0.070272,-0.27125,-5.59125,-5.67,-24.088001,-21.296001,-6.168,eccentric,3,3.0,92033.0,253801.0,169647.0,250488.0,184431.0
2026-04-14 17:43:45.239960,488104,1609506118875241,3718844994,0.99552,-0.16592,0.070272,-8.68,-6.13375,-6.86875,-24.088001,-21.296001,-6.168,eccentric,3,3.0,92033.0,253801.0,169647.0,250488.0,184431.0
2026-04-14 17:43:45.242411,488105,1609506118889703,3718859841,0.933056,-0.044896,0.33184,-7.525,-8.56625,-7.42,-23.584002,-21.240002,-6.168,eccentric,3,3.0,92033.0,253801.0,169647.0,250488.0,184431.0
2026-04-14 17:43:45.244926,488106,1609506118898608,3718868510,0.933056,-0.044896,0.33184,6.16,-8.0325,-11.61125,-23.584002,-21.240002,-6.168,eccentric,3,3.0,92033.0,253801.0,169647.0,250488.0,184431.0
2026-04-14 17:43:45.247445,488107,1609506118913138,3718883403,0.862784,0.105408,0.158112,20.265,-4.725,-15.0325,-23.840002,-21.160002,-6.608,eccentric,3,3.0,92033.0,253801.0,169647.0,250488.0,184431.0
2026-04-14 17:43:45.274637,488118,1609506118922588,3718892167,0.862784,0.105408,0.11712,21.07875,0.14875,-18.38375,-23.840002,-21.160002,-6.608,eccentric,3,3.0,80552.0,237455.0,154508.0,236517.0,169017.0
2026-04-14 17:43:45.277560,488119,1609506118931579,3718900933,0.940864,-0.0976,0.11712,15.30375,3.75375,-19.74875,-23.376001,-21.448002,-6.448,eccentric,3,3.0,80552.0,237455.0,154508.0,236517.0,169017.0
2026-04-14 17:43:45.284682,488120,1609506118946245,3718915883,0.976,-0.281088,0.0976,3.2375,6.22125,-15.995,-23.304,-21.208,-6.664001,eccentric,3,3.0,80552.0,237455.0,154508.0,236517.0,169017.0
2026-04-14 17:43:45.287549,488121,1609506118955156,3718924574,0.976,-0.281088,0.0976,-10.78875,6.965,-9.8875,-23.304,-21.208,-6.664001,eccentric,3,3.0,80552.0,237455.0,154508.0,236517.0,169017.0
2026-04-14 17:43:45.289624,488122,1609506118969665,3718939496,1.011136,0.052704,0.226432,-4.71625,2.8875,-9.02125,-23.480001,-21.592001,-5.056,eccentric,3,3.0,80552.0,237455.0,154508.0,236517.0,169017.0
2026-04-14 17:43:45.296308,488123,1609506118978580,3718948213,1.011136,0.052704,0.226432,20.06375,-3.08,-13.81625,-23.480001,-21.592001,-5.056,eccentric,3,3.0,80552.0,237455.0,154508.0,236517.0,169017.0
2026-04-14 17:43:45.308689,488124,1609506118987507,3718956865,0.974048,0.06832,-0.015616,25.4625,-4.0425,-21.00875,-23.12,-21.456001,-6.792,eccentric,3,3.0,80552.0,237455.0,154508.0,236517.0,169017.0
2026-04-14 17:43:45.322016,488125,1609506119002039,3718971765,0.974048,0.06832,-0.015616,7.46375,-1.88125,-21.37625,-23.12,-21.456001,-6.792,eccentric,3,3.0,80552.0,237455.0,154508.0,236517.0,169017.0
2026-04-14 17:43:45.328661,488126,1609506119010940,3718980483,0.981856,-0.2928,0.017568,-18.3225,0.0,-12.46,-23.056002,-21.44,-6.096,eccentric,3,3.0,80552.0,237455.0,154508.0,236517.0,169017.0
2026-04-14 17:43:45.386985,488137,1609506119025515,3718995456,0.911584,-0.199104,0.124928,-32.08625,-0.2275,-3.535,-23.472002,-21.28,-4.208,eccentric,3,3.0,76331.0,241544.0,147433.0,239653.0,162007.0
2026-04-14 17:43:45.389423,488138,1609506119034527,3719004235,0.911584,-0.199104,0.124928,-16.65125,-5.3375,-2.23125,-23.472002,-21.28,-4.208,eccentric,3,3.0,76331.0,241544.0,147433.0,239653.0,162007.0
2026-04-14 17:43:45.391873,488139,1609506119043491,3719012951,0.911584,0.275232,0.212768,20.81625,-12.04875,-7.8225,-23.472002,-21.28,-4.208,eccentric,3,3.0,76331.0,241544.0,147433.0,239653.0,162007.0
2026-04-14 17:43:45.394372,488140,1609506119057971,3719027829,1.04432,0.275232,0.212768,39.025,-15.75,-14.91875,-23.808,-21.272001,-5.216,eccentric,3,3.0,76331.0,241544.0,147433.0,239653.0,162007.0
2026-04-14 17:43:45.396906,488141,1609506119066866,3719036523,0.923296,-0.023424,-0.060512,20.57125,-14.1225,-16.397501,-23.824001,-21.416,-6.288,eccentric,3,3.0,76331.0,241544.0,147433.0,239653.0,162007.0
2026-04-14 17:43:45.400980,488142,1609506119081359,3719051399,0.923296,-0.023424,-0.060512,-23.52,-7.21875,-8.12,-23.824001,-21.416,-6.288,eccentric,3,3.0,76331.0,241544.0,147433.0,239653.0,162007.0
2026-04-14 17:43:45.409895,488143,1609506119090295,3719060134,0.942816,-0.374784,0.066368,-55.09875,-3.03625,3.71,-24.064001,-21.472,-5.672,eccentric,3,3.0,76331.0,241544.0,147433.0,239653.0,162007.0
2026-04-14 17:43:45.422394,488144,1609506119104822,3719075031,0.851072,-0.033184,-0.011712,-46.38375,-4.9175,7.2275,-22.768002,-21.552002,-7.496,eccentric,3,3.0,76331.0,241544.0,147433.0,239653.0,162007.0
2026-04-14 17:43:45.432375,488145,1609506119113760,3719083721,0.851072,-0.033184,-0.011712,-1.30375,-11.8825,-0.945,-22.768002,-21.552002,-7.496,eccentric,3,3.0,76331.0,241544.0,147433.0,239653.0,162007.0
2026-04-14 17:43:45.462533,488156,1609506119123330,3719092828,0.851072,-0.033184,-0.011712,35.35875,-18.445,-12.04875,-22.768002,-21.552002,-7.496,eccentric,3,3.0,71379.0,220227.0,141716.0,220597.0,155848.0
2026-04-14 17:43:45.464582,488157,1609506119137946,3719107808,0.954528,0.201056,0.01952,33.83625,-18.8125,-13.22125,-23.528002,-21.224,-4.824,eccentric,3,3.0,71379.0,220227.0,141716.0,220597.0,155848.0
2026-04-14 17:43:45.467162,488158,1609506119146907,3719116497,0.894016,-0.163968,-0.179584,3.43,-15.46125,-5.3725,-24.472002,-21.048,-5.944,eccentric,3,3.0,71379.0,220227.0,141716.0,220597.0,155848.0
2026-04-14 17:43:45.478829,488159,1609506119161369,3719131409,0.894016,-0.163968,-0.179584,-35.525,-9.38,3.45625,-24.472002,-21.048,-5.944,eccentric,3,3.0,71379.0,220227.0,141716.0,220597.0,155848.0
2026-04-14 17:43:45.491314,488160,1609506119170276,3719140134,0.901824,-0.33184,0.154208,-52.14125,-7.90125,11.13875,-23.088001,-21.584002,-7.024,eccentric,3,3.0,71379.0,220227.0,141716.0,220597.0,155848.0
2026-04-14 17:43:45.504191,488161,1609506119184774,3719155044,0.759328,0.083936,0.134688,-39.20875,-10.5175,13.011251,-23.088001,-21.344002,-3.616,eccentric,3,3.0,71379.0,220227.0,141716.0,220597.0,155848.0
2026-04-14 17:43:45.531240,488162,1609506119193772,3719163706,0.759328,0.083936,0.134688,3.31625,-14.752501,5.45125,-22.952002,-21.344002,-3.616,eccentric,3,3.0,71379.0,220227.0,141716.0,220597.0,155848.0
2026-04-14 17:43:45.556708,488163,1609506119202738,3719172409,0.759328,0.083936,0.134688,40.451252,-17.89375,-6.72,-22.952002,-21.344002,-3.616,eccentric,3,3.0,71379.0,220227.0,141716.0,220597.0,155848.0
2026-04-14 17:43:45.558803,488164,1609506119217205,3719187287,0.942816,0.329888,-0.128832,42.88375,-18.06,-13.36125,-22.920002,-21.392,-7.608,eccentric,3,3.0,71379.0,220227.0,141716.0,220597.0,155848.0
2026-04-14 17:43:45.587517,488175,1609506119226210,3719195990,0.895968,-0.119072,0.074176,12.39,-12.5825,-8.11125,-23.528002,-21.016,-4.712,eccentric,3,3.0,67792.0,213662.0,136732.0,215454.0,150689.0
2026-04-14 17:43:45.588285,488176,1609506119240795,3719210919,0.895968,-0.119072,0.074176,-39.27,1.28625,2.24,-23.528002,-21.016,-4.712,eccentric,3,3.0,67792.0,213662.0,136732.0,215454.0,150689.0
2026-04-14 17:43:45.590824,488177,1609506119249737,3719219612,1.04432,-0.415776,-0.011712,-75.13625,8.75,15.28625,-24.376001,-20.84,-5.616,eccentric,3,3.0,67792.0,213662.0,136732.0,215454.0,150689.0
2026-04-14 17:43:45.598397,488178,1609506119258706,3719228292,1.04432,-0.415776,-0.011712,-73.36,8.82,22.25125,-24.376001,-20.84,-5.616,eccentric,3,3.0,67792.0,213662.0,136732.0,215454.0,150689.0
2026-04-14 17:43:45.600655,488179,1609506119273222,3719243226,1.040416,-0.023424,0.02928,-17.255,3.84125,10.26375,-24.296001,-21.400002,-6.496,eccentric,3,3.0,67792.0,213662.0,136732.0,215454.0,150689.0
2026-04-14 17:43:45.603186,488180,1609506119282196,3719251913,1.040416,-0.023424,0.02928,37.485,-2.68625,-10.77125,-24.296001,-21.400002,-6.496,eccentric,3,3.0,67792.0,213662.0,136732.0,215454.0,150689.0
2026-04-14 17:43:45.615012,488181,1609506119296719,3719266912,1.134112,0.179584,-0.197152,44.1875,-4.165,-19.25875,-23.688002,-20.944,-5.728,eccentric,3,3.0,67792.0,213662.0,136732.0,215454.0,150689.0
2026-04-14 17:43:45.626298,488182,1609506119305650,3719275576,1.046272,-0.17568,-0.1952,18.82125,-1.89,-13.8075,-22.896002,-21.392,-7.16,eccentric,3,3.0,67792.0,213662.0,136732.0,215454.0,150689.0
