pc_time,serial_num,sensor_ts,host_ts,ax,ay,az,gx,gy,gz,mx,my,mz,phase,rpe,weight_kg,ppg_a,ppg_b,ppg_c,ppg_d,ppg_e,ppg_f,ppg_g,ppg_h,ppg_i,ppg_j
2026-05-06 16:32:31.483942,887878,1609507414848884,5014760891,0.612928,0.470432,0.40992,0.5075,1.75875,-5.4425,-44.928,0.536,-62.264004,concentric,4,5.0,31441.0,33694.0,79013.0,75121.0,29490.0,43571.0,34504.0,42872.0,20251.0,15138.0
2026-05-06 16:32:31.486446,887879,1609507414857886,5014769703,0.61488,0.511424,0.40992,2.17,1.44375,-5.22375,-44.952003,0.248,-62.416004,concentric,4,5.0,31441.0,33694.0,79013.0,75121.0,29490.0,43571.0,34504.0,42872.0,20251.0,15138.0
2026-05-06 16:32:31.490881,887880,1609507414872372,5014784665,0.628544,0.474336,0.384544,2.03,1.9075,-6.72,-44.88,-1.128,-61.040005,concentric,4,5.0,31441.0,33694.0,79013.0,75121.0,29490.0,43571.0,34504.0,42872.0,20251.0,15138.0
2026-05-06 16:32:31.491275,887881,1609507414881448,5014793399,0.628544,0.474336,0.384544,2.24875,1.56625,-7.245,-44.88,-1.128,-61.040005,concentric,4,5.0,31441.0,33694.0,79013.0,75121.0,29490.0,43571.0,34504.0,42872.0,20251.0,15138.0
2026-05-06 16:32:31.493832,887882,1609507414896071,5014808451,0.628544,0.486048,0.3904,4.41,1.2775,-8.225,-45.136,-1.24,-61.000004,concentric,4,5.0,31441.0,33694.0,79013.0,75121.0,29490.0,43571.0,34504.0,42872.0,20251.0,15138.0
2026-05-06 16:32:31.507757,887883,1609507414905057,5014817212,0.628544,0.486048,0.3904,8.67125,0.37625,-6.2825,-45.136,-1.24,-61.000004,concentric,4,5.0,31441.0,33694.0,79013.0,75121.0,29490.0,43571.0,34504.0,42872.0,20251.0,15138.0
2026-05-06 16:32:31.520117,887884,1609507414919657,5014832129,0.64416,0.51728,0.447008,6.37875,-0.79625,-5.76625,-44.752003,1.0,-62.464005,concentric,4,5.0,31441.0,33694.0,79013.0,75121.0,29490.0,43571.0,34504.0,42872.0,20251.0,15138.0
2026-05-06 16:32:31.529050,887885,1609507414928588,5014840859,0.64416,0.51728,0.447008,-0.2625,-1.49625,-6.3175,-44.752003,1.0,-62.464005,concentric,4,5.0,31441.0,33694.0,79013.0,75121.0,29490.0,43571.0,34504.0,42872.0,20251.0,15138.0
2026-05-06 16:32:31.535316,887886,1609507414937495,5014849570,0.618784,0.493856,0.392352,-4.9875,-1.81125,-6.04625,-44.872,0.728,-61.360004,concentric,4,5.0,31441.0,33694.0,79013.0,75121.0,29490.0,43571.0,34504.0,42872.0,20251.0,15138.0
2026-05-06 16:32:31.573876,887897,1609507414952250,5014864635,0.636352,0.489952,0.388448,-0.9625,-1.5925,-5.15375,-45.256,-1.544,-60.696003,concentric,4,5.0,31414.0,33681.0,78769.0,75087.0,29491.0,43513.0,34402.0,42871.0,20265.0,15135.0
2026-05-06 16:32:31.576351,887898,1609507414961350,5014873425,0.636352,0.489952,0.388448,3.64875,-1.79375,-5.355,-45.256,-1.544,-60.696003,concentric,4,5.0,31414.0,33681.0,78769.0,75087.0,29491.0,43513.0,34402.0,42871.0,20265.0,15135.0
2026-05-06 16:32:31.578879,887899,1609507414975885,5014888455,0.6344,0.519232,0.415776,5.3375,-1.75,-4.10375,-45.408,-3.328,-59.848003,concentric,4,5.0,31414.0,33681.0,78769.0,75087.0,29491.0,43513.0,34402.0,42871.0,20265.0,15135.0
2026-05-06 16:32:31.585122,887900,1609507414985026,5014897164,0.6344,0.519232,0.415776,3.675,-1.89875,-3.89375,-45.408,-3.328,-59.848003,concentric,4,5.0,31414.0,33681.0,78769.0,75087.0,29491.0,43513.0,34402.0,42871.0,20265.0,15135.0
2026-05-06 16:32:31.592911,887901,1609507414994036,5014905935,0.601216,0.511424,0.368928,1.88125,-1.855,-4.20875,-44.856003,0.104,-62.192,concentric,4,5.0,31414.0,33681.0,78769.0,75087.0,29491.0,43513.0,34402.0,42871.0,20265.0,15135.0
2026-05-06 16:32:31.607567,887902,1609507415008516,5014920885,0.601216,0.511424,0.368928,3.22,-1.61875,-5.87125,-44.856003,0.104,-62.192,concentric,4,5.0,31414.0,33681.0,78769.0,75087.0,29491.0,43513.0,34402.0,42871.0,20265.0,15135.0
2026-05-06 16:32:31.636413,887903,1609507415017418,5014929593,0.64416,0.488,0.423584,1.68875,-2.40625,-7.8225,-45.296,0.224,-61.856003,concentric,4,5.0,31414.0,33681.0,78769.0,75087.0,29491.0,43513.0,34402.0,42871.0,20265.0,15135.0
2026-05-06 16:32:31.661634,887904,1609507415032013,5014944522,0.612928,0.482144,0.388448,-1.3825,-2.42375,-8.35625,-44.952003,0.008,-61.200005,concentric,4,5.0,31414.0,33681.0,78769.0,75087.0,29491.0,43513.0,34402.0,42871.0,20265.0,15135.0
2026-05-06 16:32:31.674160,887905,1609507415040936,5014953220,0.612928,0.482144,0.388448,-1.46125,-2.2225,-7.48125,-44.952003,0.008,-61.200005,concentric,4,5.0,31414.0,33681.0,78769.0,75087.0,29491.0,43513.0,34402.0,42871.0,20265.0,15135.0
2026-05-06 16:32:31.701349,887916,1609507415055564,5014968310,0.589504,0.480192,0.40016,-0.98,-2.00375,-8.61875,-44.992,-0.088,-62.128002,concentric,4,5.0,31487.0,33646.0,78726.0,75273.0,29535.0,43471.0,34381.0,42956.0,20316.0,15149.0
2026-05-06 16:32:31.703891,887917,1609507415064511,5014977038,0.589504,0.480192,0.40016,1.295,-1.33,-8.65375,-44.992,-0.088,-62.128002,concentric,4,5.0,31487.0,33646.0,78726.0,75273.0,29535.0,43471.0,34381.0,42956.0,20316.0,15149.0
2026-05-06 16:32:31.706600,887918,1609507415073503,5014985754,0.5856,0.503616,0.394304,3.61375,-0.595,-8.79375,-44.872,0.336,-63.072002,concentric,4,5.0,31487.0,33646.0,78726.0,75273.0,29535.0,43471.0,34381.0,42956.0,20316.0,15149.0
2026-05-06 16:32:31.709020,887919,1609507415088047,5015000719,0.5856,0.503616,0.394304,4.0425,0.27125,-8.21625,-44.872,0.336,-63.072002,concentric,4,5.0,31487.0,33646.0,78726.0,75273.0,29535.0,43471.0,34381.0,42956.0,20316.0,15149.0
2026-05-06 16:32:31.711599,887920,1609507415097046,5015009532,0.573888,0.532896,0.374784,1.9075,0.39375,-7.93625,-44.920002,-0.4,-61.888004,concentric,4,5.0,31487.0,33646.0,78726.0,75273.0,29535.0,43471.0,34381.0,42956.0,20316.0,15149.0
2026-05-06 16:32:31.716479,887921,1609507415111723,5015024455,0.573888,0.532896,0.376736,-1.785,0.48125,-8.365,-44.920002,-0.4,-61.888004,concentric,4,5.0,31487.0,33646.0,78726.0,75273.0,29535.0,43471.0,34381.0,42956.0,20316.0,15149.0
2026-05-06 16:32:31.720168,887922,1609507415120786,5015033223,0.59536,0.501664,0.376736,-1.61,0.20125,-8.9075,-45.36,-0.24,-64.624,concentric,4,5.0,31487.0,33646.0,78726.0,75273.0,29535.0,43471.0,34381.0,42956.0,20316.0,15149.0
2026-05-06 16:32:31.729101,887923,1609507415129813,5015041976,0.59536,0.501664,0.376736,2.5025,-1.09375,-8.6975,-45.36,-0.24,-64.624,concentric,4,5.0,31487.0,33646.0,78726.0,75273.0,29535.0,43471.0,34381.0,42956.0,20316.0,15149.0
2026-05-06 16:32:31.765410,887924,1609507415144301,5015056963,0.560224,0.550464,0.374784,3.89375,-2.4675,-8.12875,-45.432003,-0.48,-62.248,concentric,4,5.0,31487.0,33646.0,78726.0,75273.0,29535.0,43471.0,34381.0,42956.0,20316.0,15149.0
2026-05-06 16:32:31.792474,887935,1609507415153392,5015065715,0.589504,0.534848,0.38064,2.6775,-3.89375,-6.71125,-45.120003,-0.672,-64.952,concentric,4,5.0,31462.0,33587.0,78610.0,75302.0,29497.0,43427.0,34334.0,42989.0,20308.0,15102.0
2026-05-06 16:32:31.795235,887936,1609507415167932,5015080669,0.589504,0.534848,0.38064,-0.595,-4.36625,-7.7,-45.120003,-0.672,-64.952,concentric,4,5.0,31462.0,33587.0,78610.0,75302.0,29497.0,43427.0,34334.0,42989.0,20308.0,15102.0
2026-05-06 16:32:31.797689,887937,1609507415176884,5015089422,0.612928,0.493856,0.376736,-5.29375,-4.48875,-9.28375,-45.480003,-0.088,-62.296,concentric,4,5.0,31462.0,33587.0,78610.0,75302.0,29497.0,43427.0,34334.0,42989.0,20308.0,15102.0
2026-05-06 16:32:31.800224,887938,1609507415191414,5015102355,0.612928,0.493856,0.376736,-6.44875,-3.745,-8.12,-45.480003,-0.088,-62.296,concentric,4,5.0,31462.0,33587.0,78610.0,75302.0,29497.0,43427.0,34334.0,42989.0,20308.0,15102.0
2026-05-06 16:32:31.802793,887939,1609507415200880,5015113203,0.5856,0.544608,0.365024,-1.39125,-3.85,-6.04625,-45.648003,-2.064,-62.168003,concentric,4,5.0,31462.0,33587.0,78610.0,75302.0,29497.0,43427.0,34334.0,42989.0,20308.0,15102.0
2026-05-06 16:32:31.808990,887940,1609507415209841,5015121965,0.5856,0.544608,0.365024,-0.035,-4.29625,-5.4425,-45.648003,-2.064,-62.168003,concentric,4,5.0,31462.0,33587.0,78610.0,75302.0,29497.0,43427.0,34334.0,42989.0,20308.0,15102.0
2026-05-06 16:32:31.822790,887941,1609507415224343,5015136881,0.603168,0.523136,0.394304,-1.8725,-4.96125,-6.34375,-45.384003,-2.384,-62.24,concentric,4,5.0,31462.0,33587.0,78610.0,75302.0,29497.0,43427.0,34334.0,42989.0,20308.0,15102.0
2026-05-06 16:32:31.831723,887942,1609507415233378,5015145577,0.60512,0.519232,0.382592,-5.1975,-5.25,-7.14875,-45.384003,-0.68,-61.920002,concentric,4,5.0,31462.0,33587.0,78610.0,75302.0,29497.0,43427.0,34334.0,42989.0,20308.0,15102.0
2026-05-06 16:32:31.865402,887943,1609507415247872,5015160507,0.60512,0.519232,0.382592,-7.21875,-5.46,-6.74625,-45.328003,-0.68,-61.920002,concentric,4,5.0,31462.0,33587.0,78610.0,75302.0,29497.0,43427.0,34334.0,42989.0,20308.0,15102.0
2026-05-06 16:32:31.892761,887954,1609507415256909,5015169300,0.620736,0.505568,0.378688,-7.84,-4.71625,-7.53375,-45.912003,-0.672,-62.416004,concentric,4,5.0,31360.0,33501.0,78621.0,75245.0,29402.0,43338.0,34332.0,42964.0,20220.0,15059.0
2026-05-06 16:32:31.895245,887955,1609507415265871,5015178062,0.620736,0.505568,0.378688,-7.28875,-3.21125,-9.065,-45.912003,-0.672,-62.416004,concentric,4,5.0,31360.0,33501.0,78621.0,75245.0,29402.0,43338.0,34332.0,42964.0,20220.0,15059.0
2026-05-06 16:32:31.897769,887956,1609507415280436,5015193037,0.61488,0.51728,0.347456,-6.51875,-2.45875,-10.00125,-45.72,-0.872,-61.984,concentric,4,5.0,31360.0,33501.0,78621.0,75245.0,29402.0,43338.0,34332.0,42964.0,20220.0,15059.0
2026-05-06 16:32:31.900231,887957,1609507415289369,5015201848,0.61488,0.51728,0.347456,-5.60875,-1.46125,-10.50875,-45.72,-0.872,-61.984,concentric,4,5.0,31360.0,33501.0,78621.0,75245.0,29402.0,43338.0,34332.0,42964.0,20220.0,15059.0
2026-05-06 16:32:31.902822,887958,1609507415303882,5015214796,0.628544,0.513376,0.38064,-4.1125,-1.4175,-11.47125,-45.632004,-1.024,-62.176003,concentric,4,5.0,31360.0,33501.0,78621.0,75245.0,29402.0,43338.0,34332.0,42964.0,20220.0,15059.0
2026-05-06 16:32:31.916560,887959,1609507415313253,5015225614,0.628544,0.513376,0.435296,-1.225,-0.455,-11.82125,-45.632004,-1.024,-62.176003,concentric,4,5.0,31360.0,33501.0,78621.0,75245.0,29402.0,43338.0,34332.0,42964.0,20220.0,15059.0
2026-05-06 16:32:31.920120,887960,1609507415322205,5015234358,0.6344,0.489952,0.435296,1.295,0.60375,-12.425,-45.72,-0.936,-65.304,concentric,4,5.0,31360.0,33501.0,78621.0,75245.0,29402.0,43338.0,34332.0,42964.0,20220.0,15059.0
2026-05-06 16:32:31.937945,887961,1609507415336832,5015249288,0.6344,0.515328,0.368928,0.27125,2.2925,-12.20625,-45.952003,-0.728,-62.368004,concentric,4,5.0,31360.0,33501.0,78621.0,75245.0,29402.0,43338.0,34332.0,42964.0,20220.0,15059.0
2026-05-06 16:32:31.944152,887962,1609507415345799,5015257986,0.6344,0.515328,0.368928,-5.06625,3.71,-11.97,-45.952003,-0.728,-62.368004,concentric,4,5.0,31360.0,33501.0,78621.0,75245.0,29402.0,43338.0,34332.0,42964.0,20220.0,15059.0
2026-05-06 16:32:31.976488,887973,1609507415360370,5015272979,0.626592,0.5368,0.357216,-8.49625,4.4975,-11.15625,-45.800003,-3.248,-60.600002,concentric,4,5.0,31266.0,33445.0,78623.0,75182.0,29305.0,43255.0,34306.0,42888.0,20153.0,15017.0
2026-05-06 16:32:31.976885,887974,1609507415369340,5015281745,0.626592,0.5368,0.357216,-7.875,5.2675,-10.24625,-45.800003,-3.248,-60.600002,concentric,4,5.0,31266.0,33445.0,78623.0,75182.0,29305.0,43255.0,34306.0,42888.0,20153.0,15017.0
2026-05-06 16:32:31.985935,887975,1609507415383829,5015294728,0.630496,0.450912,0.365024,-2.86125,4.4975,-11.03375,-46.376003,-2.96,-61.000004,concentric,4,5.0,31266.0,33445.0,78623.0,75182.0,29305.0,43255.0,34306.0,42888.0,20153.0,15017.0
2026-05-06 16:32:32.006570,887976,1609507415393216,5015305511,0.630496,0.450912,0.365024,2.4675,3.8325,-8.60125,-46.376003,-2.96,-61.000004,concentric,4,5.0,31266.0,33445.0,78623.0,75182.0,29305.0,43255.0,34306.0,42888.0,20153.0,15017.0
2026-05-06 16:32:32.031671,887977,1609507415402238,5015314280,0.630496,0.544608,0.447008,4.795,3.3075,-3.80625,-46.496002,-1.208,-61.992004,concentric,4,5.0,31266.0,33445.0,78623.0,75182.0,29305.0,43255.0,34306.0,42888.0,20153.0,15017.0
2026-05-06 16:32:32.040302,887978,1609507415416751,5015329196,0.579744,0.560224,0.40016,-0.95375,3.35125,-2.03875,-46.04,-1.184,-61.528004,concentric,4,5.0,31266.0,33445.0,78623.0,75182.0,29305.0,43255.0,34306.0,42888.0,20153.0,15017.0
2026-05-06 16:32:32.042646,887979,1609507415425705,5015337975,0.579744,0.560224,0.40016,-6.53625,2.75625,-1.68875,-46.04,-1.184,-61.528004,concentric,4,5.0,31266.0,33445.0,78623.0,75182.0,29305.0,43255.0,34306.0,42888.0,20153.0,15017.0
2026-05-06 16:32:32.045167,887980,1609507415440230,5015352891,0.618784,0.489952,0.398208,-5.495,1.40875,-2.49375,-46.36,-1.2,-61.696003,concentric,4,5.0,31266.0,33445.0,78623.0,75182.0,29305.0,43255.0,34306.0,42888.0,20153.0,15017.0
2026-05-06 16:32:32.048095,887981,1609507415449195,5015361588,0.618784,0.489952,0.398208,-0.86625,0.00875,-3.29875,-46.36,-1.2,-61.696003,concentric,4,5.0,31266.0,33445.0,78623.0,75182.0,29305.0,43255.0,34306.0,42888.0,20153.0,15017.0
2026-05-06 16:32:32.075190,887992,1609507415458240,5015370340,0.579744,0.530944,0.415776,4.13875,-1.05,-1.54,-46.248,-4.936,-59.016003,concentric,4,5.0,31208.0,33333.0,78628.0,74987.0,29253.0,43111.0,34305.0,42793.0,20120.0,14967.0
2026-05-06 16:32:32.082050,887993,1609507415472963,5015385353,0.579744,0.530944,0.415776,6.44,-1.9425,0.49,-46.248,-4.936,-59.016003,concentric,4,5.0,31208.0,33333.0,78628.0,74987.0,29253.0,43111.0,34305.0,42793.0,20120.0,14967.0
2026-05-06 16:32:32.082138,887994,1609507415481920,5015394077,0.591456,0.519232,0.407968,3.3775,-2.3275,-0.8575,-46.176003,-5.016,-59.032,concentric,4,5.0,31208.0,33333.0,78628.0,74987.0,29253.0,43111.0,34305.0,42793.0,20120.0,14967.0
2026-05-06 16:32:32.114087,887995,1609507415496555,5015409017,0.568032,0.528992,0.363072,-0.20125,-1.42625,-2.44125,-46.432003,-1.44,-61.672005,concentric,4,5.0,31208.0,33333.0,78628.0,74987.0,29253.0,43111.0,34305.0,42793.0,20120.0,14967.0
2026-05-06 16:32:32.116704,887996,1609507415505499,5015417726,0.568032,0.528992,0.363072,3.185,-0.9975,-3.52625,-46.432003,-1.44,-61.672005,concentric,4,5.0,31208.0,33333.0,78628.0,74987.0,29253.0,43111.0,34305.0,42793.0,20120.0,14967.0
2026-05-06 16:32:32.119155,887997,1609507415514539,5015426572,0.568032,0.528992,0.363072,10.29,-0.42875,-4.89125,-46.432003,-1.44,-61.672005,concentric,4,5.0,31208.0,33333.0,78628.0,74987.0,29253.0,43111.0,34305.0,42793.0,20120.0,14967.0
2026-05-06 16:32:32.127952,887998,1609507415529043,5015441590,0.589504,0.5368,0.433344,11.76875,0.9625,-8.47875,-46.232002,-1.376,-61.760002,concentric,4,5.0,31208.0,33333.0,78628.0,74987.0,29253.0,43111.0,34305.0,42793.0,20120.0,14967.0
2026-05-06 16:32:32.138948,887999,1609507415537977,5015450315,0.593408,0.52704,0.495808,9.79125,3.01,-9.16125,-46.4,-1.6,-61.272003,concentric,4,5.0,31208.0,33333.0,78628.0,74987.0,29253.0,43111.0,34305.0,42793.0,20120.0,14967.0
2026-05-06 16:32:32.177731,888010,1609507415552564,5015465282,0.593408,0.52704,0.495808,6.18625,5.215,-9.93125,-46.4,-1.6,-61.272003,concentric,4,5.0,31158.0,33300.0,78624.0,74988.0,29190.0,43064.0,34305.0,42808.0,20103.0,14951.0
2026-05-06 16:32:32.180253,888011,1609507415561637,5015474108,0.599264,0.532896,0.41968,4.48,7.5775,-8.9775,-46.480003,-1.448,-61.176003,concentric,4,5.0,31158.0,33300.0,78624.0,74988.0,29190.0,43064.0,34305.0,42808.0,20103.0,14951.0
2026-05-06 16:32:32.182756,888012,1609507415576172,5015487026,0.609024,0.521184,0.353312,2.905,9.0825,-7.65625,-46.728,-1.944,-60.384003,concentric,4,5.0,31158.0,33300.0,78624.0,74988.0,29190.0,43064.0,34305.0,42808.0,20103.0,14951.0
2026-05-06 16:32:32.185211,888013,1609507415585561,5015497832,0.609024,0.521184,0.353312,-2.31,9.75625,-7.69125,-46.728,-1.944,-60.384003,concentric,4,5.0,31158.0,33300.0,78624.0,74988.0,29190.0,43064.0,34305.0,42808.0,20103.0,14951.0
2026-05-06 16:32:32.194001,888014,1609507415594635,5015506688,0.609024,0.521184,0.353312,-7.79625,9.0825,-7.91875,-46.728,-1.944,-60.384003,concentric,4,5.0,31158.0,33300.0,78624.0,74988.0,29190.0,43064.0,34305.0,42808.0,20103.0,14951.0
2026-05-06 16:32:32.209007,888015,1609507415609122,5015521708,0.554368,0.552416,0.355264,-2.975,5.53875,-5.32875,-47.216003,-1.608,-62.728004,concentric,4,5.0,31158.0,33300.0,78624.0,74988.0,29190.0,43064.0,34305.0,42808.0,20103.0,14951.0
2026-05-06 16:32:32.217824,888016,1609507415618042,5015530421,0.552416,0.583648,0.35136,3.36,1.53125,-5.1625,-47.224003,-1.712,-61.08,concentric,4,5.0,31158.0,33300.0,78624.0,74988.0,29190.0,43064.0,34305.0,42808.0,20103.0,14951.0
2026-05-06 16:32:32.231664,888017,1609507415632619,5015545333,0.552416,0.583648,0.35136,4.34875,-1.5925,-5.0575,-47.224003,-1.712,-61.08,concentric,4,5.0,31158.0,33300.0,78624.0,74988.0,29190.0,43064.0,34305.0,42808.0,20103.0,14951.0
2026-05-06 16:32:32.241758,888018,1609507415641574,5015554044,0.577792,0.552416,0.363072,-0.7,-3.17625,-5.145,-46.952003,-1.704,-60.288002,concentric,4,5.0,31158.0,33300.0,78624.0,74988.0,29190.0,43064.0,34305.0,42808.0,20103.0,14951.0
2026-05-06 16:32:32.250442,888019,1609507415650557,5015562781,0.577792,0.552416,0.363072,-6.51875,-5.15375,-5.25,-46.952003,-1.704,-60.288002,concentric,4,5.0,31158.0,33300.0,78624.0,74988.0,29190.0,43064.0,34305.0,42808.0,20103.0,14951.0
2026-05-06 16:32:32.277742,888030,1609507415665124,5015577883,0.579744,0.521184,0.325984,-9.89625,-6.965,-4.01625,-47.024002,-1.816,-60.976,concentric,4,5.0,31261.0,33357.0,78842.0,74891.0,29297.0,43126.0,34415.0,42732.0,20155.0,14959.0
2026-05-06 16:32:32.280243,888031,1609507415674103,5015586779,0.579744,0.521184,0.325984,-8.67125,-8.49625,-1.79375,-47.024002,-1.816,-60.976,concentric,4,5.0,31261.0,33357.0,78842.0,74891.0,29297.0,43126.0,34415.0,42732.0,20155.0,14959.0
2026-05-06 16:32:32.286359,888032,1609507415688574,5015599769,0.589504,0.538752,0.365024,-5.53,-10.78,1.44375,-47.536003,-1.368,-60.840004,concentric,4,5.0,31261.0,33357.0,78842.0,74891.0,29297.0,43126.0,34415.0,42732.0,20155.0,14959.0
2026-05-06 16:32:32.300410,888033,1609507415697976,5015610544,0.550464,0.612928,0.402112,-7.56,-12.06625,2.5025,-47.776,-3.232,-60.432003,concentric,4,5.0,31261.0,33357.0,78842.0,74891.0,29297.0,43126.0,34415.0,42732.0,20155.0,14959.0
2026-05-06 16:32:32.308989,888034,1609507415712470,5015623436,0.550464,0.612928,0.402112,-10.26375,-11.33125,3.2725,-47.776,-3.232,-60.432003,concentric,4,5.0,31261.0,33357.0,78842.0,74891.0,29297.0,43126.0,34415.0,42732.0,20155.0,14959.0
2026-05-06 16:32:32.322559,888035,1609507415721895,5015634198,0.616832,0.544608,0.425536,-13.78125,-10.03625,0.5775,-47.36,-1.296,-61.360004,concentric,4,5.0,31261.0,33357.0,78842.0,74891.0,29297.0,43126.0,34415.0,42732.0,20155.0,14959.0
2026-05-06 16:32:32.331350,888036,1609507415730842,5015642931,0.616832,0.544608,0.425536,-15.00625,-8.155,-2.94875,-47.36,-1.296,-61.360004,concentric,4,5.0,31261.0,33357.0,78842.0,74891.0,29297.0,43126.0,34415.0,42732.0,20155.0,14959.0
2026-05-06 16:32:32.345260,888037,1609507415745373,5015657929,0.667584,0.482144,0.407968,-17.535,-5.95875,-4.6725,-47.296,-1.656,-61.360004,concentric,4,5.0,31261.0,33357.0,78842.0,74891.0,29297.0,43126.0,34415.0,42732.0,20155.0,14959.0
2026-05-06 16:32:32.459042,888048,1609507415754697,5015666675,0.667584,0.482144,0.407968,-18.48875,-3.6575,-2.6775,-47.296,-1.656,-61.360004,concentric,4,5.0,31211.0,33332.0,79322.0,74773.0,29212.0,43107.0,34624.0,42675.0,20097.0,14939.0
2026-05-06 16:32:32.461558,888049,1609507415763664,5015675448,0.661728,0.484096,0.450912,-18.795,-0.97125,-0.93625,-47.368004,-2.16,-59.064003,concentric,4,5.0,31211.0,33332.0,79322.0,74773.0,29212.0,43107.0,34624.0,42675.0,20097.0,14939.0
2026-05-06 16:32:32.463996,888050,1609507415778190,5015690365,0.603168,0.54656,0.41968,-20.64125,1.39125,-0.1575,-47.784,-0.976,-63.480003,concentric,4,5.0,31211.0,33332.0,79322.0,74773.0,29212.0,43107.0,34624.0,42675.0,20097.0,14939.0
2026-05-06 16:32:32.466554,888051,1609507415787233,5015699069,0.603168,0.54656,0.41968,-20.16,2.0825,0.105,-47.784,-0.976,-63.480003,concentric,4,5.0,31211.0,33332.0,79322.0,74773.0,29212.0,43107.0,34624.0,42675.0,20097.0,14939.0
2026-05-06 16:32:32.469158,888052,1609507415801710,5015714048,0.628544,0.511424,0.368928,-18.0075,1.32125,-2.26625,-47.624,-1.256,-61.192,concentric,4,5.0,31211.0,33332.0,79322.0,74773.0,29212.0,43107.0,34624.0,42675.0,20097.0,14939.0
2026-05-06 16:32:32.471599,888053,1609507415810618,5015722741,0.628544,0.511424,0.368928,-17.465,-0.86625,-5.41625,-47.624,-1.256,-61.192,concentric,4,5.0,31211.0,33332.0,79322.0,74773.0,29212.0,43107.0,34624.0,42675.0,20097.0,14939.0
2026-05-06 16:32:32.474172,888054,1609507415825125,5015737656,0.636352,0.433344,0.365024,-16.0125,-3.43875,-7.035,-47.72,-1.056,-60.928,concentric,4,5.0,31211.0,33332.0,79322.0,74773.0,29212.0,43107.0,34624.0,42675.0,20097.0,14939.0
2026-05-06 16:32:32.476657,888055,1609507415834038,5015746361,0.636352,0.433344,0.365024,-8.28625,-5.97625,-5.50375,-47.72,-1.056,-60.928,concentric,4,5.0,31211.0,33332.0,79322.0,74773.0,29212.0,43107.0,34624.0,42675.0,20097.0,14939.0
2026-05-06 16:32:32.479116,888056,1609507415842936,5015755108,0.632448,0.568032,0.456768,-2.24875,-8.085,-3.78,-47.904003,-1.248,-61.104004,concentric,4,5.0,31211.0,33332.0,79322.0,74773.0,29212.0,43107.0,34624.0,42675.0,20097.0,14939.0
2026-05-06 16:32:32.511397,888067,1609507415857833,5015770133,0.616832,0.601216,0.359168,-0.77875,-10.22,-3.7625,-47.904003,-3.296,-58.384003,concentric,4,5.0,31289.0,33383.0,79647.0,74457.0,29302.0,43154.0,34794.0,42513.0,20118.0,14954.0
2026-05-06 16:32:32.513789,888068,1609507415866826,5015778884,0.609024,0.601216,0.359168,-3.01875,-11.54125,-7.1225,-48.392002,-3.048,-58.384003,concentric,4,5.0,31289.0,33383.0,79647.0,74457.0,29302.0,43154.0,34794.0,42513.0,20118.0,14954.0
2026-05-06 16:32:32.516589,888069,1609507415881354,5015793928,0.64416,0.513376,0.384544,-4.69875,-13.86875,-12.136251,-48.288002,-3.328,-60.256004,concentric,4,5.0,31289.0,33383.0,79647.0,74457.0,29302.0,43154.0,34794.0,42513.0,20118.0,14954.0
2026-05-06 16:32:32.519045,888070,1609507415890361,5015802766,0.64416,0.513376,0.384544,-3.12375,-14.77,-13.36125,-48.288002,-3.328,-60.256004,concentric,4,5.0,31289.0,33383.0,79647.0,74457.0,29302.0,43154.0,34794.0,42513.0,20118.0,14954.0
2026-05-06 16:32:32.521471,888071,1609507415905006,5015817717,0.640256,0.560224,0.40992,0.42875,-14.39375,-9.82625,-48.272003,-3.456,-60.568005,concentric,4,5.0,31289.0,33383.0,79647.0,74457.0,29302.0,43154.0,34794.0,42513.0,20118.0,14954.0
2026-05-06 16:32:32.524148,888072,1609507415914038,5015826448,0.640256,0.560224,0.40992,1.79375,-12.46875,-6.30875,-48.272003,-3.456,-60.568005,concentric,4,5.0,31289.0,33383.0,79647.0,74457.0,29302.0,43154.0,34794.0,42513.0,20118.0,14954.0
2026-05-06 16:32:32.526687,888073,1609507415923023,5015835178,0.628544,0.671488,0.40992,2.21375,-9.98375,-4.47125,-48.36,-3.056,-59.976,concentric,4,5.0,31289.0,33383.0,79647.0,74457.0,29302.0,43154.0,34794.0,42513.0,20118.0,14954.0
2026-05-06 16:32:32.535452,888074,1609507415937706,5015850214,0.628544,0.671488,0.40992,-0.105,-7.25375,-5.915,-48.36,-3.056,-59.976,concentric,4,5.0,31289.0,33383.0,79647.0,74457.0,29302.0,43154.0,34794.0,42513.0,20118.0,14954.0
2026-05-06 16:32:32.549242,888075,1609507415946742,5015858922,0.669536,0.587552,0.32208,-3.885,-7.06125,-8.417501,-48.800003,-2.84,-63.176003,concentric,4,5.0,31289.0,33383.0,79647.0,74457.0,29302.0,43154.0,34794.0,42513.0,20118.0,14954.0
2026-05-06 16:32:32.577937,888086,1609507415961381,5015874070,0.704672,0.525088,0.406016,-6.71125,-7.60375,-8.95125,-48.448,-5.456,-59.984,concentric,4,5.0,31382.0,33396.0,80137.0,74237.0,29374.0,43197.0,35046.0,42409.0,20164.0,14968.0
2026-05-06 16:32:32.580386,888087,1609507415970373,5015882822,0.704672,0.525088,0.406016,-6.48375,-8.14625,-6.16,-48.448,-5.456,-59.984,concentric,4,5.0,31382.0,33396.0,80137.0,74237.0,29374.0,43197.0,35046.0,42409.0,20164.0,14968.0
2026-05-06 16:32:32.582911,888088,1609507415979399,5015891537,0.671488,0.651968,0.423584,-4.27875,-7.7875,-0.6475,-48.392002,-1.056,-61.624004,concentric,4,5.0,31382.0,33396.0,80137.0,74237.0,29374.0,43197.0,35046.0,42409.0,20164.0,14968.0
2026-05-06 16:32:32.596748,888089,1609507415993912,5015906527,0.671488,0.651968,0.423584,-4.29625,-5.705,3.68375,-48.392002,-1.056,-61.624004,concentric,4,5.0,31382.0,33396.0,80137.0,74237.0,29374.0,43197.0,35046.0,42409.0,20164.0,14968.0
2026-05-06 16:32:32.603032,888090,1609507416002910,5015915235,0.718336,0.59536,0.378688,-11.31375,-3.61375,3.115,-48.288002,-1.4,-61.344,concentric,4,5.0,31382.0,33396.0,80137.0,74237.0,29374.0,43197.0,35046.0,42409.0,20164.0,14968.0
2026-05-06 16:32:32.636586,888091,1609507416017548,5015930199,0.718336,0.59536,0.378688,-16.625,-1.4,0.315,-48.288002,-1.4,-61.344,concentric,4,5.0,31382.0,33396.0,80137.0,74237.0,29374.0,43197.0,35046.0,42409.0,20164.0,14968.0
2026-05-06 16:32:32.641081,888092,1609507416026502,5015938982,0.749568,0.46848,0.40992,-12.6,-1.05875,-0.86625,-48.568,-1.576,-60.928,concentric,4,5.0,31382.0,33396.0,80137.0,74237.0,29374.0,43197.0,35046.0,42409.0,20164.0,14968.0
2026-05-06 16:32:32.641447,888093,1609507416035518,5015947689,0.749568,0.46848,0.40992,-4.66375,-0.2975,3.395,-48.568,-1.576,-60.928,concentric,4,5.0,31382.0,33396.0,80137.0,74237.0,29374.0,43197.0,35046.0,42409.0,20164.0,14968.0
2026-05-06 16:32:32.650373,888094,1609507416050014,5015962646,0.728096,0.562176,0.509472,2.345,1.6275,8.89,-48.872,-1.608,-61.432003,concentric,4,5.0,31382.0,33396.0,80137.0,74237.0,29374.0,43197.0,35046.0,42409.0,20164.0,14968.0
2026-05-06 16:32:32.685396,888106,1609507416059085,5015971520,0.728096,0.54656,0.542656,2.31,5.2325,11.85625,-48.872,-1.608,-61.432003,concentric,4,5.0,31366.0,33398.0,80272.0,74384.0,29367.0,43163.0,35096.0,42447.0,20164.0,14959.0
2026-05-06 16:32:32.687695,888107,1609507416073726,5015984547,0.77104,0.560224,0.542656,-6.2475,9.82625,11.5675,-48.376003,-2.632,-60.264004,concentric,4,5.0,31366.0,33398.0,80272.0,74384.0,29367.0,43163.0,35096.0,42447.0,20164.0,14959.0
2026-05-06 16:32:32.690346,888108,1609507416083071,5015995399,0.671488,0.521184,0.423584,-15.155,13.58875,10.35125,-48.688004,-1.992,-59.624004,concentric,4,5.0,31366.0,33398.0,80272.0,74384.0,29367.0,43163.0,35096.0,42447.0,20164.0,14959.0
2026-05-06 16:32:32.692788,888109,1609507416092020,5016004116,0.671488,0.521184,0.423584,-19.78375,15.198751,9.5375,-48.688004,-1.992,-59.624004,concentric,4,5.0,31366.0,33398.0,80272.0,74384.0,29367.0,43163.0,35096.0,42447.0,20164.0,14959.0
2026-05-06 16:32:32.706715,888110,1609507416106545,5016019020,0.667584,0.519232,0.382592,-15.75875,14.245,10.4125,-48.696003,-3.544,-60.040005,concentric,4,5.0,31366.0,33398.0,80272.0,74384.0,29367.0,43163.0,35096.0,42447.0,20164.0,14959.0
2026-05-06 16:32:32.715399,888111,1609507416115594,5016027733,0.667584,0.519232,0.382592,-7.72625,12.15375,9.4675,-48.696003,-3.544,-60.040005,concentric,4,5.0,31366.0,33398.0,80272.0,74384.0,29367.0,43163.0,35096.0,42447.0,20164.0,14959.0
2026-05-06 16:32:32.742739,888112,1609507416130090,5016042658,0.640256,0.488,0.333792,1.11125,10.167501,10.92,-48.480003,-1.456,-60.808002,concentric,4,5.0,31366.0,33398.0,80272.0,74384.0,29367.0,43163.0,35096.0,42447.0,20164.0,14959.0
2026-05-06 16:32:32.767765,888113,1609507416138988,5016051353,0.640256,0.488,0.333792,3.36875,7.63,10.61375,-48.480003,-1.456,-60.808002,concentric,4,5.0,31366.0,33398.0,80272.0,74384.0,29367.0,43163.0,35096.0,42447.0,20164.0,14959.0
2026-05-06 16:32:32.776623,888114,1609507416153568,5016066277,0.640256,0.482144,0.42944,0.02625,6.44,10.24625,-48.264004,0.344,-61.688004,concentric,4,5.0,31366.0,33398.0,80272.0,74384.0,29367.0,43163.0,35096.0,42447.0,20164.0,14959.0
2026-05-06 16:32:32.803987,888125,1609507416162590,5016075077,0.57584,0.681248,0.396256,-0.42,5.38125,14.175,-48.408,-0.048,-60.680004,concentric,4,5.0,31360.0,33333.0,80065.0,74340.0,29327.0,43082.0,34997.0,42430.0,20155.0,14937.0
2026-05-06 16:32:32.806466,888126,1609507416171552,5016083793,0.57584,0.681248,0.396256,0.60375,3.0625,12.62625,-48.408,-0.048,-60.680004,concentric,4,5.0,31360.0,33333.0,80065.0,74340.0,29327.0,43082.0,34997.0,42430.0,20155.0,14937.0
2026-05-06 16:32:32.808958,888127,1609507416186094,5016098742,0.612928,0.5856,0.402112,1.1025,0.91875,5.9325,-48.752003,0.264,-60.376003,concentric,4,5.0,31360.0,33333.0,80065.0,74340.0,29327.0,43082.0,34997.0,42430.0,20155.0,14937.0
2026-05-06 16:32:32.811456,888128,1609507416195030,5016107514,0.612928,0.5856,0.402112,1.33,-1.54,-1.21625,-48.752003,0.264,-60.376003,concentric,4,5.0,31360.0,33333.0,80065.0,74340.0,29327.0,43082.0,34997.0,42430.0,20155.0,14937.0
2026-05-06 16:32:32.813973,888129,1609507416209699,5016120525,0.655872,0.491904,0.45872,-1.12875,-3.9025,-5.145,-48.600002,-1.496,-59.504,concentric,4,5.0,31360.0,33333.0,80065.0,74340.0,29327.0,43082.0,34997.0,42430.0,20155.0,14937.0
2026-05-06 16:32:32.817806,888130,1609507416218968,5016131312,0.655872,0.491904,0.45872,-0.58625,-4.87375,-1.09375,-48.600002,-1.496,-59.504,concentric,4,5.0,31360.0,33333.0,80065.0,74340.0,29327.0,43082.0,34997.0,42430.0,20155.0,14937.0
2026-05-06 16:32:32.832234,888131,1609507416227938,5016140125,0.677344,0.609024,0.484096,-3.98125,-3.52625,1.1375,-48.896004,-1.112,-58.4,concentric,4,5.0,31360.0,33333.0,80065.0,74340.0,29327.0,43082.0,34997.0,42430.0,20155.0,14937.0
2026-05-06 16:32:32.860384,888132,1609507416242472,5016155078,0.681248,0.622688,0.445056,-7.42875,-0.8925,1.1025,-48.896004,0.448,-60.56,concentric,4,5.0,31360.0,33333.0,80065.0,74340.0,29327.0,43082.0,34997.0,42430.0,20155.0,14937.0
2026-05-06 16:32:32.866677,888133,1609507416251415,5016163770,0.681248,0.622688,0.445056,-6.04625,0.81375,-2.51125,-48.896004,0.448,-60.56,concentric,4,5.0,31360.0,33333.0,80065.0,74340.0,29327.0,43082.0,34997.0,42430.0,20155.0,14937.0
2026-05-06 16:32:32.894110,888144,1609507416266032,5016178748,0.698816,0.554368,0.398208,-3.68375,1.11125,-8.2775,-48.768,0.528,-60.136,concentric,4,5.0,31202.0,33283.0,80239.0,74419.0,29182.0,42974.0,35051.0,42470.0,20058.0,14895.0
2026-05-06 16:32:32.896708,888145,1609507416274944,5016187600,0.698816,0.554368,0.398208,1.155,-0.315,-8.785,-48.768,0.528,-60.136,concentric,4,5.0,31202.0,33283.0,80239.0,74419.0,29182.0,42974.0,35051.0,42470.0,20058.0,14895.0
2026-05-06 16:32:32.899148,888146,1609507416289631,5016200471,0.724192,0.6344,0.499712,3.675,-2.625,-7.91,-49.088,-3.256,-58.160004,concentric,4,5.0,31202.0,33283.0,80239.0,74419.0,29182.0,42974.0,35051.0,42470.0,20058.0,14895.0
2026-05-06 16:32:32.901727,888147,1609507416298976,5016211295,0.724192,0.6344,0.499712,1.4525,-2.8525,-6.44875,-49.088,-3.256,-58.160004,concentric,4,5.0,31202.0,33283.0,80239.0,74419.0,29182.0,42974.0,35051.0,42470.0,20058.0,14895.0
2026-05-06 16:32:32.907911,888148,1609507416308520,5016220383,0.79056,0.618784,0.480192,-6.2825,-1.09375,-8.60125,-49.36,-3.448,-57.736004,concentric,4,5.0,31202.0,33283.0,80239.0,74419.0,29182.0,42974.0,35051.0,42470.0,20058.0,14895.0
2026-05-06 16:32:32.941599,888149,1609507416323009,5016235336,0.794464,0.601216,0.427488,-11.73375,2.89625,-10.4125,-48.800003,0.416,-60.592003,concentric,4,5.0,31202.0,33283.0,80239.0,74419.0,29182.0,42974.0,35051.0,42470.0,20058.0,14895.0
2026-05-06 16:32:32.943970,888150,1609507416331962,5016244072,0.794464,0.601216,0.427488,-5.4425,4.89125,-9.28375,-48.800003,0.416,-60.592003,concentric,4,5.0,31202.0,33283.0,80239.0,74419.0,29182.0,42974.0,35051.0,42470.0,20058.0,14895.0
2026-05-06 16:32:32.946595,888151,1609507416346511,5016258970,0.815936,0.67344,0.5368,8.21625,4.4975,-7.07,-48.904003,0.536,-59.936005,concentric,4,5.0,31202.0,33283.0,80239.0,74419.0,29182.0,42974.0,35051.0,42470.0,20058.0,14895.0
2026-05-06 16:32:32.985281,888162,1609507416355488,5016268264,0.815936,0.67344,0.5368,15.995,2.8,-4.76,-48.904003,0.536,-59.936005,concentric,4,5.0,31277.0,33399.0,80560.0,74556.0,29263.0,43149.0,35232.0,42541.0,20069.0,14958.0
2026-05-06 16:32:32.987660,888163,1609507416364493,5016277060,0.845216,0.657824,0.583648,6.755,1.91625,-3.815,-49.328003,-1.72,-58.464005,concentric,4,5.0,31277.0,33399.0,80560.0,74556.0,29263.0,43149.0,35232.0,42541.0,20069.0,14958.0
2026-05-06 16:32:32.990253,888164,1609507416379053,5016289958,0.845216,0.657824,0.583648,-6.3,3.12375,-2.07375,-49.328003,-1.72,-58.464005,concentric,4,5.0,31277.0,33399.0,80560.0,74556.0,29263.0,43149.0,35232.0,42541.0,20069.0,14958.0
2026-05-06 16:32:32.992708,888165,1609507416388615,5016300809,0.8296,0.698816,0.486048,-11.795,5.59125,-0.11375,-48.848003,0.192,-60.112003,concentric,4,5.0,31277.0,33399.0,80560.0,74556.0,29263.0,43149.0,35232.0,42541.0,20069.0,14958.0
2026-05-06 16:32:33.006803,888166,1609507416403172,5016315726,0.847168,0.620736,0.542656,-8.1725,6.65,-1.9075,-49.408,-1.208,-57.832005,concentric,4,5.0,31277.0,33399.0,80560.0,74556.0,29263.0,43149.0,35232.0,42541.0,20069.0,14958.0
2026-05-06 16:32:33.010033,888167,1609507416412151,5016324454,0.847168,0.620736,0.542656,0.37625,6.37,-3.1325,-49.408,-1.208,-57.832005,concentric,4,5.0,31277.0,33399.0,80560.0,74556.0,29263.0,43149.0,35232.0,42541.0,20069.0,14958.0
2026-05-06 16:32:33.048115,888168,1609507416421155,5016333166,0.847168,0.620736,0.542656,7.62125,4.90875,-2.89625,-49.408,-1.208,-57.832005,eccentric,4,5.0,31277.0,33399.0,80560.0,74556.0,29263.0,43149.0,35232.0,42541.0,20069.0,14958.0
2026-05-06 16:32:33.051332,888169,1609507416435739,5016348180,0.862784,0.626592,0.638304,9.4675,3.22875,-0.4375,-49.248,0.536,-60.048004,eccentric,4,5.0,31277.0,33399.0,80560.0,74556.0,29263.0,43149.0,35232.0,42541.0,20069.0,14958.0
2026-05-06 16:32:33.052542,888170,1609507416444637,5016356930,0.833504,0.737856,0.618784,6.44,2.31,2.8,-49.024002,0.056,-59.664,eccentric,4,5.0,31277.0,33399.0,80560.0,74556.0,29263.0,43149.0,35232.0,42541.0,20069.0,14958.0
2026-05-06 16:32:33.083940,888181,1609507416459388,5016372064,0.833504,0.737856,0.618784,0.105,1.60125,2.98375,-49.024002,0.056,-59.664,eccentric,4,5.0,31426.0,33510.0,80635.0,74550.0,29394.0,43260.0,35257.0,42555.0,20149.0,15004.0
2026-05-06 16:32:33.108867,888182,1609507416468588,5016380868,0.808128,0.648064,0.470432,-9.0825,2.4675,-1.00625,-48.888,-3.696,-58.280003,eccentric,4,5.0,31426.0,33510.0,80635.0,74550.0,29394.0,43260.0,35257.0,42555.0,20149.0,15004.0
2026-05-06 16:32:33.134016,888183,1609507416477633,5016389641,0.808128,0.648064,0.470432,-11.515,2.66875,-5.17125,-48.888,-3.696,-58.280003,eccentric,4,5.0,31426.0,33510.0,80635.0,74550.0,29394.0,43260.0,35257.0,42555.0,20149.0,15004.0
2026-05-06 16:32:33.144138,888184,1609507416492131,5016404604,0.812032,0.548512,0.505568,-1.1375,1.33875,-6.0375,-48.864002,-3.752,-58.160004,eccentric,4,5.0,31426.0,33510.0,80635.0,74550.0,29394.0,43260.0,35257.0,42555.0,20149.0,15004.0
2026-05-06 16:32:33.146681,888185,1609507416501068,5016413304,0.812032,0.548512,0.505568,17.2025,-0.98875,-2.7125,-48.864002,-3.752,-58.160004,eccentric,4,5.0,31426.0,33510.0,80635.0,74550.0,29394.0,43260.0,35257.0,42555.0,20149.0,15004.0
2026-05-06 16:32:33.149155,888186,1609507416515591,5016428352,0.815936,0.691008,0.589504,25.235,-3.36,0.60375,-48.856003,0.472,-60.528004,eccentric,4,5.0,31426.0,33510.0,80635.0,74550.0,29394.0,43260.0,35257.0,42555.0,20149.0,15004.0
2026-05-06 16:32:33.151609,888187,1609507416524490,5016437053,0.733952,0.753472,0.489952,18.48,-4.2175,1.75,-48.680004,0.464,-60.168003,eccentric,4,5.0,31426.0,33510.0,80635.0,74550.0,29394.0,43260.0,35257.0,42555.0,20149.0,15004.0
2026-05-06 16:32:33.154014,888188,1609507416533564,5016445862,0.733952,0.753472,0.489952,7.8925,-3.40375,-1.0325,-48.680004,0.464,-60.168003,eccentric,4,5.0,31426.0,33510.0,80635.0,74550.0,29394.0,43260.0,35257.0,42555.0,20149.0,15004.0
2026-05-06 16:32:33.156713,888189,1609507416548081,5016460791,0.786656,0.618784,0.433344,2.19625,-3.33375,-6.3,-48.920002,-1.552,-59.08,eccentric,4,5.0,31426.0,33510.0,80635.0,74550.0,29394.0,43260.0,35257.0,42555.0,20149.0,15004.0
2026-05-06 16:32:33.186617,888200,1609507416557107,5016469483,0.786656,0.618784,0.433344,4.50625,-3.01,-9.42375,-48.920002,-1.552,-59.08,eccentric,4,5.0,31543.0,33620.0,80625.0,74220.0,29527.0,43435.0,35296.0,42362.0,20249.0,15098.0
2026-05-06 16:32:33.189167,888201,1609507416571704,5016484448,0.7808,0.603168,0.491904,15.3475,-4.29625,-7.76125,-48.320004,-2.216,-59.248,eccentric,4,5.0,31543.0,33620.0,80625.0,74220.0,29527.0,43435.0,35296.0,42362.0,20249.0,15098.0
2026-05-06 16:32:33.191694,888202,1609507416580664,5016493274,0.7808,0.603168,0.491904,19.52125,-5.39875,-5.71375,-48.320004,-2.216,-59.248,eccentric,4,5.0,31543.0,33620.0,80625.0,74220.0,29527.0,43435.0,35296.0,42362.0,20249.0,15098.0
2026-05-06 16:32:33.194034,888203,1609507416595315,5016506164,0.716384,0.704672,0.491904,13.48375,-4.75125,-4.01625,-48.472004,-2.048,-58.896004,eccentric,4,5.0,31543.0,33620.0,80625.0,74220.0,29527.0,43435.0,35296.0,42362.0,20249.0,15098.0
2026-05-06 16:32:33.202717,888204,1609507416604653,5016517042,0.710528,0.657824,0.42944,6.02,-3.54375,-5.10125,-48.352,-3.304,-58.008003,eccentric,4,5.0,31543.0,33620.0,80625.0,74220.0,29527.0,43435.0,35296.0,42362.0,20249.0,15098.0
2026-05-06 16:32:33.216563,888205,1609507416613724,5016525751,0.710528,0.657824,0.42944,-0.28875,-2.8,-8.40875,-48.352,-3.304,-58.008003,eccentric,4,5.0,31543.0,33620.0,80625.0,74220.0,29527.0,43435.0,35296.0,42362.0,20249.0,15098.0
2026-05-06 16:32:33.230083,888206,1609507416628404,5016540700,0.732,0.532896,0.425536,-5.03125,-1.68,-11.6375,-48.2,-0.208,-60.640003,eccentric,4,5.0,31543.0,33620.0,80625.0,74220.0,29527.0,43435.0,35296.0,42362.0,20249.0,15098.0
2026-05-06 16:32:33.236302,888207,1609507416637357,5016549509,0.732,0.532896,0.425536,-3.14125,-1.5575,-10.33375,-48.2,-0.208,-60.640003,eccentric,4,5.0,31543.0,33620.0,80625.0,74220.0,29527.0,43435.0,35296.0,42362.0,20249.0,15098.0
2026-05-06 16:32:33.270190,888208,1609507416651872,5016564478,0.708576,0.60512,0.456768,5.92375,-2.38,-5.90625,-48.104004,-0.528,-60.712,eccentric,4,5.0,31543.0,33620.0,80625.0,74220.0,29527.0,43435.0,35296.0,42362.0,20249.0,15098.0
2026-05-06 16:32:33.300763,888219,1609507416661437,5016573283,0.708576,0.60512,0.456768,11.13,-3.80625,-3.21125,-48.104004,-0.528,-60.712,eccentric,4,5.0,31536.0,33589.0,80456.0,74210.0,29519.0,43420.0,35219.0,42372.0,20245.0,15088.0
2026-05-06 16:32:33.302678,888220,1609507416670460,5016582066,0.675392,0.607072,0.460672,5.97625,-2.96625,-2.66875,-48.160004,-0.752,-61.216003,eccentric,4,5.0,31536.0,33589.0,80456.0,74210.0,29519.0,43420.0,35219.0,42372.0,20245.0,15088.0
2026-05-06 16:32:33.305261,888221,1609507416685037,5016597078,0.679296,0.51728,0.433344,-5.04,-1.7675,-4.9525,-47.736004,-2.096,-60.536003,eccentric,4,5.0,31536.0,33589.0,80456.0,74210.0,29519.0,43420.0,35219.0,42372.0,20245.0,15088.0
2026-05-06 16:32:33.307695,888222,1609507416694162,5016605807,0.679296,0.51728,0.433344,-12.705,0.04375,-6.0725,-47.736004,-2.096,-60.536003,eccentric,4,5.0,31536.0,33589.0,80456.0,74210.0,29519.0,43420.0,35219.0,42372.0,20245.0,15088.0
2026-05-06 16:32:33.310260,888223,1609507416708765,5016620736,0.675392,0.49776,0.431392,-13.1075,1.53125,-4.59375,-47.864002,-2.216,-60.368004,eccentric,4,5.0,31536.0,33589.0,80456.0,74210.0,29519.0,43420.0,35219.0,42372.0,20245.0,15088.0
2026-05-06 16:32:33.316548,888224,1609507416717815,5016629541,0.675392,0.49776,0.431392,-10.115,2.65125,-2.70375,-47.864002,-2.216,-60.368004,eccentric,4,5.0,31536.0,33589.0,80456.0,74210.0,29519.0,43420.0,35219.0,42372.0,20245.0,15088.0
2026-05-06 16:32:33.325110,888225,1609507416726752,5016638260,0.597312,0.573888,0.407968,-7.23625,3.19375,-0.7875,-47.440002,-0.728,-61.160004,eccentric,4,5.0,31536.0,33589.0,80456.0,74210.0,29519.0,43420.0,35219.0,42372.0,20245.0,15088.0
2026-05-06 16:32:33.359135,888226,1609507416741260,5016653173,0.597312,0.573888,0.407968,-6.99125,2.94,-0.86625,-47.440002,-0.728,-61.160004,eccentric,4,5.0,31536.0,33589.0,80456.0,74210.0,29519.0,43420.0,35219.0,42372.0,20245.0,15088.0
2026-05-06 16:32:33.361704,888227,1609507416750182,5016661859,0.61488,0.513376,0.42944,-8.23375,2.80875,-2.485,-47.320004,-0.824,-61.248,eccentric,4,5.0,31536.0,33589.0,80456.0,74210.0,29519.0,43420.0,35219.0,42372.0,20245.0,15088.0
2026-05-06 16:32:33.388746,888238,1609507416764783,5016677090,0.597312,0.464576,0.37088,-11.29625,2.07375,-4.94375,-45.272003,-1.2,-61.128002,eccentric,4,5.0,31527.0,33660.0,80552.0,73956.0,29499.0,43486.0,35262.0,42258.0,20239.0,15088.0
2026-05-06 16:32:33.395052,888239,1609507416773774,5016685836,0.597312,0.464576,0.37088,-11.8825,2.0125,-4.57625,-46.920002,-1.2,-61.128002,eccentric,4,5.0,31527.0,33660.0,80552.0,73956.0,29499.0,43486.0,35262.0,42258.0,20239.0,15088.0
2026-05-06 16:32:33.397688,888240,1609507416782939,5016694591,0.597312,0.464576,0.37088,-6.81625,2.52,-2.23125,-46.920002,-1.2,-61.128002,eccentric,4,5.0,31527.0,33660.0,80552.0,73956.0,29499.0,43486.0,35262.0,42258.0,20239.0,15088.0
2026-05-06 16:32:33.400290,888241,1609507416797492,5016709509,0.610976,0.454816,0.345504,-0.7525,2.77375,0.23625,-47.144,-0.464,-61.520004,eccentric,4,5.0,31527.0,33660.0,80552.0,73956.0,29499.0,43486.0,35262.0,42258.0,20239.0,15088.0
2026-05-06 16:32:33.406531,888242,1609507416806589,5016718356,0.55632,0.480192,0.300608,0.06125,1.96,1.23375,-47.328003,-2.272,-61.200005,eccentric,4,5.0,31527.0,33660.0,80552.0,73956.0,29499.0,43486.0,35262.0,42258.0,20239.0,15088.0
2026-05-06 16:32:33.420330,888243,1609507416821114,5016733277,0.55632,0.480192,0.300608,0.0175,1.25125,3.0275,-47.328003,-2.272,-61.200005,eccentric,4,5.0,31527.0,33660.0,80552.0,73956.0,29499.0,43486.0,35262.0,42258.0,20239.0,15088.0
2026-05-06 16:32:33.429154,888244,1609507416830024,5016742026,0.52704,0.52704,0.374784,3.38625,0.2975,5.495,-46.776,-0.416,-61.840004,eccentric,4,5.0,31527.0,33660.0,80552.0,73956.0,29499.0,43486.0,35262.0,42258.0,20239.0,15088.0
2026-05-06 16:32:33.442910,888245,1609507416844529,5016756973,0.52704,0.52704,0.327936,6.125,-0.37625,5.71375,-46.776,-0.416,-61.840004,eccentric,4,5.0,31527.0,33660.0,80552.0,73956.0,29499.0,43486.0,35262.0,42258.0,20239.0,15088.0
2026-05-06 16:32:33.451691,888246,1609507416853471,5016765687,0.571936,0.464576,0.327936,1.47875,-0.46375,4.095,-46.448,0.016,-63.256004,eccentric,4,5.0,31527.0,33660.0,80552.0,73956.0,29499.0,43486.0,35262.0,42258.0,20239.0,15088.0
2026-05-06 16:32:33.537788,888257,1609507416862720,5016774514,0.571936,0.464576,0.327936,-3.9375,-0.34125,6.06375,-46.448,0.016,-63.256004,eccentric,4,5.0,31460.0,33678.0,80609.0,73859.0,29453.0,43555.0,35294.0,42206.0,20176.0,15118.0
2026-05-06 16:32:33.540377,888258,1609507416877269,5016789460,0.550464,0.480192,0.333792,-4.375,-1.1025,8.417501,-46.280003,-0.592,-61.584003,eccentric,4,5.0,31460.0,33678.0,80609.0,73859.0,29453.0,43555.0,35294.0,42206.0,20176.0,15118.0
2026-05-06 16:32:33.542803,888259,1609507416886432,5016798237,0.52704,0.488,0.310368,-3.2725,-1.70625,8.53125,-46.448,-2.4,-60.144,eccentric,4,5.0,31460.0,33678.0,80609.0,73859.0,29453.0,43555.0,35294.0,42206.0,20176.0,15118.0
2026-05-06 16:32:33.545354,888260,1609507416900930,5016813157,0.52704,0.488,0.310368,-1.49625,-2.3975,8.7325,-46.448,-2.4,-60.144,eccentric,4,5.0,31460.0,33678.0,80609.0,73859.0,29453.0,43555.0,35294.0,42206.0,20176.0,15118.0
2026-05-06 16:32:33.547781,888261,1609507416909856,5016821913,0.558272,0.464576,0.368928,-1.645,-2.23125,7.00875,-46.024002,-0.032,-61.936005,eccentric,4,5.0,31460.0,33678.0,80609.0,73859.0,29453.0,43555.0,35294.0,42206.0,20176.0,15118.0
2026-05-06 16:32:33.550363,888262,1609507416918844,5016830637,0.558272,0.464576,0.368928,-2.23125,-1.96875,7.56875,-46.024002,-0.032,-61.936005,eccentric,4,5.0,31460.0,33678.0,80609.0,73859.0,29453.0,43555.0,35294.0,42206.0,20176.0,15118.0
2026-05-06 16:32:33.552948,888263,1609507416933448,5016845603,0.550464,0.488,0.402112,-2.45875,-2.2225,8.505,-45.672,0.512,-61.792004,eccentric,4,5.0,31460.0,33678.0,80609.0,73859.0,29453.0,43555.0,35294.0,42206.0,20176.0,15118.0
2026-05-06 16:32:33.555350,888264,1609507416942520,5016854347,0.550464,0.488,0.402112,-5.52125,-2.59,7.7175,-45.672,0.512,-61.792004,eccentric,4,5.0,31460.0,33678.0,80609.0,73859.0,29453.0,43555.0,35294.0,42206.0,20176.0,15118.0
2026-05-06 16:32:33.557762,888265,1609507416957042,5016869314,0.544608,0.474336,0.386496,-8.295,-2.1,6.78125,-45.936,0.112,-62.312004,eccentric,4,5.0,31460.0,33678.0,80609.0,73859.0,29453.0,43555.0,35294.0,42206.0,20176.0,15118.0
2026-05-06 16:32:33.585955,888276,1609507416966120,5016878306,0.568032,0.437248,0.382592,-11.20875,-1.79375,5.215,-45.936,-1.936,-61.152004,eccentric,4,5.0,31539.0,33848.0,80921.0,73953.0,29530.0,43703.0,35481.0,42263.0,20242.0,15187.0
2026-05-06 16:32:33.587480,888277,1609507416980681,5016893306,0.568032,0.437248,0.382592,-11.78625,-1.12875,4.4275,-45.456,-0.208,-61.152004,eccentric,4,5.0,31539.0,33848.0,80921.0,73953.0,29530.0,43703.0,35481.0,42263.0,20242.0,15187.0
2026-05-06 16:32:33.589982,888278,1609507416989635,5016902082,0.57584,0.433344,0.366976,-10.52625,-0.455,4.375,-45.584003,0.456,-62.352,eccentric,4,5.0,31539.0,33848.0,80921.0,73953.0,29530.0,43703.0,35481.0,42263.0,20242.0,15187.0
2026-05-06 16:32:33.599006,888279,1609507416998712,5016910830,0.57584,0.433344,0.366976,-10.00125,-0.32375,4.06,-45.584003,0.456,-62.352,eccentric,4,5.0,31539.0,33848.0,80921.0,73953.0,29530.0,43703.0,35481.0,42263.0,20242.0,15187.0
2026-05-06 16:32:33.612852,888280,1609507417013316,5016925801,0.573888,0.4392,0.335744,-8.645,-0.09625,3.6925,-45.672,0.376,-62.600002,eccentric,4,5.0,31539.0,33848.0,80921.0,73953.0,29530.0,43703.0,35481.0,42263.0,20242.0,15187.0
2026-05-06 16:32:33.621578,888281,1609507417022253,5016934509,0.573888,0.4392,0.335744,-5.0575,-0.0875,3.52625,-45.672,0.376,-62.600002,eccentric,4,5.0,31539.0,33848.0,80921.0,73953.0,29530.0,43703.0,35481.0,42263.0,20242.0,15187.0
2026-05-06 16:32:33.637767,888282,1609507417036826,5016949452,0.56608,0.450912,0.347456,-3.535,-0.09625,1.7325,-45.528004,0.24,-62.712,eccentric,4,5.0,31539.0,33848.0,80921.0,73953.0,29530.0,43703.0,35481.0,42263.0,20242.0,15187.0
2026-05-06 16:32:33.644151,888283,1609507417045760,5016958213,0.56608,0.450912,0.347456,-4.0425,-0.42,1.16375,-45.528004,0.24,-62.712,eccentric,4,5.0,31539.0,33848.0,80921.0,73953.0,29530.0,43703.0,35481.0,42263.0,20242.0,15187.0
2026-05-06 16:32:33.652935,888284,1609507417054684,5016966982,0.571936,0.47824,0.404064,-3.35125,-1.37375,0.81375,-45.224003,-1.4,-60.200005,eccentric,4,5.0,31539.0,33848.0,80921.0,73953.0,29530.0,43703.0,35481.0,42263.0,20242.0,15187.0
2026-05-06 16:32:33.719180,888295,1609507417069289,5016981974,0.591456,0.427488,0.353312,-5.29375,-2.4325,-1.6275,-45.648003,0.528,-62.592003,eccentric,4,5.0,31596.0,33879.0,81102.0,73981.0,29602.0,43732.0,35557.0,42293.0,20314.0,15210.0
2026-05-06 16:32:33.721710,888296,1609507417078239,5016990792,0.591456,0.427488,0.353312,-5.50375,-2.8525,-2.415,-45.648003,0.528,-62.592003,eccentric,4,5.0,31596.0,33879.0,81102.0,73981.0,29602.0,43732.0,35557.0,42293.0,20314.0,15210.0
2026-05-06 16:32:33.724171,888297,1609507417093096,5017004139,0.61488,0.398208,0.359168,-4.5325,-2.7825,-3.01875,-45.456,0.832,-62.776005,eccentric,4,5.0,31596.0,33879.0,81102.0,73981.0,29602.0,43732.0,35557.0,42293.0,20314.0,15210.0
2026-05-06 16:32:33.726690,888298,1609507417102690,5017015119,0.61488,0.398208,0.359168,-2.23125,-3.1675,0.32375,-45.456,0.832,-62.776005,eccentric,4,5.0,31596.0,33879.0,81102.0,73981.0,29602.0,43732.0,35557.0,42293.0,20314.0,15210.0
2026-05-06 16:32:33.729201,888299,1609507417111682,5017023822,0.5856,0.472384,0.38064,-4.15625,-3.14125,2.3625,-44.776,0.392,-62.504,eccentric,4,5.0,31596.0,33879.0,81102.0,73981.0,29602.0,43732.0,35557.0,42293.0,20314.0,15210.0
2026-05-06 16:32:33.731720,888300,1609507417126163,5017038874,0.5856,0.472384,0.38064,-2.87,-2.58125,4.1125,-44.776,0.392,-62.504,eccentric,4,5.0,31596.0,33879.0,81102.0,73981.0,29602.0,43732.0,35557.0,42293.0,20314.0,15210.0
2026-05-06 16:32:33.734166,888301,1609507417135077,5017047625,0.597312,0.462624,0.35136,0.0875,-2.4325,3.59625,-45.016003,0.48,-60.776005,eccentric,4,5.0,31596.0,33879.0,81102.0,73981.0,29602.0,43732.0,35557.0,42293.0,20314.0,15210.0
2026-05-06 16:32:33.747921,888302,1609507417149668,5017060481,0.607072,0.4392,0.365024,0.86625,-3.03625,2.21375,-45.04,0.632,-62.928,eccentric,4,5.0,31596.0,33879.0,81102.0,73981.0,29602.0,43732.0,35557.0,42293.0,20314.0,15210.0
2026-05-06 16:32:33.764443,888303,1609507417158947,5017071354,0.607072,0.4392,0.365024,-0.805,-3.36875,2.89625,-45.04,0.632,-62.928,eccentric,4,5.0,31596.0,33879.0,81102.0,73981.0,29602.0,43732.0,35557.0,42293.0,20314.0,15210.0
2026-05-06 16:32:33.789036,888314,1609507417168152,5017080145,0.577792,0.466528,0.378688,-2.70375,-3.465,3.43,-44.672,0.4,-62.088,eccentric,4,5.0,31568.0,33796.0,80983.0,73936.0,29579.0,43641.0,35475.0,42259.0,20281.0,15196.0
2026-05-06 16:32:33.791627,888315,1609507417183393,5017095418,0.577792,0.466528,0.378688,-4.55875,-3.22,4.54125,-44.672,0.4,-62.088,eccentric,4,5.0,31568.0,33796.0,80983.0,73936.0,29579.0,43641.0,35475.0,42259.0,20281.0,15196.0
2026-05-06 16:32:33.793944,888316,1609507417192428,5017104246,0.589504,0.480192,0.384544,-5.4425,-1.98625,5.31125,-45.424004,-0.608,-62.000004,eccentric,4,5.0,31568.0,33796.0,80983.0,73936.0,29579.0,43641.0,35475.0,42259.0,20281.0,15196.0
2026-05-06 16:32:33.807655,888317,1609507417207052,5017119282,0.589504,0.480192,0.384544,-4.66375,-0.51625,5.78375,-45.424004,-0.608,-62.000004,eccentric,4,5.0,31568.0,33796.0,80983.0,73936.0,29579.0,43641.0,35475.0,42259.0,20281.0,15196.0
2026-05-06 16:32:33.814135,888318,1609507417215953,5017127984,0.622688,0.421632,0.33184,-4.47125,0.18375,4.515,-45.08,1.096,-62.856003,eccentric,4,5.0,31568.0,33796.0,80983.0,73936.0,29579.0,43641.0,35475.0,42259.0,20281.0,15196.0
2026-05-06 16:32:33.845409,888319,1609507417224886,5017136891,0.622688,0.421632,0.33184,-4.6375,0.63875,4.165,-45.08,1.096,-62.856003,eccentric,4,5.0,31568.0,33796.0,80983.0,73936.0,29579.0,43641.0,35475.0,42259.0,20281.0,15196.0
2026-05-06 16:32:33.870828,888320,1609507417239519,5017151891,0.573888,0.44896,0.304512,-4.47125,0.35875,5.39,-44.512,0.728,-63.216003,eccentric,4,5.0,31568.0,33796.0,80983.0,73936.0,29579.0,43641.0,35475.0,42259.0,20281.0,15196.0
2026-05-06 16:32:33.895293,888321,1609507417248462,5017160616,0.60512,0.486048,0.386496,-3.5175,0.30625,6.46625,-44.712,1.344,-63.808002,eccentric,4,5.0,31568.0,33796.0,80983.0,73936.0,29579.0,43641.0,35475.0,42259.0,20281.0,15196.0
2026-05-06 16:32:33.929178,888332,1609507417263070,5017173819,0.60512,0.486048,0.386496,-3.84125,0.14,6.90375,-44.712,1.344,-63.808002,eccentric,4,5.0,31551.0,33760.0,80886.0,73926.0,29552.0,43611.0,35451.0,42250.0,20280.0,15163.0
2026-05-06 16:32:33.931716,888333,1609507417272138,5017184624,0.589504,0.443104,0.355264,-6.30875,1.12,6.15125,-44.648003,1.064,-63.144005,eccentric,4,5.0,31551.0,33760.0,80886.0,73926.0,29552.0,43611.0,35451.0,42250.0,20280.0,15163.0
2026-05-06 16:32:33.933878,888334,1609507417281084,5017193351,0.589504,0.443104,0.355264,-7.8925,1.75,3.535,-44.648003,1.064,-63.144005,eccentric,4,5.0,31551.0,33760.0,80886.0,73926.0,29552.0,43611.0,35451.0,42250.0,20280.0,15163.0
2026-05-06 16:32:33.936469,888335,1609507417295559,5017208269,0.59536,0.456768,0.335744,-7.735,2.2925,3.59625,-44.688004,1.464,-63.056004,eccentric,4,5.0,31551.0,33760.0,80886.0,73926.0,29552.0,43611.0,35451.0,42250.0,20280.0,15163.0
2026-05-06 16:32:33.938799,888336,1609507417304443,5017216984,0.59536,0.456768,0.335744,-6.57125,2.6075,5.15375,-44.688004,1.464,-63.056004,eccentric,4,5.0,31551.0,33760.0,80886.0,73926.0,29552.0,43611.0,35451.0,42250.0,20280.0,15163.0
2026-05-06 16:32:33.941620,888337,1609507417319166,5017229967,0.620736,0.435296,0.349408,-7.9625,3.03625,3.3075,-44.88,1.632,-63.24,eccentric,4,5.0,31551.0,33760.0,80886.0,73926.0,29552.0,43611.0,35451.0,42250.0,20280.0,15163.0
2026-05-06 16:32:33.943771,888338,1609507417328668,5017240786,0.620736,0.450912,0.392352,-7.81375,3.885,4.235,-44.88,1.632,-63.24,eccentric,4,5.0,31551.0,33760.0,80886.0,73926.0,29552.0,43611.0,35451.0,42250.0,20280.0,15163.0
2026-05-06 16:32:33.946665,888339,1609507417337625,5017249509,0.597312,0.4392,0.392352,-6.74625,5.18875,4.305,-44.384003,-0.08,-62.480003,eccentric,4,5.0,31551.0,33760.0,80886.0,73926.0,29552.0,43611.0,35451.0,42250.0,20280.0,15163.0
2026-05-06 16:32:33.952743,888340,1609507417352164,5017264465,0.612928,0.456768,0.353312,-5.66125,5.59125,4.34,-44.640003,0.384,-61.72,eccentric,4,5.0,31551.0,33760.0,80886.0,73926.0,29552.0,43611.0,35451.0,42250.0,20280.0,15163.0
2026-05-06 16:32:33.959017,888341,1609507417361128,5017273403,0.612928,0.456768,0.353312,-6.44875,6.055,2.8875,-44.640003,0.384,-61.72,eccentric,4,5.0,31551.0,33760.0,80886.0,73926.0,29552.0,43611.0,35451.0,42250.0,20280.0,15163.0
2026-05-06 16:32:33.986501,888352,1609507417375740,5017288488,0.6344,0.417728,0.386496,-8.07625,5.4425,2.02125,-44.296,-0.112,-62.568005,eccentric,4,5.0,31469.0,33710.0,80859.0,73962.0,29504.0,43569.0,35442.0,42295.0,20247.0,15163.0
2026-05-06 16:32:33.989106,888353,1609507417384806,5017297257,0.6344,0.417728,0.386496,-8.6625,4.54125,0.77875,-44.296,-0.112,-62.568005,eccentric,4,5.0,31469.0,33710.0,80859.0,73962.0,29504.0,43569.0,35442.0,42295.0,20247.0,15163.0
2026-05-06 16:32:33.997580,888354,1609507417399498,5017310285,0.632448,0.413824,0.407968,-5.76625,4.2175,0.77875,-44.608,0.464,-62.72,eccentric,4,5.0,31469.0,33710.0,80859.0,73962.0,29504.0,43569.0,35442.0,42295.0,20247.0,15163.0
2026-05-06 16:32:34.011598,888355,1609507417408854,5017321068,0.632448,0.413824,0.407968,-0.2275,3.43875,1.19,-44.608,0.464,-62.72,eccentric,4,5.0,31469.0,33710.0,80859.0,73962.0,29504.0,43569.0,35442.0,42295.0,20247.0,15163.0
2026-05-06 16:32:34.015324,888356,1609507417417872,5017329832,0.638304,0.452864,0.398208,1.5225,2.625,0.91875,-44.064003,2.4,-63.360004,eccentric,4,5.0,31469.0,33710.0,80859.0,73962.0,29504.0,43569.0,35442.0,42295.0,20247.0,15163.0
2026-05-06 16:32:34.032865,888357,1609507417432364,5017344772,0.638304,0.460672,0.431392,-0.60375,2.3275,-0.175,-44.120003,2.152,-62.800003,eccentric,4,5.0,31469.0,33710.0,80859.0,73962.0,29504.0,43569.0,35442.0,42295.0,20247.0,15163.0
2026-05-06 16:32:34.041669,888358,1609507417441306,5017353504,0.638304,0.460672,0.431392,-3.5,2.0825,-0.945,-44.120003,2.152,-62.800003,eccentric,4,5.0,31469.0,33710.0,80859.0,73962.0,29504.0,43569.0,35442.0,42295.0,20247.0,15163.0
2026-05-06 16:32:34.056094,888359,1609507417455789,5017368399,0.655872,0.460672,0.407968,-2.58125,1.91625,-1.3125,-44.320004,2.168,-62.960003,eccentric,4,5.0,31469.0,33710.0,80859.0,73962.0,29504.0,43569.0,35442.0,42295.0,20247.0,15163.0
2026-05-06 16:32:34.088725,888370,1609507417465247,5017377328,0.655872,0.460672,0.407968,0.0875,1.00625,-2.33625,-44.320004,2.168,-62.960003,eccentric,4,5.0,31449.0,33682.0,80798.0,74154.0,29462.0,43515.0,35395.0,42368.0,20209.0,15155.0
2026-05-06 16:32:34.091222,888371,1609507417474401,5017386121,0.669536,0.42944,0.40992,0.04375,0.7525,-4.1475,-44.264004,1.552,-62.792004,eccentric,4,5.0,31449.0,33682.0,80798.0,74154.0,29462.0,43515.0,35395.0,42368.0,20209.0,15155.0
2026-05-06 16:32:34.093657,888372,1609507417489098,5017401100,0.669536,0.42944,0.40992,0.37625,1.05875,-3.99875,-44.264004,1.552,-62.792004,eccentric,4,5.0,31449.0,33682.0,80798.0,74154.0,29462.0,43515.0,35395.0,42368.0,20209.0,15155.0
2026-05-06 16:32:34.096222,888373,1609507417498227,5017409835,0.648064,0.482144,0.398208,1.89,0.83125,-3.5,-44.544003,1.888,-62.176003,eccentric,4,5.0,31449.0,33682.0,80798.0,74154.0,29462.0,43515.0,35395.0,42368.0,20209.0,15155.0
2026-05-06 16:32:34.110402,888374,1609507417512744,5017424796,0.667584,0.47824,0.427488,4.48,1.295,-2.94875,-44.368004,2.312,-62.712,eccentric,4,5.0,31449.0,33682.0,80798.0,74154.0,29462.0,43515.0,35395.0,42368.0,20209.0,15155.0
2026-05-06 16:32:34.124142,888375,1609507417521691,5017433515,0.667584,0.47824,0.427488,6.65,1.47875,-4.795,-44.368004,2.312,-62.712,eccentric,4,5.0,31449.0,33682.0,80798.0,74154.0,29462.0,43515.0,35395.0,42368.0,20209.0,15155.0
2026-05-06 16:32:34.130397,888376,1609507417530623,5017442242,0.681248,0.46848,0.406016,6.53625,1.32125,-6.16875,-44.456,1.912,-63.520004,eccentric,4,5.0,31449.0,33682.0,80798.0,74154.0,29462.0,43515.0,35395.0,42368.0,20209.0,15155.0
2026-05-06 16:32:34.144065,888377,1609507417545219,5017457235,0.681248,0.46848,0.406016,6.3875,1.295,-6.0025,-44.456,1.912,-63.520004,eccentric,4,5.0,31449.0,33682.0,80798.0,74154.0,29462.0,43515.0,35395.0,42368.0,20209.0,15155.0
2026-05-06 16:32:34.153008,888378,1609507417554159,5017465980,0.657824,0.49776,0.421632,4.20875,1.0325,-6.02875,-44.36,1.344,-62.440002,eccentric,4,5.0,31449.0,33682.0,80798.0,74154.0,29462.0,43515.0,35395.0,42368.0,20209.0,15155.0
2026-05-06 16:36:35.606542,933811,1609507658983653,5258894572,0.724192,0.247904,0.57584,11.61125,6.39625,1.295,-42.640003,6.352,-64.896,concentric,4,5.0,31736.0,35177.0,91306.0,86711.0,28505.0,43683.0,40353.0,49162.0,19443.0,15015.0
2026-05-06 16:36:35.608871,933812,1609507658993008,5258905394,0.724192,0.247904,0.57584,8.00625,7.525,1.44375,-42.640003,6.352,-64.896,concentric,4,5.0,31736.0,35177.0,91306.0,86711.0,28505.0,43683.0,40353.0,49162.0,19443.0,15015.0
2026-05-06 16:36:35.611562,933813,1609507659002003,5258914146,0.679296,0.310368,0.554368,9.26625,9.38,4.20875,-42.864002,6.728,-64.664,concentric,4,5.0,31736.0,35177.0,91306.0,86711.0,28505.0,43683.0,40353.0,49162.0,19443.0,15015.0
2026-05-06 16:36:35.689363,933824,1609507659016846,5258927677,0.679296,0.310368,0.42944,10.3075,11.75125,4.7425,-42.864002,6.728,-64.664,concentric,4,5.0,31806.0,35260.0,91429.0,86854.0,28529.0,43770.0,40389.0,49204.0,19425.0,15044.0
2026-05-06 16:36:35.691697,933825,1609507659026219,5258938496,0.675392,0.245952,0.435296,6.51,14.21,3.15,-42.52,5.792,-65.336006,concentric,4,5.0,31806.0,35260.0,91429.0,86854.0,28529.0,43770.0,40389.0,49204.0,19425.0,15044.0
2026-05-06 16:36:35.694316,933826,1609507659040732,5258953394,0.679296,0.300608,0.450912,4.71625,15.4,4.06875,-42.616,6.76,-64.4,concentric,4,5.0,31806.0,35260.0,91429.0,86854.0,28529.0,43770.0,40389.0,49204.0,19425.0,15044.0
2026-05-06 16:36:35.696866,933827,1609507659049635,5258962093,0.679296,0.300608,0.450912,6.265,14.175,5.88875,-42.616,6.76,-64.4,concentric,4,5.0,31806.0,35260.0,91429.0,86854.0,28529.0,43770.0,40389.0,49204.0,19425.0,15044.0
2026-05-06 16:36:35.699366,933828,1609507659058579,5258970807,0.669536,0.357216,0.44896,8.65375,11.76,7.315,-42.128002,7.248,-66.07201,concentric,4,5.0,31806.0,35260.0,91429.0,86854.0,28529.0,43770.0,40389.0,49204.0,19425.0,15044.0
2026-05-06 16:36:35.701428,933829,1609507659073093,5258985725,0.669536,0.357216,0.44896,7.6825,8.35625,3.70125,-42.128002,7.248,-66.07201,concentric,4,5.0,31806.0,35260.0,91429.0,86854.0,28529.0,43770.0,40389.0,49204.0,19425.0,15044.0
2026-05-06 16:36:35.704342,933830,1609507659082005,5258994423,0.669536,0.3904,0.4392,3.73625,5.15375,-0.11375,-42.656002,7.056,-64.424,concentric,4,5.0,31806.0,35260.0,91429.0,86854.0,28529.0,43770.0,40389.0,49204.0,19425.0,15044.0
2026-05-06 16:36:35.706874,933831,1609507659096529,5259007334,0.669536,0.3904,0.4392,-0.63875,1.84625,-3.89375,-42.656002,7.056,-64.424,concentric,4,5.0,31806.0,35260.0,91429.0,86854.0,28529.0,43770.0,40389.0,49204.0,19425.0,15044.0
2026-05-06 16:36:35.715629,933832,1609507659105839,5259018164,0.698816,0.327936,0.406016,-2.42375,-3.0275,-7.56875,-42.480003,6.888001,-64.104004,concentric,4,5.0,31806.0,35260.0,91429.0,86854.0,28529.0,43770.0,40389.0,49204.0,19425.0,15044.0
2026-05-06 16:36:35.744475,933843,1609507659120414,5259031216,0.681248,0.298656,0.443104,-4.94375,-7.035,-10.0625,-42.544003,6.448,-63.368004,concentric,4,5.0,31771.0,35157.0,91435.0,86692.0,28498.0,43646.0,40402.0,49107.0,19429.0,14973.0
2026-05-06 16:36:35.746978,933844,1609507659129883,5259042052,0.681248,0.298656,0.443104,-6.41375,-9.33625,-9.65125,-42.544003,6.448,-63.368004,concentric,4,5.0,31771.0,35157.0,91435.0,86692.0,28498.0,43646.0,40402.0,49107.0,19429.0,14973.0
2026-05-06 16:36:35.749491,933845,1609507659138891,5259050770,0.665632,0.363072,0.47824,-8.02375,-11.6725,-10.36,-43.176003,5.232,-63.72,concentric,4,5.0,31771.0,35157.0,91435.0,86692.0,28498.0,43646.0,40402.0,49107.0,19429.0,14973.0
2026-05-06 16:36:35.763220,933846,1609507659153376,5259065763,0.665632,0.363072,0.47824,-11.2525,-12.50375,-9.835,-43.176003,5.232,-63.72,concentric,4,5.0,31771.0,35157.0,91435.0,86692.0,28498.0,43646.0,40402.0,49107.0,19429.0,14973.0
2026-05-06 16:36:35.771658,933847,1609507659162310,5259074466,0.69296,0.402112,0.433344,-12.5475,-13.9825,-10.66625,-42.344,6.272,-64.392006,concentric,4,5.0,31771.0,35157.0,91435.0,86692.0,28498.0,43646.0,40402.0,49107.0,19429.0,14973.0
2026-05-06 16:36:35.794487,933848,1609507659176883,5259089370,0.69296,0.402112,0.433344,-15.05875,-14.84,-13.32625,-42.344,6.272,-64.392006,concentric,4,5.0,31771.0,35157.0,91435.0,86692.0,28498.0,43646.0,40402.0,49107.0,19429.0,14973.0
2026-05-06 16:36:35.796989,933849,1609507659185972,5259098094,0.743712,0.36112,0.513376,-17.08,-16.0475,-15.05875,-42.704002,6.192,-66.088005,concentric,4,5.0,31771.0,35157.0,91435.0,86692.0,28498.0,43646.0,40402.0,49107.0,19429.0,14973.0
2026-05-06 16:36:35.803185,933850,1609507659194996,5259106793,0.743712,0.36112,0.513376,-19.57375,-17.2375,-17.272501,-42.704002,6.192,-66.088005,concentric,4,5.0,31771.0,35157.0,91435.0,86692.0,28498.0,43646.0,40402.0,49107.0,19429.0,14973.0
2026-05-06 16:36:35.837066,933851,1609507659209482,5259121703,0.753472,0.31232,0.54656,-22.8375,-18.99625,-20.85125,-43.072002,5.872,-64.952,concentric,4,5.0,31771.0,35157.0,91435.0,86692.0,28498.0,43646.0,40402.0,49107.0,19429.0,14973.0
2026-05-06 16:36:35.866954,933862,1609507659218588,5259130827,0.753472,0.329888,0.56608,-26.005,-19.59125,-24.08,-43.072002,5.872,-64.952,concentric,4,5.0,31725.0,35048.0,91506.0,86881.0,28442.0,43534.0,40433.0,49210.0,19405.0,14924.0
2026-05-06 16:36:35.867501,933863,1609507659233127,5259145826,0.747616,0.329888,0.56608,-29.53125,-18.78625,-25.82125,-42.664,5.248,-65.328,concentric,4,5.0,31725.0,35048.0,91506.0,86881.0,28442.0,43534.0,40433.0,49210.0,19405.0,14924.0
2026-05-06 16:36:35.869409,933864,1609507659242066,5259154573,0.749568,0.310368,0.489952,-28.9975,-17.63125,-26.78375,-43.064003,1.352,-63.808002,concentric,4,5.0,31725.0,35048.0,91506.0,86881.0,28442.0,43534.0,40433.0,49210.0,19405.0,14924.0
2026-05-06 16:36:35.871470,933865,1609507659251023,5259163300,0.749568,0.310368,0.489952,-28.95375,-16.31,-27.48375,-43.064003,1.352,-63.808002,concentric,4,5.0,31725.0,35048.0,91506.0,86881.0,28442.0,43534.0,40433.0,49210.0,19405.0,14924.0
2026-05-06 16:36:35.875386,933866,1609507659265543,5259178296,0.724192,0.294752,0.474336,-29.3125,-14.9625,-26.66125,-43.296,1.432,-65.408005,concentric,4,5.0,31725.0,35048.0,91506.0,86881.0,28442.0,43534.0,40433.0,49210.0,19405.0,14924.0
2026-05-06 16:36:35.883154,933867,1609507659274488,5259187016,0.724192,0.294752,0.474336,-27.553751,-15.5575,-26.2675,-43.296,1.432,-65.408005,concentric,4,5.0,31725.0,35048.0,91506.0,86881.0,28442.0,43534.0,40433.0,49210.0,19405.0,14924.0
2026-05-06 16:36:35.900669,933868,1609507659289092,5259199952,0.708576,0.298656,0.503616,-26.5125,-15.365,-26.53875,-43.36,4.36,-66.368004,concentric,4,5.0,31725.0,35048.0,91506.0,86881.0,28442.0,43534.0,40433.0,49210.0,19405.0,14924.0
2026-05-06 16:36:35.909403,933869,1609507659298569,5259210815,0.708576,0.298656,0.503616,-26.29375,-15.54,-28.315,-43.36,4.36,-66.368004,concentric,4,5.0,31725.0,35048.0,91506.0,86881.0,28442.0,43534.0,40433.0,49210.0,19405.0,14924.0
2026-05-06 16:36:35.915781,933870,1609507659307546,5259219549,0.737856,0.22448,0.452864,-25.83875,-15.8375,-28.27125,-43.56,2.856,-68.07201,concentric,4,5.0,31725.0,35048.0,91506.0,86881.0,28442.0,43534.0,40433.0,49210.0,19405.0,14924.0
2026-05-06 16:36:35.945818,933881,1609507659322080,5259234553,0.689056,0.288896,0.488,-21.76125,-16.9575,-25.41,-43.448,1.6,-66.112,concentric,4,5.0,31711.0,35009.0,91488.0,86809.0,28416.0,43442.0,40417.0,49180.0,19378.0,14905.0
2026-05-06 16:36:35.948269,933882,1609507659331112,5259243271,0.689056,0.288896,0.488,-16.38875,-19.495,-21.525,-43.448,1.6,-66.112,concentric,4,5.0,31711.0,35009.0,91488.0,86809.0,28416.0,43442.0,40417.0,49180.0,19378.0,14905.0
2026-05-06 16:36:35.951700,933883,1609507659345624,5259256400,0.642208,0.23424,0.452864,-16.178751,-22.4525,-21.65625,-43.824,1.784,-66.624,concentric,4,5.0,31711.0,35009.0,91488.0,86809.0,28416.0,43442.0,40417.0,49180.0,19378.0,14905.0
2026-05-06 16:36:35.962905,933884,1609507659354849,5259267215,0.642208,0.23424,0.452864,-16.8,-23.63375,-21.805,-43.824,1.784,-66.624,concentric,4,5.0,31711.0,35009.0,91488.0,86809.0,28416.0,43442.0,40417.0,49180.0,19378.0,14905.0
2026-05-06 16:36:35.979409,933885,1609507659369423,5259282138,0.622688,0.238144,0.454816,-15.46125,-24.00125,-19.6525,-43.304,2.84,-68.136,concentric,4,5.0,31711.0,35009.0,91488.0,86809.0,28416.0,43442.0,40417.0,49180.0,19378.0,14905.0
2026-05-06 16:36:35.988166,933886,1609507659378347,5259290838,0.622688,0.238144,0.454816,-9.73875,-23.33625,-15.14625,-43.304,2.84,-68.136,concentric,4,5.0,31711.0,35009.0,91488.0,86809.0,28416.0,43442.0,40417.0,49180.0,19378.0,14905.0
2026-05-06 16:36:35.996904,933887,1609507659387357,5259299613,0.626592,0.251808,0.489952,-7.14875,-22.741251,-13.13375,-43.568,2.8,-66.912,concentric,4,5.0,31711.0,35009.0,91488.0,86809.0,28416.0,43442.0,40417.0,49180.0,19378.0,14905.0
2026-05-06 16:36:36.029568,933888,1609507659401859,5259314548,0.610976,0.18544,0.46848,-7.97125,-21.665,-11.480001,-43.808002,0.96,-67.96001,concentric,4,5.0,31711.0,35009.0,91488.0,86809.0,28416.0,43442.0,40417.0,49180.0,19378.0,14905.0
2026-05-06 16:36:36.054503,933889,1609507659410780,5259323235,0.610976,0.18544,0.46848,-7.58625,-20.116251,-9.625,-43.808002,0.96,-67.96001,concentric,4,5.0,31711.0,35009.0,91488.0,86809.0,28416.0,43442.0,40417.0,49180.0,19378.0,14905.0
2026-05-06 16:36:36.114168,933900,1609507659425413,5259336212,0.628544,0.220576,0.45872,-4.4625,-18.06875,-6.74625,-43.496002,2.552,-68.992004,concentric,4,5.0,31587.0,34986.0,91271.0,86511.0,28282.0,43359.0,40287.0,49012.0,19314.0,14867.0
2026-05-06 16:36:36.116904,933901,1609507659434663,5259346936,0.628544,0.220576,0.45872,-2.275,-15.65375,-3.54375,-43.496002,2.552,-68.992004,concentric,4,5.0,31587.0,34986.0,91271.0,86511.0,28282.0,43359.0,40287.0,49012.0,19314.0,14867.0
2026-05-06 16:36:36.119529,933902,1609507659443705,5259355636,0.61488,0.2928,0.47824,1.785,-13.3525,-1.67125,-42.944,2.816,-68.64001,concentric,4,5.0,31587.0,34986.0,91271.0,86511.0,28282.0,43359.0,40287.0,49012.0,19314.0,14867.0
2026-05-06 16:36:36.122042,933903,1609507659458218,5259370598,0.61488,0.2928,0.47824,4.1825,-11.83,-3.31625,-42.944,2.816,-68.64001,concentric,4,5.0,31587.0,34986.0,91271.0,86511.0,28282.0,43359.0,40287.0,49012.0,19314.0,14867.0
2026-05-06 16:36:36.124532,933904,1609507659467155,5259379291,0.628544,0.281088,0.476288,4.6025,-9.730001,-7.77,-43.144,2.6,-68.80801,concentric,4,5.0,31587.0,34986.0,91271.0,86511.0,28282.0,43359.0,40287.0,49012.0,19314.0,14867.0
2026-05-06 16:36:36.127034,933905,1609507659481698,5259394195,0.636352,0.255712,0.46848,6.44875,-7.84875,-9.54625,-43.528004,2.952,-69.856,concentric,4,5.0,31587.0,34986.0,91271.0,86511.0,28282.0,43359.0,40287.0,49012.0,19314.0,14867.0
2026-05-06 16:36:36.129158,933906,1609507659490720,5259402928,0.636352,0.255712,0.46848,7.95375,-4.80375,-8.93375,-43.528004,2.952,-69.856,concentric,4,5.0,31587.0,34986.0,91271.0,86511.0,28282.0,43359.0,40287.0,49012.0,19314.0,14867.0
2026-05-06 16:36:36.131495,933907,1609507659505234,5259417881,0.706624,0.27328,0.583648,6.97375,-1.79375,-7.49875,-43.752003,1.28,-67.648,concentric,4,5.0,31587.0,34986.0,91271.0,86511.0,28282.0,43359.0,40287.0,49012.0,19314.0,14867.0
2026-05-06 16:36:36.159328,933918,1609507659514247,5259426720,0.706624,0.27328,0.583648,3.29875,1.86375,-5.83625,-43.752003,1.28,-67.648,concentric,4,5.0,31409.0,34850.0,91024.0,86775.0,28068.0,43191.0,40138.0,49096.0,19186.0,14801.0
2026-05-06 16:36:36.161860,933919,1609507659523346,5259435595,0.694912,0.316224,0.558272,0.84875,5.7925,-5.94125,-43.504,0.432,-67.784004,concentric,4,5.0,31409.0,34850.0,91024.0,86775.0,28068.0,43191.0,40138.0,49096.0,19186.0,14801.0
2026-05-06 16:36:36.164369,933920,1609507659538050,5259450626,0.694912,0.316224,0.558272,3.1675,8.02375,-7.5425,-43.504,0.432,-67.784004,concentric,4,5.0,31409.0,34850.0,91024.0,86775.0,28068.0,43191.0,40138.0,49096.0,19186.0,14801.0
2026-05-06 16:36:36.166755,933921,1609507659547029,5259459341,0.675392,0.404064,0.482144,5.425,8.91625,-9.63375,-43.712,0.728,-66.44,concentric,4,5.0,31409.0,34850.0,91024.0,86775.0,28068.0,43191.0,40138.0,49096.0,19186.0,14801.0
2026-05-06 16:36:36.169014,933922,1609507659561617,5259472419,0.651968,0.355264,0.560224,4.6025,10.955,-12.8275,-44.336002,-0.936,-66.992004,concentric,4,5.0,31409.0,34850.0,91024.0,86775.0,28068.0,43191.0,40138.0,49096.0,19186.0,14801.0
2026-05-06 16:36:36.183316,933923,1609507659570894,5259483235,0.651968,0.355264,0.560224,4.29625,12.285,-17.87625,-44.336002,-0.936,-66.992004,concentric,4,5.0,31409.0,34850.0,91024.0,86775.0,28068.0,43191.0,40138.0,49096.0,19186.0,14801.0
2026-05-06 16:36:36.189489,933924,1609507659579834,5259491944,0.651968,0.355264,0.560224,5.1625,14.0175,-19.7225,-44.336002,-0.936,-66.992004,concentric,4,5.0,31409.0,34850.0,91024.0,86775.0,28068.0,43191.0,40138.0,49096.0,19186.0,14801.0
2026-05-06 16:36:36.212033,933925,1609507659594429,5259506863,0.622688,0.343552,0.503616,6.2475,14.9625,-19.60875,-44.176003,2.376,-69.68,concentric,4,5.0,31409.0,34850.0,91024.0,86775.0,28068.0,43191.0,40138.0,49096.0,19186.0,14801.0
2026-05-06 16:36:36.214534,933926,1609507659603364,5259515574,0.632448,0.298656,0.4392,5.15375,14.9275,-19.022501,-44.472004,1.952,-67.96001,concentric,4,5.0,31409.0,34850.0,91024.0,86775.0,28068.0,43191.0,40138.0,49096.0,19186.0,14801.0
2026-05-06 16:36:36.275717,933937,1609507659618337,5259531093,0.632448,0.298656,0.4392,3.84125,14.735,-17.7625,-44.472004,1.952,-67.96001,concentric,4,5.0,31352.0,34841.0,90800.0,86458.0,28020.0,43157.0,40016.0,48915.0,19155.0,14762.0
2026-05-06 16:36:36.278195,933938,1609507659627424,5259539841,0.628544,0.245952,0.484096,3.07125,14.2975,-15.6625,-44.392002,1.608,-67.088005,concentric,4,5.0,31352.0,34841.0,90800.0,86458.0,28020.0,43157.0,40016.0,48915.0,19155.0,14762.0
2026-05-06 16:36:36.280692,933939,1609507659636539,5259548651,0.628544,0.245952,0.484096,6.32625,15.00625,-9.2225,-44.392002,1.608,-67.088005,concentric,4,5.0,31352.0,34841.0,90800.0,86458.0,28020.0,43157.0,40016.0,48915.0,19155.0,14762.0
2026-05-06 16:36:36.282913,933940,1609507659651090,5259563594,0.59536,0.374784,0.474336,9.8525,15.81125,-3.71,-44.392002,2.496,-67.136,concentric,4,5.0,31352.0,34841.0,90800.0,86458.0,28020.0,43157.0,40016.0,48915.0,19155.0,14762.0
2026-05-06 16:36:36.285347,933941,1609507659660221,5259572362,0.59536,0.374784,0.474336,9.02125,17.045,-2.38875,-44.392002,2.496,-67.136,concentric,4,5.0,31352.0,34841.0,90800.0,86458.0,28020.0,43157.0,40016.0,48915.0,19155.0,14762.0
2026-05-06 16:36:36.288254,933942,1609507659674722,5259587324,0.59536,0.337696,0.452864,4.50625,18.4275,-3.745,-45.072002,0.632,-65.656006,concentric,4,5.0,31352.0,34841.0,90800.0,86458.0,28020.0,43157.0,40016.0,48915.0,19155.0,14762.0
2026-05-06 16:36:36.294525,933943,1609507659683705,5259596037,0.622688,0.23424,0.47824,1.44375,18.62875,-2.7125,-44.896004,0.896,-67.032005,concentric,4,5.0,31352.0,34841.0,90800.0,86458.0,28020.0,43157.0,40016.0,48915.0,19155.0,14762.0
2026-05-06 16:36:36.300889,933944,1609507659692696,5259604791,0.622688,0.23424,0.47824,1.6275,17.4125,-0.02625,-44.896004,0.896,-67.032005,concentric,4,5.0,31352.0,34841.0,90800.0,86458.0,28020.0,43157.0,40016.0,48915.0,19155.0,14762.0
2026-05-06 16:36:36.317874,933945,1609507659707292,5259619750,0.552416,0.324032,0.427488,2.1525,17.395,4.41875,-44.808002,2.608,-66.22401,concentric,4,5.0,31352.0,34841.0,90800.0,86458.0,28020.0,43157.0,40016.0,48915.0,19155.0,14762.0
2026-05-06 16:36:36.351245,933957,1609507659716243,5259628454,0.552416,0.324032,0.427488,3.12375,18.165,9.24875,-44.808002,2.608,-66.22401,concentric,4,5.0,31342.0,34815.0,90762.0,86414.0,28034.0,43141.0,40011.0,48893.0,19164.0,14785.0
2026-05-06 16:36:36.353846,933958,1609507659731172,5259643428,0.577792,0.368928,0.450912,3.61375,18.655,10.43,-44.704002,2.584,-65.832,concentric,4,5.0,31342.0,34815.0,90762.0,86414.0,28034.0,43141.0,40011.0,48893.0,19164.0,14785.0
2026-05-06 16:36:36.356871,933959,1609507659740183,5259652277,0.577792,0.368928,0.450912,0.98875,19.32875,9.065,-44.704002,2.584,-65.832,concentric,4,5.0,31342.0,34815.0,90762.0,86414.0,28034.0,43141.0,40011.0,48893.0,19164.0,14785.0
2026-05-06 16:36:36.359384,933960,1609507659749260,5259661089,0.607072,0.290848,0.421632,-0.23625,18.4625,8.75875,-44.592003,3.016,-65.08,concentric,4,5.0,31342.0,34815.0,90762.0,86414.0,28034.0,43141.0,40011.0,48893.0,19164.0,14785.0
2026-05-06 16:36:36.398586,933961,1609507659763785,5259676030,0.589504,0.2928,0.447008,0.23625,16.91375,10.6225,-44.648003,3.224,-63.504,concentric,4,5.0,31342.0,34815.0,90762.0,86414.0,28034.0,43141.0,40011.0,48893.0,19164.0,14785.0
2026-05-06 16:36:36.422794,933962,1609507659772714,5259684732,0.589504,0.2928,0.447008,2.975,14.533751,13.51875,-44.648003,3.224,-63.504,concentric,4,5.0,31342.0,34815.0,90762.0,86414.0,28034.0,43141.0,40011.0,48893.0,19164.0,14785.0
2026-05-06 16:36:36.429027,933963,1609507659787221,5259699692,0.568032,0.402112,0.456768,6.2475,12.78375,16.68625,-44.688004,4.192,-65.36,concentric,4,5.0,31342.0,34815.0,90762.0,86414.0,28034.0,43141.0,40011.0,48893.0,19164.0,14785.0
2026-05-06 16:36:36.431544,933964,1609507659796146,5259708539,0.568032,0.402112,0.456768,5.22375,11.03375,17.535,-44.688004,4.192,-65.36,concentric,4,5.0,31342.0,34815.0,90762.0,86414.0,28034.0,43141.0,40011.0,48893.0,19164.0,14785.0
2026-05-06 16:36:36.434925,933965,1609507659810644,5259721399,0.599264,0.33184,0.441152,-1.25125,10.31625,13.3875,-44.792004,3.952,-64.880005,concentric,4,5.0,31342.0,34815.0,90762.0,86414.0,28034.0,43141.0,40011.0,48893.0,19164.0,14785.0
2026-05-06 16:36:36.461791,933976,1609507659820458,5259732408,0.599264,0.33184,0.441152,-3.47375,9.49375,11.61125,-44.792004,3.952,-64.880005,concentric,4,5.0,31415.0,34842.0,90722.0,86440.0,28113.0,43177.0,40004.0,48895.0,19201.0,14787.0
2026-05-06 16:36:36.464386,933977,1609507659829493,5259741244,0.648064,0.327936,0.493856,-2.68625,7.93625,12.7225,-44.760002,2.096,-63.696003,concentric,4,5.0,31415.0,34842.0,90722.0,86440.0,28113.0,43177.0,40004.0,48895.0,19201.0,14787.0
2026-05-06 16:36:36.466923,933978,1609507659844146,5259756258,0.5856,0.37088,0.421632,-1.3475,5.215,14.6825,-44.584003,3.192,-64.736,concentric,4,5.0,31415.0,34842.0,90722.0,86440.0,28113.0,43177.0,40004.0,48895.0,19201.0,14787.0
2026-05-06 16:36:36.468940,933979,1609507659853156,5259765016,0.5856,0.37088,0.421632,-1.3125,3.03625,14.28,-44.584003,3.192,-64.736,concentric,4,5.0,31415.0,34842.0,90722.0,86440.0,28113.0,43177.0,40004.0,48895.0,19201.0,14787.0
2026-05-06 16:36:36.478194,933980,1609507659867796,5259780055,0.603168,0.38064,0.493856,-0.28875,1.9775,12.3025,-44.872,3.464,-63.376003,concentric,4,5.0,31415.0,34842.0,90722.0,86440.0,28113.0,43177.0,40004.0,48895.0,19201.0,14787.0
2026-05-06 16:36:36.486708,933981,1609507659876898,5259788812,0.603168,0.38064,0.493856,-0.06125,1.88125,9.91375,-44.872,3.464,-63.376003,concentric,4,5.0,31415.0,34842.0,90722.0,86440.0,28113.0,43177.0,40004.0,48895.0,19201.0,14787.0
2026-05-06 16:36:36.493294,933982,1609507659885917,5259797565,0.650016,0.284992,0.50752,0.28875,2.415,8.1025,-44.56,4.856,-63.512005,concentric,4,5.0,31415.0,34842.0,90722.0,86440.0,28113.0,43177.0,40004.0,48895.0,19201.0,14787.0
2026-05-06 16:36:36.517175,933983,1609507659900429,5259812505,0.650016,0.284992,0.50752,0.3325,3.29875,6.7375,-44.56,4.856,-63.512005,concentric,4,5.0,31415.0,34842.0,90722.0,86440.0,28113.0,43177.0,40004.0,48895.0,19201.0,14787.0
2026-05-06 16:36:36.521503,933984,1609507659909361,5259821227,0.650016,0.286944,0.51728,2.4675,3.89375,9.292501,-44.656002,5.712,-64.200005,concentric,4,5.0,31415.0,34842.0,90722.0,86440.0,28113.0,43177.0,40004.0,48895.0,19201.0,14787.0
2026-05-06 16:36:36.550449,933995,1609507659924040,5259836217,0.6344,0.382592,0.511424,3.21125,5.005,12.285,-44.656002,5.520001,-65.352005,concentric,4,5.0,31433.0,34875.0,90828.0,86633.0,28121.0,43225.0,40058.0,49027.0,19215.0,14823.0
2026-05-06 16:36:36.552690,933996,1609507659933031,5259845053,0.6344,0.382592,0.511424,4.7425,5.81875,12.495,-44.664,5.520001,-65.352005,concentric,4,5.0,31433.0,34875.0,90828.0,86633.0,28121.0,43225.0,40058.0,49027.0,19215.0,14823.0
2026-05-06 16:36:36.555628,933997,1609507659942031,5259853804,0.6344,0.382592,0.511424,3.45625,6.72,7.88375,-44.664,5.520001,-65.352005,concentric,4,5.0,31433.0,34875.0,90828.0,86633.0,28121.0,43225.0,40058.0,49027.0,19215.0,14823.0
2026-05-06 16:36:36.564393,933998,1609507659956551,5259868785,0.65392,0.382592,0.499712,3.36875,8.68,2.45,-44.760002,5.872,-64.088005,concentric,4,5.0,31433.0,34875.0,90828.0,86633.0,28121.0,43225.0,40058.0,49027.0,19215.0,14823.0
2026-05-06 16:36:36.578046,933999,1609507659965487,5259877492,0.648064,0.318176,0.513376,5.69625,8.74125,-2.52,-45.064003,4.36,-62.760002,concentric,4,5.0,31433.0,34875.0,90828.0,86633.0,28121.0,43225.0,40058.0,49027.0,19215.0,14823.0
2026-05-06 16:36:36.591714,934000,1609507659980064,5259892375,0.648064,0.318176,0.513376,9.275,8.49625,-3.325,-45.064003,4.36,-62.760002,concentric,4,5.0,31433.0,34875.0,90828.0,86633.0,28121.0,43225.0,40058.0,49027.0,19215.0,14823.0
2026-05-06 16:36:36.598286,934001,1609507659989152,5259901128,0.650016,0.269376,0.562176,7.0,8.4,-4.7775,-45.096,6.088,-63.760002,concentric,4,5.0,31433.0,34875.0,90828.0,86633.0,28121.0,43225.0,40058.0,49027.0,19215.0,14823.0
2026-05-06 16:36:36.612041,934002,1609507660003667,5259916054,0.650016,0.269376,0.562176,0.84875,8.8025,-5.2325,-45.096,6.088,-63.760002,concentric,4,5.0,31433.0,34875.0,90828.0,86633.0,28121.0,43225.0,40058.0,49027.0,19215.0,14823.0
2026-05-06 16:36:36.624056,934003,1609507660012758,5259924777,0.640256,0.40992,0.560224,-2.94875,9.511251,-4.64625,-44.816,6.568,-63.344,concentric,4,5.0,31433.0,34875.0,90828.0,86633.0,28121.0,43225.0,40058.0,49027.0,19215.0,14823.0
2026-05-06 16:36:36.651458,934014,1609507660022129,5259933577,0.640256,0.40992,0.560224,-1.72375,10.6225,-5.41625,-44.816,6.568,-63.344,concentric,4,5.0,31492.0,34934.0,91091.0,86861.0,28166.0,43272.0,40207.0,49116.0,19241.0,14836.0
2026-05-06 16:36:36.653841,934015,1609507660036821,5259948578,0.698816,0.396256,0.538752,0.0525,9.19625,-8.9075,-45.336002,5.824,-63.264004,concentric,4,5.0,31492.0,34934.0,91091.0,86861.0,28166.0,43272.0,40207.0,49116.0,19241.0,14836.0
2026-05-06 16:36:36.656770,934016,1609507660045769,5259957307,0.679296,0.324032,0.532896,1.61,5.7925,-12.88875,-45.496002,5.856,-62.752003,concentric,4,5.0,31492.0,34934.0,91091.0,86861.0,28166.0,43272.0,40207.0,49116.0,19241.0,14836.0
2026-05-06 16:36:36.663107,934017,1609507660054820,5259966043,0.679296,0.324032,0.532896,3.5875,2.65125,-13.74625,-45.496002,5.856,-62.752003,concentric,4,5.0,31492.0,34934.0,91091.0,86861.0,28166.0,43272.0,40207.0,49116.0,19241.0,14836.0
2026-05-06 16:36:36.697117,934018,1609507660069431,5259980987,0.708576,0.437248,0.589504,9.02125,1.19875,-12.635,-45.888,4.624,-61.576004,concentric,4,5.0,31492.0,34934.0,91091.0,86861.0,28166.0,43272.0,40207.0,49116.0,19241.0,14836.0
2026-05-06 16:36:36.699579,934019,1609507660078369,5259989748,0.708576,0.437248,0.589504,13.0025,-0.14875,-12.6525,-45.888,4.624,-61.576004,concentric,4,5.0,31492.0,34934.0,91091.0,86861.0,28166.0,43272.0,40207.0,49116.0,19241.0,14836.0
2026-05-06 16:36:36.704635,934020,1609507660092867,5260004660,0.718336,0.388448,0.511424,11.48875,-1.33875,-16.45875,-45.816,5.76,-62.648003,concentric,4,5.0,31492.0,34934.0,91091.0,86861.0,28166.0,43272.0,40207.0,49116.0,19241.0,14836.0
2026-05-06 16:36:36.714132,934021,1609507660101849,5260013373,0.718336,0.388448,0.511424,7.98875,-4.13875,-18.7075,-45.816,5.76,-62.648003,concentric,4,5.0,31492.0,34934.0,91091.0,86861.0,28166.0,43272.0,40207.0,49116.0,19241.0,14836.0
2026-05-06 16:36:36.733242,934022,1609507660116321,5260028274,0.765184,0.294752,0.52704,7.6825,-7.735,-18.27,-46.256,5.520001,-62.896004,concentric,4,5.0,31492.0,34934.0,91091.0,86861.0,28166.0,43272.0,40207.0,49116.0,19241.0,14836.0
2026-05-06 16:36:36.829852,934033,1609507660125344,5260037051,0.70272,0.423584,0.6344,10.5525,-9.8175,-13.0375,-46.256,5.520001,-65.64,concentric,4,5.0,31649.0,35084.0,91307.0,87247.0,28284.0,43434.0,40269.0,49303.0,19311.0,14890.0
2026-05-06 16:36:36.830145,934034,1609507660134274,5260045853,0.710528,0.423584,0.6344,14.971251,-11.042501,-7.0175,-46.096,5.584,-65.64,concentric,4,5.0,31649.0,35084.0,91307.0,87247.0,28284.0,43434.0,40269.0,49303.0,19311.0,14890.0
2026-05-06 16:36:36.830222,934035,1609507660148831,5260060818,0.743712,0.452864,0.538752,13.60625,-10.8675,-5.10125,-46.152,5.656,-62.712,concentric,4,5.0,31649.0,35084.0,91307.0,87247.0,28284.0,43434.0,40269.0,49303.0,19311.0,14890.0
2026-05-06 16:36:36.830277,934036,1609507660157753,5260069533,0.743712,0.452864,0.538752,7.86625,-10.2375,-5.8975,-46.152,5.656,-62.712,concentric,4,5.0,31649.0,35084.0,91307.0,87247.0,28284.0,43434.0,40269.0,49303.0,19311.0,14890.0
2026-05-06 16:36:36.830327,934037,1609507660172240,5260084447,0.786656,0.314272,0.433344,1.9425,-10.7275,-7.0175,-46.304,5.88,-63.320004,concentric,4,5.0,31649.0,35084.0,91307.0,87247.0,28284.0,43434.0,40269.0,49303.0,19311.0,14890.0
2026-05-06 16:36:36.831506,934038,1609507660181158,5260093253,0.786656,0.314272,0.433344,-0.14875,-15.198751,-3.9725,-46.304,5.88,-63.320004,concentric,4,5.0,31649.0,35084.0,91307.0,87247.0,28284.0,43434.0,40269.0,49303.0,19311.0,14890.0
2026-05-06 16:36:36.836619,934039,1609507660195662,5260108149,0.74176,0.423584,0.51728,3.26375,-21.42,3.98125,-46.264004,5.728,-63.416004,concentric,4,5.0,31649.0,35084.0,91307.0,87247.0,28284.0,43434.0,40269.0,49303.0,19311.0,14890.0
2026-05-06 16:36:36.839126,934040,1609507660204828,5260116933,0.74176,0.423584,0.51728,5.215,-26.6525,10.12375,-46.264004,5.728,-63.416004,concentric,4,5.0,31649.0,35084.0,91307.0,87247.0,28284.0,43434.0,40269.0,49303.0,19311.0,14890.0
2026-05-06 16:36:36.841632,934041,1609507660213876,5260125669,0.65392,0.482144,0.52704,4.1125,-27.72875,10.96375,-46.36,4.032,-64.208,concentric,4,5.0,31649.0,35084.0,91307.0,87247.0,28284.0,43434.0,40269.0,49303.0,19311.0,14890.0
2026-05-06 16:36:36.894234,934052,1609507660229154,5260140949,0.716384,0.343552,0.521184,6.86,-27.01125,10.167501,-46.432003,3.272,-61.496002,concentric,4,5.0,31993.0,35321.0,91576.0,87172.0,28634.0,43757.0,40412.0,49316.0,19531.0,15028.0
2026-05-06 16:36:36.896725,934053,1609507660238216,5260149726,0.716384,0.343552,0.521184,15.785,-27.62375,8.75,-46.432003,3.272,-61.496002,concentric,4,5.0,31993.0,35321.0,91576.0,87172.0,28634.0,43757.0,40412.0,49316.0,19531.0,15028.0
2026-05-06 16:36:36.899226,934054,1609507660252793,5260164742,0.755424,0.2928,0.636352,18.8825,-30.19625,9.511251,-46.160004,3.456,-61.544003,concentric,4,5.0,31993.0,35321.0,91576.0,87172.0,28634.0,43757.0,40412.0,49316.0,19531.0,15028.0
2026-05-06 16:36:36.904642,934055,1609507660261818,5260173455,0.755424,0.2928,0.636352,17.3425,-35.8925,14.91,-46.160004,3.456,-61.544003,concentric,4,5.0,31993.0,35321.0,91576.0,87172.0,28634.0,43757.0,40412.0,49316.0,19531.0,15028.0
2026-05-06 16:36:36.909125,934056,1609507660270741,5260182187,0.69296,0.511424,0.589504,11.50625,-38.5525,16.4675,-46.192,7.12,-64.704,concentric,4,5.0,31993.0,35321.0,91576.0,87172.0,28634.0,43757.0,40412.0,49316.0,19531.0,15028.0
2026-05-06 16:36:36.910730,934057,1609507660285221,5260197171,0.69296,0.511424,0.589504,1.785,-36.33875,14.14875,-46.192,7.12,-64.704,concentric,4,5.0,31993.0,35321.0,91576.0,87172.0,28634.0,43757.0,40412.0,49316.0,19531.0,15028.0
2026-05-06 16:36:36.912934,934058,1609507660294285,5260206024,0.728096,0.505568,0.587552,-7.0,-30.695,5.22375,-46.208004,5.024,-63.008003,concentric,4,5.0,31993.0,35321.0,91576.0,87172.0,28634.0,43757.0,40412.0,49316.0,19531.0,15028.0
2026-05-06 16:36:36.918984,934059,1609507660308813,5260220999,0.804224,0.277184,0.523136,-6.97375,-23.87,-3.05375,-46.112003,6.584,-63.904003,concentric,4,5.0,31993.0,35321.0,91576.0,87172.0,28634.0,43757.0,40412.0,49316.0,19531.0,15028.0
2026-05-06 16:36:36.925475,934060,1609507660317807,5260229750,0.804224,0.277184,0.523136,-5.04875,-16.68625,-8.25125,-46.112003,6.584,-63.904003,concentric,4,5.0,31993.0,35321.0,91576.0,87172.0,28634.0,43757.0,40412.0,49316.0,19531.0,15028.0
2026-05-06 16:36:36.956753,934071,1609507660326959,5260238596,0.74176,0.452864,0.579744,-1.18125,-10.5175,-6.2825,-46.112003,6.584,-63.480003,concentric,4,5.0,32067.0,35329.0,91921.0,87327.0,28740.0,43787.0,40597.0,49430.0,19570.0,15019.0
2026-05-06 16:36:36.959179,934072,1609507660341583,5260253603,0.745664,0.452864,0.579744,3.395,-4.41875,1.35625,-46.208004,5.8,-63.480003,concentric,4,5.0,32067.0,35329.0,91921.0,87327.0,28740.0,43787.0,40597.0,49430.0,19570.0,15019.0
2026-05-06 16:36:36.961560,934073,1609507660350566,5260262335,0.784704,0.488,0.532896,2.695,1.33875,-0.51625,-46.36,5.72,-63.800003,concentric,4,5.0,32067.0,35329.0,91921.0,87327.0,28740.0,43787.0,40597.0,49430.0,19570.0,15019.0
2026-05-06 16:36:36.975286,934074,1609507660365077,5260277283,0.784704,0.488,0.532896,-3.01,6.9475,-5.88875,-46.36,5.72,-63.800003,concentric,4,5.0,32067.0,35329.0,91921.0,87327.0,28740.0,43787.0,40597.0,49430.0,19570.0,15019.0
2026-05-06 16:36:36.984155,934075,1609507660374023,5260286079,0.81984,0.392352,0.54656,-8.74125,10.22875,-9.05625,-46.264004,7.376,-62.776005,concentric,4,5.0,32067.0,35329.0,91921.0,87327.0,28740.0,43787.0,40597.0,49430.0,19570.0,15019.0
2026-05-06 16:36:36.998016,934076,1609507660388563,5260301055,0.798368,0.519232,0.538752,-5.9325,11.15625,-6.0375,-46.312004,6.536,-62.480003,concentric,4,5.0,32067.0,35329.0,91921.0,87327.0,28740.0,43787.0,40597.0,49430.0,19570.0,15019.0
2026-05-06 16:36:37.009360,934077,1609507660397586,5260309784,0.798368,0.519232,0.538752,0.23625,9.44125,-5.5125,-46.312004,6.536,-62.480003,concentric,4,5.0,32067.0,35329.0,91921.0,87327.0,28740.0,43787.0,40597.0,49430.0,19570.0,15019.0
2026-05-06 16:36:37.015402,934078,1609507660406626,5260318509,0.798368,0.519232,0.538752,-0.805,7.51625,-8.00625,-46.312004,6.536,-62.480003,concentric,4,5.0,32067.0,35329.0,91921.0,87327.0,28740.0,43787.0,40597.0,49430.0,19570.0,15019.0
2026-05-06 16:36:37.059533,934089,1609507660421739,5260333733,0.772992,0.640256,0.548512,-3.745,7.4375,-9.555,-46.496002,7.08,-65.728004,concentric,4,5.0,31934.0,35298.0,91905.0,87466.0,28666.0,43760.0,40630.0,49447.0,19527.0,15014.0
2026-05-06 16:36:37.062023,934090,1609507660430824,5260342570,0.976,0.388448,0.554368,-7.97125,6.48375,-14.65625,-46.72,6.632,-64.80801,concentric,4,5.0,31934.0,35298.0,91905.0,87466.0,28666.0,43760.0,40630.0,49447.0,19527.0,15014.0
2026-05-06 16:36:37.064555,934091,1609507660439891,5260351373,0.976,0.388448,0.554368,-13.1425,2.8,-17.885,-46.72,6.632,-64.80801,concentric,4,5.0,31934.0,35298.0,91905.0,87466.0,28666.0,43760.0,40630.0,49447.0,19527.0,15014.0
2026-05-06 16:36:37.066947,934092,1609507660454446,5260366396,0.938912,0.320128,0.564128,-13.18625,-4.0775,-12.90625,-47.000004,6.656,-64.376,concentric,4,5.0,31934.0,35298.0,91905.0,87466.0,28666.0,43760.0,40630.0,49447.0,19527.0,15014.0
2026-05-06 16:36:37.073324,934093,1609507660463446,5260375095,0.938912,0.320128,0.564128,-11.54125,-11.31375,-7.16625,-47.000004,6.656,-64.376,concentric,4,5.0,31934.0,35298.0,91905.0,87466.0,28666.0,43760.0,40630.0,49447.0,19527.0,15014.0
2026-05-06 16:36:37.087046,934094,1609507660477937,5260390061,0.806176,0.71248,0.66368,-9.10875,-13.78125,-3.47375,-46.640003,6.448,-64.208,concentric,4,5.0,31934.0,35298.0,91905.0,87466.0,28666.0,43760.0,40630.0,49447.0,19527.0,15014.0
2026-05-06 16:36:37.098318,934095,1609507660486848,5260398766,0.806176,0.71248,0.66368,-6.9125,-10.4825,-0.6825,-46.640003,6.448,-64.208,concentric,4,5.0,31934.0,35298.0,91905.0,87466.0,28666.0,43760.0,40630.0,49447.0,19527.0,15014.0
2026-05-06 16:36:37.131882,934096,1609507660501396,5260413693,0.944768,0.47824,0.6832,-14.62125,-5.3025,-12.85375,-47.496002,4.408,-63.728004,concentric,4,5.0,31934.0,35298.0,91905.0,87466.0,28666.0,43760.0,40630.0,49447.0,19527.0,15014.0
2026-05-06 16:36:37.156608,934097,1609507660510346,5260422436,1.059936,0.1464,0.74176,-22.2075,0.8925,-19.9675,-46.808002,6.000001,-65.064,concentric,4,5.0,31934.0,35298.0,91905.0,87466.0,28666.0,43760.0,40630.0,49447.0,19527.0,15014.0
2026-05-06 16:36:37.181591,934098,1609507660519280,5260431139,1.059936,0.1464,0.74176,-21.9975,1.75,-14.175,-46.808002,6.000001,-65.064,concentric,4,5.0,31934.0,35298.0,91905.0,87466.0,28666.0,43760.0,40630.0,49447.0,19527.0,15014.0
2026-05-06 16:36:37.221458,934109,1609507660533822,5260446082,0.892064,0.532896,0.671488,-16.65125,-0.0875,-2.17875,-46.632004,6.488,-65.424,eccentric,4,5.0,32120.0,35393.0,92333.0,88030.0,28742.0,43813.0,40797.0,49741.0,19578.0,15061.0
2026-05-06 16:36:37.224070,934110,1609507660542782,5260454789,0.892064,0.532896,0.671488,-13.39625,0.25375,4.9875,-46.632004,6.488,-65.424,eccentric,4,5.0,32120.0,35393.0,92333.0,88030.0,28742.0,43813.0,40797.0,49741.0,19578.0,15061.0
2026-05-06 16:36:37.229083,934111,1609507660557345,5260469750,0.853024,0.560224,0.601216,-13.48375,4.54125,1.75,-46.960003,6.24,-65.216,eccentric,4,5.0,32120.0,35393.0,92333.0,88030.0,28742.0,43813.0,40797.0,49741.0,19578.0,15061.0
2026-05-06 16:36:37.231417,934112,1609507660566241,5260478449,0.853024,0.560224,0.601216,-13.448751,9.03875,-9.54625,-46.960003,6.24,-65.216,eccentric,4,5.0,32120.0,35393.0,92333.0,88030.0,28742.0,43813.0,40797.0,49741.0,19578.0,15061.0
2026-05-06 16:36:37.233989,934113,1609507660580911,5260493437,0.925248,0.226432,0.59536,-13.06375,12.53,-13.3525,-46.616,6.096,-64.984,eccentric,4,5.0,32120.0,35393.0,92333.0,88030.0,28742.0,43813.0,40797.0,49741.0,19578.0,15061.0
2026-05-06 16:36:37.236569,934114,1609507660589978,5260502157,0.899872,0.355264,0.59536,-6.57125,12.11,-3.26375,-46.616,5.568,-64.024,eccentric,4,5.0,32120.0,35393.0,92333.0,88030.0,28742.0,43813.0,40797.0,49741.0,19578.0,15061.0
2026-05-06 16:36:37.239072,934115,1609507660599162,5260510983,0.899872,0.355264,0.59536,-0.42875,7.805,2.73875,-46.616,5.568,-64.024,eccentric,4,5.0,32120.0,35393.0,92333.0,88030.0,28742.0,43813.0,40797.0,49741.0,19578.0,15061.0
2026-05-06 16:36:37.241645,934116,1609507660613883,5260525929,0.792512,0.530944,0.601216,-2.205,5.5475,2.94875,-46.768,2.616,-62.648003,eccentric,4,5.0,32120.0,35393.0,92333.0,88030.0,28742.0,43813.0,40797.0,49741.0,19578.0,15061.0
2026-05-06 16:36:37.276738,934127,1609507660623266,5260534988,0.792512,0.530944,0.601216,-3.92875,5.845,3.01,-46.768,2.616,-62.648003,eccentric,4,5.0,32067.0,35309.0,91966.0,87982.0,28693.0,43697.0,40564.0,49661.0,19548.0,14992.0
2026-05-06 16:36:37.281720,934128,1609507660637915,5260550082,0.827648,0.413824,0.573888,-0.77,5.845,-0.4025,-46.968002,3.92,-63.968002,eccentric,4,5.0,32067.0,35309.0,91966.0,87982.0,28693.0,43697.0,40564.0,49661.0,19548.0,14992.0
2026-05-06 16:36:37.282283,934129,1609507660646973,5260558816,0.827648,0.413824,0.573888,1.26875,4.43625,-6.29125,-46.968002,3.92,-63.968002,eccentric,4,5.0,32067.0,35309.0,91966.0,87982.0,28693.0,43697.0,40564.0,49661.0,19548.0,14992.0
2026-05-06 16:36:37.283959,934130,1609507660655985,5260567671,0.841312,0.2928,0.562176,3.29875,3.29,-7.88375,-46.688004,4.16,-64.056,eccentric,4,5.0,32067.0,35309.0,91966.0,87982.0,28693.0,43697.0,40564.0,49661.0,19548.0,14992.0
2026-05-06 16:36:37.288259,934131,1609507660670606,5260582748,0.79056,0.493856,0.620736,10.3775,0.91875,-4.31375,-46.456,4.448,-63.832005,eccentric,4,5.0,32067.0,35309.0,91966.0,87982.0,28693.0,43697.0,40564.0,49661.0,19548.0,14992.0
2026-05-06 16:36:37.290757,934132,1609507660679602,5260591493,0.79056,0.493856,0.620736,12.67,0.3325,-0.665,-46.456,4.448,-63.832005,eccentric,4,5.0,32067.0,35309.0,91966.0,87982.0,28693.0,43697.0,40564.0,49661.0,19548.0,14992.0
2026-05-06 16:36:37.302835,934133,1609507660694106,5260606409,0.759328,0.4392,0.544608,7.4375,1.81125,-1.77625,-45.800003,5.688,-64.968,eccentric,4,5.0,32067.0,35309.0,91966.0,87982.0,28693.0,43697.0,40564.0,49661.0,19548.0,14992.0
2026-05-06 16:36:37.311630,934134,1609507660703040,5260615130,0.759328,0.4392,0.544608,1.60125,4.89125,-5.15375,-45.800003,5.688,-64.968,eccentric,4,5.0,32067.0,35309.0,91966.0,87982.0,28693.0,43697.0,40564.0,49661.0,19548.0,14992.0
2026-05-06 16:36:37.320436,934135,1609507660712021,5260624069,0.788608,0.388448,0.593408,0.49,7.5075,-6.16,-46.024002,5.64,-64.80801,eccentric,4,5.0,32067.0,35309.0,91966.0,87982.0,28693.0,43697.0,40564.0,49661.0,19548.0,14992.0
2026-05-06 16:36:37.354205,934146,1609507660726745,5260639079,0.788608,0.388448,0.593408,4.17375,8.3825,-4.97875,-46.024002,5.64,-64.80801,eccentric,4,5.0,32149.0,35355.0,91699.0,87861.0,28726.0,43732.0,40418.0,49570.0,19590.0,15022.0
2026-05-06 16:36:37.356603,934147,1609507660735731,5260647830,0.772992,0.404064,0.52704,6.16,7.91,-2.26625,-46.056004,5.232,-64.920006,eccentric,4,5.0,32149.0,35355.0,91699.0,87861.0,28726.0,43732.0,40418.0,49570.0,19590.0,15022.0
2026-05-06 16:36:37.359209,934148,1609507660750451,5260662827,0.728096,0.445056,0.513376,4.13,7.25375,-0.9975,-45.872,5.592001,-67.192,eccentric,4,5.0,32149.0,35355.0,91699.0,87861.0,28726.0,43732.0,40418.0,49570.0,19590.0,15022.0
2026-05-06 16:36:37.371697,934149,1609507660759432,5260671536,0.728096,0.445056,0.513376,0.8225,6.72875,0.42,-45.872,5.592001,-67.192,eccentric,4,5.0,32149.0,35355.0,91699.0,87861.0,28726.0,43732.0,40418.0,49570.0,19590.0,15022.0
2026-05-06 16:36:37.376293,934150,1609507660768395,5260680326,0.728096,0.445056,0.513376,0.67375,6.65875,1.7325,-45.872,5.592001,-67.192,eccentric,4,5.0,32149.0,35355.0,91699.0,87861.0,28726.0,43732.0,40418.0,49570.0,19590.0,15022.0
2026-05-06 16:36:37.409420,934151,1609507660782872,5260695245,0.763232,0.421632,0.5368,1.12,5.53875,2.8175,-46.04,5.744,-64.840004,eccentric,4,5.0,32149.0,35355.0,91699.0,87861.0,28726.0,43732.0,40418.0,49570.0,19590.0,15022.0
2026-05-06 16:36:37.411915,934152,1609507660791720,5260704065,0.749568,0.320128,0.499712,-1.05875,3.45625,1.435,-45.584003,5.568,-64.840004,eccentric,4,5.0,32149.0,35355.0,91699.0,87861.0,28726.0,43732.0,40418.0,49570.0,19590.0,15022.0
2026-05-06 16:36:37.415657,934153,1609507660806235,5260718970,0.749568,0.320128,0.499712,-2.485,0.46375,4.8475,-45.584003,5.568,-64.840004,eccentric,4,5.0,32149.0,35355.0,91699.0,87861.0,28726.0,43732.0,40418.0,49570.0,19590.0,15022.0
2026-05-06 16:36:37.424447,934154,1609507660815207,5260727700,0.718336,0.466528,0.54656,-1.1725,-1.60125,9.3975,-45.232002,5.520001,-63.832005,eccentric,4,5.0,32149.0,35355.0,91699.0,87861.0,28726.0,43732.0,40418.0,49570.0,19590.0,15022.0
2026-05-06 16:36:37.455735,934165,1609507660829947,5260740706,0.718336,0.466528,0.54656,-1.3125,-1.95125,11.515,-45.232002,5.520001,-63.832005,eccentric,4,5.0,32018.0,35247.0,91518.0,87640.0,28618.0,43606.0,40339.0,49475.0,19518.0,14961.0
2026-05-06 16:36:37.458233,934166,1609507660839213,5260751541,0.708576,0.363072,0.513376,-4.8825,-0.81375,7.98875,-44.848003,4.384,-63.648003,eccentric,4,5.0,32018.0,35247.0,91518.0,87640.0,28618.0,43606.0,40339.0,49475.0,19518.0,14961.0
2026-05-06 16:36:37.460788,934167,1609507660848281,5260760335,0.708576,0.363072,0.513376,-6.5975,0.37625,7.805,-44.848003,4.384,-63.648003,eccentric,4,5.0,32018.0,35247.0,91518.0,87640.0,28618.0,43606.0,40339.0,49475.0,19518.0,14961.0
2026-05-06 16:36:37.476359,934168,1609507660862834,5260775274,0.714432,0.294752,0.523136,-6.475,0.83125,8.61,-45.152,4.208,-64.128006,eccentric,4,5.0,32018.0,35247.0,91518.0,87640.0,28618.0,43606.0,40339.0,49475.0,19518.0,14961.0
2026-05-06 16:36:37.497735,934169,1609507660871770,5260783982,0.677344,0.3416,0.452864,-7.28875,0.875,11.4975,-44.712,6.144,-64.136,eccentric,4,5.0,32018.0,35247.0,91518.0,87640.0,28618.0,43606.0,40339.0,49475.0,19518.0,14961.0
2026-05-06 16:36:37.525766,934170,1609507660886247,5260798920,0.677344,0.3416,0.452864,-5.95875,0.42875,14.42,-44.712,6.144,-64.136,eccentric,4,5.0,32018.0,35247.0,91518.0,87640.0,28618.0,43606.0,40339.0,49475.0,19518.0,14961.0
2026-05-06 16:36:37.550856,934171,1609507660895169,5260807627,0.669536,0.355264,0.525088,-4.55,1.505,14.72625,-44.600002,6.544,-64.888,eccentric,4,5.0,32018.0,35247.0,91518.0,87640.0,28618.0,43606.0,40339.0,49475.0,19518.0,14961.0
2026-05-06 16:36:37.558277,934172,1609507660904084,5260816407,0.669536,0.355264,0.525088,-4.0075,2.16125,13.2125,-44.600002,6.544,-64.888,eccentric,4,5.0,32018.0,35247.0,91518.0,87640.0,28618.0,43606.0,40339.0,49475.0,19518.0,14961.0
2026-05-06 16:36:37.562981,934173,1609507660918583,5260831318,0.640256,0.337696,0.460672,-5.1275,3.6225,11.36625,-44.36,6.12,-63.336002,eccentric,4,5.0,32018.0,35247.0,91518.0,87640.0,28618.0,43606.0,40339.0,49475.0,19518.0,14961.0
2026-05-06 16:36:37.596712,934184,1609507660927687,5260840238,0.640256,0.337696,0.460672,-6.22125,4.655,10.5525,-44.36,6.12,-63.336002,eccentric,4,5.0,31911.0,35191.0,91322.0,87235.0,28508.0,43572.0,40249.0,49286.0,19457.0,14961.0
2026-05-06 16:36:37.599200,934185,1609507660942243,5260853118,0.648064,0.304512,0.435296,-8.23375,4.235,8.74125,-44.032,6.496,-65.600006,eccentric,4,5.0,31911.0,35191.0,91322.0,87235.0,28508.0,43572.0,40249.0,49286.0,19457.0,14961.0
2026-05-06 16:36:37.601675,934186,1609507660951567,5260863928,0.618784,0.26352,0.423584,-6.60625,3.85875,9.79125,-44.032,6.552001,-65.248,eccentric,4,5.0,31911.0,35191.0,91322.0,87235.0,28508.0,43572.0,40249.0,49286.0,19457.0,14961.0
2026-05-06 16:36:37.604153,934187,1609507660966086,5260876853,0.618784,0.26352,0.423584,-3.63125,2.80875,9.485,-44.216003,6.552001,-65.248,eccentric,4,5.0,31911.0,35191.0,91322.0,87235.0,28508.0,43572.0,40249.0,49286.0,19457.0,14961.0
2026-05-06 16:36:37.606735,934188,1609507660975345,5260887703,0.591456,0.339648,0.462624,-2.38,2.44125,9.555,-43.72,6.912,-65.48801,eccentric,4,5.0,31911.0,35191.0,91322.0,87235.0,28508.0,43572.0,40249.0,49286.0,19457.0,14961.0
2026-05-06 16:36:37.609208,934189,1609507660984313,5260896440,0.591456,0.339648,0.462624,-3.01,2.73875,11.06875,-43.72,6.912,-65.48801,eccentric,4,5.0,31911.0,35191.0,91322.0,87235.0,28508.0,43572.0,40249.0,49286.0,19457.0,14961.0
2026-05-06 16:36:37.611739,934190,1609507660998824,5260911336,0.618784,0.259616,0.417728,-9.485,3.56125,7.805,-43.672,4.936,-64.256004,eccentric,4,5.0,31911.0,35191.0,91322.0,87235.0,28508.0,43572.0,40249.0,49286.0,19457.0,14961.0
2026-05-06 16:36:37.615455,934191,1609507661007764,5260920114,0.618784,0.259616,0.417728,-13.1425,5.57375,6.7725,-43.672,4.936,-64.256004,eccentric,4,5.0,31911.0,35191.0,91322.0,87235.0,28508.0,43572.0,40249.0,49286.0,19457.0,14961.0
2026-05-06 16:36:37.676705,934202,1609507661022360,5260935142,0.632448,0.232288,0.402112,-9.345,4.1825,7.95375,-43.296,4.272,-65.64,eccentric,4,5.0,31746.0,35144.0,91226.0,87009.0,28393.0,43540.0,40201.0,49203.0,19367.0,14940.0
2026-05-06 16:36:37.679071,934203,1609507661031407,5260943922,0.632448,0.232288,0.402112,-0.9975,1.67125,9.68625,-43.296,4.272,-65.64,eccentric,4,5.0,31746.0,35144.0,91226.0,87009.0,28393.0,43540.0,40201.0,49203.0,19367.0,14940.0
2026-05-06 16:36:37.684011,934204,1609507661040386,5260952728,0.59536,0.286944,0.474336,2.695,-0.6125,8.82,-43.216003,6.592001,-66.352005,eccentric,4,5.0,31746.0,35144.0,91226.0,87009.0,28393.0,43540.0,40201.0,49203.0,19367.0,14940.0
2026-05-06 16:36:37.686557,934205,1609507661055034,5260967643,0.59536,0.314272,0.427488,2.345,-1.47875,7.13125,-42.968002,6.848001,-65.872,eccentric,4,5.0,31746.0,35144.0,91226.0,87009.0,28393.0,43540.0,40201.0,49203.0,19367.0,14940.0
2026-05-06 16:36:37.689096,934206,1609507661064118,5260976400,0.59536,0.314272,0.427488,-2.47625,-0.86625,4.41875,-42.968002,6.848001,-65.872,eccentric,4,5.0,31746.0,35144.0,91226.0,87009.0,28393.0,43540.0,40201.0,49203.0,19367.0,14940.0
2026-05-06 16:36:37.691683,934207,1609507661078614,5260991357,0.62464,0.177632,0.435296,-7.58625,0.2625,-0.2625,-42.992,6.872,-65.936005,eccentric,4,5.0,31746.0,35144.0,91226.0,87009.0,28393.0,43540.0,40201.0,49203.0,19367.0,14940.0
2026-05-06 16:36:37.695386,934208,1609507661087589,5261000177,0.62464,0.177632,0.435296,-6.27375,0.23625,-0.60375,-42.992,6.872,-65.936005,eccentric,4,5.0,31746.0,35144.0,91226.0,87009.0,28393.0,43540.0,40201.0,49203.0,19367.0,14940.0
2026-05-06 16:36:37.709221,934209,1609507661096510,5261008917,0.64416,0.193248,0.476288,-1.4,-0.37625,1.33875,-43.104004,6.432,-65.64,eccentric,4,5.0,31746.0,35144.0,91226.0,87009.0,28393.0,43540.0,40201.0,49203.0,19367.0,14940.0
2026-05-06 16:36:37.722951,934210,1609507661111091,5261023827,0.64416,0.193248,0.476288,3.3775,-1.05,4.69875,-43.104004,6.432,-65.64,eccentric,4,5.0,31746.0,35144.0,91226.0,87009.0,28393.0,43540.0,40201.0,49203.0,19367.0,14940.0
2026-05-06 16:36:37.731726,934211,1609507661120178,5261032505,0.599264,0.290848,0.4392,3.5175,-1.3825,5.38125,-42.136,6.72,-66.96001,eccentric,4,5.0,31746.0,35144.0,91226.0,87009.0,28393.0,43540.0,40201.0,49203.0,19367.0,14940.0
2026-05-06 16:36:37.762473,934222,1609507661134829,5261047543,0.620736,0.267424,0.4392,-0.315,0.11375,4.06,-42.320004,6.936,-66.352005,eccentric,4,5.0,31652.0,35131.0,91027.0,86940.0,28273.0,43488.0,40097.0,49158.0,19273.0,14902.0
2026-05-06 16:36:37.762590,934223,1609507661143806,5261056258,0.620736,0.267424,0.4392,-2.52,1.26,0.9625,-42.320004,6.936,-66.352005,eccentric,4,5.0,31652.0,35131.0,91027.0,86940.0,28273.0,43488.0,40097.0,49158.0,19273.0,14902.0
2026-05-06 16:36:37.763910,934224,1609507661158348,5261069268,0.6344,0.193248,0.425536,-1.8025,1.23375,-2.0825,-42.808002,6.408001,-65.16,eccentric,4,5.0,31652.0,35131.0,91027.0,86940.0,28273.0,43488.0,40097.0,49158.0,19273.0,14902.0
2026-05-06 16:36:37.777837,934225,1609507661167744,5261080153,0.6344,0.193248,0.425536,1.365,0.37625,-1.505,-42.808002,6.408001,-65.16,eccentric,4,5.0,31652.0,35131.0,91027.0,86940.0,28273.0,43488.0,40097.0,49158.0,19273.0,14902.0
2026-05-06 16:36:37.790149,934226,1609507661176653,5261088920,0.626592,0.22448,0.470432,5.43375,-0.8575,2.1175,-42.304,6.480001,-66.008,eccentric,4,5.0,31652.0,35131.0,91027.0,86940.0,28273.0,43488.0,40097.0,49158.0,19273.0,14902.0
2026-05-06 16:36:37.804467,934227,1609507661191206,5261103813,0.626592,0.22448,0.470432,5.4775,-1.84625,4.445,-42.304,6.480001,-66.008,eccentric,4,5.0,31652.0,35131.0,91027.0,86940.0,28273.0,43488.0,40097.0,49158.0,19273.0,14902.0
2026-05-06 16:36:37.808298,934228,1609507661200344,5261112559,0.56608,0.314272,0.447008,2.59875,-2.42375,4.57625,-41.968002,6.312,-65.288,eccentric,4,5.0,31652.0,35131.0,91027.0,86940.0,28273.0,43488.0,40097.0,49158.0,19273.0,14902.0
2026-05-06 16:36:37.878125,934229,1609507661214861,5261127496,0.589504,0.281088,0.402112,0.77,-1.37375,3.8325,-42.016003,6.920001,-66.344,eccentric,4,5.0,31652.0,35131.0,91027.0,86940.0,28273.0,43488.0,40097.0,49158.0,19273.0,14902.0
2026-05-06 16:36:37.920783,934240,1609507661223795,5261136299,0.589504,0.281088,0.402112,-0.2625,-0.42875,1.47875,-42.016003,6.920001,-66.344,eccentric,4,5.0,31759.0,35294.0,90897.0,87057.0,28317.0,43573.0,39979.0,49147.0,19319.0,14981.0
2026-05-06 16:36:37.923230,934241,1609507661232782,5261145018,0.589504,0.281088,0.402112,-2.59,0.58625,-1.54,-42.016003,6.920001,-66.344,eccentric,4,5.0,31759.0,35294.0,90897.0,87057.0,28317.0,43573.0,39979.0,49147.0,19319.0,14981.0
2026-05-06 16:36:37.925734,934242,1609507661247283,5261159978,0.609024,0.173728,0.452864,-0.06125,0.25375,0.18375,-42.24,7.2,-67.04,eccentric,4,5.0,31759.0,35294.0,90897.0,87057.0,28317.0,43573.0,39979.0,49147.0,19319.0,14981.0
2026-05-06 16:36:37.928271,934243,1609507661256201,5261168736,0.579744,0.294752,0.406016,3.87625,-0.9275,3.8675,-42.136,7.104001,-65.840004,eccentric,4,5.0,31759.0,35294.0,90897.0,87057.0,28317.0,43573.0,39979.0,49147.0,19319.0,14981.0
2026-05-06 16:36:37.930465,934244,1609507661270863,5261181618,0.579744,0.294752,0.406016,4.99625,-0.6125,6.41375,-42.136,7.104001,-65.840004,eccentric,4,5.0,31759.0,35294.0,90897.0,87057.0,28317.0,43573.0,39979.0,49147.0,19319.0,14981.0
2026-05-06 16:36:37.933114,934245,1609507661280048,5261192365,0.57584,0.325984,0.41968,2.59875,0.0,6.1075,-41.784,7.088,-65.840004,eccentric,4,5.0,31759.0,35294.0,90897.0,87057.0,28317.0,43573.0,39979.0,49147.0,19319.0,14981.0
2026-05-06 16:36:37.935762,934246,1609507661294559,5261207321,0.61488,0.232288,0.417728,-2.44125,1.575,1.575,-41.872,7.192,-66.096,eccentric,4,5.0,31759.0,35294.0,90897.0,87057.0,28317.0,43573.0,39979.0,49147.0,19319.0,14981.0
2026-05-06 16:36:37.938271,934247,1609507661303543,5261216097,0.61488,0.232288,0.417728,-3.1325,2.72125,-0.11375,-41.872,7.192,-66.096,eccentric,4,5.0,31759.0,35294.0,90897.0,87057.0,28317.0,43573.0,39979.0,49147.0,19319.0,14981.0
2026-05-06 16:36:37.940786,934248,1609507661312624,5261224884,0.61488,0.232288,0.417728,0.91,2.31875,2.12625,-41.872,7.192,-66.096,eccentric,4,5.0,31759.0,35294.0,90897.0,87057.0,28317.0,43573.0,39979.0,49147.0,19319.0,14981.0
2026-05-06 16:36:37.967749,934259,1609507661327309,5261239960,0.618784,0.269376,0.456768,0.385,1.925,4.06875,-41.936,7.664001,-65.240005,eccentric,4,5.0,31337.0,35087.0,90559.0,87544.0,27866.0,43316.0,39810.0,49415.0,19050.0,14866.0
2026-05-06 16:36:37.970653,934260,1609507661336343,5261248785,0.601216,0.300608,0.394304,-3.01,0.98,4.69875,-42.144,5.952,-64.864006,eccentric,4,5.0,31337.0,35087.0,90559.0,87544.0,27866.0,43316.0,39810.0,49415.0,19050.0,14866.0
2026-05-06 16:36:37.973170,934261,1609507661351180,5261263787,0.601216,0.300608,0.394304,-5.88875,0.91,4.03375,-42.144,5.952,-64.864006,eccentric,4,5.0,31337.0,35087.0,90559.0,87544.0,27866.0,43316.0,39810.0,49415.0,19050.0,14866.0
2026-05-06 16:36:37.975655,934262,1609507661360356,5261272541,0.589504,0.298656,0.423584,-6.3875,1.26875,4.26125,-42.072002,5.816001,-64.8,eccentric,4,5.0,31337.0,35087.0,90559.0,87544.0,27866.0,43316.0,39810.0,49415.0,19050.0,14866.0
2026-05-06 16:36:37.978187,934263,1609507661369320,5261281252,0.589504,0.298656,0.423584,-6.71125,1.2075,3.08,-42.072002,5.816001,-64.8,eccentric,4,5.0,31337.0,35087.0,90559.0,87544.0,27866.0,43316.0,39810.0,49415.0,19050.0,14866.0
2026-05-06 16:36:37.998311,934264,1609507661383898,5261296209,0.610976,0.261568,0.417728,-9.24875,0.8225,2.0475,-41.84,5.904,-65.07201,eccentric,4,5.0,31337.0,35087.0,90559.0,87544.0,27866.0,43316.0,39810.0,49415.0,19050.0,14866.0
2026-05-06 16:36:38.000827,934265,1609507661392797,5261304914,0.610976,0.261568,0.417728,-10.03625,0.105,2.84375,-41.84,5.904,-65.07201,eccentric,4,5.0,31337.0,35087.0,90559.0,87544.0,27866.0,43316.0,39810.0,49415.0,19050.0,14866.0
2026-05-06 16:36:38.021991,934266,1609507661407276,5261319817,0.650016,0.281088,0.423584,-8.00625,-0.9625,2.9925,-41.800003,7.592001,-66.368004,eccentric,4,5.0,31337.0,35087.0,90559.0,87544.0,27866.0,43316.0,39810.0,49415.0,19050.0,14866.0
2026-05-06 16:36:38.025798,934267,1609507661416168,5261328680,0.632448,0.265472,0.456768,-6.3,-0.9275,2.45875,-41.640003,7.512001,-65.816,eccentric,4,5.0,31337.0,35087.0,90559.0,87544.0,27866.0,43316.0,39810.0,49415.0,19050.0,14866.0
2026-05-06 16:36:38.065582,934278,1609507661425152,5261337548,0.632448,0.265472,0.456768,-6.0025,-0.56,1.4,-41.640003,7.512001,-65.816,eccentric,4,5.0,31222.0,34860.0,90561.0,87715.0,27784.0,43086.0,39806.0,49535.0,19003.0,14737.0
2026-05-06 16:36:38.067661,934279,1609507661439774,5261350567,0.65392,0.2928,0.513376,-7.88375,-0.6475,0.00875,-41.456,7.960001,-66.272,eccentric,4,5.0,31222.0,34860.0,90561.0,87715.0,27784.0,43086.0,39806.0,49535.0,19003.0,14737.0
2026-05-06 16:36:38.070634,934280,1609507661449104,5261361418,0.65392,0.2928,0.513376,-7.74375,-0.32375,0.63,-41.456,7.960001,-66.272,eccentric,4,5.0,31222.0,34860.0,90561.0,87715.0,27784.0,43086.0,39806.0,49535.0,19003.0,14737.0
2026-05-06 16:36:38.072768,934281,1609507661463731,5261376400,0.6832,0.28304,0.456768,-9.87875,-0.06125,-0.7,-41.576,7.656,-66.328,eccentric,4,5.0,31222.0,34860.0,90561.0,87715.0,27784.0,43086.0,39806.0,49535.0,19003.0,14737.0
2026-05-06 16:36:38.081869,934282,1609507661472792,5261385128,0.6832,0.28304,0.456768,-11.57625,0.525,-3.54375,-41.576,7.656,-66.328,eccentric,4,5.0,31222.0,34860.0,90561.0,87715.0,27784.0,43086.0,39806.0,49535.0,19003.0,14737.0
2026-05-06 16:36:38.091994,934283,1609507661481721,5261393851,0.704672,0.281088,0.489952,-9.275,0.875,-4.4625,-41.760002,7.520001,-66.12,eccentric,4,5.0,31222.0,34860.0,90561.0,87715.0,27784.0,43086.0,39806.0,49535.0,19003.0,14737.0
2026-05-06 16:36:38.105783,934284,1609507661496227,5261408803,0.650016,0.306464,0.45872,-6.475,-0.805,-5.83625,-41.784,7.272,-64.264,eccentric,4,5.0,31222.0,34860.0,90561.0,87715.0,27784.0,43086.0,39806.0,49535.0,19003.0,14737.0
2026-05-06 16:36:38.114609,934285,1609507661505144,5261417539,0.650016,0.306464,0.45872,-4.73375,-1.8725,-6.23,-41.784,7.272,-64.264,eccentric,4,5.0,31222.0,34860.0,90561.0,87715.0,27784.0,43086.0,39806.0,49535.0,19003.0,14737.0
2026-05-06 16:36:38.152769,934286,1609507661519804,5261432450,0.714432,0.247904,0.491904,-7.44625,-1.60125,-8.75875,-41.984,6.36,-66.600006,eccentric,4,5.0,31222.0,34860.0,90561.0,87715.0,27784.0,43086.0,39806.0,49535.0,19003.0,14737.0
2026-05-06 16:36:38.199216,934297,1609507661529301,5261441242,0.714432,0.247904,0.491904,-12.1275,-1.2425,-8.0325,-41.984,6.36,-66.600006,eccentric,4,5.0,31072.0,34706.0,90187.0,87856.0,27626.0,42905.0,39613.0,49580.0,18894.0,14680.0
2026-05-06 16:36:38.207994,934298,1609507661538328,5261450071,0.698816,0.251808,0.484096,-15.785,0.07875,-6.46625,-41.600002,7.344,-66.192,eccentric,4,5.0,31072.0,34706.0,90187.0,87856.0,27626.0,42905.0,39613.0,49580.0,18894.0,14680.0
2026-05-06 16:36:38.232809,934299,1609507661552850,5261465093,0.698816,0.251808,0.484096,-15.855001,0.0,-3.56125,-41.600002,7.344,-66.192,eccentric,4,5.0,31072.0,34706.0,90187.0,87856.0,27626.0,42905.0,39613.0,49580.0,18894.0,14680.0
2026-05-06 16:36:38.257903,934300,1609507661561806,5261473810,0.70272,0.314272,0.515328,-13.4925,0.2275,-1.54875,-41.648003,7.544,-66.80801,eccentric,4,5.0,31072.0,34706.0,90187.0,87856.0,27626.0,42905.0,39613.0,49580.0,18894.0,14680.0
2026-05-06 16:36:38.274225,934301,1609507661576319,5261488772,0.704672,0.269376,0.476288,-11.92625,-0.3325,-1.61875,-41.648003,4.392,-64.344,eccentric,4,5.0,31072.0,34706.0,90187.0,87856.0,27626.0,42905.0,39613.0,49580.0,18894.0,14680.0
2026-05-06 16:36:38.276750,934302,1609507661585295,5261497493,0.704672,0.269376,0.476288,-13.22125,-1.19,-3.745,-42.08,4.392,-64.344,eccentric,4,5.0,31072.0,34706.0,90187.0,87856.0,27626.0,42905.0,39613.0,49580.0,18894.0,14680.0
2026-05-06 16:36:38.279236,934303,1609507661599942,5261512448,0.706624,0.249856,0.505568,-13.475,-1.37375,-4.69875,-41.816,4.024,-64.296005,eccentric,4,5.0,31072.0,34706.0,90187.0,87856.0,27626.0,42905.0,39613.0,49580.0,18894.0,14680.0
2026-05-06 16:36:38.285517,934304,1609507661608999,5261521189,0.706624,0.249856,0.505568,-12.50375,-2.38875,-4.50625,-41.816,4.024,-64.296005,eccentric,4,5.0,31072.0,34706.0,90187.0,87856.0,27626.0,42905.0,39613.0,49580.0,18894.0,14680.0
2026-05-06 16:36:38.287959,934305,1609507661617904,5261529933,0.714432,0.269376,0.515328,-12.60875,-2.6775,-4.1825,-41.832,7.608,-67.288,eccentric,4,5.0,31072.0,34706.0,90187.0,87856.0,27626.0,42905.0,39613.0,49580.0,18894.0,14680.0
2026-05-06 16:36:38.322908,934316,1609507661632736,5261545008,0.714432,0.269376,0.515328,-15.1025,-3.99,-5.075,-41.832,7.608,-67.288,eccentric,4,5.0,30854.0,34606.0,90010.0,87939.0,27400.0,42805.0,39527.0,49581.0,18717.0,14610.0
2026-05-06 16:36:38.323351,934317,1609507661641775,5261553740,0.694912,0.212768,0.482144,-17.57,-2.51125,-5.81,-41.808002,6.792,-66.736,eccentric,4,5.0,30854.0,34606.0,90010.0,87939.0,27400.0,42805.0,39527.0,49581.0,18717.0,14610.0
2026-05-06 16:36:38.325312,934318,1609507661656273,5261568647,0.694912,0.212768,0.482144,-9.87,-2.73,-6.99125,-41.808002,6.792,-66.736,eccentric,4,5.0,30854.0,34606.0,90010.0,87939.0,27400.0,42805.0,39527.0,49581.0,18717.0,14610.0
2026-05-06 16:36:38.332765,934319,1609507661665328,5261577358,0.696864,0.222528,0.482144,-3.61375,-3.01875,-6.7725,-41.944,6.592001,-67.256004,eccentric,4,5.0,30854.0,34606.0,90010.0,87939.0,27400.0,42805.0,39527.0,49581.0,18717.0,14610.0
2026-05-06 16:36:38.332870,934320,1609507661674251,5261586102,0.696864,0.222528,0.482144,-1.0675,-2.7825,-4.75125,-41.944,6.592001,-67.256004,eccentric,4,5.0,30854.0,34606.0,90010.0,87939.0,27400.0,42805.0,39527.0,49581.0,18717.0,14610.0
2026-05-06 16:36:38.332932,934321,1609507661688755,5261601017,0.718336,0.257664,0.534848,0.0175,-2.5025,-4.40125,-41.688004,5.224001,-65.984,eccentric,4,5.0,30854.0,34606.0,90010.0,87939.0,27400.0,42805.0,39527.0,49581.0,18717.0,14610.0
2026-05-06 16:36:38.335449,934322,1609507661697825,5261609799,0.706624,0.255712,0.540704,-3.15,-2.31,-6.5625,-42.104004,5.288,-66.584,eccentric,4,5.0,30854.0,34606.0,90010.0,87939.0,27400.0,42805.0,39527.0,49581.0,18717.0,14610.0
2026-05-06 16:36:38.337850,934323,1609507661712553,5261624733,0.706624,0.255712,0.540704,-4.55875,-1.505,-7.0875,-42.104004,5.288,-66.584,eccentric,4,5.0,30854.0,34606.0,90010.0,87939.0,27400.0,42805.0,39527.0,49581.0,18717.0,14610.0
2026-05-06 16:36:38.340431,934324,1609507661721568,5261633446,0.710528,0.25376,0.544608,-3.15875,-0.4025,-7.07,-42.144,5.408001,-65.80801,eccentric,4,5.0,30854.0,34606.0,90010.0,87939.0,27400.0,42805.0,39527.0,49581.0,18717.0,14610.0
2026-05-06 16:36:38.370485,934335,1609507661736149,5261648583,0.710528,0.25376,0.544608,-2.05625,0.06125,-7.67375,-42.144,5.408001,-65.80801,eccentric,4,5.0,30643.0,34582.0,90104.0,87639.0,27165.0,42772.0,39557.0,49430.0,18550.0,14599.0
2026-05-06 16:36:38.373046,934336,1609507661745123,5261657356,0.706624,0.218624,0.499712,-0.79625,0.60375,-8.26875,-42.160004,5.216,-62.440002,eccentric,4,5.0,30643.0,34582.0,90104.0,87639.0,27165.0,42772.0,39557.0,49430.0,18550.0,14599.0
2026-05-06 16:36:38.375472,934337,1609507661754142,5261666089,0.706624,0.218624,0.499712,1.32125,0.49875,-8.8725,-42.160004,5.216,-62.440002,eccentric,4,5.0,30643.0,34582.0,90104.0,87639.0,27165.0,42772.0,39557.0,49430.0,18550.0,14599.0
2026-05-06 16:36:38.377952,934338,1609507661768693,5261681057,0.704672,0.236192,0.470432,3.66625,-0.51625,-7.46375,-42.288002,3.184,-64.48,eccentric,4,5.0,30643.0,34582.0,90104.0,87639.0,27165.0,42772.0,39557.0,49430.0,18550.0,14599.0
2026-05-06 16:36:38.390471,934339,1609507661777630,5261689772,0.696864,0.288896,0.486048,2.52875,-0.84,-6.99125,-42.288002,5.232,-65.232,eccentric,4,5.0,30643.0,34582.0,90104.0,87639.0,27165.0,42772.0,39557.0,49430.0,18550.0,14599.0
2026-05-06 16:36:38.410789,934340,1609507661792240,5261704753,0.696864,0.288896,0.486048,1.75875,-1.47,-6.65,-42.144,4.176,-65.232,eccentric,4,5.0,30643.0,34582.0,90104.0,87639.0,27165.0,42772.0,39557.0,49430.0,18550.0,14599.0
2026-05-06 16:36:38.413282,934341,1609507661801248,5261713481,0.696864,0.236192,0.482144,2.6425,-2.0825,-8.47,-42.168003,6.552001,-66.864006,eccentric,4,5.0,30643.0,34582.0,90104.0,87639.0,27165.0,42772.0,39557.0,49430.0,18550.0,14599.0
2026-05-06 16:36:38.419018,934342,1609507661810646,5261722302,0.696864,0.236192,0.482144,3.15,-1.98625,-9.2575,-42.168003,6.552001,-66.864006,eccentric,4,5.0,30643.0,34582.0,90104.0,87639.0,27165.0,42772.0,39557.0,49430.0,18550.0,14599.0
