pc_time,serial_num,sensor_ts,host_ts,ax,ay,az,gx,gy,gz,mx,my,mz,phase,rpe,weight_kg,ppg_a,ppg_b,ppg_c,ppg_d,ppg_e,ppg_f,ppg_g,ppg_h,ppg_i,ppg_j
2026-05-06 16:32:39.580230,889400,1609507422977669,5022889946,0.70272,0.423584,0.386496,-0.37625,4.87375,-7.1575,-44.584003,1.592,-64.656006,concentric,4,5.0,31123.0,33545.0,79048.0,73659.0,29098.0,43309.0,34562.0,42041.0,20033.0,15046.0
2026-05-06 16:32:39.594110,889401,1609507422992179,5022904929,0.685152,0.466528,0.417728,-1.35625,4.05125,-6.7025,-44.784,1.272,-62.960003,concentric,4,5.0,31123.0,33545.0,79048.0,73659.0,29098.0,43309.0,34562.0,42041.0,20033.0,15046.0
2026-05-06 16:32:39.627762,889412,1609507423001385,5022913685,0.685152,0.466528,0.417728,0.035,3.78875,-4.87375,-44.784,1.272,-62.960003,concentric,4,5.0,31129.0,33564.0,78951.0,73730.0,29092.0,43295.0,34520.0,42082.0,20024.0,15052.0
2026-05-06 16:32:39.630214,889413,1609507423010481,5022922465,0.685152,0.466528,0.417728,0.65625,3.465,-4.64625,-44.784,1.272,-62.960003,concentric,4,5.0,31129.0,33564.0,78951.0,73730.0,29092.0,43295.0,34520.0,42082.0,20024.0,15052.0
2026-05-06 16:32:39.632754,889414,1609507423025043,5022937480,0.675392,0.480192,0.425536,-0.9975,3.47375,-5.57375,-44.88,-0.232,-63.416004,concentric,4,5.0,31129.0,33564.0,78951.0,73730.0,29092.0,43295.0,34520.0,42082.0,20024.0,15052.0
2026-05-06 16:32:39.635268,889415,1609507423034150,5022946230,0.669536,0.460672,0.376736,-3.70125,3.19375,-5.73125,-44.864002,-0.4,-63.024002,concentric,4,5.0,31129.0,33564.0,78951.0,73730.0,29092.0,43295.0,34520.0,42082.0,20024.0,15052.0
2026-05-06 16:32:39.651610,889416,1609507423048655,5022961155,0.669536,0.460672,0.376736,-4.095,2.6075,-5.29375,-44.864002,-0.4,-63.024002,concentric,4,5.0,31129.0,33564.0,78951.0,73730.0,29092.0,43295.0,34520.0,42082.0,20024.0,15052.0
2026-05-06 16:32:39.657850,889417,1609507423057567,5022969889,0.667584,0.452864,0.376736,-1.39125,1.95125,-4.52375,-44.744003,1.496,-63.904003,concentric,4,5.0,31129.0,33564.0,78951.0,73730.0,29092.0,43295.0,34520.0,42082.0,20024.0,15052.0
2026-05-06 16:32:39.669100,889418,1609507423072078,5022982847,0.667584,0.489952,0.394304,-0.91,1.46125,-3.29875,-44.392002,1.416,-64.296005,concentric,4,5.0,31129.0,33564.0,78951.0,73730.0,29092.0,43295.0,34520.0,42082.0,20024.0,15052.0
2026-05-06 16:32:39.680403,889419,1609507423081336,5022993633,0.667584,0.489952,0.394304,-0.90125,0.9625,-2.625,-44.392002,1.416,-64.296005,concentric,4,5.0,31129.0,33564.0,78951.0,73730.0,29092.0,43295.0,34520.0,42082.0,20024.0,15052.0
2026-05-06 16:32:39.693902,889420,1609507423090268,5023002352,0.667584,0.489952,0.394304,-2.45,0.0525,-3.50875,-44.392002,1.416,-64.296005,concentric,4,5.0,31129.0,33564.0,78951.0,73730.0,29092.0,43295.0,34520.0,42082.0,20024.0,15052.0
2026-05-06 16:32:39.779177,889431,1609507423105094,5023017528,0.657824,0.482144,0.423584,-3.36875,-0.28875,-4.8125,-44.896004,-0.368,-64.72,concentric,4,5.0,31016.0,33490.0,78806.0,73661.0,28959.0,43181.0,34430.0,42063.0,19921.0,14987.0
2026-05-06 16:32:39.781735,889432,1609507423114097,5023026329,0.671488,0.480192,0.482144,-1.435,-0.385,-5.24125,-44.800003,1.128,-63.264004,concentric,4,5.0,31016.0,33490.0,78806.0,73661.0,28959.0,43181.0,34430.0,42063.0,19921.0,14987.0
2026-05-06 16:32:39.784130,889433,1609507423128610,5023041245,0.671488,0.480192,0.482144,-1.015,-0.14,-5.355,-44.800003,1.128,-63.264004,concentric,4,5.0,31016.0,33490.0,78806.0,73661.0,28959.0,43181.0,34430.0,42063.0,19921.0,14987.0
2026-05-06 16:32:39.788300,889434,1609507423137592,5023049973,0.665632,0.476288,0.433344,-1.085,0.44625,-5.03125,-44.296,1.248,-64.232,concentric,4,5.0,31016.0,33490.0,78806.0,73661.0,28959.0,43181.0,34430.0,42063.0,19921.0,14987.0
2026-05-06 16:32:39.788945,889435,1609507423146559,5023058749,0.665632,0.476288,0.433344,-1.74125,1.14625,-4.6375,-44.296,1.248,-64.232,concentric,4,5.0,31016.0,33490.0,78806.0,73661.0,28959.0,43181.0,34430.0,42063.0,19921.0,14987.0
2026-05-06 16:32:39.791442,889436,1609507423161078,5023073665,0.648064,0.495808,0.398208,-3.54375,1.54875,-4.6025,-44.704002,1.32,-64.176,concentric,4,5.0,31016.0,33490.0,78806.0,73661.0,28959.0,43181.0,34430.0,42063.0,19921.0,14987.0
2026-05-06 16:32:39.794564,889437,1609507423170030,5023082404,0.648064,0.495808,0.398208,-6.30875,2.00375,-5.67,-44.704002,1.32,-64.176,concentric,4,5.0,31016.0,33490.0,78806.0,73661.0,28959.0,43181.0,34430.0,42063.0,19921.0,14987.0
2026-05-06 16:32:39.797656,889438,1609507423184560,5023095450,0.642208,0.482144,0.355264,-7.48125,2.415,-6.08125,-45.36,-0.424,-62.648003,concentric,4,5.0,31016.0,33490.0,78806.0,73661.0,28959.0,43181.0,34430.0,42063.0,19921.0,14987.0
2026-05-06 16:32:39.799587,889439,1609507423193925,5023106239,0.661728,0.441152,0.374784,-6.50125,3.78875,-5.3725,-44.952003,-0.64,-61.912003,concentric,4,5.0,31016.0,33490.0,78806.0,73661.0,28959.0,43181.0,34430.0,42063.0,19921.0,14987.0
2026-05-06 16:32:39.830291,889450,1609507423203177,5023115095,0.661728,0.441152,0.374784,-3.6575,4.43625,-4.40125,-44.952003,-0.64,-61.912003,concentric,4,5.0,31082.0,33561.0,78774.0,73758.0,29031.0,43237.0,34389.0,42066.0,19974.0,15016.0
2026-05-06 16:32:39.832909,889451,1609507423217755,5023130146,0.67344,0.491904,0.363072,-4.9,4.83875,-2.82625,-45.072002,-0.408,-63.056004,concentric,4,5.0,31082.0,33561.0,78774.0,73758.0,29031.0,43237.0,34389.0,42066.0,19974.0,15016.0
2026-05-06 16:32:39.835403,889452,1609507423226725,5023138868,0.67344,0.491904,0.363072,-9.05625,3.92875,-1.04125,-45.072002,-0.408,-63.056004,concentric,4,5.0,31082.0,33561.0,78774.0,73758.0,29031.0,43237.0,34389.0,42066.0,19974.0,15016.0
2026-05-06 16:32:39.841718,889453,1609507423241269,5023153861,0.626592,0.550464,0.384544,-14.77875,2.28375,-0.84,-44.768,-0.312,-62.024002,concentric,4,5.0,31082.0,33561.0,78774.0,73758.0,29031.0,43237.0,34389.0,42066.0,19974.0,15016.0
2026-05-06 16:32:39.850392,889454,1609507423250189,5023162577,0.626592,0.550464,0.384544,-16.0125,0.41125,-0.23625,-44.768,-0.312,-62.024002,concentric,4,5.0,31082.0,33561.0,78774.0,73758.0,29031.0,43237.0,34389.0,42066.0,19974.0,15016.0
2026-05-06 16:32:39.863967,889455,1609507423264714,5023175618,0.6832,0.443104,0.40992,-14.25375,-0.3675,-2.275,-45.136,-0.264,-62.520004,concentric,4,5.0,31082.0,33561.0,78774.0,73758.0,29031.0,43237.0,34389.0,42066.0,19974.0,15016.0
2026-05-06 16:32:39.880902,889456,1609507423274027,5023186394,0.677344,0.42944,0.4392,-11.55,-0.8925,-1.715,-44.752003,-2.256,-60.840004,concentric,4,5.0,31082.0,33561.0,78774.0,73758.0,29031.0,43237.0,34389.0,42066.0,19974.0,15016.0
2026-05-06 16:32:39.881326,889457,1609507423283097,5023195135,0.677344,0.42944,0.4392,-10.386251,-0.46375,0.76125,-44.752003,-2.256,-60.840004,concentric,4,5.0,31082.0,33561.0,78774.0,73758.0,29031.0,43237.0,34389.0,42066.0,19974.0,15016.0
2026-05-06 16:32:39.941659,889468,1609507423297796,5023210208,0.638304,0.525088,0.441152,-8.6275,0.385,4.025,-44.984,1.56,-64.104004,concentric,4,5.0,31124.0,33585.0,78642.0,73927.0,29059.0,43297.0,34366.0,42185.0,20017.0,15052.0
2026-05-06 16:32:39.944161,889469,1609507423306808,5023218928,0.638304,0.525088,0.441152,-9.2575,1.16375,3.885,-44.984,1.56,-64.104004,concentric,4,5.0,31124.0,33585.0,78642.0,73927.0,29059.0,43297.0,34366.0,42185.0,20017.0,15052.0
2026-05-06 16:32:39.946687,889470,1609507423321355,5023233814,0.665632,0.44896,0.435296,-10.4475,2.02125,1.11125,-44.72,1.672,-64.28001,concentric,4,5.0,31124.0,33585.0,78642.0,73927.0,29059.0,43297.0,34366.0,42185.0,20017.0,15052.0
2026-05-06 16:32:39.949142,889471,1609507423330368,5023242549,0.665632,0.44896,0.435296,-12.99375,2.6775,-4.0425,-44.72,1.672,-64.28001,concentric,4,5.0,31124.0,33585.0,78642.0,73927.0,29059.0,43297.0,34366.0,42185.0,20017.0,15052.0
2026-05-06 16:32:39.951721,889472,1609507423339312,5023251265,0.626592,0.40992,0.404064,-13.48375,3.61375,-5.64375,-44.440002,-0.776,-62.960003,concentric,4,5.0,31124.0,33585.0,78642.0,73927.0,29059.0,43297.0,34366.0,42185.0,20017.0,15052.0
2026-05-06 16:32:39.954109,889473,1609507423353868,5023266195,0.671488,0.411872,0.44896,-7.2275,4.2525,-3.70125,-44.440002,-0.776,-64.296005,concentric,4,5.0,31124.0,33585.0,78642.0,73927.0,29059.0,43297.0,34366.0,42185.0,20017.0,15052.0
2026-05-06 16:32:39.962834,889474,1609507423362788,5023275001,0.671488,0.411872,0.44896,-4.235,3.675,-5.20625,-44.968002,-0.224,-64.296005,concentric,4,5.0,31124.0,33585.0,78642.0,73927.0,29059.0,43297.0,34366.0,42185.0,20017.0,15052.0
2026-05-06 16:32:39.976620,889475,1609507423377451,5023289957,0.636352,0.443104,0.421632,-3.675,3.7275,-5.6875,-44.296,1.04,-63.784004,concentric,4,5.0,31124.0,33585.0,78642.0,73927.0,29059.0,43297.0,34366.0,42185.0,20017.0,15052.0
2026-05-06 16:32:39.986825,889476,1609507423386545,5023298749,0.636352,0.443104,0.421632,-2.82625,2.7125,-6.0025,-44.296,1.04,-63.784004,concentric,4,5.0,31124.0,33585.0,78642.0,73927.0,29059.0,43297.0,34366.0,42185.0,20017.0,15052.0
2026-05-06 16:32:39.993993,889477,1609507423395621,5023307454,0.651968,0.40016,0.35136,-3.26375,0.525,-7.49,-44.752003,-0.96,-63.096004,concentric,4,5.0,31124.0,33585.0,78642.0,73927.0,29059.0,43297.0,34366.0,42185.0,20017.0,15052.0
2026-05-06 16:32:40.021396,889488,1609507423410223,5023322529,0.651968,0.40016,0.35136,-3.68375,-2.345,-9.94,-44.752003,-0.96,-63.096004,concentric,4,5.0,31146.0,33614.0,78659.0,73908.0,29063.0,43307.0,34349.0,42173.0,20021.0,15046.0
2026-05-06 16:32:40.023858,889489,1609507423419175,5023331322,0.646112,0.363072,0.345504,-2.59875,-5.6875,-12.25,-44.824,1.176,-63.856003,concentric,4,5.0,31146.0,33614.0,78659.0,73908.0,29063.0,43307.0,34349.0,42173.0,20021.0,15046.0
2026-05-06 16:32:40.032797,889490,1609507423433700,5023346247,0.646112,0.363072,0.345504,4.82125,-9.31875,-9.10875,-44.824,1.176,-63.856003,concentric,4,5.0,31146.0,33614.0,78659.0,73908.0,29063.0,43307.0,34349.0,42173.0,20021.0,15046.0
2026-05-06 16:32:40.041539,889491,1609507423442744,5023354947,0.6344,0.441152,0.3904,10.5875,-13.011251,-6.74625,-44.896004,0.808,-65.64,concentric,4,5.0,31146.0,33614.0,78659.0,73908.0,29063.0,43307.0,34349.0,42173.0,20021.0,15046.0
2026-05-06 16:32:40.085260,889492,1609507423457280,5023369944,0.5856,0.445056,0.372832,7.385,-14.455,-8.49625,-44.608,1.16,-64.424,concentric,4,5.0,31146.0,33614.0,78659.0,73908.0,29063.0,43307.0,34349.0,42173.0,20021.0,15046.0
2026-05-06 16:32:40.105282,889493,1609507423466208,5023378686,0.5856,0.445056,0.372832,4.75125,-14.51625,-9.17875,-44.608,1.16,-64.424,concentric,4,5.0,31146.0,33614.0,78659.0,73908.0,29063.0,43307.0,34349.0,42173.0,20021.0,15046.0
2026-05-06 16:32:40.130355,889494,1609507423475134,5023387497,0.609024,0.42944,0.374784,7.60375,-13.448751,-9.6075,-44.904003,1.024,-62.408005,concentric,4,5.0,31146.0,33614.0,78659.0,73908.0,29063.0,43307.0,34349.0,42173.0,20021.0,15046.0
2026-05-06 16:32:40.147646,889495,1609507423489643,5023402375,0.609024,0.42944,0.374784,12.1625,-12.59125,-9.0475,-44.904003,1.024,-62.408005,concentric,4,5.0,31146.0,33614.0,78659.0,73908.0,29063.0,43307.0,34349.0,42173.0,20021.0,15046.0
2026-05-06 16:32:40.175062,889506,1609507423498590,5023411405,0.62464,0.396256,0.353312,10.61375,-11.08625,-9.0475,-45.168003,-1.072,-63.056004,concentric,4,5.0,31258.0,33692.0,78679.0,73657.0,29181.0,43408.0,34375.0,42038.0,20079.0,15097.0
2026-05-06 16:32:40.177467,889507,1609507423513241,5023424317,0.62464,0.396256,0.353312,7.98,-9.54625,-7.175,-45.168003,-1.072,-63.056004,concentric,4,5.0,31258.0,33692.0,78679.0,73657.0,29181.0,43408.0,34375.0,42038.0,20079.0,15097.0
2026-05-06 16:32:40.179975,889508,1609507423522684,5023435100,0.558272,0.495808,0.37088,8.155,-8.58375,-3.4825,-44.864002,-0.92,-64.200005,concentric,4,5.0,31258.0,33692.0,78679.0,73657.0,29181.0,43408.0,34375.0,42038.0,20079.0,15097.0
2026-05-06 16:32:40.182577,889509,1609507423531655,5023443809,0.558272,0.495808,0.37088,6.71125,-7.63,-1.67125,-44.864002,-0.92,-64.200005,concentric,4,5.0,31258.0,33692.0,78679.0,73657.0,29181.0,43408.0,34375.0,42038.0,20079.0,15097.0
2026-05-06 16:32:40.184960,889510,1609507423546143,5023458745,0.577792,0.484096,0.35136,3.535,-6.72,-3.70125,-44.864002,0.24,-64.448006,concentric,4,5.0,31258.0,33692.0,78679.0,73657.0,29181.0,43408.0,34375.0,42038.0,20079.0,15097.0
2026-05-06 16:32:40.187685,889511,1609507423555066,5023467485,0.577792,0.42944,0.327936,0.875,-5.53875,-7.42,-44.864002,0.24,-64.448006,concentric,4,5.0,31258.0,33692.0,78679.0,73657.0,29181.0,43408.0,34375.0,42038.0,20079.0,15097.0
2026-05-06 16:32:40.190122,889512,1609507423569653,5023480438,0.573888,0.42944,0.327936,0.09625,-5.04,-9.37125,-45.216003,0.776,-65.04,concentric,4,5.0,31258.0,33692.0,78679.0,73657.0,29181.0,43408.0,34375.0,42038.0,20079.0,15097.0
2026-05-06 16:32:40.192455,889513,1609507423578934,5023491351,0.542656,0.454816,0.374784,1.6975,-4.305,-9.02125,-45.296,0.976,-64.44,concentric,4,5.0,31258.0,33692.0,78679.0,73657.0,29181.0,43408.0,34375.0,42038.0,20079.0,15097.0
2026-05-06 16:32:40.194948,889514,1609507423588050,5023500136,0.542656,0.454816,0.374784,3.99875,-2.17,-7.84875,-45.296,0.976,-64.44,concentric,4,5.0,31258.0,33692.0,78679.0,73657.0,29181.0,43408.0,34375.0,42038.0,20079.0,15097.0
2026-05-06 16:32:40.225234,889525,1609507423603228,5023515121,0.54656,0.486048,0.398208,1.70625,-0.76125,-7.3675,-44.912003,0.816,-64.536,concentric,4,5.0,31211.0,33651.0,78392.0,73579.0,29140.0,43332.0,34212.0,41976.0,20074.0,15058.0
2026-05-06 16:32:40.227747,889526,1609507423612398,5023523910,0.54656,0.486048,0.398208,-4.0775,1.6975,-7.9275,-44.912003,0.816,-64.536,concentric,4,5.0,31211.0,33651.0,78392.0,73579.0,29140.0,43332.0,34212.0,41976.0,20074.0,15058.0
2026-05-06 16:32:40.230235,889527,1609507423626961,5023538919,0.57584,0.437248,0.306464,-10.605001,3.08,-9.80875,-45.480003,0.52,-64.424,concentric,4,5.0,31211.0,33651.0,78392.0,73579.0,29140.0,43332.0,34212.0,41976.0,20074.0,15058.0
2026-05-06 16:32:40.236382,889528,1609507423636037,5023547809,0.548512,0.40992,0.2928,-12.59125,4.4975,-11.38375,-45.480003,0.52,-63.864002,concentric,4,5.0,31211.0,33651.0,78392.0,73579.0,29140.0,43332.0,34212.0,41976.0,20074.0,15058.0
2026-05-06 16:32:40.247873,889529,1609507423645092,5023556597,0.548512,0.40992,0.2928,-9.4675,4.34,-11.62,-45.4,0.488,-63.864002,concentric,4,5.0,31211.0,33651.0,78392.0,73579.0,29140.0,43332.0,34212.0,41976.0,20074.0,15058.0
2026-05-06 16:32:40.263467,889530,1609507423659630,5023571597,0.54656,0.476288,0.35136,-3.82375,3.0975,-9.3975,-45.544003,0.792,-64.01601,concentric,4,5.0,31211.0,33651.0,78392.0,73579.0,29140.0,43332.0,34212.0,41976.0,20074.0,15058.0
2026-05-06 16:32:40.267521,889531,1609507423668580,5023580337,0.54656,0.476288,0.35136,-1.21625,2.1175,-7.455,-45.544003,0.792,-64.01601,concentric,4,5.0,31211.0,33651.0,78392.0,73579.0,29140.0,43332.0,34212.0,41976.0,20074.0,15058.0
2026-05-06 16:32:40.281548,889532,1609507423683029,5023595259,0.593408,0.404064,0.437248,-3.465,3.08875,-7.58625,-45.904003,-1.36,-62.184002,concentric,4,5.0,31211.0,33651.0,78392.0,73579.0,29140.0,43332.0,34212.0,41976.0,20074.0,15058.0
2026-05-06 16:32:40.295277,889533,1609507423691959,5023603994,0.593408,0.404064,0.437248,-7.91875,4.76875,-5.9325,-45.904003,-1.36,-62.184002,concentric,4,5.0,31211.0,33651.0,78392.0,73579.0,29140.0,43332.0,34212.0,41976.0,20074.0,15058.0
2026-05-06 16:32:40.323856,889544,1609507423700910,5023612698,0.577792,0.435296,0.277184,-10.8325,6.5275,-2.3625,-46.000004,-1.112,-64.128006,concentric,4,5.0,31192.0,33647.0,78390.0,73689.0,29113.0,43253.0,34164.0,41991.0,20063.0,15047.0
2026-05-06 16:32:40.326429,889545,1609507423715563,5023627625,0.577792,0.435296,0.277184,-11.55875,5.9675,-0.2275,-46.000004,-1.112,-64.128006,concentric,4,5.0,31192.0,33647.0,78390.0,73689.0,29113.0,43253.0,34164.0,41991.0,20063.0,15047.0
2026-05-06 16:32:40.328941,889546,1609507423724519,5023636419,0.558272,0.515328,0.35136,-9.75625,4.03375,0.735,-45.872,-1.096,-63.520004,concentric,4,5.0,31192.0,33647.0,78390.0,73689.0,29113.0,43253.0,34164.0,41991.0,20063.0,15047.0
2026-05-06 16:32:40.337769,889547,1609507423739161,5023651381,0.591456,0.441152,0.398208,-5.03125,2.09125,0.8575,-45.776,1.016,-63.984,concentric,4,5.0,31192.0,33647.0,78390.0,73689.0,29113.0,43253.0,34164.0,41991.0,20063.0,15047.0
2026-05-06 16:32:40.346725,889548,1609507423748206,5023660169,0.591456,0.441152,0.398208,-2.59875,-0.32375,-1.4175,-45.776,1.016,-63.984,concentric,4,5.0,31192.0,33647.0,78390.0,73689.0,29113.0,43253.0,34164.0,41991.0,20063.0,15047.0
2026-05-06 16:32:40.364817,889549,1609507423762741,5023675110,0.591456,0.480192,0.45872,-4.66375,-0.69125,-3.185,-46.072002,0.656,-64.08,concentric,4,5.0,31192.0,33647.0,78390.0,73689.0,29113.0,43253.0,34164.0,41991.0,20063.0,15047.0
2026-05-06 16:32:40.371437,889550,1609507423771743,5023683805,0.591456,0.480192,0.45872,-6.2125,0.49875,-0.67375,-46.072002,0.656,-64.08,concentric,4,5.0,31192.0,33647.0,78390.0,73689.0,29113.0,43253.0,34164.0,41991.0,20063.0,15047.0
2026-05-06 16:32:40.380241,889551,1609507423780806,5023692587,0.622688,0.472384,0.384544,-12.48625,2.59,-2.2575,-46.192,0.544,-63.648003,concentric,4,5.0,31192.0,33647.0,78390.0,73689.0,29113.0,43253.0,34164.0,41991.0,20063.0,15047.0
2026-05-06 16:32:40.394089,889552,1609507423795360,5023707503,0.622688,0.472384,0.384544,-15.46125,3.9725,-3.99,-46.192,0.544,-63.648003,concentric,4,5.0,31192.0,33647.0,78390.0,73689.0,29113.0,43253.0,34164.0,41991.0,20063.0,15047.0
2026-05-06 16:32:40.424929,889563,1609507423804595,5023716292,0.640256,0.417728,0.355264,-14.595,3.75375,-4.82125,-46.272003,0.56,-66.864006,concentric,4,5.0,31195.0,33659.0,78746.0,73808.0,29112.0,43276.0,34378.0,42102.0,20050.0,15056.0
2026-05-06 16:32:40.427403,889564,1609507423819296,5023731235,0.642208,0.464576,0.368928,-9.09125,2.77375,-4.89125,-46.616,-1.8,-62.648003,concentric,4,5.0,31195.0,33659.0,78746.0,73808.0,29112.0,43276.0,34378.0,42102.0,20050.0,15056.0
2026-05-06 16:32:40.429912,889565,1609507423828379,5023740131,0.642208,0.464576,0.368928,-1.39125,1.33875,-3.77125,-46.616,-1.8,-62.648003,concentric,4,5.0,31195.0,33659.0,78746.0,73808.0,29112.0,43276.0,34378.0,42102.0,20050.0,15056.0
2026-05-06 16:32:40.460255,889566,1609507423837348,5023748874,0.610976,0.54656,0.460672,1.0325,1.54,-4.9875,-46.616,-1.8,-60.264004,concentric,4,5.0,31195.0,33659.0,78746.0,73808.0,29112.0,43276.0,34378.0,42102.0,20050.0,15056.0
2026-05-06 16:32:40.485379,889567,1609507423851843,5023763828,0.622688,0.54656,0.460672,0.16625,2.45,-6.3525,-46.544003,-1.128,-60.264004,concentric,4,5.0,31195.0,33659.0,78746.0,73808.0,29112.0,43276.0,34378.0,42102.0,20050.0,15056.0
2026-05-06 16:32:40.499152,889568,1609507423860766,5023772545,0.706624,0.460672,0.427488,-5.25,2.72125,-10.01,-46.704002,0.616,-63.704002,concentric,4,5.0,31195.0,33659.0,78746.0,73808.0,29112.0,43276.0,34378.0,42102.0,20050.0,15056.0
2026-05-06 16:32:40.501680,889569,1609507423875248,5023787446,0.706624,0.460672,0.427488,-12.6525,3.2725,-14.7875,-46.704002,0.616,-63.704002,concentric,4,5.0,31195.0,33659.0,78746.0,73808.0,29112.0,43276.0,34378.0,42102.0,20050.0,15056.0
2026-05-06 16:32:40.504074,889570,1609507423884132,5023796177,0.698816,0.435296,0.407968,-12.80125,4.38375,-16.31875,-46.536003,0.592,-63.320004,concentric,4,5.0,31195.0,33659.0,78746.0,73808.0,29112.0,43276.0,34378.0,42102.0,20050.0,15056.0
2026-05-06 16:32:40.506705,889571,1609507423898665,5023811101,0.657824,0.622688,0.445056,0.0175,4.43625,-10.955,-46.824,0.696,-62.928,concentric,4,5.0,31195.0,33659.0,78746.0,73808.0,29112.0,43276.0,34378.0,42102.0,20050.0,15056.0
2026-05-06 16:32:40.534231,889582,1609507423907745,5023820159,0.657824,0.622688,0.445056,12.25,4.025,-8.77625,-46.824,0.696,-62.928,concentric,4,5.0,31227.0,33745.0,79148.0,73993.0,29165.0,43354.0,34563.0,42164.0,20072.0,15092.0
2026-05-06 16:32:40.540103,889583,1609507423916749,5023828922,0.657824,0.622688,0.445056,13.22125,3.5175,-13.0375,-46.824,0.696,-62.928,concentric,4,5.0,31227.0,33745.0,79148.0,73993.0,29165.0,43354.0,34563.0,42164.0,20072.0,15092.0
2026-05-06 16:32:40.540570,889584,1609507423931311,5023843938,0.669536,0.540704,0.489952,9.38875,4.13875,-17.815,-47.368004,-2.064,-59.792004,concentric,4,5.0,31227.0,33745.0,79148.0,73993.0,29165.0,43354.0,34563.0,42164.0,20072.0,15092.0
2026-05-06 16:32:40.541423,889585,1609507423940239,5023852657,0.757376,0.47824,0.372832,6.43125,4.62875,-19.95,-47.584003,-3.424,-60.360004,concentric,4,5.0,31227.0,33745.0,79148.0,73993.0,29165.0,43354.0,34563.0,42164.0,20072.0,15092.0
2026-05-06 16:32:40.555132,889586,1609507423954739,5023865533,0.757376,0.47824,0.372832,2.77375,4.52375,-19.5825,-47.584003,-3.424,-60.360004,concentric,4,5.0,31227.0,33745.0,79148.0,73993.0,29165.0,43354.0,34563.0,42164.0,20072.0,15092.0
2026-05-06 16:32:40.563668,889587,1609507423963965,5023876343,0.718336,0.542656,0.394304,2.1,4.80375,-17.4475,-47.552002,-0.48,-62.232002,concentric,4,5.0,31227.0,33745.0,79148.0,73993.0,29165.0,43354.0,34563.0,42164.0,20072.0,15092.0
2026-05-06 16:32:40.572562,889588,1609507423972944,5023885091,0.718336,0.542656,0.394304,11.6025,5.38125,-10.96375,-47.552002,-0.48,-62.232002,concentric,4,5.0,31227.0,33745.0,79148.0,73993.0,29165.0,43354.0,34563.0,42164.0,20072.0,15092.0
2026-05-06 16:32:40.586354,889589,1609507423987450,5023900046,0.681248,0.659776,0.530944,20.6325,5.7575,-7.315,-47.664,-0.192,-62.320004,concentric,4,5.0,31227.0,33745.0,79148.0,73993.0,29165.0,43354.0,34563.0,42164.0,20072.0,15092.0
2026-05-06 16:32:40.600284,889590,1609507423996441,5023908768,0.681248,0.659776,0.530944,22.0325,6.545,-7.56,-47.664,-0.192,-62.320004,concentric,4,5.0,31227.0,33745.0,79148.0,73993.0,29165.0,43354.0,34563.0,42164.0,20072.0,15092.0
2026-05-06 16:32:40.627769,889601,1609507424011178,5023923749,0.737856,0.62464,0.49776,12.46875,7.1575,-9.28375,-47.896004,-0.128,-62.576004,concentric,4,5.0,31094.0,33604.0,79154.0,73867.0,29032.0,43223.0,34562.0,42111.0,19994.0,15009.0
2026-05-06 16:32:40.630080,889602,1609507424020185,5023932551,0.765184,0.454816,0.368928,-5.90625,6.74625,-10.91125,-48.096,-1.624,-60.280003,concentric,4,5.0,31094.0,33604.0,79154.0,73867.0,29032.0,43223.0,34562.0,42111.0,19994.0,15009.0
2026-05-06 16:32:40.634158,889603,1609507424034737,5023947487,0.765184,0.454816,0.368928,-14.4025,6.25625,-6.88625,-48.096,-1.624,-60.280003,concentric,4,5.0,31094.0,33604.0,79154.0,73867.0,29032.0,43223.0,34562.0,42111.0,19994.0,15009.0
2026-05-06 16:32:40.646430,889604,1609507424043672,5023956204,0.708576,0.525088,0.5368,-7.28,7.0,2.8875,-47.728,-1.8,-60.416004,concentric,4,5.0,31094.0,33604.0,79154.0,73867.0,29032.0,43223.0,34562.0,42111.0,19994.0,15009.0
2026-05-06 16:32:40.651539,889605,1609507424052653,5023964932,0.708576,0.525088,0.5368,-0.245,8.09375,10.91125,-47.728,-1.8,-60.416004,concentric,4,5.0,31094.0,33604.0,79154.0,73867.0,29032.0,43223.0,34562.0,42111.0,19994.0,15009.0
2026-05-06 16:32:40.675285,889606,1609507424067203,5023979877,0.642208,0.626592,0.569984,1.63625,8.93375,15.42625,-47.888,0.272,-61.456,concentric,4,5.0,31094.0,33604.0,79154.0,73867.0,29032.0,43223.0,34562.0,42111.0,19994.0,15009.0
2026-05-06 16:32:40.677840,889607,1609507424076108,5023988610,0.642208,0.626592,0.569984,-1.3475,10.40375,12.66125,-47.888,0.272,-61.456,concentric,4,5.0,31094.0,33604.0,79154.0,73867.0,29032.0,43223.0,34562.0,42111.0,19994.0,15009.0
2026-05-06 16:32:40.691679,889608,1609507424090621,5024001491,0.67344,0.52704,0.431392,-7.9275,10.73625,6.72,-47.992,0.624,-61.112003,concentric,4,5.0,31094.0,33604.0,79154.0,73867.0,29032.0,43223.0,34562.0,42111.0,19994.0,15009.0
2026-05-06 16:32:40.725314,889609,1609507424099942,5024012308,0.636352,0.423584,0.386496,-15.79375,9.87875,1.74125,-48.088,0.696,-60.816,concentric,4,5.0,31094.0,33604.0,79154.0,73867.0,29032.0,43223.0,34562.0,42111.0,19994.0,15009.0
2026-05-06 16:32:40.752780,889620,1609507424109270,5024021274,0.636352,0.423584,0.386496,-16.52,9.05625,1.61,-48.088,0.696,-60.816,concentric,4,5.0,31096.0,33613.0,79424.0,73909.0,29038.0,43156.0,34681.0,42112.0,19998.0,14991.0
2026-05-06 16:32:40.755147,889621,1609507424123840,5024036280,0.587552,0.501664,0.491904,-7.8925,8.5925,3.82375,-48.048004,0.64,-61.088,concentric,4,5.0,31096.0,33613.0,79424.0,73909.0,29038.0,43156.0,34681.0,42112.0,19998.0,14991.0
2026-05-06 16:32:40.757755,889622,1609507424132800,5024045000,0.587552,0.501664,0.491904,6.06375,7.53375,8.1375,-48.048004,0.64,-61.088,concentric,4,5.0,31096.0,33613.0,79424.0,73909.0,29038.0,43156.0,34681.0,42112.0,19998.0,14991.0
2026-05-06 16:32:40.760261,889623,1609507424147349,5024059886,0.620736,0.491904,0.515328,8.00625,5.775,6.2475,-48.000004,-2.8,-58.504,concentric,4,5.0,31096.0,33613.0,79424.0,73909.0,29038.0,43156.0,34681.0,42112.0,19998.0,14991.0
2026-05-06 16:32:40.762792,889624,1609507424156445,5024068657,0.620736,0.491904,0.515328,-1.67125,4.375,1.28625,-48.000004,-2.8,-58.504,concentric,4,5.0,31096.0,33613.0,79424.0,73909.0,29038.0,43156.0,34681.0,42112.0,19998.0,14991.0
2026-05-06 16:32:40.765288,889625,1609507424165375,5024077396,0.591456,0.560224,0.318176,-10.85,2.7825,-0.0875,-48.264004,-1.544,-59.800003,concentric,4,5.0,31096.0,33613.0,79424.0,73909.0,29038.0,43156.0,34681.0,42112.0,19998.0,14991.0
2026-05-06 16:32:40.778849,889626,1609507424180037,5024092366,0.622688,0.491904,0.376736,-8.12,-0.34125,1.015,-48.264004,0.896,-58.288002,concentric,4,5.0,31096.0,33613.0,79424.0,73909.0,29038.0,43156.0,34681.0,42112.0,19998.0,14991.0
2026-05-06 16:32:40.787661,889627,1609507424189091,5024101133,0.622688,0.491904,0.376736,-3.31625,-4.50625,-3.535,-48.04,0.896,-58.288002,concentric,4,5.0,31096.0,33613.0,79424.0,73909.0,29038.0,43156.0,34681.0,42112.0,19998.0,14991.0
2026-05-06 16:32:40.901679,889638,1609507424203589,5024116020,0.607072,0.521184,0.52704,0.39375,-7.2975,-5.85375,-48.144,-0.696,-59.432003,concentric,4,5.0,31107.0,33614.0,79283.0,73814.0,29061.0,43179.0,34600.0,42058.0,20015.0,15018.0
2026-05-06 16:32:40.907489,889639,1609507424212594,5024124735,0.607072,0.521184,0.52704,4.68125,-9.275,-2.94,-48.144,-0.696,-59.432003,concentric,4,5.0,31107.0,33614.0,79283.0,73814.0,29061.0,43179.0,34600.0,42058.0,20015.0,15018.0
2026-05-06 16:32:40.907805,889640,1609507424227113,5024139682,0.640256,0.618784,0.425536,7.79625,-9.3975,1.19875,-48.336002,0.904,-60.640003,concentric,4,5.0,31107.0,33614.0,79283.0,73814.0,29061.0,43179.0,34600.0,42058.0,20015.0,15018.0
2026-05-06 16:32:40.908818,889641,1609507424236044,5024148538,0.640256,0.618784,0.425536,-0.07,-9.44125,0.09625,-48.336002,0.904,-60.640003,concentric,4,5.0,31107.0,33614.0,79283.0,73814.0,29061.0,43179.0,34600.0,42058.0,20015.0,15018.0
2026-05-06 16:32:40.914948,889642,1609507424244929,5024157225,0.671488,0.47824,0.41968,-11.83,-8.72375,-3.78,-48.048004,1.032,-61.312004,concentric,4,5.0,31107.0,33614.0,79283.0,73814.0,29061.0,43179.0,34600.0,42058.0,20015.0,15018.0
2026-05-06 16:32:40.915034,889643,1609507424259426,5024172174,0.671488,0.47824,0.41968,-12.005,-8.435,-1.2775,-48.048004,1.032,-61.312004,concentric,4,5.0,31107.0,33614.0,79283.0,73814.0,29061.0,43179.0,34600.0,42058.0,20015.0,15018.0
2026-05-06 16:32:40.917204,889644,1609507424268432,5024180954,0.675392,0.626592,0.45872,-0.20125,-10.465,4.10375,-48.248,0.736,-61.896004,concentric,4,5.0,31107.0,33614.0,79283.0,73814.0,29061.0,43179.0,34600.0,42058.0,20015.0,15018.0
2026-05-06 16:32:40.919074,889645,1609507424282950,5024193806,0.706624,0.61488,0.493856,4.165,-11.2,3.78,-48.256,1.328,-61.008003,concentric,4,5.0,31107.0,33614.0,79283.0,73814.0,29061.0,43179.0,34600.0,42058.0,20015.0,15018.0
2026-05-06 16:32:40.921520,889646,1609507424292284,5024204600,0.706624,0.61488,0.493856,-0.69125,-10.07125,0.6125,-48.256,1.328,-61.008003,concentric,4,5.0,31107.0,33614.0,79283.0,73814.0,29061.0,43179.0,34600.0,42058.0,20015.0,15018.0
2026-05-06 16:32:40.923776,889647,1609507424301218,5024213411,0.763232,0.488,0.3904,-11.80375,-7.9275,-1.6975,-48.576004,-2.28,-59.384003,concentric,4,5.0,31107.0,33614.0,79283.0,73814.0,29061.0,43179.0,34600.0,42058.0,20015.0,15018.0
2026-05-06 16:32:40.951536,889658,1609507424315937,5024226752,0.763232,0.488,0.3904,-21.5425,-4.9175,-2.1,-48.576004,-2.28,-59.384003,concentric,4,5.0,31214.0,33697.0,79505.0,73901.0,29109.0,43262.0,34735.0,42096.0,20047.0,15065.0
2026-05-06 16:32:40.953897,889659,1609507424325216,5024237580,0.739808,0.540704,0.486048,-23.59875,-3.29,0.98,-48.576004,-0.472,-60.104004,concentric,4,5.0,31214.0,33697.0,79505.0,73901.0,29109.0,43262.0,34735.0,42096.0,20047.0,15065.0
2026-05-06 16:32:40.956644,889660,1609507424339779,5024252521,0.739808,0.540704,0.486048,-18.515,-3.00125,3.22875,-48.576004,-0.472,-60.104004,concentric,4,5.0,31214.0,33697.0,79505.0,73901.0,29109.0,43262.0,34735.0,42096.0,20047.0,15065.0
2026-05-06 16:32:40.959044,889661,1609507424348831,5024261247,0.696864,0.630496,0.49776,-10.9375,-2.6775,2.94875,-48.176003,-0.592,-60.016003,concentric,4,5.0,31214.0,33697.0,79505.0,73901.0,29109.0,43262.0,34735.0,42096.0,20047.0,15065.0
2026-05-06 16:32:40.961525,889662,1609507424357791,5024269985,0.696864,0.630496,0.49776,-5.74875,-1.56625,-0.595,-48.176003,-0.592,-60.016003,concentric,4,5.0,31214.0,33697.0,79505.0,73901.0,29109.0,43262.0,34735.0,42096.0,20047.0,15065.0
2026-05-06 16:32:40.975327,889663,1609507424372340,5024284986,0.728096,0.609024,0.484096,-5.145,0.7,-3.7275,-48.664,-0.824,-59.896004,concentric,4,5.0,31214.0,33697.0,79505.0,73901.0,29109.0,43262.0,34735.0,42096.0,20047.0,15065.0
2026-05-06 16:32:40.981642,889664,1609507424381377,5024293669,0.796416,0.505568,0.454816,-9.96625,2.66875,-4.9175,-48.664,1.224,-61.456,concentric,4,5.0,31214.0,33697.0,79505.0,73901.0,29109.0,43262.0,34735.0,42096.0,20047.0,15065.0
2026-05-06 16:32:40.997959,889665,1609507424396009,5024308584,0.796416,0.505568,0.454816,-14.77,2.79125,-5.775,-48.576004,1.416,-61.456,concentric,4,5.0,31214.0,33697.0,79505.0,73901.0,29109.0,43262.0,34735.0,42096.0,20047.0,15065.0
2026-05-06 16:32:41.031545,889676,1609507424404926,5024317267,0.774944,0.568032,0.528992,-15.07625,2.73875,-4.865,-48.488003,1.352,-61.064003,concentric,4,5.0,31134.0,33688.0,80056.0,73951.0,29074.0,43254.0,35004.0,42152.0,19999.0,15042.0
2026-05-06 16:32:41.033876,889677,1609507424419520,5024332239,0.774944,0.568032,0.528992,-9.40625,2.80875,-2.02125,-48.488003,1.352,-61.064003,concentric,4,5.0,31134.0,33688.0,80056.0,73951.0,29074.0,43254.0,35004.0,42152.0,19999.0,15042.0
2026-05-06 16:32:41.036376,889678,1609507424428485,5024341004,0.749568,0.714432,0.52704,-2.12625,3.2025,0.21,-48.864002,1.016,-59.864002,concentric,4,5.0,31134.0,33688.0,80056.0,73951.0,29074.0,43254.0,35004.0,42152.0,19999.0,15042.0
2026-05-06 16:32:41.039015,889679,1609507424437481,5024349786,0.749568,0.714432,0.52704,-1.33,4.795,-4.725,-48.864002,1.016,-59.864002,concentric,4,5.0,31134.0,33688.0,80056.0,73951.0,29074.0,43254.0,35004.0,42152.0,19999.0,15042.0
2026-05-06 16:32:41.052826,889680,1609507424452063,5024364694,0.806176,0.56608,0.525088,-4.5325,7.2625,-9.24875,-48.696003,0.904,-60.632004,concentric,4,5.0,31134.0,33688.0,80056.0,73951.0,29074.0,43254.0,35004.0,42152.0,19999.0,15042.0
2026-05-06 16:32:41.059153,889681,1609507424460983,5024373435,0.806176,0.56608,0.525088,-2.6775,8.2775,-8.75,-48.696003,0.904,-60.632004,concentric,4,5.0,31134.0,33688.0,80056.0,73951.0,29074.0,43254.0,35004.0,42152.0,19999.0,15042.0
2026-05-06 16:32:41.072632,889682,1609507424475438,5024386291,0.870592,0.550464,0.550464,1.81125,6.09875,-5.6175,-49.368004,-2.328,-57.376003,concentric,4,5.0,31134.0,33688.0,80056.0,73951.0,29074.0,43254.0,35004.0,42152.0,19999.0,15042.0
2026-05-06 16:32:41.086392,889683,1609507424484783,5024397112,0.821792,0.675392,0.562176,2.73,4.62,-2.28375,-49.168003,-0.2,-59.744003,concentric,4,5.0,31134.0,33688.0,80056.0,73951.0,29074.0,43254.0,35004.0,42152.0,19999.0,15042.0
2026-05-06 16:32:41.096377,889684,1609507424493732,5024405849,0.821792,0.675392,0.562176,5.1625,4.34,4.27,-49.168003,-0.2,-59.744003,concentric,4,5.0,31134.0,33688.0,80056.0,73951.0,29074.0,43254.0,35004.0,42152.0,19999.0,15042.0
2026-05-06 16:32:41.132624,889695,1609507424508828,5024421180,0.872544,0.679296,0.568032,10.57875,4.3225,7.34125,-48.848003,1.512,-60.728004,eccentric,4,5.0,31089.0,33641.0,80218.0,73949.0,29022.0,43191.0,35067.0,42112.0,19943.0,14995.0
2026-05-06 16:32:41.135073,889696,1609507424518078,5024429973,0.872544,0.679296,0.568032,8.365,3.29875,4.7075,-48.848003,1.512,-60.728004,eccentric,4,5.0,31089.0,33641.0,80218.0,73949.0,29022.0,43191.0,35067.0,42112.0,19943.0,14995.0
2026-05-06 16:32:41.141140,889697,1609507424532733,5024445043,0.895968,0.583648,0.52704,2.07375,2.75625,6.16,-48.712,-0.016,-59.136,eccentric,4,5.0,31089.0,33641.0,80218.0,73949.0,29022.0,43191.0,35067.0,42112.0,19943.0,14995.0
2026-05-06 16:32:41.141276,889698,1609507424541660,5024453781,0.895968,0.583648,0.52704,3.08,2.31875,10.6575,-48.712,-0.016,-59.136,eccentric,4,5.0,31089.0,33641.0,80218.0,73949.0,29022.0,43191.0,35067.0,42112.0,19943.0,14995.0
2026-05-06 16:32:41.149042,889699,1609507424550615,5024462492,0.870592,0.544608,0.612928,5.46,1.67125,14.6825,-48.376003,0.232,-60.992004,eccentric,4,5.0,31089.0,33641.0,80218.0,73949.0,29022.0,43191.0,35067.0,42112.0,19943.0,14995.0
2026-05-06 16:32:41.162768,889700,1609507424565157,5024477356,0.763232,0.733952,0.640256,2.52,1.365,17.5,-48.208004,2.344,-60.552002,eccentric,4,5.0,31089.0,33641.0,80218.0,73949.0,29022.0,43191.0,35067.0,42112.0,19943.0,14995.0
2026-05-06 16:32:41.194026,889701,1609507424574101,5024486077,0.763232,0.733952,0.640256,-4.27875,1.40875,19.678751,-48.208004,2.344,-60.552002,eccentric,4,5.0,31089.0,33641.0,80218.0,73949.0,29022.0,43191.0,35067.0,42112.0,19943.0,14995.0
2026-05-06 16:32:41.219081,889702,1609507424588631,5024501068,0.788608,0.534848,0.552416,-13.265,1.82875,13.32625,-48.104004,2.504,-60.520004,eccentric,4,5.0,31089.0,33641.0,80218.0,73949.0,29022.0,43191.0,35067.0,42112.0,19943.0,14995.0
2026-05-06 16:32:41.237591,889703,1609507424597577,5024509763,0.788608,0.534848,0.552416,-16.51125,3.15,5.10125,-48.104004,2.504,-60.520004,eccentric,4,5.0,31089.0,33641.0,80218.0,73949.0,29022.0,43191.0,35067.0,42112.0,19943.0,14995.0
2026-05-06 16:32:41.265405,889714,1609507424612274,5024524790,0.808128,0.445056,0.55632,-8.2425,4.41875,2.63375,-48.296,-0.544,-58.168003,eccentric,4,5.0,31125.0,33636.0,79998.0,73799.0,29050.0,43166.0,34939.0,42035.0,19985.0,14996.0
2026-05-06 16:32:41.267952,889715,1609507424621255,5024533491,0.808128,0.445056,0.55632,5.11,3.82375,3.52625,-48.296,-0.544,-58.168003,eccentric,4,5.0,31125.0,33636.0,79998.0,73799.0,29050.0,43166.0,34939.0,42035.0,19985.0,14996.0
2026-05-06 16:32:41.270321,889716,1609507424630245,5024542210,0.755424,0.71248,0.573888,13.90375,2.94875,4.54125,-48.056004,3.144,-60.256004,eccentric,4,5.0,31125.0,33636.0,79998.0,73799.0,29050.0,43166.0,34939.0,42035.0,19985.0,14996.0
2026-05-06 16:32:41.272704,889717,1609507424644751,5024557267,0.753472,0.675392,0.460672,10.2725,2.16125,-0.2975,-48.056004,2.576,-60.456,eccentric,4,5.0,31125.0,33636.0,79998.0,73799.0,29050.0,43166.0,34939.0,42035.0,19985.0,14996.0
2026-05-06 16:32:41.275445,889718,1609507424653749,5024566029,0.753472,0.675392,0.460672,3.08,1.63625,-9.80875,-48.056004,2.576,-60.456,eccentric,4,5.0,31125.0,33636.0,79998.0,73799.0,29050.0,43166.0,34939.0,42035.0,19985.0,14996.0
2026-05-06 16:32:41.277927,889719,1609507424668305,5024580980,0.85888,0.45872,0.472384,3.98125,0.4725,-17.28125,-48.208004,2.128,-60.760002,eccentric,4,5.0,31125.0,33636.0,79998.0,73799.0,29050.0,43166.0,34939.0,42035.0,19985.0,14996.0
2026-05-06 16:32:41.280422,889720,1609507424677393,5024589728,0.85888,0.45872,0.472384,5.46875,-2.5375,-20.9475,-48.208004,2.128,-60.760002,eccentric,4,5.0,31125.0,33636.0,79998.0,73799.0,29050.0,43166.0,34939.0,42035.0,19985.0,14996.0
2026-05-06 16:32:41.287541,889721,1609507424686432,5024598453,0.813984,0.562176,0.49776,8.82875,-5.24125,-18.64625,-48.216003,1.856,-59.888004,eccentric,4,5.0,31125.0,33636.0,79998.0,73799.0,29050.0,43166.0,34939.0,42035.0,19985.0,14996.0
2026-05-06 16:32:41.302947,889722,1609507424700948,5024613400,0.813984,0.562176,0.49776,12.81875,-7.83125,-12.22375,-48.216003,1.856,-59.888004,eccentric,4,5.0,31125.0,33636.0,79998.0,73799.0,29050.0,43166.0,34939.0,42035.0,19985.0,14996.0
2026-05-06 16:32:41.332864,889734,1609507424709965,5024622198,0.749568,0.735904,0.489952,11.62,-8.60125,-9.19625,-48.24,-0.024,-60.024002,eccentric,4,5.0,31264.0,33704.0,79654.0,73914.0,29158.0,43251.0,34793.0,42077.0,20085.0,15051.0
2026-05-06 16:32:41.335390,889735,1609507424724590,5024637265,0.81008,0.511424,0.489952,5.29375,-7.98875,-11.935,-47.792004,-0.04,-61.136,eccentric,4,5.0,31264.0,33704.0,79654.0,73914.0,29158.0,43251.0,34793.0,42077.0,20085.0,15051.0
2026-05-06 16:32:41.337910,889736,1609507424733503,5024646034,0.81008,0.511424,0.489952,-2.65125,-6.99125,-15.645,-47.792004,-0.04,-61.136,eccentric,4,5.0,31264.0,33704.0,79654.0,73914.0,29158.0,43251.0,34793.0,42077.0,20085.0,15051.0
2026-05-06 16:32:41.365422,889737,1609507424748151,5024658948,0.80032,0.509472,0.476288,-5.215,-5.775,-13.965,-48.000004,-0.256,-60.072002,eccentric,4,5.0,31264.0,33704.0,79654.0,73914.0,29158.0,43251.0,34793.0,42077.0,20085.0,15051.0
2026-05-06 16:32:41.367958,889738,1609507424757497,5024669746,0.80032,0.509472,0.476288,1.65375,-5.8275,-7.735,-48.000004,-0.256,-60.072002,eccentric,4,5.0,31264.0,33704.0,79654.0,73914.0,29158.0,43251.0,34793.0,42077.0,20085.0,15051.0
2026-05-06 16:32:41.370344,889739,1609507424766540,5024678454,0.739808,0.607072,0.515328,4.78625,-4.87375,-2.8525,-47.872,1.44,-61.520004,eccentric,4,5.0,31264.0,33704.0,79654.0,73914.0,29158.0,43251.0,34793.0,42077.0,20085.0,15051.0
2026-05-06 16:32:41.383966,889740,1609507424781087,5024693486,0.739808,0.607072,0.515328,-0.21875,-3.2025,-1.3125,-47.872,1.44,-61.520004,eccentric,4,5.0,31264.0,33704.0,79654.0,73914.0,29158.0,43251.0,34793.0,42077.0,20085.0,15051.0
2026-05-06 16:32:41.392593,889741,1609507424790017,5024702199,0.696864,0.550464,0.4392,-5.565,-1.26,-2.4675,-47.736004,1.104,-61.656002,eccentric,4,5.0,31264.0,33704.0,79654.0,73914.0,29158.0,43251.0,34793.0,42077.0,20085.0,15051.0
2026-05-06 16:32:41.404018,889742,1609507424804544,5024717278,0.735904,0.417728,0.421632,-9.16125,0.04375,-3.12375,-47.736004,1.104,-62.08,eccentric,4,5.0,31264.0,33704.0,79654.0,73914.0,29158.0,43251.0,34793.0,42077.0,20085.0,15051.0
2026-05-06 16:32:41.434166,889753,1609507424813643,5024726080,0.735904,0.417728,0.421632,-8.015,1.09375,-3.185,-47.048,1.248,-62.08,eccentric,4,5.0,31287.0,33712.0,79602.0,73691.0,29162.0,43264.0,34786.0,41994.0,20085.0,15060.0
2026-05-06 16:32:41.436581,889754,1609507424822619,5024734866,0.735904,0.417728,0.421632,-3.99,1.35625,-0.105,-47.048,1.248,-62.08,eccentric,4,5.0,31287.0,33712.0,79602.0,73691.0,29162.0,43264.0,34786.0,41994.0,20085.0,15060.0
2026-05-06 16:32:41.439183,889755,1609507424837148,5024749871,0.691008,0.456768,0.474336,-1.67125,0.665,3.7625,-47.600002,0.96,-61.728004,eccentric,4,5.0,31287.0,33712.0,79602.0,73691.0,29162.0,43264.0,34786.0,41994.0,20085.0,15060.0
2026-05-06 16:32:41.445410,889756,1609507424846089,5024758655,0.626592,0.571936,0.484096,-0.6475,0.83125,8.0675,-46.896004,1.744,-61.328003,eccentric,4,5.0,31287.0,33712.0,79602.0,73691.0,29162.0,43264.0,34786.0,41994.0,20085.0,15060.0
2026-05-06 16:32:41.459141,889757,1609507424860661,5024771513,0.626592,0.571936,0.484096,-3.4825,1.26875,8.085,-46.896004,1.744,-61.328003,eccentric,4,5.0,31287.0,33712.0,79602.0,73691.0,29162.0,43264.0,34786.0,41994.0,20085.0,15060.0
2026-05-06 16:32:41.475070,889758,1609507424870082,5024782281,0.61488,0.456768,0.411872,-10.6575,2.5725,2.59875,-46.792004,1.464,-61.984,eccentric,4,5.0,31287.0,33712.0,79602.0,73691.0,29162.0,43264.0,34786.0,41994.0,20085.0,15060.0
2026-05-06 16:32:41.481052,889759,1609507424879063,5024791006,0.61488,0.456768,0.411872,-11.917501,3.0275,0.7175,-46.792004,1.464,-61.984,eccentric,4,5.0,31287.0,33712.0,79602.0,73691.0,29162.0,43264.0,34786.0,41994.0,20085.0,15060.0
2026-05-06 16:32:41.492755,889760,1609507424893608,5024805995,0.657824,0.36112,0.372832,-13.2125,2.975,0.34125,-46.824,0.824,-62.024002,eccentric,4,5.0,31287.0,33712.0,79602.0,73691.0,29162.0,43264.0,34786.0,41994.0,20085.0,15060.0
2026-05-06 16:32:41.501662,889761,1609507424902603,5024814700,0.657824,0.36112,0.372832,-11.095,2.7825,3.49125,-46.824,0.824,-62.024002,eccentric,4,5.0,31287.0,33712.0,79602.0,73691.0,29162.0,43264.0,34786.0,41994.0,20085.0,15060.0
2026-05-06 16:32:41.535383,889772,1609507424917569,5024830242,0.56608,0.472384,0.396256,-2.8,2.82625,8.33875,-46.304,1.568,-61.904003,eccentric,4,5.0,31244.0,33769.0,79568.0,73545.0,29157.0,43291.0,34774.0,41933.0,20061.0,15058.0
2026-05-06 16:32:41.537898,889773,1609507424926535,5024839023,0.564128,0.484096,0.38064,2.0475,1.4175,8.93375,-46.336002,1.816,-62.824,eccentric,4,5.0,31244.0,33769.0,79568.0,73545.0,29157.0,43291.0,34774.0,41933.0,20061.0,15058.0
2026-05-06 16:32:41.562888,889774,1609507424935486,5024847788,0.564128,0.484096,0.38064,-0.8575,0.875,5.43375,-46.336002,1.816,-62.824,eccentric,4,5.0,31244.0,33769.0,79568.0,73545.0,29157.0,43291.0,34774.0,41933.0,20061.0,15058.0
2026-05-06 16:32:41.587863,889775,1609507424950090,5024862777,0.5856,0.413824,0.325984,-6.0725,0.8225,1.74125,-46.448,1.416,-62.376003,eccentric,4,5.0,31244.0,33769.0,79568.0,73545.0,29157.0,43291.0,34774.0,41933.0,20061.0,15058.0
2026-05-06 16:32:41.606677,889776,1609507424959024,5024871605,0.5856,0.413824,0.325984,-9.19625,0.14,0.91875,-46.448,1.416,-62.376003,eccentric,4,5.0,31244.0,33769.0,79568.0,73545.0,29157.0,43291.0,34774.0,41933.0,20061.0,15058.0
2026-05-06 16:32:41.609130,889777,1609507424973524,5024884482,0.593408,0.374784,0.368928,-9.19625,0.175,1.3125,-46.208004,1.776,-62.864002,eccentric,4,5.0,31244.0,33769.0,79568.0,73545.0,29157.0,43291.0,34774.0,41933.0,20061.0,15058.0
2026-05-06 16:32:41.611665,889778,1609507424982924,5024895268,0.593408,0.374784,0.368928,-7.0875,0.72625,3.9725,-46.208004,1.776,-62.864002,eccentric,4,5.0,31244.0,33769.0,79568.0,73545.0,29157.0,43291.0,34774.0,41933.0,20061.0,15058.0
2026-05-06 16:32:41.614143,889779,1609507424991839,5024903911,0.568032,0.443104,0.388448,-5.6175,0.6475,4.69875,-46.056004,1.512,-62.424004,eccentric,4,5.0,31244.0,33769.0,79568.0,73545.0,29157.0,43291.0,34774.0,41933.0,20061.0,15058.0
2026-05-06 16:32:41.619152,889780,1609507425006297,5024918840,0.573888,0.476288,0.365024,-3.9025,1.05875,5.32875,-45.736004,2.112,-62.192,eccentric,4,5.0,31244.0,33769.0,79568.0,73545.0,29157.0,43291.0,34774.0,41933.0,20061.0,15058.0
2026-05-06 16:32:41.646692,889791,1609507425015398,5024927660,0.573888,0.476288,0.365024,-2.07375,1.51375,3.5525,-45.736004,2.112,-62.192,eccentric,4,5.0,31203.0,33724.0,79667.0,73504.0,29102.0,43278.0,34798.0,41894.0,20028.0,15045.0
2026-05-06 16:32:41.649224,889792,1609507425030019,5024942726,0.610976,0.343552,0.378688,-1.79375,2.17,-0.25375,-45.544003,1.392,-62.600002,eccentric,4,5.0,31203.0,33724.0,79667.0,73504.0,29102.0,43278.0,34798.0,41894.0,20028.0,15045.0
2026-05-06 16:32:41.651678,889793,1609507425039113,5024951486,0.610976,0.343552,0.378688,-2.17,2.33625,-2.065,-45.544003,1.392,-62.600002,eccentric,4,5.0,31203.0,33724.0,79667.0,73504.0,29102.0,43278.0,34798.0,41894.0,20028.0,15045.0
2026-05-06 16:32:41.654075,889794,1609507425053655,5024964439,0.622688,0.37088,0.378688,-0.91875,2.79125,-0.595,-45.72,-0.136,-62.104004,eccentric,4,5.0,31203.0,33724.0,79667.0,73504.0,29102.0,43278.0,34798.0,41894.0,20028.0,15045.0
2026-05-06 16:32:41.662986,889795,1609507425062911,5024975251,0.622688,0.37088,0.378688,-0.58625,3.4475,3.03625,-45.72,-0.136,-62.104004,eccentric,4,5.0,31203.0,33724.0,79667.0,73504.0,29102.0,43278.0,34798.0,41894.0,20028.0,15045.0
2026-05-06 16:32:41.672384,889796,1609507425071846,5024983963,0.591456,0.445056,0.421632,-0.5425,4.80375,4.725,-45.024002,1.792,-62.640003,eccentric,4,5.0,31203.0,33724.0,79667.0,73504.0,29102.0,43278.0,34798.0,41894.0,20028.0,15045.0
2026-05-06 16:32:41.687745,889797,1609507425086312,5024998870,0.591456,0.396256,0.365024,-1.37375,6.475,4.1475,-45.024002,1.792,-62.640003,eccentric,4,5.0,31203.0,33724.0,79667.0,73504.0,29102.0,43278.0,34798.0,41894.0,20028.0,15045.0
2026-05-06 16:32:41.694013,889798,1609507425095339,5025007684,0.601216,0.396256,0.365024,-3.91125,7.90125,0.58625,-45.168003,2.048,-61.832005,eccentric,4,5.0,31203.0,33724.0,79667.0,73504.0,29102.0,43278.0,34798.0,41894.0,20028.0,15045.0
2026-05-06 16:32:41.742860,889809,1609507425110407,5025023192,0.62464,0.329888,0.353312,-4.34875,8.46125,-1.63625,-45.352,0.576,-61.328003,eccentric,4,5.0,31204.0,33754.0,79930.0,73453.0,29102.0,43288.0,34900.0,41863.0,20019.0,15044.0
2026-05-06 16:32:41.745366,889810,1609507425119434,5025032026,0.62464,0.329888,0.353312,-2.135,7.86625,-1.23375,-45.352,0.576,-61.328003,eccentric,4,5.0,31204.0,33754.0,79930.0,73453.0,29102.0,43288.0,34900.0,41863.0,20019.0,15044.0
2026-05-06 16:32:41.747899,889811,1609507425128395,5025040784,0.542656,0.378688,0.36112,-0.14875,6.86875,-0.1575,-45.016003,2.208,-62.656002,eccentric,4,5.0,31204.0,33754.0,79930.0,73453.0,29102.0,43288.0,34900.0,41863.0,20019.0,15044.0
2026-05-06 16:32:41.750416,889812,1609507425143029,5025055720,0.542656,0.378688,0.36112,3.1675,5.78375,4.2875,-45.016003,2.208,-62.656002,eccentric,4,5.0,31204.0,33754.0,79930.0,73453.0,29102.0,43288.0,34900.0,41863.0,20019.0,15044.0
2026-05-06 16:32:41.756314,889813,1609507425151971,5025064507,0.599264,0.382592,0.394304,3.9025,5.74,5.81875,-45.176003,-1.328,-60.016003,eccentric,4,5.0,31204.0,33754.0,79930.0,73453.0,29102.0,43288.0,34900.0,41863.0,20019.0,15044.0
2026-05-06 16:32:41.767837,889814,1609507425166453,5025077419,0.599264,0.382592,0.394304,4.655,6.08125,6.58875,-45.176003,-1.328,-60.016003,eccentric,4,5.0,31204.0,33754.0,79930.0,73453.0,29102.0,43288.0,34900.0,41863.0,20019.0,15044.0
2026-05-06 16:32:41.775226,889815,1609507425175845,5025088230,0.581696,0.388448,0.384544,6.02875,5.94125,6.195,-44.712,2.296,-62.376003,eccentric,4,5.0,31204.0,33754.0,79930.0,73453.0,29102.0,43288.0,34900.0,41863.0,20019.0,15044.0
2026-05-06 16:32:41.784093,889816,1609507425184913,5025096930,0.581696,0.388448,0.384544,6.08125,5.145,5.46,-44.712,2.296,-62.376003,eccentric,4,5.0,31204.0,33754.0,79930.0,73453.0,29102.0,43288.0,34900.0,41863.0,20019.0,15044.0
2026-05-06 16:32:41.797783,889817,1609507425199426,5025111948,0.56608,0.353312,0.30256,6.58875,3.9375,5.775,-44.544003,1.928,-60.56,eccentric,4,5.0,31204.0,33754.0,79930.0,73453.0,29102.0,43288.0,34900.0,41863.0,20019.0,15044.0
2026-05-06 16:32:41.811666,889818,1609507425208373,5025120671,0.57584,0.3416,0.366976,6.86,2.56375,6.3875,-44.52,0.912,-61.520004,eccentric,4,5.0,31204.0,33754.0,79930.0,73453.0,29102.0,43288.0,34900.0,41863.0,20019.0,15044.0
2026-05-06 16:32:41.842870,889829,1609507425223000,5025135685,0.57584,0.3416,0.366976,6.825,0.8925,7.79625,-44.52,0.912,-61.520004,eccentric,4,5.0,31275.0,33795.0,79807.0,73410.0,29167.0,43341.0,34883.0,41839.0,20081.0,15088.0
2026-05-06 16:32:41.845425,889830,1609507425231910,5025144438,0.52704,0.41968,0.357216,6.44,0.0875,10.28125,-44.456,0.32,-61.072002,eccentric,4,5.0,31275.0,33795.0,79807.0,73410.0,29167.0,43341.0,34883.0,41839.0,20081.0,15088.0
2026-05-06 16:32:41.847942,889831,1609507425240851,5025153150,0.52704,0.41968,0.357216,5.73125,-0.595,11.34,-44.456,0.32,-61.072002,eccentric,4,5.0,31275.0,33795.0,79807.0,73410.0,29167.0,43341.0,34883.0,41839.0,20081.0,15088.0
2026-05-06 16:32:41.856602,889832,1609507425255646,5025168134,0.528992,0.425536,0.306464,4.515,-0.42875,10.73625,-44.144,2.72,-62.392002,eccentric,4,5.0,31275.0,33795.0,79807.0,73410.0,29167.0,43341.0,34883.0,41839.0,20081.0,15088.0
2026-05-06 16:32:41.863438,889833,1609507425264615,5025176919,0.528992,0.425536,0.306464,3.15,-0.3325,7.84,-44.144,2.72,-62.392002,eccentric,4,5.0,31275.0,33795.0,79807.0,73410.0,29167.0,43341.0,34883.0,41839.0,20081.0,15088.0
2026-05-06 16:32:41.896602,889834,1609507425279135,5025191824,0.5368,0.384544,0.314272,3.885,-0.5775,6.02,-44.24,2.08,-61.128002,eccentric,4,5.0,31275.0,33795.0,79807.0,73410.0,29167.0,43341.0,34883.0,41839.0,20081.0,15088.0
2026-05-06 16:32:41.899001,889835,1609507425288234,5025200547,0.544608,0.407968,0.318176,5.4075,-1.05875,6.43125,-44.24,2.08,-62.544003,eccentric,4,5.0,31275.0,33795.0,79807.0,73410.0,29167.0,43341.0,34883.0,41839.0,20081.0,15088.0
2026-05-06 16:32:41.901618,889836,1609507425302741,5025215467,0.544608,0.407968,0.318176,6.62375,-1.33875,7.5075,-44.280003,3.104,-62.544003,eccentric,4,5.0,31275.0,33795.0,79807.0,73410.0,29167.0,43341.0,34883.0,41839.0,20081.0,15088.0
2026-05-06 16:32:42.011715,889847,1609507425312332,5025224329,0.560224,0.42944,0.372832,4.94375,-1.68,7.2975,-44.096,0.896,-61.4,eccentric,4,5.0,31303.0,33748.0,79645.0,73382.0,29205.0,43345.0,34800.0,41828.0,20097.0,15083.0
2026-05-06 16:32:42.014215,889848,1609507425321311,5025233148,0.560224,0.42944,0.372832,2.31,-1.49625,6.055,-44.096,0.896,-61.4,eccentric,4,5.0,31303.0,33748.0,79645.0,73382.0,29205.0,43345.0,34800.0,41828.0,20097.0,15083.0
2026-05-06 16:32:42.016696,889849,1609507425335778,5025248085,0.534848,0.46848,0.36112,1.11125,-0.11375,4.87375,-44.136,3.312,-61.256004,eccentric,4,5.0,31303.0,33748.0,79645.0,73382.0,29205.0,43345.0,34800.0,41828.0,20097.0,15083.0
2026-05-06 16:32:42.019157,889850,1609507425344696,5025256794,0.534848,0.46848,0.36112,-0.13125,0.55125,3.36,-44.136,3.312,-61.256004,eccentric,4,5.0,31303.0,33748.0,79645.0,73382.0,29205.0,43345.0,34800.0,41828.0,20097.0,15083.0
2026-05-06 16:32:42.021696,889851,1609507425359242,5025271680,0.583648,0.45872,0.363072,-3.73625,0.37625,0.07,-43.824,3.08,-62.384003,eccentric,4,5.0,31303.0,33748.0,79645.0,73382.0,29205.0,43345.0,34800.0,41828.0,20097.0,15083.0
2026-05-06 16:32:42.024144,889852,1609507425368389,5025280416,0.583648,0.45872,0.402112,-5.46875,0.41125,-2.79125,-43.824,3.08,-62.384003,eccentric,4,5.0,31303.0,33748.0,79645.0,73382.0,29205.0,43345.0,34800.0,41828.0,20097.0,15083.0
2026-05-06 16:32:42.026712,889853,1609507425377512,5025289135,0.61488,0.398208,0.402112,-4.92625,0.805,-4.41875,-44.136,1.32,-61.056004,eccentric,4,5.0,31303.0,33748.0,79645.0,73382.0,29205.0,43345.0,34800.0,41828.0,20097.0,15083.0
2026-05-06 16:32:42.029140,889854,1609507425392074,5025304092,0.622688,0.45872,0.447008,-2.65125,1.365,-3.0975,-44.000004,1.384,-61.304005,eccentric,4,5.0,31303.0,33748.0,79645.0,73382.0,29205.0,43345.0,34800.0,41828.0,20097.0,15083.0
2026-05-06 16:32:42.031700,889855,1609507425401043,5025312852,0.622688,0.45872,0.447008,-3.71875,2.3975,-1.715,-44.000004,1.384,-61.304005,eccentric,4,5.0,31303.0,33748.0,79645.0,73382.0,29205.0,43345.0,34800.0,41828.0,20097.0,15083.0
2026-05-06 16:32:42.065048,889866,1609507425415737,5025327845,0.632448,0.474336,0.427488,-6.18625,4.06,-1.61875,-43.824,3.336,-61.544003,eccentric,4,5.0,31178.0,33676.0,79584.0,73376.0,29076.0,43250.0,34742.0,41831.0,20014.0,15029.0
2026-05-06 16:32:42.067737,889867,1609507425424749,5025336596,0.632448,0.474336,0.427488,-10.40375,4.8825,-3.99875,-43.824,3.336,-61.544003,eccentric,4,5.0,31178.0,33676.0,79584.0,73376.0,29076.0,43250.0,34742.0,41831.0,20014.0,15029.0
2026-05-06 16:32:42.070162,889868,1609507425433703,5025345412,0.651968,0.40992,0.407968,-11.80375,5.34625,-5.31125,-43.872,2.976,-62.520004,eccentric,4,5.0,31178.0,33676.0,79584.0,73376.0,29076.0,43250.0,34742.0,41831.0,20014.0,15029.0
2026-05-06 16:32:42.072744,889869,1609507425448189,5025360389,0.651968,0.40992,0.407968,-11.75125,4.6725,-5.85375,-43.872,2.976,-62.520004,eccentric,4,5.0,31178.0,33676.0,79584.0,73376.0,29076.0,43250.0,34742.0,41831.0,20014.0,15029.0
2026-05-06 16:32:42.075284,889870,1609507425457310,5025369204,0.669536,0.396256,0.411872,-9.93125,3.71875,-3.54375,-44.2,-0.56,-60.552002,eccentric,4,5.0,31178.0,33676.0,79584.0,73376.0,29076.0,43250.0,34742.0,41831.0,20014.0,15029.0
2026-05-06 16:32:42.077740,889871,1609507425471911,5025384152,0.661728,0.443104,0.489952,-9.49375,3.15875,-1.58375,-44.136,-0.36,-59.864002,eccentric,4,5.0,31178.0,33676.0,79584.0,73376.0,29076.0,43250.0,34742.0,41831.0,20014.0,15029.0
2026-05-06 16:32:42.080329,889872,1609507425480947,5025392916,0.661728,0.443104,0.489952,-12.71375,3.045,-0.56,-44.136,-0.36,-59.864002,eccentric,4,5.0,31178.0,33676.0,79584.0,73376.0,29076.0,43250.0,34742.0,41831.0,20014.0,15029.0
2026-05-06 16:32:42.089095,889873,1609507425489997,5025401692,0.651968,0.441152,0.402112,-13.79,3.43,0.11375,-43.936,1.528,-61.280003,eccentric,4,5.0,31178.0,33676.0,79584.0,73376.0,29076.0,43250.0,34742.0,41831.0,20014.0,15029.0
2026-05-06 16:32:42.122906,889874,1609507425504478,5025416676,0.651968,0.441152,0.402112,-12.78375,3.6575,-1.47,-43.936,1.528,-61.280003,eccentric,4,5.0,31178.0,33676.0,79584.0,73376.0,29076.0,43250.0,34742.0,41831.0,20014.0,15029.0
2026-05-06 16:32:42.152909,889885,1609507425513882,5025425670,0.691008,0.38064,0.435296,-8.4,3.7975,-2.2575,-43.672,3.016,-61.896004,eccentric,4,5.0,31106.0,33639.0,79696.0,73522.0,28990.0,43215.0,34811.0,41921.0,19943.0,15004.0
2026-05-06 16:32:42.155086,889886,1609507425528499,5025440637,0.691008,0.38064,0.435296,-4.82125,2.96625,-3.52625,-43.672,3.016,-61.896004,eccentric,4,5.0,31106.0,33639.0,79696.0,73522.0,28990.0,43215.0,34811.0,41921.0,19943.0,15004.0
2026-05-06 16:32:42.157851,889887,1609507425537625,5025449381,0.66368,0.413824,0.450912,-3.15875,1.11125,-3.15,-43.968002,3.216,-61.544003,eccentric,4,5.0,31106.0,33639.0,79696.0,73522.0,28990.0,43215.0,34811.0,41921.0,19943.0,15004.0
2026-05-06 16:32:42.160364,889888,1609507425546573,5025458287,0.66368,0.413824,0.450912,-3.78,-0.46375,-3.12375,-43.968002,3.216,-61.544003,eccentric,4,5.0,31106.0,33639.0,79696.0,73522.0,28990.0,43215.0,34811.0,41921.0,19943.0,15004.0
2026-05-06 16:32:42.162821,889889,1609507425561172,5025473364,0.655872,0.46848,0.427488,-5.76625,-0.46375,-3.59625,-44.216003,1.016,-60.792004,eccentric,4,5.0,31106.0,33639.0,79696.0,73522.0,28990.0,43215.0,34811.0,41921.0,19943.0,15004.0
2026-05-06 16:32:42.169181,889890,1609507425570159,5025482087,0.70272,0.35136,0.488,-5.215,1.02375,-6.09875,-44.216003,1.016,-61.552002,eccentric,4,5.0,31106.0,33639.0,79696.0,73522.0,28990.0,43215.0,34811.0,41921.0,19943.0,15004.0
2026-05-06 16:32:42.182922,889891,1609507425584656,5025497043,0.710528,0.35136,0.488,-4.41,2.73,-8.9425,-44.104004,2.944,-61.552002,eccentric,4,5.0,31106.0,33639.0,79696.0,73522.0,28990.0,43215.0,34811.0,41921.0,19943.0,15004.0
2026-05-06 16:32:42.196495,889892,1609507425593599,5025505741,0.659776,0.411872,0.44896,-1.5925,3.64,-8.37375,-43.760002,3.496,-61.968002,eccentric,4,5.0,31106.0,33639.0,79696.0,73522.0,28990.0,43215.0,34811.0,41921.0,19943.0,15004.0
2026-05-06 16:32:42.210403,889893,1609507425608107,5025520811,0.659776,0.411872,0.44896,3.3075,4.2875,-5.3375,-43.760002,3.496,-61.968002,eccentric,4,5.0,31106.0,33639.0,79696.0,73522.0,28990.0,43215.0,34811.0,41921.0,19943.0,15004.0
2026-05-06 16:36:43.644832,935326,1609507667035191,5266946158,0.646112,0.35136,0.573888,5.25,0.91,-4.29625,-42.800003,4.584,-65.512,concentric,4,5.0,30935.0,34656.0,89546.0,91274.0,27770.0,43040.0,39360.0,51739.0,19086.0,14828.0
2026-05-06 16:36:43.656661,935327,1609507667044656,5266956945,0.669536,0.296704,0.493856,2.49375,2.5725,-8.09375,-43.168003,3.432,-64.536,concentric,4,5.0,30935.0,34656.0,89546.0,91274.0,27770.0,43040.0,39360.0,51739.0,19086.0,14828.0
2026-05-06 16:36:43.663647,935328,1609507667053615,5266965663,0.669536,0.296704,0.493856,0.6125,3.2725,-11.45375,-43.168003,3.432,-64.536,concentric,4,5.0,30935.0,34656.0,89546.0,91274.0,27770.0,43040.0,39360.0,51739.0,19086.0,14828.0
2026-05-06 16:36:43.694092,935339,1609507667068165,5266980650,0.669536,0.23424,0.509472,2.63375,3.00125,-11.935,-42.68,4.408,-66.744,concentric,4,5.0,30898.0,34615.0,89446.0,91168.0,27711.0,42972.0,39316.0,51679.0,19057.0,14796.0
2026-05-06 16:36:43.696587,935340,1609507667077150,5266989458,0.659776,0.324032,0.564128,6.11625,2.66875,-9.26625,-42.68,5.128,-65.704,concentric,4,5.0,30898.0,34615.0,89446.0,91168.0,27711.0,42972.0,39316.0,51679.0,19057.0,14796.0
2026-05-06 16:36:43.699106,935341,1609507667091672,5267002427,0.659776,0.324032,0.564128,7.42875,1.715,-7.0875,-43.056004,5.128,-65.704,concentric,4,5.0,30898.0,34615.0,89446.0,91168.0,27711.0,42972.0,39316.0,51679.0,19057.0,14796.0
2026-05-06 16:36:43.712955,935342,1609507667100966,5267013286,0.657824,0.33184,0.501664,5.81875,2.05625,-6.4575,-42.976,4.496,-66.328,concentric,4,5.0,30898.0,34615.0,89446.0,91168.0,27711.0,42972.0,39316.0,51679.0,19057.0,14796.0
2026-05-06 16:36:43.719076,935343,1609507667109882,5267022006,0.657824,0.33184,0.501664,3.26375,2.6775,-7.525,-42.976,4.496,-66.328,concentric,4,5.0,30898.0,34615.0,89446.0,91168.0,27711.0,42972.0,39316.0,51679.0,19057.0,14796.0
2026-05-06 16:36:43.744258,935344,1609507667124490,5267036924,0.679296,0.245952,0.523136,2.9925,3.42125,-9.345,-43.184002,4.304,-65.096,concentric,4,5.0,30898.0,34615.0,89446.0,91168.0,27711.0,42972.0,39316.0,51679.0,19057.0,14796.0
2026-05-06 16:36:43.768977,935345,1609507667133421,5267045626,0.679296,0.245952,0.523136,3.4125,3.52625,-7.9975,-43.184002,4.304,-65.096,concentric,4,5.0,30898.0,34615.0,89446.0,91168.0,27711.0,42972.0,39316.0,51679.0,19057.0,14796.0
2026-05-06 16:36:43.779061,935346,1609507667147946,5267060693,0.661728,0.314272,0.562176,5.64375,2.65125,-5.13625,-43.096,4.704,-66.200005,concentric,4,5.0,30898.0,34615.0,89446.0,91168.0,27711.0,42972.0,39316.0,51679.0,19057.0,14796.0
2026-05-06 16:36:43.783947,935347,1609507667157007,5267069406,0.661728,0.314272,0.562176,5.50375,2.17875,-3.45625,-43.096,4.704,-66.200005,concentric,4,5.0,30898.0,34615.0,89446.0,91168.0,27711.0,42972.0,39316.0,51679.0,19057.0,14796.0
2026-05-06 16:36:43.811698,935358,1609507667166257,5267078377,0.659776,0.355264,0.534848,3.9725,1.79375,-4.13,-43.08,4.968,-65.616005,concentric,4,5.0,30898.0,34604.0,89303.0,91239.0,27734.0,42943.0,39232.0,51701.0,19043.0,14787.0
2026-05-06 16:36:43.814210,935359,1609507667180803,5267093419,0.665632,0.271328,0.552416,0.7875,1.8375,-8.23375,-43.224003,5.072,-65.776,concentric,4,5.0,30898.0,34604.0,89303.0,91239.0,27734.0,42943.0,39232.0,51701.0,19043.0,14787.0
2026-05-06 16:36:43.816663,935360,1609507667189809,5267102193,0.665632,0.271328,0.552416,1.1375,1.37375,-8.2775,-43.224003,5.072,-65.776,concentric,4,5.0,30898.0,34604.0,89303.0,91239.0,27734.0,42943.0,39232.0,51701.0,19043.0,14787.0
2026-05-06 16:36:43.819208,935361,1609507667204477,5267117179,0.66368,0.30256,0.562176,4.4275,0.1225,-6.9475,-43.384003,2.688,-65.088005,concentric,4,5.0,30898.0,34604.0,89303.0,91239.0,27734.0,42943.0,39232.0,51701.0,19043.0,14787.0
2026-05-06 16:36:43.821731,935362,1609507667213552,5267125937,0.66368,0.30256,0.562176,7.11375,-0.7175,-4.48,-43.384003,2.688,-65.088005,concentric,4,5.0,30898.0,34604.0,89303.0,91239.0,27734.0,42943.0,39232.0,51701.0,19043.0,14787.0
2026-05-06 16:36:43.835491,935363,1609507667222586,5267134643,0.669536,0.314272,0.581696,5.8975,-0.9625,-3.6225,-43.112003,2.728,-65.16,concentric,4,5.0,30898.0,34604.0,89303.0,91239.0,27734.0,42943.0,39232.0,51701.0,19043.0,14787.0
2026-05-06 16:36:43.849129,935364,1609507667237154,5267149649,0.669536,0.314272,0.581696,3.49125,-0.7,-4.52375,-43.112003,2.728,-65.16,concentric,4,5.0,30898.0,34604.0,89303.0,91239.0,27734.0,42943.0,39232.0,51701.0,19043.0,14787.0
2026-05-06 16:36:43.855401,935365,1609507667246062,5267158351,0.661728,0.298656,0.579744,3.54375,0.105,-5.11,-43.4,4.76,-66.304,concentric,4,5.0,30898.0,34604.0,89303.0,91239.0,27734.0,42943.0,39232.0,51701.0,19043.0,14787.0
2026-05-06 16:36:43.896608,935376,1609507667260573,5267173297,0.677344,0.277184,0.57584,5.005,1.30375,-4.47125,-43.320004,5.096,-65.28001,concentric,4,5.0,30835.0,34546.0,89292.0,91267.0,27681.0,42883.0,39196.0,51732.0,19021.0,14761.0
2026-05-06 16:36:43.899534,935377,1609507667269654,5267182063,0.677344,0.277184,0.57584,6.01125,2.75625,-3.96375,-43.320004,5.096,-65.28001,concentric,4,5.0,30835.0,34546.0,89292.0,91267.0,27681.0,42883.0,39196.0,51732.0,19021.0,14761.0
2026-05-06 16:36:43.927013,935378,1609507667284181,5267195214,0.679296,0.284992,0.550464,4.1825,3.29,-4.13,-43.52,1.216,-63.944004,concentric,4,5.0,30835.0,34546.0,89292.0,91267.0,27681.0,42883.0,39196.0,51732.0,19021.0,14761.0
2026-05-06 16:36:43.929567,935379,1609507667293427,5267206019,0.679296,0.284992,0.550464,1.67125,3.255,-3.12375,-43.52,1.216,-63.944004,concentric,4,5.0,30835.0,34546.0,89292.0,91267.0,27681.0,42883.0,39196.0,51732.0,19021.0,14761.0
2026-05-06 16:36:43.931952,935380,1609507667302432,5267214731,0.628544,0.363072,0.54656,0.315,2.94,-2.68625,-43.512,0.4,-64.48801,concentric,4,5.0,30835.0,34546.0,89292.0,91267.0,27681.0,42883.0,39196.0,51732.0,19021.0,14761.0
2026-05-06 16:36:43.934100,935381,1609507667317062,5267229768,0.628544,0.363072,0.54656,0.175,2.24,-4.03375,-43.512,0.4,-64.48801,concentric,4,5.0,30835.0,34546.0,89292.0,91267.0,27681.0,42883.0,39196.0,51732.0,19021.0,14761.0
2026-05-06 16:36:43.937013,935382,1609507667325961,5267238527,0.64416,0.300608,0.491904,-0.95375,3.00125,-7.98,-43.224003,4.704,-67.832,concentric,4,5.0,30835.0,34546.0,89292.0,91267.0,27681.0,42883.0,39196.0,51732.0,19021.0,14761.0
2026-05-06 16:36:43.947895,935383,1609507667340463,5267251408,0.648064,0.2928,0.52704,1.60125,3.00125,-9.66,-43.224003,4.624,-65.712006,concentric,4,5.0,30835.0,34546.0,89292.0,91267.0,27681.0,42883.0,39196.0,51732.0,19021.0,14761.0
2026-05-06 16:36:43.959334,935384,1609507667349965,5267262187,0.648064,0.2928,0.52704,3.9375,2.07375,-9.70375,-43.224003,4.624,-65.712006,concentric,4,5.0,30835.0,34546.0,89292.0,91267.0,27681.0,42883.0,39196.0,51732.0,19021.0,14761.0
2026-05-06 16:36:43.967740,935385,1609507667359047,5267271013,0.650016,0.357216,0.532896,5.215,1.5225,-8.40875,-43.224003,2.576,-64.928,concentric,4,5.0,30835.0,34546.0,89292.0,91267.0,27681.0,42883.0,39196.0,51732.0,19021.0,14761.0
2026-05-06 16:36:43.998008,935396,1609507667373717,5267286072,0.650016,0.357216,0.532896,4.52375,-0.07,-8.54875,-43.440002,2.736,-64.928,concentric,4,5.0,30859.0,34556.0,89197.0,91270.0,27684.0,42875.0,39169.0,51732.0,19042.0,14770.0
2026-05-06 16:36:44.000800,935397,1609507667382784,5267294798,0.638304,0.324032,0.519232,-0.21,-0.21875,-11.57625,-43.664,2.336,-64.576004,concentric,4,5.0,30859.0,34556.0,89197.0,91270.0,27684.0,42875.0,39169.0,51732.0,19042.0,14770.0
2026-05-06 16:36:44.006614,935398,1609507667397311,5267309895,0.638304,0.324032,0.519232,-3.08875,0.525,-13.02,-43.664,2.336,-64.576004,concentric,4,5.0,30859.0,34556.0,89197.0,91270.0,27684.0,42875.0,39169.0,51732.0,19042.0,14770.0
2026-05-06 16:36:44.015779,935399,1609507667406280,5267318717,0.646112,0.308416,0.554368,-1.47,1.26,-13.51,-43.688004,2.36,-65.792,concentric,4,5.0,30859.0,34556.0,89197.0,91270.0,27684.0,42875.0,39169.0,51732.0,19042.0,14770.0
2026-05-06 16:36:44.024544,935400,1609507667415201,5267327417,0.646112,0.308416,0.554368,-0.25375,2.1525,-13.440001,-43.688004,2.36,-65.792,concentric,4,5.0,30859.0,34556.0,89197.0,91270.0,27684.0,42875.0,39169.0,51732.0,19042.0,14770.0
2026-05-06 16:36:44.040476,935401,1609507667429765,5267342324,0.6344,0.290848,0.55632,-0.2975,2.63375,-12.99375,-43.376003,3.936,-65.848,concentric,4,5.0,30859.0,34556.0,89197.0,91270.0,27684.0,42875.0,39169.0,51732.0,19042.0,14770.0
2026-05-06 16:36:44.048199,935402,1609507667438905,5267351180,0.6344,0.290848,0.55632,-0.1225,2.87,-11.9525,-43.376003,3.936,-65.848,concentric,4,5.0,30859.0,34556.0,89197.0,91270.0,27684.0,42875.0,39169.0,51732.0,19042.0,14770.0
2026-05-06 16:36:44.081076,935403,1609507667453429,5267366131,0.609024,0.31232,0.52704,0.7525,3.00125,-11.4625,-44.064003,1.016,-63.584003,concentric,4,5.0,30859.0,34556.0,89197.0,91270.0,27684.0,42875.0,39169.0,51732.0,19042.0,14770.0
2026-05-06 16:36:44.163055,935414,1609507667462386,5267374789,0.610976,0.284992,0.493856,1.19875,3.33375,-12.0575,-43.712,2.232,-65.76,concentric,4,5.0,30870.0,34547.0,89183.0,91152.0,27703.0,42905.0,39158.0,51678.0,19024.0,14776.0
2026-05-06 16:36:44.165807,935415,1609507667471838,5267383513,0.610976,0.284992,0.493856,2.4325,3.73625,-12.11,-43.712,2.232,-65.76,concentric,4,5.0,30870.0,34547.0,89183.0,91152.0,27703.0,42905.0,39158.0,51678.0,19024.0,14776.0
2026-05-06 16:36:44.167786,935416,1609507667486491,5267398534,0.569984,0.257664,0.49776,1.96,3.3425,-11.83,-43.832,1.744,-64.664,concentric,4,5.0,30870.0,34547.0,89183.0,91152.0,27703.0,42905.0,39158.0,51678.0,19024.0,14776.0
2026-05-06 16:36:44.170674,935417,1609507667495443,5267407272,0.569984,0.257664,0.49776,2.37125,2.3275,-10.59625,-43.832,1.744,-64.664,concentric,4,5.0,30870.0,34547.0,89183.0,91152.0,27703.0,42905.0,39158.0,51678.0,19024.0,14776.0
2026-05-06 16:36:44.173170,935418,1609507667509948,5267422236,0.609024,0.218624,0.503616,2.82625,1.28625,-8.96875,-43.536003,3.584,-65.44,concentric,4,5.0,30870.0,34547.0,89183.0,91152.0,27703.0,42905.0,39158.0,51678.0,19024.0,14776.0
2026-05-06 16:36:44.175740,935419,1609507667518913,5267430940,0.609024,0.218624,0.503616,4.66375,0.1925,-6.01125,-43.536003,3.584,-65.44,concentric,4,5.0,30870.0,34547.0,89183.0,91152.0,27703.0,42905.0,39158.0,51678.0,19024.0,14776.0
2026-05-06 16:36:44.177760,935420,1609507667533412,5267445837,0.573888,0.288896,0.482144,6.41375,-1.23375,-3.21125,-44.120003,3.488,-65.304,concentric,4,5.0,30870.0,34547.0,89183.0,91152.0,27703.0,42905.0,39158.0,51678.0,19024.0,14776.0
2026-05-06 16:36:44.180293,935421,1609507667542366,5267454576,0.542656,0.359168,0.45872,7.8575,-2.3975,-2.56375,-43.920002,3.856,-65.144005,concentric,4,5.0,30870.0,34547.0,89183.0,91152.0,27703.0,42905.0,39158.0,51678.0,19024.0,14776.0
2026-05-06 16:36:44.182651,935422,1609507667551327,5267463366,0.542656,0.359168,0.45872,8.68,-3.1675,-5.04875,-43.920002,3.856,-65.144005,concentric,4,5.0,30870.0,34547.0,89183.0,91152.0,27703.0,42905.0,39158.0,51678.0,19024.0,14776.0
2026-05-06 16:36:44.215800,935433,1609507667566633,5267478684,0.56608,0.275232,0.513376,7.44625,-3.17625,-11.480001,-44.216003,1.712,-64.368004,concentric,4,5.0,30881.0,34530.0,89111.0,91082.0,27712.0,42888.0,39107.0,51653.0,19035.0,14754.0
2026-05-06 16:36:44.221530,935434,1609507667575781,5267487449,0.56608,0.275232,0.513376,8.89,-2.94,-14.7,-44.216003,1.712,-64.368004,concentric,4,5.0,30881.0,34530.0,89111.0,91082.0,27712.0,42888.0,39107.0,51653.0,19035.0,14754.0
2026-05-06 16:36:44.221938,935435,1609507667584922,5267496113,0.56608,0.27328,0.462624,9.7125,-2.94,-15.49625,-44.224003,3.328,-65.64,concentric,4,5.0,30881.0,34530.0,89111.0,91082.0,27712.0,42888.0,39107.0,51653.0,19035.0,14754.0
2026-05-06 16:36:44.222728,935436,1609507667600036,5267511064,0.56608,0.27328,0.462624,9.98375,-3.05375,-14.28875,-44.224003,3.328,-65.64,concentric,4,5.0,30881.0,34530.0,89111.0,91082.0,27712.0,42888.0,39107.0,51653.0,19035.0,14754.0
2026-05-06 16:36:44.227380,935437,1609507667609374,5267521899,0.56608,0.435296,0.462624,10.167501,-3.29,-13.0375,-44.256,3.568,-65.76,concentric,4,5.0,30881.0,34530.0,89111.0,91082.0,27712.0,42888.0,39107.0,51653.0,19035.0,14754.0
2026-05-06 16:36:44.231674,935438,1609507667623888,5267534847,0.569984,0.406016,0.495808,9.52875,-2.31875,-17.21125,-44.4,2.888,-65.064,concentric,4,5.0,30881.0,34530.0,89111.0,91082.0,27712.0,42888.0,39107.0,51653.0,19035.0,14754.0
2026-05-06 16:36:44.245727,935439,1609507667633395,5267545643,0.569984,0.406016,0.495808,11.2875,-1.54875,-23.31875,-44.4,2.888,-65.064,concentric,4,5.0,30881.0,34530.0,89111.0,91082.0,27712.0,42888.0,39107.0,51653.0,19035.0,14754.0
2026-05-06 16:36:44.251768,935440,1609507667642355,5267554372,0.5856,0.343552,0.525088,11.29625,-1.12875,-28.04375,-44.008003,2.848,-64.008,concentric,4,5.0,30881.0,34530.0,89111.0,91082.0,27712.0,42888.0,39107.0,51653.0,19035.0,14754.0
2026-05-06 16:36:44.265662,935441,1609507667656825,5267569343,0.5856,0.343552,0.525088,10.2375,-0.56875,-27.991251,-44.008003,2.848,-64.008,concentric,4,5.0,30881.0,34530.0,89111.0,91082.0,27712.0,42888.0,39107.0,51653.0,19035.0,14754.0
2026-05-06 16:36:44.297001,935452,1609507667666321,5267578162,0.61488,0.378688,0.482144,10.3075,0.105,-25.515,-44.488003,1.976,-64.72,concentric,4,5.0,30837.0,34488.0,88860.0,90884.0,27676.0,42831.0,38993.0,51514.0,19018.0,14742.0
2026-05-06 16:36:44.299548,935453,1609507667675523,5267586957,0.61488,0.378688,0.482144,8.26875,0.14875,-23.00375,-44.488003,1.976,-64.72,concentric,4,5.0,30837.0,34488.0,88860.0,90884.0,27676.0,42831.0,38993.0,51514.0,19018.0,14742.0
2026-05-06 16:36:44.301500,935454,1609507667690083,5267601971,0.630496,0.337696,0.443104,2.275,0.60375,-20.3175,-44.848003,0.384,-64.048004,concentric,4,5.0,30837.0,34488.0,88860.0,90884.0,27676.0,42831.0,38993.0,51514.0,19018.0,14742.0
2026-05-06 16:36:44.308039,935455,1609507667699077,5267610727,0.630496,0.337696,0.443104,-1.925,1.0325,-15.91625,-44.848003,0.384,-64.048004,concentric,4,5.0,30837.0,34488.0,88860.0,90884.0,27676.0,42831.0,38993.0,51514.0,19018.0,14742.0
2026-05-06 16:36:44.341973,935456,1609507667713577,5267625767,0.583648,0.437248,0.482144,-1.4,0.60375,-11.31375,-45.04,0.32,-63.328003,concentric,4,5.0,30837.0,34488.0,88860.0,90884.0,27676.0,42831.0,38993.0,51514.0,19018.0,14742.0
2026-05-06 16:36:44.344465,935457,1609507667722543,5267634503,0.560224,0.521184,0.427488,1.1375,0.14,-8.54875,-44.728,1.632,-64.69601,concentric,4,5.0,30837.0,34488.0,88860.0,90884.0,27676.0,42831.0,38993.0,51514.0,19018.0,14742.0
2026-05-06 16:36:44.346985,935458,1609507667737045,5267649435,0.560224,0.521184,0.427488,1.75875,-0.4025,-10.45625,-44.728,1.632,-64.69601,concentric,4,5.0,30837.0,34488.0,88860.0,90884.0,27676.0,42831.0,38993.0,51514.0,19018.0,14742.0
2026-05-06 16:36:44.355643,935459,1609507667746017,5267658143,0.591456,0.392352,0.411872,0.02625,-1.47,-14.41125,-44.480003,1.224,-65.0,concentric,4,5.0,30837.0,34488.0,88860.0,90884.0,27676.0,42831.0,38993.0,51514.0,19018.0,14742.0
2026-05-06 16:36:44.364388,935460,1609507667755178,5267666826,0.591456,0.392352,0.411872,-1.63625,-2.6775,-14.8225,-44.480003,1.224,-65.0,concentric,4,5.0,30837.0,34488.0,88860.0,90884.0,27676.0,42831.0,38993.0,51514.0,19018.0,14742.0
2026-05-06 16:36:44.398301,935471,1609507667770050,5267681914,0.65392,0.318176,0.423584,-5.145,-4.55,-11.55875,-44.832,1.552,-65.0,concentric,4,5.0,30815.0,34455.0,88813.0,90838.0,27660.0,42791.0,38994.0,51491.0,19009.0,14712.0
2026-05-06 16:36:44.402868,935472,1609507667779044,5267690707,0.65392,0.318176,0.423584,-10.45625,-7.1225,-4.8475,-44.832,1.552,-65.0,concentric,4,5.0,30815.0,34455.0,88813.0,90838.0,27660.0,42791.0,38994.0,51491.0,19009.0,14712.0
2026-05-06 16:36:44.405809,935473,1609507667793646,5267705777,0.5856,0.40992,0.445056,-10.08875,-10.36,3.17625,-45.56,-1.568,-62.608,concentric,4,5.0,30815.0,34455.0,88813.0,90838.0,27660.0,42791.0,38994.0,51491.0,19009.0,14712.0
2026-05-06 16:36:44.412028,935474,1609507667802583,5267714549,0.587552,0.55632,0.515328,-6.04625,-14.60375,7.27125,-45.368004,-1.448,-62.760002,concentric,4,5.0,30815.0,34455.0,88813.0,90838.0,27660.0,42791.0,38994.0,51491.0,19009.0,14712.0
2026-05-06 16:36:44.421300,935475,1609507667811527,5267723308,0.587552,0.55632,0.515328,-5.62625,-17.710001,4.41875,-45.368004,-1.448,-62.760002,concentric,4,5.0,30815.0,34455.0,88813.0,90838.0,27660.0,42791.0,38994.0,51491.0,19009.0,14712.0
2026-05-06 16:36:44.452683,935476,1609507667826017,5267738295,0.638304,0.4392,0.54656,-7.0525,-19.495,-2.54625,-45.216003,1.984,-65.4,concentric,4,5.0,30815.0,34455.0,88813.0,90838.0,27660.0,42791.0,38994.0,51491.0,19009.0,14712.0
2026-05-06 16:36:44.455323,935477,1609507667834901,5267746970,0.638304,0.4392,0.54656,-9.17875,-18.62875,-10.815,-45.216003,1.984,-65.4,concentric,4,5.0,30815.0,34455.0,88813.0,90838.0,27660.0,42791.0,38994.0,51491.0,19009.0,14712.0
2026-05-06 16:36:44.480224,935478,1609507667849429,5267762023,0.698816,0.203008,0.552416,-7.9275,-15.74125,-13.5275,-45.368004,1.736,-65.936005,concentric,4,5.0,30815.0,34455.0,88813.0,90838.0,27660.0,42791.0,38994.0,51491.0,19009.0,14712.0
2026-05-06 16:36:44.505487,935479,1609507667858411,5267770766,0.698816,0.203008,0.552416,-9.28375,-12.136251,-10.815,-45.368004,1.736,-65.936005,concentric,4,5.0,30815.0,34455.0,88813.0,90838.0,27660.0,42791.0,38994.0,51491.0,19009.0,14712.0
2026-05-06 16:36:44.574511,935490,1609507667873029,5267785783,0.669536,0.277184,0.505568,-12.4425,-6.78125,-2.37125,-45.184002,1.792,-65.16801,concentric,4,5.0,30608.0,34274.0,88783.0,91102.0,27464.0,42602.0,38962.0,51661.0,18880.0,14650.0
2026-05-06 16:36:44.577048,935491,1609507667881996,5267794548,0.669536,0.277184,0.505568,-12.775,-2.1175,4.4975,-45.184002,1.792,-65.16801,concentric,4,5.0,30608.0,34274.0,88783.0,91102.0,27464.0,42602.0,38962.0,51661.0,18880.0,14650.0
2026-05-06 16:36:44.579538,935492,1609507667890900,5267803255,0.640256,0.407968,0.528992,-9.135,1.365,5.25875,-45.456,2.312,-67.04,concentric,4,5.0,30608.0,34274.0,88783.0,91102.0,27464.0,42602.0,38962.0,51661.0,18880.0,14650.0
2026-05-06 16:36:44.582065,935493,1609507667905394,5267816165,0.671488,0.37088,0.46848,-7.3675,4.59375,0.735,-45.624,2.232,-65.22401,concentric,4,5.0,30608.0,34274.0,88783.0,91102.0,27464.0,42602.0,38962.0,51661.0,18880.0,14650.0
2026-05-06 16:36:44.584058,935494,1609507667914618,5267826915,0.671488,0.37088,0.46848,-6.83375,7.5075,-6.04625,-45.624,2.232,-65.22401,concentric,4,5.0,30608.0,34274.0,88783.0,91102.0,27464.0,42602.0,38962.0,51661.0,18880.0,14650.0
2026-05-06 16:36:44.586564,935495,1609507667929160,5267841938,0.681248,0.281088,0.523136,-0.28,9.35375,-9.6075,-45.936,0.496,-63.696003,concentric,4,5.0,30608.0,34274.0,88783.0,91102.0,27464.0,42602.0,38962.0,51661.0,18880.0,14650.0
2026-05-06 16:36:44.589017,935496,1609507667938224,5267850721,0.681248,0.281088,0.523136,3.8325,9.59,-11.38375,-45.936,0.496,-63.696003,concentric,4,5.0,30608.0,34274.0,88783.0,91102.0,27464.0,42602.0,38962.0,51661.0,18880.0,14650.0
2026-05-06 16:36:44.591504,935497,1609507667947144,5267859416,0.69296,0.27328,0.501664,-1.855,9.14375,-9.9925,-46.04,1.768,-64.76,concentric,4,5.0,30608.0,34274.0,88783.0,91102.0,27464.0,42602.0,38962.0,51661.0,18880.0,14650.0
2026-05-06 16:36:44.594448,935498,1609507667961646,5267874328,0.69296,0.27328,0.501664,-10.68375,8.21625,-9.485,-46.04,1.768,-64.76,concentric,4,5.0,30608.0,34274.0,88783.0,91102.0,27464.0,42602.0,38962.0,51661.0,18880.0,14650.0
2026-05-06 16:36:44.626845,935509,1609507667970737,5267883060,0.626592,0.359168,0.450912,-11.375,7.67375,-7.8575,-46.256,-1.248,-62.808002,concentric,4,5.0,30583.0,34284.0,88733.0,91217.0,27450.0,42590.0,38925.0,51685.0,18877.0,14631.0
2026-05-06 16:36:44.629391,935510,1609507667985346,5267896165,0.632448,0.423584,0.51728,2.51125,6.09,-4.1125,-46.664,-0.968,-63.888004,concentric,4,5.0,30583.0,34284.0,88733.0,91217.0,27450.0,42590.0,38925.0,51685.0,18877.0,14631.0
2026-05-06 16:36:44.631896,935511,1609507667994757,5267907006,0.632448,0.423584,0.51728,12.0225,3.4475,-7.90125,-46.664,-0.968,-63.888004,concentric,4,5.0,30583.0,34284.0,88733.0,91217.0,27450.0,42590.0,38925.0,51685.0,18877.0,14631.0
2026-05-06 16:36:44.633934,935512,1609507668003838,5267915764,0.616832,0.335744,0.505568,12.74875,1.7325,-11.1825,-46.664,-0.968,-62.712,concentric,4,5.0,30583.0,34284.0,88733.0,91217.0,27450.0,42590.0,38925.0,51685.0,18877.0,14631.0
2026-05-06 16:36:44.636654,935513,1609507668018376,5267930783,0.616832,0.335744,0.505568,9.1525,-0.16625,-13.16875,-46.52,-1.568,-62.712,concentric,4,5.0,30583.0,34284.0,88733.0,91217.0,27450.0,42590.0,38925.0,51685.0,18877.0,14631.0
2026-05-06 16:36:44.639484,935514,1609507668027317,5267939505,0.6344,0.372832,0.499712,3.36,-0.7525,-12.2325,-46.464,-0.008,-63.08,concentric,4,5.0,30583.0,34284.0,88733.0,91217.0,27450.0,42590.0,38925.0,51685.0,18877.0,14631.0
2026-05-06 16:36:44.652923,935515,1609507668041880,5267954480,0.6344,0.372832,0.499712,1.33,0.42,-8.53125,-46.464,-0.008,-63.08,concentric,4,5.0,30583.0,34284.0,88733.0,91217.0,27450.0,42590.0,38925.0,51685.0,18877.0,14631.0
2026-05-06 16:36:44.662065,935516,1609507668050807,5267963195,0.59536,0.443104,0.534848,1.89,1.56625,-7.30625,-46.728,0.848,-62.440002,concentric,4,5.0,30583.0,34284.0,88733.0,91217.0,27450.0,42590.0,38925.0,51685.0,18877.0,14631.0
2026-05-06 16:36:44.675807,935517,1609507668065323,5267976204,0.607072,0.484096,0.587552,4.75125,2.8525,-9.17,-46.696003,1.176,-62.280003,concentric,4,5.0,30583.0,34284.0,88733.0,91217.0,27450.0,42590.0,38925.0,51685.0,18877.0,14631.0
2026-05-06 16:36:44.703187,935528,1609507668074686,5267987068,0.607072,0.484096,0.587552,7.84,3.6925,-10.24625,-46.696003,1.176,-62.280003,concentric,4,5.0,30797.0,34346.0,88689.0,91097.0,27610.0,42688.0,38943.0,51593.0,18995.0,14686.0
2026-05-06 16:36:44.705522,935529,1609507668083667,5267995800,0.607072,0.484096,0.587552,6.92125,5.39,-12.705,-46.696003,1.176,-62.280003,concentric,4,5.0,30797.0,34346.0,88689.0,91097.0,27610.0,42688.0,38943.0,51593.0,18995.0,14686.0
2026-05-06 16:36:44.707972,935530,1609507668098222,5268010798,0.59536,0.488,0.583648,5.74,7.1925,-14.6475,-46.904003,-0.176,-62.272003,concentric,4,5.0,30797.0,34346.0,88689.0,91097.0,27610.0,42688.0,38943.0,51593.0,18995.0,14686.0
2026-05-06 16:36:44.716756,935531,1609507668107239,5268019522,0.636352,0.441152,0.525088,6.6325,9.135,-15.58375,-47.368004,0.032,-62.168003,concentric,4,5.0,30797.0,34346.0,88689.0,91097.0,27610.0,42688.0,38943.0,51593.0,18995.0,14686.0
2026-05-06 16:36:44.729427,935532,1609507668121734,5268032504,0.636352,0.441152,0.525088,5.25,10.77125,-18.1125,-47.368004,0.032,-62.168003,concentric,4,5.0,30797.0,34346.0,88689.0,91097.0,27610.0,42688.0,38943.0,51593.0,18995.0,14686.0
2026-05-06 16:36:44.749581,935533,1609507668131048,5268043274,0.601216,0.445056,0.571936,4.41,12.60875,-16.49375,-47.264004,1.192,-62.912003,concentric,4,5.0,30797.0,34346.0,88689.0,91097.0,27610.0,42688.0,38943.0,51593.0,18995.0,14686.0
2026-05-06 16:36:44.751529,935534,1609507668140143,5268052093,0.601216,0.445056,0.571936,6.2825,13.3175,-11.6725,-47.264004,1.192,-62.912003,concentric,4,5.0,30797.0,34346.0,88689.0,91097.0,27610.0,42688.0,38943.0,51593.0,18995.0,14686.0
2026-05-06 16:36:44.765797,935535,1609507668154750,5268067114,0.636352,0.509472,0.583648,6.72,13.18625,-9.12625,-47.584003,1.376,-63.040005,concentric,4,5.0,30797.0,34346.0,88689.0,91097.0,27610.0,42688.0,38943.0,51593.0,18995.0,14686.0
2026-05-06 16:36:44.774539,935536,1609507668163666,5268075825,0.636352,0.509472,0.583648,3.01,12.04875,-10.325,-47.584003,1.376,-63.040005,concentric,4,5.0,30797.0,34346.0,88689.0,91097.0,27610.0,42688.0,38943.0,51593.0,18995.0,14686.0
2026-05-06 16:36:44.806757,935547,1609507668178339,5268091029,0.640256,0.503616,0.542656,1.4525,11.97875,-10.3775,-47.616,-0.536,-62.048004,concentric,4,5.0,30762.0,34184.0,88464.0,92048.0,27583.0,42430.0,38742.0,52036.0,18963.0,14596.0
2026-05-06 16:36:44.809398,935548,1609507668187361,5268099765,0.679296,0.450912,0.554368,2.58125,10.92,-10.47375,-47.936,1.552,-62.480003,concentric,4,5.0,30762.0,34184.0,88464.0,92048.0,27583.0,42430.0,38742.0,52036.0,18963.0,14596.0
2026-05-06 16:36:44.811900,935549,1609507668196393,5268108553,0.679296,0.450912,0.554368,1.21625,8.0325,-10.92,-47.936,1.552,-62.480003,concentric,4,5.0,30762.0,34184.0,88464.0,92048.0,27583.0,42430.0,38742.0,52036.0,18963.0,14596.0
2026-05-06 16:36:44.820685,935550,1609507668211005,5268123477,0.669536,0.44896,0.569984,0.805,5.845,-8.1375,-48.320004,0.264,-61.256004,concentric,4,5.0,30762.0,34184.0,88464.0,92048.0,27583.0,42430.0,38742.0,52036.0,18963.0,14596.0
2026-05-06 16:36:44.845789,935551,1609507668220005,5268132205,0.669536,0.44896,0.569984,1.785,3.92875,-3.4125,-48.320004,0.264,-61.256004,concentric,4,5.0,30762.0,34184.0,88464.0,92048.0,27583.0,42430.0,38742.0,52036.0,18963.0,14596.0
2026-05-06 16:36:44.870505,935552,1609507668234492,5268147119,0.677344,0.501664,0.618784,2.59875,2.835,-0.8225,-48.168003,1.368,-62.312004,concentric,4,5.0,30762.0,34184.0,88464.0,92048.0,27583.0,42430.0,38742.0,52036.0,18963.0,14596.0
2026-05-06 16:36:44.888142,935553,1609507668243433,5268155841,0.677344,0.501664,0.618784,1.58375,2.10875,-0.9275,-48.168003,1.368,-62.312004,concentric,4,5.0,30762.0,34184.0,88464.0,92048.0,27583.0,42430.0,38742.0,52036.0,18963.0,14596.0
2026-05-06 16:36:44.888556,935554,1609507668257873,5268168716,0.677344,0.499712,0.581696,2.94875,0.9625,-1.79375,-47.712,1.392,-61.976,concentric,4,5.0,30762.0,34184.0,88464.0,92048.0,27583.0,42430.0,38742.0,52036.0,18963.0,14596.0
2026-05-06 16:36:44.914044,935565,1609507668267122,5268179534,0.685152,0.441152,0.593408,5.69625,0.245,-2.87875,-48.04,1.512,-62.072002,concentric,4,5.0,30981.0,34328.0,88710.0,96099.0,27711.0,42411.0,38801.0,54209.0,19065.0,14605.0
2026-05-06 16:36:44.916730,935566,1609507668276574,5268188275,0.685152,0.441152,0.593408,4.515,-0.58625,-2.98375,-48.04,1.512,-62.072002,concentric,4,5.0,30981.0,34328.0,88710.0,96099.0,27711.0,42411.0,38801.0,54209.0,19065.0,14605.0
2026-05-06 16:36:44.919106,935567,1609507668291223,5268203302,0.655872,0.482144,0.569984,0.525,-0.46375,-2.0125,-48.616,-1.624,-59.512,concentric,4,5.0,30981.0,34328.0,88710.0,96099.0,27711.0,42411.0,38801.0,54209.0,19065.0,14605.0
2026-05-06 16:36:44.921768,935568,1609507668300213,5268212037,0.655872,0.482144,0.569984,-1.1725,0.105,0.35,-48.616,-1.624,-59.512,concentric,4,5.0,30981.0,34328.0,88710.0,96099.0,27711.0,42411.0,38801.0,54209.0,19065.0,14605.0
2026-05-06 16:36:44.924556,935569,1609507668309208,5268220816,0.6832,0.493856,0.534848,-1.65375,0.51625,1.02375,-48.824,-1.928,-59.672005,concentric,4,5.0,30981.0,34328.0,88710.0,96099.0,27711.0,42411.0,38801.0,54209.0,19065.0,14605.0
2026-05-06 16:36:44.933142,935570,1609507668323798,5268235766,0.6832,0.493856,0.534848,1.11125,2.1,0.97125,-48.824,-1.928,-59.672005,concentric,4,5.0,30981.0,34328.0,88710.0,96099.0,27711.0,42411.0,38801.0,54209.0,19065.0,14605.0
2026-05-06 16:36:44.941725,935571,1609507668332714,5268244546,0.651968,0.447008,0.581696,1.47,1.8725,1.21625,-48.288002,1.84,-62.064003,concentric,4,5.0,30981.0,34328.0,88710.0,96099.0,27711.0,42411.0,38801.0,54209.0,19065.0,14605.0
2026-05-06 16:36:44.978098,935572,1609507668347177,5268259486,0.64416,0.523136,0.564128,1.04125,0.63,2.93125,-48.640003,2.312,-61.472004,concentric,4,5.0,30981.0,34328.0,88710.0,96099.0,27711.0,42411.0,38801.0,54209.0,19065.0,14605.0
2026-05-06 16:36:44.978228,935573,1609507668356174,5268268281,0.64416,0.523136,0.564128,1.39125,0.09625,4.515,-48.640003,2.312,-61.472004,concentric,4,5.0,30981.0,34328.0,88710.0,96099.0,27711.0,42411.0,38801.0,54209.0,19065.0,14605.0
2026-05-06 16:36:45.007927,935585,1609507668370848,5268283742,0.642208,0.46848,0.540704,-0.67375,-0.245,4.05125,-48.472004,2.176,-61.88,concentric,4,5.0,30688.0,33923.0,88277.0,102779.0,27474.0,41942.0,38539.0,58207.0,18908.0,14397.0
2026-05-06 16:36:45.010467,935586,1609507668379957,5268292559,0.642208,0.46848,0.540704,-2.96625,0.23625,2.52,-48.472004,2.176,-61.88,concentric,4,5.0,30688.0,33923.0,88277.0,102779.0,27474.0,41942.0,38539.0,58207.0,18908.0,14397.0
2026-05-06 16:36:45.012767,935587,1609507668388922,5268301318,0.651968,0.509472,0.54656,-1.0325,0.79625,3.0275,-48.896004,0.648,-60.408005,concentric,4,5.0,30688.0,33923.0,88277.0,102779.0,27474.0,41942.0,38539.0,58207.0,18908.0,14397.0
2026-05-06 16:36:45.015444,935588,1609507668403454,5268314207,0.651968,0.509472,0.54656,3.85,0.0175,3.7275,-48.896004,0.648,-60.408005,concentric,4,5.0,30688.0,33923.0,88277.0,102779.0,27474.0,41942.0,38539.0,58207.0,18908.0,14397.0
2026-05-06 16:36:45.021678,935589,1609507668412658,5268325109,0.657824,0.577792,0.597312,4.12125,-1.4175,1.8725,-48.704002,0.808,-60.760002,concentric,4,5.0,30688.0,33923.0,88277.0,102779.0,27474.0,41942.0,38539.0,58207.0,18908.0,14397.0
2026-05-06 16:36:45.036725,935590,1609507668427123,5268337973,0.675392,0.50752,0.609024,0.0175,-3.43875,-2.2575,-48.56,2.48,-61.680004,concentric,4,5.0,30688.0,33923.0,88277.0,102779.0,27474.0,41942.0,38539.0,58207.0,18908.0,14397.0
2026-05-06 16:36:45.046738,935591,1609507668436381,5268348766,0.675392,0.50752,0.609024,-5.915,-4.27875,-6.65,-48.56,2.48,-61.680004,concentric,4,5.0,30688.0,33923.0,88277.0,102779.0,27474.0,41942.0,38539.0,58207.0,18908.0,14397.0
2026-05-06 16:36:45.056411,935592,1609507668445497,5268357487,0.675392,0.50752,0.609024,-6.30875,-3.9375,-6.7375,-48.56,2.48,-61.680004,eccentric,4,5.0,30688.0,33923.0,88277.0,102779.0,27474.0,41942.0,38539.0,58207.0,18908.0,14397.0
2026-05-06 16:36:45.069004,935593,1609507668460027,5268372546,0.679296,0.550464,0.5856,-0.7,-2.7125,-6.44875,-48.744003,2.056,-62.120003,eccentric,4,5.0,30688.0,33923.0,88277.0,102779.0,27474.0,41942.0,38539.0,58207.0,18908.0,14397.0
2026-05-06 16:36:45.102889,935604,1609507668469403,5268381295,0.714432,0.525088,0.655872,4.08625,-2.38875,-7.14875,-48.848003,2.352,-61.584003,eccentric,4,5.0,30618.0,33836.0,87955.0,103878.0,27414.0,41876.0,38389.0,58955.0,18889.0,14348.0
2026-05-06 16:36:45.105476,935605,1609507668484078,5268396278,0.714432,0.525088,0.655872,3.33375,-1.70625,-9.23125,-48.848003,2.352,-61.584003,eccentric,4,5.0,30618.0,33836.0,87955.0,103878.0,27414.0,41876.0,38389.0,58955.0,18889.0,14348.0
2026-05-06 16:36:45.107971,935606,1609507668493012,5268405034,0.706624,0.542656,0.6344,-1.05875,-0.9625,-9.14375,-48.808002,-1.336,-59.288002,eccentric,4,5.0,30618.0,33836.0,87955.0,103878.0,27414.0,41876.0,38389.0,58955.0,18889.0,14348.0
2026-05-06 16:36:45.110548,935607,1609507668501967,5268413722,0.706624,0.542656,0.6344,-4.2875,-0.0875,-8.26875,-48.808002,-1.336,-59.288002,eccentric,4,5.0,30618.0,33836.0,87955.0,103878.0,27414.0,41876.0,38389.0,58955.0,18889.0,14348.0
2026-05-06 16:36:45.138003,935608,1609507668516451,5268428666,0.733952,0.548512,0.612928,-8.2075,2.17,-9.6425,-48.952003,0.16,-60.592003,eccentric,4,5.0,30618.0,33836.0,87955.0,103878.0,27414.0,41876.0,38389.0,58955.0,18889.0,14348.0
2026-05-06 16:36:45.140566,935609,1609507668525376,5268437376,0.733952,0.548512,0.612928,-6.41375,4.69,-9.59,-48.952003,0.16,-60.592003,eccentric,4,5.0,30618.0,33836.0,87955.0,103878.0,27414.0,41876.0,38389.0,58955.0,18889.0,14348.0
2026-05-06 16:36:45.150637,935610,1609507668539874,5268452276,0.76128,0.57584,0.667584,-2.695,6.50125,-10.64,-49.096,1.768,-61.376003,eccentric,4,5.0,30618.0,33836.0,87955.0,103878.0,27414.0,41876.0,38389.0,58955.0,18889.0,14348.0
2026-05-06 16:36:45.156756,935611,1609507668548830,5268461073,0.7808,0.52704,0.646112,-0.97125,6.9475,-11.62875,-49.112003,1.888,-61.808002,eccentric,4,5.0,30618.0,33836.0,87955.0,103878.0,27414.0,41876.0,38389.0,58955.0,18889.0,14348.0
2026-05-06 16:36:45.205524,935612,1609507668563314,5268475977,0.7808,0.52704,0.646112,-2.87875,5.41625,-13.02,-49.112003,1.888,-61.808002,eccentric,4,5.0,30618.0,33836.0,87955.0,103878.0,27414.0,41876.0,38389.0,58955.0,18889.0,14348.0
2026-05-06 16:36:45.293186,935623,1609507668572959,5268484929,0.794464,0.589504,0.646112,-6.965,3.115,-11.5325,-48.912003,1.088,-61.360004,eccentric,4,5.0,30548.0,33773.0,87994.0,104063.0,27345.0,41798.0,38376.0,59023.0,18813.0,14311.0
2026-05-06 16:36:45.295708,935624,1609507668581980,5268493686,0.794464,0.589504,0.646112,-9.7825,1.89875,-10.2375,-48.912003,1.088,-61.360004,eccentric,4,5.0,30548.0,33773.0,87994.0,104063.0,27345.0,41798.0,38376.0,59023.0,18813.0,14311.0
2026-05-06 16:36:45.298284,935625,1609507668596507,5268508688,0.806176,0.52704,0.626592,-11.655,0.90125,-10.8325,-49.000004,1.504,-61.496002,eccentric,4,5.0,30548.0,33773.0,87994.0,104063.0,27345.0,41798.0,38376.0,59023.0,18813.0,14311.0
2026-05-06 16:36:45.300376,935626,1609507668605474,5268517443,0.806176,0.52704,0.626592,-9.7825,0.25375,-11.9,-49.000004,1.504,-61.496002,eccentric,4,5.0,30548.0,33773.0,87994.0,104063.0,27345.0,41798.0,38376.0,59023.0,18813.0,14311.0
2026-05-06 16:36:45.303278,935627,1609507668619960,5268532360,0.804224,0.513376,0.667584,-2.6425,-1.085,-9.09125,-48.992,0.744,-61.520004,eccentric,4,5.0,30548.0,33773.0,87994.0,104063.0,27345.0,41798.0,38376.0,59023.0,18813.0,14311.0
2026-05-06 16:36:45.305803,935628,1609507668629127,5268541085,0.774944,0.581696,0.726144,4.92625,-3.52625,-7.2625,-49.248,1.088,-59.304005,eccentric,4,5.0,30548.0,33773.0,87994.0,104063.0,27345.0,41798.0,38376.0,59023.0,18813.0,14311.0
2026-05-06 16:36:45.308299,935629,1609507668638086,5268549778,0.774944,0.581696,0.726144,4.76,-5.0925,-5.845,-49.248,1.088,-59.304005,eccentric,4,5.0,30548.0,33773.0,87994.0,104063.0,27345.0,41798.0,38376.0,59023.0,18813.0,14311.0
2026-05-06 16:36:45.310790,935630,1609507668652588,5268564849,0.7808,0.552416,0.61488,-0.34125,-5.6525,-6.23875,-49.24,0.904,-61.600002,eccentric,4,5.0,30548.0,33773.0,87994.0,104063.0,27345.0,41798.0,38376.0,59023.0,18813.0,14311.0
2026-05-06 16:36:45.313299,935631,1609507668661533,5268573578,0.7808,0.552416,0.61488,-4.585,-5.83625,-7.53375,-49.24,0.904,-61.600002,eccentric,4,5.0,30548.0,33773.0,87994.0,104063.0,27345.0,41798.0,38376.0,59023.0,18813.0,14311.0
2026-05-06 16:36:45.350685,935642,1609507668676132,5268588719,0.784704,0.450912,0.646112,-5.7575,-5.74875,-9.40625,-49.112003,0.816,-62.072002,eccentric,4,5.0,30537.0,33726.0,87628.0,104174.0,27311.0,41681.0,38180.0,59112.0,18822.0,14271.0
2026-05-06 16:36:45.351065,935643,1609507668685184,5268597482,0.784704,0.450912,0.646112,-0.77,-6.23875,-6.09,-49.112003,0.816,-62.072002,eccentric,4,5.0,30537.0,33726.0,87628.0,104174.0,27311.0,41681.0,38180.0,59112.0,18822.0,14271.0
2026-05-06 16:36:45.351458,935644,1609507668699799,5268612500,0.747616,0.59536,0.696864,7.63,-7.0,-2.4325,-49.08,0.664,-61.872,eccentric,4,5.0,30537.0,33726.0,87628.0,104174.0,27311.0,41681.0,38180.0,59112.0,18822.0,14271.0
2026-05-06 16:36:45.353990,935645,1609507668708789,5268621293,0.747616,0.59536,0.665632,9.9225,-7.105,-2.35375,-49.08,0.664,-61.872,eccentric,4,5.0,30537.0,33726.0,87628.0,104174.0,27311.0,41681.0,38180.0,59112.0,18822.0,14271.0
2026-05-06 16:36:45.360269,935646,1609507668717797,5268630106,0.778848,0.59536,0.665632,5.78375,-7.53375,-6.55375,-48.728,-0.296,-61.904003,eccentric,4,5.0,30537.0,33726.0,87628.0,104174.0,27311.0,41681.0,38180.0,59112.0,18822.0,14271.0
2026-05-06 16:36:45.362340,935647,1609507668732522,5268645055,0.788608,0.441152,0.640256,-1.8725,-7.32375,-12.97625,-48.808002,-1.44,-61.256004,eccentric,4,5.0,30537.0,33726.0,87628.0,104174.0,27311.0,41681.0,38180.0,59112.0,18822.0,14271.0
2026-05-06 16:36:45.363868,935648,1609507668741472,5268653789,0.788608,0.441152,0.640256,-0.6475,-6.79,-11.99625,-48.808002,-1.44,-61.256004,eccentric,4,5.0,30537.0,33726.0,87628.0,104174.0,27311.0,41681.0,38180.0,59112.0,18822.0,14271.0
2026-05-06 16:36:45.366945,935649,1609507668755985,5268668661,0.730048,0.550464,0.628544,4.34875,-6.69375,-8.84625,-48.408,0.744,-62.296,eccentric,4,5.0,30537.0,33726.0,87628.0,104174.0,27311.0,41681.0,38180.0,59112.0,18822.0,14271.0
2026-05-06 16:36:45.375629,935650,1609507668764916,5268677370,0.730048,0.550464,0.628544,9.05625,-6.16,-3.2025,-48.408,0.744,-62.296,eccentric,4,5.0,30537.0,33726.0,87628.0,104174.0,27311.0,41681.0,38180.0,59112.0,18822.0,14271.0
2026-05-06 16:36:45.403301,935661,1609507668774394,5268686099,0.720288,0.62464,0.593408,10.255,-6.1425,-2.275,-48.368004,-0.448,-62.520004,eccentric,4,5.0,30607.0,33678.0,87333.0,104607.0,27377.0,41672.0,38014.0,59384.0,18875.0,14248.0
2026-05-06 16:36:45.405772,935662,1609507668788999,5268701053,0.720288,0.62464,0.593408,2.65125,-6.48375,-8.47,-48.368004,-0.448,-62.520004,eccentric,4,5.0,30607.0,33678.0,87333.0,104607.0,27377.0,41672.0,38014.0,59384.0,18875.0,14248.0
2026-05-06 16:36:45.408315,935663,1609507668797927,5268709858,0.72224,0.476288,0.593408,-5.6,-5.88,-10.42125,-48.672,-3.048,-61.096004,eccentric,4,5.0,30607.0,33678.0,87333.0,104607.0,27377.0,41672.0,38014.0,59384.0,18875.0,14248.0
2026-05-06 16:36:45.422064,935664,1609507668812481,5268724807,0.704672,0.564128,0.573888,-5.8625,-6.25625,-8.60125,-48.536003,-1.872,-62.768,eccentric,4,5.0,30607.0,33678.0,87333.0,104607.0,27377.0,41672.0,38014.0,59384.0,18875.0,14248.0
2026-05-06 16:36:45.430823,935665,1609507668821569,5268733535,0.704672,0.564128,0.573888,-1.09375,-6.5975,-5.59125,-48.536003,-1.872,-62.768,eccentric,4,5.0,30607.0,33678.0,87333.0,104607.0,27377.0,41672.0,38014.0,59384.0,18875.0,14248.0
2026-05-06 16:36:45.439536,935666,1609507668830603,5268742207,0.671488,0.532896,0.552416,0.07,-6.72875,-5.87125,-48.408,-2.336,-61.976,eccentric,4,5.0,30607.0,33678.0,87333.0,104607.0,27377.0,41672.0,38014.0,59384.0,18875.0,14248.0
2026-05-06 16:36:45.454031,935667,1609507668845111,5268757249,0.671488,0.532896,0.552416,-0.3675,-6.86875,-7.1575,-48.408,-2.336,-61.976,eccentric,4,5.0,30607.0,33678.0,87333.0,104607.0,27377.0,41672.0,38014.0,59384.0,18875.0,14248.0
2026-05-06 16:36:45.463127,935668,1609507668854023,5268765960,0.6832,0.505568,0.560224,-2.73875,-6.8775,-7.77,-48.072002,-0.152,-63.280003,eccentric,4,5.0,30607.0,33678.0,87333.0,104607.0,27377.0,41672.0,38014.0,59384.0,18875.0,14248.0
2026-05-06 16:36:45.497034,935669,1609507668868507,5268780884,0.6832,0.505568,0.560224,-3.78,-6.57125,-5.39875,-48.072002,-0.152,-63.280003,eccentric,4,5.0,30607.0,33678.0,87333.0,104607.0,27377.0,41672.0,38014.0,59384.0,18875.0,14248.0
2026-05-06 16:36:45.524544,935680,1609507668877509,5268789672,0.661728,0.52704,0.521184,-5.18,-5.90625,-2.51125,-47.960003,-1.104,-61.704002,eccentric,4,5.0,30595.0,33610.0,86949.0,103886.0,27354.0,41617.0,37851.0,59150.0,18839.0,14225.0
2026-05-06 16:36:45.527071,935681,1609507668892047,5268804601,0.65392,0.495808,0.55632,-8.19,-5.29375,-1.91625,-47.768,-0.424,-63.600002,eccentric,4,5.0,30595.0,33610.0,86949.0,103886.0,27354.0,41617.0,37851.0,59150.0,18839.0,14225.0
2026-05-06 16:36:45.529525,935682,1609507668901068,5268813383,0.65392,0.495808,0.55632,-10.70125,-3.92,-2.24875,-47.768,-0.424,-63.600002,eccentric,4,5.0,30595.0,33610.0,86949.0,103886.0,27354.0,41617.0,37851.0,59150.0,18839.0,14225.0
2026-05-06 16:36:45.532062,935683,1609507668910045,5268822128,0.65392,0.495808,0.472384,-9.84375,-3.4825,-0.5075,-47.768,-0.424,-63.600002,eccentric,4,5.0,30595.0,33610.0,86949.0,103886.0,27354.0,41617.0,37851.0,59150.0,18839.0,14225.0
2026-05-06 16:36:45.534185,935684,1609507668924565,5268837078,0.657824,0.470432,0.472384,-9.52875,-3.4125,0.4025,-47.528004,-2.832,-60.864002,eccentric,4,5.0,30595.0,33610.0,86949.0,103886.0,27354.0,41617.0,37851.0,59150.0,18839.0,14225.0
2026-05-06 16:36:45.545991,935685,1609507668933487,5268845841,0.661728,0.404064,0.542656,-10.71,-1.715,2.625,-47.672,-2.0,-62.728004,eccentric,4,5.0,30595.0,33610.0,86949.0,103886.0,27354.0,41617.0,37851.0,59150.0,18839.0,14225.0
2026-05-06 16:36:45.555791,935686,1609507668947941,5268858740,0.661728,0.404064,0.542656,-10.675,-0.95375,6.25625,-47.672,-2.0,-62.728004,eccentric,4,5.0,30595.0,33610.0,86949.0,103886.0,27354.0,41617.0,37851.0,59150.0,18839.0,14225.0
2026-05-06 16:36:45.583036,935687,1609507668957176,5268869533,0.638304,0.45872,0.472384,-12.25,-0.6125,9.485,-47.248,-0.4,-63.952003,eccentric,4,5.0,30595.0,33610.0,86949.0,103886.0,27354.0,41617.0,37851.0,59150.0,18839.0,14225.0
2026-05-06 16:36:45.608676,935688,1609507668966182,5268878269,0.638304,0.45872,0.472384,-11.94375,0.00875,11.7775,-47.248,-0.4,-63.952003,eccentric,4,5.0,30595.0,33610.0,86949.0,103886.0,27354.0,41617.0,37851.0,59150.0,18839.0,14225.0
2026-05-06 16:36:45.643399,935699,1609507668981218,5268893420,0.620736,0.450912,0.480192,-11.64625,-0.805,11.4975,-47.152,-0.304,-64.192,eccentric,4,5.0,30545.0,33625.0,86859.0,103007.0,27351.0,41692.0,37840.0,58726.0,18850.0,14238.0
2026-05-06 16:36:45.643959,935700,1609507668990342,5268902158,0.620736,0.450912,0.480192,-13.20375,-1.47,9.31875,-47.152,-0.304,-64.192,eccentric,4,5.0,30545.0,33625.0,86859.0,103007.0,27351.0,41692.0,37840.0,58726.0,18850.0,14238.0
2026-05-06 16:36:45.646309,935701,1609507669004835,5268917086,0.59536,0.365024,0.454816,-12.20625,-2.9925,9.292501,-46.872,-0.616,-62.632004,eccentric,4,5.0,30545.0,33625.0,86859.0,103007.0,27351.0,41692.0,37840.0,58726.0,18850.0,14238.0
2026-05-06 16:36:45.648829,935702,1609507669013732,5268925833,0.616832,0.363072,0.491904,-10.84125,-4.45375,11.4625,-46.672,0.424,-64.504005,eccentric,4,5.0,30545.0,33625.0,86859.0,103007.0,27351.0,41692.0,37840.0,58726.0,18850.0,14238.0
2026-05-06 16:36:45.651514,935703,1609507669022703,5268934568,0.616832,0.363072,0.491904,-10.14125,-5.76625,15.47875,-46.672,0.424,-64.504005,eccentric,4,5.0,30545.0,33625.0,86859.0,103007.0,27351.0,41692.0,37840.0,58726.0,18850.0,14238.0
2026-05-06 16:36:45.654037,935704,1609507669037267,5268949509,0.577792,0.378688,0.456768,-9.68625,-5.83625,17.29,-46.2,-1.24,-63.472004,eccentric,4,5.0,30545.0,33625.0,86859.0,103007.0,27351.0,41692.0,37840.0,58726.0,18850.0,14238.0
2026-05-06 16:36:45.656533,935705,1609507669046321,5268958266,0.577792,0.378688,0.456768,-9.205,-5.355,18.095,-46.2,-1.24,-63.472004,eccentric,4,5.0,30545.0,33625.0,86859.0,103007.0,27351.0,41692.0,37840.0,58726.0,18850.0,14238.0
2026-05-06 16:36:45.673272,935706,1609507669060853,5268973173,0.538752,0.421632,0.44896,-6.86875,-5.18875,17.50875,-46.280003,-0.952,-63.664,eccentric,4,5.0,30545.0,33625.0,86859.0,103007.0,27351.0,41692.0,37840.0,58726.0,18850.0,14238.0
2026-05-06 16:36:45.679558,935707,1609507669069804,5268981870,0.538752,0.421632,0.44896,-5.94125,-4.54125,14.9625,-46.280003,-0.952,-63.664,eccentric,4,5.0,30545.0,33625.0,86859.0,103007.0,27351.0,41692.0,37840.0,58726.0,18850.0,14238.0
2026-05-06 16:36:45.706584,935718,1609507669084480,5268996918,0.550464,0.392352,0.454816,-6.50125,-4.2,11.29625,-46.256,-0.8,-62.216003,eccentric,4,5.0,30631.0,33790.0,86763.0,101877.0,27438.0,41945.0,37838.0,58118.0,18898.0,14349.0
2026-05-06 16:36:45.711962,935719,1609507669093508,5269005684,0.573888,0.335744,0.488,-7.8225,-3.9025,8.21625,-46.120003,-1.04,-64.72,eccentric,4,5.0,30631.0,33790.0,86763.0,101877.0,27438.0,41945.0,37838.0,58118.0,18898.0,14349.0
2026-05-06 16:36:45.714549,935720,1609507669102492,5269014404,0.573888,0.335744,0.488,-8.98625,-2.84375,7.97125,-46.120003,-1.04,-64.72,eccentric,4,5.0,30631.0,33790.0,86763.0,101877.0,27438.0,41945.0,37838.0,58118.0,18898.0,14349.0
2026-05-06 16:36:45.727903,935721,1609507669117000,5269029358,0.548512,0.421632,0.486048,-8.70625,-1.28625,8.04125,-45.800003,1.28,-65.608,eccentric,4,5.0,30631.0,33790.0,86763.0,101877.0,27438.0,41945.0,37838.0,58118.0,18898.0,14349.0
2026-05-06 16:36:45.736986,935722,1609507669125931,5269038140,0.548512,0.421632,0.486048,-5.95,-0.0175,8.6975,-45.800003,1.28,-65.608,eccentric,4,5.0,30631.0,33790.0,86763.0,101877.0,27438.0,41945.0,37838.0,58118.0,18898.0,14349.0
2026-05-06 16:36:45.768910,935723,1609507669140553,5269053126,0.544608,0.404064,0.501664,-4.6025,0.1575,4.34875,-45.616,1.192,-65.152,eccentric,4,5.0,30631.0,33790.0,86763.0,101877.0,27438.0,41945.0,37838.0,58118.0,18898.0,14349.0
2026-05-06 16:36:45.771743,935724,1609507669149666,5269061834,0.544608,0.404064,0.501664,-6.34375,0.46375,-0.5775,-45.616,1.192,-65.152,eccentric,4,5.0,30631.0,33790.0,86763.0,101877.0,27438.0,41945.0,37838.0,58118.0,18898.0,14349.0
2026-05-06 16:36:45.774563,935725,1609507669158701,5269070538,0.554368,0.35136,0.431392,-6.76375,0.7525,-2.87875,-45.640003,1.048,-65.056,eccentric,4,5.0,30631.0,33790.0,86763.0,101877.0,27438.0,41945.0,37838.0,58118.0,18898.0,14349.0
2026-05-06 16:36:45.805823,935736,1609507669173538,5269085638,0.569984,0.3416,0.462624,-5.705,0.665,-2.80875,-45.392002,0.984,-66.448006,eccentric,4,5.0,30614.0,33905.0,86900.0,100943.0,27425.0,42075.0,37903.0,57577.0,18894.0,14405.0
2026-05-06 16:36:45.808309,935737,1609507669182597,5269094439,0.569984,0.3416,0.462624,-5.29375,1.00625,-1.58375,-45.392002,0.984,-66.448006,eccentric,4,5.0,30614.0,33905.0,86900.0,100943.0,27425.0,42075.0,37903.0,57577.0,18894.0,14405.0
2026-05-06 16:36:45.810791,935738,1609507669197096,5269109476,0.534848,0.388448,0.460672,-7.3325,1.68875,0.0875,-45.296,-1.088,-64.368004,eccentric,4,5.0,30614.0,33905.0,86900.0,100943.0,27425.0,42075.0,37903.0,57577.0,18894.0,14405.0
2026-05-06 16:36:45.819696,935739,1609507669206048,5269118250,0.534848,0.388448,0.460672,-8.015,1.63625,1.37375,-45.296,-1.088,-64.368004,eccentric,4,5.0,30614.0,33905.0,86900.0,100943.0,27425.0,42075.0,37903.0,57577.0,18894.0,14405.0
2026-05-06 16:36:45.845611,935740,1609507669220665,5269133183,0.587552,0.357216,0.445056,-8.84625,2.31,0.18375,-45.4,-0.064,-64.232,eccentric,4,5.0,30614.0,33905.0,86900.0,100943.0,27425.0,42075.0,37903.0,57577.0,18894.0,14405.0
2026-05-06 16:36:45.847999,935741,1609507669229771,5269141889,0.587552,0.357216,0.445056,-10.45625,3.3775,-1.37375,-45.4,-0.064,-64.232,eccentric,4,5.0,30614.0,33905.0,86900.0,100943.0,27425.0,42075.0,37903.0,57577.0,18894.0,14405.0
2026-05-06 16:36:45.850571,935742,1609507669238795,5269150609,0.57584,0.306464,0.427488,-9.58125,3.885,-0.35875,-45.024002,0.8,-65.608,eccentric,4,5.0,30614.0,33905.0,86900.0,100943.0,27425.0,42075.0,37903.0,57577.0,18894.0,14405.0
2026-05-06 16:36:45.864406,935743,1609507669253348,5269165695,0.583648,0.306464,0.45872,-5.85375,2.96625,1.9425,-45.048,1.12,-65.608,eccentric,4,5.0,30614.0,33905.0,86900.0,100943.0,27425.0,42075.0,37903.0,57577.0,18894.0,14405.0
2026-05-06 16:36:45.874401,935744,1609507669262288,5269174414,0.583648,0.306464,0.45872,-3.7625,1.5575,5.04,-45.048,1.12,-65.608,eccentric,4,5.0,30614.0,33905.0,86900.0,100943.0,27425.0,42075.0,37903.0,57577.0,18894.0,14405.0
2026-05-06 16:36:45.908320,935755,1609507669277564,5269189506,0.550464,0.359168,0.411872,-3.75375,0.53375,8.49625,-44.840004,-0.248,-64.688,eccentric,4,5.0,30645.0,33987.0,87046.0,100460.0,27437.0,42162.0,37990.0,57305.0,18888.0,14427.0
2026-05-06 16:36:45.912617,935756,1609507669286762,5269198250,0.550464,0.359168,0.411872,-5.075,-0.11375,10.57875,-44.840004,-0.248,-64.688,eccentric,4,5.0,30645.0,33987.0,87046.0,100460.0,27437.0,42162.0,37990.0,57305.0,18888.0,14427.0
2026-05-06 16:36:45.912756,935757,1609507669295746,5269207020,0.560224,0.347456,0.452864,-7.1925,-1.05,9.6425,-45.056004,1.568,-65.68,eccentric,4,5.0,30645.0,33987.0,87046.0,100460.0,27437.0,42162.0,37990.0,57305.0,18888.0,14427.0
2026-05-06 16:36:45.920398,935758,1609507669310261,5269222119,0.560224,0.347456,0.452864,-10.255,-1.04125,8.015,-45.056004,1.568,-65.68,eccentric,4,5.0,30645.0,33987.0,87046.0,100460.0,27437.0,42162.0,37990.0,57305.0,18888.0,14427.0
2026-05-06 16:36:45.951532,935759,1609507669319206,5269230911,0.589504,0.267424,0.474336,-11.1125,-0.83125,7.84875,-44.544003,1.536,-65.44,eccentric,4,5.0,30645.0,33987.0,87046.0,100460.0,27437.0,42162.0,37990.0,57305.0,18888.0,14427.0
2026-05-06 16:36:45.980829,935760,1609507669333665,5269245852,0.5368,0.324032,0.423584,-7.56,-0.90125,9.09125,-44.544003,1.96,-66.984,eccentric,4,5.0,30645.0,33987.0,87046.0,100460.0,27437.0,42162.0,37990.0,57305.0,18888.0,14427.0
2026-05-06 16:36:46.007091,935761,1609507669342580,5269254572,0.5368,0.324032,0.423584,-2.98375,-0.595,12.005,-44.416,1.96,-66.984,eccentric,4,5.0,30645.0,33987.0,87046.0,100460.0,27437.0,42162.0,37990.0,57305.0,18888.0,14427.0
2026-05-06 16:36:46.013576,935762,1609507669351549,5269263302,0.5368,0.324032,0.423584,-0.2975,-0.83125,13.39625,-44.416,1.96,-66.984,eccentric,4,5.0,30645.0,33987.0,87046.0,100460.0,27437.0,42162.0,37990.0,57305.0,18888.0,14427.0
2026-05-06 16:36:46.015237,935763,1609507669366068,5269278242,0.532896,0.378688,0.413824,-2.05625,-0.67375,12.6175,-44.328003,1.808,-65.80801,eccentric,4,5.0,30645.0,33987.0,87046.0,100460.0,27437.0,42162.0,37990.0,57305.0,18888.0,14427.0
2026-05-06 16:36:46.043253,935774,1609507669375446,5269287443,0.55632,0.337696,0.411872,-6.265,-0.00875,10.7625,-44.152,2.064,-65.776,eccentric,4,5.0,30510.0,33813.0,87217.0,98157.0,27331.0,42034.0,38081.0,56050.0,18784.0,14356.0
2026-05-06 16:36:46.045762,935775,1609507669390092,5269302448,0.55632,0.337696,0.411872,-8.295,0.18375,8.89875,-44.152,2.064,-65.776,eccentric,4,5.0,30510.0,33813.0,87217.0,98157.0,27331.0,42034.0,38081.0,56050.0,18784.0,14356.0
2026-05-06 16:36:46.047950,935776,1609507669399021,5269311146,0.583648,0.306464,0.450912,-7.21875,-0.14,8.68875,-44.000004,2.192,-65.704,eccentric,4,5.0,30510.0,33813.0,87217.0,98157.0,27331.0,42034.0,38081.0,56050.0,18784.0,14356.0
2026-05-06 16:36:46.050505,935777,1609507669407942,5269319873,0.583648,0.306464,0.450912,-4.165,-1.19875,9.485,-44.000004,2.192,-65.704,eccentric,4,5.0,30510.0,33813.0,87217.0,98157.0,27331.0,42034.0,38081.0,56050.0,18784.0,14356.0
2026-05-06 16:36:46.053291,935778,1609507669422967,5269334978,0.560224,0.353312,0.466528,-0.48125,-2.87875,11.2175,-44.128002,0.424,-64.712006,eccentric,4,5.0,30510.0,33813.0,87217.0,98157.0,27331.0,42034.0,38081.0,56050.0,18784.0,14356.0
2026-05-06 16:36:46.055806,935779,1609507669431948,5269343749,0.560224,0.353312,0.466528,-1.05,-3.61375,11.01625,-44.128002,0.424,-64.712006,eccentric,4,5.0,30510.0,33813.0,87217.0,98157.0,27331.0,42034.0,38081.0,56050.0,18784.0,14356.0
2026-05-06 16:36:46.058025,935780,1609507669446452,5269358666,0.562176,0.411872,0.489952,-5.11875,-3.26375,10.6575,-43.984,1.168,-64.584,eccentric,4,5.0,30510.0,33813.0,87217.0,98157.0,27331.0,42034.0,38081.0,56050.0,18784.0,14356.0
2026-05-06 16:36:46.064540,935781,1609507669455430,5269367449,0.5856,0.366976,0.472384,-8.74125,-2.94875,7.65625,-43.872,0.416,-63.576004,eccentric,4,5.0,30510.0,33813.0,87217.0,98157.0,27331.0,42034.0,38081.0,56050.0,18784.0,14356.0
2026-05-06 16:36:46.073263,935782,1609507669464357,5269376152,0.5856,0.366976,0.472384,-10.29875,-3.045,3.94625,-43.872,0.416,-63.576004,eccentric,4,5.0,30510.0,33813.0,87217.0,98157.0,27331.0,42034.0,38081.0,56050.0,18784.0,14356.0
2026-05-06 16:36:46.110590,935793,1609507669479207,5269391177,0.573888,0.339648,0.480192,-10.42125,-3.2025,2.31875,-44.016003,0.864,-65.12,eccentric,4,5.0,30685.0,34098.0,87585.0,96897.0,27490.0,42345.0,38293.0,55239.0,18887.0,14496.0
2026-05-06 16:36:46.112047,935794,1609507669488207,5269399978,0.573888,0.339648,0.480192,-7.0525,-3.80625,3.675,-44.016003,0.864,-65.12,eccentric,4,5.0,30685.0,34098.0,87585.0,96897.0,27490.0,42345.0,38293.0,55239.0,18887.0,14496.0
2026-05-06 16:36:46.113909,935795,1609507669502854,5269414981,0.59536,0.392352,0.491904,-4.4975,-3.6225,3.14125,-43.992,2.68,-66.008,eccentric,4,5.0,30685.0,34098.0,87585.0,96897.0,27490.0,42345.0,38293.0,55239.0,18887.0,14496.0
2026-05-06 16:36:46.120648,935796,1609507669511999,5269423718,0.59536,0.392352,0.491904,-4.94375,-2.59,2.905,-43.992,2.68,-66.008,eccentric,4,5.0,30685.0,34098.0,87585.0,96897.0,27490.0,42345.0,38293.0,55239.0,18887.0,14496.0
2026-05-06 16:36:46.129378,935797,1609507669520948,5269432450,0.610976,0.38064,0.503616,-8.61,-0.735,-0.14875,-43.856003,2.624,-66.288,eccentric,4,5.0,30685.0,34098.0,87585.0,96897.0,27490.0,42345.0,38293.0,55239.0,18887.0,14496.0
2026-05-06 16:36:46.145756,935798,1609507669535416,5269447397,0.65392,0.318176,0.601216,-11.64625,1.2425,-2.47625,-43.88,3.0,-65.472,eccentric,4,5.0,30685.0,34098.0,87585.0,96897.0,27490.0,42345.0,38293.0,55239.0,18887.0,14496.0
2026-05-06 16:36:46.154555,935799,1609507669544326,5269456132,0.65392,0.318176,0.601216,-11.10375,2.02125,-3.61375,-43.88,3.0,-65.472,eccentric,4,5.0,30685.0,34098.0,87585.0,96897.0,27490.0,42345.0,38293.0,55239.0,18887.0,14496.0
2026-05-06 16:36:46.175450,935800,1609507669558751,5269471054,0.630496,0.335744,0.515328,-9.59,2.10875,-3.2725,-44.272003,0.976,-64.952,eccentric,4,5.0,30685.0,34098.0,87585.0,96897.0,27490.0,42345.0,38293.0,55239.0,18887.0,14496.0
2026-05-06 16:36:46.178292,935801,1609507669567679,5269479741,0.630496,0.335744,0.515328,-7.9625,2.275,-1.2425,-44.272003,0.976,-64.952,eccentric,4,5.0,30685.0,34098.0,87585.0,96897.0,27490.0,42345.0,38293.0,55239.0,18887.0,14496.0
2026-05-06 16:36:46.212831,935812,1609507669582501,5269494930,0.642208,0.374784,0.530944,-8.3475,2.70375,-1.5925,-44.064003,2.04,-67.096,eccentric,4,5.0,30618.0,34156.0,87710.0,97193.0,27467.0,42427.0,38370.0,55344.0,18877.0,14537.0
2026-05-06 16:36:46.215637,935813,1609507669591614,5269503700,0.642208,0.374784,0.530944,-10.15875,3.49125,-2.38875,-44.064003,2.04,-67.096,eccentric,4,5.0,30618.0,34156.0,87710.0,97193.0,27467.0,42427.0,38370.0,55344.0,18877.0,14537.0
2026-05-06 16:36:46.217711,935814,1609507669600614,5269512475,0.657824,0.32208,0.511424,-11.025,3.36,-3.68375,-44.24,0.952,-66.43201,eccentric,4,5.0,30618.0,34156.0,87710.0,97193.0,27467.0,42427.0,38370.0,55344.0,18877.0,14537.0
2026-05-06 16:36:46.224034,935815,1609507669615186,5269527411,0.657824,0.32208,0.521184,-9.59,2.98375,-4.165,-44.24,0.952,-66.43201,eccentric,4,5.0,30618.0,34156.0,87710.0,97193.0,27467.0,42427.0,38370.0,55344.0,18877.0,14537.0
2026-05-06 16:36:46.233198,935816,1609507669624153,5269536140,0.675392,0.294752,0.521184,-6.74625,2.135,-3.15875,-44.128002,2.696,-66.744,eccentric,4,5.0,30618.0,34156.0,87710.0,97193.0,27467.0,42427.0,38370.0,55344.0,18877.0,14537.0
2026-05-06 16:36:46.267104,935817,1609507669638640,5269551070,0.66368,0.333792,0.5368,-4.1825,0.93625,-1.575,-44.104004,1.248,-64.872,eccentric,4,5.0,30618.0,34156.0,87710.0,97193.0,27467.0,42427.0,38370.0,55344.0,18877.0,14537.0
2026-05-06 16:36:46.268959,935818,1609507669647552,5269559786,0.66368,0.333792,0.5368,-3.59625,0.665,-0.315,-44.104004,1.248,-64.872,eccentric,4,5.0,30618.0,34156.0,87710.0,97193.0,27467.0,42427.0,38370.0,55344.0,18877.0,14537.0
2026-05-06 16:36:46.272060,935819,1609507669662191,5269574694,0.648064,0.355264,0.544608,-5.17125,0.1925,-0.07,-43.944,2.912,-66.28001,eccentric,4,5.0,30618.0,34156.0,87710.0,97193.0,27467.0,42427.0,38370.0,55344.0,18877.0,14537.0
2026-05-06 16:36:46.280784,935820,1609507669671243,5269583400,0.648064,0.355264,0.544608,-5.92375,0.44625,-1.18125,-43.944,2.912,-66.28001,eccentric,4,5.0,30618.0,34156.0,87710.0,97193.0,27467.0,42427.0,38370.0,55344.0,18877.0,14537.0
2026-05-06 16:36:46.369525,935831,1609507669680546,5269592424,0.667584,0.31232,0.532896,-4.55,0.37625,-2.0825,-43.968002,2.768,-66.01601,eccentric,4,5.0,30552.0,34083.0,87744.0,97195.0,27352.0,42282.0,38371.0,55316.0,18812.0,14488.0
2026-05-06 16:36:46.371925,935832,1609507669695093,5269607397,0.667584,0.31232,0.532896,-3.14125,-0.21,-2.975,-43.968002,2.768,-66.01601,eccentric,4,5.0,30552.0,34083.0,87744.0,97195.0,27352.0,42282.0,38371.0,55316.0,18812.0,14488.0
2026-05-06 16:36:46.374163,935833,1609507669703994,5269616101,0.671488,0.30256,0.5368,-1.1725,-0.95375,-1.77625,-44.160004,3.008,-65.992004,eccentric,4,5.0,30552.0,34083.0,87744.0,97195.0,27352.0,42282.0,38371.0,55316.0,18812.0,14488.0
2026-05-06 16:36:46.376530,935834,1609507669718629,5269631027,0.657824,0.37088,0.571936,1.925,-1.14625,0.0525,-44.056004,1.632,-64.856,eccentric,4,5.0,30552.0,34083.0,87744.0,97195.0,27352.0,42282.0,38371.0,55316.0,18812.0,14488.0
2026-05-06 16:36:46.378997,935835,1609507669727524,5269639708,0.657824,0.37088,0.571936,2.8525,-1.47,0.4025,-44.056004,1.632,-64.856,eccentric,4,5.0,30552.0,34083.0,87744.0,97195.0,27352.0,42282.0,38371.0,55316.0,18812.0,14488.0
2026-05-06 16:36:46.381480,935836,1609507669736486,5269648462,0.657824,0.320128,0.54656,0.49875,0.0525,-1.155,-44.056004,1.632,-63.992004,eccentric,4,5.0,30552.0,34083.0,87744.0,97195.0,27352.0,42282.0,38371.0,55316.0,18812.0,14488.0
2026-05-06 16:36:46.383957,935837,1609507669750964,5269663380,0.659776,0.320128,0.54656,-1.95125,1.0675,-3.5,-43.984,2.664,-63.992004,eccentric,4,5.0,30552.0,34083.0,87744.0,97195.0,27352.0,42282.0,38371.0,55316.0,18812.0,14488.0
2026-05-06 16:36:46.386739,935838,1609507669759902,5269672096,0.65392,0.314272,0.530944,-2.3625,1.6975,-3.80625,-44.08,3.088,-65.744,eccentric,4,5.0,30552.0,34083.0,87744.0,97195.0,27352.0,42282.0,38371.0,55316.0,18812.0,14488.0
2026-05-06 16:36:46.389226,935839,1609507669774625,5269687035,0.65392,0.314272,0.530944,-0.28,1.8725,-3.05375,-44.08,3.088,-65.744,eccentric,4,5.0,30552.0,34083.0,87744.0,97195.0,27352.0,42282.0,38371.0,55316.0,18812.0,14488.0
2026-05-06 16:36:46.422864,935850,1609507669783723,5269695865,0.657824,0.339648,0.525088,1.0675,1.67125,-1.68875,-44.176003,2.984,-64.75201,eccentric,4,5.0,30537.0,34059.0,87544.0,97273.0,27366.0,42259.0,38245.0,55301.0,18804.0,14475.0
2026-05-06 16:36:46.425510,935851,1609507669792830,5269704725,0.657824,0.339648,0.525088,1.155,1.51375,-2.42375,-44.176003,2.984,-64.75201,eccentric,4,5.0,30537.0,34059.0,87544.0,97273.0,27366.0,42259.0,38245.0,55301.0,18804.0,14475.0
2026-05-06 16:36:46.427914,935852,1609507669807333,5269719704,0.61488,0.31232,0.511424,-1.32125,1.68875,-2.82625,-43.768,3.512,-65.976006,eccentric,4,5.0,30537.0,34059.0,87544.0,97273.0,27366.0,42259.0,38245.0,55301.0,18804.0,14475.0
2026-05-06 16:36:46.430569,935853,1609507669816261,5269728439,0.61488,0.31232,0.511424,-2.7125,1.4875,-1.68875,-43.768,3.512,-65.976006,eccentric,4,5.0,30537.0,34059.0,87544.0,97273.0,27366.0,42259.0,38245.0,55301.0,18804.0,14475.0
2026-05-06 16:36:46.439176,935854,1609507669830826,5269743288,0.636352,0.349408,0.462624,-1.365,1.2425,-1.015,-44.528004,-0.304,-62.888004,eccentric,4,5.0,30537.0,34059.0,87544.0,97273.0,27366.0,42259.0,38245.0,55301.0,18804.0,14475.0
2026-05-06 16:36:46.447993,935855,1609507669839751,5269752013,0.691008,0.308416,0.560224,-0.49875,0.8575,-1.26875,-43.832,2.792,-66.32,eccentric,4,5.0,30537.0,34059.0,87544.0,97273.0,27366.0,42259.0,38245.0,55301.0,18804.0,14475.0
2026-05-06 16:36:46.487312,935856,1609507669854269,5269766930,0.691008,0.308416,0.560224,0.7,0.44625,-1.11125,-43.832,2.792,-66.32,eccentric,4,5.0,30537.0,34059.0,87544.0,97273.0,27366.0,42259.0,38245.0,55301.0,18804.0,14475.0
2026-05-06 16:36:46.487993,935857,1609507669863197,5269775628,0.65392,0.318176,0.56608,2.05625,0.76125,-0.14875,-43.928,3.248,-66.200005,eccentric,4,5.0,30537.0,34059.0,87544.0,97273.0,27366.0,42259.0,38245.0,55301.0,18804.0,14475.0
2026-05-06 16:36:46.490241,935858,1609507669872339,5269784550,0.65392,0.318176,0.56608,2.16125,1.2075,1.33875,-43.928,3.248,-66.200005,eccentric,4,5.0,30537.0,34059.0,87544.0,97273.0,27366.0,42259.0,38245.0,55301.0,18804.0,14475.0
2026-05-06 16:36:46.520339,935869,1609507669887045,5269799715,0.640256,0.415776,0.528992,2.1875,1.77625,2.24,-43.920002,3.52,-65.69601,eccentric,4,5.0,30581.0,34061.0,87368.0,97300.0,27356.0,42246.0,38143.0,55308.0,18844.0,14483.0
2026-05-06 16:36:46.522824,935870,1609507669896083,5269808465,0.640256,0.415776,0.528992,0.6125,2.38875,-1.1025,-43.920002,3.52,-65.69601,eccentric,4,5.0,30581.0,34061.0,87368.0,97300.0,27356.0,42246.0,38143.0,55308.0,18844.0,14483.0
2026-05-06 16:36:46.525469,935871,1609507669910721,5269823471,0.650016,0.300608,0.491904,-3.08875,2.61625,-4.9525,-43.928,1.312,-65.384,eccentric,4,5.0,30581.0,34061.0,87368.0,97300.0,27356.0,42246.0,38143.0,55308.0,18844.0,14483.0
2026-05-06 16:36:46.527879,935872,1609507669919766,5269832185,0.66368,0.325984,0.525088,-4.27875,2.2925,-4.62,-43.752003,1.336,-65.848,eccentric,4,5.0,30581.0,34061.0,87368.0,97300.0,27356.0,42246.0,38143.0,55308.0,18844.0,14483.0
