pc_time,serial_num,sensor_ts,host_ts,ax,ay,az,gx,gy,gz,mx,my,mz,phase,rpe,weight_kg,ppg_a,ppg_b,ppg_c,ppg_d,ppg_e
2026-04-14 18:08:07.377279,762969,1609507581012159,5180981868,0.124928,-0.813984,-0.56608,12.39,1.68875,2.205,23.088001,22.128,-18.128,inter_set_rest,6,3.0,44726.0,209276.0,97392.0,203349.0,107536.0
2026-04-14 18:08:07.384685,762970,1609507581021107,5180990587,0.124928,-0.813984,-0.56608,10.99875,2.28375,1.33875,23.088001,22.128,-18.128,inter_set_rest,6,3.0,44726.0,209276.0,97392.0,203349.0,107536.0
2026-04-14 18:08:07.399773,762971,1609507581035611,5181005644,0.177632,-0.794464,-0.515328,9.9575,1.84625,1.46125,23.992,21.848001,-18.36,inter_set_rest,6,3.0,44726.0,209276.0,97392.0,203349.0,107536.0
2026-04-14 18:08:07.456124,762982,1609507581045063,5181014721,0.177632,-0.794464,-0.515328,9.84375,1.1375,1.98625,23.992,21.848001,-18.36,inter_set_rest,6,3.0,45674.0,212146.0,98947.0,205669.0,109150.0
2026-04-14 18:08:07.481102,762983,1609507581059885,5181029617,0.122976,-0.804224,-0.698816,6.81625,0.2275,1.09375,23.008001,22.032001,-17.784,inter_set_rest,6,3.0,45674.0,212146.0,98947.0,205669.0,109150.0
2026-04-14 18:08:07.487140,762984,1609507581068910,5181038319,0.122976,-0.804224,-0.698816,1.225,-1.3125,1.1025,23.008001,22.032001,-17.784,inter_set_rest,6,3.0,45674.0,212146.0,98947.0,205669.0,109150.0
2026-04-14 18:08:07.489738,762985,1609507581077930,5181047032,0.03904,-0.808128,-0.691008,-1.9425,-1.9425,0.3325,23.616001,21.408,-17.592001,inter_set_rest,6,3.0,45674.0,212146.0,98947.0,205669.0,109150.0
2026-04-14 18:08:07.492085,762986,1609507581092425,5181061920,0.152256,-0.788608,-0.534848,-0.93625,-2.63375,1.12,24.04,21.776001,-18.624,inter_set_rest,6,3.0,45674.0,212146.0,98947.0,205669.0,109150.0
2026-04-14 18:08:07.496103,762987,1609507581101369,5181070665,0.152256,-0.788608,-0.534848,1.51375,-3.9725,2.14375,24.04,21.776001,-18.624,inter_set_rest,6,3.0,45674.0,212146.0,98947.0,205669.0,109150.0
2026-04-14 18:08:07.500792,762988,1609507581115846,5181085601,0.042944,-0.765184,-0.661728,2.24875,-3.92875,2.73875,24.136002,21.52,-17.912,inter_set_rest,6,3.0,45674.0,212146.0,98947.0,205669.0,109150.0
2026-04-14 18:08:07.503385,762989,1609507581124780,5181094292,0.042944,-0.765184,-0.661728,0.77,-3.63125,2.9575,24.136002,21.52,-17.912,inter_set_rest,6,3.0,45674.0,212146.0,98947.0,205669.0,109150.0
2026-04-14 18:08:07.505819,762990,1609507581133722,5181102986,0.046848,-0.77104,-0.599264,-0.105,-3.24625,3.77125,24.072,21.424002,-18.088001,inter_set_rest,6,3.0,45674.0,212146.0,98947.0,205669.0,109150.0
2026-04-14 18:08:07.534120,763001,1609507581148486,5181117942,0.046848,-0.77104,-0.599264,0.46375,-3.29875,4.94375,24.072,21.424002,-18.088001,inter_set_rest,6,3.0,45454.0,210487.0,98640.0,204329.0,108857.0
2026-04-14 18:08:07.536163,763002,1609507581157459,5181126680,0.064416,-0.788608,-0.665632,1.02375,-2.5375,5.94125,24.6,21.960001,-17.936,inter_set_rest,6,3.0,45454.0,210487.0,98640.0,204329.0,108857.0
2026-04-14 18:08:07.538107,763003,1609507581172012,5181141592,0.13664,-0.753472,-0.447008,1.61875,-2.45875,6.39625,24.6,21.352001,-17.968,inter_set_rest,6,3.0,45454.0,210487.0,98640.0,204329.0,108857.0
2026-04-14 18:08:07.546050,763004,1609507581180968,5181150411,0.13664,-0.753472,-0.447008,0.21,-2.065,7.32375,24.216002,21.352001,-17.968,inter_set_rest,6,3.0,45454.0,210487.0,98640.0,204329.0,108857.0
2026-04-14 18:08:07.563877,763005,1609507581195488,5181165326,0.177632,-0.821792,-0.562176,-2.16125,-0.8575,7.51625,24.52,21.216002,-18.2,inter_set_rest,6,3.0,45454.0,210487.0,98640.0,204329.0,108857.0
2026-04-14 18:08:07.572330,763006,1609507581204426,5181174017,0.177632,-0.821792,-0.562176,-2.8875,-0.49,6.34375,24.52,21.216002,-18.2,inter_set_rest,6,3.0,45454.0,210487.0,98640.0,204329.0,108857.0
2026-04-14 18:08:07.581017,763007,1609507581213396,5181182737,0.13664,-0.804224,-0.4392,-4.38375,-0.315,7.1925,23.488,21.552002,-18.264,inter_set_rest,6,3.0,45454.0,210487.0,98640.0,204329.0,108857.0
2026-04-14 18:08:07.592679,763008,1609507581227927,5181197708,0.13664,-0.804224,-0.4392,-3.87625,0.0875,7.7875,23.488,21.552002,-18.264,inter_set_rest,6,3.0,45454.0,210487.0,98640.0,204329.0,108857.0
2026-04-14 18:08:07.603354,763009,1609507581236852,5181206387,0.064416,-0.80032,-0.620736,-2.555,0.5775,9.09125,24.176,21.104,-17.992,inter_set_rest,6,3.0,45454.0,210487.0,98640.0,204329.0,108857.0
2026-04-14 18:08:07.633500,763020,1609507581251586,5181221322,0.064416,-0.80032,-0.620736,-0.77875,0.39375,10.40375,24.176,21.104,-17.992,inter_set_rest,6,3.0,45978.0,213105.0,99499.0,206534.0,109745.0
2026-04-14 18:08:07.635866,763021,1609507581260706,5181230158,0.15616,-0.851072,-0.579744,0.8575,0.14,11.64625,23.960001,21.400002,-18.152,inter_set_rest,6,3.0,45978.0,213105.0,99499.0,206534.0,109745.0
2026-04-14 18:08:07.638729,763022,1609507581269638,5181238948,0.15616,-0.851072,-0.579744,2.91375,-0.28,12.3375,23.960001,21.400002,-18.152,inter_set_rest,6,3.0,45978.0,213105.0,99499.0,206534.0,109745.0
2026-04-14 18:08:07.648678,763023,1609507581284222,5181253851,0.138592,-0.812032,-0.480192,5.0925,-0.72625,13.545,24.840002,21.056002,-18.44,inter_set_rest,6,3.0,45978.0,213105.0,99499.0,206534.0,109745.0
2026-04-14 18:08:07.657291,763024,1609507581293178,5181262564,0.07808,-0.80032,-0.646112,8.00625,-1.19,14.945,24.800001,21.096,-17.872002,inter_set_rest,6,3.0,45978.0,213105.0,99499.0,206534.0,109745.0
2026-04-14 18:08:07.673440,763025,1609507581307678,5181277538,0.07808,-0.80032,-0.646112,9.065,-0.91,14.315001,24.800001,21.096,-17.872002,inter_set_rest,6,3.0,45978.0,213105.0,99499.0,206534.0,109745.0
2026-04-14 18:08:07.681112,763026,1609507581316602,5181286230,0.16592,-0.884256,-0.669536,8.5925,-2.00375,13.43125,24.936,20.848001,-18.296001,inter_set_rest,6,3.0,45978.0,213105.0,99499.0,206534.0,109745.0
2026-04-14 18:08:07.696045,763027,1609507581331113,5181301122,0.16592,-0.884256,-0.669536,4.9525,-3.465,12.36375,24.936,20.848001,-18.296001,inter_set_rest,6,3.0,45978.0,213105.0,99499.0,206534.0,109745.0
2026-04-14 18:08:07.705343,763028,1609507581340193,5181309864,0.163968,-0.91744,-0.720288,1.58375,-4.62,10.78875,25.192001,20.656,-17.864,inter_set_rest,6,3.0,45978.0,213105.0,99499.0,206534.0,109745.0
2026-04-14 18:08:07.733481,763039,1609507581349465,5181318650,0.163968,-0.91744,-0.720288,3.70125,-4.62,10.96375,25.192001,20.656,-17.864,inter_set_rest,6,3.0,45878.0,213245.0,99286.0,206635.0,109559.0
2026-04-14 18:08:07.735882,763040,1609507581363953,5181333587,0.208864,-0.923296,-0.62464,4.99625,-5.15375,9.135,25.256,20.696001,-17.76,inter_set_rest,6,3.0,45878.0,213245.0,99286.0,206635.0,109559.0
2026-04-14 18:08:07.738488,763041,1609507581372991,5181342335,0.208864,-0.944768,-0.755424,0.84,-7.23625,6.71125,25.256,20.696001,-17.76,inter_set_rest,6,3.0,45878.0,213245.0,99286.0,206635.0,109559.0
2026-04-14 18:08:07.750959,763042,1609507581387538,5181357281,0.124928,-0.944768,-0.755424,-3.745,-7.84,4.01625,25.104002,20.856,-16.392,inter_set_rest,6,3.0,45878.0,213245.0,99286.0,206635.0,109559.0
2026-04-14 18:08:07.760833,763043,1609507581396454,5181365973,0.228384,-1.026752,-0.732,-7.7175,-7.95375,0.25375,25.208002,20.544,-17.352001,inter_set_rest,6,3.0,45878.0,213245.0,99286.0,206635.0,109559.0
2026-04-14 18:08:07.790116,763044,1609507581405391,5181374661,0.228384,-1.026752,-0.732,-11.29625,-7.1575,-2.17,25.208002,20.544,-17.352001,inter_set_rest,6,3.0,45878.0,213245.0,99286.0,206635.0,109559.0
2026-04-14 18:08:07.792193,763045,1609507581419872,5181389637,0.103456,-0.989664,-0.880352,-14.63,-6.25625,-6.545,24.240002,20.92,-16.784,inter_set_rest,6,3.0,45878.0,213245.0,99286.0,206635.0,109559.0
2026-04-14 18:08:07.794740,763046,1609507581428881,5181398333,0.103456,-0.989664,-0.880352,-15.23375,-4.8825,-9.77375,24.240002,20.92,-16.784,inter_set_rest,6,3.0,45878.0,213245.0,99286.0,206635.0,109559.0
2026-04-14 18:08:07.822766,763047,1609507581443412,5181413239,0.22448,-1.056032,-0.776896,-20.32625,-4.48875,-14.00875,23.888,21.152,-18.176,inter_set_rest,6,3.0,45878.0,213245.0,99286.0,206635.0,109559.0
2026-04-14 18:08:07.877870,763058,1609507581452487,5181421959,0.22448,-1.056032,-0.776896,-26.74,-3.4475,-17.98125,23.888,21.152,-18.176,inter_set_rest,6,3.0,48098.0,221804.0,102901.0,213867.0,113529.0
2026-04-14 18:08:07.883967,763059,1609507581466979,5181436888,0.236192,-1.071648,-0.708576,-29.4175,-0.42875,-23.03875,25.032001,20.992,-17.296001,inter_set_rest,6,3.0,48098.0,221804.0,102901.0,213867.0,113529.0
2026-04-14 18:08:07.884406,763060,1609507581475905,5181445574,0.23424,-1.026752,-0.890112,-33.2675,4.025,-27.973751,24.504002,20.776001,-18.560001,inter_set_rest,6,3.0,48098.0,221804.0,102901.0,213867.0,113529.0
2026-04-14 18:08:07.884912,763061,1609507581484850,5181454291,0.23424,-1.026752,-0.890112,-34.895,11.0775,-31.84125,24.504002,20.776001,-18.560001,inter_set_rest,6,3.0,48098.0,221804.0,102901.0,213867.0,113529.0
2026-04-14 18:08:07.887337,763062,1609507581499482,5181469276,0.162016,-1.022848,-0.9272,-38.77125,18.095,-40.38125,24.096,21.048,-18.888,inter_set_rest,6,3.0,48098.0,221804.0,102901.0,213867.0,113529.0
2026-04-14 18:08:07.891683,763063,1609507581508418,5181477966,0.162016,-1.022848,-0.9272,-43.4525,24.01875,-48.67625,24.096,21.048,-18.888,inter_set_rest,6,3.0,48098.0,221804.0,102901.0,213867.0,113529.0
2026-04-14 18:08:07.893238,763064,1609507581522973,5181492871,0.099552,-0.895968,-0.899872,-44.73,31.535,-54.03125,23.456001,21.336,-19.296001,inter_set_rest,6,3.0,48098.0,221804.0,102901.0,213867.0,113529.0
2026-04-14 18:08:07.894758,763065,1609507581531934,5181501626,0.099552,-0.895968,-0.899872,-42.7175,37.485,-53.96125,23.456001,21.336,-19.296001,inter_set_rest,6,3.0,48098.0,221804.0,102901.0,213867.0,113529.0
2026-04-14 18:08:07.937270,763076,1609507581546952,5181516595,0.105408,-0.905728,-0.923296,-42.4025,44.7475,-59.14125,22.976002,21.76,-22.152,inter_set_rest,6,3.0,59568.0,242279.0,121787.0,231097.0,133610.0
2026-04-14 18:08:07.939652,763077,1609507581556006,5181525343,0.095648,-0.847168,-0.806176,-40.232502,50.3125,-62.69375,22.168001,21.640001,-20.584002,inter_set_rest,6,3.0,59568.0,242279.0,121787.0,231097.0,133610.0
2026-04-14 18:08:07.942287,763078,1609507581564967,5181534107,0.095648,-0.847168,-0.806176,-35.65625,54.013752,-62.755,22.168001,21.640001,-20.584002,inter_set_rest,6,3.0,59568.0,242279.0,121787.0,231097.0,133610.0
2026-04-14 18:08:07.944639,763079,1609507581579705,5181549031,0.080032,-0.732,-0.749568,-23.79125,57.81125,-61.888752,21.632002,22.136002,-20.992,inter_set_rest,6,3.0,59568.0,242279.0,121787.0,231097.0,133610.0
2026-04-14 18:08:07.952729,763080,1609507581588905,5181558279,0.080032,-0.732,-0.749568,-13.230001,61.4075,-63.5075,21.632002,22.136002,-20.992,inter_set_rest,6,3.0,59568.0,242279.0,121787.0,231097.0,133610.0
2026-04-14 18:08:07.962874,763081,1609507581597844,5181566987,0.210816,-0.782752,-0.784704,-5.9675,65.765,-64.72375,20.792002,22.648,-20.744001,inter_set_rest,6,3.0,59568.0,242279.0,121787.0,231097.0,133610.0
2026-04-14 18:08:07.978791,763082,1609507581612339,5181581869,0.210816,-0.782752,-0.784704,-6.51,69.9475,-65.765,20.792002,22.648,-20.744001,inter_set_rest,6,3.0,59568.0,242279.0,121787.0,231097.0,133610.0
2026-04-14 18:08:07.987213,763083,1609507581621303,5181590586,0.255712,-0.792512,-0.70272,-9.75625,73.73625,-68.9325,19.168001,23.080002,-21.888,inter_set_rest,6,3.0,59568.0,242279.0,121787.0,231097.0,133610.0
2026-04-14 18:08:08.000222,763084,1609507581635816,5181605495,0.284992,-0.812032,-0.80032,-5.22375,77.02625,-71.1725,18.864,23.576,-24.52,inter_set_rest,6,3.0,59568.0,242279.0,121787.0,231097.0,133610.0
2026-04-14 18:08:08.009678,763085,1609507581644768,5181614230,0.284992,-0.812032,-0.80032,0.875,77.86625,-72.82625,18.864,23.576,-24.52,inter_set_rest,6,3.0,59568.0,242279.0,121787.0,231097.0,133610.0
2026-04-14 18:08:08.040370,763096,1609507581659381,5181629197,0.46848,-0.827648,-0.597312,1.68875,78.496254,-73.6575,16.880001,24.448002,-21.296001,inter_set_rest,6,3.0,88827.0,264183.0,163400.0,249035.0,175240.0
2026-04-14 18:08:08.042384,763097,1609507581668357,5181637941,0.46848,-0.827648,-0.597312,2.00375,80.6225,-74.1825,16.880001,24.448002,-21.296001,inter_set_rest,6,3.0,88827.0,264183.0,163400.0,249035.0,175240.0
2026-04-14 18:08:08.044811,763098,1609507581677355,5181646654,0.3904,-0.659776,-0.782752,2.8525,82.433754,-75.48625,15.888001,24.656002,-20.752,inter_set_rest,6,3.0,88827.0,264183.0,163400.0,249035.0,175240.0
2026-04-14 18:08:08.056470,763099,1609507581691870,5181661734,0.3904,-0.659776,-0.782752,6.90375,83.97375,-75.81875,15.888001,24.656002,-20.752,inter_set_rest,6,3.0,88827.0,264183.0,163400.0,249035.0,175240.0
2026-04-14 18:08:08.066254,763100,1609507581700873,5181670459,0.411872,-0.480192,-0.525088,7.175,84.14,-78.65375,14.76,24.720001,-22.032001,inter_set_rest,6,3.0,88827.0,264183.0,163400.0,249035.0,175240.0
2026-04-14 18:08:08.085648,763101,1609507581715430,5181685320,0.3904,-0.677344,-0.687104,-11.042501,83.85125,-83.685,14.76,24.720001,-24.424002,inter_set_rest,6,3.0,88827.0,264183.0,163400.0,249035.0,175240.0
2026-04-14 18:08:08.089187,763102,1609507581724380,5181694096,0.3904,-0.677344,-0.687104,-32.34,83.8075,-86.16125,13.368001,25.032001,-24.424002,inter_set_rest,6,3.0,88827.0,264183.0,163400.0,249035.0,175240.0
2026-04-14 18:08:08.105317,763103,1609507581738876,5181709016,0.530944,-0.88816,-0.61488,-51.345,84.41125,-87.54375,12.792001,25.104002,-24.392002,inter_set_rest,6,3.0,88827.0,264183.0,163400.0,249035.0,175240.0
2026-04-14 18:08:08.139162,763114,1609507581748319,5181717720,0.530944,-0.88816,-0.61488,-46.97875,87.21125,-82.4425,12.792001,25.104002,-24.392002,inter_set_rest,6,3.0,121696.0,277241.0,203138.0,260061.0,215654.0
2026-04-14 18:08:08.141688,763115,1609507581757333,5181726482,0.638304,-0.837408,-0.417728,-32.445,91.49875,-73.885,11.704,25.080002,-24.536001,inter_set_rest,6,3.0,121696.0,277241.0,203138.0,260061.0,215654.0
2026-04-14 18:08:08.144136,763116,1609507581771880,5181741432,0.638304,-0.837408,-0.417728,-10.4475,95.9525,-71.75,11.704,25.080002,-24.536001,inter_set_rest,6,3.0,121696.0,277241.0,203138.0,260061.0,215654.0
2026-04-14 18:08:08.146600,763117,1609507581780856,5181750169,0.61488,-0.534848,-0.484096,9.0475,100.7475,-77.455,10.480001,25.656002,-24.056002,inter_set_rest,6,3.0,121696.0,277241.0,203138.0,260061.0,215654.0
2026-04-14 18:08:08.158780,763118,1609507581795405,5181765212,0.61488,-0.534848,-0.599264,18.6725,100.975,-83.308754,10.480001,25.656002,-24.056002,inter_set_rest,6,3.0,121696.0,277241.0,203138.0,260061.0,215654.0
2026-04-14 18:08:08.192322,763119,1609507581804508,5181773912,0.513376,-0.31232,-0.599264,10.325,101.96375,-87.71875,8.248,26.064001,-24.536001,inter_set_rest,6,3.0,121696.0,277241.0,203138.0,260061.0,215654.0
2026-04-14 18:08:08.194796,763120,1609507581813471,5181782607,0.513376,-0.31232,-0.599264,-2.47625,100.1175,-91.09625,8.248,26.064001,-24.536001,inter_set_rest,6,3.0,121696.0,277241.0,203138.0,260061.0,215654.0
2026-04-14 18:08:08.224823,763121,1609507581827892,5181797479,0.609024,-0.480192,-0.573888,-20.8425,95.10375,-96.0925,6.496,25.824001,-25.536001,inter_set_rest,6,3.0,121696.0,277241.0,203138.0,260061.0,215654.0
2026-04-14 18:08:08.227341,763122,1609507581836847,5181806263,0.661728,-0.689056,-0.54656,-41.67625,90.02,-98.83125,6.28,25.896002,-25.672,inter_set_rest,6,3.0,121696.0,277241.0,203138.0,260061.0,215654.0
2026-04-14 18:08:08.282366,763133,1609507581852026,5181821279,0.661728,-0.689056,-0.54656,-42.65625,85.05,-95.8825,6.28,25.896002,-25.672,inter_set_rest,6,3.0,151135.0,287460.0,236712.0,269454.0,248433.0
2026-04-14 18:08:08.284919,763134,1609507581861160,5181829990,0.581696,-0.591456,-0.35136,-44.19625,80.63125,-99.1025,4.224,25.656002,-26.192001,inter_set_rest,6,3.0,151135.0,287460.0,236712.0,269454.0,248433.0
2026-04-14 18:08:08.287433,763135,1609507581870170,5181838779,0.581696,-0.591456,-0.35136,-26.97625,76.71125,-103.85375,4.224,25.656002,-26.192001,inter_set_rest,6,3.0,151135.0,287460.0,236712.0,269454.0,248433.0
2026-04-14 18:08:08.289897,763136,1609507581885396,5181855718,0.394304,-0.314272,-0.511424,1.63625,75.5825,-107.275,2.936,25.920002,-25.816002,inter_set_rest,6,3.0,151135.0,287460.0,236712.0,269454.0,248433.0
2026-04-14 18:08:08.292215,763137,1609507581894325,5181864597,0.394304,-0.314272,-0.511424,16.70375,74.92625,-109.9,2.936,25.920002,-25.816002,inter_set_rest,6,3.0,151135.0,287460.0,236712.0,269454.0,248433.0
2026-04-14 18:08:08.295008,763138,1609507581908821,5181877569,0.466528,-0.306464,-0.320128,20.2125,73.7975,-109.9875,1.704,26.608002,-25.824001,inter_set_rest,6,3.0,151135.0,287460.0,236712.0,269454.0,248433.0
2026-04-14 18:08:08.297499,763139,1609507581918139,5181888341,0.374784,-0.35136,-0.501664,4.9525,67.62,-110.1975,0.304,26.656002,-26.04,inter_set_rest,6,3.0,151135.0,287460.0,236712.0,269454.0,248433.0
2026-04-14 18:08:08.300000,763140,1609507581927110,5181897024,0.374784,-0.35136,-0.501664,6.265,65.94875,-103.80125,0.304,26.656002,-26.04,inter_set_rest,6,3.0,151135.0,287460.0,236712.0,269454.0,248433.0
2026-04-14 18:08:08.307553,763141,1609507581941642,5181911908,0.415776,-0.3904,-0.456768,-1.75,67.0775,-99.68875,-1.16,26.848001,-25.6,inter_set_rest,6,3.0,151135.0,287460.0,236712.0,269454.0,248433.0
2026-04-14 18:08:08.340037,763152,1609507581951304,5181920833,0.415776,-0.3904,-0.456768,-2.6075,64.68875,-93.345,-1.16,26.848001,-25.6,inter_set_rest,6,3.0,158137.0,304132.0,246268.0,285509.0,257658.0
2026-04-14 18:08:08.342266,763153,1609507581960357,5181929572,0.353312,-0.372832,-0.384544,6.9125,62.27375,-82.27625,-1.936,26.608002,-25.28,inter_set_rest,6,3.0,158137.0,304132.0,246268.0,285509.0,257658.0
2026-04-14 18:08:08.345057,763154,1609507581974981,5181944546,0.353312,-0.372832,-0.384544,10.21125,59.5525,-72.6775,-1.936,26.608002,-25.28,inter_set_rest,6,3.0,158137.0,304132.0,246268.0,285509.0,257658.0
2026-04-14 18:08:08.347560,763155,1609507581984085,5181953292,0.3416,-0.298656,-0.349408,18.03375,58.345,-62.982502,-2.912,27.024002,-24.512001,inter_set_rest,6,3.0,158137.0,304132.0,246268.0,285509.0,257658.0
2026-04-14 18:08:08.362572,763156,1609507581998538,5181968219,0.413824,-0.216672,-0.181536,22.75875,56.79625,-53.05125,-4.488,27.208002,-23.064001,inter_set_rest,6,3.0,158137.0,304132.0,246268.0,285509.0,257658.0
2026-04-14 18:08:08.372528,763157,1609507582007465,5181977039,0.413824,-0.216672,-0.181536,28.848751,54.43375,-41.06375,-4.488,27.208002,-23.064001,inter_set_rest,6,3.0,158137.0,304132.0,246268.0,285509.0,257658.0
2026-04-14 18:08:08.388833,763158,1609507582022000,5181991932,0.552416,-0.365024,-0.314272,20.36125,49.34125,-30.52,-4.904,26.944002,-24.920002,inter_set_rest,6,3.0,158137.0,304132.0,246268.0,285509.0,257658.0
2026-04-14 18:08:08.396530,763159,1609507582030972,5182000698,0.552416,-0.365024,-0.314272,-0.30625,41.30875,-19.27625,-4.904,26.944002,-24.920002,inter_set_rest,6,3.0,158137.0,304132.0,246268.0,285509.0,257658.0
2026-04-14 18:08:08.432265,763160,1609507582039920,5182009393,0.671488,-0.269376,-0.17568,-0.00875,38.535,-6.5625,-4.992,27.624,-23.608002,inter_set_rest,6,3.0,158137.0,304132.0,246268.0,285509.0,257658.0
2026-04-14 18:08:08.459785,763171,1609507582054623,5182024386,0.671488,-0.269376,-0.17568,10.61375,25.795,5.6175,-4.992,27.624,-23.608002,inter_set_rest,6,3.0,160209.0,315520.0,248699.0,296348.0,259335.0
2026-04-14 18:08:08.462584,763172,1609507582063670,5182033144,0.905728,-0.181536,-0.142496,20.22125,25.01625,12.6175,-5.232,27.432001,-22.800001,inter_set_rest,6,3.0,160209.0,315520.0,248699.0,296348.0,259335.0
2026-04-14 18:08:08.465041,763173,1609507582078195,5182048060,0.981856,-0.464576,-0.366976,11.2875,26.32875,14.1925,-5.792,27.456001,-22.032001,inter_set_rest,6,3.0,160209.0,315520.0,248699.0,296348.0,259335.0
2026-04-14 18:08:08.469266,763174,1609507582087142,5182056757,0.981856,-0.464576,-0.366976,-7.81375,24.0275,13.2475,-5.792,27.456001,-22.032001,inter_set_rest,6,3.0,160209.0,315520.0,248699.0,296348.0,259335.0
2026-04-14 18:08:08.469808,763175,1609507582096282,5182065446,0.981856,-0.464576,-0.366976,-32.36625,16.89625,9.65125,-5.792,27.456001,-22.032001,inter_set_rest,6,3.0,160209.0,315520.0,248699.0,296348.0,259335.0
2026-04-14 18:08:08.480099,763176,1609507582110846,5182080397,1.009184,-0.251808,-0.314272,-15.8725,13.755,2.8,-6.088,27.760002,-24.368002,inter_set_rest,6,3.0,160209.0,315520.0,248699.0,296348.0,259335.0
2026-04-14 18:08:08.485194,763177,1609507582119808,5182089090,0.899872,-0.132736,-0.251808,12.11875,10.0975,-11.3925,-5.856,27.896002,-23.432001,inter_set_rest,6,3.0,160209.0,315520.0,248699.0,296348.0,259335.0
2026-04-14 18:08:08.498942,763178,1609507582134297,5182104044,0.899872,-0.132736,-0.251808,11.585,6.65875,-22.65375,-5.856,27.896002,-23.432001,inter_set_rest,6,3.0,160209.0,315520.0,248699.0,296348.0,259335.0
2026-04-14 18:08:08.507694,763179,1609507582143244,5182112757,0.870592,-0.388448,-0.279136,-6.79,0.7525,-22.1025,-4.632,26.944002,-25.176,inter_set_rest,6,3.0,160209.0,315520.0,248699.0,296348.0,259335.0
2026-04-14 18:08:08.583983,763190,1609507582157831,5182127735,0.870592,-0.388448,-0.304512,-28.58625,-6.86875,-16.49375,-4.632,26.944002,-25.176,concentric,6,3.0,163725.0,321959.0,252266.0,302510.0,262390.0
2026-04-14 18:08:08.594958,763191,1609507582167018,5182136520,0.788608,-0.45872,-0.304512,-37.345,-12.31125,-10.4475,-4.816001,26.680002,-22.392,concentric,6,3.0,163725.0,321959.0,252266.0,302510.0,262390.0
2026-04-14 18:08:08.597562,763192,1609507582176087,5182145190,0.788608,-0.45872,-0.304512,-34.615,-9.52,-10.78875,-4.816001,26.680002,-22.392,concentric,6,3.0,163725.0,321959.0,252266.0,302510.0,262390.0
2026-04-14 18:08:08.599566,763193,1609507582190574,5182160128,0.706624,-0.290848,-0.353312,-20.13375,-11.06,-7.49875,-5.24,27.6,-24.776001,concentric,6,3.0,163725.0,321959.0,252266.0,302510.0,262390.0
2026-04-14 18:08:08.602060,763194,1609507582199487,5182168826,0.747616,-0.284992,-0.167872,-13.65,-12.81,-6.3525,-5.416,27.240002,-25.344002,concentric,6,3.0,163725.0,321959.0,252266.0,302510.0,262390.0
2026-04-14 18:08:08.604568,763195,1609507582214001,5182183738,0.747616,-0.284992,-0.167872,-12.48625,-12.32,-4.97875,-5.416,27.240002,-25.344002,concentric,6,3.0,163725.0,321959.0,252266.0,302510.0,262390.0
2026-04-14 18:08:08.607350,763196,1609507582222956,5182192526,0.808128,-0.464576,-0.36112,-13.86,-13.71125,-2.3975,-5.168,26.776001,-24.392002,concentric,6,3.0,163725.0,321959.0,252266.0,302510.0,262390.0
2026-04-14 18:08:08.608505,763197,1609507582231906,5182201226,0.808128,-0.464576,-0.36112,-16.7825,-13.36125,0.245,-5.168,26.776001,-24.392002,concentric,6,3.0,163725.0,321959.0,252266.0,302510.0,262390.0
2026-04-14 18:08:08.611598,763198,1609507582246434,5182216197,0.83936,-0.240096,-0.140544,-8.295,-13.53625,5.11875,-5.112001,27.000002,-24.584002,concentric,6,3.0,163725.0,321959.0,252266.0,302510.0,262390.0
2026-04-14 18:08:08.642459,763209,1609507582255500,5182224991,0.83936,-0.240096,-0.140544,2.1175,-10.01,6.86,-5.112001,27.000002,-24.584002,concentric,6,3.0,174007.0,322406.0,264188.0,302967.0,271918.0
2026-04-14 18:08:08.646606,763210,1609507582270066,5182240142,0.851072,-0.316224,-0.421632,-0.53375,-4.095,5.67875,-4.432,26.760002,-25.416,concentric,6,3.0,174007.0,322406.0,264188.0,302967.0,271918.0
2026-04-14 18:08:08.647298,763211,1609507582279047,5182248837,0.913536,-0.462624,-0.368928,-6.92125,-0.4375,6.02,-4.432,26.760002,-25.960001,concentric,6,3.0,174007.0,322406.0,264188.0,302967.0,271918.0
2026-04-14 18:08:08.657164,763212,1609507582293566,5182263846,0.919392,-0.462624,-0.368928,-10.35125,-0.0175,7.5075,-4.072,26.784,-25.960001,concentric,6,3.0,174007.0,322406.0,264188.0,302967.0,271918.0
2026-04-14 18:08:08.670208,763213,1609507582302493,5182272555,0.94672,-0.275232,-0.275232,-4.1825,-0.91875,7.805,-4.392,26.992,-25.744001,concentric,6,3.0,174007.0,322406.0,264188.0,302967.0,271918.0
2026-04-14 18:08:08.676074,763214,1609507582311423,5182281248,0.94672,-0.275232,-0.275232,4.8825,2.24,2.96625,-4.392,26.992,-25.744001,concentric,6,3.0,174007.0,322406.0,264188.0,302967.0,271918.0
2026-04-14 18:08:08.695355,763215,1609507582325902,5182296159,0.899872,-0.335744,-0.265472,-0.9625,5.59125,-2.905,-5.104,27.104002,-24.560001,concentric,6,3.0,174007.0,322406.0,264188.0,302967.0,271918.0
2026-04-14 18:08:08.699135,763216,1609507582334871,5182304869,0.899872,-0.335744,-0.265472,-10.56125,7.21875,-6.78125,-5.104,27.104002,-24.560001,concentric,6,3.0,174007.0,322406.0,264188.0,302967.0,271918.0
2026-04-14 18:08:08.714142,763217,1609507582349353,5182317716,0.759328,-0.372832,-0.3904,-11.73375,7.6825,-8.505,-4.216,26.640001,-25.232,concentric,6,3.0,174007.0,322406.0,264188.0,302967.0,271918.0
2026-04-14 18:08:08.745468,763228,1609507582358621,5182328565,0.759328,-0.372832,-0.3904,-5.705,6.79875,-9.84375,-4.216,26.640001,-25.232,concentric,6,3.0,169191.0,321603.0,258294.0,302187.0,267137.0
2026-04-14 18:08:08.748597,763229,1609507582367589,5182337296,0.755424,-0.337696,-0.376736,1.67125,5.6525,-10.29,-5.408001,26.968,-25.328001,concentric,6,3.0,169191.0,321603.0,258294.0,302187.0,267137.0
2026-04-14 18:08:08.752754,763230,1609507582382264,5182352209,0.784704,-0.33184,-0.345504,3.96375,4.71625,-9.05625,-5.2,26.864002,-24.912,concentric,6,3.0,169191.0,321603.0,258294.0,302187.0,267137.0
2026-04-14 18:08:08.756011,763231,1609507582391228,5182360909,0.784704,-0.33184,-0.345504,2.30125,4.05125,-5.52125,-5.2,26.864002,-24.912,concentric,6,3.0,169191.0,321603.0,258294.0,302187.0,267137.0
2026-04-14 18:08:08.770225,763232,1609507582405778,5182375809,0.80032,-0.333792,-0.242048,2.9225,5.08375,-1.9425,-4.256,26.920002,-25.824001,concentric,6,3.0,169191.0,321603.0,258294.0,302187.0,267137.0
2026-04-14 18:08:08.780300,763233,1609507582414879,5182384516,0.80032,-0.333792,-0.242048,5.67875,7.42875,0.0525,-4.256,26.920002,-25.824001,concentric,6,3.0,169191.0,321603.0,258294.0,302187.0,267137.0
2026-04-14 18:08:08.796632,763234,1609507582429426,5182399397,0.767136,-0.300608,-0.212768,8.28625,9.89625,0.81375,-4.744,26.688002,-25.240002,concentric,6,3.0,169191.0,321603.0,258294.0,302187.0,267137.0
2026-04-14 18:08:08.802897,763235,1609507582438337,5182408084,0.767136,-0.300608,-0.212768,12.04875,11.24375,0.525,-4.744,26.688002,-25.240002,concentric,6,3.0,169191.0,321603.0,258294.0,302187.0,267137.0
2026-04-14 18:08:08.814152,763236,1609507582447350,5182416783,0.753472,-0.265472,-0.324032,13.53625,11.235,0.49875,-4.576,27.080002,-25.464,concentric,6,3.0,169191.0,321603.0,258294.0,302187.0,267137.0
2026-04-14 18:08:08.841223,763247,1609507582461997,5182431793,0.89792,-0.324032,-0.173728,14.11375,10.386251,0.8225,-4.728,26.728,-24.104002,concentric,6,3.0,154191.0,316321.0,240648.0,297077.0,251580.0
2026-04-14 18:08:08.845724,763248,1609507582470954,5182440497,0.89792,-0.324032,-0.173728,12.41625,9.54625,0.72625,-4.728,26.728,-24.104002,concentric,6,3.0,154191.0,316321.0,240648.0,297077.0,251580.0
2026-04-14 18:08:08.849744,763249,1609507582485508,5182455467,0.880352,-0.365024,-0.15616,4.9,7.44625,1.84625,-4.68,27.256,-25.160002,concentric,6,3.0,154191.0,316321.0,240648.0,297077.0,251580.0
2026-04-14 18:08:08.858539,763250,1609507582494469,5182464167,0.880352,-0.365024,-0.15616,1.085,6.5625,4.3225,-4.68,27.256,-25.160002,concentric,6,3.0,154191.0,316321.0,240648.0,297077.0,251580.0
2026-04-14 18:08:08.869112,763251,1609507582503430,5182472875,0.776896,-0.333792,-0.337696,1.645,6.4925,4.2,-4.624,26.848001,-25.096,concentric,6,3.0,154191.0,316321.0,240648.0,297077.0,251580.0
2026-04-14 18:08:08.882213,763252,1609507582517932,5182487764,0.776896,-0.333792,-0.337696,5.3725,7.28875,2.94,-4.624,26.848001,-25.096,concentric,6,3.0,154191.0,316321.0,240648.0,297077.0,251580.0
2026-04-14 18:08:08.893638,763253,1609507582526971,5182496478,0.7808,-0.255712,-0.36112,8.84625,8.14625,1.225,-4.56,27.344002,-25.152,concentric,6,3.0,154191.0,316321.0,240648.0,297077.0,251580.0
2026-04-14 18:08:08.926075,763254,1609507582541559,5182511418,0.815936,-0.308416,-0.372832,8.7675,9.0825,0.07,-4.616,27.328001,-24.44,concentric,6,3.0,154191.0,316321.0,240648.0,297077.0,251580.0
2026-04-14 18:08:08.951479,763255,1609507582550472,5182520129,0.815936,-0.308416,-0.372832,3.85875,8.18125,0.1575,-4.616,27.328001,-24.44,concentric,6,3.0,154191.0,316321.0,240648.0,297077.0,251580.0
2026-04-14 18:08:09.001515,763266,1609507582565121,5182535228,0.794464,-0.374784,-0.382592,-5.6525,6.27375,1.75875,-5.232,27.432001,-24.368002,concentric,6,3.0,151422.0,315190.0,237515.0,296268.0,248840.0
2026-04-14 18:08:09.004142,763267,1609507582574118,5182543937,0.794464,-0.374784,-0.382592,-9.35375,4.6725,2.87875,-5.232,27.432001,-24.368002,concentric,6,3.0,151422.0,315190.0,237515.0,296268.0,248840.0
2026-04-14 18:08:09.006633,763268,1609507582583181,5182552781,0.841312,-0.353312,-0.103456,-9.52875,3.98125,2.33625,-5.624,27.44,-24.208002,concentric,6,3.0,151422.0,315190.0,237515.0,296268.0,248840.0
2026-04-14 18:08:09.008661,763269,1609507582597918,5182567663,0.841312,-0.353312,-0.103456,-6.79875,4.305,2.49375,-5.624,27.44,-24.208002,concentric,6,3.0,151422.0,315190.0,237515.0,296268.0,248840.0
2026-04-14 18:08:09.011563,763270,1609507582606848,5182576347,0.747616,-0.306464,-0.325984,-1.81125,4.8125,1.6975,-5.32,27.864002,-24.2,concentric,6,3.0,151422.0,315190.0,237515.0,296268.0,248840.0
2026-04-14 18:08:09.014069,763271,1609507582621372,5182591239,0.76128,-0.308416,-0.21472,-0.02625,4.87375,1.96,-5.32,27.864002,-24.968,concentric,6,3.0,151422.0,315190.0,237515.0,296268.0,248840.0
2026-04-14 18:08:09.016594,763272,1609507582630456,5182600029,0.76128,-0.308416,-0.21472,-2.12625,3.9025,3.75375,-5.672,27.416,-24.968,concentric,6,3.0,151422.0,315190.0,237515.0,296268.0,248840.0
2026-04-14 18:08:09.019041,763273,1609507582639457,5182608782,0.76128,-0.308416,-0.21472,-6.4575,2.09125,5.845,-5.672,27.416,-24.968,concentric,6,3.0,151422.0,315190.0,237515.0,296268.0,248840.0
2026-04-14 18:08:09.087740,763284,1609507582654248,5182623781,0.808128,-0.368928,-0.298656,-8.435,0.9625,7.79625,-5.624,27.808,-21.952002,concentric,6,3.0,154748.0,319062.0,241596.0,300368.0,252530.0
2026-04-14 18:08:09.089856,763285,1609507582663346,5182632621,0.71248,-0.32208,-0.2928,-7.455,0.5075,9.3275,-6.248,27.968,-23.008001,concentric,6,3.0,154748.0,319062.0,241596.0,300368.0,252530.0
2026-04-14 18:08:09.095341,763286,1609507582677921,5182647631,0.71248,-0.32208,-0.2928,-6.1425,1.30375,11.4275,-6.248,27.968,-23.008001,concentric,6,3.0,154748.0,319062.0,241596.0,300368.0,252530.0
2026-04-14 18:08:09.097863,763287,1609507582686858,5182656322,0.776896,-0.394304,-0.279136,-6.72,2.26625,13.11625,-5.992,27.656002,-24.248001,concentric,6,3.0,154748.0,319062.0,241596.0,300368.0,252530.0
2026-04-14 18:08:09.100340,763288,1609507582695849,5182665000,0.776896,-0.394304,-0.279136,-8.46125,2.21375,15.26,-5.992,27.656002,-24.248001,concentric,6,3.0,154748.0,319062.0,241596.0,300368.0,252530.0
2026-04-14 18:08:09.102817,763289,1609507582710374,5182679922,0.71248,-0.386496,-0.128832,-9.695,0.48125,18.03375,-4.928001,27.664001,-24.36,concentric,6,3.0,154748.0,319062.0,241596.0,300368.0,252530.0
2026-04-14 18:08:09.105397,763290,1609507582719305,5182688667,0.71248,-0.386496,-0.128832,-6.9125,-1.855,21.88375,-4.928001,27.664001,-24.36,concentric,6,3.0,154748.0,319062.0,241596.0,300368.0,252530.0
2026-04-14 18:08:09.107441,763291,1609507582733891,5182703574,0.735904,-0.347456,-0.1464,2.31,-3.3075,25.01625,-3.968,27.160002,-25.104002,concentric,6,3.0,154748.0,319062.0,241596.0,300368.0,252530.0
2026-04-14 18:08:09.110041,763292,1609507582742831,5182712293,0.650016,-0.298656,-0.11712,8.11125,-5.635,27.51875,-4.024,27.752,-23.912,concentric,6,3.0,154748.0,319062.0,241596.0,300368.0,252530.0
2026-04-14 18:08:09.141544,763303,1609507582757594,5182727338,0.650016,-0.298656,-0.11712,11.025,-7.4375,31.57875,-4.024,27.752,-23.912,concentric,6,3.0,148219.0,316515.0,234737.0,298580.0,246139.0
2026-04-14 18:08:09.144023,763304,1609507582766575,5182736069,0.753472,-0.525088,-0.324032,8.89875,-8.1025,38.99,-3.472,27.192001,-25.472002,concentric,6,3.0,148219.0,316515.0,234737.0,298580.0,246139.0
2026-04-14 18:08:09.146511,763305,1609507582775565,5182744848,0.753472,-0.525088,-0.324032,-5.67875,-12.2325,47.80125,-3.472,27.192001,-25.472002,concentric,6,3.0,148219.0,316515.0,234737.0,298580.0,246139.0
2026-04-14 18:08:09.155368,763306,1609507582790192,5182759838,0.825696,-0.38064,-0.1952,-9.30125,-15.05,55.4575,-2.064,27.552002,-25.432001,concentric,6,3.0,148219.0,316515.0,234737.0,298580.0,246139.0
2026-04-14 18:08:09.165354,763307,1609507582799118,5182768543,0.825696,-0.38064,-0.1952,8.995,-12.76625,56.02625,-2.064,27.552002,-25.432001,concentric,6,3.0,148219.0,316515.0,234737.0,298580.0,246139.0
2026-04-14 18:08:09.177913,763308,1609507582813775,5182783587,0.935008,-0.368928,-0.304512,16.0125,-11.935,46.75125,-1.304,27.512001,-25.328001,concentric,6,3.0,148219.0,316515.0,234737.0,298580.0,246139.0
2026-04-14 18:08:09.187955,763309,1609507582822812,5182792277,0.899872,-0.333792,-0.226432,14.23625,-12.06625,40.985,-1.304,27.512001,-23.256,concentric,6,3.0,148219.0,316515.0,234737.0,298580.0,246139.0
2026-04-14 18:08:09.196621,763310,1609507582831730,5182800956,0.899872,-0.333792,-0.226432,7.0525,-13.0375,37.66,-1.24,27.792002,-23.256,concentric,6,3.0,148219.0,316515.0,234737.0,298580.0,246139.0
2026-04-14 18:08:09.211668,763311,1609507582846378,5182815896,1.057984,-0.454816,-0.281088,-1.6625,-13.64125,32.62,-1.104,27.232,-25.296001,concentric,6,3.0,148219.0,316515.0,234737.0,298580.0,246139.0
2026-04-14 18:08:09.245238,763322,1609507582855554,5182824845,1.057984,-0.454816,-0.281088,-13.92125,-16.02125,25.6725,-1.104,27.232,-25.296001,concentric,6,3.0,152586.0,311045.0,239467.0,292334.0,250389.0
2026-04-14 18:08:09.247246,763323,1609507582870093,5182839847,1.100928,-0.573888,-0.30256,-29.12,-19.01375,18.865,-2.256,27.784,-26.128002,concentric,6,3.0,152586.0,311045.0,239467.0,292334.0,250389.0
2026-04-14 18:08:09.250381,763324,1609507582879028,5182848624,1.100928,-0.573888,-0.30256,-36.39125,-22.575,12.88875,-2.256,27.784,-26.128002,concentric,6,3.0,152586.0,311045.0,239467.0,292334.0,250389.0
2026-04-14 18:08:09.257739,763325,1609507582893637,5182863624,1.095072,-0.445056,-0.304512,-31.465,-24.0975,4.55875,-1.88,27.328001,-25.008001,concentric,6,3.0,152586.0,311045.0,239467.0,292334.0,250389.0
2026-04-14 18:08:09.269134,763326,1609507582902582,5182872377,1.095072,-0.445056,-0.35136,-20.16,-20.83375,-6.1425,-1.88,27.328001,-25.008001,concentric,6,3.0,152586.0,311045.0,239467.0,292334.0,250389.0
2026-04-14 18:08:09.293797,763327,1609507582911490,5182881060,0.880352,-0.347456,-0.359168,-22.25125,-17.00125,-16.84375,-0.536,26.512001,-24.208002,concentric,6,3.0,152586.0,311045.0,239467.0,292334.0,250389.0
2026-04-14 18:08:09.320046,763328,1609507582926030,5182896045,0.792512,-0.42944,-0.30256,-30.65125,-14.3675,-21.595,-0.512,26.632002,-25.544,concentric,6,3.0,152586.0,311045.0,239467.0,292334.0,250389.0
2026-04-14 18:08:09.323796,763329,1609507582935063,5182904781,0.792512,-0.42944,-0.30256,-37.00375,-11.82125,-24.15,-0.512,26.632002,-25.544,concentric,6,3.0,152586.0,311045.0,239467.0,292334.0,250389.0
2026-04-14 18:08:09.326154,763330,1609507582949707,5182919663,0.640256,-0.49776,-0.488,-36.33875,-9.6075,-24.12375,-1.648,26.416,-25.208002,concentric,6,3.0,152586.0,311045.0,239467.0,292334.0,250389.0
2026-04-14 18:08:09.353775,763341,1609507582958878,5182928397,0.640256,-0.49776,-0.488,-31.0625,-7.91875,-22.89875,-1.648,26.416,-25.208002,concentric,6,3.0,154209.0,313938.0,241342.0,295216.0,251935.0
2026-04-14 18:08:09.356088,763342,1609507582967859,5182937138,0.603168,-0.509472,-0.484096,-24.14125,-5.53,-19.74875,-1.656,26.624,-25.688002,concentric,6,3.0,154209.0,313938.0,241342.0,295216.0,251935.0
2026-04-14 18:08:09.358655,763343,1609507582982364,5182952075,0.603168,-0.509472,-0.484096,-18.6025,-3.14125,-16.17,-1.656,26.624,-25.688002,concentric,6,3.0,154209.0,313938.0,241342.0,295216.0,251935.0
2026-04-14 18:08:09.361634,763344,1609507582991305,5182960813,0.579744,-0.46848,-0.450912,-11.3925,0.53375,-12.18,-1.648,26.576002,-25.400002,concentric,6,3.0,154209.0,313938.0,241342.0,295216.0,251935.0
2026-04-14 18:08:09.372384,763345,1609507583005983,5182975737,0.581696,-0.427488,-0.480192,-5.15375,4.34,-9.1525,-1.552,26.448002,-25.256,concentric,6,3.0,154209.0,313938.0,241342.0,295216.0,251935.0
2026-04-14 18:08:09.381610,763346,1609507583014943,5182984518,0.581696,-0.427488,-0.480192,0.28875,8.365,-6.71125,-1.552,26.448002,-25.256,concentric,6,3.0,154209.0,313938.0,241342.0,295216.0,251935.0
2026-04-14 18:08:09.395356,763347,1609507583029460,5182999436,0.651968,-0.413824,-0.310368,5.03125,10.325,-4.34875,-2.648,26.896002,-24.728,concentric,6,3.0,154209.0,313938.0,241342.0,295216.0,251935.0
2026-04-14 18:08:09.405716,763348,1609507583038392,5183008118,0.651968,-0.413824,-0.310368,6.30875,10.7975,-1.0325,-2.648,26.896002,-24.728,concentric,6,3.0,154209.0,313938.0,241342.0,295216.0,251935.0
2026-04-14 18:08:09.412759,763349,1609507583047335,5183016803,0.759328,-0.460672,-0.236192,5.0575,10.64875,2.1525,-2.08,26.704,-26.376001,concentric,6,3.0,154209.0,313938.0,241342.0,295216.0,251935.0
2026-04-14 18:08:09.442350,763360,1609507583061930,5183032201,0.759328,-0.460672,-0.236192,4.6375,10.6225,5.18,-2.08,26.704,-26.376001,concentric,6,3.0,149214.0,311008.0,235585.0,292300.0,246767.0
2026-04-14 18:08:09.445119,763361,1609507583070872,5183041025,0.77104,-0.443104,-0.378688,8.81125,12.0925,6.48375,-1.456,26.28,-26.184002,concentric,6,3.0,149214.0,311008.0,235585.0,292300.0,246767.0
2026-04-14 18:08:09.449794,763362,1609507583085427,5183053911,0.872544,-0.3904,-0.22448,13.265,14.37625,6.06375,-1.144,26.744001,-26.096,concentric,6,3.0,149214.0,311008.0,235585.0,292300.0,246767.0
2026-04-14 18:08:09.460429,763363,1609507583094807,5183064676,0.872544,-0.3904,-0.22448,16.485,16.0125,5.39875,-1.144,26.744001,-26.096,concentric,6,3.0,149214.0,311008.0,235585.0,292300.0,246767.0
2026-04-14 18:08:09.470410,763364,1609507583103830,5183073354,0.872544,-0.3904,-0.22448,15.5925,16.205,4.34875,-1.144,26.744001,-26.096,concentric,6,3.0,149214.0,311008.0,235585.0,292300.0,246767.0
2026-04-14 18:08:09.482945,763365,1609507583118352,5183088264,0.843264,-0.411872,-0.45872,10.31625,14.945,3.4825,-1.208,26.888,-24.560001,concentric,6,3.0,149214.0,311008.0,235585.0,292300.0,246767.0
2026-04-14 18:08:09.491749,763366,1609507583127383,5183096955,0.806176,-0.40992,-0.363072,6.85125,13.02875,2.51125,-1.584,26.872002,-25.12,concentric,6,3.0,149214.0,311008.0,235585.0,292300.0,246767.0
2026-04-14 18:08:09.508150,763367,1609507583141888,5183111850,0.806176,-0.40992,-0.363072,3.94625,11.698751,0.23625,-1.584,26.872002,-25.12,concentric,6,3.0,149214.0,311008.0,235585.0,292300.0,246767.0
2026-04-14 18:08:09.516557,763368,1609507583150835,5183120541,0.79056,-0.421632,-0.40016,2.3975,10.66625,-2.73,-2.392,26.904001,-26.328001,concentric,6,3.0,149214.0,311008.0,235585.0,292300.0,246767.0
2026-04-14 18:08:09.543847,763379,1609507583160014,5183129313,0.79056,-0.421632,-0.40016,1.09375,9.7475,-4.99625,-2.392,26.904001,-26.328001,concentric,6,3.0,150729.0,311671.0,237445.0,293021.0,248572.0
2026-04-14 18:08:09.546648,763380,1609507583174573,5183144286,0.733952,-0.386496,-0.298656,-1.30375,9.03,-6.4225,-2.32,26.688002,-25.904001,concentric,6,3.0,150729.0,311671.0,237445.0,293021.0,248572.0
2026-04-14 18:08:09.549075,763381,1609507583183578,5183153005,0.733952,-0.386496,-0.298656,-3.5875,7.4725,-7.06125,-2.32,26.688002,-25.904001,concentric,6,3.0,150729.0,311671.0,237445.0,293021.0,248572.0
2026-04-14 18:08:09.562892,763382,1609507583198303,5183168008,0.70272,-0.40992,-0.306464,-5.8275,5.635,-6.6675,-1.576,26.728,-23.808,concentric,6,3.0,150729.0,311671.0,237445.0,293021.0,248572.0
2026-04-14 18:08:09.572894,763383,1609507583207405,5183176703,0.767136,-0.456768,-0.277184,-6.3525,4.06875,-5.38125,-2.48,27.52,-24.224,concentric,6,3.0,150729.0,311671.0,237445.0,293021.0,248572.0
2026-04-14 18:08:09.589144,763384,1609507583221866,5183191636,0.767136,-0.456768,-0.277184,-6.405,2.5725,-4.2875,-2.48,27.52,-24.224,concentric,6,3.0,150729.0,311671.0,237445.0,293021.0,248572.0
2026-04-14 18:08:09.594710,763385,1609507583230766,5183200332,0.671488,-0.40992,-0.35136,-6.3525,2.12625,-3.3425,-1.864,26.928001,-26.224,concentric,6,3.0,150729.0,311671.0,237445.0,293021.0,248572.0
2026-04-14 18:08:09.606144,763386,1609507583239727,5183209011,0.671488,-0.40992,-0.35136,-5.915,2.58125,-2.58125,-1.864,26.928001,-26.224,concentric,6,3.0,150729.0,311671.0,237445.0,293021.0,248572.0
2026-04-14 18:08:09.618636,763387,1609507583254216,5183223938,0.628544,-0.378688,-0.216672,-6.2825,2.205,-0.105,-2.536,26.52,-25.952002,concentric,6,3.0,150729.0,311671.0,237445.0,293021.0,248572.0
2026-04-14 18:08:09.715259,763398,1609507583263277,5183232708,0.628544,-0.378688,-0.216672,-4.78625,2.12625,3.71875,-2.536,26.52,-25.952002,concentric,6,3.0,152419.0,317108.0,239843.0,299002.0,250663.0
2026-04-14 18:08:09.731182,763399,1609507583277905,5183247779,0.67344,-0.398208,-0.10736,-1.68875,2.02125,7.8225,-1.72,26.752,-26.008001,concentric,6,3.0,152419.0,317108.0,239843.0,299002.0,250663.0
2026-04-14 18:08:09.733846,763400,1609507583286978,5183256486,0.558272,-0.443104,-0.316224,2.75625,1.54875,13.39625,-1.536,26.776001,-25.256,concentric,6,3.0,152419.0,317108.0,239843.0,299002.0,250663.0
2026-04-14 18:08:09.736333,763401,1609507583295927,5183265300,0.558272,-0.443104,-0.316224,4.3575,-0.35,20.09875,-1.536,26.776001,-25.256,concentric,6,3.0,152419.0,317108.0,239843.0,299002.0,250663.0
2026-04-14 18:08:09.738856,763402,1609507583310434,5183280227,0.542656,-0.368928,-0.093696,5.53,-3.68375,28.0,-1.112,27.000002,-25.048,concentric,6,3.0,152419.0,317108.0,239843.0,299002.0,250663.0
2026-04-14 18:08:09.741401,763403,1609507583319379,5183288928,0.542656,-0.368928,-0.093696,12.15375,-5.845,34.4925,-1.112,27.000002,-25.048,concentric,6,3.0,152419.0,317108.0,239843.0,299002.0,250663.0
2026-04-14 18:08:09.743793,763404,1609507583333893,5183303860,0.509472,-0.308416,-0.111264,20.39625,-6.965,40.0575,-1.328,27.320002,-24.560001,concentric,6,3.0,152419.0,317108.0,239843.0,299002.0,250663.0
2026-04-14 18:08:09.746349,763405,1609507583342817,5183312557,0.509472,-0.308416,-0.111264,25.55875,-10.22,46.3925,-1.328,27.320002,-24.560001,concentric,6,3.0,152419.0,317108.0,239843.0,299002.0,250663.0
2026-04-14 18:08:09.773894,763416,1609507583358103,5183327564,0.513376,-0.407968,-0.193248,26.9325,-15.44375,53.760002,-0.312,27.640001,-24.464,concentric,6,3.0,142829.0,309968.0,229052.0,292739.0,240413.0
2026-04-14 18:08:09.778501,763417,1609507583367258,5183336261,0.548512,-0.484096,-0.277184,19.97625,-22.303751,61.9325,0.44,27.656002,-25.024002,concentric,6,3.0,142829.0,309968.0,229052.0,292739.0,240413.0
2026-04-14 18:08:09.779023,763418,1609507583376404,5183344985,0.548512,-0.484096,-0.277184,17.17625,-30.625,69.308754,0.44,27.656002,-25.024002,concentric,6,3.0,142829.0,309968.0,229052.0,292739.0,240413.0
2026-04-14 18:08:09.781103,763419,1609507583391493,5183359982,0.691008,-0.431392,-0.15616,23.42375,-35.595,75.5825,1.312,27.816002,-23.688002,concentric,6,3.0,142829.0,309968.0,229052.0,292739.0,240413.0
2026-04-14 18:08:09.783691,763420,1609507583400904,5183370786,0.691008,-0.431392,-0.15616,22.6275,-39.97875,77.6125,1.312,27.816002,-23.688002,concentric,6,3.0,142829.0,309968.0,229052.0,292739.0,240413.0
2026-04-14 18:08:09.786190,763421,1609507583409915,5183379501,0.640256,-0.447008,-0.115168,26.1275,-43.28625,76.88625,2.208,28.296001,-22.880001,concentric,6,3.0,142829.0,309968.0,229052.0,292739.0,240413.0
2026-04-14 18:08:09.788987,763422,1609507583424404,5183394433,0.640256,-0.447008,-0.115168,24.29,-46.83875,75.20625,2.208,28.296001,-22.880001,concentric,6,3.0,142829.0,309968.0,229052.0,292739.0,240413.0
2026-04-14 18:08:09.798689,763423,1609507583433347,5183403121,0.599264,-0.548512,-0.144448,17.42125,-52.08,76.50125,2.856,28.224,-23.648,concentric,6,3.0,142829.0,309968.0,229052.0,292739.0,240413.0
2026-04-14 18:08:09.812579,763424,1609507583447866,5183418016,0.632448,-0.5856,-0.411872,11.3925,-58.61625,78.53125,5.992,27.304,-24.352001,concentric,6,3.0,142829.0,309968.0,229052.0,292739.0,240413.0
2026-04-14 18:08:09.845388,763435,1609507583456829,5183426747,0.632448,-0.5856,-0.411872,16.24,-63.6125,81.121254,5.992,27.304,-24.352001,concentric,6,3.0,136865.0,293178.0,221358.0,276123.0,233345.0
2026-04-14 18:08:09.847906,763436,1609507583466408,5183435540,0.632448,-0.5856,-0.286944,17.14125,-68.145,82.5125,5.992,27.304,-24.352001,concentric,6,3.0,136865.0,293178.0,221358.0,276123.0,233345.0
2026-04-14 18:08:09.850368,763437,1609507583481034,5183450601,0.696864,-0.599264,-0.286944,7.30625,-72.2925,79.9925,6.816001,27.504002,-24.576,concentric,6,3.0,136865.0,293178.0,221358.0,276123.0,233345.0
2026-04-14 18:08:09.855383,763438,1609507583490064,5183459296,0.628544,-0.607072,-0.247904,5.8275,-74.9875,79.135,8.472,27.264002,-24.160002,concentric,6,3.0,136865.0,293178.0,221358.0,276123.0,233345.0
2026-04-14 18:08:09.872256,763439,1609507583504613,5183474316,0.628544,-0.607072,-0.247904,1.25125,-77.46375,76.79,8.472,27.264002,-24.160002,concentric,6,3.0,136865.0,293178.0,221358.0,276123.0,233345.0
2026-04-14 18:08:09.878880,763440,1609507583513617,5183483032,0.577792,-0.609024,-0.433344,1.4875,-79.45875,75.67,9.224,27.224,-23.184002,concentric,6,3.0,136865.0,293178.0,221358.0,276123.0,233345.0
2026-04-14 18:08:09.886010,763441,1609507583522531,5183491716,0.577792,-0.609024,-0.433344,0.81375,-81.83875,74.69875,9.224,27.224,-23.184002,concentric,6,3.0,136865.0,293178.0,221358.0,276123.0,233345.0
2026-04-14 18:08:09.902846,763442,1609507583537029,5183506615,0.597312,-0.700768,-0.33184,-1.26875,-83.55375,70.20125,10.040001,26.824001,-23.704,concentric,6,3.0,136865.0,293178.0,221358.0,276123.0,233345.0
2026-04-14 18:08:09.909996,763443,1609507583546034,5183515334,0.597312,-0.700768,-0.33184,-0.27125,-81.8475,68.215004,10.040001,26.824001,-23.704,concentric,6,3.0,136865.0,293178.0,221358.0,276123.0,233345.0
2026-04-14 18:08:09.948746,763454,1609507583561233,5183530699,0.550464,-0.718336,-0.339648,1.1725,-82.17125,69.51875,11.928,26.44,-24.576,concentric,6,3.0,99836.0,272069.0,176513.0,256818.0,188916.0
2026-04-14 18:08:09.951126,763455,1609507583570243,5183539449,0.382592,-0.677344,-0.569984,9.40625,-83.51875,69.195,12.912001,26.168001,-23.256,concentric,6,3.0,99836.0,272069.0,176513.0,256818.0,188916.0
2026-04-14 18:08:09.954172,763456,1609507583579183,5183548130,0.382592,-0.677344,-0.569984,11.445,-84.97125,62.25625,12.912001,26.168001,-23.256,concentric,6,3.0,99836.0,272069.0,176513.0,256818.0,188916.0
2026-04-14 18:08:09.957900,763457,1609507583593742,5183563080,0.38064,-0.767136,-0.607072,11.3925,-81.87375,61.57375,14.360001,26.184002,-22.656,concentric,6,3.0,99836.0,272069.0,176513.0,256818.0,188916.0
2026-04-14 18:08:09.966277,763458,1609507583602695,5183571809,0.38064,-0.767136,-0.607072,11.6375,-78.33875,65.975,14.360001,26.184002,-22.656,concentric,6,3.0,99836.0,272069.0,176513.0,256818.0,188916.0
2026-04-14 18:08:09.982735,763459,1609507583617207,5183586824,0.5368,-0.909632,-0.577792,24.89375,-75.17125,68.5125,14.544001,26.592001,-21.864,concentric,6,3.0,99836.0,272069.0,176513.0,256818.0,188916.0
2026-04-14 18:08:09.991498,763460,1609507583626165,5183595540,0.5368,-0.909632,-0.577792,23.49375,-71.61,65.5375,14.544001,26.592001,-21.864,concentric,6,3.0,99836.0,272069.0,176513.0,256818.0,188916.0
2026-04-14 18:08:10.028157,763461,1609507583640803,5183610633,0.493856,-0.866688,-0.560224,27.4225,-66.955,64.82,15.528001,25.784,-22.800001,concentric,6,3.0,99836.0,272069.0,176513.0,256818.0,188916.0
2026-04-14 18:08:10.030402,763462,1609507583649919,5183619356,0.470432,-0.876448,-0.568032,26.7225,-62.23875,61.95875,16.12,26.048,-22.04,concentric,6,3.0,99836.0,272069.0,176513.0,256818.0,188916.0
2026-04-14 18:08:10.082436,763474,1609507583659014,5183628069,0.470432,-0.876448,-0.568032,26.215,-60.08625,55.04625,16.12,26.048,-22.04,concentric,6,3.0,62064.0,240533.0,126634.0,228966.0,138265.0
2026-04-14 18:08:10.084906,763475,1609507583673670,5183643043,0.404064,-0.940864,-0.571936,24.29,-56.65625,52.22875,16.632,25.760002,-20.336,concentric,6,3.0,62064.0,240533.0,126634.0,228966.0,138265.0
2026-04-14 18:08:10.089956,763476,1609507583682587,5183651750,0.404064,-0.940864,-0.571936,15.96,-54.25,52.465,16.632,25.760002,-20.336,concentric,6,3.0,62064.0,240533.0,126634.0,228966.0,138265.0
2026-04-14 18:08:10.092355,763477,1609507583697090,5183666668,0.456768,-0.977952,-0.548512,15.49625,-50.6625,52.98125,17.512001,25.504002,-19.752,concentric,6,3.0,62064.0,240533.0,126634.0,228966.0,138265.0
2026-04-14 18:08:10.094983,763478,1609507583706200,5183675411,0.456768,-0.977952,-0.548512,16.17,-49.2275,50.89,17.512001,25.504002,-19.752,concentric,6,3.0,62064.0,240533.0,126634.0,228966.0,138265.0
2026-04-14 18:08:10.097498,763479,1609507583715143,5183684097,0.314272,-0.905728,-0.515328,17.22875,-50.11125,48.23875,18.176,25.352001,-19.768002,concentric,6,3.0,62064.0,240533.0,126634.0,228966.0,138265.0
2026-04-14 18:08:10.099857,763480,1609507583729646,5183699043,0.406016,-1.00528,-0.431392,8.46125,-51.87875,42.201252,19.248001,24.672,-18.936,concentric,6,3.0,62064.0,240533.0,126634.0,228966.0,138265.0
2026-04-14 18:08:10.102432,763481,1609507583738638,5183707753,0.406016,-1.00528,-0.431392,-0.35,-50.91625,39.68125,19.248001,24.672,-18.936,concentric,6,3.0,62064.0,240533.0,126634.0,228966.0,138265.0
2026-04-14 18:08:10.118875,763482,1609507583753139,5183722704,0.466528,-0.962336,-0.470432,-7.44625,-49.735,38.63125,19.928001,24.552002,-19.856,concentric,6,3.0,62064.0,240533.0,126634.0,228966.0,138265.0
2026-04-14 18:08:10.149902,763493,1609507583762659,5183731864,0.466528,-0.962336,-0.470432,-3.71875,-47.48625,38.80625,19.928001,24.552002,-19.856,concentric,6,3.0,49788.0,219962.0,106646.0,210706.0,117552.0
2026-04-14 18:08:10.153053,763494,1609507583771672,5183740580,0.28304,-0.886208,-0.681248,0.21875,-45.325,35.6825,20.528002,24.256,-19.464,concentric,6,3.0,49788.0,219962.0,106646.0,210706.0,117552.0
2026-04-14 18:08:10.155074,763495,1609507583786243,5183755592,0.28304,-0.886208,-0.681248,0.25375,-44.89625,30.09125,20.528002,24.256,-19.464,concentric,6,3.0,49788.0,219962.0,106646.0,210706.0,117552.0
2026-04-14 18:08:10.158509,763496,1609507583795186,5183764297,0.13664,-0.851072,-0.509472,-3.59625,-43.42625,25.305,20.880001,24.2,-19.616001,concentric,6,3.0,49788.0,219962.0,106646.0,210706.0,117552.0
2026-04-14 18:08:10.173868,763497,1609507583809749,5183779198,0.179584,-0.903776,-0.488,-9.6075,-43.1025,24.5875,20.368,24.128,-18.592001,concentric,6,3.0,49788.0,219962.0,106646.0,210706.0,117552.0
2026-04-14 18:08:10.182572,763498,1609507583818857,5183787893,0.179584,-0.903776,-0.488,-13.886251,-41.8075,24.3775,20.368,24.128,-18.592001,concentric,6,3.0,49788.0,219962.0,106646.0,210706.0,117552.0
2026-04-14 18:08:10.192538,763499,1609507583827836,5183796582,0.179584,-0.903776,-0.488,-12.792501,-40.24125,26.85375,20.368,24.128,-18.592001,concentric,6,3.0,49788.0,219962.0,106646.0,210706.0,117552.0
2026-04-14 18:08:10.208812,763500,1609507583842743,5183811480,0.163968,-0.845216,-0.404064,-12.04,-38.185,26.5825,21.896002,23.504002,-19.160002,concentric,6,3.0,49788.0,219962.0,106646.0,210706.0,117552.0
2026-04-14 18:08:10.218954,763501,1609507583852074,5183822302,0.13664,-0.825696,-0.407968,-10.92,-37.10875,25.025,22.248001,23.400002,-19.208,concentric,6,3.0,49788.0,219962.0,106646.0,210706.0,117552.0
2026-04-14 18:08:10.251977,763512,1609507583866655,5183835223,0.13664,-0.825696,-0.407968,-11.0075,-35.04375,25.26125,22.248001,23.400002,-19.208,concentric,6,3.0,45695.0,208467.0,99405.0,201540.0,109720.0
2026-04-14 18:08:10.252708,763513,1609507583876101,5183846026,0.17568,-0.903776,-0.612928,-5.78375,-32.38375,25.54125,22.496,23.312,-18.12,concentric,6,3.0,45695.0,208467.0,99405.0,201540.0,109720.0
2026-04-14 18:08:10.254736,763514,1609507583885049,5183854747,0.17568,-0.903776,-0.612928,-3.4475,-31.0625,23.59875,22.496,23.312,-18.12,concentric,6,3.0,45695.0,208467.0,99405.0,201540.0,109720.0
2026-04-14 18:08:10.264946,763515,1609507583899594,5183869689,0.113216,-0.85888,-0.579744,-1.3125,-29.46125,24.29875,22.024,23.448002,-17.776001,concentric,6,3.0,45695.0,208467.0,99405.0,201540.0,109720.0
2026-04-14 18:08:10.272410,763516,1609507583908619,5183878387,0.113216,-0.85888,-0.579744,-1.42625,-29.303751,22.5925,22.024,23.448002,-17.776001,concentric,6,3.0,45695.0,208467.0,99405.0,201540.0,109720.0
2026-04-14 18:08:10.289463,763517,1609507583923158,5183893257,0.212768,-0.919392,-0.50752,-7.5075,-29.61,20.3175,22.456001,22.848001,-16.16,concentric,6,3.0,45695.0,208467.0,99405.0,201540.0,109720.0
2026-04-14 18:08:10.296252,763518,1609507583932158,5183902036,0.306464,-1.018944,-0.618784,-9.87875,-27.772501,19.13625,23.312,22.704,-18.320002,concentric,6,3.0,45695.0,208467.0,99405.0,201540.0,109720.0
2026-04-14 18:08:10.306633,763519,1609507583941251,5183910735,0.306464,-1.018944,-0.618784,-7.56875,-25.97875,17.08,23.312,22.704,-18.320002,concentric,6,3.0,45695.0,208467.0,99405.0,201540.0,109720.0
2026-04-14 18:08:10.320377,763520,1609507583955717,5183925624,0.284992,-1.0248,-0.808128,-7.04375,-25.235,15.636251,23.768002,22.464,-18.024,concentric,6,3.0,45695.0,208467.0,99405.0,201540.0,109720.0
2026-04-14 18:08:10.396285,763531,1609507583964838,5183934427,0.284992,-1.0248,-0.808128,-13.08125,-23.03,13.545,23.768002,22.464,-18.024,concentric,6,3.0,42925.0,199746.0,93993.0,194883.0,103803.0
2026-04-14 18:08:10.421671,763532,1609507583979377,5183949351,0.38064,-1.233664,-0.808128,-24.5875,-20.23,7.60375,23.736002,22.648,-18.296001,concentric,6,3.0,42925.0,199746.0,93993.0,194883.0,103803.0
2026-04-14 18:08:10.432415,763533,1609507583988356,5183958044,0.38064,-1.233664,-0.808128,-22.715,-14.81375,3.6575,23.736002,22.648,-18.296001,concentric,6,3.0,42925.0,199746.0,93993.0,194883.0,103803.0
2026-04-14 18:08:10.433590,763534,1609507584002879,5183972928,0.382592,-1.091168,-0.767136,-14.35875,-10.00125,0.28875,23.312,22.016,-17.704,concentric,6,3.0,42925.0,199746.0,93993.0,194883.0,103803.0
2026-04-14 18:08:10.438408,763535,1609507584011848,5183981654,0.45872,-1.196576,-0.714432,-19.74875,-5.34625,-6.64125,23.456001,22.416,-18.728,concentric,6,3.0,42925.0,199746.0,93993.0,194883.0,103803.0
2026-04-14 18:08:10.441697,763536,1609507584020803,5183990371,0.45872,-1.196576,-0.714432,-34.09,-0.42875,-15.9075,23.456001,22.416,-18.728,concentric,6,3.0,42925.0,199746.0,93993.0,194883.0,103803.0
2026-04-14 18:08:10.443673,763537,1609507584035328,5184005265,0.35136,-1.204384,-0.882304,-43.84625,4.48,-23.98375,23.384,22.576,-18.992,concentric,6,3.0,42925.0,199746.0,93993.0,194883.0,103803.0
2026-04-14 18:08:10.446480,763538,1609507584044273,5184013958,0.35136,-1.204384,-0.882304,-43.575,10.77125,-30.02125,23.384,22.576,-18.992,concentric,6,3.0,42925.0,199746.0,93993.0,194883.0,103803.0
2026-04-14 18:08:10.473710,763549,1609507584058754,5184029239,0.486048,-1.225856,-0.853024,-44.14375,17.928751,-37.2225,22.632002,22.480001,-18.952002,concentric,6,3.0,48394.0,226660.0,103100.0,216859.0,113896.0
2026-04-14 18:08:10.476463,763550,1609507584067694,5184038011,0.486048,-1.225856,-0.853024,-45.49125,26.11,-43.30375,22.632002,22.480001,-18.952002,concentric,6,3.0,48394.0,226660.0,103100.0,216859.0,113896.0
2026-04-14 18:08:10.479105,763551,1609507584082433,5184050883,0.44896,-1.159488,-0.944768,-44.31875,36.9425,-51.6775,21.44,23.064001,-19.04,concentric,6,3.0,48394.0,226660.0,103100.0,216859.0,113896.0
2026-04-14 18:08:10.481654,763552,1609507584091935,5184061657,0.42944,-1.071648,-0.737856,-43.25125,47.0575,-60.89125,20.416,23.424002,-16.936,concentric,6,3.0,48394.0,226660.0,103100.0,216859.0,113896.0
2026-04-14 18:08:10.484021,763553,1609507584100986,5184070418,0.42944,-1.071648,-0.737856,-41.62375,55.685,-69.69375,20.416,23.424002,-16.936,concentric,6,3.0,48394.0,226660.0,103100.0,216859.0,113896.0
2026-04-14 18:08:10.486639,763554,1609507584115529,5184085353,0.4392,-1.081408,-0.767136,-40.46,63.9275,-78.12875,19.192001,23.368002,-20.256,concentric,6,3.0,48394.0,226660.0,103100.0,216859.0,113896.0
2026-04-14 18:08:10.489146,763555,1609507584124489,5184094073,0.4392,-1.081408,-0.767136,-42.420002,70.58625,-85.26,19.192001,23.368002,-20.256,concentric,6,3.0,48394.0,226660.0,103100.0,216859.0,113896.0
2026-04-14 18:08:10.497882,763556,1609507584133542,5184102776,0.425536,-1.100928,-0.687104,-38.71,76.65875,-90.62375,18.08,23.920002,-20.864,concentric,6,3.0,48394.0,226660.0,103100.0,216859.0,113896.0
2026-04-14 18:08:10.512841,763557,1609507584148029,5184117681,0.425536,-1.100928,-0.687104,-34.64125,84.525,-97.4225,18.08,23.920002,-20.864,concentric,6,3.0,48394.0,226660.0,103100.0,216859.0,113896.0
2026-04-14 18:08:10.524940,763558,1609507584156982,5184126421,0.456768,-0.854976,-0.837408,-19.6875,92.785,-101.29875,17.584002,24.952002,-21.328001,concentric,6,3.0,48394.0,226660.0,103100.0,216859.0,113896.0
2026-04-14 18:08:10.552206,763569,1609507584171741,5184141394,0.40016,-0.601216,-0.667584,8.74125,100.19625,-102.2175,15.536001,25.072,-22.576,concentric,6,3.0,63984.0,257402.0,129027.0,244724.0,141645.0
2026-04-14 18:08:10.557833,763570,1609507584180819,5184150170,0.40016,-0.601216,-0.667584,12.3025,103.705,-110.075,15.672001,25.072,-22.576,concentric,6,3.0,63984.0,257402.0,129027.0,244724.0,141645.0
2026-04-14 18:08:10.566227,763571,1609507584195396,5184165150,0.480192,-0.75152,-0.534848,-5.73125,106.65375,-118.9825,14.032001,25.624,-23.784,concentric,6,3.0,63984.0,257402.0,129027.0,244724.0,141645.0
2026-04-14 18:08:10.569975,763572,1609507584204336,5184173869,0.480192,-0.75152,-0.534848,-26.4425,110.215004,-124.215004,14.032001,25.624,-23.784,concentric,6,3.0,63984.0,257402.0,129027.0,244724.0,141645.0
2026-04-14 18:08:10.578721,763573,1609507584213409,5184182553,0.505568,-0.80032,-0.501664,-33.8625,112.60375,-124.4075,11.936001,25.992,-21.112001,concentric,6,3.0,63984.0,257402.0,129027.0,244724.0,141645.0
2026-04-14 18:08:10.592334,763574,1609507584227906,5184197487,0.505568,-0.80032,-0.501664,-28.735,114.7125,-124.8625,11.936001,25.992,-21.112001,concentric,6,3.0,63984.0,257402.0,129027.0,244724.0,141645.0
2026-04-14 18:08:10.601321,763575,1609507584236867,5184206242,0.462624,-0.735904,-0.569984,-21.7525,119.5425,-124.25875,10.744,26.368002,-24.576,concentric,6,3.0,63984.0,257402.0,129027.0,244724.0,141645.0
2026-04-14 18:08:10.618267,763576,1609507584251383,5184221172,0.462624,-0.735904,-0.569984,-7.55125,124.582504,-121.65125,10.744,26.368002,-24.576,concentric,6,3.0,63984.0,257402.0,129027.0,244724.0,141645.0
2026-04-14 18:08:10.654717,763587,1609507584260383,5184230338,0.493856,-0.671488,-0.406016,9.1525,128.47626,-122.28125,8.72,26.664001,-23.976002,concentric,6,3.0,79514.0,265683.0,151945.0,250802.0,164577.0
2026-04-14 18:08:10.657216,763588,1609507584269340,5184239094,0.493856,-0.671488,-0.406016,16.89625,131.4425,-122.89375,8.72,26.664001,-23.976002,concentric,6,3.0,79514.0,265683.0,151945.0,250802.0,164577.0
2026-04-14 18:08:10.659725,763589,1609507584283901,5184254038,0.486048,-0.521184,-0.406016,27.3,131.59125,-119.6825,5.912,27.592001,-23.432001,concentric,6,3.0,79514.0,265683.0,151945.0,250802.0,164577.0
2026-04-14 18:08:10.662207,763590,1609507584292914,5184262735,0.306464,-0.247904,-0.337696,29.60125,129.4825,-120.4525,3.888,27.872002,-25.784,concentric,6,3.0,79514.0,265683.0,151945.0,250802.0,164577.0
2026-04-14 18:08:10.673565,763591,1609507584307500,5184277636,0.306464,-0.247904,-0.337696,30.37125,126.70875,-121.7475,3.888,27.872002,-25.784,concentric,6,3.0,79514.0,265683.0,151945.0,250802.0,164577.0
2026-04-14 18:08:10.679707,763592,1609507584316419,5184286338,0.366976,-0.228384,-0.17568,27.50125,122.9725,-122.246254,3.032,27.880001,-24.448002,concentric,6,3.0,79514.0,265683.0,151945.0,250802.0,164577.0
2026-04-14 18:08:10.695256,763593,1609507584330911,5184299296,0.366976,-0.228384,-0.17568,14.096251,117.582504,-124.4425,3.032,27.880001,-24.448002,concentric,6,3.0,79514.0,265683.0,151945.0,250802.0,164577.0
2026-04-14 18:08:10.706543,763594,1609507584340115,5184310105,0.406016,-0.415776,-0.2928,-2.16125,110.52125,-125.265,0.68,27.864002,-22.000002,concentric,6,3.0,79514.0,265683.0,151945.0,250802.0,164577.0
2026-04-14 18:08:10.713819,763595,1609507584349175,5184318791,0.406016,-0.415776,-0.2928,-15.6975,101.465004,-119.88375,0.68,27.864002,-22.000002,concentric,6,3.0,79514.0,265683.0,151945.0,250802.0,164577.0
2026-04-14 18:08:10.817657,763606,1609507584364384,5184333721,0.376736,-0.433344,-0.306464,-25.3225,91.0875,-112.69125,-1.36,28.176,-23.848001,concentric,6,3.0,106481.0,275980.0,185808.0,259717.0,198668.0
2026-04-14 18:08:10.820251,763607,1609507584373458,5184342487,0.482144,-0.335744,-0.275232,-22.14625,81.6375,-107.10875,-4.104,28.320002,-22.184002,concentric,6,3.0,106481.0,275980.0,185808.0,259717.0,198668.0
2026-04-14 18:08:10.822892,763608,1609507584387933,5184357429,0.482144,-0.335744,-0.275232,-9.135,75.635,-100.8525,-4.104,28.320002,-22.184002,concentric,6,3.0,106481.0,275980.0,185808.0,259717.0,198668.0
2026-04-14 18:08:10.825117,763609,1609507584396834,5184366071,0.482144,-0.173728,-0.18544,7.735,71.04125,-93.02125,-5.016,27.976002,-23.144001,concentric,6,3.0,106481.0,275980.0,185808.0,259717.0,198668.0
2026-04-14 18:08:10.827721,763610,1609507584405798,5184374764,0.482144,-0.173728,-0.18544,15.54875,65.52875,-87.08875,-5.016,27.976002,-23.144001,concentric,6,3.0,106481.0,275980.0,185808.0,259717.0,198668.0
2026-04-14 18:08:10.830221,763611,1609507584420283,5184389666,0.493856,-0.238144,-0.365024,10.28125,54.7575,-80.87625,-5.192,28.176,-25.384,concentric,6,3.0,106481.0,275980.0,185808.0,259717.0,198668.0
2026-04-14 18:08:10.835301,763612,1609507584429377,5184398360,0.493856,-0.238144,-0.365024,-4.0075,44.24,-70.5775,-5.192,28.176,-25.384,concentric,6,3.0,106481.0,275980.0,185808.0,259717.0,198668.0
2026-04-14 18:08:10.837818,763613,1609507584443898,5184413436,0.62464,-0.327936,-0.124928,-29.60125,34.0725,-58.21375,-5.776001,27.664001,-23.344002,concentric,6,3.0,106481.0,275980.0,185808.0,259717.0,198668.0
2026-04-14 18:08:10.842302,763614,1609507584452979,5184422146,0.62464,-0.327936,0.031232,-47.06625,24.325,-49.27125,-5.776001,27.664001,-23.344002,concentric,6,3.0,106481.0,275980.0,185808.0,259717.0,198668.0
2026-04-14 18:08:10.845411,763615,1609507584462102,5184430867,0.735904,-0.216672,0.037088,-32.6375,24.07125,-42.4725,-6.584,27.512001,-22.944,concentric,6,3.0,106481.0,275980.0,185808.0,259717.0,198668.0
2026-04-14 18:08:10.872893,763626,1609507584477519,5184445922,0.6832,-0.191296,-0.267424,-20.3525,29.89,-39.41875,-6.808,26.904001,-25.008001,concentric,6,3.0,137973.0,297291.0,224486.0,280392.0,236917.0
2026-04-14 18:08:10.875272,763627,1609507584486883,5184456733,0.6832,-0.191296,-0.267424,-23.66875,33.38125,-33.3725,-6.808,26.904001,-25.008001,concentric,6,3.0,137973.0,297291.0,224486.0,280392.0,236917.0
2026-04-14 18:08:10.877912,763628,1609507584495844,5184465457,0.759328,-0.38064,-0.101504,-43.12875,31.96375,-23.31875,-6.472,26.544,-25.240002,concentric,6,3.0,137973.0,297291.0,224486.0,280392.0,236917.0
2026-04-14 18:08:10.880378,763629,1609507584510396,5184480380,0.759328,-0.38064,-0.101504,-64.53125,25.2,-14.37625,-6.472,26.544,-25.240002,concentric,6,3.0,137973.0,297291.0,224486.0,280392.0,236917.0
2026-04-14 18:08:10.885383,763630,1609507584519331,5184489077,0.700768,-0.404064,0.035136,-78.155,17.36,-9.86125,-6.608,25.880001,-25.648,concentric,6,3.0,137973.0,297291.0,224486.0,280392.0,236917.0
2026-04-14 18:08:10.899745,763631,1609507584533928,5184504006,0.7808,-0.11712,-0.013664,-60.138752,10.66625,-6.27375,-6.608,25.880001,-29.44,concentric,6,3.0,137973.0,297291.0,224486.0,280392.0,236917.0
2026-04-14 18:08:10.908759,763632,1609507584542860,5184512711,0.7808,-0.11712,-0.013664,-19.9675,13.32625,-3.3425,-6.424,25.952002,-29.44,concentric,6,3.0,137973.0,297291.0,224486.0,280392.0,236917.0
2026-04-14 18:08:10.921062,763633,1609507584557332,5184527627,0.743712,-0.267424,-0.277184,-10.66625,12.81,-5.46875,-7.32,26.072,-26.224,concentric,6,3.0,137973.0,297291.0,224486.0,280392.0,236917.0
2026-04-14 18:08:10.956230,763644,1609507584566735,5184536511,0.743712,-0.267424,-0.277184,-24.465,8.47875,-2.7475,-7.32,26.072,-26.224,concentric,6,3.0,177543.0,320185.0,270628.0,302677.0,277039.0
2026-04-14 18:08:10.958710,763645,1609507584576068,5184545280,0.84912,-0.433344,-0.13664,-51.38,3.4125,5.3025,-8.176001,26.36,-24.776001,concentric,6,3.0,177543.0,320185.0,270628.0,302677.0,277039.0
2026-04-14 18:08:10.961599,763646,1609507584591078,5184560660,0.84912,-0.433344,-0.13664,-62.510002,-4.6375,8.58375,-8.176001,26.36,-24.776001,concentric,6,3.0,177543.0,320185.0,270628.0,302677.0,277039.0
2026-04-14 18:08:10.988881,763647,1609507584600096,5184569355,0.757376,-0.249856,-0.1952,-45.43875,-12.355001,6.95625,-7.016,26.144001,-25.712002,concentric,6,3.0,177543.0,320185.0,270628.0,302677.0,277039.0
2026-04-14 18:08:10.991370,763648,1609507584609065,5184578096,0.757376,-0.249856,-0.1952,-24.96375,-13.4575,0.93625,-7.016,26.144001,-25.712002,concentric,6,3.0,177543.0,320185.0,270628.0,302677.0,277039.0
2026-04-14 18:08:10.993853,763649,1609507584623566,5184592950,0.872544,-0.386496,-0.187392,-19.39,-11.34875,-4.03375,-6.936,25.288002,-25.840002,concentric,6,3.0,177543.0,320185.0,270628.0,302677.0,277039.0
2026-04-14 18:08:10.996329,763650,1609507584632649,5184601693,0.872544,-0.386496,-0.187392,-20.265,-15.16375,4.54125,-6.936,25.288002,-25.840002,concentric,6,3.0,177543.0,320185.0,270628.0,302677.0,277039.0
2026-04-14 18:08:11.011048,763651,1609507584647160,5184616629,0.862784,-0.357216,-0.218624,-24.43,-13.67625,6.6325,-7.064,25.28,-25.952002,concentric,6,3.0,177543.0,320185.0,270628.0,302677.0,277039.0
2026-04-14 18:08:11.019955,763652,1609507584656078,5184625327,0.9272,-0.271328,-0.064416,-19.62625,-17.7625,6.64125,-6.8,24.872002,-27.728,concentric,6,3.0,177543.0,320185.0,270628.0,302677.0,277039.0
2026-04-14 18:08:11.060044,763663,1609507584670631,5184640283,0.9272,-0.271328,-0.064416,-16.82625,-18.9875,3.4475,-6.8,24.872002,-27.728,concentric,6,3.0,197362.0,324818.0,295038.0,307734.0,295542.0
2026-04-14 18:08:11.062495,763664,1609507584679609,5184649055,0.90768,-0.382592,-0.28304,-18.6025,-17.64,0.14875,-6.624001,25.168001,-26.536001,concentric,6,3.0,197362.0,324818.0,295038.0,307734.0,295542.0
2026-04-14 18:08:11.065052,763665,1609507584688530,5184657751,0.90768,-0.382592,-0.28304,-17.26375,-16.63375,-0.51625,-6.624001,25.168001,-26.536001,concentric,6,3.0,197362.0,324818.0,295038.0,307734.0,295542.0
2026-04-14 18:08:11.067564,763666,1609507584703040,5184672741,0.905728,-0.325984,-0.130784,-12.74875,-15.32125,-1.37375,-6.304,25.160002,-26.408,concentric,6,3.0,197362.0,324818.0,295038.0,307734.0,295542.0
2026-04-14 18:08:11.077570,763667,1609507584712032,5184681443,0.905728,-0.325984,-0.130784,-6.09875,-14.49,-2.7825,-6.304,25.160002,-26.408,concentric,6,3.0,197362.0,324818.0,295038.0,307734.0,295542.0
2026-04-14 18:08:11.091367,763668,1609507584726529,5184696553,0.905728,-0.296704,-0.242048,-0.84,-12.90625,-5.39875,-5.624,24.704,-26.544,concentric,6,3.0,197362.0,324818.0,295038.0,307734.0,295542.0
2026-04-14 18:08:11.101233,763669,1609507584735813,5184705279,0.798368,-0.337696,-0.392352,-2.05625,-11.43625,-6.7025,-5.544,24.864,-27.096,concentric,6,3.0,197362.0,324818.0,295038.0,307734.0,295542.0
2026-04-14 18:08:11.131264,763670,1609507584744796,5184714027,0.798368,-0.337696,-0.392352,-2.8175,-9.86125,-8.1375,-5.544,24.864,-27.096,concentric,6,3.0,197362.0,324818.0,295038.0,307734.0,295542.0
2026-04-14 18:08:11.133797,763671,1609507584759513,5184728954,0.81008,-0.300608,-0.27328,-0.60375,-8.60125,-8.81125,-5.376,24.920002,-27.464,concentric,6,3.0,197362.0,324818.0,295038.0,307734.0,295542.0
2026-04-14 18:08:11.188855,763682,1609507584768599,5184737735,0.81008,-0.300608,-0.27328,3.92,-6.6325,-8.015,-5.376,24.920002,-27.464,concentric,6,3.0,189551.0,323620.0,285233.0,306055.0,288573.0
2026-04-14 18:08:11.193116,763683,1609507584783176,5184752691,0.821792,-0.296704,-0.23424,9.59875,-3.5525,-8.1375,-5.552,24.808,-27.312002,concentric,6,3.0,189551.0,323620.0,285233.0,306055.0,288573.0
2026-04-14 18:08:11.193709,763684,1609507584792282,5184761383,0.821792,-0.296704,-0.23424,12.55625,-0.90125,-8.79375,-5.552,24.808,-27.312002,concentric,6,3.0,189551.0,323620.0,285233.0,306055.0,288573.0
2026-04-14 18:08:11.196394,763685,1609507584806791,5184776271,0.831552,-0.320128,-0.220576,16.485,1.09375,-8.5575,-5.480001,25.344002,-26.912,concentric,6,3.0,189551.0,323620.0,285233.0,306055.0,288573.0
2026-04-14 18:08:11.199435,763686,1609507584815846,5184785025,0.80032,-0.30256,-0.398208,21.4725,1.8025,-8.82,-5.480001,25.344002,-24.656002,concentric,6,3.0,189551.0,323620.0,285233.0,306055.0,288573.0
2026-04-14 18:08:11.201003,763687,1609507584824816,5184793736,0.81008,-0.30256,-0.398208,26.67,1.96,-8.925,-5.64,25.528002,-24.656002,concentric,6,3.0,189551.0,323620.0,285233.0,306055.0,288573.0
2026-04-14 18:08:11.204058,763688,1609507584839328,5184808644,0.903776,-0.290848,-0.27328,31.71875,2.695,-8.9075,-6.536,25.728,-25.488,concentric,6,3.0,189551.0,323620.0,285233.0,306055.0,288573.0
2026-04-14 18:08:11.211590,763689,1609507584848279,5184817414,0.903776,-0.290848,-0.27328,32.47125,3.9025,-9.275,-6.536,25.728,-25.488,concentric,6,3.0,189551.0,323620.0,285233.0,306055.0,288573.0
2026-04-14 18:08:11.227892,763690,1609507584862825,5184832350,0.899872,-0.357216,-0.329888,28.02625,3.85,-9.12625,-6.216,25.512001,-26.704,concentric,6,3.0,189551.0,323620.0,285233.0,306055.0,288573.0
2026-04-14 18:08:11.254989,763701,1609507584871869,5184841101,0.899872,-0.357216,-0.329888,21.647501,2.73,-7.77875,-6.216,25.512001,-26.704,concentric,6,3.0,169272.0,315743.0,260595.0,298011.0,268644.0
2026-04-14 18:08:11.257965,763702,1609507584880850,5184849910,0.81984,-0.31232,-0.374784,17.255,1.1025,-7.245,-5.776001,25.776001,-26.088001,concentric,6,3.0,169272.0,315743.0,260595.0,298011.0,268644.0
2026-04-14 18:08:11.260377,763703,1609507584895480,5184865033,0.81984,-0.31232,-0.374784,18.71625,0.175,-7.58625,-5.776001,25.776001,-26.088001,concentric,6,3.0,169272.0,315743.0,260595.0,298011.0,268644.0
2026-04-14 18:08:11.270386,763704,1609507584904594,5184873734,0.86864,-0.269376,-0.1464,19.18875,0.1575,-8.925,-5.704001,26.224,-24.688002,concentric,6,3.0,169272.0,315743.0,260595.0,298011.0,268644.0
2026-04-14 18:08:11.283668,763705,1609507584919073,5184888609,0.817888,-0.27328,-0.296704,17.955,0.44625,-9.4675,-6.432,26.328001,-25.232,concentric,6,3.0,169272.0,315743.0,260595.0,298011.0,268644.0
2026-04-14 18:08:11.292604,763706,1609507584928005,5184897345,0.817888,-0.27328,-0.296704,13.4925,-0.385,-8.6625,-6.432,26.328001,-25.232,concentric,6,3.0,169272.0,315743.0,260595.0,298011.0,268644.0
2026-04-14 18:08:11.306578,763707,1609507584942613,5184912261,0.866688,-0.277184,-0.18544,5.25875,-2.00375,-7.7175,-5.92,25.888,-26.192001,concentric,6,3.0,169272.0,315743.0,260595.0,298011.0,268644.0
2026-04-14 18:08:11.316585,763708,1609507584951551,5184921102,0.866688,-0.277184,-0.18544,0.21,-3.185,-5.88,-5.92,25.888,-26.192001,concentric,6,3.0,169272.0,315743.0,260595.0,298011.0,268644.0
2026-04-14 18:08:11.325313,763709,1609507584960522,5184929776,0.776896,-0.286944,-0.368928,0.28,-3.6225,-5.08375,-5.888001,26.000002,-26.304,concentric,6,3.0,169272.0,315743.0,260595.0,298011.0,268644.0
2026-04-14 18:08:11.355427,763720,1609507584975278,5184945006,0.776896,-0.286944,-0.368928,1.37375,-4.025,-5.03125,-5.888001,26.000002,-26.304,concentric,6,3.0,157275.0,311295.0,246242.0,293925.0,256018.0
2026-04-14 18:08:11.357539,763721,1609507584984256,5184953749,0.817888,-0.310368,-0.392352,1.435,-5.0225,-4.03375,-5.824,26.064001,-24.944,concentric,6,3.0,157275.0,311295.0,246242.0,293925.0,256018.0
2026-04-14 18:08:11.366674,763722,1609507584998827,5184968677,0.874496,-0.298656,-0.306464,-0.3675,-5.32,-3.4125,-5.816001,25.960001,-25.44,concentric,6,3.0,157275.0,311295.0,246242.0,293925.0,256018.0
2026-04-14 18:08:11.372921,763723,1609507585007740,5184977549,0.874496,-0.298656,-0.306464,-1.86375,-5.6875,-1.8025,-5.816001,25.960001,-25.44,concentric,6,3.0,157275.0,311295.0,246242.0,293925.0,256018.0
2026-04-14 18:08:11.381235,763724,1609507585016672,5184986264,0.874496,-0.298656,-0.378688,-0.665,-5.57375,-1.18125,-5.816001,25.960001,-25.44,concentric,6,3.0,157275.0,311295.0,246242.0,293925.0,256018.0
2026-04-14 18:08:11.394848,763725,1609507585031183,5185001184,0.786656,-0.265472,-0.378688,-1.4,-5.3025,-1.4875,-5.576,26.448002,-23.736002,concentric,6,3.0,157275.0,311295.0,246242.0,293925.0,256018.0
2026-04-14 18:08:11.405317,763726,1609507585040161,5185009873,0.80032,-0.286944,-0.314272,-4.17375,-5.74875,-1.4175,-6.352,26.464,-24.992,concentric,6,3.0,157275.0,311295.0,246242.0,293925.0,256018.0
2026-04-14 18:08:11.421478,763727,1609507585054794,5185024782,0.80032,-0.286944,-0.314272,-6.95625,-6.22125,-1.02375,-6.352,26.464,-24.992,concentric,6,3.0,157275.0,311295.0,246242.0,293925.0,256018.0
2026-04-14 18:08:11.427888,763728,1609507585063941,5185033591,0.778848,-0.327936,-0.349408,-9.31,-7.30625,-0.13125,-5.496,26.008001,-26.488,concentric,6,3.0,157275.0,311295.0,246242.0,293925.0,256018.0
2026-04-14 18:08:11.455396,763739,1609507585078510,5185048560,0.7808,-0.281088,-0.31232,-7.1925,-7.0,0.95375,-6.448,26.392002,-25.424002,concentric,6,3.0,157626.0,314637.0,246850.0,297453.0,256571.0
2026-04-14 18:08:11.457905,763740,1609507585087465,5185057251,0.7808,-0.281088,-0.31232,-2.33625,-5.80125,1.26,-6.448,26.392002,-25.424002,concentric,6,3.0,157626.0,314637.0,246850.0,297453.0,256571.0
2026-04-14 18:08:11.460453,763741,1609507585096523,5185065982,0.7808,-0.281088,-0.31232,2.31,-5.34625,1.75,-6.448,26.392002,-25.424002,concentric,6,3.0,157626.0,314637.0,246850.0,297453.0,256571.0
2026-04-14 18:08:11.502291,763742,1609507585111033,5185080934,0.88816,-0.314272,-0.325984,2.98375,-5.18875,1.82,-6.04,26.344002,-24.864,concentric,6,3.0,157626.0,314637.0,246850.0,297453.0,256571.0
2026-04-14 18:08:11.504776,763743,1609507585119942,5185089605,0.827648,-0.296704,-0.259616,0.46375,-5.43375,1.925,-6.952,26.576002,-24.032001,concentric,6,3.0,157626.0,314637.0,246850.0,297453.0,256571.0
2026-04-14 18:08:11.507892,763744,1609507585134448,5185104535,0.827648,-0.296704,-0.259616,-2.21375,-5.39875,1.6625,-6.952,26.576002,-24.032001,concentric,6,3.0,157626.0,314637.0,246850.0,297453.0,256571.0
2026-04-14 18:08:11.532802,763745,1609507585143474,5185113227,0.88816,-0.325984,-0.1464,-4.78625,-4.13875,0.53375,-7.2,26.52,-25.136002,concentric,6,3.0,157626.0,314637.0,246850.0,297453.0,256571.0
2026-04-14 18:08:11.552899,763746,1609507585152461,5185121959,0.88816,-0.325984,-0.1464,-4.76,-2.24875,-0.65625,-7.2,26.52,-25.136002,concentric,6,3.0,157626.0,314637.0,246850.0,297453.0,256571.0
2026-04-14 18:08:11.585205,763757,1609507585167391,5185136919,0.894016,-0.337696,-0.320128,-3.01,-0.27125,-1.12,-6.304,26.288002,-25.504002,concentric,6,3.0,157519.0,315837.0,246777.0,298694.0,256439.0
2026-04-14 18:08:11.587771,763758,1609507585176540,5185145658,0.894016,-0.337696,-0.320128,-2.6075,1.91625,-1.9425,-6.304,26.288002,-25.504002,concentric,6,3.0,157519.0,315837.0,246777.0,298694.0,256439.0
2026-04-14 18:08:11.590278,763759,1609507585191059,5185160565,0.90768,-0.327936,-0.203008,-2.38875,3.56125,-2.45,-6.096,26.248001,-24.488,concentric,6,3.0,157519.0,315837.0,246777.0,298694.0,256439.0
2026-04-14 18:08:11.592396,763760,1609507585200012,5185169289,0.870592,-0.310368,-0.169824,-2.96625,3.64,-2.7475,-6.304,26.560001,-25.240002,concentric,6,3.0,157519.0,315837.0,246777.0,298694.0,256439.0
2026-04-14 18:08:11.594904,763761,1609507585209104,5185178102,0.870592,-0.310368,-0.169824,-2.6775,4.33125,-3.28125,-6.304,26.560001,-25.240002,concentric,6,3.0,157519.0,315837.0,246777.0,298694.0,256439.0
2026-04-14 18:08:11.597575,763762,1609507585223759,5185193102,0.837408,-0.290848,-0.222528,-2.4325,5.06625,-3.6225,-6.392,26.376001,-25.28,concentric,6,3.0,157519.0,315837.0,246777.0,298694.0,256439.0
2026-04-14 18:08:11.600334,763763,1609507585232739,5185201843,0.837408,-0.290848,-0.222528,-1.925,5.87125,-3.22,-6.392,26.376001,-25.28,concentric,6,3.0,157519.0,315837.0,246777.0,298694.0,256439.0
2026-04-14 18:08:11.630098,763764,1609507585247396,5185216743,0.884256,-0.300608,-0.163968,-2.24875,6.37,-3.42125,-5.968,25.816002,-26.480001,concentric,6,3.0,157519.0,315837.0,246777.0,298694.0,256439.0
2026-04-14 18:08:11.632984,763765,1609507585256495,5185225474,0.884256,-0.300608,-0.163968,-3.63125,6.86875,-4.2,-5.968,25.816002,-26.480001,concentric,6,3.0,157519.0,315837.0,246777.0,298694.0,256439.0
2026-04-14 18:08:11.663836,763776,1609507585271425,5185240520,0.880352,-0.355264,-0.345504,-4.48,7.5425,-4.4975,-5.816001,26.192001,-25.400002,concentric,6,3.0,152240.0,312432.0,240540.0,295443.0,250877.0
2026-04-14 18:08:11.666103,763777,1609507585280650,5185249257,0.895968,-0.300608,-0.15616,-5.88,7.62125,-4.34875,-5.864,25.928001,-26.12,concentric,6,3.0,152240.0,312432.0,240540.0,295443.0,250877.0
2026-04-14 18:08:11.671971,763778,1609507585290136,5185260154,0.895968,-0.300608,-0.15616,-5.24125,8.53125,-4.52375,-5.864,25.928001,-26.12,concentric,6,3.0,152240.0,312432.0,240540.0,295443.0,250877.0
2026-04-14 18:08:11.672106,763779,1609507585304743,5185275088,0.786656,-0.267424,-0.32208,-3.15,9.37125,-5.32875,-7.272,26.400002,-24.112001,concentric,6,3.0,152240.0,312432.0,240540.0,295443.0,250877.0
2026-04-14 18:08:11.679043,763780,1609507585313710,5185283787,0.786656,-0.267424,-0.32208,-2.905,9.625,-5.50375,-7.272,26.400002,-24.112001,concentric,6,3.0,152240.0,312432.0,240540.0,295443.0,250877.0
2026-04-14 18:08:11.687721,763781,1609507585322807,5185292495,0.841312,-0.327936,-0.388448,-3.85,9.1,-4.76,-6.864,26.160002,-26.12,concentric,6,3.0,152240.0,312432.0,240540.0,295443.0,250877.0
2026-04-14 18:08:11.704105,763782,1609507585337453,5185307375,0.841312,-0.327936,-0.388448,-7.5425,8.56625,-3.75375,-6.864,26.160002,-26.12,concentric,6,3.0,152240.0,312432.0,240540.0,295443.0,250877.0
2026-04-14 18:08:11.710341,763783,1609507585346388,5185316073,0.88816,-0.3416,-0.26352,-10.92875,7.5075,-2.6425,-5.960001,25.640001,-27.456001,concentric,6,3.0,152240.0,312432.0,240540.0,295443.0,250877.0
2026-04-14 18:08:11.727885,763784,1609507585360907,5185330979,0.886208,-0.290848,-0.142496,-11.33125,7.06125,-0.79625,-5.856,25.688002,-26.288002,concentric,6,3.0,152240.0,312432.0,240540.0,295443.0,250877.0
2026-04-14 18:08:11.758491,763795,1609507585370245,5185339895,0.886208,-0.290848,-0.142496,-9.79125,6.37,-0.3675,-5.856,25.688002,-26.288002,concentric,6,3.0,151802.0,311848.0,240333.0,295102.0,250818.0
2026-04-14 18:08:11.764011,763796,1609507585379328,5185348708,0.886208,-0.294752,-0.177632,-6.83375,4.99625,0.035,-5.856,25.688002,-26.288002,concentric,6,3.0,151802.0,311848.0,240333.0,295102.0,250818.0
2026-04-14 18:08:11.767195,763797,1609507585393812,5185363641,0.890112,-0.294752,-0.177632,-5.9325,4.01625,0.1225,-7.208,26.136002,-26.36,concentric,6,3.0,151802.0,311848.0,240333.0,295102.0,250818.0
2026-04-14 18:08:11.768718,763798,1609507585402844,5185372423,0.851072,-0.32208,-0.365024,-7.1575,2.555,0.58625,-7.04,25.864,-25.52,concentric,6,3.0,151802.0,311848.0,240333.0,295102.0,250818.0
2026-04-14 18:08:11.783987,763799,1609507585417359,5185387382,0.851072,-0.32208,-0.365024,-9.49375,1.84625,0.65625,-7.04,25.864,-25.52,concentric,6,3.0,151802.0,311848.0,240333.0,295102.0,250818.0
2026-04-14 18:08:11.789907,763800,1609507585426398,5185396083,0.905728,-0.325984,-0.232288,-11.75125,0.9625,0.76125,-7.064,26.04,-27.448002,concentric,6,3.0,151802.0,311848.0,240333.0,295102.0,250818.0
2026-04-14 18:08:11.801182,763801,1609507585435507,5185404889,0.905728,-0.325984,-0.232288,-11.917501,0.62125,0.6825,-7.064,26.04,-27.448002,concentric,6,3.0,151802.0,311848.0,240333.0,295102.0,250818.0
2026-04-14 18:08:11.815372,763802,1609507585450032,5185419785,0.882304,-0.286944,-0.138592,-12.8625,0.23625,0.63875,-6.136,25.744001,-26.224,concentric,6,3.0,151802.0,311848.0,240333.0,295102.0,250818.0
2026-04-14 18:08:11.825260,763803,1609507585458974,5185428481,0.882304,-0.286944,-0.138592,-12.5125,-0.25375,0.34125,-6.136,25.744001,-26.224,concentric,6,3.0,151802.0,311848.0,240333.0,295102.0,250818.0
2026-04-14 18:08:11.921626,763814,1609507585473754,5185443644,0.8296,-0.310368,-0.382592,-11.2875,-1.58375,0.72625,-6.216,25.44,-25.216002,concentric,6,3.0,155241.0,315162.0,244606.0,298508.0,254710.0
2026-04-14 18:08:11.924131,763815,1609507585482885,5185452410,0.833504,-0.335744,-0.392352,-9.84375,-2.415,0.74375,-5.84,25.480001,-26.888,concentric,6,3.0,155241.0,315162.0,244606.0,298508.0,254710.0
2026-04-14 18:08:11.926091,763816,1609507585497538,5185467304,0.833504,-0.335744,-0.392352,-9.86125,-4.13875,0.9275,-5.84,25.480001,-26.888,concentric,6,3.0,155241.0,315162.0,244606.0,298508.0,254710.0
2026-04-14 18:08:11.928560,763817,1609507585506486,5185475976,0.862784,-0.337696,-0.327936,-9.14375,-6.04625,1.715,-6.000001,25.272001,-26.824001,concentric,6,3.0,155241.0,315162.0,244606.0,298508.0,254710.0
2026-04-14 18:08:11.931650,763818,1609507585515525,5185484718,0.862784,-0.337696,-0.327936,-7.35875,-6.9125,2.0825,-6.000001,25.272001,-26.824001,concentric,6,3.0,155241.0,315162.0,244606.0,298508.0,254710.0
2026-04-14 18:08:11.934155,763819,1609507585530035,5185499642,0.895968,-0.339648,-0.26352,-7.4025,-7.2625,1.2425,-5.744,25.024002,-26.968,concentric,6,3.0,155241.0,315162.0,244606.0,298508.0,254710.0
2026-04-14 18:08:11.936675,763820,1609507585538950,5185508337,0.895968,-0.339648,-0.26352,-6.64125,-6.9475,0.76125,-5.744,25.024002,-26.968,concentric,6,3.0,155241.0,315162.0,244606.0,298508.0,254710.0
2026-04-14 18:08:11.939097,763821,1609507585553672,5185523220,0.882304,-0.324032,-0.142496,-5.03125,-6.51875,0.34125,-5.608,25.328001,-28.216002,concentric,6,3.0,155241.0,315162.0,244606.0,298508.0,254710.0
2026-04-14 18:08:11.945225,763822,1609507585562632,5185531943,0.81984,-0.347456,-0.411872,-2.89625,-6.44875,0.74375,-5.752,25.392002,-26.712002,concentric,6,3.0,155241.0,315162.0,244606.0,298508.0,254710.0
2026-04-14 18:08:11.971136,763833,1609507585571653,5185540714,0.81984,-0.347456,-0.411872,-0.91,-5.99375,0.9275,-5.752,25.392002,-26.712002,concentric,6,3.0,157779.0,316201.0,247525.0,299340.0,257259.0
2026-04-14 18:08:11.973762,763834,1609507585586244,5185555788,0.813984,-0.27328,-0.257664,0.48125,-5.48625,1.0675,-5.984,25.392002,-26.064001,concentric,6,3.0,157779.0,316201.0,247525.0,299340.0,257259.0
2026-04-14 18:08:11.976196,763835,1609507585595375,5185564534,0.813984,-0.27328,-0.257664,2.24875,-4.4975,0.35,-5.984,25.392002,-26.064001,concentric,6,3.0,157779.0,316201.0,247525.0,299340.0,257259.0
2026-04-14 18:08:11.978890,763836,1609507585610036,5185579411,0.802272,-0.294752,-0.32208,2.8,-3.3775,-1.3125,-6.312,25.704,-25.808,concentric,6,3.0,157779.0,316201.0,247525.0,299340.0,257259.0
2026-04-14 18:08:11.987588,763837,1609507585618954,5185588096,0.802272,-0.294752,-0.32208,1.12,-2.86125,-1.645,-6.312,25.704,-25.808,concentric,6,3.0,157779.0,316201.0,247525.0,299340.0,257259.0
2026-04-14 18:08:11.991337,763838,1609507585627962,5185596833,0.90768,-0.372832,-0.26352,0.21875,-1.86375,-1.82875,-6.288,25.552002,-26.128002,concentric,6,3.0,157779.0,316201.0,247525.0,299340.0,257259.0
2026-04-14 18:08:12.006308,763839,1609507585642462,5185611826,0.890112,-0.345504,-0.279136,0.0875,-0.84875,-1.61875,-5.4,25.448002,-27.032001,concentric,6,3.0,157779.0,316201.0,247525.0,299340.0,257259.0
2026-04-14 18:08:12.016212,763840,1609507585651378,5185620520,0.890112,-0.345504,-0.279136,1.8025,0.07,-1.715,-5.4,25.448002,-27.032001,concentric,6,3.0,157779.0,316201.0,247525.0,299340.0,257259.0
2026-04-14 18:08:12.030051,763841,1609507585665855,5185635402,0.884256,-0.308416,-0.22448,3.54375,1.33,-1.8375,-5.552,25.568,-26.648,concentric,6,3.0,157779.0,316201.0,247525.0,299340.0,257259.0
2026-04-14 18:08:12.061103,763852,1609507585674979,5185644116,0.884256,-0.308416,-0.22448,4.2875,1.9075,-2.17875,-5.552,25.568,-26.648,concentric,6,3.0,155173.0,314772.0,244453.0,297970.0,254482.0
2026-04-14 18:08:12.063509,763853,1609507585689661,5185659060,0.8296,-0.329888,-0.316224,3.71875,2.5375,-2.415,-6.24,26.632002,-24.840002,concentric,6,3.0,155173.0,314772.0,244453.0,297970.0,254482.0
2026-04-14 18:08:12.066139,763854,1609507585698632,5185667951,0.8296,-0.329888,-0.316224,3.15875,3.1675,-1.98625,-6.24,26.632002,-24.840002,concentric,6,3.0,155173.0,314772.0,244453.0,297970.0,254482.0
2026-04-14 18:08:12.071305,763855,1609507585707603,5185676664,0.798368,-0.333792,-0.318176,3.0275,2.79125,-1.00625,-7.544,26.192001,-24.296001,concentric,6,3.0,155173.0,314772.0,244453.0,297970.0,254482.0
2026-04-14 18:08:12.087556,763856,1609507585722086,5185691563,0.851072,-0.32208,-0.244,5.18,2.8175,-0.42,-6.056,25.712002,-24.656002,concentric,6,3.0,155173.0,314772.0,244453.0,297970.0,254482.0
2026-04-14 18:08:12.094991,763857,1609507585731084,5185700314,0.851072,-0.32208,-0.244,7.1575,2.61625,0.0,-6.056,25.712002,-24.656002,concentric,6,3.0,155173.0,314772.0,244453.0,297970.0,254482.0
2026-04-14 18:08:12.111303,763858,1609507585745597,5185715168,0.88816,-0.30256,-0.173728,7.595,2.5725,0.0175,-5.464,25.920002,-26.584002,concentric,6,3.0,155173.0,314772.0,244453.0,297970.0,254482.0
2026-04-14 18:08:12.117566,763859,1609507585754585,5185723953,0.88816,-0.30256,-0.173728,7.13125,2.835,-0.34125,-5.464,25.920002,-26.584002,concentric,6,3.0,155173.0,314772.0,244453.0,297970.0,254482.0
2026-04-14 18:08:12.158535,763870,1609507585769088,5185738923,0.823744,-0.308416,-0.242048,4.3925,2.38,-1.1025,-5.768,25.704,-26.384,concentric,6,3.0,156104.0,314186.0,245684.0,297373.0,255686.0
2026-04-14 18:08:12.161538,763871,1609507585778096,5185747631,0.823744,-0.308416,-0.242048,-0.5425,1.9775,-1.67125,-5.768,25.704,-26.384,concentric,6,3.0,156104.0,314186.0,245684.0,297373.0,255686.0
2026-04-14 18:08:12.164039,763872,1609507585787235,5185756412,0.892064,-0.333792,-0.148352,-3.70125,1.58375,-2.30125,-6.224001,26.312002,-25.400002,concentric,6,3.0,156104.0,314186.0,245684.0,297373.0,255686.0
2026-04-14 18:08:12.166491,763873,1609507585801747,5185771304,0.892064,-0.333792,-0.290848,-5.0575,1.4875,-2.66,-6.224001,26.312002,-25.400002,concentric,6,3.0,156104.0,314186.0,245684.0,297373.0,255686.0
2026-04-14 18:08:12.174153,763874,1609507585810752,5185779994,0.880352,-0.3416,-0.290848,-5.50375,1.70625,-2.7475,-6.712,26.032001,-26.592001,concentric,6,3.0,156104.0,314186.0,245684.0,297373.0,255686.0
2026-04-14 18:08:12.192486,763875,1609507585825267,5185794994,0.88816,-0.314272,-0.11712,-5.2325,1.54875,-2.135,-5.960001,25.920002,-26.672,concentric,6,3.0,156104.0,314186.0,245684.0,297373.0,255686.0
2026-04-14 18:08:12.199119,763876,1609507585834326,5185803676,0.88816,-0.314272,-0.11712,-5.69625,1.54,-2.6775,-5.960001,25.920002,-26.672,concentric,6,3.0,156104.0,314186.0,245684.0,297373.0,255686.0
2026-04-14 18:08:12.207476,763877,1609507585843278,5185812376,0.79056,-0.306464,-0.343552,-8.95125,1.645,-2.3275,-5.608,25.824001,-27.672,concentric,6,3.0,156104.0,314186.0,245684.0,297373.0,255686.0
2026-04-14 18:08:12.234302,763878,1609507585857908,5185827325,0.79056,-0.306464,-0.343552,-10.6575,1.5575,-1.91625,-5.608,25.824001,-27.672,concentric,6,3.0,156104.0,314186.0,245684.0,297373.0,255686.0
2026-04-14 18:08:12.238262,763879,1609507585867001,5185836016,0.843264,-0.296704,-0.171776,-10.535,1.6275,-1.46125,-5.624,25.752,-25.720001,concentric,6,3.0,156104.0,314186.0,245684.0,297373.0,255686.0
2026-04-14 18:08:12.324249,763890,1609507585881612,5185851009,0.843264,-0.296704,-0.171776,-10.3775,1.47,-1.18125,-5.624,25.752,-25.720001,concentric,6,3.0,156267.0,315266.0,245966.0,298528.0,255966.0
2026-04-14 18:08:12.326321,763891,1609507585890564,5185859715,0.85888,-0.308416,-0.247904,-9.345,1.25125,-1.2425,-5.712,25.624,-26.688002,concentric,6,3.0,156267.0,315266.0,245966.0,298528.0,255966.0
2026-04-14 18:08:12.331672,763892,1609507585899493,5185868395,0.85888,-0.308416,-0.247904,-8.89875,0.69125,-1.505,-5.712,25.624,-26.688002,concentric,6,3.0,156267.0,315266.0,245966.0,298528.0,255966.0
2026-04-14 18:08:12.332054,763893,1609507585913990,5185883323,0.802272,-0.327936,-0.372832,-9.073751,-0.13125,-1.855,-5.744,25.712002,-26.52,concentric,6,3.0,156267.0,315266.0,245966.0,298528.0,255966.0
2026-04-14 18:08:12.333494,763894,1609507585922959,5185892024,0.899872,-0.357216,-0.1952,-9.09125,-0.23625,-1.77625,-5.744,25.712002,-24.896002,concentric,6,3.0,156267.0,315266.0,245966.0,298528.0,255966.0
2026-04-14 18:08:12.339286,763895,1609507585937618,5185906973,0.899872,-0.357216,-0.1952,-8.11125,-0.21,-1.23375,-5.88,25.160002,-24.896002,concentric,6,3.0,156267.0,315266.0,245966.0,298528.0,255966.0
2026-04-14 18:08:12.339469,763896,1609507585946545,5185915677,0.792512,-0.294752,-0.3416,-5.2675,-0.4725,-0.67375,-5.464,25.528002,-26.864002,concentric,6,3.0,156267.0,315266.0,245966.0,298528.0,255966.0
2026-04-14 18:08:12.342143,763897,1609507585961069,5185930600,0.792512,-0.294752,-0.3416,-2.58125,-0.315,-1.16375,-5.464,25.528002,-26.864002,concentric,6,3.0,156267.0,315266.0,245966.0,298528.0,255966.0
2026-04-14 18:08:12.344012,763898,1609507585970038,5185939309,0.802272,-0.30256,-0.398208,-0.7875,0.53375,-2.1175,-5.504,25.616001,-26.328001,concentric,6,3.0,156267.0,315266.0,245966.0,298528.0,255966.0
2026-04-14 18:08:12.373927,763909,1609507585979063,5185948061,0.802272,-0.30256,-0.398208,-1.1025,0.72625,-2.7475,-5.504,25.616001,-26.328001,concentric,6,3.0,158833.0,316406.0,249154.0,299698.0,258807.0
2026-04-14 18:08:12.376143,763910,1609507585993681,5185963041,0.882304,-0.366976,-0.284992,-2.38875,0.77875,-2.35375,-6.184001,25.760002,-25.672,concentric,6,3.0,158833.0,316406.0,249154.0,299698.0,258807.0
2026-04-14 18:08:12.378918,763911,1609507586002693,5185971834,0.882304,-0.366976,-0.284992,-1.75,0.8575,-2.38875,-6.184001,25.760002,-25.672,concentric,6,3.0,158833.0,316406.0,249154.0,299698.0,258807.0
2026-04-14 18:08:12.381321,763912,1609507586017334,5185986742,0.886208,-0.35136,-0.247904,0.8225,0.945,-2.07375,-6.696,25.992,-25.576002,concentric,6,3.0,158833.0,316406.0,249154.0,299698.0,258807.0
2026-04-14 18:08:12.389722,763913,1609507586026265,5185995526,0.843264,-0.310368,-0.372832,2.7475,1.4875,-1.60125,-6.384,26.28,-25.456001,concentric,6,3.0,158833.0,316406.0,249154.0,299698.0,258807.0
2026-04-14 18:08:12.402440,763914,1609507586035267,5186004233,0.843264,-0.310368,-0.372832,3.325,2.42375,-2.16125,-6.384,26.28,-25.456001,concentric,6,3.0,158833.0,316406.0,249154.0,299698.0,258807.0
2026-04-14 18:08:12.413861,763915,1609507586049783,5186019206,0.84912,-0.294752,-0.128832,2.66875,3.22875,-2.2225,-5.728,25.592001,-26.664001,concentric,6,3.0,158833.0,316406.0,249154.0,299698.0,258807.0
2026-04-14 18:08:12.422480,763916,1609507586058724,5186027910,0.84912,-0.294752,-0.128832,-0.4375,2.96625,-2.24875,-5.728,25.592001,-26.664001,concentric,6,3.0,158833.0,316406.0,249154.0,299698.0,258807.0
2026-04-14 18:08:12.462602,763927,1609507586073517,5186042915,0.812032,-0.324032,-0.208864,-2.59,2.98375,-2.31,-5.480001,25.992,-25.664001,concentric,6,3.0,162222.0,318096.0,253227.0,301364.0,262458.0
2026-04-14 18:08:12.465039,763928,1609507586082577,5186051741,0.812032,-0.324032,-0.208864,-2.9925,3.1675,-1.68875,-5.480001,25.992,-25.664001,concentric,6,3.0,162222.0,318096.0,253227.0,301364.0,262458.0
2026-04-14 18:08:12.467503,763929,1609507586097113,5186066684,0.825696,-0.2928,-0.163968,-2.3275,2.58125,-1.9075,-6.112001,25.784,-26.12,concentric,6,3.0,162222.0,318096.0,253227.0,301364.0,262458.0
2026-04-14 18:08:12.470069,763930,1609507586106071,5186075400,0.876448,-0.320128,-0.335744,-1.21625,2.2575,-1.61875,-5.528,25.528002,-25.448002,concentric,6,3.0,162222.0,318096.0,253227.0,301364.0,262458.0
2026-04-14 18:08:12.480091,763931,1609507586115066,5186084130,0.876448,-0.320128,-0.335744,-1.49625,2.45875,-2.1175,-5.528,25.528002,-25.448002,concentric,6,3.0,162222.0,318096.0,253227.0,301364.0,262458.0
2026-04-14 18:08:12.492507,763932,1609507586129574,5186099079,0.909632,-0.349408,-0.20496,-3.71875,2.485,-2.9575,-5.784,25.576002,-26.880001,concentric,6,3.0,162222.0,318096.0,253227.0,301364.0,262458.0
2026-04-14 18:08:12.502555,763933,1609507586138644,5186107798,0.909632,-0.349408,-0.20496,-5.9325,1.89,-2.56375,-5.784,25.576002,-26.880001,concentric,6,3.0,162222.0,318096.0,253227.0,301364.0,262458.0
2026-04-14 18:08:12.520469,763934,1609507586153131,5186122701,0.886208,-0.357216,-0.232288,-6.08125,1.2075,-2.31,-5.88,25.816002,-26.704,concentric,6,3.0,162222.0,318096.0,253227.0,301364.0,262458.0
2026-04-14 18:08:12.526181,763935,1609507586162072,5186131433,0.886208,-0.357216,-0.232288,-4.33125,1.4,-1.68,-5.88,25.816002,-26.704,concentric,6,3.0,162222.0,318096.0,253227.0,301364.0,262458.0
2026-04-14 18:08:12.561628,763946,1609507586176789,5186146420,0.876448,-0.327936,-0.290848,-3.0625,1.575,-1.4525,-6.064,26.192001,-26.528002,concentric,6,3.0,158179.0,316798.0,248391.0,300061.0,258144.0
2026-04-14 18:08:12.564212,763947,1609507586185880,5186155229,0.786656,-0.298656,-0.343552,-2.19625,2.275,-1.575,-6.864,25.992,-26.144001,concentric,6,3.0,158179.0,316798.0,248391.0,300061.0,258144.0
2026-04-14 18:08:12.566629,763948,1609507586194851,5186163919,0.786656,-0.298656,-0.343552,-2.52,2.35375,-1.88125,-6.864,25.992,-26.144001,concentric,6,3.0,158179.0,316798.0,248391.0,300061.0,258144.0
2026-04-14 18:08:12.572846,763949,1609507586209445,5186178783,0.813984,-0.324032,-0.251808,-2.8,1.9425,-1.70625,-5.976,25.632002,-26.528002,concentric,6,3.0,158179.0,316798.0,248391.0,300061.0,258144.0
2026-04-14 18:08:12.602920,763950,1609507586218470,5186187652,0.813984,-0.324032,-0.251808,-3.0275,1.855,-1.2425,-5.976,25.632002,-26.528002,concentric,6,3.0,158179.0,316798.0,248391.0,300061.0,258144.0
2026-04-14 18:08:12.608891,763951,1609507586232968,5186202562,0.804224,-0.31232,-0.242048,-2.89625,1.4875,-0.46375,-6.696,26.080002,-26.032001,concentric,6,3.0,158179.0,316798.0,248391.0,300061.0,258144.0
2026-04-14 18:08:12.630231,763952,1609507586241906,5186211241,0.804224,-0.31232,-0.242048,-2.2225,0.945,0.4375,-6.696,26.080002,-26.032001,concentric,6,3.0,158179.0,316798.0,248391.0,300061.0,258144.0
2026-04-14 18:08:12.635286,763953,1609507586250830,5186219958,0.812032,-0.275232,-0.208864,-1.02375,0.735,0.3675,-6.920001,26.032001,-24.768002,concentric,6,3.0,158179.0,316798.0,248391.0,300061.0,258144.0
2026-04-14 18:08:12.637369,763954,1609507586265349,5186234945,0.823744,-0.310368,-0.357216,-0.55125,0.84875,-0.6125,-6.920001,26.176,-23.640001,concentric,6,3.0,158179.0,316798.0,248391.0,300061.0,258144.0
2026-04-14 18:08:12.665342,763965,1609507586274707,5186243992,0.823744,-0.310368,-0.357216,-1.3475,1.085,-1.42625,-7.272,26.176,-23.640001,concentric,6,3.0,157399.0,316510.0,247604.0,299855.0,257516.0
2026-04-14 18:08:12.667906,763966,1609507586289527,5186259067,0.88816,-0.33184,-0.10736,-3.12375,1.28625,-1.93375,-7.68,26.112001,-24.632002,concentric,6,3.0,157399.0,316510.0,247604.0,299855.0,257516.0
2026-04-14 18:08:12.670403,763967,1609507586298567,5186267927,0.88816,-0.33184,-0.10736,-4.6725,1.51375,-1.46125,-7.68,26.112001,-24.632002,concentric,6,3.0,157399.0,316510.0,247604.0,299855.0,257516.0
2026-04-14 18:08:12.672909,763968,1609507586307589,5186276629,0.88816,-0.353312,-0.257664,-5.43375,1.02375,-1.65375,-7.656,25.888,-25.392002,concentric,6,3.0,157399.0,316510.0,247604.0,299855.0,257516.0
2026-04-14 18:08:12.689217,763969,1609507586322131,5186291505,0.88816,-0.353312,-0.257664,-4.78625,0.72625,-1.39125,-7.656,25.888,-25.392002,concentric,6,3.0,157399.0,316510.0,247604.0,299855.0,257516.0
2026-04-14 18:08:12.695407,763970,1609507586331045,5186300260,0.854976,-0.2928,-0.115168,-2.8,0.70875,-1.6625,-6.000001,25.6,-26.768002,concentric,6,3.0,157399.0,316510.0,247604.0,299855.0,257516.0
2026-04-14 18:08:12.711464,763971,1609507586345585,5186315165,0.83936,-0.329888,-0.259616,-2.82625,0.35,-1.295,-6.000001,25.6,-26.184002,concentric,6,3.0,157399.0,316510.0,247604.0,299855.0,257516.0
2026-04-14 18:08:12.720248,763972,1609507586354524,5186323874,0.835456,-0.329888,-0.259616,-4.05125,0.0,-1.14625,-5.68,25.36,-26.184002,concentric,6,3.0,157399.0,316510.0,247604.0,299855.0,257516.0
2026-04-14 18:08:12.732748,763973,1609507586369042,5186338806,0.8296,-0.306464,-0.1952,-5.38125,0.07875,-1.12,-6.312,25.6,-25.640001,concentric,6,3.0,157399.0,316510.0,247604.0,299855.0,257516.0
2026-04-14 18:08:12.762846,763984,1609507586378109,5186347611,0.8296,-0.306464,-0.1952,-5.85375,0.28875,-0.6475,-6.312,25.6,-25.640001,concentric,6,3.0,157979.0,317100.0,248364.0,300443.0,258188.0
2026-04-14 18:08:12.765462,763985,1609507586387094,5186356343,0.894016,-0.314272,-0.121024,-4.8475,0.0875,-0.665,-6.632,26.112001,-26.344002,concentric,6,3.0,157979.0,317100.0,248364.0,300443.0,258188.0
2026-04-14 18:08:12.767899,763986,1609507586401735,5186371365,0.894016,-0.314272,-0.121024,-3.885,0.0525,-0.9975,-6.632,26.112001,-26.344002,concentric,6,3.0,157979.0,317100.0,248364.0,300443.0,258188.0
2026-04-14 18:08:12.775125,763987,1609507586410724,5186380110,0.808128,-0.33184,-0.35136,-4.33125,0.035,-1.4525,-5.888001,25.464,-26.632002,concentric,6,3.0,157979.0,317100.0,248364.0,300443.0,258188.0
2026-04-14 18:08:12.790403,763988,1609507586425227,5186394998,0.808128,-0.33184,-0.35136,-4.78625,0.0175,-0.6825,-5.888001,25.464,-26.632002,concentric,6,3.0,157979.0,317100.0,248364.0,300443.0,258188.0
2026-04-14 18:08:12.797579,763989,1609507586434160,5186403692,0.856928,-0.333792,-0.18544,-4.445,-0.23625,-0.35,-5.728,25.432001,-24.896002,concentric,6,3.0,157979.0,317100.0,248364.0,300443.0,258188.0
2026-04-14 18:08:12.807471,763990,1609507586443100,5186412392,0.856928,-0.333792,-0.18544,-3.35125,-0.3675,-0.14875,-5.728,25.432001,-24.896002,concentric,6,3.0,157979.0,317100.0,248364.0,300443.0,258188.0
2026-04-14 18:08:12.822783,763991,1609507586457613,5186427364,0.899872,-0.32208,-0.142496,-1.8725,-0.0875,-0.48125,-5.472,25.760002,-25.624,concentric,6,3.0,157979.0,317100.0,248364.0,300443.0,258188.0
2026-04-14 18:08:12.831571,763992,1609507586466581,5186436069,0.874496,-0.308416,-0.119072,-1.0675,0.0525,-0.72625,-5.472,25.496,-26.984001,concentric,6,3.0,157979.0,317100.0,248364.0,300443.0,258188.0
2026-04-14 18:08:12.861658,764003,1609507586481244,5186451401,0.874496,-0.308416,-0.119072,-1.68875,-0.53375,-0.93625,-5.896,25.496,-26.984001,concentric,6,3.0,157866.0,317123.0,248282.0,300488.0,258137.0
2026-04-14 18:08:12.864268,764004,1609507586490228,5186460174,0.792512,-0.318176,-0.27328,-3.0625,-0.95375,-1.085,-7.416,26.032001,-25.392002,concentric,6,3.0,157866.0,317123.0,248282.0,300488.0,258137.0
2026-04-14 18:08:12.870457,764005,1609507586504766,5186475118,0.792512,-0.318176,-0.27328,-3.31625,-1.19875,-1.0675,-7.416,26.032001,-25.392002,concentric,6,3.0,157866.0,317123.0,248282.0,300488.0,258137.0
2026-04-14 18:08:12.881661,764006,1609507586513747,5186483796,0.870592,-0.347456,-0.247904,-2.24,-1.16375,-1.155,-6.424,25.784,-25.664001,concentric,6,3.0,157866.0,317123.0,248282.0,300488.0,258137.0
2026-04-14 18:08:12.906501,764007,1609507586522668,5186492489,0.870592,-0.347456,-0.247904,-0.84875,-1.42625,-1.58375,-6.424,25.784,-25.664001,concentric,6,3.0,157866.0,317123.0,248282.0,300488.0,258137.0
2026-04-14 18:08:12.916500,764008,1609507586537168,5186507397,0.88816,-0.310368,-0.111264,-0.18375,-1.3125,-1.6275,-5.888001,25.648,-26.992,concentric,6,3.0,157866.0,317123.0,248282.0,300488.0,258137.0
2026-04-14 18:08:12.919162,764009,1609507586546132,5186516071,0.88816,-0.310368,-0.111264,-1.1375,-1.16375,-1.61875,-5.888001,25.648,-26.992,concentric,6,3.0,157866.0,317123.0,248282.0,300488.0,258137.0
2026-04-14 18:08:12.925220,764010,1609507586560762,5186530946,0.796416,-0.335744,-0.343552,-2.87,-0.74375,-1.96,-6.728,25.736002,-25.728,concentric,6,3.0,157866.0,317123.0,248282.0,300488.0,258137.0
2026-04-14 18:08:12.934232,764011,1609507586569770,5186539653,0.835456,-0.368928,-0.35136,-4.20875,-0.315,-1.89,-6.808,25.888,-25.712002,concentric,6,3.0,157866.0,317123.0,248282.0,300488.0,258137.0
2026-04-14 18:08:13.009899,764022,1609507586578978,5186548521,0.835456,-0.368928,-0.35136,-5.08375,0.06125,-1.8725,-6.808,25.888,-25.712002,concentric,6,3.0,156673.0,316781.0,246794.0,300056.0,256782.0
2026-04-14 18:08:13.012846,764023,1609507586593506,5186563468,0.79056,-0.325984,-0.355264,-5.25875,0.07,-1.74125,-6.616,25.672,-25.920002,concentric,6,3.0,156673.0,316781.0,246794.0,300056.0,256782.0
2026-04-14 18:08:13.014718,764024,1609507586602418,5186572184,0.79056,-0.325984,-0.355264,-3.71,0.4025,-2.16125,-6.616,25.672,-25.920002,concentric,6,3.0,156673.0,316781.0,246794.0,300056.0,256782.0
2026-04-14 18:08:13.017354,764025,1609507586616917,5186587215,0.894016,-0.339648,-0.210816,-3.05375,0.42875,-2.24,-6.528,25.960001,-25.592001,concentric,6,3.0,156673.0,316781.0,246794.0,300056.0,256782.0
2026-04-14 18:08:13.020345,764026,1609507586625930,5186595890,0.894016,-0.339648,-0.210816,-3.05375,0.49875,-2.24,-6.528,25.960001,-25.592001,concentric,6,3.0,156673.0,316781.0,246794.0,300056.0,256782.0
2026-04-14 18:08:13.022379,764027,1609507586640460,5186610783,0.80032,-0.318176,-0.277184,-3.815,0.44625,-2.1175,-6.584,25.504002,-24.720001,concentric,6,3.0,156673.0,316781.0,246794.0,300056.0,256782.0
2026-04-14 18:08:13.025111,764028,1609507586649513,5186619522,0.854976,-0.324032,-0.240096,-4.73375,0.14,-2.0125,-7.24,25.608002,-25.016,concentric,6,3.0,156673.0,316781.0,246794.0,300056.0,256782.0
2026-04-14 18:08:13.032913,764029,1609507586658452,5186628221,0.854976,-0.324032,-0.240096,-4.4975,0.3675,-2.0475,-7.24,25.608002,-25.016,concentric,6,3.0,156673.0,316781.0,246794.0,300056.0,256782.0
2026-04-14 18:08:13.039156,764030,1609507586673089,5186643134,0.901824,-0.3416,-0.244,-4.10375,0.48125,-2.40625,-7.368001,25.912,-25.832,concentric,6,3.0,156673.0,316781.0,246794.0,300056.0,256782.0
2026-04-14 18:08:13.066212,764041,1609507586682220,5186651967,0.901824,-0.3416,-0.244,-4.29625,0.5775,-2.485,-7.368001,25.912,-25.832,concentric,6,3.0,155979.0,316573.0,246071.0,299893.0,256159.0
2026-04-14 18:08:13.068954,764042,1609507586696772,5186667031,0.81008,-0.316224,-0.267424,-4.445,0.39375,-3.35125,-6.008,25.04,-26.648,concentric,6,3.0,155979.0,316573.0,246071.0,299893.0,256159.0
2026-04-14 18:08:13.071692,764043,1609507586705682,5186675744,0.81008,-0.316224,-0.267424,-4.94375,0.6475,-3.68375,-6.008,25.04,-26.648,concentric,6,3.0,155979.0,316573.0,246071.0,299893.0,256159.0
2026-04-14 18:08:13.080746,764044,1609507586714688,5186684441,0.890112,-0.337696,-0.16592,-4.64625,0.7875,-3.4125,-5.608,25.192001,-27.128002,concentric,6,3.0,155979.0,316573.0,246071.0,299893.0,256159.0
2026-04-14 18:08:13.095411,764045,1609507586729183,5186699413,0.813984,-0.325984,-0.359168,-4.82125,0.7,-3.21125,-5.904,25.304,-28.392002,concentric,6,3.0,155979.0,316573.0,246071.0,299893.0,256159.0
2026-04-14 18:08:13.102738,764046,1609507586738215,5186708118,0.813984,-0.325984,-0.359168,-4.69875,0.3675,-2.91375,-5.904,25.304,-28.392002,concentric,6,3.0,155979.0,316573.0,246071.0,299893.0,256159.0
2026-04-14 18:08:13.117732,764047,1609507586752725,5186723024,0.798368,-0.333792,-0.384544,-4.0775,-0.13125,-2.87,-6.04,25.536001,-26.976002,concentric,6,3.0,155979.0,316573.0,246071.0,299893.0,256159.0
2026-04-14 18:08:13.131666,764048,1609507586761834,5186731713,0.798368,-0.333792,-0.384544,-4.78625,-0.1225,-2.96625,-6.04,25.536001,-26.976002,concentric,6,3.0,155979.0,316573.0,246071.0,299893.0,256159.0
2026-04-14 18:08:13.166668,764059,1609507586776482,5186747029,0.876448,-0.324032,-0.11712,-5.04875,0.14,-2.58125,-6.456,25.456001,-26.712002,concentric,6,3.0,155817.0,316812.0,245856.0,300110.0,255929.0
2026-04-14 18:08:13.169272,764060,1609507586785482,5186755747,0.876448,-0.324032,-0.11712,-4.33125,-0.09625,-1.96,-6.456,25.456001,-26.712002,concentric,6,3.0,155817.0,316812.0,245856.0,300110.0,255929.0
2026-04-14 18:08:13.174577,764061,1609507586794505,5186764475,0.802272,-0.325984,-0.394304,-3.57,-0.0175,-1.81125,-6.592001,25.44,-25.728,concentric,6,3.0,155817.0,316812.0,245856.0,300110.0,255929.0
2026-04-14 18:08:13.175193,764062,1609507586809021,5186777426,0.886208,-0.32208,-0.158112,-2.93125,0.16625,-2.0125,-7.032001,25.736002,-26.776001,concentric,6,3.0,155817.0,316812.0,245856.0,300110.0,255929.0
2026-04-14 18:08:13.185405,764063,1609507586818374,5186788202,0.886208,-0.32208,-0.158112,-3.01875,0.20125,-2.38,-7.032001,25.736002,-26.776001,concentric,6,3.0,155817.0,316812.0,245856.0,300110.0,255929.0
2026-04-14 18:08:13.200254,764064,1609507586832903,5186803139,0.835456,-0.320128,-0.181536,-3.465,0.28,-2.415,-5.88,25.12,-26.184002,concentric,6,3.0,155817.0,316812.0,245856.0,300110.0,255929.0
2026-04-14 18:08:13.206658,764065,1609507586841870,5186811960,0.835456,-0.320128,-0.181536,-2.98375,0.035,-2.16125,-5.88,25.12,-26.184002,concentric,6,3.0,155817.0,316812.0,245856.0,300110.0,255929.0
2026-04-14 18:08:13.215413,764066,1609507586850820,5186820671,0.864736,-0.355264,-0.339648,-2.975,-0.175,-2.07375,-7.32,26.088001,-25.344002,concentric,6,3.0,155817.0,316812.0,245856.0,300110.0,255929.0
2026-04-14 18:08:13.230381,764067,1609507586865346,5186835560,0.864736,-0.355264,-0.339648,-2.4325,0.27125,-1.75875,-7.32,26.088001,-25.344002,concentric,6,3.0,155817.0,316812.0,245856.0,300110.0,255929.0
2026-04-14 18:08:13.240418,764068,1609507586874284,5186844291,0.884256,-0.339648,-0.296704,-2.03875,0.42875,-1.925,-6.512,25.368002,-27.384,concentric,6,3.0,155817.0,316812.0,245856.0,300110.0,255929.0
2026-04-14 18:08:13.268299,764079,1609507586888831,5186857227,0.884256,-0.324032,-0.251808,-2.24875,0.13125,-2.4325,-6.512,25.368002,-27.384,concentric,6,3.0,155831.0,316717.0,245928.0,300023.0,255985.0
2026-04-14 18:08:13.269870,764080,1609507586898169,5186868092,0.817888,-0.314272,-0.251808,-2.28375,-0.07,-2.73,-6.152,25.328001,-26.104002,concentric,6,3.0,155831.0,316717.0,245928.0,300023.0,255985.0
2026-04-14 18:08:13.272392,764081,1609507586907152,5186876776,0.817888,-0.314272,-0.251808,-1.4875,0.04375,-2.73875,-6.152,25.328001,-26.104002,concentric,6,3.0,155831.0,316717.0,245928.0,300023.0,255985.0
2026-04-14 18:08:13.286512,764082,1609507586921655,5186891679,0.813984,-0.306464,-0.216672,-0.98875,-0.20125,-2.70375,-5.8,25.216002,-26.456001,concentric,6,3.0,155831.0,316717.0,245928.0,300023.0,255985.0
2026-04-14 18:08:13.296109,764083,1609507586930587,5186900326,0.892064,-0.329888,-0.12688,-1.47,0.0,-2.205,-6.688,25.592001,-25.608002,concentric,6,3.0,155831.0,316717.0,245928.0,300023.0,255985.0
2026-04-14 18:08:13.308655,764084,1609507586945096,5186915272,0.892064,-0.329888,-0.12688,-2.65125,0.105,-1.77625,-6.688,25.592001,-25.608002,concentric,6,3.0,155831.0,316717.0,245928.0,300023.0,255985.0
2026-04-14 18:08:13.334187,764085,1609507586954039,5186924033,0.845216,-0.355264,-0.382592,-2.70375,0.7175,-1.96,-6.568,25.368002,-26.080002,concentric,6,3.0,155831.0,316717.0,245928.0,300023.0,255985.0
2026-04-14 18:08:13.361908,764086,1609507586968591,5186938924,0.845216,-0.355264,-0.382592,-2.7475,0.91,-1.98625,-6.568,25.368002,-26.080002,concentric,6,3.0,155831.0,316717.0,245928.0,300023.0,255985.0
2026-04-14 18:08:13.395996,764097,1609507586977575,5186947911,0.813984,-0.298656,-0.197152,-2.345,0.69125,-2.30125,-6.568,25.032001,-27.976002,concentric,6,3.0,156206.0,316787.0,246390.0,300106.0,256444.0
2026-04-14 18:08:13.398531,764098,1609507586986564,5186956667,0.813984,-0.298656,-0.197152,-1.3125,0.67375,-2.93125,-6.568,25.032001,-27.976002,concentric,6,3.0,156206.0,316787.0,246390.0,300106.0,256444.0
2026-04-14 18:08:13.400766,764099,1609507587001069,5186969502,0.806176,-0.327936,-0.343552,-1.365,0.79625,-2.8175,-5.72,25.152,-27.168001,concentric,6,3.0,156206.0,316787.0,246390.0,300106.0,256444.0
2026-04-14 18:08:13.403443,764100,1609507587010357,5186980285,0.8296,-0.306464,-0.193248,-1.82,0.7175,-2.58125,-5.952,25.448002,-26.176,concentric,6,3.0,156206.0,316787.0,246390.0,300106.0,256444.0
2026-04-14 18:08:13.405857,764101,1609507587025048,5186995248,0.8296,-0.306464,-0.193248,-1.4175,0.9275,-1.98625,-5.952,25.448002,-26.176,concentric,6,3.0,156206.0,316787.0,246390.0,300106.0,256444.0
2026-04-14 18:08:13.408341,764102,1609507587033981,5187004005,0.788608,-0.316224,-0.304512,-1.645,0.62125,-1.89,-6.12,25.192001,-27.192001,concentric,6,3.0,156206.0,316787.0,246390.0,300106.0,256444.0
2026-04-14 18:08:13.410840,764103,1609507587043112,5187012776,0.788608,-0.316224,-0.304512,-1.93375,0.595,-1.84625,-6.12,25.192001,-27.192001,concentric,6,3.0,156206.0,316787.0,246390.0,300106.0,256444.0
2026-04-14 18:08:13.424155,764104,1609507587057630,5187027752,0.901824,-0.343552,-0.16592,-2.52875,0.805,-1.91625,-5.76,25.168001,-28.208002,concentric,6,3.0,156206.0,316787.0,246390.0,300106.0,256444.0
2026-04-14 18:08:13.431730,764105,1609507587066593,5187036432,0.901824,-0.343552,-0.16592,-2.0475,1.155,-2.0475,-5.76,25.168001,-28.208002,concentric,6,3.0,156206.0,316787.0,246390.0,300106.0,256444.0
2026-04-14 18:08:13.470254,764116,1609507587081610,5187051392,0.901824,-0.345504,-0.226432,-0.91875,1.63625,-2.205,-6.2,25.424002,-27.024002,concentric,6,3.0,156798.0,317000.0,247142.0,300350.0,257127.0
2026-04-14 18:08:13.472323,764117,1609507587090760,5187060146,0.831552,-0.343552,-0.368928,-0.385,1.54,-2.3975,-6.2,25.608002,-27.184002,concentric,6,3.0,156798.0,317000.0,247142.0,300350.0,257127.0
2026-04-14 18:08:13.475106,764118,1609507587099722,5187068870,0.831552,-0.343552,-0.368928,-1.02375,1.2775,-2.275,-6.952,25.608002,-27.184002,concentric,6,3.0,156798.0,317000.0,247142.0,300350.0,257127.0
2026-04-14 18:08:13.477769,764119,1609507587114407,5187083819,0.808128,-0.3416,-0.36112,-1.7675,0.2975,-1.96,-6.696,25.304,-25.872002,concentric,6,3.0,156798.0,317000.0,247142.0,300350.0,257127.0
2026-04-14 18:08:13.489185,764120,1609507587123445,5187092509,0.808128,-0.3416,-0.36112,-2.1525,0.44625,-2.14375,-6.696,25.304,-25.872002,concentric,6,3.0,156798.0,317000.0,247142.0,300350.0,257127.0
2026-04-14 18:08:13.504193,764121,1609507587137944,5187107402,0.905728,-0.35136,-0.21472,-2.45875,0.44625,-2.28375,-5.84,25.68,-26.824001,concentric,6,3.0,156798.0,317000.0,247142.0,300350.0,257127.0
2026-04-14 18:08:13.511212,764122,1609507587146849,5187116090,0.905728,-0.35136,-0.21472,-2.58125,0.51625,-2.63375,-5.84,25.68,-26.824001,concentric,6,3.0,156798.0,317000.0,247142.0,300350.0,257127.0
2026-04-14 18:08:13.556314,764123,1609507587161525,5187131005,0.905728,-0.339648,-0.167872,-2.35375,0.46375,-2.30125,-5.960001,25.232,-26.880001,concentric,6,3.0,156798.0,317000.0,247142.0,300350.0,257127.0
2026-04-14 18:08:13.558484,764124,1609507587170619,5187139716,0.905728,-0.339648,-0.255712,-1.6975,-0.1225,-2.8,-5.960001,25.232,-26.880001,concentric,6,3.0,156798.0,317000.0,247142.0,300350.0,257127.0
2026-04-14 18:08:13.586535,764135,1609507587179681,5187148456,0.812032,-0.304512,-0.255712,-1.435,-0.09625,-3.05375,-6.744,25.560001,-25.992,concentric,6,3.0,157978.0,317462.0,248592.0,300799.0,258409.0
2026-04-14 18:08:13.589069,764136,1609507587194664,5187163416,0.90768,-0.335744,-0.1464,-1.61,0.32375,-3.3425,-6.888001,25.736002,-26.072,concentric,6,3.0,157978.0,317462.0,248592.0,300799.0,258409.0
2026-04-14 18:08:13.591542,764137,1609507587204120,5187174178,0.90768,-0.335744,-0.1464,-2.33625,0.735,-3.47375,-6.888001,25.736002,-26.072,concentric,6,3.0,157978.0,317462.0,248592.0,300799.0,258409.0
2026-04-14 18:08:13.594143,764138,1609507587213092,5187182875,0.84912,-0.316224,-0.144448,-3.17625,0.67375,-3.2025,-6.920001,25.672,-24.744001,concentric,6,3.0,157978.0,317462.0,248592.0,300799.0,258409.0
2026-04-14 18:08:13.596576,764139,1609507587227631,5187197775,0.84912,-0.316224,-0.144448,-3.045,0.91875,-3.255,-6.920001,25.672,-24.744001,concentric,6,3.0,157978.0,317462.0,248592.0,300799.0,258409.0
2026-04-14 18:08:13.600160,764140,1609507587236571,5187206506,0.804224,-0.339648,-0.372832,-2.40625,1.07625,-2.84375,-7.416,25.752,-24.968,concentric,6,3.0,157978.0,317462.0,248592.0,300799.0,258409.0
2026-04-14 18:08:13.615344,764141,1609507587251058,5187219442,0.804224,-0.339648,-0.298656,-1.33875,0.25375,-2.68625,-7.416,25.752,-24.968,concentric,6,3.0,157978.0,317462.0,248592.0,300799.0,258409.0
2026-04-14 18:08:13.626313,764142,1609507587260271,5187230289,0.85888,-0.335744,-0.298656,-0.72625,0.37625,-2.28375,-6.136,25.28,-26.984001,concentric,6,3.0,157978.0,317462.0,248592.0,300799.0,258409.0
2026-04-14 18:08:13.634241,764143,1609507587269360,5187238981,0.85888,-0.335744,-0.298656,-1.16375,0.3675,-2.21375,-6.136,25.28,-26.984001,concentric,6,3.0,157978.0,317462.0,248592.0,300799.0,258409.0
2026-04-14 18:08:13.671669,764154,1609507587284109,5187253955,0.81008,-0.329888,-0.32208,-1.96875,0.63,-2.51125,-5.960001,25.256,-29.44,concentric,6,3.0,158426.0,317760.0,249124.0,301112.0,258931.0
2026-04-14 18:08:13.674217,764155,1609507587293155,5187262678,0.83936,-0.325984,-0.197152,-2.73875,0.6475,-2.44125,-6.88,25.552002,-30.024002,concentric,6,3.0,158426.0,317760.0,249124.0,301112.0,258931.0
2026-04-14 18:08:13.676204,764156,1609507587307663,5187277646,0.83936,-0.325984,-0.197152,-2.94875,0.69125,-2.275,-6.88,25.552002,-30.024002,concentric,6,3.0,158426.0,317760.0,249124.0,301112.0,258931.0
2026-04-14 18:08:13.711143,764157,1609507587316699,5187286394,0.870592,-0.335744,-0.308416,-1.14625,0.8575,-2.275,-7.16,25.736002,-25.816002,concentric,6,3.0,158426.0,317760.0,249124.0,301112.0,258931.0
2026-04-14 18:08:13.730217,764158,1609507587331207,5187301273,0.870592,-0.335744,-0.308416,-1.0675,0.81375,-2.77375,-7.16,25.736002,-25.816002,concentric,6,3.0,158426.0,317760.0,249124.0,301112.0,258931.0
2026-04-14 18:08:13.736201,764159,1609507587340152,5187309962,0.905728,-0.333792,-0.11712,-1.82,0.35875,-2.6775,-6.752,25.632002,-25.624,concentric,6,3.0,158426.0,317760.0,249124.0,301112.0,258931.0
2026-04-14 18:08:13.736292,764160,1609507587349199,5187318688,0.905728,-0.333792,-0.11712,-2.93125,0.06125,-2.75625,-6.752,25.632002,-25.624,concentric,6,3.0,158426.0,317760.0,249124.0,301112.0,258931.0
2026-04-14 18:08:13.738785,764161,1609507587363912,5187333699,0.847168,-0.36112,-0.339648,-3.87625,0.46375,-2.77375,-7.144001,25.44,-27.264002,concentric,6,3.0,158426.0,317760.0,249124.0,301112.0,258931.0
2026-04-14 18:08:13.741250,764162,1609507587373042,5187342407,0.786656,-0.290848,-0.277184,-2.93125,0.81375,-2.2225,-6.144,25.344002,-27.256,concentric,6,3.0,158426.0,317760.0,249124.0,301112.0,258931.0
2026-04-14 18:08:13.771336,764173,1609507587387736,5187357388,0.786656,-0.290848,-0.277184,-1.67125,0.49875,-2.16125,-6.144,25.344002,-27.256,concentric,6,3.0,158383.0,317578.0,249064.0,300951.0,258871.0
2026-04-14 18:08:13.773772,764174,1609507587396715,5187366194,0.821792,-0.31232,-0.25376,-1.88125,0.02625,-2.4325,-5.72,25.544,-27.168001,concentric,6,3.0,158383.0,317578.0,249064.0,300951.0,258871.0
2026-04-14 18:08:13.776294,764175,1609507587405717,5187374933,0.821792,-0.31232,-0.25376,-2.555,-0.41125,-2.52,-5.72,25.544,-27.168001,concentric,6,3.0,158383.0,317578.0,249064.0,300951.0,258871.0
2026-04-14 18:08:13.785078,764176,1609507587420267,5187389824,0.8784,-0.327936,-0.103456,-2.765,-0.5075,-2.59,-6.056,25.088001,-27.12,concentric,6,3.0,158383.0,317578.0,249064.0,300951.0,258871.0
2026-04-14 18:08:13.792394,764177,1609507587429231,5187398594,0.8784,-0.327936,-0.103456,-3.15875,-0.595,-2.45875,-6.056,25.088001,-27.12,concentric,6,3.0,158383.0,317578.0,249064.0,300951.0,258871.0
2026-04-14 18:08:13.808765,764178,1609507587443774,5187413496,0.81984,-0.310368,-0.208864,-3.115,-0.7175,-2.1,-7.112001,25.352001,-25.760002,concentric,6,3.0,158383.0,317578.0,249064.0,300951.0,258871.0
2026-04-14 18:08:13.820121,764179,1609507587452715,5187422184,0.851072,-0.296704,-0.124928,-2.625,-0.53375,-1.84625,-7.112001,25.352001,-27.576002,concentric,6,3.0,158383.0,317578.0,249064.0,300951.0,258871.0
2026-04-14 18:08:13.826162,764180,1609507587461666,5187430906,0.851072,-0.296704,-0.124928,-2.24,-0.20125,-2.65125,-5.904,25.472002,-27.576002,concentric,6,3.0,158383.0,317578.0,249064.0,300951.0,258871.0
2026-04-14 18:08:13.841188,764181,1609507587476192,5187445837,0.901824,-0.35136,-0.265472,-1.61875,-0.30625,-2.7475,-6.000001,25.528002,-26.688002,concentric,6,3.0,158383.0,317578.0,249064.0,300951.0,258871.0
2026-04-14 18:08:13.871325,764192,1609507587485285,5187454785,0.901824,-0.35136,-0.265472,-2.0125,-0.735,-2.8525,-6.000001,25.528002,-26.688002,concentric,6,3.0,158539.0,317643.0,249309.0,300953.0,259067.0
2026-04-14 18:08:13.873859,764193,1609507587499823,5187469871,0.864736,-0.32208,-0.113216,-2.6075,-1.11125,-2.49375,-5.832,25.336,-25.768002,concentric,6,3.0,158539.0,317643.0,249309.0,300953.0,259067.0
2026-04-14 18:08:13.876257,764194,1609507587508778,5187478664,0.864736,-0.32208,-0.113216,-2.975,-0.74375,-2.4325,-5.832,25.336,-25.768002,concentric,6,3.0,158539.0,317643.0,249309.0,300953.0,259067.0
2026-04-14 18:08:13.890116,764195,1609507587523530,5187493676,0.899872,-0.349408,-0.210816,-3.1675,-0.58625,-2.24875,-5.864,25.160002,-26.048,concentric,6,3.0,158539.0,317643.0,249309.0,300953.0,259067.0
2026-04-14 18:08:13.896345,764196,1609507587532596,5187502320,0.899872,-0.349408,-0.210816,-2.2575,-0.02625,-2.37125,-5.864,25.160002,-26.048,concentric,6,3.0,158539.0,317643.0,249309.0,300953.0,259067.0
2026-04-14 18:08:13.905071,764197,1609507587541533,5187511026,0.886208,-0.347456,-0.281088,-1.5575,0.3325,-2.80875,-6.928001,25.736002,-26.208002,concentric,6,3.0,158539.0,317643.0,249309.0,300953.0,259067.0
2026-04-14 18:08:13.921251,764198,1609507587556179,5187525918,0.813984,-0.327936,-0.353312,-1.98625,0.595,-2.59875,-7.016,25.048,-27.408,concentric,6,3.0,158539.0,317643.0,249309.0,300953.0,259067.0
2026-04-14 18:08:13.931070,764199,1609507587565168,5187534630,0.813984,-0.327936,-0.353312,-1.8725,0.3325,-2.58125,-7.016,25.048,-27.408,concentric,6,3.0,158539.0,317643.0,249309.0,300953.0,259067.0
2026-04-14 18:08:13.974210,764210,1609507587579680,5187549527,0.827648,-0.349408,-0.37088,-1.925,0.23625,-2.38,-6.784,25.552002,-26.208002,concentric,6,3.0,159530.0,318003.0,250447.0,301331.0,260105.0
2026-04-14 18:08:13.976780,764211,1609507587588649,5187558240,0.827648,-0.349408,-0.37088,-2.17,0.62125,-2.94,-6.784,25.552002,-26.208002,concentric,6,3.0,159530.0,318003.0,250447.0,301331.0,260105.0
2026-04-14 18:08:13.979231,764212,1609507587597670,5187567018,0.812032,-0.333792,-0.31232,-3.5175,0.805,-2.0475,-6.76,25.160002,-26.032001,concentric,6,3.0,159530.0,318003.0,250447.0,301331.0,260105.0
2026-04-14 18:08:13.981645,764213,1609507587612187,5187581977,0.812032,-0.333792,-0.31232,-3.01875,0.83125,-2.065,-6.76,25.160002,-26.032001,concentric,6,3.0,159530.0,318003.0,250447.0,301331.0,260105.0
2026-04-14 18:08:13.986668,764214,1609507587621231,5187590726,0.899872,-0.345504,-0.216672,-2.63375,0.79625,-2.24875,-6.920001,25.592001,-25.096,concentric,6,3.0,159530.0,318003.0,250447.0,301331.0,260105.0
2026-04-14 18:08:14.001512,764215,1609507587635837,5187605602,0.796416,-0.304512,-0.329888,-1.33875,0.67375,-2.1,-6.864,25.720001,-28.28,concentric,6,3.0,159530.0,318003.0,250447.0,301331.0,260105.0
2026-04-14 18:08:14.011486,764216,1609507587645049,5187614432,0.796416,-0.304512,-0.329888,-0.805,0.39375,-2.8525,-6.864,25.720001,-28.28,concentric,6,3.0,159530.0,318003.0,250447.0,301331.0,260105.0
2026-04-14 18:08:14.023656,764217,1609507587659536,5187629338,0.798368,-0.324032,-0.308416,-1.58375,0.6125,-2.96625,-6.520001,25.2,-26.800001,concentric,6,3.0,159530.0,318003.0,250447.0,301331.0,260105.0
2026-04-14 18:08:14.034744,764218,1609507587668464,5187638022,0.798368,-0.324032,-0.308416,-2.56375,0.4375,-2.47625,-6.520001,25.2,-26.800001,concentric,6,3.0,159530.0,318003.0,250447.0,301331.0,260105.0
2026-04-14 18:08:14.041574,764219,1609507587677392,5187646758,0.86864,-0.316224,-0.113216,-2.6775,0.1225,-2.065,-5.928001,25.592001,-26.640001,concentric,6,3.0,159530.0,318003.0,250447.0,301331.0,260105.0
2026-04-14 18:08:14.150398,764230,1609507587692030,5187662052,0.86864,-0.316224,-0.113216,-2.485,0.20125,-1.9775,-5.928001,25.592001,-26.640001,concentric,6,3.0,160372.0,318233.0,251461.0,301531.0,260983.0
2026-04-14 18:08:14.152911,764231,1609507587701156,5187670788,0.88816,-0.337696,-0.238144,-1.5225,0.315,-2.30125,-6.824,25.160002,-25.864,concentric,6,3.0,160372.0,318233.0,251461.0,301531.0,260983.0
2026-04-14 18:08:14.155427,764232,1609507587715684,5187685666,0.884256,-0.324032,-0.124928,-1.085,0.21875,-2.8175,-7.104001,25.816002,-24.384,concentric,6,3.0,160372.0,318233.0,251461.0,301531.0,260983.0
2026-04-14 18:08:14.157917,764233,1609507587724648,5187694370,0.884256,-0.324032,-0.124928,-1.4875,0.0875,-2.77375,-7.104001,25.816002,-24.384,concentric,6,3.0,160372.0,318233.0,251461.0,301531.0,260983.0
2026-04-14 18:08:14.160428,764234,1609507587733589,5187703085,0.884256,-0.324032,-0.124928,-1.68875,0.30625,-3.05375,-7.104001,25.816002,-24.384,concentric,6,3.0,160372.0,318233.0,251461.0,301531.0,260983.0
2026-04-14 18:08:14.162924,764235,1609507587748118,5187718005,0.882304,-0.353312,-0.269376,-1.51375,-0.21875,-2.66875,-7.104001,25.752,-25.936,concentric,6,3.0,160372.0,318233.0,251461.0,301531.0,260983.0
2026-04-14 18:08:14.195541,764236,1609507587757033,5187726698,0.81984,-0.316224,-0.249856,-1.96,0.28,-2.30125,-7.088,25.28,-26.656002,concentric,6,3.0,160372.0,318233.0,251461.0,301531.0,260983.0
2026-04-14 18:08:14.199501,764237,1609507587771518,5187741592,0.81984,-0.316224,-0.249856,-1.96875,-0.2275,-2.275,-7.088,25.28,-26.656002,concentric,6,3.0,160372.0,318233.0,251461.0,301531.0,260983.0
2026-04-14 18:08:14.234977,764248,1609507587780492,5187750279,0.8784,-0.32208,-0.109312,-2.02125,-0.74375,-2.0475,-6.792,25.44,-25.848001,concentric,6,3.0,160879.0,318393.0,252104.0,301713.0,261572.0
2026-04-14 18:08:14.237778,764249,1609507587795048,5187765263,0.872544,-0.353312,-0.30256,-1.54,-0.74375,-1.84625,-6.792,25.44,-26.928001,concentric,6,3.0,160879.0,318393.0,252104.0,301713.0,261572.0
2026-04-14 18:08:14.240184,764250,1609507587804082,5187774026,0.872544,-0.353312,-0.30256,-0.83125,-0.69125,-2.07375,-6.968,25.464,-26.928001,concentric,6,3.0,160879.0,318393.0,252104.0,301713.0,261572.0
2026-04-14 18:08:14.242481,764251,1609507587813027,5187782745,0.872544,-0.353312,-0.30256,-1.295,-0.525,-1.79375,-6.968,25.464,-26.928001,concentric,6,3.0,160879.0,318393.0,252104.0,301713.0,261572.0
2026-04-14 18:08:14.245325,764252,1609507587827516,5187797636,0.884256,-0.337696,-0.181536,-2.80875,0.23625,-1.26,-7.528,25.952002,-24.880001,concentric,6,3.0,160879.0,318393.0,252104.0,301713.0,261572.0
2026-04-14 18:08:14.247418,764253,1609507587836476,5187806342,0.815936,-0.320128,-0.236192,-3.78875,-0.21,-1.33,-7.472,25.752,-26.072,concentric,6,3.0,160879.0,318393.0,252104.0,301713.0,261572.0
2026-04-14 18:08:14.250413,764254,1609507587851057,5187821414,0.815936,-0.320128,-0.236192,-4.0775,-0.8575,-1.715,-7.472,25.752,-26.072,concentric,6,3.0,160879.0,318393.0,252104.0,301713.0,261572.0
2026-04-14 18:08:14.252876,764255,1609507587860010,5187830173,0.81984,-0.33184,-0.365024,-2.8525,-1.04125,-2.0125,-7.736001,25.864,-25.424002,concentric,6,3.0,160879.0,318393.0,252104.0,301713.0,261572.0
2026-04-14 18:08:14.255399,764256,1609507587874873,5187845082,0.81984,-0.33184,-0.365024,-2.10875,-1.2425,-2.2575,-7.736001,25.864,-25.424002,concentric,6,3.0,160879.0,318393.0,252104.0,301713.0,261572.0
2026-04-14 18:08:14.285420,764267,1609507587884468,5187854029,0.854976,-0.329888,-0.310368,-1.9775,-1.26875,-2.86125,-7.072001,25.624,-24.480001,concentric,6,3.0,160969.0,318358.0,252193.0,301704.0,261637.0
2026-04-14 18:08:14.287935,764268,1609507587893561,5187862752,0.854976,-0.329888,-0.310368,-3.03625,-0.77875,-2.9225,-7.072001,25.624,-24.480001,concentric,6,3.0,160969.0,318358.0,252193.0,301704.0,261637.0
2026-04-14 18:08:14.293095,764269,1609507587908183,5187877765,0.847168,-0.325984,-0.187392,-4.05125,-0.84,-3.00125,-7.176,25.496,-27.688002,concentric,6,3.0,160969.0,318358.0,252193.0,301704.0,261637.0
2026-04-14 18:08:14.293516,764270,1609507587917187,5187886486,0.8784,-0.33184,-0.111264,-4.4975,-1.1375,-2.66875,-6.792,25.656002,-25.528002,concentric,6,3.0,160969.0,318358.0,252193.0,301704.0,261637.0
2026-04-14 18:08:14.294870,764271,1609507587926211,5187895261,0.8784,-0.33184,-0.111264,-3.49125,-1.82,-2.07375,-6.792,25.656002,-25.528002,concentric,6,3.0,160969.0,318358.0,252193.0,301704.0,261637.0
2026-04-14 18:08:14.305021,764272,1609507587940734,5187910242,0.894016,-0.324032,-0.103456,-2.07375,-1.9775,-1.785,-7.024,25.192001,-26.904001,concentric,6,3.0,160969.0,318358.0,252193.0,301704.0,261637.0
2026-04-14 18:08:14.315238,764273,1609507587949721,5187918935,0.894016,-0.324032,-0.103456,-1.89875,-2.05625,-1.47,-7.024,25.192001,-26.904001,concentric,6,3.0,160969.0,318358.0,252193.0,301704.0,261637.0
2026-04-14 18:08:14.327727,764274,1609507587964267,5187933905,0.882304,-0.320128,-0.1464,-2.31,-1.82875,-1.39125,-6.048,25.304,-27.04,concentric,6,3.0,160969.0,318358.0,252193.0,301704.0,261637.0
2026-04-14 18:08:14.337889,764275,1609507587973472,5187942610,0.882304,-0.320128,-0.1464,-2.37125,-1.26,-1.995,-6.048,25.304,-27.04,concentric,6,3.0,160969.0,318358.0,252193.0,301704.0,261637.0
2026-04-14 18:08:14.371636,764286,1609507587982431,5187951289,0.899872,-0.33184,-0.124928,-3.59625,-1.23375,-1.855,-6.144,25.240002,-27.152,concentric,6,3.0,159958.0,318013.0,250976.0,301329.0,260560.0
2026-04-14 18:08:14.374210,764287,1609507587997901,5187966286,0.827648,-0.343552,-0.374784,-3.6575,-0.91875,-1.82875,-6.920001,25.784,-24.560001,concentric,6,3.0,159958.0,318013.0,250976.0,301329.0,260560.0
2026-04-14 18:08:14.376659,764288,1609507588007163,5187977168,0.827648,-0.343552,-0.374784,-2.52875,-1.225,-2.24875,-6.920001,25.784,-24.560001,concentric,6,3.0,159958.0,318013.0,250976.0,301329.0,260560.0
2026-04-14 18:08:14.389976,764289,1609507588021740,5187992064,0.79056,-0.325984,-0.325984,-1.925,-1.5225,-2.275,-7.36,25.832,-25.112001,concentric,6,3.0,159958.0,318013.0,250976.0,301329.0,260560.0
2026-04-14 18:08:14.396632,764290,1609507588030695,5188000807,0.79056,-0.325984,-0.325984,-2.14375,-1.86375,-1.995,-7.36,25.832,-25.112001,concentric,6,3.0,159958.0,318013.0,250976.0,301329.0,260560.0
2026-04-14 18:08:14.403599,764291,1609507588039625,5188009526,0.874496,-0.345504,-0.216672,-2.09125,-1.86375,-1.68875,-6.24,25.216002,-27.208002,concentric,6,3.0,159958.0,318013.0,250976.0,301329.0,260560.0
2026-04-14 18:08:14.440435,764292,1609507588054165,5188024434,0.874496,-0.345504,-0.216672,-1.30375,-1.9425,-1.67125,-6.24,25.216002,-27.208002,concentric,6,3.0,159958.0,318013.0,250976.0,301329.0,260560.0
2026-04-14 18:08:14.442562,764293,1609507588063128,5188033186,0.825696,-0.300608,-0.173728,-0.35,-1.86375,-1.6275,-5.528,25.232,-27.008001,concentric,6,3.0,159958.0,318013.0,250976.0,301329.0,260560.0
2026-04-14 18:08:14.445435,764294,1609507588077738,5188048063,0.841312,-0.31232,-0.128832,0.0,-2.24,-1.9425,-6.24,25.096,-27.088001,concentric,6,3.0,159958.0,318013.0,250976.0,301329.0,260560.0
2026-04-14 18:08:14.500218,764305,1609507588087281,5188056907,0.841312,-0.31232,-0.128832,-1.54875,-2.1,-1.79375,-6.24,25.096,-27.088001,concentric,6,3.0,159536.0,317663.0,250471.0,300977.0,260133.0
2026-04-14 18:08:14.502759,764306,1609507588096321,5188065715,0.841312,-0.31232,-0.128832,-2.65125,-2.21375,-1.5925,-6.24,25.096,-27.088001,concentric,6,3.0,159536.0,317663.0,250471.0,300977.0,260133.0
2026-04-14 18:08:14.505266,764307,1609507588110793,5188080625,0.880352,-0.363072,-0.281088,-2.6425,-1.91625,-1.75,-5.968,25.576002,-28.312002,concentric,6,3.0,159536.0,317663.0,250471.0,300977.0,260133.0
2026-04-14 18:08:14.507828,764308,1609507588119756,5188089359,0.792512,-0.32208,-0.30256,-1.86375,-1.8375,-2.19625,-6.648,25.336,-25.840002,concentric,6,3.0,159536.0,317663.0,250471.0,300977.0,260133.0
2026-04-14 18:08:14.510211,764309,1609507588134456,5188104356,0.792512,-0.32208,-0.30256,-2.42375,-1.4875,-2.38,-6.648,25.336,-25.840002,concentric,6,3.0,159536.0,317663.0,250471.0,300977.0,260133.0
2026-04-14 18:08:14.512830,764310,1609507588143420,5188113069,0.831552,-0.345504,-0.2928,-2.8175,-1.63625,-2.44125,-6.568,25.28,-26.176,concentric,6,3.0,159536.0,317663.0,250471.0,300977.0,260133.0
2026-04-14 18:08:14.520313,764311,1609507588152491,5188121757,0.831552,-0.345504,-0.2928,-3.8675,-1.7675,-1.995,-6.568,25.28,-26.176,concentric,6,3.0,159536.0,317663.0,250471.0,300977.0,260133.0
2026-04-14 18:08:14.532908,764312,1609507588167181,5188136632,0.83936,-0.347456,-0.363072,-3.7975,-1.715,-1.575,-5.912,25.056002,-27.184002,concentric,6,3.0,159536.0,317663.0,250471.0,300977.0,260133.0
2026-04-14 18:08:14.539855,764313,1609507588176145,5188145349,0.83936,-0.347456,-0.363072,-3.82375,-1.44375,-1.925,-5.912,25.056002,-27.184002,concentric,6,3.0,159536.0,317663.0,250471.0,300977.0,260133.0
2026-04-14 18:08:14.574460,764324,1609507588190738,5188160736,0.847168,-0.31232,-0.191296,-4.34,-0.70875,-1.82875,-5.904,25.2,-26.656002,concentric,6,3.0,159319.0,317429.0,250228.0,300695.0,259887.0
2026-04-14 18:08:14.575019,764325,1609507588199741,5188169458,0.909632,-0.36112,-0.212768,-4.29625,-0.175,-2.485,-6.024,24.992,-27.184002,concentric,6,3.0,159319.0,317429.0,250228.0,300695.0,259887.0
2026-04-14 18:08:14.582500,764326,1609507588214311,5188184405,0.909632,-0.36112,-0.212768,-4.2,-0.41125,-3.03625,-6.024,24.992,-27.184002,concentric,6,3.0,159319.0,317429.0,250228.0,300695.0,259887.0
2026-04-14 18:08:14.589094,764327,1609507588223354,5188193164,0.8784,-0.353312,-0.279136,-3.605,-0.72625,-3.4475,-5.92,25.496,-27.256,concentric,6,3.0,159319.0,317429.0,250228.0,300695.0,259887.0
2026-04-14 18:08:14.596484,764328,1609507588232342,5188201926,0.8784,-0.353312,-0.279136,-3.465,-0.7,-3.605,-5.92,25.496,-27.256,concentric,6,3.0,159319.0,317429.0,250228.0,300695.0,259887.0
2026-04-14 18:08:14.611498,764329,1609507588246961,5188216832,0.812032,-0.308416,-0.206912,-3.78,-0.34125,-4.025,-6.032,25.264002,-27.296001,concentric,6,3.0,159319.0,317429.0,250228.0,300695.0,259887.0
2026-04-14 18:08:14.620085,764330,1609507588256079,5188225543,0.812032,-0.308416,-0.206912,-3.7625,-0.53375,-3.61375,-6.032,25.264002,-27.296001,concentric,6,3.0,159319.0,317429.0,250228.0,300695.0,259887.0
2026-04-14 18:08:14.636203,764331,1609507588270556,5188240428,0.89792,-0.363072,-0.230336,-3.5175,-0.98,-2.905,-5.632,24.808,-26.696001,concentric,6,3.0,159319.0,317429.0,250228.0,300695.0,259887.0
2026-04-14 18:08:14.644268,764332,1609507588279497,5188249137,0.81008,-0.335744,-0.376736,-3.31625,-1.05,-2.8525,-5.92,25.216002,-25.480001,concentric,6,3.0,159319.0,317429.0,250228.0,300695.0,259887.0
2026-04-14 18:08:14.672349,764343,1609507588288701,5188257926,0.81008,-0.335744,-0.376736,-2.415,-0.84,-2.98375,-5.92,25.216002,-25.480001,concentric,6,3.0,158927.0,317348.0,249726.0,300641.0,259433.0
2026-04-14 18:08:14.674910,764344,1609507588303336,5188272868,0.866688,-0.337696,-0.218624,-2.58125,-0.41125,-3.38625,-6.784,25.504002,-26.344002,concentric,6,3.0,158927.0,317348.0,249726.0,300641.0,259433.0
2026-04-14 18:08:14.678769,764345,1609507588312295,5188281560,0.866688,-0.337696,-0.218624,-3.2025,0.0,-3.675,-6.784,25.504002,-26.344002,concentric,6,3.0,158927.0,317348.0,249726.0,300641.0,259433.0
2026-04-14 18:08:14.691692,764346,1609507588326825,5188296448,0.83936,-0.355264,-0.382592,-2.93125,0.28,-3.57875,-6.920001,24.944,-27.112001,concentric,6,3.0,158927.0,317348.0,249726.0,300641.0,259433.0
2026-04-14 18:08:14.702734,764347,1609507588335770,5188305108,0.83936,-0.355264,-0.382592,-2.51125,0.23625,-3.395,-6.920001,24.944,-27.112001,concentric,6,3.0,158927.0,317348.0,249726.0,300641.0,259433.0
2026-04-14 18:08:14.708770,764348,1609507588344737,5188313825,0.8296,-0.339648,-0.368928,-2.5725,0.105,-3.45625,-5.824,25.424002,-27.184002,concentric,6,3.0,158927.0,317348.0,249726.0,300641.0,259433.0
2026-04-14 18:08:14.725170,764349,1609507588359307,5188328713,0.788608,-0.308416,-0.286944,-2.19625,0.455,-3.68375,-5.84,25.080002,-26.096,concentric,6,3.0,158927.0,317348.0,249726.0,300641.0,259433.0
2026-04-14 18:08:14.732418,764350,1609507588368229,5188337424,0.788608,-0.308416,-0.286944,-1.7325,0.3675,-4.1125,-5.84,25.080002,-26.096,concentric,6,3.0,158927.0,317348.0,249726.0,300641.0,259433.0
2026-04-14 18:08:14.747550,764351,1609507588382737,5188352404,0.806176,-0.314272,-0.242048,-1.09375,0.16625,-3.85875,-6.136,25.008001,-27.28,concentric,6,3.0,158927.0,317348.0,249726.0,300641.0,259433.0
2026-04-14 18:08:14.777429,764363,1609507588391736,5188361150,0.806176,-0.314272,-0.242048,-1.12875,-0.14,-3.885,-6.136,25.008001,-27.28,concentric,6,3.0,159973.0,317665.0,251032.0,300969.0,260612.0
2026-04-14 18:08:14.779817,764364,1609507588406297,5188376092,0.81984,-0.33184,-0.376736,-1.91625,-0.4375,-3.395,-6.056,25.048,-27.04,concentric,6,3.0,159973.0,317665.0,251032.0,300969.0,260612.0
2026-04-14 18:08:14.804971,764365,1609507588415323,5188384788,0.81984,-0.33184,-0.376736,-1.715,-0.41125,-2.51125,-6.056,25.048,-27.04,concentric,6,3.0,159973.0,317665.0,251032.0,300969.0,260612.0
2026-04-14 18:08:14.835137,764366,1609507588424393,5188393503,0.876448,-0.306464,-0.134688,-1.93375,-0.385,-2.80875,-5.92,25.328001,-27.224,concentric,6,3.0,159973.0,317665.0,251032.0,300969.0,260612.0
2026-04-14 18:08:14.859846,764367,1609507588439027,5188408374,0.8296,-0.3416,-0.329888,-1.8375,-0.4725,-2.73,-5.92,25.328001,-27.560001,concentric,6,3.0,159973.0,317665.0,251032.0,300969.0,260612.0
2026-04-14 18:08:14.867459,764368,1609507588448040,5188417073,0.831552,-0.3416,-0.329888,-2.14375,-0.97125,-3.10625,-6.16,25.056002,-27.560001,concentric,6,3.0,159973.0,317665.0,251032.0,300969.0,260612.0
2026-04-14 18:08:14.869901,764369,1609507588462540,5188431988,0.892064,-0.345504,-0.261568,-1.89875,-1.07625,-3.70125,-5.984,25.184002,-27.224,concentric,6,3.0,159973.0,317665.0,251032.0,300969.0,260612.0
2026-04-14 18:08:14.872391,764370,1609507588471437,5188440665,0.892064,-0.345504,-0.261568,-1.12875,-0.70875,-3.115,-5.984,25.184002,-27.224,concentric,6,3.0,159973.0,317665.0,251032.0,300969.0,260612.0
2026-04-14 18:08:14.900014,764381,1609507588486447,5188455567,0.802272,-0.316224,-0.339648,-0.5775,-0.9625,-3.50875,-6.08,25.2,-26.576002,concentric,6,3.0,160626.0,317716.0,251838.0,301008.0,261321.0
2026-04-14 18:08:14.902541,764382,1609507588495403,5188464289,0.802272,-0.316224,-0.339648,-0.67375,-0.8925,-3.43,-6.08,25.2,-26.576002,concentric,6,3.0,160626.0,317716.0,251838.0,301008.0,261321.0
2026-04-14 18:08:14.905033,764383,1609507588504517,5188472982,0.808128,-0.333792,-0.384544,-0.46375,-0.93625,-2.93125,-6.6,25.480001,-26.44,concentric,6,3.0,160626.0,317716.0,251838.0,301008.0,261321.0
2026-04-14 18:08:14.907559,764384,1609507588519425,5188487922,0.808128,-0.30256,-0.255712,-1.16375,-1.0325,-3.43,-6.6,25.480001,-26.44,concentric,6,3.0,160626.0,317716.0,251838.0,301008.0,261321.0
2026-04-14 18:08:14.910042,764385,1609507588528805,5188498703,0.815936,-0.30256,-0.255712,-1.23375,-1.11125,-3.24625,-6.744,25.504002,-25.736002,concentric,6,3.0,160626.0,317716.0,251838.0,301008.0,261321.0
2026-04-14 18:08:14.912535,764386,1609507588537749,5188507453,0.815936,-0.30256,-0.255712,-0.21,-0.805,-3.14125,-6.744,25.504002,-25.736002,concentric,6,3.0,160626.0,317716.0,251838.0,301008.0,261321.0
2026-04-14 18:08:14.919836,764387,1609507588552279,5188522365,0.854976,-0.335744,-0.343552,0.49875,-0.65625,-3.42125,-6.936,25.288002,-27.536001,concentric,6,3.0,160626.0,317716.0,251838.0,301008.0,261321.0
2026-04-14 18:08:14.927602,764388,1609507588561213,5188531091,0.860832,-0.35136,-0.339648,0.1225,-0.95375,-3.47375,-6.912,25.52,-25.52,concentric,6,3.0,160626.0,317716.0,251838.0,301008.0,261321.0
2026-04-14 18:08:14.940074,764389,1609507588575700,5188545983,0.860832,-0.35136,-0.339648,-0.48125,-1.00625,-2.94875,-6.912,25.52,-25.52,concentric,6,3.0,160626.0,317716.0,251838.0,301008.0,261321.0
2026-04-14 18:08:14.951203,764390,1609507588584716,5188554729,0.83936,-0.33184,-0.308416,-1.35625,-0.735,-2.6775,-5.944,25.128,-27.28,concentric,6,3.0,160626.0,317716.0,251838.0,301008.0,261321.0
2026-04-14 18:08:14.977523,764401,1609507588599254,5188567645,0.83936,-0.33184,-0.308416,-1.225,-0.805,-2.70375,-5.944,25.128,-27.28,concentric,6,3.0,161781.0,317999.0,253218.0,301314.0,262536.0
2026-04-14 18:08:14.980016,764402,1609507588608647,5188578519,0.895968,-0.333792,-0.238144,-0.6825,-0.21875,-3.15,-7.712,25.736002,-24.192001,concentric,6,3.0,161781.0,317999.0,253218.0,301314.0,262536.0
2026-04-14 18:08:14.982609,764403,1609507588617671,5188587229,0.895968,-0.333792,-0.238144,-0.7,-0.0525,-3.63125,-7.712,25.736002,-24.192001,concentric,6,3.0,161781.0,317999.0,253218.0,301314.0,262536.0
2026-04-14 18:08:14.996383,764404,1609507588632157,5188602167,0.894016,-0.324032,-0.12688,-0.90125,-0.0875,-3.52625,-7.656,25.44,-25.760002,concentric,6,3.0,161781.0,317999.0,253218.0,301314.0,262536.0
2026-04-14 18:08:15.006259,764405,1609507588641115,5188610890,0.80032,-0.318176,-0.318176,-1.14625,-0.0525,-3.0975,-5.992,24.912,-26.864002,concentric,6,3.0,161781.0,317999.0,253218.0,301314.0,262536.0
2026-04-14 18:08:15.021703,764406,1609507588655626,5188625775,0.80032,-0.318176,-0.318176,-1.8375,-0.245,-2.68625,-5.992,24.912,-26.864002,concentric,6,3.0,161781.0,317999.0,253218.0,301314.0,262536.0
2026-04-14 18:08:15.034245,764407,1609507588664600,5188634496,0.821792,-0.308416,-0.271328,-2.415,-0.16625,-2.24875,-5.824,24.944,-26.632002,concentric,6,3.0,161781.0,317999.0,253218.0,301314.0,262536.0
2026-04-14 18:08:15.037932,764408,1609507588673533,5188643218,0.821792,-0.308416,-0.271328,-3.12375,-0.21875,-1.8725,-5.824,24.944,-26.632002,concentric,6,3.0,161781.0,317999.0,253218.0,301314.0,262536.0
2026-04-14 18:08:15.077464,764419,1609507588688049,5188658239,0.798368,-0.31232,-0.363072,-3.08875,-0.035,-2.44125,-7.088,25.632002,-26.000002,concentric,6,3.0,161746.0,317896.0,253210.0,301235.0,262538.0
2026-04-14 18:08:15.079995,764420,1609507588697114,5188667064,0.798368,-0.31232,-0.363072,-2.7825,0.455,-3.40375,-7.088,25.632002,-26.000002,concentric,6,3.0,161746.0,317896.0,253210.0,301235.0,262538.0
2026-04-14 18:08:15.082485,764421,1609507588711668,5188682026,0.880352,-0.316224,-0.1464,-2.66875,0.35875,-3.2375,-6.696,25.472002,-26.704,concentric,6,3.0,161746.0,317896.0,253210.0,301235.0,262538.0
2026-04-14 18:08:15.084905,764422,1609507588720644,5188690800,0.880352,-0.300608,-0.230336,-2.87875,0.0525,-3.05375,-6.696,25.472002,-26.704,concentric,6,3.0,161746.0,317896.0,253210.0,301235.0,262538.0
2026-04-14 18:08:15.095091,764423,1609507588729752,5188699540,0.806176,-0.300608,-0.230336,-3.05375,0.11375,-2.61625,-6.056,25.168001,-27.296001,concentric,6,3.0,161746.0,317896.0,253210.0,301235.0,262538.0
2026-04-14 18:08:15.111360,764424,1609507588744297,5188714441,0.845216,-0.327936,-0.347456,-2.8525,-0.35875,-2.555,-5.960001,24.912,-27.152,concentric,6,3.0,161746.0,317896.0,253210.0,301235.0,262538.0
2026-04-14 18:08:15.117545,764425,1609507588753239,5188723157,0.845216,-0.327936,-0.347456,-2.65125,-0.6475,-2.415,-5.960001,24.912,-27.152,concentric,6,3.0,161746.0,317896.0,253210.0,301235.0,262538.0
2026-04-14 18:08:15.134625,764426,1609507588767862,5188738050,0.8296,-0.318176,-0.308416,-2.65125,-0.34125,-2.31,-6.04,25.064001,-27.296001,concentric,6,3.0,161746.0,317896.0,253210.0,301235.0,262538.0
2026-04-14 18:08:15.142287,764427,1609507588776790,5188746748,0.8296,-0.318176,-0.308416,-2.30125,0.0875,-3.22875,-6.04,25.064001,-27.296001,concentric,6,3.0,161746.0,317896.0,253210.0,301235.0,262538.0
2026-04-14 18:08:15.252611,764438,1609507588791861,5188761742,0.827648,-0.345504,-0.37088,-3.01875,0.20125,-3.115,-6.248,25.168001,-27.008001,concentric,6,3.0,161671.0,317999.0,253108.0,301320.0,262482.0
2026-04-14 18:08:15.255131,764439,1609507588800821,5188770466,0.827648,-0.345504,-0.37088,-3.57,0.28875,-2.2925,-6.248,25.168001,-27.008001,concentric,6,3.0,161671.0,317999.0,253108.0,301320.0,262482.0
2026-04-14 18:08:15.257621,764440,1609507588809770,5188779146,0.815936,-0.296704,-0.257664,-2.695,0.06125,-1.9425,-6.184001,24.872002,-27.960001,concentric,6,3.0,161671.0,317999.0,253108.0,301320.0,262482.0
2026-04-14 18:08:15.259956,764441,1609507588824273,5188794045,0.806176,-0.281088,-0.244,-2.1175,0.385,-1.75,-6.208,25.064001,-27.216002,concentric,6,3.0,161671.0,317999.0,253108.0,301320.0,262482.0
2026-04-14 18:08:15.262608,764442,1609507588833215,5188802716,0.806176,-0.281088,-0.244,-2.54625,0.4025,-2.3975,-6.208,25.064001,-27.216002,concentric,6,3.0,161671.0,317999.0,253108.0,301320.0,262482.0
2026-04-14 18:08:15.265135,764443,1609507588847770,5188817649,0.876448,-0.300608,-0.111264,-3.395,0.25375,-2.5375,-5.792,24.888,-27.288002,concentric,6,3.0,161671.0,317999.0,253108.0,301320.0,262482.0
2026-04-14 18:08:15.267625,764444,1609507588856752,5188826367,0.876448,-0.300608,-0.111264,-3.78,0.69125,-3.045,-5.792,24.888,-27.288002,concentric,6,3.0,161671.0,317999.0,253108.0,301320.0,262482.0
2026-04-14 18:08:15.270072,764445,1609507588865705,5188835084,0.798368,-0.318176,-0.36112,-3.54375,1.63625,-2.54625,-6.16,25.160002,-26.112001,concentric,6,3.0,161671.0,317999.0,253108.0,301320.0,262482.0
2026-04-14 18:08:15.272546,764446,1609507588880191,5188849982,0.798368,-0.318176,-0.36112,-3.01,1.7325,-2.51125,-6.16,25.160002,-26.112001,concentric,6,3.0,161671.0,317999.0,253108.0,301320.0,262482.0
2026-04-14 18:08:15.300339,764457,1609507588889762,5188858901,0.88816,-0.3416,-0.269376,-2.8175,1.54,-2.45,-7.08,25.432001,-25.776001,concentric,6,3.0,162315.0,318392.0,253948.0,301745.0,263214.0
2026-04-14 18:08:15.302970,764458,1609507588904380,5188874063,0.895968,-0.3416,-0.249856,-2.61625,0.9275,-2.5375,-6.976,25.176,-26.056002,concentric,6,3.0,162315.0,318392.0,253948.0,301745.0,263214.0
2026-04-14 18:08:15.305427,764459,1609507588913525,5188882815,0.895968,-0.3416,-0.249856,-2.96625,1.16375,-1.68875,-6.976,25.176,-26.056002,concentric,6,3.0,162315.0,318392.0,253948.0,301745.0,263214.0
2026-04-14 18:08:15.307988,764460,1609507588922448,5188891621,0.802272,-0.325984,-0.372832,-2.77375,1.0675,-1.2425,-6.976,25.456001,-26.304,concentric,6,3.0,162315.0,318392.0,253948.0,301745.0,263214.0
2026-04-14 18:08:15.310399,764461,1609507588937108,5188906662,0.802272,-0.325984,-0.372832,-2.24,1.05875,-1.09375,-7.056,25.456001,-26.304,concentric,6,3.0,162315.0,318392.0,253948.0,301745.0,263214.0
2026-04-14 18:08:15.312937,764462,1609507588946092,5188915406,0.80032,-0.310368,-0.339648,-1.715,0.81375,-0.90125,-6.888001,25.024002,-25.664001,concentric,6,3.0,162315.0,318392.0,253948.0,301745.0,263214.0
2026-04-14 18:08:15.324885,764463,1609507588960584,5188930351,0.80032,-0.310368,-0.339648,-1.3475,0.8225,-1.12875,-6.888001,25.024002,-25.664001,concentric,6,3.0,162315.0,318392.0,253948.0,301745.0,263214.0
2026-04-14 18:08:15.337272,764464,1609507588969585,5188939038,0.882304,-0.304512,-0.171776,-0.70875,1.1025,-0.9975,-6.688,25.44,-27.080002,concentric,6,3.0,162315.0,318392.0,253948.0,301745.0,263214.0
2026-04-14 18:08:15.349094,764465,1609507588984079,5188954009,0.802272,-0.279136,-0.238144,0.1225,1.12,-1.19,-7.304,25.496,-28.008001,concentric,6,3.0,162315.0,318392.0,253948.0,301745.0,263214.0
2026-04-14 18:08:15.376569,764476,1609507588993188,5188962715,0.802272,-0.279136,-0.238144,0.58625,1.015,-1.4525,-7.304,25.496,-28.008001,concentric,6,3.0,162449.0,318477.0,254182.0,301826.0,263433.0
2026-04-14 18:08:15.379112,764477,1609507589002305,5188971660,0.802272,-0.279136,-0.238144,-0.56875,1.18125,-1.44375,-7.304,25.496,-28.008001,concentric,6,3.0,162449.0,318477.0,254182.0,301826.0,263433.0
2026-04-14 18:08:15.381197,764478,1609507589016853,5188986602,0.892064,-0.347456,-0.240096,-1.46125,0.875,-1.26875,-6.24,25.016,-29.792002,concentric,6,3.0,162449.0,318477.0,254182.0,301826.0,263433.0
2026-04-14 18:08:15.391732,764479,1609507589025845,5188995447,0.847168,-0.300608,-0.144448,-0.86625,0.84875,-1.12875,-6.224001,25.000002,-27.560001,concentric,6,3.0,162449.0,318477.0,254182.0,301826.0,263433.0
2026-04-14 18:08:15.407894,764480,1609507589040479,5189010356,0.847168,-0.300608,-0.144448,0.7525,0.42875,-0.945,-6.224001,25.000002,-27.560001,concentric,6,3.0,162449.0,318477.0,254182.0,301826.0,263433.0
2026-04-14 18:08:15.415803,764481,1609507589049439,5189019085,0.81984,-0.327936,-0.37088,1.26875,0.93625,-1.47875,-5.8,25.272001,-27.256,concentric,6,3.0,162449.0,318477.0,254182.0,301826.0,263433.0
2026-04-14 18:08:15.424288,764482,1609507589058495,5189027799,0.81984,-0.327936,-0.37088,0.58625,0.58625,-1.4,-5.8,25.272001,-27.256,concentric,6,3.0,162449.0,318477.0,254182.0,301826.0,263433.0
2026-04-14 18:08:15.440333,764483,1609507589072965,5189042733,0.911584,-0.337696,-0.17568,0.04375,0.28,-1.1025,-6.568,25.52,-26.000002,concentric,6,3.0,162449.0,318477.0,254182.0,301826.0,263433.0
2026-04-14 18:08:15.472073,764484,1609507589081883,5189051417,0.911584,-0.337696,-0.17568,-0.09625,-0.16625,-0.55125,-6.568,25.52,-26.000002,concentric,6,3.0,162449.0,318477.0,254182.0,301826.0,263433.0
2026-04-14 18:08:15.499229,764495,1609507589096478,5189066713,0.80032,-0.310368,-0.304512,-0.385,-0.00875,-0.6825,-7.000001,25.208002,-26.968,concentric,6,3.0,162924.0,318632.0,254767.0,302029.0,263975.0
2026-04-14 18:08:15.501670,764496,1609507589105418,5189075514,0.812032,-0.31232,-0.286944,-0.385,-0.2975,-0.70875,-7.064,25.512001,-26.104002,concentric,6,3.0,162924.0,318632.0,254767.0,302029.0,263975.0
2026-04-14 18:08:15.504117,764497,1609507589120081,5189090467,0.812032,-0.31232,-0.286944,-0.91,-0.16625,-0.72625,-7.064,25.512001,-26.104002,concentric,6,3.0,162924.0,318632.0,254767.0,302029.0,263975.0
2026-04-14 18:08:15.506299,764498,1609507589129043,5189099166,0.798368,-0.31232,-0.308416,-1.44375,-0.16625,-0.8925,-6.688,25.896002,-26.064001,concentric,6,3.0,162924.0,318632.0,254767.0,302029.0,263975.0
2026-04-14 18:08:15.510273,764499,1609507589137981,5189107931,0.798368,-0.31232,-0.308416,-1.9425,-0.35875,-1.19875,-6.688,25.896002,-26.064001,concentric,6,3.0,162924.0,318632.0,254767.0,302029.0,263975.0
2026-04-14 18:08:15.542321,764500,1609507589152588,5189122953,0.81984,-0.343552,-0.37088,-1.435,-0.595,-1.155,-6.848001,25.856,-24.896002,concentric,6,3.0,162924.0,318632.0,254767.0,302029.0,263975.0
2026-04-14 18:08:15.545243,764501,1609507589161493,5189131618,0.81984,-0.343552,-0.37088,-2.09125,-0.6125,-1.19,-6.848001,25.856,-24.896002,concentric,6,3.0,162924.0,318632.0,254767.0,302029.0,263975.0
2026-04-14 18:08:15.547756,764502,1609507589176126,5189144490,0.843264,-0.300608,-0.124928,-2.7125,-0.95375,-1.1025,-6.2,25.208002,-27.096,concentric,6,3.0,162924.0,318632.0,254767.0,302029.0,263975.0
2026-04-14 18:08:15.572958,764503,1609507589185334,5189155234,0.894016,-0.347456,-0.179584,-1.63625,-0.9625,-1.14625,-6.168,25.376001,-28.512001,concentric,6,3.0,162924.0,318632.0,254767.0,302029.0,263975.0
2026-04-14 18:08:15.647577,764514,1609507589194385,5189164032,0.894016,-0.347456,-0.179584,-2.51125,-0.86625,-1.225,-6.168,25.376001,-28.512001,concentric,6,3.0,162084.0,318385.0,253710.0,301738.0,263046.0
2026-04-14 18:08:15.650423,764515,1609507589208900,5189178981,0.808128,-0.3416,-0.374784,-3.00125,-0.98,-1.07625,-6.128,24.912,-26.944002,concentric,6,3.0,162084.0,318385.0,253710.0,301738.0,263046.0
2026-04-14 18:08:15.655432,764516,1609507589217860,5189187672,0.808128,-0.3416,-0.374784,-2.625,-1.16375,-1.35625,-6.128,24.912,-26.944002,concentric,6,3.0,162084.0,318385.0,253710.0,301738.0,263046.0
2026-04-14 18:08:15.657987,764517,1609507589232362,5189202570,0.847168,-0.349408,-0.349408,-2.47625,-0.76125,-1.23375,-5.968,25.480001,-26.592001,concentric,6,3.0,162084.0,318385.0,253710.0,301738.0,263046.0
2026-04-14 18:08:15.660447,764518,1609507589241443,5189211280,0.847168,-0.349408,-0.349408,-2.695,-0.58625,-1.32125,-5.968,25.480001,-26.592001,concentric,6,3.0,162084.0,318385.0,253710.0,301738.0,263046.0
2026-04-14 18:08:15.662473,764519,1609507589250388,5189219998,0.866688,-0.32208,-0.124928,-3.14125,-0.5425,-1.40875,-5.928001,25.424002,-25.736002,concentric,6,3.0,162084.0,318385.0,253710.0,301738.0,263046.0
2026-04-14 18:08:15.665431,764520,1609507589264876,5189234949,0.864736,-0.372832,-0.33184,-3.33375,-0.56,-1.39125,-6.992,25.52,-24.088001,concentric,6,3.0,162084.0,318385.0,253710.0,301738.0,263046.0
2026-04-14 18:08:15.667522,764521,1609507589273847,5189243672,0.864736,-0.372832,-0.33184,-3.59625,0.21875,-1.30375,-6.992,25.52,-24.088001,concentric,6,3.0,162084.0,318385.0,253710.0,301738.0,263046.0
2026-04-14 18:08:15.670430,764522,1609507589288362,5189258690,0.804224,-0.333792,-0.329888,-3.85875,0.32375,-1.26,-6.656,25.512001,-26.312002,concentric,6,3.0,162084.0,318385.0,253710.0,301738.0,263046.0
2026-04-14 18:08:15.697280,764533,1609507589297315,5189267414,0.804224,-0.333792,-0.329888,-3.15,0.32375,-0.81375,-6.656,25.512001,-26.312002,concentric,6,3.0,161004.0,317839.0,252419.0,301143.0,261908.0
2026-04-14 18:08:15.705690,764534,1609507589311866,5189280316,0.808128,-0.296704,-0.226432,-2.3625,0.4375,-0.83125,-6.864,25.656002,-25.856,concentric,6,3.0,161004.0,317839.0,252419.0,301143.0,261908.0
2026-04-14 18:08:15.707821,764535,1609507589321330,5189291086,0.808128,-0.296704,-0.226432,-2.07375,0.455,-0.98,-6.864,25.656002,-25.856,concentric,6,3.0,161004.0,317839.0,252419.0,301143.0,261908.0
2026-04-14 18:08:15.710275,764536,1609507589330296,5189299808,0.84912,-0.347456,-0.339648,-2.73875,0.28875,-1.5225,-6.768,25.712002,-25.192001,concentric,6,3.0,161004.0,317839.0,252419.0,301143.0,261908.0
2026-04-14 18:08:15.712759,764537,1609507589344810,5189314816,0.84912,-0.353312,-0.382592,-3.3775,0.42,-1.98625,-6.768,25.712002,-25.192001,concentric,6,3.0,161004.0,317839.0,252419.0,301143.0,261908.0
2026-04-14 18:08:15.719015,764538,1609507589353759,5189323562,0.827648,-0.353312,-0.382592,-3.22,0.2625,-2.1875,-7.656,25.776001,-26.864002,concentric,6,3.0,161004.0,317839.0,252419.0,301143.0,261908.0
2026-04-14 18:08:15.737761,764539,1609507589368327,5189338473,0.806176,-0.316224,-0.308416,-2.91375,0.455,-2.37125,-6.8,25.024002,-27.048,concentric,6,3.0,161004.0,317839.0,252419.0,301143.0,261908.0
2026-04-14 18:08:15.742363,764540,1609507589377262,5189347181,0.806176,-0.316224,-0.308416,-2.31,0.65625,-2.03875,-6.8,25.024002,-27.048,concentric,6,3.0,161004.0,317839.0,252419.0,301143.0,261908.0
2026-04-14 18:08:15.751284,764541,1609507589386250,5189355890,0.88816,-0.353312,-0.218624,-2.415,0.8575,-2.4675,-6.68,25.448002,-24.336,concentric,6,3.0,161004.0,317839.0,252419.0,301143.0,261908.0
2026-04-14 18:08:15.784252,764552,1609507589400834,5189371014,0.88816,-0.353312,-0.218624,-2.87875,0.6475,-2.37125,-6.68,25.448002,-24.336,concentric,6,3.0,161280.0,317945.0,252745.0,301278.0,262209.0
2026-04-14 18:08:15.786655,764553,1609507589409798,5189379809,0.786656,-0.318176,-0.277184,-2.93125,0.95375,-2.52,-5.728,25.264002,-27.384,concentric,6,3.0,161280.0,317945.0,252745.0,301278.0,262209.0
2026-04-14 18:08:15.790398,764554,1609507589424362,5189392731,0.786656,-0.318176,-0.277184,-2.40625,1.54875,-2.415,-5.728,25.264002,-27.384,concentric,6,3.0,161280.0,317945.0,252745.0,301278.0,262209.0
2026-04-14 18:08:15.799109,764555,1609507589433624,5189403543,0.802272,-0.32208,-0.279136,-2.6075,1.61875,-1.8725,-5.928001,25.584002,-26.328001,concentric,6,3.0,161280.0,317945.0,252745.0,301278.0,262209.0
2026-04-14 18:08:15.815320,764556,1609507589448147,5189418463,0.892064,-0.366976,-0.286944,-2.975,1.23375,-1.75,-6.104,25.256,-27.240002,concentric,6,3.0,161280.0,317945.0,252745.0,301278.0,262209.0
2026-04-14 18:08:15.822779,764557,1609507589457090,5189427135,0.892064,-0.366976,-0.286944,-2.40625,1.4,-0.98875,-6.104,25.256,-27.240002,concentric,6,3.0,161280.0,317945.0,252745.0,301278.0,262209.0
2026-04-14 18:08:15.830264,764558,1609507589466020,5189435898,0.88816,-0.333792,-0.15616,-2.555,1.2775,-1.47,-6.104,25.36,-26.576002,concentric,6,3.0,161280.0,317945.0,252745.0,301278.0,262209.0
2026-04-14 18:08:15.845440,764559,1609507589480632,5189450806,0.88816,-0.333792,-0.15616,-2.44125,1.25125,-1.32125,-6.304,25.36,-26.576002,concentric,6,3.0,161280.0,317945.0,252745.0,301278.0,262209.0
2026-04-14 18:08:15.856681,764560,1609507589489571,5189459487,0.792512,-0.308416,-0.300608,-1.51375,1.4525,-1.3825,-5.976,25.128,-27.44,concentric,6,3.0,161280.0,317945.0,252745.0,301278.0,262209.0
2026-04-14 18:08:15.908786,764571,1609507589504108,5189474451,0.792512,-0.308416,-0.300608,-1.3825,1.35625,-1.4175,-5.976,25.128,-27.44,concentric,6,3.0,161952.0,318259.0,253596.0,301581.0,262964.0
2026-04-14 18:08:15.934232,764572,1609507589513061,5189483154,0.903776,-0.343552,-0.160064,-2.4325,2.03,-1.84625,-6.776001,26.048,-25.28,concentric,6,3.0,161952.0,318259.0,253596.0,301581.0,262964.0
2026-04-14 18:08:15.941721,764573,1609507589522107,5189491894,0.903776,-0.343552,-0.160064,-3.2725,1.93375,-1.995,-6.776001,26.048,-25.28,concentric,6,3.0,161952.0,318259.0,253596.0,301581.0,262964.0
2026-04-14 18:08:15.943753,764574,1609507589536626,5189506855,0.845216,-0.33184,-0.187392,-3.4825,2.02125,-2.1,-7.512001,25.840002,-25.056002,concentric,6,3.0,161952.0,318259.0,253596.0,301581.0,262964.0
2026-04-14 18:08:15.946694,764575,1609507589545562,5189515523,0.845216,-0.33184,-0.187392,-2.26625,2.24875,-2.205,-7.512001,25.840002,-25.056002,concentric,6,3.0,161952.0,318259.0,253596.0,301581.0,262964.0
2026-04-14 18:08:15.949258,764576,1609507589560170,5189530463,0.817888,-0.339648,-0.374784,-0.53375,2.33625,-2.21375,-7.696001,25.632002,-25.088001,concentric,6,3.0,161952.0,318259.0,253596.0,301581.0,262964.0
2026-04-14 18:08:15.951649,764577,1609507589569097,5189539145,0.886208,-0.335744,-0.121024,-0.3325,1.91625,-1.6975,-7.464,25.456001,-25.824001,concentric,6,3.0,161952.0,318259.0,253596.0,301581.0,262964.0
2026-04-14 18:08:15.954243,764578,1609507589583601,5189552012,0.886208,-0.335744,-0.121024,-1.56625,2.2925,-1.8025,-7.464,25.456001,-25.824001,concentric,6,3.0,161952.0,318259.0,253596.0,301581.0,262964.0
2026-04-14 18:08:15.988352,764589,1609507589592919,5189563223,0.806176,-0.353312,-0.327936,-3.85,1.96,-1.30375,-7.184001,25.760002,-25.968,concentric,6,3.0,162636.0,318820.0,254381.0,302133.0,263655.0
2026-04-14 18:08:15.988471,764590,1609507589602343,5189572080,0.806176,-0.353312,-0.327936,-4.1125,1.81125,-0.175,-7.184001,25.760002,-25.968,concentric,6,3.0,162636.0,318820.0,254381.0,302133.0,263655.0
2026-04-14 18:08:15.988524,764591,1609507589616867,5189587052,0.874496,-0.349408,-0.310368,-2.6425,1.96875,-0.665,-6.864,25.944002,-26.2,concentric,6,3.0,162636.0,318820.0,254381.0,302133.0,263655.0
2026-04-14 18:08:15.990955,764592,1609507589625830,5189595755,0.874496,-0.349408,-0.310368,-0.28,1.3825,-1.3825,-6.864,25.944002,-26.2,concentric,6,3.0,162636.0,318820.0,254381.0,302133.0,263655.0
2026-04-14 18:08:16.007790,764593,1609507589640422,5189610659,0.870592,-0.31232,-0.173728,-0.09625,1.09375,-2.51125,-7.08,25.640001,-24.608002,concentric,6,3.0,162636.0,318820.0,254381.0,302133.0,263655.0
2026-04-14 18:08:16.014098,764594,1609507589649365,5189619393,0.915488,-0.37088,-0.197152,-1.8375,1.04125,-2.31,-6.872,25.528002,-26.872002,concentric,6,3.0,162636.0,318820.0,254381.0,302133.0,263655.0
2026-04-14 18:08:16.022843,764595,1609507589658308,5189628111,0.915488,-0.37088,-0.197152,-3.955,1.02375,-1.89875,-6.872,25.528002,-26.872002,concentric,6,3.0,162636.0,318820.0,254381.0,302133.0,263655.0
2026-04-14 18:08:16.037405,764596,1609507589672821,5189643004,0.827648,-0.3416,-0.249856,-4.85625,0.95375,-1.5575,-6.272,24.992,-26.896002,concentric,6,3.0,162636.0,318820.0,254381.0,302133.0,263655.0
2026-04-14 18:08:16.047991,764597,1609507589681779,5189651707,0.827648,-0.3416,-0.249856,-5.46875,-0.32375,-1.65375,-6.272,24.992,-26.896002,concentric,6,3.0,162636.0,318820.0,254381.0,302133.0,263655.0
2026-04-14 18:08:16.108628,764608,1609507589696922,5189666674,0.81008,-0.320128,-0.355264,-4.725,-0.90125,-1.91625,-6.24,25.256,-27.056002,concentric,6,3.0,159565.0,316788.0,251421.0,299925.0,260941.0
2026-04-14 18:08:16.111539,764609,1609507589705923,5189675426,0.81008,-0.320128,-0.355264,-2.87875,-0.97125,-3.36,-6.24,25.256,-27.056002,concentric,6,3.0,159565.0,316788.0,251421.0,299925.0,260941.0
2026-04-14 18:08:16.114039,764610,1609507589714895,5189684202,0.880352,-0.294752,-0.101504,-3.99,-1.70625,-4.27875,-6.28,25.224,-29.584002,concentric,6,3.0,159565.0,316788.0,251421.0,299925.0,260941.0
2026-04-14 18:08:16.116597,764611,1609507589729428,5189699147,0.843264,-0.318176,-0.158112,-7.5775,-2.72125,-4.06,-6.568,25.136002,-26.824001,concentric,6,3.0,159565.0,316788.0,251421.0,299925.0,260941.0
2026-04-14 18:08:16.119219,764612,1609507589738376,5189707927,0.843264,-0.318176,-0.158112,-11.4275,-2.33625,-4.4625,-6.568,25.136002,-26.824001,concentric,6,3.0,159565.0,316788.0,251421.0,299925.0,260941.0
2026-04-14 18:08:16.121255,764613,1609507589753356,5189722847,0.841312,-0.35136,-0.37088,-10.45625,-3.99,-4.83875,-6.128,25.096,-27.096,concentric,6,3.0,159565.0,316788.0,251421.0,299925.0,260941.0
2026-04-14 18:08:16.126334,764614,1609507589762362,5189731823,0.841312,-0.35136,-0.37088,-8.8725,-5.25875,-5.215,-6.128,25.096,-27.096,concentric,6,3.0,159565.0,316788.0,251421.0,299925.0,260941.0
2026-04-14 18:08:16.135094,764615,1609507589771526,5189740619,0.815936,-0.335744,-0.320128,-9.70375,-4.96125,-5.34625,-6.032,25.176,-27.024002,concentric,6,3.0,159565.0,316788.0,251421.0,299925.0,260941.0
2026-04-14 18:08:16.150456,764616,1609507589786002,5189755509,0.815936,-0.335744,-0.320128,-10.31625,-3.675,-5.46875,-6.032,25.176,-27.024002,concentric,6,3.0,159565.0,316788.0,251421.0,299925.0,260941.0
2026-04-14 18:08:16.183807,764627,1609507589795017,5189764431,0.821792,-0.339648,-0.372832,-10.2025,-2.09125,-6.44875,-6.336,24.800001,-28.328001,concentric,6,3.0,156177.0,309227.0,248660.0,292720.0,258387.0
2026-04-14 18:08:16.186173,764628,1609507589809600,5189779378,0.901824,-0.3416,-0.17568,-11.19125,0.55125,-7.34125,-6.768,25.184002,-26.312002,concentric,6,3.0,156177.0,309227.0,248660.0,292720.0,258387.0
2026-04-14 18:08:16.188827,764629,1609507589818608,5189788211,0.901824,-0.3416,-0.17568,-12.2325,2.58125,-9.695,-6.768,25.184002,-26.312002,concentric,6,3.0,156177.0,309227.0,248660.0,292720.0,258387.0
2026-04-14 18:08:16.197878,764630,1609507589833172,5189803157,0.76128,-0.357216,-0.384544,-13.09,4.7425,-13.53625,-7.448,25.096,-26.704,concentric,6,3.0,156177.0,309227.0,248660.0,292720.0,258387.0
2026-04-14 18:08:16.208001,764631,1609507589842232,5189811861,0.76128,-0.357216,-0.384544,-12.0225,7.63,-14.542501,-7.448,25.096,-26.704,concentric,6,3.0,156177.0,309227.0,248660.0,292720.0,258387.0
2026-04-14 18:08:16.215395,764632,1609507589851260,5189820590,0.786656,-0.306464,-0.327936,-12.81,8.05875,-14.86625,-6.88,24.784,-27.400002,concentric,6,3.0,156177.0,309227.0,248660.0,292720.0,258387.0
2026-04-14 18:08:16.231668,764633,1609507589865776,5189835507,0.786656,-0.306464,-0.327936,-10.42125,9.38875,-12.5125,-6.88,24.784,-27.400002,concentric,6,3.0,156177.0,309227.0,248660.0,292720.0,258387.0
2026-04-14 18:08:16.239240,764634,1609507589874732,5189844197,0.778848,-0.349408,-0.378688,-9.77375,10.167501,-12.06625,-6.696,24.488,-27.648,concentric,6,3.0,156177.0,309227.0,248660.0,292720.0,258387.0
2026-04-14 18:08:16.277784,764635,1609507589889279,5189859121,0.763232,-0.320128,-0.324032,-6.37875,9.59875,-10.75375,-7.088,24.52,-26.880001,concentric,6,3.0,156177.0,309227.0,248660.0,292720.0,258387.0
2026-04-14 18:08:16.352913,764646,1609507589898474,5189867833,0.763232,-0.320128,-0.324032,-3.185,8.77625,-8.25125,-7.088,24.52,-26.880001,concentric,6,3.0,157936.0,313704.0,251249.0,296969.0,260995.0
2026-04-14 18:08:16.355422,764647,1609507589907456,5189876606,0.763232,-0.320128,-0.324032,-4.40125,8.47,-6.8425,-7.088,24.52,-26.880001,concentric,6,3.0,157936.0,313704.0,251249.0,296969.0,260995.0
2026-04-14 18:08:16.360234,764648,1609507589922067,5189891549,0.782752,-0.343552,-0.374784,-5.3375,9.28375,-5.4425,-6.776001,24.376001,-27.592001,concentric,6,3.0,157936.0,313704.0,251249.0,296969.0,260995.0
2026-04-14 18:08:16.362286,764649,1609507589931036,5189900267,0.851072,-0.238144,-0.23424,-2.87,10.21125,-4.1825,-7.136,24.44,-27.576002,concentric,6,3.0,157936.0,313704.0,251249.0,296969.0,260995.0
2026-04-14 18:08:16.365290,764650,1609507589945537,5189915178,0.851072,-0.238144,-0.23424,1.2075,11.3225,-4.59375,-7.136,24.44,-27.576002,concentric,6,3.0,157936.0,313704.0,251249.0,296969.0,260995.0
2026-04-14 18:08:16.367278,764651,1609507589954471,5189923860,0.89792,-0.26352,-0.27328,0.8575,12.5825,-5.9675,-7.376,24.68,-27.384,concentric,6,3.0,157936.0,313704.0,251249.0,296969.0,260995.0
2026-04-14 18:08:16.370283,764652,1609507589968933,5189938712,0.89792,-0.310368,-0.261568,-5.29375,12.215,-6.1075,-7.376,24.68,-27.384,concentric,6,3.0,157936.0,313704.0,251249.0,296969.0,260995.0
2026-04-14 18:08:16.372284,764653,1609507589977883,5189947508,0.8296,-0.310368,-0.261568,-11.66375,12.04,-6.7725,-7.512001,23.952002,-27.224,concentric,6,3.0,157936.0,313704.0,251249.0,296969.0,260995.0
2026-04-14 18:08:16.375065,764654,1609507589986857,5189956278,0.8296,-0.310368,-0.261568,-14.67375,13.667501,-7.63875,-7.512001,23.952002,-27.224,concentric,6,3.0,157936.0,313704.0,251249.0,296969.0,260995.0
2026-04-14 18:08:16.405374,764665,1609507590001546,5189971643,0.919392,-0.353312,-0.240096,-13.195,15.58375,-7.93625,-7.448,24.352001,-26.928001,concentric,6,3.0,161230.0,314591.0,255185.0,297766.0,264685.0
2026-04-14 18:08:16.407948,764666,1609507590010747,5189980450,0.870592,-0.261568,-0.337696,-7.91875,16.12625,-6.85125,-8.368,24.632002,-27.328001,concentric,6,3.0,161230.0,314591.0,255185.0,297766.0,264685.0
2026-04-14 18:08:16.410426,764667,1609507590025305,5189995389,0.870592,-0.261568,-0.337696,-4.1475,16.16125,-6.1425,-8.368,24.632002,-27.328001,concentric,6,3.0,161230.0,314591.0,255185.0,297766.0,264685.0
2026-04-14 18:08:16.412923,764668,1609507590034330,5190004075,0.88816,-0.279136,-0.294752,-3.28125,14.8575,-4.45375,-8.776,24.496,-26.784,concentric,6,3.0,161230.0,314591.0,255185.0,297766.0,264685.0
2026-04-14 18:08:16.415395,764669,1609507590043428,5190012817,0.88816,-0.279136,-0.294752,-4.1125,13.1425,-3.3775,-8.776,24.496,-26.784,concentric,6,3.0,161230.0,314591.0,255185.0,297766.0,264685.0
2026-04-14 18:08:16.431626,764670,1609507590057926,5190027731,0.831552,-0.28304,-0.199104,-5.52125,11.94375,-3.2375,-8.856,24.560001,-26.504002,concentric,6,3.0,161230.0,314591.0,255185.0,297766.0,264685.0
2026-04-14 18:08:16.432282,764671,1609507590066910,5190036422,0.831552,-0.28304,-0.199104,-4.73375,11.69,-2.555,-8.856,24.560001,-26.504002,concentric,6,3.0,161230.0,314591.0,255185.0,297766.0,264685.0
2026-04-14 18:08:16.450712,764672,1609507590081549,5190051318,0.870592,-0.247904,-0.10736,-1.95125,12.18875,-2.135,-8.128,24.072,-27.192001,concentric,6,3.0,161230.0,314591.0,255185.0,297766.0,264685.0
2026-04-14 18:08:16.457794,764673,1609507590090492,5190060105,0.821792,-0.21472,-0.187392,1.65375,12.3725,-2.86125,-8.08,24.112001,-27.488,concentric,6,3.0,161230.0,314591.0,255185.0,297766.0,264685.0
2026-04-14 18:08:16.483494,764684,1609507590099720,5190068836,0.821792,-0.21472,-0.187392,2.45,12.03125,-2.3975,-8.08,24.112001,-27.488,concentric,6,3.0,168866.0,319824.0,264150.0,302933.0,272709.0
2026-04-14 18:08:16.491145,764685,1609507590114432,5190083830,0.813984,-0.222528,-0.1464,2.0825,11.52375,-1.47,-9.92,25.04,-25.656002,concentric,6,3.0,168866.0,319824.0,264150.0,302933.0,272709.0
2026-04-14 18:08:16.491218,764686,1609507590123392,5190092553,0.813984,-0.222528,-0.1464,2.3275,10.77125,-1.11125,-9.92,25.04,-25.656002,concentric,6,3.0,168866.0,319824.0,264150.0,302933.0,272709.0
2026-04-14 18:08:16.503722,764687,1609507590137893,5190107605,0.821792,-0.277184,-0.226432,2.09125,10.4475,-0.7875,-9.56,24.576,-26.432001,concentric,6,3.0,168866.0,319824.0,264150.0,302933.0,272709.0
2026-04-14 18:08:16.512593,764688,1609507590146815,5190116300,0.821792,-0.277184,-0.226432,3.395,10.19375,-0.3325,-9.56,24.576,-26.432001,concentric,6,3.0,168866.0,319824.0,264150.0,302933.0,272709.0
2026-04-14 18:08:16.525082,764689,1609507590161307,5190131234,0.854976,-0.242048,-0.130784,6.2125,10.675,1.0675,-8.312,24.528002,-27.392002,concentric,6,3.0,168866.0,319824.0,264150.0,302933.0,272709.0
2026-04-14 18:08:16.533884,764690,1609507590170252,5190139965,0.854976,-0.27328,-0.20496,9.24,10.36875,1.44375,-8.312,24.528002,-27.392002,concentric,6,3.0,168866.0,319824.0,264150.0,302933.0,272709.0
2026-04-14 18:08:16.544543,764691,1609507590179180,5190148700,0.911584,-0.277184,-0.20496,11.261251,9.292501,2.17875,-8.256001,24.928001,-27.208002,concentric,6,3.0,168866.0,319824.0,264150.0,302933.0,272709.0
2026-04-14 18:08:16.558598,764692,1609507590193880,5190163678,0.827648,-0.26352,-0.288896,10.45625,7.95375,2.00375,-9.184,25.320002,-26.216002,concentric,6,3.0,168866.0,319824.0,264150.0,302933.0,272709.0
2026-04-14 18:08:16.586374,764703,1609507590202981,5190172458,0.827648,-0.26352,-0.288896,8.4875,7.42875,0.805,-9.184,25.320002,-26.216002,concentric,6,3.0,183378.0,324899.0,281251.0,307867.0,287399.0
2026-04-14 18:08:16.588878,764704,1609507590217552,5190187422,0.89792,-0.271328,-0.171776,7.62125,8.198751,0.665,-9.504001,25.04,-25.568,concentric,6,3.0,183378.0,324899.0,281251.0,307867.0,287399.0
2026-04-14 18:08:16.591339,764705,1609507590226497,5190196160,0.89792,-0.271328,-0.171776,6.57125,9.33625,-0.7175,-9.504001,25.04,-25.568,concentric,6,3.0,183378.0,324899.0,281251.0,307867.0,287399.0
2026-04-14 18:08:16.600125,764706,1609507590235376,5190204854,0.860832,-0.286944,-0.173728,4.9,9.9925,-1.9075,-9.52,25.36,-25.544,concentric,6,3.0,183378.0,324899.0,281251.0,307867.0,287399.0
2026-04-14 18:08:16.615112,764707,1609507590249903,5190219755,0.860832,-0.286944,-0.173728,4.1475,10.07125,-0.455,-9.52,25.36,-25.544,concentric,6,3.0,183378.0,324899.0,281251.0,307867.0,287399.0
2026-04-14 18:08:16.648271,764708,1609507590258940,5190228456,0.88816,-0.320128,-0.201056,5.18,10.08875,-0.525,-8.608001,25.160002,-27.880001,concentric,6,3.0,183378.0,324899.0,281251.0,307867.0,287399.0
2026-04-14 18:08:16.649877,764709,1609507590273428,5190243351,0.880352,-0.30256,-0.249856,7.00875,10.10625,-1.84625,-8.904,25.184002,-26.704,concentric,6,3.0,183378.0,324899.0,281251.0,307867.0,287399.0
2026-04-14 18:08:16.652384,764710,1609507590282519,5190252041,0.880352,-0.30256,-0.249856,5.7225,10.167501,-2.93125,-8.904,25.184002,-26.704,concentric,6,3.0,183378.0,324899.0,281251.0,307867.0,287399.0
2026-04-14 18:08:16.701499,764721,1609507590297586,5190267218,0.833504,-0.269376,-0.169824,2.5725,10.78,-2.93125,-9.0,25.408,-26.328001,concentric,6,3.0,184226.0,325681.0,281538.0,308761.0,287253.0
2026-04-14 18:08:16.704273,764722,1609507590306617,5190275929,0.833504,-0.269376,-0.169824,0.04375,11.375,-2.5725,-9.0,25.408,-26.328001,concentric,6,3.0,184226.0,325681.0,281538.0,308761.0,287253.0
2026-04-14 18:08:16.706699,764723,1609507590315559,5190284729,0.845216,-0.296704,-0.236192,-1.16375,11.31375,-2.68625,-10.488001,25.904001,-25.432001,concentric,6,3.0,184226.0,325681.0,281538.0,308761.0,287253.0
2026-04-14 18:08:16.708833,764724,1609507590330227,5190299751,0.845216,-0.296704,-0.236192,-0.06125,11.80375,-3.35125,-10.488001,25.904001,-25.432001,concentric,6,3.0,184226.0,325681.0,281538.0,308761.0,287253.0
2026-04-14 18:08:16.711298,764725,1609507590339212,5190308444,0.825696,-0.296704,-0.25376,-0.0175,11.62875,-4.76875,-9.768001,25.800001,-24.328001,concentric,6,3.0,184226.0,325681.0,281538.0,308761.0,287253.0
2026-04-14 18:08:16.719207,764726,1609507590353785,5190323330,0.851072,-0.290848,-0.109312,-1.19875,12.18,-5.2675,-9.928,25.320002,-26.024002,concentric,6,3.0,184226.0,325681.0,281538.0,308761.0,287253.0
2026-04-14 18:08:16.749241,764727,1609507590362863,5190332253,0.851072,-0.290848,-0.109312,-2.135,13.2475,-5.78375,-9.928,25.320002,-26.024002,concentric,6,3.0,184226.0,325681.0,281538.0,308761.0,287253.0
2026-04-14 18:08:16.751680,764728,1609507590371862,5190340945,0.835456,-0.294752,-0.154208,-2.975,13.95625,-6.27375,-9.928,25.320002,-26.024002,concentric,6,3.0,184226.0,325681.0,281538.0,308761.0,287253.0
2026-04-14 18:08:16.754296,764729,1609507590386380,5190355815,0.837408,-0.294752,-0.154208,-3.535,14.323751,-6.58,-10.384001,25.432001,-25.408,concentric,6,3.0,184226.0,325681.0,281538.0,308761.0,287253.0
2026-04-14 18:08:16.759956,764730,1609507590395369,5190364581,0.85888,-0.288896,-0.179584,-1.995,14.83125,-5.8275,-10.224001,25.424002,-26.552002,concentric,6,3.0,184226.0,325681.0,281538.0,308761.0,287253.0
2026-04-14 18:08:16.787444,764741,1609507590409862,5190379589,0.85888,-0.288896,-0.179584,0.3675,15.42625,-5.1275,-10.224001,25.424002,-26.552002,concentric,6,3.0,165114.0,322746.0,258690.0,306014.0,267768.0
2026-04-14 18:08:16.794240,764742,1609507590418815,5190388275,0.872544,-0.271328,-0.040992,2.205,15.68,-4.3225,-10.552,25.432001,-25.296001,concentric,6,3.0,165114.0,322746.0,258690.0,306014.0,267768.0
2026-04-14 18:08:16.796678,764743,1609507590427744,5190396971,0.872544,-0.271328,-0.040992,3.85,16.616251,-3.43,-10.552,25.432001,-25.296001,concentric,6,3.0,165114.0,322746.0,258690.0,306014.0,267768.0
2026-04-14 18:08:16.808761,764744,1609507590442275,5190411894,0.876448,-0.27328,0.046848,1.82,18.3575,-2.135,-10.064,25.000002,-26.000002,concentric,6,3.0,165114.0,322746.0,258690.0,306014.0,267768.0
2026-04-14 18:08:16.816668,764745,1609507590451229,5190420584,0.876448,-0.27328,0.046848,-0.7875,20.81625,-1.00625,-10.064,25.000002,-26.000002,concentric,6,3.0,165114.0,322746.0,258690.0,306014.0,267768.0
2026-04-14 18:08:16.833492,764746,1609507590465776,5190435585,0.895968,-0.320128,-0.052704,-0.11375,21.3325,-0.84,-9.968,25.6,-25.816002,concentric,6,3.0,165114.0,322746.0,258690.0,306014.0,267768.0
2026-04-14 18:08:16.840303,764747,1609507590474835,5190444280,0.821792,-0.298656,-0.060512,1.7325,20.95625,-0.86625,-11.56,26.024002,-24.088001,concentric,6,3.0,165114.0,322746.0,258690.0,306014.0,267768.0
2026-04-14 18:08:16.853673,764748,1609507590489298,5190459173,0.821792,-0.298656,-0.060512,1.98625,17.7975,0.21,-11.56,26.024002,-24.088001,concentric,6,3.0,165114.0,322746.0,258690.0,306014.0,267768.0
2026-04-14 18:08:16.887908,764759,1609507590498585,5190468223,0.812032,-0.368928,-0.150304,-0.67375,14.2275,1.58375,-9.992001,25.080002,-26.216002,concentric,6,3.0,158814.0,324324.0,251416.0,307717.0,261649.0
2026-04-14 18:08:16.890415,764760,1609507590507531,5190476959,0.812032,-0.368928,-0.150304,-3.7275,11.042501,3.3075,-9.992001,25.080002,-26.216002,concentric,6,3.0,158814.0,324324.0,251416.0,307717.0,261649.0
2026-04-14 18:08:16.892514,764761,1609507590522125,5190491900,0.89792,-0.427488,-0.10736,-6.78125,7.9275,3.66625,-12.040001,25.696001,-24.976002,concentric,6,3.0,158814.0,324324.0,251416.0,307717.0,261649.0
2026-04-14 18:08:16.897925,764762,1609507590531181,5190500763,0.89792,-0.427488,-0.10736,-7.02625,4.9875,3.08,-12.040001,25.696001,-24.976002,concentric,6,3.0,158814.0,324324.0,251416.0,307717.0,261649.0
2026-04-14 18:08:16.914233,764763,1609507590545794,5190515650,0.901824,-0.320128,-0.00976,-3.465,3.6225,1.645,-11.120001,25.752,-25.696001,concentric,6,3.0,158814.0,324324.0,251416.0,307717.0,261649.0
2026-04-14 18:08:16.920080,764764,1609507590554758,5190524351,0.919392,-0.294752,0.060512,-3.22,2.6425,-1.68,-10.384001,25.024002,-25.352001,concentric,6,3.0,158814.0,324324.0,251416.0,307717.0,261649.0
2026-04-14 18:08:16.929198,764765,1609507590563768,5190533140,0.919392,-0.294752,0.060512,-8.925,2.1,-4.41875,-10.384001,25.024002,-25.352001,concentric,6,3.0,158814.0,324324.0,251416.0,307717.0,261649.0
2026-04-14 18:08:16.944095,764766,1609507590578308,5190548307,0.815936,-0.288896,0.0488,-14.980001,0.63875,-5.8975,-10.160001,24.736002,-26.192001,concentric,6,3.0,158814.0,324324.0,251416.0,307717.0,261649.0
2026-04-14 18:08:16.952838,764767,1609507590587640,5190557107,0.815936,-0.288896,0.0488,-18.095,-0.69125,-6.475,-10.160001,24.736002,-26.192001,concentric,6,3.0,158814.0,324324.0,251416.0,307717.0,261649.0
2026-04-14 18:08:17.013171,764778,1609507590603194,5190572694,0.804224,-0.30256,-0.121024,-19.53875,-1.23375,-8.1375,-11.120001,24.720001,-26.456001,concentric,6,3.0,167093.0,326999.0,261219.0,310070.0,270154.0
2026-04-14 18:08:17.035391,764779,1609507590612383,5190581745,0.804224,-0.30256,-0.121024,-20.41375,-0.98875,-8.49625,-11.120001,24.720001,-26.456001,concentric,6,3.0,167093.0,326999.0,261219.0,310070.0,270154.0
2026-04-14 18:08:17.055332,764780,1609507590621566,5190590468,0.808128,-0.32208,-0.150304,-23.12625,0.28,-6.4575,-10.664001,24.512001,-28.552002,concentric,6,3.0,167093.0,326999.0,261219.0,310070.0,270154.0
2026-04-14 18:08:17.057785,764781,1609507590636091,5190605355,0.84912,-0.318176,0.03904,-27.90375,1.015,-4.0775,-10.616,24.504002,-26.920002,concentric,6,3.0,167093.0,326999.0,261219.0,310070.0,270154.0
2026-04-14 18:08:17.060438,764782,1609507590644990,5190614072,0.84912,-0.318176,0.03904,-31.4125,1.44375,-2.45875,-10.616,24.504002,-26.920002,concentric,6,3.0,167093.0,326999.0,261219.0,310070.0,270154.0
2026-04-14 18:08:17.062926,764783,1609507590659458,5190628929,0.9272,-0.343552,0.054656,-33.64375,1.1375,-1.67125,-10.52,24.048,-27.104002,concentric,6,3.0,167093.0,326999.0,261219.0,310070.0,270154.0
2026-04-14 18:08:17.065458,764784,1609507590668356,5190637702,0.9272,-0.343552,0.054656,-33.64375,1.12875,-4.83,-10.52,24.048,-27.104002,concentric,6,3.0,167093.0,326999.0,261219.0,310070.0,270154.0
2026-04-14 18:08:17.067861,764785,1609507590677262,5190646406,0.833504,-0.296704,-0.0488,-32.76,3.42125,-4.97875,-10.384001,23.584002,-27.28,concentric,6,3.0,167093.0,326999.0,261219.0,310070.0,270154.0
2026-04-14 18:08:17.070420,764786,1609507590691916,5190661304,0.833504,-0.296704,-0.0488,-31.28125,5.145,-4.54125,-10.384001,23.584002,-27.28,concentric,6,3.0,167093.0,326999.0,261219.0,310070.0,270154.0
2026-04-14 18:08:17.097478,764797,1609507590700981,5190670114,0.86864,-0.37088,-0.228384,-30.3625,6.20375,-3.4475,-10.696,23.696001,-27.04,concentric,6,3.0,160952.0,326071.0,253775.0,309079.0,263510.0
2026-04-14 18:08:17.100428,764798,1609507590715737,5190685069,0.925248,-0.345504,-0.13664,-27.76375,5.80125,-2.6425,-10.472,23.016,-27.392002,concentric,6,3.0,160952.0,326071.0,253775.0,309079.0,263510.0
2026-04-14 18:08:17.102957,764799,1609507590724781,5190693833,0.925248,-0.345504,-0.13664,-24.85,5.0575,-3.49125,-10.472,23.016,-27.392002,concentric,6,3.0,160952.0,326071.0,253775.0,309079.0,263510.0
2026-04-14 18:08:17.108350,764800,1609507590733869,5190702543,0.925248,-0.345504,-0.021472,-20.2125,5.8625,-4.8825,-10.472,23.016,-27.392002,concentric,6,3.0,160952.0,326071.0,253775.0,309079.0,263510.0
2026-04-14 18:08:17.117130,764801,1609507590748790,5190717446,0.954528,-0.265472,-0.021472,-18.29625,7.56,-6.1775,-11.064,22.952002,-26.712002,concentric,6,3.0,160952.0,326071.0,253775.0,309079.0,263510.0
2026-04-14 18:08:17.126255,764802,1609507590758027,5190728176,0.942816,-0.267424,-0.003904,-22.085001,8.5925,-6.58,-10.912001,23.048,-26.896002,concentric,6,3.0,160952.0,326071.0,253775.0,309079.0,263510.0
2026-04-14 18:08:17.135314,764803,1609507590772611,5190741043,0.942816,-0.267424,-0.003904,-27.536251,9.45,-5.6175,-10.912001,23.048,-26.896002,concentric,6,3.0,160952.0,326071.0,253775.0,309079.0,263510.0
2026-04-14 18:08:17.146645,764804,1609507590782069,5190751823,0.886208,-0.36112,-0.181536,-29.23375,9.72125,-4.10375,-11.808001,22.904001,-27.224,concentric,6,3.0,160952.0,326071.0,253775.0,309079.0,263510.0
2026-04-14 18:08:17.156666,764805,1609507590791050,5190760522,0.886208,-0.36112,-0.181536,-27.58875,10.0275,-4.29625,-11.808001,22.904001,-27.224,concentric,6,3.0,160952.0,326071.0,253775.0,309079.0,263510.0
2026-04-14 18:08:17.187635,764816,1609507590805670,5190775525,0.83936,-0.404064,-0.208864,-24.12375,10.24625,-3.92875,-11.608001,22.368002,-27.816002,concentric,6,3.0,154199.0,325064.0,245812.0,308162.0,256324.0
2026-04-14 18:08:17.190219,764817,1609507590814715,5190784238,0.83936,-0.36112,-0.099552,-19.22375,10.7975,-3.2725,-11.608001,22.368002,-26.696001,concentric,6,3.0,154199.0,325064.0,245812.0,308162.0,256324.0
2026-04-14 18:08:17.195478,764818,1609507590829238,5190799146,0.913536,-0.36112,-0.099552,-13.69375,12.1275,-2.44125,-12.312,22.728,-26.696001,concentric,6,3.0,154199.0,325064.0,245812.0,308162.0,256324.0
2026-04-14 18:08:17.202597,764819,1609507590838169,5190807790,0.853024,-0.277184,-0.015616,-9.695,13.1425,-0.90125,-11.616,22.464,-27.104002,concentric,6,3.0,154199.0,325064.0,245812.0,308162.0,256324.0
2026-04-14 18:08:17.211557,764820,1609507590847140,5190816506,0.853024,-0.277184,-0.015616,-9.16125,12.285,1.8025,-11.616,22.464,-27.104002,concentric,6,3.0,154199.0,325064.0,245812.0,308162.0,256324.0
2026-04-14 18:08:17.226154,764821,1609507590861625,5190831387,0.905728,-0.320128,-0.021472,-12.845,9.66875,2.4675,-11.256001,22.528002,-27.952002,concentric,6,3.0,154199.0,325064.0,245812.0,308162.0,256324.0
2026-04-14 18:08:17.237847,764822,1609507590870595,5190840133,0.905728,-0.320128,-0.021472,-18.24375,7.9275,2.19625,-11.256001,22.528002,-27.952002,concentric,6,3.0,154199.0,325064.0,245812.0,308162.0,256324.0
2026-04-14 18:08:17.249232,764823,1609507590885129,5190855080,0.903776,-0.363072,0.08784,-21.9975,7.175,1.58375,-12.312,22.056002,-28.104002,concentric,6,3.0,154199.0,325064.0,245812.0,308162.0,256324.0
2026-04-14 18:08:17.260425,764824,1609507590894097,5190863775,0.903776,-0.363072,0.08784,-20.79,7.53375,0.02625,-12.312,22.056002,-28.104002,concentric,6,3.0,154199.0,325064.0,245812.0,308162.0,256324.0
2026-04-14 18:08:17.289213,764835,1609507590903483,5190872621,0.84912,-0.359168,-0.035136,-13.72,7.32375,-1.54875,-11.400001,21.808,-28.176,concentric,6,3.0,157567.0,326580.0,249526.0,309491.0,259504.0
2026-04-14 18:08:17.291786,764836,1609507590918081,5190887526,0.88816,-0.329888,-0.193248,-5.04,5.80125,-2.38,-11.392,22.008001,-28.192001,concentric,6,3.0,157567.0,326580.0,249526.0,309491.0,259504.0
2026-04-14 18:08:17.295835,764837,1609507590927051,5190896321,0.88816,-0.329888,-0.193248,0.84,2.695,-2.37125,-11.392,22.008001,-28.192001,concentric,6,3.0,157567.0,326580.0,249526.0,309491.0,259504.0
2026-04-14 18:08:17.306292,764838,1609507590941583,5190911216,0.909632,-0.345504,-0.1464,-0.7,-1.0675,-0.69125,-11.472,22.088001,-27.272001,concentric,6,3.0,157567.0,326580.0,249526.0,309491.0,259504.0
2026-04-14 18:08:17.314154,764839,1609507590950559,5190919961,0.909632,-0.345504,-0.1464,-6.37875,-3.42125,1.4175,-11.472,22.088001,-27.272001,concentric,6,3.0,157567.0,326580.0,249526.0,309491.0,259504.0
2026-04-14 18:08:17.329242,764840,1609507590965094,5190934903,0.899872,-0.314272,0.017568,-11.75125,-5.11,2.45,-11.912001,22.232,-27.304,concentric,6,3.0,157567.0,326580.0,249526.0,309491.0,259504.0
2026-04-14 18:08:17.339232,764841,1609507590974116,5190943622,0.899872,-0.314272,0.017568,-12.2325,-5.18,1.9425,-11.912001,22.232,-27.304,concentric,6,3.0,157567.0,326580.0,249526.0,309491.0,259504.0
2026-04-14 18:08:17.347958,764842,1609507590983151,5190952353,0.864736,-0.32208,-0.255712,-9.205,-4.9875,0.875,-12.464001,22.12,-28.456001,concentric,6,3.0,157567.0,326580.0,249526.0,309491.0,259504.0
2026-04-14 18:08:17.390173,764843,1609507590997645,5190967244,0.925248,-0.314272,-0.044896,-6.81625,-5.0925,1.02375,-11.184001,21.632002,-29.848001,concentric,6,3.0,157567.0,326580.0,249526.0,309491.0,259504.0
2026-04-14 18:08:17.460065,764854,1609507591006808,5190976015,0.925248,-0.314272,-0.044896,-5.9675,-6.23875,1.6275,-11.184001,21.632002,-29.848001,concentric,6,3.0,150685.0,323336.0,241326.0,306339.0,251937.0
2026-04-14 18:08:17.462934,764855,1609507591021324,5190990983,0.933056,-0.374784,-0.1464,-4.69875,-8.155,2.6425,-11.272,21.920002,-28.176,concentric,6,3.0,150685.0,323336.0,241326.0,306339.0,251937.0
2026-04-14 18:08:17.464877,764856,1609507591030229,5190999674,0.933056,-0.374784,-0.1464,-2.89625,-9.52,3.0275,-11.272,21.920002,-28.176,concentric,6,3.0,150685.0,323336.0,241326.0,306339.0,251937.0
2026-04-14 18:08:17.467379,764857,1609507591039180,5191008361,0.8296,-0.35136,-0.286944,-0.25375,-9.7475,2.24875,-11.128,21.872002,-28.376001,concentric,6,3.0,150685.0,323336.0,241326.0,306339.0,251937.0
2026-04-14 18:08:17.470451,764858,1609507591053660,5191023245,0.8296,-0.35136,-0.286944,2.31875,-10.15875,0.9625,-11.128,21.872002,-28.376001,concentric,6,3.0,150685.0,323336.0,241326.0,306339.0,251937.0
2026-04-14 18:08:17.472961,764859,1609507591062723,5191031924,0.841312,-0.32208,-0.279136,4.725,-9.93125,0.41125,-10.824,22.008001,-28.304,concentric,6,3.0,150685.0,323336.0,241326.0,306339.0,251937.0
2026-04-14 18:08:17.475178,764860,1609507591077395,5191046841,0.788608,-0.325984,-0.261568,6.37875,-10.0975,-0.7525,-10.84,22.12,-28.784002,concentric,6,3.0,150685.0,323336.0,241326.0,306339.0,251937.0
2026-04-14 18:08:17.477545,764861,1609507591086334,5191055555,0.788608,-0.325984,-0.261568,7.34125,-11.2525,-1.81125,-10.84,22.12,-28.784002,concentric,6,3.0,150685.0,323336.0,241326.0,306339.0,251937.0
2026-04-14 18:08:17.505293,764872,1609507591101080,5191070484,0.808128,-0.384544,-0.25376,6.43125,-13.011251,-1.2075,-10.912001,22.304,-28.456001,concentric,6,3.0,142151.0,320321.0,231160.0,303583.0,242379.0
2026-04-14 18:08:17.507401,764873,1609507591110049,5191079302,0.808128,-0.384544,-0.25376,7.525,-14.18375,-0.42875,-10.912001,22.304,-28.456001,concentric,6,3.0,142151.0,320321.0,231160.0,303583.0,242379.0
2026-04-14 18:08:17.510334,764874,1609507591118989,5191088003,0.854976,-0.382592,-0.111264,11.261251,-15.015,0.42,-10.400001,22.400002,-28.032001,concentric,6,3.0,142151.0,320321.0,231160.0,303583.0,242379.0
2026-04-14 18:08:17.512842,764875,1609507591133515,5191102959,0.854976,-0.382592,-0.111264,16.07375,-14.65625,1.715,-10.400001,22.400002,-28.032001,concentric,6,3.0,142151.0,320321.0,231160.0,303583.0,242379.0
2026-04-14 18:08:17.515401,764876,1609507591142462,5191111710,0.864736,-0.363072,-0.22448,21.56,-14.805,2.93125,-10.440001,22.960001,-26.856,concentric,6,3.0,142151.0,320321.0,231160.0,303583.0,242379.0
2026-04-14 18:08:17.521632,764877,1609507591157130,5191126616,0.892064,-0.324032,-0.040992,26.18875,-15.085,3.43875,-10.440001,23.12,-25.632002,concentric,6,3.0,142151.0,320321.0,231160.0,303583.0,242379.0
2026-04-14 18:08:17.530444,764878,1609507591166076,5191135327,0.892064,-0.324032,-0.040992,27.23,-16.4675,5.1275,-10.864,23.12,-25.632002,concentric,6,3.0,142151.0,320321.0,231160.0,303583.0,242379.0
2026-04-14 18:08:17.540434,764879,1609507591175119,5191144009,0.892064,-0.324032,-0.040992,27.62375,-16.86125,7.0175,-10.864,23.12,-25.632002,concentric,6,3.0,142151.0,320321.0,231160.0,303583.0,242379.0
2026-04-14 18:08:17.554244,764880,1609507591189629,5191158931,0.823744,-0.337696,-0.138592,27.545,-16.94,7.7175,-9.984,23.160002,-27.784,concentric,6,3.0,142151.0,320321.0,231160.0,303583.0,242379.0
2026-04-14 18:08:17.564209,764881,1609507591198551,5191167677,0.8784,-0.3904,-0.249856,26.97625,-16.5025,6.85125,-9.304001,23.36,-27.808,concentric,6,3.0,142151.0,320321.0,231160.0,303583.0,242379.0
2026-04-14 18:08:17.591650,764892,1609507591213117,5191182724,0.8784,-0.3904,-0.249856,26.495,-15.995,5.94125,-9.304001,23.36,-27.808,concentric,6,3.0,145050.0,320871.0,234530.0,303966.0,245598.0
2026-04-14 18:08:17.594031,764893,1609507591222093,5191191423,0.909632,-0.347456,-0.050752,29.4525,-15.56625,4.83875,-9.624001,23.76,-27.384,concentric,6,3.0,145050.0,320871.0,234530.0,303966.0,245598.0
2026-04-14 18:08:17.601072,764894,1609507591236807,5191206402,0.909632,-0.347456,-0.050752,31.94625,-16.178751,3.4125,-9.624001,23.76,-27.384,concentric,6,3.0,145050.0,320871.0,234530.0,303966.0,245598.0
2026-04-14 18:08:17.608603,764895,1609507591245769,5191215133,0.929152,-0.355264,-0.160064,32.795002,-17.22875,2.1525,-9.152,23.936,-27.504002,concentric,6,3.0,145050.0,320871.0,234530.0,303966.0,245598.0
2026-04-14 18:08:17.619139,764896,1609507591254721,5191223986,0.929152,-0.355264,-0.160064,33.0225,-18.40125,0.945,-9.152,23.936,-27.504002,concentric,6,3.0,145050.0,320871.0,234530.0,303966.0,245598.0
2026-04-14 18:08:17.635105,764897,1609507591269240,5191238869,0.89792,-0.388448,-0.230336,31.40375,-19.635,0.27125,-9.888001,24.560001,-27.128002,concentric,6,3.0,145050.0,320871.0,234530.0,303966.0,245598.0
2026-04-14 18:08:17.642562,764898,1609507591278207,5191247573,0.84912,-0.407968,-0.255712,31.01875,-20.8425,0.56875,-9.992001,25.144001,-24.68,concentric,6,3.0,145050.0,320871.0,234530.0,303966.0,245598.0
2026-04-14 18:08:17.657990,764899,1609507591292718,5191262536,0.84912,-0.407968,-0.255712,32.3925,-21.5425,0.11375,-9.992001,25.144001,-24.68,concentric,6,3.0,145050.0,320871.0,234530.0,303966.0,245598.0
2026-04-14 18:08:17.690377,764910,1609507591301670,5191271201,0.806176,-0.337696,-0.181536,34.79875,-22.3125,-0.86625,-8.88,24.784,-26.584002,concentric,6,3.0,144396.0,320564.0,233717.0,303690.0,244778.0
2026-04-14 18:08:17.692480,764911,1609507591311242,5191280179,0.806176,-0.337696,-0.181536,37.065,-23.28375,-1.49625,-8.88,24.784,-26.584002,concentric,6,3.0,144396.0,320564.0,233717.0,303690.0,244778.0
2026-04-14 18:08:17.695383,764912,1609507591325921,5191295122,0.823744,-0.316224,-0.279136,38.59625,-23.31,-1.42625,-9.104,25.824001,-25.640001,concentric,6,3.0,144396.0,320564.0,233717.0,303690.0,244778.0
2026-04-14 18:08:17.698777,764913,1609507591334877,5191303841,0.823744,-0.316224,-0.279136,38.6575,-23.38875,-0.93625,-9.104,25.824001,-25.640001,concentric,6,3.0,144396.0,320564.0,233717.0,303690.0,244778.0
2026-04-14 18:08:17.715494,764914,1609507591349496,5191318708,0.942816,-0.355264,-0.083936,36.715,-23.2575,-0.35,-9.296001,25.712002,-25.064001,concentric,6,3.0,144396.0,320564.0,233717.0,303690.0,244778.0
2026-04-14 18:08:17.721727,764915,1609507591358477,5191327415,0.884256,-0.366976,-0.124928,35.2625,-22.77625,0.3325,-9.296001,25.976002,-28.768002,concentric,6,3.0,144396.0,320564.0,233717.0,303690.0,244778.0
2026-04-14 18:08:17.747533,764916,1609507591367428,5191336123,0.884256,-0.366976,-0.124928,35.3675,-21.48125,0.60375,-8.872001,25.976002,-28.768002,concentric,6,3.0,144396.0,320564.0,233717.0,303690.0,244778.0
2026-04-14 18:08:17.755524,764917,1609507591382235,5191351041,0.866688,-0.329888,-0.07808,38.3775,-19.74875,1.3125,-7.712,26.28,-26.024002,concentric,6,3.0,144396.0,320564.0,233717.0,303690.0,244778.0
2026-04-14 18:08:17.758037,764918,1609507591391613,5191361800,0.866688,-0.329888,-0.07808,42.16625,-17.91125,0.4025,-7.712,26.28,-26.024002,concentric,6,3.0,144396.0,320564.0,233717.0,303690.0,244778.0
2026-04-14 18:08:17.811288,764929,1609507591406629,5191376736,0.944768,-0.304512,-0.085888,45.24625,-16.42375,-0.6125,-7.536,26.312002,-25.6,concentric,6,3.0,155283.0,323331.0,246825.0,306444.0,257023.0
2026-04-14 18:08:17.813893,764930,1609507591415680,5191385447,0.944768,-0.304512,-0.085888,46.66375,-15.636251,-1.67125,-7.536,26.312002,-25.6,concentric,6,3.0,155283.0,323331.0,246825.0,306444.0,257023.0
2026-04-14 18:08:17.816371,764931,1609507591424680,5191394148,0.892064,-0.353312,-0.23424,45.38625,-15.925,-2.625,-8.648001,27.512001,-23.28,concentric,6,3.0,155283.0,323331.0,246825.0,306444.0,257023.0
2026-04-14 18:08:17.818885,764932,1609507591439214,5191409037,0.903776,-0.3904,-0.138592,41.72,-15.785,-2.26625,-8.8,27.848001,-22.552002,concentric,6,3.0,155283.0,323331.0,246825.0,306444.0,257023.0
2026-04-14 18:08:17.821314,764933,1609507591448332,5191417780,0.903776,-0.3904,-0.138592,38.255,-15.09375,-1.46125,-8.8,27.848001,-22.552002,concentric,6,3.0,155283.0,323331.0,246825.0,306444.0,257023.0
2026-04-14 18:08:17.827640,764934,1609507591462868,5191432754,0.817888,-0.298656,-0.167872,37.345,-13.69375,-1.61,-8.728001,27.720001,-23.864,concentric,6,3.0,155283.0,323331.0,246825.0,306444.0,257023.0
2026-04-14 18:08:17.836244,764935,1609507591471809,5191441456,0.817888,-0.298656,-0.167872,41.326252,-11.83,-3.0625,-8.728001,27.720001,-23.864,concentric,6,3.0,155283.0,323331.0,246825.0,306444.0,257023.0
2026-04-14 18:08:17.846401,764936,1609507591480747,5191450350,0.825696,-0.290848,-0.181536,43.6625,-10.5525,-3.99,-7.880001,28.28,-21.264002,concentric,6,3.0,155283.0,323331.0,246825.0,306444.0,257023.0
2026-04-14 18:08:17.861336,764937,1609507591495260,5191465276,0.825696,-0.290848,-0.181536,39.92625,-8.49625,-4.27,-7.880001,28.28,-21.264002,concentric,6,3.0,155283.0,323331.0,246825.0,306444.0,257023.0
2026-04-14 18:08:17.891430,764948,1609507591504597,5191474237,0.837408,-0.318176,-0.103456,32.9175,-7.42,-2.94,-7.000001,28.52,-24.192001,concentric,6,3.0,168253.0,326695.0,262198.0,309800.0,270767.0
2026-04-14 18:08:17.893814,764949,1609507591519334,5191489172,0.821792,-0.314272,-0.177632,27.8425,-6.475,-2.77375,-7.000001,28.52,-21.992,concentric,6,3.0,168253.0,326695.0,262198.0,309800.0,270767.0
2026-04-14 18:08:17.896308,764950,1609507591528318,5191497920,0.821792,-0.314272,-0.177632,28.2975,-5.1275,-4.2875,-8.008,28.664001,-21.992,concentric,6,3.0,168253.0,326695.0,262198.0,309800.0,270767.0
2026-04-14 18:08:17.901328,764951,1609507591537302,5191506626,0.821792,-0.314272,-0.177632,30.40625,-3.31625,-6.22125,-8.008,28.664001,-21.992,concentric,6,3.0,168253.0,326695.0,262198.0,309800.0,270767.0
2026-04-14 18:08:17.917636,764952,1609507591551759,5191521551,0.853024,-0.28304,-0.00976,28.315,-1.61,-6.8775,-8.160001,28.984001,-23.208,concentric,6,3.0,168253.0,326695.0,262198.0,309800.0,270767.0
2026-04-14 18:08:17.925105,764953,1609507591560695,5191530256,0.940864,-0.357216,-0.109312,23.9225,-1.6975,-6.71125,-7.656,29.016,-21.792002,concentric,6,3.0,168253.0,326695.0,262198.0,309800.0,270767.0
2026-04-14 18:08:17.941351,764954,1609507591575213,5191545154,0.940864,-0.357216,-0.109312,19.29375,-2.45,-6.02,-7.656,29.016,-21.792002,concentric,6,3.0,168253.0,326695.0,262198.0,309800.0,270767.0
2026-04-14 18:08:17.948913,764955,1609507591584158,5191553902,0.894016,-0.275232,0.005856,15.33,-3.49125,-5.53875,-6.944,28.744001,-23.320002,concentric,6,3.0,168253.0,326695.0,262198.0,309800.0,270767.0
2026-04-14 18:08:17.964991,764956,1609507591598751,5191568816,0.894016,-0.275232,0.005856,14.02625,-4.13875,-5.59125,-6.944,28.744001,-23.320002,concentric,6,3.0,168253.0,326695.0,262198.0,309800.0,270767.0
2026-04-14 18:08:17.997665,764967,1609507591607979,5191577555,0.853024,-0.255712,-0.119072,13.11625,-3.99875,-6.1075,-7.152,28.728,-25.144001,concentric,6,3.0,169230.0,326604.0,263271.0,309824.0,271564.0
2026-04-14 18:08:17.999794,764968,1609507591616998,5191586338,0.853024,-0.255712,-0.119072,8.49625,-2.91375,-6.93,-7.152,28.728,-25.144001,concentric,6,3.0,169230.0,326604.0,263271.0,309824.0,271564.0
2026-04-14 18:08:18.002308,764969,1609507591631536,5191601245,0.856928,-0.294752,-0.25376,4.50625,-1.68875,-7.04375,-7.960001,29.704,-21.328001,concentric,6,3.0,169230.0,326604.0,263271.0,309824.0,271564.0
2026-04-14 18:08:18.029936,764970,1609507591640570,5191609964,0.9272,-0.306464,-0.158112,2.8875,-0.735,-7.28,-8.864,29.832,-20.92,concentric,6,3.0,169230.0,326604.0,263271.0,309824.0,271564.0
2026-04-14 18:08:18.032414,764971,1609507591655075,5191625020,0.9272,-0.306464,-0.158112,3.84125,-0.21875,-7.27125,-8.864,29.832,-20.92,concentric,6,3.0,169230.0,326604.0,263271.0,309824.0,271564.0
2026-04-14 18:08:18.035179,764972,1609507591664002,5191633733,0.817888,-0.251808,-0.15616,3.185,-0.105,-7.1575,-8.592,29.712002,-22.232,concentric,6,3.0,169230.0,326604.0,263271.0,309824.0,271564.0
2026-04-14 18:08:18.037938,764973,1609507591673042,5191642416,0.817888,-0.251808,-0.15616,1.82,0.37625,-5.99375,-8.592,29.712002,-22.232,concentric,6,3.0,169230.0,326604.0,263271.0,309824.0,271564.0
2026-04-14 18:08:18.052951,764974,1609507591687568,5191657331,0.821792,-0.265472,-0.12688,0.77,2.2925,-5.3375,-8.344001,29.344002,-22.528002,concentric,6,3.0,169230.0,326604.0,263271.0,309824.0,271564.0
2026-04-14 18:08:18.064068,764975,1609507591696579,5191666032,0.821792,-0.265472,-0.12688,0.42,3.6225,-4.64625,-8.344001,29.344002,-22.528002,concentric,6,3.0,169230.0,326604.0,263271.0,309824.0,271564.0
2026-04-14 18:08:18.138003,764986,1609507591711207,5191681333,0.804224,-0.261568,-0.212768,0.84,5.29375,-3.47375,-7.408001,28.944002,-22.464,concentric,6,3.0,164608.0,325254.0,257796.0,308557.0,266859.0
2026-04-14 18:08:18.150366,764987,1609507591720224,5191690054,0.804224,-0.261568,-0.220576,3.00125,6.23,-2.345,-7.408001,28.944002,-22.464,concentric,6,3.0,164608.0,325254.0,257796.0,308557.0,266859.0
2026-04-14 18:08:18.153283,764988,1609507591734797,5191705014,0.821792,-0.27328,-0.220576,4.69,5.95,-0.63875,-8.064,29.472002,-21.480001,concentric,6,3.0,164608.0,325254.0,257796.0,308557.0,266859.0
2026-04-14 18:08:18.153396,764989,1609507591743736,5191713708,0.831552,-0.26352,0.0,5.775,5.7225,0.18375,-8.200001,29.288002,-22.616001,concentric,6,3.0,164608.0,325254.0,257796.0,308557.0,266859.0
2026-04-14 18:08:18.154764,764990,1609507591752635,5191722400,0.831552,-0.26352,0.0,5.67,5.24125,1.435,-8.200001,29.288002,-22.616001,concentric,6,3.0,164608.0,325254.0,257796.0,308557.0,266859.0
2026-04-14 18:08:18.158282,764991,1609507591767196,5191737458,0.778848,-0.281088,-0.267424,4.655,4.445,2.89625,-7.256001,29.416002,-22.544,concentric,6,3.0,164608.0,325254.0,257796.0,308557.0,266859.0
2026-04-14 18:08:18.160295,764992,1609507591776133,5191746165,0.778848,-0.281088,-0.267424,5.18,4.2525,3.15875,-7.256001,29.416002,-22.544,concentric,6,3.0,164608.0,325254.0,257796.0,308557.0,266859.0
2026-04-14 18:08:18.162317,764993,1609507591790778,5191759139,0.776896,-0.257664,-0.163968,6.90375,4.17375,3.43,-7.464,29.216002,-22.824001,concentric,6,3.0,164608.0,325254.0,257796.0,308557.0,266859.0
2026-04-14 18:08:18.167776,764994,1609507591799981,5191769976,0.776896,-0.257664,-0.163968,5.97625,4.0425,3.6925,-7.464,29.216002,-22.824001,concentric,6,3.0,164608.0,325254.0,257796.0,308557.0,266859.0
2026-04-14 18:08:18.195182,765005,1609507591809126,5191778838,0.890112,-0.353312,-0.105408,4.0075,3.3775,4.87375,-7.12,29.600002,-22.640001,concentric,6,3.0,164819.0,325401.0,258054.0,308794.0,267073.0
2026-04-14 18:08:18.197906,765006,1609507591823664,5191793794,0.778848,-0.316224,-0.142496,3.4825,2.2225,5.85375,-7.176,29.496002,-22.848001,concentric,6,3.0,164819.0,325401.0,258054.0,308794.0,267073.0
2026-04-14 18:08:18.200435,765007,1609507591832607,5191802481,0.778848,-0.316224,-0.142496,3.5525,1.40875,6.29125,-7.176,29.496002,-22.848001,concentric,6,3.0,164819.0,325401.0,258054.0,308794.0,267073.0
2026-04-14 18:08:18.212922,765008,1609507591847182,5191817385,0.8296,-0.284992,-0.015616,4.4275,1.12875,5.425,-7.208,29.616001,-22.856,concentric,6,3.0,164819.0,325401.0,258054.0,308794.0,267073.0
2026-04-14 18:08:18.220490,765009,1609507591856187,5191826097,0.8296,-0.284992,-0.015616,3.36,1.32125,4.19125,-7.208,29.616001,-22.856,concentric,6,3.0,164819.0,325401.0,258054.0,308794.0,267073.0
2026-04-14 18:08:18.237810,765010,1609507591870686,5191840983,0.835456,-0.31232,-0.11712,1.6275,1.35625,2.72125,-6.88,29.28,-22.528002,concentric,6,3.0,164819.0,325401.0,258054.0,308794.0,267073.0
2026-04-14 18:08:18.248516,765011,1609507591879682,5191849676,0.835456,-0.31232,-0.11712,-0.21875,1.04125,2.1175,-6.88,29.28,-22.528002,concentric,6,3.0,164819.0,325401.0,258054.0,308794.0,267073.0
2026-04-14 18:08:18.252785,765012,1609507591888701,5191858393,0.89792,-0.337696,-0.050752,-1.53125,0.56,1.68,-7.176,29.544,-22.6,concentric,6,3.0,164819.0,325401.0,258054.0,308794.0,267073.0
2026-04-14 18:08:18.267736,765013,1609507591903181,5191873298,0.84912,-0.343552,-0.189344,-4.50625,-0.35,1.5225,-6.704001,29.384,-22.152,concentric,6,3.0,164819.0,325401.0,258054.0,308794.0,267073.0
2026-04-14 18:08:18.300351,765024,1609507591912230,5191882114,0.84912,-0.343552,-0.189344,-8.295,-0.88375,1.51375,-6.704001,29.384,-22.152,concentric,6,3.0,167534.0,325791.0,261346.0,309091.0,270058.0
2026-04-14 18:08:18.302936,765025,1609507591926783,5191897035,0.866688,-0.343552,-0.109312,-12.43375,-0.44625,0.62125,-7.480001,29.592001,-22.176,concentric,6,3.0,167534.0,325791.0,261346.0,309091.0,270058.0
2026-04-14 18:08:18.305468,765026,1609507591935804,5191905731,0.866688,-0.343552,-0.109312,-15.26875,0.91,-0.60375,-7.480001,29.592001,-22.176,concentric,6,3.0,167534.0,325791.0,261346.0,309091.0,270058.0
2026-04-14 18:08:18.310441,765027,1609507591944771,5191914494,0.890112,-0.327936,0.027328,-15.995,2.45,-1.93375,-8.120001,29.480001,-21.792002,concentric,6,3.0,167534.0,325791.0,261346.0,309091.0,270058.0
2026-04-14 18:08:18.324265,765028,1609507591959331,5191929402,0.890112,-0.327936,0.027328,-17.01875,3.73625,-3.21125,-8.120001,29.480001,-21.792002,concentric,6,3.0,167534.0,325791.0,261346.0,309091.0,270058.0
2026-04-14 18:08:18.333777,765029,1609507591968466,5191938101,0.895968,-0.38064,-0.20496,-18.7775,4.515,-4.06,-7.216001,28.920002,-22.920002,concentric,6,3.0,167534.0,325791.0,261346.0,309091.0,270058.0
2026-04-14 18:08:18.347805,765030,1609507591982970,5191953054,0.853024,-0.335744,-0.023424,-20.93875,4.0425,-4.54125,-7.176,28.728,-23.112001,concentric,6,3.0,167534.0,325791.0,261346.0,309091.0,270058.0
2026-04-14 18:08:18.357847,765031,1609507591991885,5191961742,0.853024,-0.335744,-0.023424,-21.6125,2.7475,-4.48,-7.176,28.728,-23.112001,concentric,6,3.0,167534.0,325791.0,261346.0,309091.0,270058.0
2026-04-14 18:08:18.397922,765042,1609507592006561,5191976783,0.919392,-0.359168,0.007808,-22.02375,1.70625,-4.3925,-7.296001,29.128002,-22.376001,concentric,6,3.0,167405.0,326473.0,261080.0,309701.0,269831.0
2026-04-14 18:08:18.400423,765043,1609507592015617,5191985571,0.919392,-0.359168,0.007808,-22.855,1.05,-5.01375,-7.296001,29.128002,-22.376001,concentric,6,3.0,167405.0,326473.0,261080.0,309701.0,269831.0
2026-04-14 18:08:18.405426,765044,1609507592024554,5191994322,0.864736,-0.335744,-0.23424,-24.42125,0.735,-5.53875,-8.656,29.152002,-21.768002,concentric,6,3.0,167405.0,326473.0,261080.0,309701.0,269831.0
2026-04-14 18:08:18.407905,765045,1609507592039098,5192009217,0.864736,-0.335744,-0.23424,-24.85,0.30625,-7.07875,-8.656,29.152002,-21.768002,concentric,6,3.0,167405.0,326473.0,261080.0,309701.0,269831.0
2026-04-14 18:08:18.412949,765046,1609507592048050,5192017934,0.854976,-0.304512,-0.142496,-25.27875,-0.18375,-8.09375,-9.248,28.616001,-22.688002,concentric,6,3.0,167405.0,326473.0,261080.0,309701.0,269831.0
2026-04-14 18:08:18.425263,765047,1609507592062571,5192030936,0.854976,-0.365024,-0.242048,-25.29625,-1.51375,-7.63,-9.248,28.616001,-22.688002,concentric,6,3.0,167405.0,326473.0,261080.0,309701.0,269831.0
2026-04-14 18:08:18.436726,765048,1609507592071725,5192041677,0.884256,-0.365024,-0.242048,-26.64375,-2.7825,-7.81375,-7.424,28.264002,-24.352001,concentric,6,3.0,167405.0,326473.0,261080.0,309701.0,269831.0
2026-04-14 18:08:18.447853,765049,1609507592080871,5192050418,0.884256,-0.365024,-0.242048,-27.9125,-2.5025,-9.03875,-7.424,28.264002,-24.352001,concentric,6,3.0,167405.0,326473.0,261080.0,309701.0,269831.0
2026-04-14 18:08:18.482988,765050,1609507592095445,5192065359,0.847168,-0.343552,-0.216672,-28.245,-1.61875,-9.86125,-7.592001,28.008001,-24.072,concentric,6,3.0,167405.0,326473.0,261080.0,309701.0,269831.0
2026-04-14 18:08:18.485427,765051,1609507592104375,5192074042,0.91744,-0.33184,-0.03904,-27.27375,0.0175,-10.85,-8.6,28.152,-23.792002,concentric,6,3.0,167405.0,326473.0,261080.0,309701.0,269831.0
2026-04-14 18:08:18.560061,765062,1609507592118980,5192089007,0.91744,-0.33184,-0.03904,-25.7075,0.55125,-11.2,-8.6,28.152,-23.792002,concentric,6,3.0,164395.0,326121.0,257545.0,309359.0,266732.0
2026-04-14 18:08:18.562526,765063,1609507592128086,5192097705,0.884256,-0.365024,-0.228384,-24.66625,-0.385,-10.395,-8.76,27.680002,-24.480001,concentric,6,3.0,164395.0,326121.0,257545.0,309359.0,266732.0
2026-04-14 18:08:18.564873,765064,1609507592137044,5192106441,0.884256,-0.365024,-0.228384,-24.63125,-1.575,-9.065,-8.76,27.680002,-24.480001,concentric,6,3.0,164395.0,326121.0,257545.0,309359.0,266732.0
2026-04-14 18:08:18.567331,765065,1609507592151545,5192121315,0.894016,-0.345504,-0.011712,-25.29625,-2.6775,-8.3475,-8.664001,27.584002,-24.856,concentric,6,3.0,164395.0,326121.0,257545.0,309359.0,266732.0
2026-04-14 18:08:18.569751,765066,1609507592160488,5192130045,0.894016,-0.345504,-0.011712,-26.915,-2.38875,-8.58375,-8.664001,27.584002,-24.856,concentric,6,3.0,164395.0,326121.0,257545.0,309359.0,266732.0
2026-04-14 18:08:18.572464,765067,1609507592174994,5192144955,0.813984,-0.324032,-0.232288,-26.4425,-0.76125,-9.61625,-7.960001,27.088001,-24.76,concentric,6,3.0,164395.0,326121.0,257545.0,309359.0,266732.0
2026-04-14 18:08:18.574847,765068,1609507592183937,5192153682,0.942816,-0.296704,-0.12688,-26.5125,1.2775,-10.255,-7.744,27.104002,-24.704,concentric,6,3.0,164395.0,326121.0,257545.0,309359.0,266732.0
2026-04-14 18:08:18.577370,765069,1609507592198569,5192168646,0.942816,-0.296704,-0.12688,-27.545,2.4675,-11.20875,-7.744,27.104002,-24.704,concentric,6,3.0,164395.0,326121.0,257545.0,309359.0,266732.0
2026-04-14 18:08:18.613131,765080,1609507592207548,5192177828,0.91744,-0.298656,-0.25376,-26.85375,2.8175,-11.82125,-8.224,26.488,-25.168001,concentric,6,3.0,152131.0,325196.0,242775.0,308841.0,253445.0
2026-04-14 18:08:18.613403,765081,1609507592216603,5192186539,0.91744,-0.298656,-0.25376,-26.6,1.75875,-12.5475,-8.224,26.488,-25.168001,concentric,6,3.0,152131.0,325196.0,242775.0,308841.0,253445.0
2026-04-14 18:08:18.619223,765082,1609507592231401,5192201549,0.93696,-0.30256,-0.0488,-27.04625,1.28625,-12.45125,-8.128,26.480001,-24.304,concentric,6,3.0,152131.0,325196.0,242775.0,308841.0,253445.0
2026-04-14 18:08:18.619854,765083,1609507592240398,5192210291,0.93696,-0.30256,-0.0488,-27.50125,1.88125,-12.4425,-8.128,26.480001,-24.304,concentric,6,3.0,152131.0,325196.0,242775.0,308841.0,253445.0
2026-04-14 18:08:18.622799,765084,1609507592254912,5192225202,0.882304,-0.28304,-0.046848,-25.48,2.42375,-12.565,-8.296001,26.544,-25.632002,concentric,6,3.0,152131.0,325196.0,242775.0,308841.0,253445.0
2026-04-14 18:08:18.630269,765085,1609507592263905,5192233886,0.882304,-0.281088,-0.066368,-21.14875,3.99875,-11.69,-8.296001,26.544,-25.632002,concentric,6,3.0,152131.0,325196.0,242775.0,308841.0,253445.0
2026-04-14 18:08:18.636547,765086,1609507592272860,5192242601,0.925248,-0.281088,-0.066368,-15.75875,5.285,-10.80625,-8.624001,26.272001,-24.064001,concentric,6,3.0,152131.0,325196.0,242775.0,308841.0,253445.0
2026-04-14 18:08:18.674779,765087,1609507592287544,5192257570,0.833504,-0.255712,-0.20496,-12.04,5.495,-9.23125,-8.280001,26.272001,-24.824001,concentric,6,3.0,152131.0,325196.0,242775.0,308841.0,253445.0
2026-04-14 18:08:18.677867,765088,1609507592296444,5192266252,0.833504,-0.255712,-0.20496,-10.1325,4.97875,-7.39375,-8.280001,26.272001,-24.824001,concentric,6,3.0,152131.0,325196.0,242775.0,308841.0,253445.0
2026-04-14 18:08:18.707831,765099,1609507592311481,5192281254,0.835456,-0.310368,-0.2928,-8.75,4.2175,-5.5125,-9.144,26.528002,-24.016,concentric,6,3.0,137199.0,319976.0,224865.0,304320.0,236696.0
2026-04-14 18:08:18.710285,765100,1609507592320620,5192289952,0.835456,-0.310368,-0.2928,-6.67625,3.45625,-4.655,-9.144,26.528002,-24.016,concentric,6,3.0,137199.0,319976.0,224865.0,304320.0,236696.0
2026-04-14 18:08:18.712466,765101,1609507592329774,5192298717,0.808128,-0.271328,-0.07808,-2.3625,3.82375,-4.41,-9.480001,26.432001,-24.752,concentric,6,3.0,137199.0,319976.0,224865.0,304320.0,236696.0
2026-04-14 18:08:18.715288,765102,1609507592344277,5192313613,0.808128,-0.30256,-0.27328,1.54875,3.2375,-3.82375,-9.480001,26.432001,-24.752,concentric,6,3.0,137199.0,319976.0,224865.0,304320.0,236696.0
2026-04-14 18:08:18.717796,765103,1609507592353290,5192322363,0.854976,-0.300608,-0.27328,5.4775,3.61375,-2.0475,-9.184,26.640001,-24.960001,concentric,6,3.0,137199.0,319976.0,224865.0,304320.0,236696.0
2026-04-14 18:08:18.732920,765104,1609507592367790,5192337281,0.899872,-0.296704,-0.013664,8.42625,2.40625,0.8925,-8.256001,26.688002,-25.36,concentric,6,3.0,137199.0,319976.0,224865.0,304320.0,236696.0
2026-04-14 18:08:18.742624,765105,1609507592376703,5192345967,0.899872,-0.296704,-0.013664,8.77625,0.79625,2.52875,-8.256001,26.688002,-25.36,concentric,6,3.0,137199.0,319976.0,224865.0,304320.0,236696.0
2026-04-14 18:08:18.756229,765106,1609507592391241,5192360845,0.91744,-0.3416,-0.122976,8.1025,-0.805,3.89375,-9.400001,26.944002,-23.704,concentric,6,3.0,137199.0,319976.0,224865.0,304320.0,236696.0
2026-04-14 18:08:18.764259,765107,1609507592400198,5192369570,0.91744,-0.3416,-0.122976,9.02125,-1.05875,4.94375,-9.400001,26.944002,-23.704,concentric,6,3.0,137199.0,319976.0,224865.0,304320.0,236696.0
2026-04-14 18:08:18.797787,765118,1609507592409576,5192378310,0.825696,-0.294752,-0.13664,11.41,-0.81375,4.9,-9.232,26.928001,-24.696001,concentric,6,3.0,137656.0,319692.0,225490.0,304029.0,237597.0
2026-04-14 18:08:18.798575,765119,1609507592424635,5192393286,0.825696,-0.294752,0.01952,12.74875,-0.4375,4.935,-9.232,26.928001,-24.696001,concentric,6,3.0,137656.0,319692.0,225490.0,304029.0,237597.0
2026-04-14 18:08:18.801264,765120,1609507592433950,5192404105,0.919392,-0.304512,0.023424,10.87625,-0.3675,5.18,-8.528001,26.840002,-22.960001,concentric,6,3.0,137656.0,319692.0,225490.0,304029.0,237597.0
2026-04-14 18:08:18.807759,765121,1609507592442911,5192412821,0.919392,-0.304512,0.023424,7.9625,-0.42,5.39,-8.528001,26.840002,-22.960001,concentric,6,3.0,137656.0,319692.0,225490.0,304029.0,237597.0
2026-04-14 18:08:18.821569,765122,1609507592457429,5192425818,0.845216,-0.300608,-0.093696,4.27,-1.015,5.25875,-8.200001,26.928001,-25.448002,concentric,6,3.0,137656.0,319692.0,225490.0,304029.0,237597.0
2026-04-14 18:08:18.849233,765123,1609507592466683,5192436649,0.831552,-0.298656,-0.054656,1.49625,-1.96,5.46,-8.320001,27.056002,-25.480001,concentric,6,3.0,137656.0,319692.0,225490.0,304029.0,237597.0
2026-04-14 18:08:18.871718,765124,1609507592481192,5192449601,0.831552,-0.298656,-0.054656,-1.4,-2.3975,4.7775,-8.320001,27.056002,-25.480001,concentric,6,3.0,137656.0,319692.0,225490.0,304029.0,237597.0
2026-04-14 18:08:18.874212,765125,1609507592490431,5192460361,0.921344,-0.355264,-0.01952,-4.50625,-2.35375,4.54125,-7.904,27.072,-24.168001,concentric,6,3.0,137656.0,319692.0,225490.0,304029.0,237597.0
2026-04-14 18:08:18.876708,765126,1609507592499367,5192469046,0.921344,-0.355264,-0.01952,-7.28875,-2.19625,4.89125,-7.904,27.072,-24.168001,concentric,6,3.0,137656.0,319692.0,225490.0,304029.0,237597.0
2026-04-14 18:08:18.904084,765137,1609507592514081,5192483996,0.872544,-0.339648,-0.001952,-9.82625,-2.58125,4.9525,-9.0,26.936,-24.552002,concentric,6,3.0,139031.0,320148.0,226828.0,304203.0,238731.0
2026-04-14 18:08:18.906692,765138,1609507592523185,5192492789,0.872544,-0.339648,-0.001952,-12.74875,-4.19125,5.20625,-9.0,26.936,-24.552002,concentric,6,3.0,139031.0,320148.0,226828.0,304203.0,238731.0
2026-04-14 18:08:18.908764,765139,1609507592537695,5192507754,0.84912,-0.318176,-0.031232,-14.385,-5.8275,5.13625,-8.280001,26.856,-24.36,concentric,6,3.0,139031.0,320148.0,226828.0,304203.0,238731.0
2026-04-14 18:08:18.911713,765140,1609507592546716,5192516476,0.802272,-0.335744,-0.216672,-16.03,-7.2625,4.5325,-8.576,27.312002,-26.056002,concentric,6,3.0,139031.0,320148.0,226828.0,304203.0,238731.0
2026-04-14 18:08:18.926685,765141,1609507592561244,5192531383,0.802272,-0.335744,-0.216672,-18.095,-7.56875,4.57625,-8.576,27.312002,-26.056002,concentric,6,3.0,139031.0,320148.0,226828.0,304203.0,238731.0
2026-04-14 18:08:18.935129,765142,1609507592570323,5192540131,0.856928,-0.36112,-0.040992,-18.71625,-7.1575,5.285,-7.608,26.52,-24.880001,concentric,6,3.0,139031.0,320148.0,226828.0,304203.0,238731.0
2026-04-14 18:08:18.945457,765143,1609507592579264,5192548813,0.856928,-0.36112,-0.040992,-19.565,-7.20125,6.20375,-7.608,26.52,-24.880001,concentric,6,3.0,139031.0,320148.0,226828.0,304203.0,238731.0
2026-04-14 18:08:18.957499,765144,1609507592593914,5192563745,0.821792,-0.337696,-0.074176,-19.11875,-7.76125,6.8075,-7.920001,26.6,-24.864,concentric,6,3.0,139031.0,320148.0,226828.0,304203.0,238731.0
2026-04-14 18:08:18.967928,765145,1609507592602868,5192572487,0.821792,-0.337696,-0.074176,-17.01875,-7.6125,6.3525,-7.920001,26.6,-24.864,concentric,6,3.0,139031.0,320148.0,226828.0,304203.0,238731.0
2026-04-14 18:08:18.997854,765156,1609507592617446,5192587461,0.854976,-0.37088,-0.179584,-15.44375,-6.78125,5.71375,-8.008,26.464,-26.12,concentric,6,3.0,127878.0,315975.0,213568.0,300154.0,225767.0
2026-04-14 18:08:19.000150,765157,1609507592626407,5192596199,0.83936,-0.40016,-0.228384,-12.80125,-5.0925,5.69625,-8.008,26.464,-27.344002,concentric,6,3.0,127878.0,315975.0,213568.0,300154.0,225767.0
2026-04-14 18:08:19.002627,765158,1609507592635357,5192604911,0.841312,-0.40016,-0.228384,-13.06375,-4.3925,5.425,-7.288001,26.544,-27.344002,concentric,6,3.0,127878.0,315975.0,213568.0,300154.0,225767.0
2026-04-14 18:08:19.015427,765159,1609507592649912,5192619826,0.794464,-0.376736,-0.244,-12.29375,-4.5325,5.915,-7.416,26.328001,-26.032001,concentric,6,3.0,127878.0,315975.0,213568.0,300154.0,225767.0
2026-04-14 18:08:19.024170,765160,1609507592658882,5192628532,0.794464,-0.376736,-0.244,-10.2725,-5.25,5.6,-7.416,26.328001,-26.032001,concentric,6,3.0,127878.0,315975.0,213568.0,300154.0,225767.0
2026-04-14 18:08:19.039215,765161,1609507592673407,5192643440,0.806176,-0.396256,-0.277184,-10.73625,-6.2125,4.725,-7.816001,26.6,-23.192001,concentric,6,3.0,127878.0,315975.0,213568.0,300154.0,225767.0
2026-04-14 18:08:19.046727,765162,1609507592682422,5192652173,0.806176,-0.396256,-0.277184,-11.445,-6.55375,4.80375,-7.816001,26.6,-23.192001,concentric,6,3.0,127878.0,315975.0,213568.0,300154.0,225767.0
2026-04-14 18:08:19.062970,765163,1609507592696908,5192667083,0.856928,-0.396256,-0.140544,-12.71375,-5.83625,4.83875,-7.296001,26.560001,-25.064001,concentric,6,3.0,127878.0,315975.0,213568.0,300154.0,225767.0
2026-04-14 18:08:19.074519,765164,1609507592705906,5192675787,0.856928,-0.396256,-0.140544,-11.36625,-4.66375,4.22625,-7.296001,26.560001,-25.064001,concentric,6,3.0,127878.0,315975.0,213568.0,300154.0,225767.0
2026-04-14 18:08:19.100356,765175,1609507592714971,5192684923,0.856928,-0.394304,-0.267424,-10.01,-4.22625,2.6075,-7.776001,26.712002,-24.544,concentric,6,3.0,127868.0,316593.0,213518.0,300522.0,225858.0
2026-04-14 18:08:19.102456,765176,1609507592729531,5192699879,0.884256,-0.394304,-0.245952,-11.4975,-3.96375,0.88375,-7.816001,25.952002,-25.68,concentric,6,3.0,127868.0,316593.0,213518.0,300522.0,225858.0
2026-04-14 18:08:19.105234,765177,1609507592738649,5192708613,0.884256,-0.394304,-0.245952,-14.07875,-4.59375,-0.67375,-7.816001,25.952002,-25.68,concentric,6,3.0,127868.0,316593.0,213518.0,300522.0,225858.0
2026-04-14 18:08:19.117928,765178,1609507592753335,5192723581,0.884256,-0.406016,-0.244,-14.945,-4.20875,-2.485,-7.84,26.144001,-25.312,concentric,6,3.0,127868.0,316593.0,213518.0,300522.0,225858.0
2026-04-14 18:08:19.126717,765179,1609507592762265,5192732265,0.884256,-0.406016,-0.244,-16.2925,-3.91125,-3.7275,-7.84,26.144001,-25.312,concentric,6,3.0,127868.0,316593.0,213518.0,300522.0,225858.0
2026-04-14 18:08:19.137951,765180,1609507592771274,5192740974,0.808128,-0.382592,-0.267424,-17.85875,-2.905,-4.22625,-7.000001,25.752,-25.616001,concentric,6,3.0,127868.0,316593.0,213518.0,300522.0,225858.0
2026-04-14 18:08:19.163471,765181,1609507592785774,5192755841,0.808128,-0.382592,-0.267424,-19.04,-2.58125,-3.85,-7.000001,25.752,-25.616001,concentric,6,3.0,127868.0,316593.0,213518.0,300522.0,225858.0
2026-04-14 18:08:19.163838,765182,1609507592794734,5192764549,0.823744,-0.38064,-0.298656,-18.1825,-2.63375,-2.86125,-7.768001,25.800001,-23.352001,concentric,6,3.0,127868.0,316593.0,213518.0,300522.0,225858.0
2026-04-14 18:08:19.248884,765193,1609507592809351,5192779433,0.856928,-0.398208,-0.329888,-15.88125,-2.4325,-2.49375,-7.648,25.672,-26.656002,concentric,6,3.0,121509.0,313425.0,205924.0,297644.0,218274.0
2026-04-14 18:08:19.251380,765194,1609507592818409,5192788182,0.856928,-0.398208,-0.329888,-14.105001,-2.58125,-2.24,-7.648,25.672,-26.656002,concentric,6,3.0,121509.0,313425.0,205924.0,297644.0,218274.0
2026-04-14 18:08:19.253869,765195,1609507592833117,5192803155,0.890112,-0.37088,-0.150304,-13.27375,-2.59,-1.855,-6.696,25.392002,-26.888,concentric,6,3.0,121509.0,313425.0,205924.0,297644.0,218274.0
2026-04-14 18:08:19.256378,765196,1609507592842231,5192811855,0.890112,-0.37088,-0.150304,-12.145,-1.785,-1.785,-6.696,25.392002,-26.888,concentric,6,3.0,121509.0,313425.0,205924.0,297644.0,218274.0
2026-04-14 18:08:19.258722,765197,1609507592851279,5192820537,0.856928,-0.363072,-0.314272,-10.3775,-1.05875,-2.10875,-6.696,25.192001,-26.752,concentric,6,3.0,121509.0,313425.0,205924.0,297644.0,218274.0
2026-04-14 18:08:19.261382,765198,1609507592865784,5192835481,0.856928,-0.363072,-0.314272,-8.05875,0.07875,-2.4675,-6.696,25.192001,-26.752,concentric,6,3.0,121509.0,313425.0,205924.0,297644.0,218274.0
2026-04-14 18:08:19.263911,765199,1609507592874701,5192844173,0.874496,-0.36112,-0.240096,-6.4225,-0.0875,-3.1675,-6.688,25.488,-26.552002,concentric,6,3.0,121509.0,313425.0,205924.0,297644.0,218274.0
2026-04-14 18:08:19.266379,765200,1609507592889186,5192859058,0.784704,-0.359168,-0.279136,-5.3375,-0.63875,-2.975,-7.256001,25.952002,-27.896002,concentric,6,3.0,121509.0,313425.0,205924.0,297644.0,218274.0
2026-04-14 18:08:19.268859,765201,1609507592898214,5192867736,0.784704,-0.359168,-0.279136,-3.94625,-1.645,-2.45875,-7.256001,25.952002,-27.896002,concentric,6,3.0,121509.0,313425.0,205924.0,297644.0,218274.0
2026-04-14 18:08:19.271377,765202,1609507592907145,5192876437,0.784704,-0.359168,-0.279136,-3.99875,-2.56375,-1.84625,-7.256001,25.952002,-27.896002,concentric,6,3.0,121509.0,313425.0,205924.0,297644.0,218274.0
2026-04-14 18:08:19.326322,765214,1609507592921807,5192891622,0.837408,-0.402112,-0.300608,-1.63625,-3.08,-0.8225,-8.008,25.968,-26.784,concentric,6,3.0,121127.0,313196.0,205530.0,297549.0,217964.0
2026-04-14 18:08:19.328944,765215,1609507592930870,5192900336,0.845216,-0.378688,-0.249856,1.3825,-3.45625,-0.65625,-7.648,25.888,-26.024002,concentric,6,3.0,121127.0,313196.0,205530.0,297549.0,217964.0
2026-04-14 18:08:19.331424,765216,1609507592945368,5192915348,0.845216,-0.378688,-0.249856,2.68625,-3.4125,0.07875,-7.648,25.888,-26.024002,concentric,6,3.0,121127.0,313196.0,205530.0,297549.0,217964.0
2026-04-14 18:08:19.333886,765217,1609507592954390,5192924145,0.7808,-0.35136,-0.257664,0.7875,-3.89375,0.1225,-7.664001,25.704,-25.04,concentric,6,3.0,121127.0,313196.0,205530.0,297549.0,217964.0
2026-04-14 18:08:19.336382,765218,1609507592968935,5192939072,0.847168,-0.366976,-0.171776,-1.07625,-4.2,0.21875,-7.664001,26.152,-23.168001,concentric,6,3.0,121127.0,313196.0,205530.0,297549.0,217964.0
2026-04-14 18:08:19.342567,765219,1609507592977869,5192947752,0.847168,-0.366976,-0.171776,-0.20125,-4.41,0.04375,-7.928001,26.152,-23.168001,concentric,6,3.0,121127.0,313196.0,205530.0,297549.0,217964.0
2026-04-14 18:08:19.352668,765220,1609507592986807,5192956438,0.847168,-0.366976,-0.171776,-0.0875,-4.5675,-0.6125,-7.928001,26.152,-23.168001,concentric,6,3.0,121127.0,313196.0,205530.0,297549.0,217964.0
2026-04-14 18:08:19.369983,765221,1609507593001322,5192971451,0.864736,-0.355264,-0.062464,-0.1925,-4.26125,-0.735,-7.352,25.624,-24.952002,concentric,6,3.0,121127.0,313196.0,205530.0,297549.0,217964.0
2026-04-14 18:08:19.411691,765232,1609507593010261,5192980144,0.813984,-0.372832,-0.27328,-1.40875,-3.68375,-0.74375,-6.888001,25.576002,-27.376001,concentric,6,3.0,126871.0,316357.0,212265.0,300388.0,224684.0
2026-04-14 18:08:19.413824,765233,1609507593024781,5192995068,0.813984,-0.372832,-0.27328,-2.02125,-3.92875,0.00875,-6.888001,25.576002,-27.376001,concentric,6,3.0,126871.0,316357.0,212265.0,300388.0,224684.0
2026-04-14 18:08:19.416716,765234,1609507593033736,5193003763,0.802272,-0.365024,-0.314272,-1.96875,-4.29625,-0.16625,-7.896,25.432001,-25.712002,concentric,6,3.0,126871.0,316357.0,212265.0,300388.0,224684.0
2026-04-14 18:08:19.419202,765235,1609507593042709,5193012460,0.802272,-0.365024,-0.314272,-2.79125,-4.305,-0.8925,-7.896,25.432001,-25.712002,concentric,6,3.0,126871.0,316357.0,212265.0,300388.0,224684.0
2026-04-14 18:08:19.421684,765236,1609507593057242,5193027394,0.815936,-0.366976,-0.33184,-3.63125,-4.1125,-1.40875,-7.368001,25.384,-25.808,concentric,6,3.0,126871.0,316357.0,212265.0,300388.0,224684.0
2026-04-14 18:08:19.432511,765237,1609507593066223,5193036176,0.815936,-0.366976,-0.33184,-4.6375,-4.29625,-2.07375,-7.368001,25.384,-25.808,concentric,6,3.0,126871.0,316357.0,212265.0,300388.0,224684.0
2026-04-14 18:08:19.448612,765238,1609507593080754,5193051091,0.847168,-0.38064,-0.294752,-4.38375,-4.3225,-2.96625,-6.888001,25.560001,-25.776001,concentric,6,3.0,126871.0,316357.0,212265.0,300388.0,224684.0
2026-04-14 18:08:19.455443,765239,1609507593089825,5193059785,0.903776,-0.386496,-0.1464,-3.78875,-4.87375,-3.43,-7.016,25.184002,-25.112001,concentric,6,3.0,126871.0,316357.0,212265.0,300388.0,224684.0
2026-04-14 18:08:19.469546,765240,1609507593104343,5193072709,0.903776,-0.386496,-0.1464,-3.815,-5.90625,-3.6925,-7.016,25.184002,-25.112001,concentric,6,3.0,126871.0,316357.0,212265.0,300388.0,224684.0
2026-04-14 18:08:19.500417,765251,1609507593114204,5193083552,0.862784,-0.347456,-0.093696,-3.57875,-7.06125,-3.535,-7.312,25.576002,-25.936,concentric,6,3.0,128011.0,316773.0,213546.0,300639.0,225842.0
2026-04-14 18:08:19.502936,765252,1609507593123295,5193092294,0.862784,-0.347456,-0.093696,-3.03625,-7.245,-3.745,-7.312,25.576002,-25.936,concentric,6,3.0,128011.0,316773.0,213546.0,300639.0,225842.0
2026-04-14 18:08:19.505427,765253,1609507593137810,5193107276,0.823744,-0.378688,-0.363072,-3.85875,-7.16625,-3.63125,-6.928001,25.816002,-25.456001,concentric,6,3.0,128011.0,316773.0,213546.0,300639.0,225842.0
2026-04-14 18:08:19.511694,765254,1609507593146744,5193115976,0.823744,-0.378688,-0.363072,-3.33375,-7.0875,-3.8325,-6.928001,25.816002,-25.456001,concentric,6,3.0,128011.0,316773.0,213546.0,300639.0,225842.0
2026-04-14 18:08:19.527950,765255,1609507593161240,5193130896,0.905728,-0.384544,-0.154208,-2.8175,-6.92125,-4.305,-6.688,25.344002,-25.912,concentric,6,3.0,128011.0,316773.0,213546.0,300639.0,225842.0
2026-04-14 18:08:19.534219,765256,1609507593170353,5193139628,0.901824,-0.384544,-0.173728,-2.75625,-6.50125,-4.76,-7.824,25.952002,-26.44,concentric,6,3.0,128011.0,316773.0,213546.0,300639.0,225842.0
2026-04-14 18:08:19.545432,765257,1609507593179298,5193148295,0.901824,-0.384544,-0.173728,-2.14375,-5.95,-5.15375,-7.824,25.952002,-26.44,concentric,6,3.0,128011.0,316773.0,213546.0,300639.0,225842.0
2026-04-14 18:08:19.558797,765258,1609507593193810,5193163194,0.827648,-0.372832,-0.366976,-1.49625,-5.1275,-5.7925,-6.384,25.368002,-26.912,concentric,6,3.0,128011.0,316773.0,213546.0,300639.0,225842.0
2026-04-14 18:08:19.584041,765259,1609507593202798,5193171894,0.827648,-0.372832,-0.366976,0.25375,-4.445,-5.52125,-6.384,25.368002,-26.912,concentric,6,3.0,128011.0,316773.0,213546.0,300639.0,225842.0
2026-04-14 18:08:19.631757,765270,1609507593217417,5193186844,0.886208,-0.372832,-0.183488,1.785,-4.03375,-5.31125,-6.384,25.128,-27.784,concentric,6,3.0,125061.0,315080.0,210058.0,298983.0,222402.0
2026-04-14 18:08:19.634241,765271,1609507593226335,5193195626,0.886208,-0.372832,-0.183488,1.19,-3.955,-5.1975,-6.384,25.128,-27.784,concentric,6,3.0,125061.0,315080.0,210058.0,298983.0,222402.0
2026-04-14 18:08:19.636721,765272,1609507593235332,5193204460,0.813984,-0.337696,-0.18544,1.68,-3.33375,-4.76,-6.608,25.232,-26.288002,concentric,6,3.0,125061.0,315080.0,210058.0,298983.0,222402.0
2026-04-14 18:08:19.639107,765273,1609507593249833,5193219456,0.813984,-0.337696,-0.18544,2.345,-2.42375,-4.76875,-6.608,25.232,-26.288002,concentric,6,3.0,125061.0,315080.0,210058.0,298983.0,222402.0
2026-04-14 18:08:19.641741,765274,1609507593258805,5193228140,0.823744,-0.363072,-0.366976,3.52625,-1.82,-5.285,-6.664001,25.504002,-28.736002,concentric,6,3.0,125061.0,315080.0,210058.0,298983.0,222402.0
2026-04-14 18:08:19.644240,765275,1609507593273341,5193243115,0.853024,-0.384544,-0.339648,4.445,-1.05875,-6.25625,-7.64,25.752,-25.800001,concentric,6,3.0,125061.0,315080.0,210058.0,298983.0,222402.0
2026-04-14 18:08:19.646725,765276,1609507593282298,5193251817,0.853024,-0.384544,-0.339648,4.0775,-0.5425,-6.74625,-7.64,25.752,-25.800001,concentric,6,3.0,125061.0,315080.0,210058.0,298983.0,222402.0
2026-04-14 18:08:19.662300,765277,1609507593296784,5193266773,0.903776,-0.3904,-0.216672,2.77375,-0.76125,-6.15125,-6.632,25.432001,-27.032001,concentric,6,3.0,125061.0,315080.0,210058.0,298983.0,222402.0
2026-04-14 18:08:19.675829,765278,1609507593305891,5193275457,0.903776,-0.3904,-0.216672,2.9225,-1.085,-5.78375,-6.632,25.432001,-27.032001,concentric,6,3.0,125061.0,315080.0,210058.0,298983.0,222402.0
2026-04-14 18:08:19.702603,765289,1609507593315276,5193284221,0.813984,-0.30256,-0.163968,3.70125,-1.155,-5.81875,-6.584,25.296001,-26.704,concentric,6,3.0,126777.0,315656.0,212122.0,299597.0,224387.0
2026-04-14 18:08:19.705472,765290,1609507593329802,5193299192,0.813984,-0.30256,-0.163968,4.585,-0.56875,-6.85125,-6.584,25.296001,-26.704,concentric,6,3.0,126777.0,315656.0,212122.0,299597.0,224387.0
2026-04-14 18:08:19.707993,765291,1609507593338813,5193307917,0.804224,-0.343552,-0.343552,3.31625,-0.07,-7.21,-6.592001,25.456001,-28.680002,concentric,6,3.0,126777.0,315656.0,212122.0,299597.0,224387.0
2026-04-14 18:08:19.717967,765292,1609507593353363,5193322888,0.866688,-0.37088,-0.212768,1.07625,0.69125,-6.6325,-6.352,25.656002,-26.432001,concentric,6,3.0,126777.0,315656.0,212122.0,299597.0,224387.0
2026-04-14 18:08:19.727932,765293,1609507593362380,5193331588,0.866688,-0.37088,-0.212768,0.18375,0.5425,-6.4575,-6.352,25.656002,-26.432001,concentric,6,3.0,126777.0,315656.0,212122.0,299597.0,224387.0
2026-04-14 18:08:19.735196,765294,1609507593371339,5193340300,0.804224,-0.306464,-0.152256,0.8575,-0.07,-6.825,-6.352,25.656002,-27.448002,concentric,6,3.0,126777.0,315656.0,212122.0,299597.0,224387.0
2026-04-14 18:08:19.751896,765295,1609507593385823,5193355178,0.798368,-0.306464,-0.152256,1.575,-0.39375,-6.3,-6.84,25.536001,-27.448002,concentric,6,3.0,126777.0,315656.0,212122.0,299597.0,224387.0
2026-04-14 18:08:19.759863,765296,1609507593394775,5193363893,0.853024,-0.320128,-0.095648,2.065,-0.9975,-5.60875,-6.728,25.512001,-26.560001,concentric,6,3.0,126777.0,315656.0,212122.0,299597.0,224387.0
2026-04-14 18:08:19.774030,765297,1609507593409270,5193378802,0.853024,-0.320128,-0.095648,0.83125,-0.8575,-5.11875,-6.728,25.512001,-26.560001,concentric,6,3.0,126777.0,315656.0,212122.0,299597.0,224387.0
2026-04-14 18:08:19.801359,765308,1609507593418366,5193387547,0.880352,-0.363072,-0.134688,0.34125,-0.86625,-4.19125,-6.176,25.832,-27.000002,concentric,6,3.0,125668.0,315694.0,210766.0,299961.0,223004.0
2026-04-14 18:08:19.803950,765309,1609507593432997,5193402525,0.851072,-0.325984,-0.070272,0.32375,-1.085,-2.70375,-7.6,25.816002,-23.592001,concentric,6,3.0,125668.0,315694.0,210766.0,299961.0,223004.0
2026-04-14 18:08:19.806709,765310,1609507593442011,5193411231,0.851072,-0.325984,-0.070272,2.065,-1.44375,-1.435,-7.6,25.816002,-23.592001,concentric,6,3.0,125668.0,315694.0,210766.0,299961.0,223004.0
2026-04-14 18:08:19.816703,765311,1609507593451100,5193419921,0.851072,-0.325984,-0.070272,4.82125,-2.2225,-0.175,-7.6,25.816002,-23.592001,concentric,6,3.0,125668.0,315694.0,210766.0,299961.0,223004.0
2026-04-14 18:08:19.830452,765312,1609507593465614,5193434883,0.85888,-0.345504,-0.093696,4.76875,-2.73,1.07625,-6.480001,25.608002,-27.912,concentric,6,3.0,125668.0,315694.0,210766.0,299961.0,223004.0
2026-04-14 18:08:19.838851,765313,1609507593474762,5193443589,0.735904,-0.337696,-0.316224,4.6375,-3.4825,4.025,-7.224001,26.312002,-25.216002,concentric,6,3.0,125668.0,315694.0,210766.0,299961.0,223004.0
2026-04-14 18:08:19.852783,765314,1609507593489261,5193458586,0.735904,-0.337696,-0.316224,6.60625,-4.94375,6.48375,-7.224001,26.312002,-25.216002,concentric,6,3.0,125668.0,315694.0,210766.0,299961.0,223004.0
2026-04-14 18:08:19.867835,765315,1609507593498224,5193467431,0.732,-0.324032,-0.28304,6.78125,-6.1775,8.715,-6.056,25.712002,-26.568,concentric,6,3.0,125668.0,315694.0,210766.0,299961.0,223004.0
2026-04-14 18:08:19.872832,765316,1609507593507122,5193476103,0.732,-0.324032,-0.28304,8.68,-7.0875,11.64625,-6.056,25.712002,-26.568,concentric,6,3.0,125668.0,315694.0,210766.0,299961.0,223004.0
2026-04-14 18:08:19.902941,765327,1609507593521886,5193491220,0.765184,-0.365024,-0.275232,8.68,-7.77875,14.035,-5.76,25.880001,-25.952002,concentric,6,3.0,121829.0,312956.0,206374.0,297795.0,218616.0
2026-04-14 18:08:19.905450,765328,1609507593530874,5193499968,0.765184,-0.365024,-0.275232,7.6475,-9.59,16.66875,-5.76,25.880001,-25.952002,concentric,6,3.0,121829.0,312956.0,206374.0,297795.0,218616.0
2026-04-14 18:08:19.911682,765329,1609507593545421,5193514906,0.677344,-0.343552,-0.208864,8.7675,-10.66625,20.755,-6.368001,26.6,-22.584002,concentric,6,3.0,121829.0,312956.0,206374.0,297795.0,218616.0
2026-04-14 18:08:19.917983,765330,1609507593554365,5193523631,0.747616,-0.376736,-0.245952,11.06,-12.34625,24.5525,-5.096,26.088001,-25.816002,concentric,6,3.0,121829.0,312956.0,206374.0,297795.0,218616.0
2026-04-14 18:08:19.949065,765331,1609507593568845,5193538527,0.747616,-0.376736,-0.245952,13.1075,-15.02375,27.545,-5.096,26.088001,-25.816002,concentric,6,3.0,121829.0,312956.0,206374.0,297795.0,218616.0
2026-04-14 18:08:19.974184,765332,1609507593577744,5193547192,0.675392,-0.30256,-0.197152,15.295,-17.12375,30.625,-5.24,26.240002,-26.176,concentric,6,3.0,121829.0,312956.0,206374.0,297795.0,218616.0
2026-04-14 18:08:20.001031,765333,1609507593586651,5193555868,0.675392,-0.30256,-0.197152,15.8725,-18.48875,33.145,-5.24,26.240002,-26.176,concentric,6,3.0,121829.0,312956.0,206374.0,297795.0,218616.0
2026-04-14 18:08:20.006217,765334,1609507593601177,5193570837,0.776896,-0.394304,-0.284992,14.2625,-19.985,35.49,-4.224,26.632002,-26.368002,concentric,6,3.0,121829.0,312956.0,206374.0,297795.0,218616.0
2026-04-14 18:08:20.008479,765335,1609507593610103,5193579531,0.776896,-0.394304,-0.284992,9.17,-21.30625,37.5725,-4.224,26.632002,-26.368002,concentric,6,3.0,121829.0,312956.0,206374.0,297795.0,218616.0
2026-04-14 18:08:20.036614,765346,1609507593624709,5193594441,0.753472,-0.404064,-0.154208,4.3925,-23.9925,39.03375,-3.672,26.552002,-25.576002,concentric,6,3.0,119581.0,308362.0,203740.0,293327.0,216149.0
2026-04-14 18:08:20.038645,765347,1609507593633661,5193603173,0.812032,-0.353312,-0.183488,6.55375,-27.25625,41.55375,-2.992,27.104002,-23.648,concentric,6,3.0,119581.0,308362.0,203740.0,293327.0,216149.0
2026-04-14 18:08:20.041742,765348,1609507593648182,5193618104,0.812032,-0.353312,-0.183488,9.7125,-30.1525,41.22125,-2.992,27.104002,-23.648,concentric,6,3.0,119581.0,308362.0,203740.0,293327.0,216149.0
2026-04-14 18:08:20.044049,765349,1609507593657270,5193626844,0.724192,-0.36112,-0.2928,12.88,-30.9925,38.52625,-3.616,27.160002,-24.840002,concentric,6,3.0,119581.0,308362.0,203740.0,293327.0,216149.0
2026-04-14 18:08:20.046530,765350,1609507593666360,5193635576,0.724192,-0.36112,-0.2928,10.07125,-31.3775,37.94875,-3.616,27.160002,-24.840002,concentric,6,3.0,119581.0,308362.0,203740.0,293327.0,216149.0
2026-04-14 18:08:20.049053,765351,1609507593680890,5193650551,0.726144,-0.482144,-0.296704,2.1875,-32.375,40.95875,-2.392,27.144001,-24.984001,concentric,6,3.0,119581.0,308362.0,203740.0,293327.0,216149.0
2026-04-14 18:08:20.053771,765352,1609507593689872,5193659269,0.726144,-0.482144,-0.296704,-2.91375,-34.16,44.59,-2.392,27.144001,-24.984001,concentric,6,3.0,119581.0,308362.0,203740.0,293327.0,216149.0
2026-04-14 18:08:20.070003,765353,1609507593704502,5193674263,0.75152,-0.433344,-0.142496,-2.10875,-37.44125,45.605,-0.768,26.960001,-26.2,concentric,6,3.0,119581.0,308362.0,203740.0,293327.0,216149.0
2026-04-14 18:08:20.077948,765354,1609507593713649,5193683047,0.735904,-0.394304,-0.378688,5.90625,-40.6175,44.37125,-0.768,26.960001,-30.296001,concentric,6,3.0,119581.0,308362.0,203740.0,293327.0,216149.0
2026-04-14 18:08:20.105146,765365,1609507593722714,5193691811,0.739808,-0.394304,-0.378688,6.1425,-42.58625,42.4725,-0.168,26.920002,-28.776001,concentric,6,3.0,125981.0,300681.0,211486.0,285355.0,224118.0
2026-04-14 18:08:20.107645,765366,1609507593737275,5193706848,0.757376,-0.44896,-0.15616,4.7425,-43.09375,41.8075,0.664,26.712002,-26.256,concentric,6,3.0,125981.0,300681.0,211486.0,285355.0,224118.0
2026-04-14 18:08:20.110141,765367,1609507593746423,5193715566,0.757376,-0.44896,-0.15616,0.81375,-41.4925,41.37,0.664,26.712002,-26.256,concentric,6,3.0,125981.0,300681.0,211486.0,285355.0,224118.0
2026-04-14 18:08:20.125707,765368,1609507593760936,5193730522,0.763232,-0.560224,-0.31232,-3.8325,-40.888752,43.855,0.872,26.992,-25.808,concentric,6,3.0,125981.0,300681.0,211486.0,285355.0,224118.0
2026-04-14 18:08:20.135042,765369,1609507593769902,5193739214,0.763232,-0.560224,-0.31232,-0.77875,-40.67875,45.115,0.872,26.992,-25.808,concentric,6,3.0,125981.0,300681.0,211486.0,285355.0,224118.0
2026-04-14 18:08:20.143696,765370,1609507593778814,5193747888,0.659776,-0.474336,-0.335744,2.49375,-42.201252,43.4875,1.712,26.928001,-26.136002,concentric,6,3.0,125981.0,300681.0,211486.0,285355.0,224118.0
2026-04-14 18:08:20.158692,765371,1609507593793295,5193762822,0.659776,-0.474336,-0.335744,7.49875,-44.00375,43.3825,1.712,26.928001,-26.136002,concentric,6,3.0,125981.0,300681.0,211486.0,285355.0,224118.0
2026-04-14 18:08:20.166424,765372,1609507593802393,5193771525,0.64416,-0.411872,-0.275232,9.30125,-45.64875,42.28875,2.792,26.936,-25.944002,concentric,6,3.0,125981.0,300681.0,211486.0,285355.0,224118.0
2026-04-14 18:08:20.206342,765383,1609507593817200,5193786609,0.655872,-0.538752,-0.437248,7.55125,-46.025,39.01625,3.424,26.888,-25.048,concentric,6,3.0,118399.0,288090.0,201765.0,273415.0,214539.0
2026-04-14 18:08:20.210490,765384,1609507593826246,5193795364,0.655872,-0.538752,-0.437248,0.455,-44.73,41.41375,3.424,26.888,-25.048,concentric,6,3.0,118399.0,288090.0,201765.0,273415.0,214539.0
2026-04-14 18:08:20.211104,765385,1609507593835251,5193804129,0.698816,-0.616832,-0.284992,0.04375,-45.08875,44.8,3.472,27.208002,-24.608002,concentric,6,3.0,118399.0,288090.0,201765.0,273415.0,214539.0
2026-04-14 18:08:20.213738,765386,1609507593849833,5193819045,0.698816,-0.616832,-0.284992,4.40125,-45.43,44.16125,3.472,27.208002,-24.608002,concentric,6,3.0,118399.0,288090.0,201765.0,273415.0,214539.0
2026-04-14 18:08:20.223795,765387,1609507593858766,5193827744,0.64416,-0.540704,-0.26352,8.12875,-45.9375,44.44125,4.152,26.808,-25.272001,concentric,6,3.0,118399.0,288090.0,201765.0,273415.0,214539.0
2026-04-14 18:08:20.240042,765388,1609507593873259,5193842813,0.64416,-0.540704,-0.26352,14.56,-47.425,45.66625,4.152,26.808,-25.272001,concentric,6,3.0,118399.0,288090.0,201765.0,273415.0,214539.0
2026-04-14 18:08:20.246387,765389,1609507593882212,5193851549,0.587552,-0.505568,-0.37088,18.26125,-48.69375,42.07875,5.784,26.856,-25.704,concentric,6,3.0,118399.0,288090.0,201765.0,273415.0,214539.0
2026-04-14 18:08:20.262671,765390,1609507593896844,5193866659,0.642208,-0.525088,-0.281088,20.615,-47.6,38.85875,6.248,27.144001,-23.784,concentric,6,3.0,118399.0,288090.0,201765.0,273415.0,214539.0
2026-04-14 18:08:20.270048,765391,1609507593905964,5193875349,0.642208,-0.525088,-0.281088,17.43,-46.0775,42.95375,6.248,27.144001,-23.784,concentric,6,3.0,118399.0,288090.0,201765.0,273415.0,214539.0
2026-04-14 18:08:20.280156,765392,1609507593915035,5193884013,0.609024,-0.603168,-0.452864,12.97625,-46.357502,44.59875,6.248,27.144001,-24.832,concentric,6,3.0,118399.0,288090.0,201765.0,273415.0,214539.0
2026-04-14 18:08:20.357982,765403,1609507593929588,5193899019,0.609024,-0.603168,-0.452864,4.8125,-47.013752,41.95625,7.000001,27.344002,-24.832,concentric,6,3.0,90913.0,268862.0,167827.0,256125.0,180003.0
2026-04-14 18:08:20.360480,765404,1609507593938532,5193907667,0.603168,-0.650016,-0.54656,3.33375,-46.655,41.50125,6.248,27.512001,-22.976002,concentric,6,3.0,90913.0,268862.0,167827.0,256125.0,180003.0
2026-04-14 18:08:20.362881,765405,1609507593953121,5193922562,0.603168,-0.650016,-0.54656,5.8625,-46.50625,40.59125,6.248,27.512001,-22.976002,concentric,6,3.0,90913.0,268862.0,167827.0,256125.0,180003.0
2026-04-14 18:08:20.367980,765406,1609507593962055,5193931262,0.548512,-0.620736,-0.50752,9.9575,-46.4975,37.54625,6.992,27.336,-21.976002,concentric,6,3.0,90913.0,268862.0,167827.0,256125.0,180003.0
2026-04-14 18:08:20.370518,765407,1609507593971026,5193939932,0.548512,-0.620736,-0.50752,16.1525,-45.465,37.0125,6.992,27.336,-21.976002,concentric,6,3.0,90913.0,268862.0,167827.0,256125.0,180003.0
2026-04-14 18:08:20.372892,765408,1609507593985573,5193954955,0.562176,-0.61488,-0.372832,14.945,-44.555,39.38375,8.328,27.456001,-23.464,concentric,6,3.0,90913.0,268862.0,167827.0,256125.0,180003.0
2026-04-14 18:08:20.375129,765409,1609507593994608,5193963669,0.562176,-0.61488,-0.372832,15.3475,-44.42375,41.01125,8.328,27.456001,-23.464,concentric,6,3.0,90913.0,268862.0,167827.0,256125.0,180003.0
2026-04-14 18:08:20.377941,765410,1609507594009194,5193978654,0.577792,-0.696864,-0.454816,13.895,-44.1175,40.81,8.992001,27.128002,-23.904001,concentric,6,3.0,90913.0,268862.0,167827.0,256125.0,180003.0
2026-04-14 18:08:20.410041,765421,1609507594018245,5193987641,0.612928,-0.67344,-0.38064,12.565,-45.01875,41.02,9.768001,26.928001,-23.328001,concentric,6,3.0,65045.0,245579.0,132908.0,235297.0,144598.0
2026-04-14 18:08:20.412145,765422,1609507594032892,5194002606,0.612928,-0.67344,-0.38064,13.055,-45.8675,40.6175,9.768001,26.928001,-23.328001,concentric,6,3.0,65045.0,245579.0,132908.0,235297.0,144598.0
2026-04-14 18:08:20.414722,765423,1609507594041821,5194011305,0.548512,-0.640256,-0.388448,11.85625,-46.5675,39.55,10.576,27.04,-23.016,concentric,6,3.0,65045.0,245579.0,132908.0,235297.0,144598.0
2026-04-14 18:08:20.417198,765424,1609507594050757,5194019988,0.548512,-0.640256,-0.388448,11.31375,-47.8975,39.20875,10.576,27.04,-23.016,concentric,6,3.0,65045.0,245579.0,132908.0,235297.0,144598.0
2026-04-14 18:08:20.428586,765425,1609507594065304,5194034990,0.50752,-0.665632,-0.25376,7.7525,-49.2625,40.8975,11.656,26.416,-23.480001,concentric,6,3.0,65045.0,245579.0,132908.0,235297.0,144598.0
2026-04-14 18:08:20.439755,765426,1609507594074311,5194043723,0.50752,-0.665632,-0.25376,5.22375,-51.31875,40.99375,11.656,26.416,-23.480001,concentric,6,3.0,65045.0,245579.0,132908.0,235297.0,144598.0
2026-04-14 18:08:20.454058,765427,1609507594088890,5194058605,0.501664,-0.739808,-0.337696,6.88625,-53.3225,42.28,12.944,26.728,-24.264002,concentric,6,3.0,65045.0,245579.0,132908.0,235297.0,144598.0
2026-04-14 18:08:20.463655,765428,1609507594097926,5194067469,0.464576,-0.720288,-0.544608,7.91875,-55.8775,44.7825,12.592001,26.960001,-21.472,concentric,6,3.0,65045.0,245579.0,132908.0,235297.0,144598.0
2026-04-14 18:08:20.470069,765429,1609507594106919,5194076197,0.464576,-0.720288,-0.544608,7.62125,-57.041252,45.98125,12.592001,26.960001,-21.472,concentric,6,3.0,65045.0,245579.0,132908.0,235297.0,144598.0
2026-04-14 18:08:20.522615,765440,1609507594121597,5194091195,0.431392,-0.630496,-0.50752,8.05875,-57.88125,47.29375,13.72,26.488,-21.632002,concentric,6,3.0,50145.0,212954.0,108991.0,206926.0,119482.0
2026-04-14 18:08:20.522792,765441,1609507594130618,5194099938,0.431392,-0.630496,-0.50752,11.55875,-58.59875,44.42375,13.72,26.488,-21.632002,concentric,6,3.0,50145.0,212954.0,108991.0,206926.0,119482.0
2026-04-14 18:08:20.522876,765442,1609507594145183,5194114917,0.376736,-0.689056,-0.40016,11.261251,-59.263752,41.90375,13.440001,26.576002,-20.640001,concentric,6,3.0,50145.0,212954.0,108991.0,206926.0,119482.0
2026-04-14 18:08:20.523089,765443,1609507594154310,5194123617,0.376736,-0.689056,-0.40016,12.66125,-61.39875,44.75625,13.440001,26.576002,-20.640001,concentric,6,3.0,50145.0,212954.0,108991.0,206926.0,119482.0
2026-04-14 18:08:20.533790,765444,1609507594168800,5194138553,0.33184,-0.737856,-0.392352,11.80375,-63.7525,46.095,14.712001,26.128002,-19.44,concentric,6,3.0,50145.0,212954.0,108991.0,206926.0,119482.0
2026-04-14 18:08:20.542396,765445,1609507594177914,5194147295,0.374784,-0.753472,-0.609024,11.41875,-64.89,47.8975,15.976001,26.072,-20.808,concentric,6,3.0,50145.0,212954.0,108991.0,206926.0,119482.0
2026-04-14 18:08:20.550054,765446,1609507594186995,5194156020,0.374784,-0.753472,-0.609024,10.675,-66.5525,49.6825,15.976001,26.072,-20.808,concentric,6,3.0,50145.0,212954.0,108991.0,206926.0,119482.0
2026-04-14 18:08:20.596281,765447,1609507594201494,5194170919,0.423584,-0.66368,-0.320128,10.17625,-68.5475,50.32125,17.328001,25.408,-20.488,concentric,6,3.0,50145.0,212954.0,108991.0,206926.0,119482.0
2026-04-14 18:08:20.599502,765448,1609507594210470,5194179608,0.423584,-0.66368,-0.320128,8.12,-69.92125,49.09625,17.328001,25.408,-20.488,concentric,6,3.0,50145.0,212954.0,108991.0,206926.0,119482.0
2026-04-14 18:08:20.628912,765459,1609507594225033,5194194964,0.359168,-0.782752,-0.347456,5.2325,-71.54875,46.515,17.28,25.752,-19.872002,concentric,6,3.0,40862.0,177502.0,91666.0,180877.0,99771.0
2026-04-14 18:08:20.631383,765460,1609507594234116,5194203730,0.359168,-0.782752,-0.347456,2.345,-72.8875,46.94375,17.28,25.752,-19.872002,concentric,6,3.0,40862.0,177502.0,91666.0,180877.0,99771.0
2026-04-14 18:08:20.633894,765461,1609507594243105,5194212464,0.382592,-0.835456,-0.493856,-3.465,-75.50375,48.37,18.28,25.424002,-20.84,concentric,6,3.0,40862.0,177502.0,91666.0,180877.0,99771.0
2026-04-14 18:08:20.636382,765462,1609507594257633,5194227414,0.38064,-0.796416,-0.57584,4.24375,-74.5325,54.3375,19.448002,24.392002,-19.776001,concentric,6,3.0,40862.0,177502.0,91666.0,180877.0,99771.0
2026-04-14 18:08:20.638887,765463,1609507594266591,5194236157,0.38064,-0.796416,-0.57584,10.5525,-74.1475,54.04,19.448002,24.392002,-19.776001,concentric,6,3.0,40862.0,177502.0,91666.0,180877.0,99771.0
2026-04-14 18:08:20.647671,765464,1609507594281102,5194251038,0.392352,-0.823744,-0.501664,-2.59875,-76.41375,52.7975,20.656,24.080002,-19.936,concentric,6,3.0,40862.0,177502.0,91666.0,180877.0,99771.0
2026-04-14 18:08:20.655138,765465,1609507594290020,5194259726,0.392352,-0.823744,-0.501664,-7.90125,-75.1975,52.47375,20.656,24.080002,-19.936,concentric,6,3.0,40862.0,177502.0,91666.0,180877.0,99771.0
2026-04-14 18:08:20.692370,765466,1609507594304647,5194274664,0.310368,-0.845216,-0.42944,-7.63,-75.45125,47.25,20.84,24.592001,-17.272001,concentric,6,3.0,40862.0,177502.0,91666.0,180877.0,99771.0
2026-04-14 18:08:20.694971,765467,1609507594313591,5194283331,0.310368,-0.845216,-0.42944,-4.80375,-75.915,44.35375,20.84,24.592001,-17.272001,concentric,6,3.0,40862.0,177502.0,91666.0,180877.0,99771.0
2026-04-14 18:08:20.740471,765478,1609507594322638,5194292074,0.160064,-0.8296,-0.776896,-2.0475,-75.18,45.045002,20.52,24.048,-16.880001,concentric,6,3.0,36115.0,177276.0,82771.0,182726.0,87797.0
2026-04-14 18:08:20.742598,765479,1609507594337184,5194307050,0.160064,-0.8296,-0.747616,-5.0225,-76.23,46.235,20.52,24.048,-16.880001,concentric,6,3.0,36115.0,177276.0,82771.0,182726.0,87797.0
2026-04-14 18:08:20.745007,765480,1609507594346119,5194315747,0.197152,-0.88816,-0.747616,-8.015,-77.0,45.42125,21.424002,23.536001,-17.880001,concentric,6,3.0,36115.0,177276.0,82771.0,182726.0,87797.0
2026-04-14 18:08:20.747415,765481,1609507594360889,5194330671,0.281088,-0.862784,-0.456768,-12.0575,-77.65625,45.49125,22.616001,22.992,-17.192001,concentric,6,3.0,36115.0,177276.0,82771.0,182726.0,87797.0
2026-04-14 18:08:20.750504,765482,1609507594369915,5194339367,0.281088,-0.862784,-0.456768,-13.825,-77.0525,46.41875,22.616001,22.992,-17.192001,concentric,6,3.0,36115.0,177276.0,82771.0,182726.0,87797.0
2026-04-14 18:08:20.753021,765483,1609507594378884,5194348073,0.15616,-0.91744,-0.757376,-14.86625,-76.5625,43.16375,23.472002,22.952002,-15.272,concentric,6,3.0,36115.0,177276.0,82771.0,182726.0,87797.0
2026-04-14 18:08:20.758029,765484,1609507594393416,5194363032,0.15616,-0.91744,-0.757376,-13.055,-75.652504,41.20375,23.472002,22.952002,-15.272,concentric,6,3.0,36115.0,177276.0,82771.0,182726.0,87797.0
2026-04-14 18:08:20.767956,765485,1609507594402365,5194371714,0.033184,-0.759328,-0.538752,-5.075,-74.0075,40.0925,24.648,22.384,-15.880001,concentric,6,3.0,36115.0,177276.0,82771.0,182726.0,87797.0
2026-04-14 18:08:20.787548,765486,1609507594417012,5194386624,0.033184,-0.759328,-0.538752,-4.41,-73.84125,39.99625,24.648,22.384,-15.880001,concentric,6,3.0,36115.0,177276.0,82771.0,182726.0,87797.0
2026-04-14 18:08:20.816059,765497,1609507594426156,5194395361,0.070272,-0.892064,-0.83936,-9.23125,-73.8325,40.3725,24.752,21.608002,-13.072001,concentric,6,3.0,33907.0,181910.0,78348.0,189093.0,81922.0
2026-04-14 18:08:20.819135,765498,1609507594435104,5194404092,0.070272,-0.892064,-0.83936,-19.04,-74.76,40.3375,24.752,21.608002,-13.072001,concentric,6,3.0,33907.0,181910.0,78348.0,189093.0,81922.0
2026-04-14 18:08:20.821718,765499,1609507594449607,5194418981,0.070272,-0.862784,-0.5856,-21.9275,-75.0925,41.4225,25.368002,21.536001,-15.176001,concentric,6,3.0,33907.0,181910.0,78348.0,189093.0,81922.0
2026-04-14 18:08:20.824159,765500,1609507594458552,5194427662,0.144448,-0.948672,-0.571936,-20.265,-73.3425,40.25875,25.368002,21.144001,-15.712001,concentric,6,3.0,33907.0,181910.0,78348.0,189093.0,81922.0
2026-04-14 18:08:20.836694,765501,1609507594473085,5194442586,0.144448,-0.948672,-0.571936,-18.96125,-71.6975,38.63125,25.688002,21.144001,-15.712001,concentric,6,3.0,33907.0,181910.0,78348.0,189093.0,81922.0
2026-04-14 18:08:20.847974,765502,1609507594482031,5194451356,-0.052704,-0.833504,-0.784704,-11.76875,-70.39375,40.67875,26.36,20.632002,-14.144001,concentric,6,3.0,33907.0,181910.0,78348.0,189093.0,81922.0
2026-04-14 18:08:20.861725,765503,1609507594496512,5194466282,-0.052704,-0.833504,-0.784704,-6.2475,-66.08,38.6225,26.36,20.632002,-14.144001,concentric,6,3.0,33907.0,181910.0,78348.0,189093.0,81922.0
2026-04-14 18:08:20.873173,765504,1609507594505574,5194474983,-0.148352,-0.798368,-0.669536,-4.94375,-63.5075,35.9625,27.656002,20.144001,-14.040001,concentric,6,3.0,33907.0,181910.0,78348.0,189093.0,81922.0
2026-04-14 18:08:20.879445,765505,1609507594514609,5194483656,-0.148352,-0.798368,-0.669536,-10.64875,-62.72,40.83625,27.656002,20.144001,-14.040001,concentric,6,3.0,33907.0,181910.0,78348.0,189093.0,81922.0
2026-04-14 18:08:20.913881,765516,1609507594529483,5194498627,-0.06832,-0.8296,-0.577792,-20.8775,-64.25125,45.01875,28.04,19.400002,-14.888001,concentric,6,3.0,34769.0,185483.0,80549.0,194080.0,82969.0
2026-04-14 18:08:20.916721,765517,1609507594538486,5194507428,-0.06832,-0.8296,-0.548512,-28.8575,-63.7175,38.1325,28.04,19.400002,-14.888001,concentric,6,3.0,34769.0,185483.0,80549.0,194080.0,82969.0
2026-04-14 18:08:20.918734,765518,1609507594553060,5194522360,-0.00976,-0.901824,-0.548512,-30.91375,-63.63,34.6675,27.104002,19.632002,-11.312,concentric,6,3.0,34769.0,185483.0,80549.0,194080.0,82969.0
2026-04-14 18:08:20.925209,765519,1609507594562048,5194531188,-0.11712,-0.921344,-0.835456,-28.76125,-60.83875,35.65625,28.032001,19.024,-13.128,concentric,6,3.0,34769.0,185483.0,80549.0,194080.0,82969.0
2026-04-14 18:08:20.935145,765520,1609507594570988,5194539886,-0.11712,-0.921344,-0.835456,-26.90625,-56.67375,32.1125,28.032001,19.024,-13.128,concentric,6,3.0,34769.0,185483.0,80549.0,194080.0,82969.0
2026-04-14 18:08:20.951386,765521,1609507594585584,5194554785,-0.05856,-0.954528,-0.862784,-24.7975,-53.08625,29.4525,29.272001,17.992,-13.6,concentric,6,3.0,34769.0,185483.0,80549.0,194080.0,82969.0
2026-04-14 18:08:20.958527,765522,1609507594594511,5194563451,-0.05856,-0.954528,-0.862784,-19.32,-47.25875,28.11375,29.272001,17.992,-13.6,concentric,6,3.0,34769.0,185483.0,80549.0,194080.0,82969.0
2026-04-14 18:08:20.973670,765523,1609507594609033,5194578408,-0.042944,-0.940864,-0.6344,-14.86625,-41.09,25.9,28.960001,18.416,-12.456,concentric,6,3.0,34769.0,185483.0,80549.0,194080.0,82969.0
2026-04-14 18:08:20.984220,765524,1609507594617962,5194587161,-0.042944,-0.940864,-0.6344,-10.47375,-35.3325,23.2575,28.960001,18.416,-12.456,concentric,6,3.0,34769.0,185483.0,80549.0,194080.0,82969.0
2026-04-14 18:08:21.014757,765535,1609507594632434,5194602171,-0.138592,-0.91744,-0.864736,-4.48,-29.365,21.09625,29.256,18.264,-12.864,eccentric,6,3.0,36810.0,186301.0,84521.0,194919.0,86347.0
2026-04-14 18:08:21.017347,765536,1609507594641385,5194610916,-0.134688,-0.831552,-0.70272,-1.155,-24.6225,19.4425,28.896002,17.864,-12.160001,eccentric,6,3.0,36810.0,186301.0,84521.0,194919.0,86347.0
2026-04-14 18:08:21.019814,765537,1609507594650318,5194619690,-0.134688,-0.831552,-0.70272,-3.15875,-21.04375,17.64,28.896002,17.864,-12.160001,eccentric,6,3.0,36810.0,186301.0,84521.0,194919.0,86347.0
2026-04-14 18:08:21.053949,765538,1609507594664821,5194634663,-0.093696,-0.901824,-0.66368,-7.7,-18.19125,15.79375,29.216002,17.672,-11.88,eccentric,6,3.0,36810.0,186301.0,84521.0,194919.0,86347.0
2026-04-14 18:08:21.081234,765539,1609507594673761,5194643363,-0.093696,-0.901824,-0.66368,-7.27125,-14.37625,14.245,29.216002,17.672,-11.88,eccentric,6,3.0,36810.0,186301.0,84521.0,194919.0,86347.0
2026-04-14 18:08:21.088635,765540,1609507594688269,5194658243,-0.160064,-0.823744,-0.671488,-2.30125,-10.22875,13.25625,30.136002,17.424002,-12.728001,eccentric,6,3.0,36810.0,186301.0,84521.0,194919.0,86347.0
2026-04-14 18:08:21.090707,765541,1609507594697209,5194666955,-0.160064,-0.823744,-0.671488,1.3825,-6.36125,12.25,30.136002,17.424002,-12.728001,eccentric,6,3.0,36810.0,186301.0,84521.0,194919.0,86347.0
2026-04-14 18:08:21.113661,765542,1609507594711707,5194681916,-0.193248,-0.81984,-0.745664,1.6975,-3.36875,10.57,30.04,16.864,-12.736001,eccentric,6,3.0,36810.0,186301.0,84521.0,194919.0,86347.0
2026-04-14 18:08:21.163740,765553,1609507594720872,5194690654,-0.206912,-0.788608,-0.657824,-2.45875,-1.6275,8.40875,29.968002,16.880001,-12.288,eccentric,6,3.0,36684.0,185301.0,84073.0,193940.0,86065.0
2026-04-14 18:08:21.166196,765554,1609507594729997,5194699415,-0.206912,-0.788608,-0.657824,-3.73625,-1.21625,6.7725,29.968002,16.880001,-12.288,eccentric,6,3.0,36684.0,185301.0,84073.0,193940.0,86065.0
2026-04-14 18:08:21.169771,765555,1609507594744474,5194714456,-0.122976,-0.8296,-0.737856,-3.21125,0.09625,5.88875,30.384,17.0,-12.64,eccentric,6,3.0,36684.0,185301.0,84073.0,193940.0,86065.0
2026-04-14 18:08:21.172630,765556,1609507594753393,5194723166,-0.122976,-0.8296,-0.737856,-3.0625,1.5225,4.585,30.384,17.0,-12.64,eccentric,6,3.0,36684.0,185301.0,84073.0,193940.0,86065.0
2026-04-14 18:08:21.174490,765557,1609507594767932,5194738139,-0.191296,-0.817888,-0.796416,-2.975,1.0675,3.4475,30.12,16.704,-12.896001,eccentric,6,3.0,36684.0,185301.0,84073.0,193940.0,86065.0
2026-04-14 18:08:21.177870,765558,1609507594776969,5194746856,-0.191296,-0.817888,-0.796416,-3.6225,0.98875,2.40625,30.12,16.704,-12.896001,eccentric,6,3.0,36684.0,185301.0,84073.0,193940.0,86065.0
2026-04-14 18:08:21.178524,765559,1609507594786073,5194755720,-0.093696,-0.825696,-0.571936,-5.145,0.56,0.9975,30.224,17.176,-11.864,eccentric,6,3.0,36684.0,185301.0,84073.0,193940.0,86065.0
2026-04-14 18:08:21.181320,765560,1609507594800827,5194770642,-0.154208,-0.833504,-0.646112,-7.70875,-0.42,-0.7525,30.224,17.52,-13.040001,eccentric,6,3.0,36684.0,185301.0,84073.0,193940.0,86065.0
2026-04-14 18:08:21.183804,765561,1609507594809851,5194779321,-0.154208,-0.833504,-0.646112,-11.54125,-0.88375,-2.09125,29.632002,17.52,-13.040001,eccentric,6,3.0,36684.0,185301.0,84073.0,193940.0,86065.0
2026-04-14 18:08:21.241495,765572,1609507594824936,5194794287,-0.16592,-0.823744,-0.691008,-13.02,-0.1575,-3.36,29.264002,17.400002,-12.128,eccentric,6,3.0,36648.0,184380.0,83895.0,192997.0,85938.0
2026-04-14 18:08:21.243854,765573,1609507594834055,5194803086,-0.16592,-0.823744,-0.691008,-10.31625,0.245,-3.63125,29.264002,17.400002,-12.128,eccentric,6,3.0,36648.0,184380.0,83895.0,192997.0,85938.0
2026-04-14 18:08:21.246739,765574,1609507594843020,5194811839,-0.101504,-0.884256,-0.813984,-9.485,0.88375,-4.515,28.944002,17.176,-11.992001,eccentric,6,3.0,36648.0,184380.0,83895.0,192997.0,85938.0
2026-04-14 18:08:21.249377,765575,1609507594857576,5194826785,-0.101504,-0.884256,-0.813984,-10.605001,1.575,-5.90625,28.944002,17.176,-11.992001,eccentric,6,3.0,36648.0,184380.0,83895.0,192997.0,85938.0
2026-04-14 18:08:21.251745,765576,1609507594866513,5194835451,-0.122976,-0.8296,-0.620736,-9.89625,2.9575,-7.14,29.320002,17.216002,-11.912001,eccentric,6,3.0,36648.0,184380.0,83895.0,192997.0,85938.0
2026-04-14 18:08:21.256033,765577,1609507594881027,5194850360,-0.076128,-0.847168,-0.681248,-7.58625,4.54125,-8.96875,29.320002,17.216002,-11.432,eccentric,6,3.0,36648.0,184380.0,83895.0,192997.0,85938.0
2026-04-14 18:08:21.256398,765578,1609507594889988,5194859097,-0.066368,-0.847168,-0.681248,-6.405,5.31125,-9.8525,29.336,17.576,-11.432,eccentric,6,3.0,36648.0,184380.0,83895.0,192997.0,85938.0
2026-04-14 18:08:21.268700,765579,1609507594904459,5194873986,-0.15616,-0.8784,-0.862784,-5.845,6.93,-10.94625,29.080002,17.576,-13.272,eccentric,6,3.0,36648.0,184380.0,83895.0,192997.0,85938.0
2026-04-14 18:08:21.279071,765580,1609507594913387,5194882668,-0.15616,-0.8784,-0.862784,-4.5675,9.135,-12.66125,29.080002,17.576,-13.272,eccentric,6,3.0,36648.0,184380.0,83895.0,192997.0,85938.0
2026-04-14 18:08:21.308811,765591,1609507594922808,5194891467,-0.109312,-0.841312,-0.691008,-2.485,11.38375,-14.02625,28.392002,17.44,-11.176001,eccentric,6,3.0,36576.0,182641.0,83458.0,191203.0,85782.0
2026-04-14 18:08:21.311717,765592,1609507594937698,5194906602,-0.109312,-0.841312,-0.691008,0.0175,14.0175,-15.02375,28.392002,17.44,-11.176001,eccentric,6,3.0,36576.0,182641.0,83458.0,191203.0,85782.0
2026-04-14 18:08:21.316712,765593,1609507594946668,5194915329,-0.158112,-0.847168,-0.866688,1.7325,17.29875,-17.29,28.848001,18.024,-12.52,eccentric,6,3.0,36576.0,182641.0,83458.0,191203.0,85782.0
2026-04-14 18:08:21.321735,765594,1609507594955952,5194926246,-0.158112,-0.847168,-0.866688,1.46125,18.90875,-19.2325,28.848001,18.024,-12.52,eccentric,6,3.0,36576.0,182641.0,83458.0,191203.0,85782.0
2026-04-14 18:08:21.334918,765595,1609507594970611,5194939090,-0.103456,-0.905728,-0.853024,-1.89,19.285,-21.385,29.808,17.896,-13.816001,eccentric,6,3.0,36576.0,182641.0,83458.0,191203.0,85782.0
2026-04-14 18:08:21.345464,765596,1609507594979950,5194949880,-0.103456,-0.905728,-0.853024,-4.03375,20.32625,-23.5725,29.808,17.896,-13.816001,eccentric,6,3.0,36576.0,182641.0,83458.0,191203.0,85782.0
2026-04-14 18:08:21.360124,765597,1609507594994439,5194962820,0.015616,-0.960384,-0.730048,-2.87875,24.36875,-25.3925,29.44,18.008001,-13.408001,eccentric,6,3.0,36576.0,182641.0,83458.0,191203.0,85782.0
2026-04-14 18:08:21.369098,765598,1609507595003718,5194973590,-0.119072,-0.923296,-0.892064,-1.575,29.19875,-27.27375,28.024002,18.432001,-14.416,eccentric,6,3.0,36576.0,182641.0,83458.0,191203.0,85782.0
2026-04-14 18:08:21.377484,765599,1609507595012717,5194982271,-0.119072,-0.923296,-0.892064,-0.28875,32.41,-28.70875,28.024002,18.432001,-14.416,eccentric,6,3.0,36576.0,182641.0,83458.0,191203.0,85782.0
2026-04-14 18:08:21.461055,765610,1609507595027350,5194997222,-0.033184,-0.872544,-0.8296,-0.6475,34.615,-29.89875,28.128002,18.056002,-14.912001,eccentric,6,3.0,36444.0,180066.0,82391.0,188242.0,85255.0
2026-04-14 18:08:21.463320,765611,1609507595036399,5195005982,-0.033184,-0.872544,-0.8296,-4.76,35.60375,-31.7275,28.128002,18.056002,-14.912001,eccentric,6,3.0,36444.0,180066.0,82391.0,188242.0,85255.0
2026-04-14 18:08:21.466083,765612,1609507595050920,5195020878,-0.066368,-0.872544,-0.823744,-14.096251,34.62375,-34.34375,27.856,18.904001,-13.960001,eccentric,6,3.0,36444.0,180066.0,82391.0,188242.0,85255.0
2026-04-14 18:08:21.468309,765613,1609507595059983,5195029561,-0.066368,-0.872544,-0.823744,-24.272501,33.41625,-37.51125,27.856,18.904001,-13.960001,eccentric,6,3.0,36444.0,180066.0,82391.0,188242.0,85255.0
2026-04-14 18:08:21.471095,765614,1609507595074473,5195044485,0.033184,-0.970144,-0.755424,-28.7875,33.53,-40.7575,27.688002,19.336,-13.648001,eccentric,6,3.0,36444.0,180066.0,82391.0,188242.0,85255.0
2026-04-14 18:08:21.473439,765615,1609507595083408,5195053216,0.007808,-0.923296,-0.862784,-25.62,37.135,-42.98,26.176,20.088001,-13.616,eccentric,6,3.0,36444.0,180066.0,82391.0,188242.0,85255.0
2026-04-14 18:08:21.474660,765616,1609507595092344,5195061908,0.007808,-0.923296,-0.862784,-21.525,42.76125,-44.03,26.176,20.088001,-13.616,eccentric,6,3.0,36444.0,180066.0,82391.0,188242.0,85255.0
2026-04-14 18:08:21.478427,765617,1609507595106998,5195076840,0.101504,-0.876448,-0.882304,-19.635,46.19125,-46.41,25.376001,20.584002,-15.416,eccentric,6,3.0,36444.0,180066.0,82391.0,188242.0,85255.0
2026-04-14 18:08:21.481096,765618,1609507595116061,5195085557,0.101504,-0.876448,-0.882304,-21.7875,50.72375,-48.5975,25.376001,20.584002,-15.416,eccentric,6,3.0,36444.0,180066.0,82391.0,188242.0,85255.0
2026-04-14 18:08:21.510371,765629,1609507595130608,5195100613,0.02928,-0.79056,-0.866688,-26.73125,56.56,-51.61625,25.488,20.472,-16.312,eccentric,6,3.0,36314.0,176233.0,81097.0,181818.0,84642.0
2026-04-14 18:08:21.513045,765630,1609507595139622,5195109311,0.02928,-0.79056,-0.866688,-32.45375,58.89625,-55.2825,25.488,20.472,-16.312,eccentric,6,3.0,36314.0,176233.0,81097.0,181818.0,84642.0
2026-04-14 18:08:21.515417,765631,1609507595148678,5195118062,0.033184,-0.905728,-0.919392,-37.8875,60.69875,-58.52,24.872002,20.656,-17.04,eccentric,6,3.0,36314.0,176233.0,81097.0,181818.0,84642.0
2026-04-14 18:08:21.527920,765632,1609507595163205,5195133185,0.095648,-0.923296,-0.964288,-35.77875,64.015,-59.57,24.872002,21.328001,-18.160002,eccentric,6,3.0,36314.0,176233.0,81097.0,181818.0,84642.0
2026-04-14 18:08:21.538926,765633,1609507595172346,5195141895,0.095648,-0.923296,-0.964288,-24.80625,67.2525,-59.605,25.448002,21.328001,-18.160002,eccentric,6,3.0,36314.0,176233.0,81097.0,181818.0,84642.0
2026-04-14 18:08:21.552950,765634,1609507595186913,5195156798,0.083936,-0.75152,-0.835456,-13.1075,71.68875,-59.54375,23.984001,21.824001,-17.776001,eccentric,6,3.0,36314.0,176233.0,81097.0,181818.0,84642.0
2026-04-14 18:08:21.562899,765635,1609507595195865,5195165493,0.083936,-0.75152,-0.835456,-3.36875,76.81625,-59.5175,23.984001,21.824001,-17.776001,eccentric,6,3.0,36314.0,176233.0,81097.0,181818.0,84642.0
2026-04-14 18:08:21.574967,765636,1609507595210498,5195180418,0.138592,-0.704672,-0.79056,-5.71375,80.22,-59.89375,23.512001,21.664001,-20.624,eccentric,6,3.0,36314.0,176233.0,81097.0,181818.0,84642.0
2026-04-14 18:08:21.585324,765637,1609507595219413,5195189255,0.138592,-0.704672,-0.79056,-16.275,81.96125,-62.57125,23.512001,21.664001,-20.624,eccentric,6,3.0,36314.0,176233.0,81097.0,181818.0,84642.0
2026-04-14 18:08:21.615057,765648,1609507595228547,5195198233,0.142496,-0.75152,-0.882304,-20.615,82.9675,-65.86125,22.824001,22.056002,-20.272001,eccentric,6,3.0,38139.0,175873.0,84078.0,180575.0,88644.0
2026-04-14 18:08:21.617537,765649,1609507595243327,5195213144,0.142496,-0.77104,-0.825696,-20.50125,83.615,-67.52375,22.824001,22.056002,-20.272001,eccentric,6,3.0,38139.0,175873.0,84078.0,180575.0,88644.0
2026-04-14 18:08:21.625020,765650,1609507595252381,5195221900,0.203008,-0.77104,-0.825696,-22.53125,81.8125,-68.2675,21.816002,22.544,-21.096,eccentric,6,3.0,38139.0,175873.0,84078.0,180575.0,88644.0
2026-04-14 18:08:21.633009,765651,1609507595266881,5195236812,0.304512,-0.802272,-0.845216,-23.03,80.57875,-67.3225,21.016,22.896002,-21.784,eccentric,6,3.0,38139.0,175873.0,84078.0,180575.0,88644.0
2026-04-14 18:08:21.641675,765652,1609507595275851,5195245525,0.304512,-0.802272,-0.845216,-24.053751,80.36,-67.4625,21.016,22.896002,-21.784,eccentric,6,3.0,38139.0,175873.0,84078.0,180575.0,88644.0
2026-04-14 18:08:21.654292,765653,1609507595284859,5195254255,0.33184,-0.735904,-0.573888,-22.98625,81.15625,-67.05125,18.576,23.824001,-18.776001,eccentric,6,3.0,38139.0,175873.0,84078.0,180575.0,88644.0
2026-04-14 18:08:21.664151,765654,1609507595299397,5195269227,0.33184,-0.735904,-0.573888,-16.58125,84.21,-65.82625,18.576,23.824001,-18.776001,eccentric,6,3.0,38139.0,175873.0,84078.0,180575.0,88644.0
2026-04-14 18:08:21.674151,765655,1609507595308354,5195277944,0.325984,-0.640256,-0.544608,-12.03125,84.90125,-67.8825,19.232,23.68,-22.696001,eccentric,6,3.0,38139.0,175873.0,84078.0,180575.0,88644.0
2026-04-14 18:08:21.711121,765666,1609507595322882,5195292902,0.325984,-0.640256,-0.544608,-14.39375,84.9275,-68.7225,19.232,23.68,-22.696001,eccentric,6,3.0,40950.0,175038.0,89128.0,179599.0,94645.0
2026-04-14 18:08:21.713614,765667,1609507595332125,5195301882,0.314272,-0.62464,-0.648064,-20.16,85.2425,-69.43125,18.304,23.824001,-24.76,eccentric,6,3.0,40950.0,175038.0,89128.0,179599.0,94645.0
2026-04-14 18:08:21.716756,765668,1609507595341265,5195310671,0.314272,-0.62464,-0.648064,-21.2625,86.09125,-69.55375,18.304,23.824001,-24.76,eccentric,6,3.0,40950.0,175038.0,89128.0,179599.0,94645.0
2026-04-14 18:08:21.722936,765669,1609507595355820,5195325583,0.306464,-0.665632,-0.845216,-25.03375,85.74125,-70.21875,15.768001,24.704,-23.160002,eccentric,6,3.0,40950.0,175038.0,89128.0,179599.0,94645.0
2026-04-14 18:08:21.728910,765670,1609507595364757,5195334296,0.327936,-0.685152,-0.745664,-29.47875,84.25375,-69.02,15.912001,24.456001,-23.376001,eccentric,6,3.0,40950.0,175038.0,89128.0,179599.0,94645.0
2026-04-14 18:08:21.745683,765671,1609507595379276,5195349206,0.327936,-0.685152,-0.745664,-31.1675,84.1925,-66.85875,15.912001,24.456001,-23.376001,eccentric,6,3.0,40950.0,175038.0,89128.0,179599.0,94645.0
2026-04-14 18:08:21.752330,765672,1609507595388346,5195357941,0.45872,-0.64416,-0.470432,-25.45375,85.53125,-63.5425,14.032001,25.128,-24.12,eccentric,6,3.0,40950.0,175038.0,89128.0,179599.0,94645.0
2026-04-14 18:08:21.789471,765673,1609507595402855,5195372838,0.45872,-0.64416,-0.470432,-18.83,86.1175,-61.15375,14.032001,25.128,-24.12,eccentric,6,3.0,40950.0,175038.0,89128.0,179599.0,94645.0
2026-04-14 18:08:21.814214,765674,1609507595411816,5195381588,0.50752,-0.579744,-0.587552,-20.0375,85.61875,-60.1125,13.304001,24.296001,-25.144001,eccentric,6,3.0,40950.0,175038.0,89128.0,179599.0,94645.0
2026-04-14 18:08:21.838873,765675,1609507595420799,5195390291,0.50752,-0.579744,-0.587552,-25.73375,89.38125,-59.115,13.304001,24.296001,-25.144001,eccentric,6,3.0,40950.0,175038.0,89128.0,179599.0,94645.0
2026-04-14 18:08:21.901086,765686,1609507595435407,5195405457,0.462624,-0.573888,-0.765184,-22.960001,92.56625,-61.1625,12.328001,24.720001,-25.536001,eccentric,6,3.0,47404.0,235094.0,100667.0,233966.0,107316.0
2026-04-14 18:08:21.903603,765687,1609507595444334,5195414220,0.462624,-0.573888,-0.6344,-19.64375,92.54,-65.26625,12.328001,24.720001,-25.536001,eccentric,6,3.0,47404.0,235094.0,100667.0,233966.0,107316.0
2026-04-14 18:08:21.906322,765688,1609507595458894,5195429102,0.415776,-0.528992,-0.6344,-18.82125,91.77875,-65.38875,11.312,25.032001,-25.384,eccentric,6,3.0,47404.0,235094.0,100667.0,233966.0,107316.0
2026-04-14 18:08:21.908689,765689,1609507595467794,5195437781,0.540704,-0.599264,-0.651968,-20.09,88.121254,-63.77,10.328,24.648,-26.624,eccentric,6,3.0,47404.0,235094.0,100667.0,233966.0,107316.0
2026-04-14 18:08:21.911084,765690,1609507595476721,5195446484,0.540704,-0.599264,-0.651968,-28.74375,83.615,-62.5975,10.328,24.648,-26.624,eccentric,6,3.0,47404.0,235094.0,100667.0,233966.0,107316.0
2026-04-14 18:08:21.913968,765691,1609507595491166,5195461359,0.5368,-0.45872,-0.550464,-26.13625,82.66125,-55.48375,9.104,24.632002,-26.776001,eccentric,6,3.0,47404.0,235094.0,100667.0,233966.0,107316.0
2026-04-14 18:08:21.916455,765692,1609507595500081,5195470087,0.5368,-0.45872,-0.550464,-20.36125,82.7575,-52.71,9.104,24.632002,-26.776001,eccentric,6,3.0,47404.0,235094.0,100667.0,233966.0,107316.0
2026-04-14 18:08:21.918843,765693,1609507595514617,5195483139,0.579744,-0.406016,-0.441152,-25.795,84.621254,-57.4,7.912,24.376001,-26.840002,eccentric,6,3.0,47404.0,235094.0,100667.0,233966.0,107316.0
2026-04-14 18:08:21.948732,765704,1609507595523977,5195493858,0.579744,-0.406016,-0.441152,-29.286251,87.00125,-59.78875,7.912,24.376001,-26.840002,eccentric,6,3.0,78687.0,297475.0,152147.0,285757.0,162647.0
2026-04-14 18:08:21.951231,765705,1609507595538591,5195508815,0.573888,-0.486048,-0.476288,-34.08125,86.38875,-60.03375,6.64,24.432001,-27.512001,eccentric,6,3.0,78687.0,297475.0,152147.0,285757.0,162647.0
2026-04-14 18:08:21.953811,765706,1609507595547594,5195517579,0.581696,-0.462624,-0.421632,-29.98625,85.26875,-56.665,5.384,24.736002,-27.080002,eccentric,6,3.0,78687.0,297475.0,152147.0,285757.0,162647.0
2026-04-14 18:08:21.956320,765707,1609507595556718,5195526296,0.581696,-0.462624,-0.421632,-22.79375,84.4375,-54.43375,5.384,24.736002,-27.080002,eccentric,6,3.0,78687.0,297475.0,152147.0,285757.0,162647.0
2026-04-14 18:08:21.958683,765708,1609507595571316,5195541276,0.538752,-0.366976,-0.499712,-9.1175,86.52,-49.30625,3.992,25.008001,-26.872002,eccentric,6,3.0,78687.0,297475.0,152147.0,285757.0,162647.0
2026-04-14 18:08:21.961285,765709,1609507595580304,5195549987,0.538752,-0.366976,-0.499712,-1.9775,85.95125,-44.65125,3.992,25.008001,-26.872002,eccentric,6,3.0,78687.0,297475.0,152147.0,285757.0,162647.0
2026-04-14 18:08:21.963868,765710,1609507595594850,5195564958,0.655872,-0.318176,-0.59536,-9.03,83.39625,-43.96,2.6,24.76,-27.304,eccentric,6,3.0,78687.0,297475.0,152147.0,285757.0,162647.0
2026-04-14 18:08:21.974977,765711,1609507595603864,5195573659,0.655872,-0.318176,-0.59536,-20.125,83.81625,-43.3825,2.6,24.76,-27.304,eccentric,6,3.0,78687.0,297475.0,152147.0,285757.0,162647.0
2026-04-14 18:08:21.977546,765712,1609507595612898,5195582382,0.708576,-0.372832,-0.601216,-30.33625,86.70375,-45.78875,1.312,24.592001,-27.328001,eccentric,6,3.0,78687.0,297475.0,152147.0,285757.0,162647.0
2026-04-14 18:08:22.014927,765723,1609507595627857,5195597317,0.661728,-0.441152,-0.491904,-27.125,88.24375,-48.125,1.336,24.36,-28.416002,eccentric,6,3.0,141618.0,324751.0,231674.0,308637.0,241022.0
2026-04-14 18:08:22.017425,765724,1609507595637028,5195606059,0.661728,-0.441152,-0.491904,-22.741251,88.340004,-50.82875,1.336,24.36,-28.416002,eccentric,6,3.0,141618.0,324751.0,231674.0,308637.0,241022.0
2026-04-14 18:08:22.019952,765725,1609507595651577,5195621184,0.74176,-0.511424,-0.564128,-14.5075,86.3275,-48.9475,0.296,24.336,-28.640001,eccentric,6,3.0,141618.0,324751.0,231674.0,308637.0,241022.0
2026-04-14 18:08:22.024753,765726,1609507595660574,5195629883,0.74176,-0.511424,-0.564128,-8.53125,88.3925,-42.28875,0.296,24.336,-28.640001,eccentric,6,3.0,141618.0,324751.0,231674.0,308637.0,241022.0
2026-04-14 18:08:22.033579,765727,1609507595669562,5195638751,0.72224,-0.228384,-0.226432,4.64625,89.18,-36.32125,-0.8,24.560001,-28.184002,eccentric,6,3.0,141618.0,324751.0,231674.0,308637.0,241022.0
2026-04-14 18:08:22.050089,765728,1609507595684075,5195653631,0.72224,-0.228384,-0.226432,14.74375,84.42875,-43.54875,-0.8,24.560001,-28.184002,eccentric,6,3.0,141618.0,324751.0,231674.0,308637.0,241022.0
2026-04-14 18:08:22.056398,765729,1609507595693215,5195662399,0.642208,-0.160064,-0.558272,9.948751,80.42125,-55.2825,-2.608,24.696001,-27.448002,eccentric,6,3.0,141618.0,324751.0,231674.0,308637.0,241022.0
2026-04-14 18:08:22.072690,765730,1609507595707802,5195677307,0.710528,-0.41968,-0.41968,-9.765,78.058754,-59.87625,-3.096,24.152,-30.152002,eccentric,6,3.0,141618.0,324751.0,231674.0,308637.0,241022.0
