pc_time,serial_num,sensor_ts,host_ts,ax,ay,az,gx,gy,gz,mx,my,mz,phase,rpe,weight_kg,ppg_a,ppg_b,ppg_c,ppg_d,ppg_e
2026-04-07 17:54:05.603455,279049,1515976791,1515978770,-1.052128,0.15616,0.115168,4.795,5.11,-6.3525,39.416,-3.944,56.456,concentric,3,3.0,21471.0,310594.0,279892.0,327159.0,287222.0
2026-04-07 17:54:05.606947,279050,1515985681,1515987450,-1.04432,0.148352,0.101504,4.50625,5.6,-6.5625,39.640003,-3.408,56.016003,concentric,3,3.0,21471.0,310594.0,279892.0,327159.0,287222.0
2026-04-07 17:54:05.609487,279051,1515994664,1515996140,-1.04432,0.148352,0.101504,4.64625,5.69625,-6.9825,39.640003,-3.408,56.016003,concentric,3,3.0,21471.0,310594.0,279892.0,327159.0,287222.0
2026-04-07 17:54:05.615732,279052,1516003643,1516004826,-1.036512,0.140544,0.0976,4.20875,5.915,-7.42875,39.168003,-3.192,57.056004,concentric,3,3.0,21471.0,310594.0,279892.0,327159.0,287222.0
2026-04-07 17:54:05.672080,279063,1516018533,1516019803,-1.036512,0.140544,0.0976,4.52375,6.1075,-7.25375,39.168003,-3.192,57.056004,concentric,3,3.0,21501.0,310817.0,280069.0,327357.0,287379.0
2026-04-07 17:54:05.675190,279064,1516027571,1516028662,-1.03456,0.148352,0.095648,4.97875,6.18625,-7.6125,39.640003,-3.256,56.184002,concentric,3,3.0,21501.0,310817.0,280069.0,327357.0,287379.0
2026-04-07 17:54:05.679518,279065,1516036515,1516037348,-1.03456,0.148352,0.095648,4.47125,7.1225,-7.46375,39.640003,-3.256,56.184002,concentric,3,3.0,21501.0,310817.0,280069.0,327357.0,287379.0
2026-04-07 17:54:05.681978,279066,1516051049,1516052351,-1.04432,0.15616,0.085888,3.4125,7.21875,-7.83125,39.448,-2.992,56.472004,concentric,3,3.0,21501.0,310817.0,280069.0,327357.0,287379.0
2026-04-07 17:54:05.684472,279067,1516060062,1516061060,-1.036512,0.158112,0.083936,3.0275,6.685,-7.69125,39.448,-2.992,57.384003,concentric,3,3.0,21501.0,310817.0,280069.0,327357.0,287379.0
2026-04-07 17:54:05.686975,279068,1516069005,1516069842,-1.036512,0.158112,0.083936,3.61375,7.06125,-7.4375,39.056004,-3.984,57.384003,concentric,3,3.0,21501.0,310817.0,280069.0,327357.0,287379.0
2026-04-07 17:54:05.717338,279069,1516083515,1516084740,-1.036512,0.160064,0.095648,3.4475,7.53375,-7.7875,38.872,-3.816,57.248,concentric,3,3.0,21501.0,310817.0,280069.0,327357.0,287379.0
2026-04-07 17:54:05.720735,279070,1516092468,1516093553,-1.036512,0.160064,0.095648,3.36875,8.085,-8.32125,38.872,-3.816,57.248,concentric,3,3.0,21501.0,310817.0,280069.0,327357.0,287379.0
2026-04-07 17:54:05.723329,279071,1516101400,1516102257,-1.030656,0.154208,0.099552,3.36875,8.61,-8.65375,39.504,-3.416,56.008003,concentric,3,3.0,21501.0,310817.0,280069.0,327357.0,287379.0
2026-04-07 17:54:05.725862,279072,1516110324,1516110967,-1.030656,0.154208,0.099552,3.92,9.44125,-8.96,39.504,-3.416,56.008003,concentric,3,3.0,21501.0,310817.0,280069.0,327357.0,287379.0
2026-04-07 17:54:05.750667,279082,1516125176,1516125936,-1.032608,0.160064,0.085888,3.28125,9.63375,-9.345,39.936,-3.16,56.112003,concentric,3,3.0,21469.0,310566.0,279872.0,327157.0,287176.0
2026-04-07 17:54:05.753342,279083,1516134651,1516136791,-1.032608,0.160064,0.085888,2.31,10.01875,-9.37125,39.936,-3.16,56.112003,concentric,3,3.0,21469.0,310566.0,279872.0,327157.0,287176.0
2026-04-07 17:54:05.755782,279084,1516143568,1516145542,-1.026752,0.152256,0.076128,1.18125,10.2025,-9.5725,39.800003,-3.288,55.944004,concentric,3,3.0,21469.0,310566.0,279872.0,327157.0,287176.0
2026-04-07 17:54:05.786059,279085,1516158038,1516158430,-1.026752,0.152256,0.076128,0.91,11.2525,-9.6425,39.800003,-3.288,55.944004,concentric,3,3.0,21469.0,310566.0,279872.0,327157.0,287176.0
2026-04-07 17:54:05.789581,279086,1516167279,1516169173,-1.040416,0.148352,0.062464,0.595,12.25,-9.38875,40.384003,-3.424,55.840004,concentric,3,3.0,21469.0,310566.0,279872.0,327157.0,287176.0
2026-04-07 17:54:05.792014,279087,1516176293,1516177868,-1.040416,0.148352,0.062464,1.18125,13.06375,-10.05375,40.384003,-3.424,55.840004,concentric,3,3.0,21469.0,310566.0,279872.0,327157.0,287176.0
2026-04-07 17:54:05.798826,279088,1516185317,1516186581,-1.026752,0.150304,0.060512,1.72375,13.2125,-9.86125,39.728,-3.312,56.232002,concentric,3,3.0,21469.0,310566.0,279872.0,327157.0,287176.0
2026-04-07 17:54:05.830999,279089,1516199821,1516201567,-1.026752,0.150304,0.060512,0.16625,14.4375,-11.17375,39.728,-3.312,56.232002,concentric,3,3.0,21469.0,310566.0,279872.0,327157.0,287176.0
2026-04-07 17:54:05.834505,279090,1516208756,1516210278,-1.065792,0.169824,0.089792,-2.695,14.665,-12.31125,40.056004,-3.144,56.800003,concentric,3,3.0,21469.0,310566.0,279872.0,327157.0,287176.0
2026-04-07 17:54:05.859684,279100,1516217983,1516219037,-1.065792,0.169824,0.089792,-0.02625,14.6825,-10.3775,40.056004,-3.144,56.800003,concentric,3,3.0,21436.0,310249.0,279683.0,327044.0,287077.0
2026-04-07 17:54:05.862064,279101,1516232705,1516234005,-1.05408,0.16592,0.06832,0.69125,14.3675,-10.7625,40.664,-2.952,54.936,concentric,3,3.0,21436.0,310249.0,279683.0,327044.0,287077.0
2026-04-07 17:54:05.867037,279102,1516241631,1516242712,-1.065792,0.13664,0.062464,-0.77875,14.79625,-9.975,40.392002,-2.64,55.896004,concentric,3,3.0,21436.0,310249.0,279683.0,327044.0,287077.0
2026-04-07 17:54:05.869491,279103,1516250635,1516251432,-1.065792,0.13664,0.062464,-1.21625,15.0675,-10.14125,40.392002,-2.64,55.896004,concentric,3,3.0,21436.0,310249.0,279683.0,327044.0,287077.0
2026-04-07 17:54:05.877557,279104,1516259589,1516260168,-1.065792,0.13664,0.062464,-0.9275,15.72375,-9.24875,40.392002,-2.64,55.896004,concentric,3,3.0,21436.0,310249.0,279683.0,327044.0,287077.0
2026-04-07 17:54:05.894527,279105,1516274667,1516275167,-1.050176,0.099552,0.042944,-0.07,15.51375,-9.87875,40.336002,-3.2,56.320004,concentric,3,3.0,21436.0,310249.0,279683.0,327044.0,287077.0
2026-04-07 17:54:05.897072,279106,1516284024,1516285923,-1.061888,0.132736,0.072224,-1.995,15.715,-12.2325,40.832,-2.4,55.296,concentric,3,3.0,21436.0,310249.0,279683.0,327044.0,287077.0
2026-04-07 17:54:05.927166,279107,1516292977,1516294630,-1.061888,0.132736,0.072224,1.3125,14.84875,-10.7975,40.832,-2.4,55.296,concentric,3,3.0,21436.0,310249.0,279683.0,327044.0,287077.0
2026-04-07 17:54:05.930719,279108,1516301950,1516303316,-1.048224,0.16592,0.072224,5.845,14.14875,-10.5,41.704002,-2.696,54.920002,concentric,3,3.0,21436.0,310249.0,279683.0,327044.0,287077.0
2026-04-07 17:54:05.958742,279119,1516316466,1516318675,-1.048224,0.16592,0.072224,5.0925,13.475,-9.03875,41.704002,-2.696,54.920002,concentric,3,3.0,21410.0,310239.0,279715.0,327147.0,287177.0
2026-04-07 17:54:05.960795,279120,1516325516,1516327391,-1.046272,0.138592,0.076128,1.33875,13.5975,-8.56625,40.336002,-2.872,55.096004,concentric,3,3.0,21410.0,310239.0,279715.0,327147.0,287177.0
2026-04-07 17:54:05.963300,279121,1516334488,1516336189,-1.046272,0.138592,0.076128,-1.02375,14.735,-8.14625,40.336002,-2.872,55.096004,concentric,3,3.0,21410.0,310239.0,279715.0,327147.0,287177.0
2026-04-07 17:54:05.965735,279122,1516349010,1516351166,-1.036512,0.11712,0.064416,-0.945,13.685,-7.83125,40.352,-3.008,57.256004,concentric,3,3.0,21410.0,310239.0,279715.0,327147.0,287177.0
2026-04-07 17:54:05.970760,279123,1516357956,1516359873,-1.036512,0.11712,0.064416,0.2275,13.265,-8.7325,40.352,-3.008,57.256004,concentric,3,3.0,21410.0,310239.0,279715.0,327147.0,287177.0
2026-04-07 17:54:05.988314,279124,1516366896,1516368582,-1.05408,0.130784,0.081984,0.735,13.011251,-10.17625,40.816,-3.44,56.072002,concentric,3,3.0,21410.0,310239.0,279715.0,327147.0,287177.0
2026-04-07 17:54:05.993323,279125,1516381394,1516383512,-1.05408,0.16592,0.08784,3.47375,12.43375,-9.49375,40.816,-3.44,56.072002,concentric,3,3.0,21410.0,310239.0,279715.0,327147.0,287177.0
2026-04-07 17:54:06.023608,279126,1516390356,1516392239,-1.046272,0.16592,0.08784,4.305,11.725,-10.115,40.624,-2.864,56.768,concentric,3,3.0,21410.0,310239.0,279715.0,327147.0,287177.0
2026-04-07 17:54:06.027128,279127,1516399342,1516400935,-1.046272,0.16592,0.08784,2.96625,11.76875,-9.56375,40.624,-2.864,56.768,concentric,3,3.0,21410.0,310239.0,279715.0,327147.0,287177.0
2026-04-07 17:54:06.029534,279128,1516413856,1516415808,-1.042368,0.148352,0.066368,-0.27125,12.0575,-9.56375,41.144,-2.448,54.592003,concentric,3,3.0,21410.0,310239.0,279715.0,327147.0,287177.0
2026-04-07 17:54:06.062028,279138,1516422955,1516424591,-1.056032,0.140544,0.066368,-2.54625,12.97625,-9.49375,40.896004,-2.6,54.728004,concentric,3,3.0,21369.0,310019.0,279517.0,326898.0,286928.0
2026-04-07 17:54:06.064621,279139,1516431989,1516433328,-1.056032,0.140544,0.066368,-4.55875,12.2675,-10.19375,40.896004,-2.6,54.728004,concentric,3,3.0,21369.0,310019.0,279517.0,326898.0,286928.0
2026-04-07 17:54:06.066979,279140,1516440904,1516442032,-1.056032,0.140544,0.066368,-4.66375,12.38125,-9.835,40.896004,-2.6,54.728004,concentric,3,3.0,21369.0,310019.0,279517.0,326898.0,286928.0
2026-04-07 17:54:06.069525,279141,1516455423,1516456963,-1.048224,0.119072,0.050752,-4.2525,12.1625,-10.10625,41.256,-2.56,54.176003,concentric,3,3.0,21369.0,310019.0,279517.0,326898.0,286928.0
2026-04-07 17:54:06.075787,279142,1516464442,1516465681,-1.048224,0.12688,0.052704,-3.5,12.74,-10.386251,40.776,-2.496,56.216003,concentric,3,3.0,21369.0,310019.0,279517.0,326898.0,286928.0
2026-04-07 17:54:06.084530,279143,1516473389,1516474497,-1.048224,0.12688,0.052704,-2.94,13.15125,-10.47375,40.776,-2.496,56.216003,concentric,3,3.0,21369.0,310019.0,279517.0,326898.0,286928.0
2026-04-07 17:54:06.119723,279144,1516487883,1516489396,-1.036512,0.1464,0.054656,-2.00375,13.39625,-10.0625,40.952003,-2.264,54.88,concentric,3,3.0,21369.0,310019.0,279517.0,326898.0,286928.0
2026-04-07 17:54:06.123290,279145,1516496801,1516498067,-1.036512,0.1464,0.054656,-2.9925,13.25625,-10.395,40.952003,-2.264,54.88,concentric,3,3.0,21369.0,310019.0,279517.0,326898.0,286928.0
2026-04-07 17:54:06.125846,279146,1516505702,1516506821,-1.04432,0.163968,0.050752,-4.29625,12.97625,-10.28125,41.88,-2.216,54.736004,concentric,3,3.0,21369.0,310019.0,279517.0,326898.0,286928.0
2026-04-07 17:54:06.153349,279156,1516520595,1516521960,-1.04432,0.163968,0.050752,-6.69375,13.72875,-10.1325,41.88,-2.216,54.736004,concentric,3,3.0,21393.0,310129.0,279595.0,327003.0,287023.0
2026-04-07 17:54:06.155776,279157,1516529699,1516530814,-1.040416,0.138592,0.035136,-10.12375,14.30625,-10.07125,41.576,-1.816,52.632004,concentric,3,3.0,21393.0,310129.0,279595.0,327003.0,287023.0
2026-04-07 17:54:06.158251,279158,1516538617,1516539549,-1.040416,0.138592,0.035136,-11.095,14.41125,-9.59875,41.576,-1.816,52.632004,concentric,3,3.0,21393.0,310129.0,279595.0,327003.0,287023.0
2026-04-07 17:54:06.160772,279159,1516547587,1516548281,-1.052128,0.12688,0.01952,-12.075,14.6475,-9.59875,41.896004,-1.816,54.680004,concentric,3,3.0,21393.0,310129.0,279595.0,327003.0,287023.0
2026-04-07 17:54:06.190987,279160,1516562504,1516563190,-1.048224,0.111264,-0.005856,-11.585,14.51625,-9.695,41.896004,-1.944,54.704002,concentric,3,3.0,21393.0,310129.0,279595.0,327003.0,287023.0
2026-04-07 17:54:06.195051,279161,1516571870,1516573934,-1.048224,0.111264,-0.005856,-11.54125,14.2975,-9.35375,41.584003,-1.944,54.704002,concentric,3,3.0,21393.0,310129.0,279595.0,327003.0,287023.0
2026-04-07 17:54:06.197253,279162,1516580812,1516582648,-1.048224,0.111264,-0.005856,-10.99875,14.7,-9.12625,41.584003,-1.944,54.704002,concentric,3,3.0,21393.0,310129.0,279595.0,327003.0,287023.0
2026-04-07 17:54:06.202053,279163,1516589698,1516591324,-1.05408,0.113216,0.007808,-10.2025,14.56875,-9.96625,42.384003,-1.584,53.536003,concentric,3,3.0,21393.0,310129.0,279595.0,327003.0,287023.0
2026-04-07 17:54:06.234656,279164,1516604219,1516606236,-1.042368,0.101504,0.021472,-7.72625,13.1425,-9.345,41.808002,-1.624,54.568,concentric,3,3.0,21393.0,310129.0,279595.0,327003.0,287023.0
2026-04-07 17:54:06.238264,279165,1516613151,1516614960,-1.042368,0.101504,0.021472,-6.37875,12.80125,-9.38,41.808002,-1.624,54.568,concentric,3,3.0,21393.0,310129.0,279595.0,327003.0,287023.0
2026-04-07 17:54:06.265732,279176,1516622159,1516623850,-1.042368,0.101504,0.037088,-3.45625,12.22375,-8.4875,41.808002,-1.624,54.568,concentric,3,3.0,21411.0,310432.0,279899.0,327351.0,287352.0
2026-04-07 17:54:06.268260,279177,1516636845,1516638835,-1.046272,0.128832,0.031232,-1.79375,11.99625,-7.6125,42.792004,-1.88,53.616,concentric,3,3.0,21411.0,310432.0,279899.0,327351.0,287352.0
2026-04-07 17:54:06.270733,279178,1516645846,1516647578,-1.04432,0.160064,0.03904,-1.75875,11.54125,-6.34375,42.2,-1.632,53.792004,concentric,3,3.0,21411.0,310432.0,279899.0,327351.0,287352.0
2026-04-07 17:54:06.273243,279179,1516654827,1516656314,-1.04432,0.160064,0.03904,-4.27,11.042501,-6.4575,42.2,-1.632,53.792004,concentric,3,3.0,21411.0,310432.0,279899.0,327351.0,287352.0
2026-04-07 17:54:06.303505,279180,1516669475,1516671406,-1.052128,0.150304,0.027328,-8.33875,10.78875,-5.59125,42.144,-1.408,53.536003,concentric,3,3.0,21411.0,310432.0,279899.0,327351.0,287352.0
2026-04-07 17:54:06.306984,279181,1516678419,1516680139,-1.052128,0.150304,0.027328,-11.80375,11.3925,-5.52125,42.144,-1.408,53.536003,concentric,3,3.0,21411.0,310432.0,279899.0,327351.0,287352.0
2026-04-07 17:54:06.309515,279182,1516687401,1516688829,-1.077504,0.140544,0.003904,-14.11375,11.33125,-5.635,42.592003,-0.816,53.496002,concentric,3,3.0,21411.0,310432.0,279899.0,327351.0,287352.0
2026-04-07 17:54:06.311969,279183,1516696337,1516697496,-1.077504,0.140544,0.003904,-15.1725,11.36625,-6.5275,42.592003,-0.816,53.496002,concentric,3,3.0,21411.0,310432.0,279899.0,327351.0,287352.0
2026-04-07 17:54:06.342304,279184,1516710843,1516712451,-1.077504,0.111264,-0.00976,-14.84875,11.2175,-7.02625,42.208,-1.248,54.536003,concentric,3,3.0,21411.0,310432.0,279899.0,327351.0,287352.0
2026-04-07 17:54:06.375753,279194,1516719763,1516721121,-1.077504,0.111264,-0.00976,-13.48375,10.75375,-7.0875,42.208,-1.248,54.536003,concentric,3,3.0,21446.0,310758.0,280140.0,327654.0,287610.0
2026-04-07 17:54:06.378266,279195,1516729125,1516729872,-1.069696,0.101504,-0.017568,-11.68125,10.99,-6.93,42.424004,-0.304,53.272003,concentric,3,3.0,21446.0,310758.0,280140.0,327654.0,287610.0
2026-04-07 17:54:06.380747,279196,1516744188,1516744856,-1.069696,0.099552,0.0,-10.94625,11.2,-6.48375,42.280003,-0.208,54.488003,concentric,3,3.0,21446.0,310758.0,280140.0,327654.0,287610.0
2026-04-07 17:54:06.383199,279197,1516753521,1516755627,-1.069696,0.099552,0.0,-11.12125,11.13,-6.125,42.280003,-0.208,54.488003,concentric,3,3.0,21446.0,310758.0,280140.0,327654.0,287610.0
2026-04-07 17:54:06.385740,279198,1516762527,1516764345,-1.069696,0.099552,0.0,-11.3575,11.12125,-5.67875,42.280003,-0.208,54.488003,concentric,3,3.0,21446.0,310758.0,280140.0,327654.0,287610.0
2026-04-07 17:54:06.388220,279199,1516771493,1516773069,-1.05408,0.099552,0.0,-11.8825,10.57875,-4.445,42.664,-0.312,53.896004,concentric,3,3.0,21446.0,310758.0,280140.0,327654.0,287610.0
2026-04-07 17:54:06.421140,279200,1516785999,1516788008,-1.040416,0.105408,0.003904,-13.011251,10.5525,-3.68375,42.280003,-1.008,54.336002,concentric,3,3.0,21446.0,310758.0,280140.0,327654.0,287610.0
2026-04-07 17:54:06.424597,279201,1516794966,1516796692,-1.040416,0.105408,0.003904,-15.05875,10.6925,-3.185,42.280003,-1.008,54.336002,concentric,3,3.0,21446.0,310758.0,280140.0,327654.0,287610.0
2026-04-07 17:54:06.427012,279202,1516803928,1516805425,-1.038464,0.11712,0.007808,-16.9225,10.57875,-2.93125,43.136,-0.48,52.904003,concentric,3,3.0,21446.0,310758.0,280140.0,327654.0,287610.0
2026-04-07 17:54:06.430769,279203,1516818412,1516820343,-1.038464,0.11712,0.007808,-17.84125,11.13875,-3.05375,43.136,-0.48,52.904003,concentric,3,3.0,21446.0,310758.0,280140.0,327654.0,287610.0
2026-04-07 17:54:06.457652,279213,1516827336,1516829082,-1.042368,0.124928,-0.007808,-19.53,11.71625,-3.3775,43.52,-0.176,52.912003,concentric,3,3.0,21426.0,310589.0,279985.0,327454.0,287396.0
2026-04-07 17:54:06.459247,279214,1516836417,1516837817,-1.042368,0.124928,-0.007808,-20.97375,11.57625,-3.63125,43.52,-0.176,52.912003,concentric,3,3.0,21426.0,310589.0,279985.0,327454.0,287396.0
2026-04-07 17:54:06.461228,279215,1516845356,1516846523,-1.026752,0.121024,-0.00976,-22.7325,11.6725,-4.41875,42.976,-0.048,57.4,concentric,3,3.0,21426.0,310589.0,279985.0,327454.0,287396.0
2026-04-07 17:54:06.491887,279216,1516859925,1516861460,-1.026752,0.121024,-0.00976,-24.22,11.62875,-5.075,42.976,-0.048,57.4,concentric,3,3.0,21426.0,310589.0,279985.0,327454.0,287396.0
2026-04-07 17:54:06.494148,279217,1516868882,1516870201,-1.022848,0.099552,-0.017568,-23.87875,11.235,-5.8275,43.544003,-0.136,52.184002,concentric,3,3.0,21426.0,310589.0,279985.0,327454.0,287396.0
2026-04-07 17:54:06.502712,279218,1516877796,1516878878,-1.022848,0.099552,-0.017568,-22.26875,11.585,-5.9325,43.544003,-0.136,52.184002,concentric,3,3.0,21426.0,310589.0,279985.0,327454.0,287396.0
2026-04-07 17:54:06.506225,279219,1516892294,1516893815,-1.028704,0.08784,-0.021472,-20.88625,11.34,-6.25625,43.320004,0.552,52.224003,concentric,3,3.0,21426.0,310589.0,279985.0,327454.0,287396.0
2026-04-07 17:54:06.534754,279220,1516901244,1516902548,-1.028704,0.08784,-0.021472,-19.17125,11.69,-6.29125,43.320004,0.552,52.224003,concentric,3,3.0,21426.0,310589.0,279985.0,327454.0,287396.0
2026-04-07 17:54:06.539337,279221,1516910159,1516911244,-1.032608,0.10736,-0.00976,-17.38625,10.94625,-6.23875,43.000004,0.192,52.064003,concentric,3,3.0,21426.0,310589.0,279985.0,327454.0,287396.0
2026-04-07 17:54:06.567505,279232,1516925193,1516926215,-1.05408,0.105408,-0.007808,-16.02125,9.6425,-5.52125,43.392002,0.928,51.648003,concentric,3,3.0,21246.0,309180.0,278789.0,326112.0,286139.0
2026-04-07 17:54:06.569247,279233,1516934204,1516934921,-1.05408,0.105408,-0.007808,-15.56625,9.485,-5.17125,43.392002,0.928,51.648003,concentric,3,3.0,21246.0,309180.0,278789.0,326112.0,286139.0
2026-04-07 17:54:06.570825,279234,1516943625,1516945718,-1.05408,0.105408,0.005856,-15.0675,9.3625,-5.69625,43.392002,0.928,51.648003,concentric,3,3.0,21246.0,309180.0,278789.0,326112.0,286139.0
2026-04-07 17:54:06.574895,279235,1516952610,1516954458,-1.042368,0.130784,0.005856,-13.4225,8.60125,-6.78125,43.552002,1.048,53.184002,concentric,3,3.0,21246.0,309180.0,278789.0,326112.0,286139.0
2026-04-07 17:54:06.581272,279236,1516967199,1516969377,-1.048224,0.13664,0.001952,-12.39875,8.32125,-6.8425,42.992,1.472,53.096,concentric,3,3.0,21246.0,309180.0,278789.0,326112.0,286139.0
2026-04-07 17:54:06.609812,279237,1516976134,1516978134,-1.048224,0.13664,0.001952,-13.2475,8.05875,-7.18375,42.992,1.472,53.096,concentric,3,3.0,21246.0,309180.0,278789.0,326112.0,286139.0
2026-04-07 17:54:06.614114,279238,1516985096,1516986823,-1.036512,0.091744,-0.003904,-14.4725,7.91875,-6.32625,43.952003,1.336,54.2,concentric,3,3.0,21246.0,309180.0,278789.0,326112.0,286139.0
2026-04-07 17:54:06.621372,279239,1516999601,1517001782,-1.036512,0.091744,-0.003904,-15.12,8.3825,-5.99375,43.952003,1.336,54.2,concentric,3,3.0,21246.0,309180.0,278789.0,326112.0,286139.0
2026-04-07 17:54:06.623802,279240,1517008556,1517010500,-1.046272,0.085888,-0.001952,-14.805,8.39125,-5.46,43.672,1.408,51.904003,concentric,3,3.0,21246.0,309180.0,278789.0,326112.0,286139.0
2026-04-07 17:54:06.663961,279241,1517017544,1517019244,-1.046272,0.085888,-0.001952,-13.886251,8.46125,-5.915,43.672,1.408,51.904003,concentric,3,3.0,21246.0,309180.0,278789.0,326112.0,286139.0
2026-04-07 17:54:06.689443,279251,1517026577,1517028012,-1.052128,0.0976,-0.013664,-12.95875,7.67375,-5.2325,43.936,1.504,52.064003,concentric,3,3.0,21300.0,309395.0,278950.0,326196.0,286183.0
2026-04-07 17:54:06.692000,279252,1517041108,1517042945,-1.052128,0.0976,-0.013664,-11.31375,7.90125,-4.50625,43.936,1.504,52.064003,concentric,3,3.0,21300.0,309395.0,278950.0,326196.0,286183.0
2026-04-07 17:54:06.694466,279253,1517050045,1517051660,-1.052128,0.11712,0.001952,-10.64,7.385,-4.12125,44.120003,1.672,51.888004,concentric,3,3.0,21300.0,309395.0,278950.0,326196.0,286183.0
2026-04-07 17:54:06.697046,279254,1517058998,1517060347,-1.052128,0.11712,0.001952,-11.2,7.28875,-3.66625,44.120003,1.672,51.888004,concentric,3,3.0,21300.0,309395.0,278950.0,326196.0,286183.0
2026-04-07 17:54:06.701989,279255,1517073625,1517075318,-1.036512,0.095648,-0.001952,-11.3225,7.30625,-3.22875,43.272003,1.392,52.72,concentric,3,3.0,21300.0,309395.0,278950.0,326196.0,286183.0
2026-04-07 17:54:06.704488,279256,1517082634,1517084030,-1.036512,0.095648,-0.001952,-11.94375,7.81375,-3.68375,43.272003,1.392,52.72,concentric,3,3.0,21300.0,309395.0,278950.0,326196.0,286183.0
2026-04-07 17:54:06.706948,279257,1517091676,1517092749,-1.048224,0.0976,0.00976,-11.78625,7.3675,-4.22625,43.872,1.248,52.760002,concentric,3,3.0,21300.0,309395.0,278950.0,326196.0,286183.0
2026-04-07 17:54:06.737332,279258,1517106264,1517107701,-1.03456,0.101504,0.005856,-10.59625,7.39375,-4.52375,43.688004,1.912,51.896004,concentric,3,3.0,21300.0,309395.0,278950.0,326196.0,286183.0
2026-04-07 17:54:06.740819,279259,1517115190,1517116401,-1.03456,0.101504,0.005856,-9.1875,6.8425,-4.305,43.688004,1.912,51.896004,concentric,3,3.0,21300.0,309395.0,278950.0,326196.0,286183.0
2026-04-07 17:54:06.765664,279269,1517124540,1517125208,-1.03456,0.101504,0.005856,-8.417501,6.64125,-4.2175,43.688004,1.912,51.896004,concentric,3,3.0,21386.0,310057.0,279468.0,326761.0,286665.0
2026-04-07 17:54:06.768255,279270,1517133873,1517136087,-1.059936,0.105408,-0.015616,-8.91625,7.06125,-4.1825,44.368004,1.608,49.984,concentric,3,3.0,21386.0,310057.0,279468.0,326761.0,286665.0
2026-04-07 17:54:06.770822,279271,1517148482,1517148973,-1.06384,0.115168,-0.015616,-9.0125,7.00875,-4.48875,44.184002,1.712,51.832,concentric,3,3.0,21386.0,310057.0,279468.0,326761.0,286665.0
2026-04-07 17:54:06.773206,279272,1517157856,1517159761,-1.06384,0.115168,-0.015616,-7.25375,6.195,-5.29375,44.184002,1.712,51.832,concentric,3,3.0,21386.0,310057.0,279468.0,326761.0,286665.0
2026-04-07 17:54:06.779552,279273,1517166866,1517168467,-1.06384,0.111264,0.001952,-5.705,5.60875,-5.50375,44.472004,2.152,51.576004,concentric,3,3.0,21386.0,310057.0,279468.0,326761.0,286665.0
2026-04-07 17:54:06.809599,279274,1517175854,1517177165,-1.06384,0.111264,0.001952,-4.73375,4.97875,-5.3725,44.472004,2.152,51.576004,concentric,3,3.0,21386.0,310057.0,279468.0,326761.0,286665.0
2026-04-07 17:54:06.813266,279275,1517190377,1517192108,-1.056032,0.101504,-0.005856,-3.87625,4.31375,-5.03125,43.504,2.16,51.184002,concentric,3,3.0,21386.0,310057.0,279468.0,326761.0,286665.0
2026-04-07 17:54:06.815727,279276,1517199291,1517200804,-1.056032,0.101504,-0.005856,-2.77375,4.6375,-4.68125,43.504,2.16,51.184002,concentric,3,3.0,21386.0,310057.0,279468.0,326761.0,286665.0
2026-04-07 17:54:06.820935,279277,1517208243,1517209497,-1.056032,0.105408,-0.00976,-1.44375,4.57625,-5.425,44.024002,1.88,51.512,concentric,3,3.0,21386.0,310057.0,279468.0,326761.0,286665.0
2026-04-07 17:54:06.877022,279288,1517222717,1517224373,-1.056032,0.105408,-0.00976,-0.2975,4.15625,-4.97875,44.024002,1.88,51.512,concentric,3,3.0,21402.0,310221.0,279576.0,326831.0,286710.0
2026-04-07 17:54:06.879521,279289,1517232563,1517233200,-1.06384,0.128832,-0.007808,0.105,3.68375,-4.9875,44.52,1.952,50.72,concentric,3,3.0,21402.0,310221.0,279576.0,326831.0,286710.0
2026-04-07 17:54:06.881974,279290,1517242055,1517244370,-1.06384,0.128832,-0.007808,0.42,2.19625,-4.2,44.52,1.952,50.72,concentric,3,3.0,21402.0,310221.0,279576.0,326831.0,286710.0
2026-04-07 17:54:06.884503,279291,1517251236,1517253105,-1.071648,0.121024,0.003904,-0.35875,2.02125,-4.1825,44.064003,1.92,52.192,concentric,3,3.0,21402.0,310221.0,279576.0,326831.0,286710.0
2026-04-07 17:54:06.886983,279292,1517265780,1517268023,-1.08336,0.130784,-0.017568,0.35875,1.26,-3.21125,44.064003,1.872,53.456,concentric,3,3.0,21402.0,310221.0,279576.0,326831.0,286710.0
2026-04-07 17:54:06.889428,279293,1517274754,1517276715,-1.08336,0.130784,-0.017568,1.40875,0.56,-3.605,43.808002,1.872,53.456,concentric,3,3.0,21402.0,310221.0,279576.0,326831.0,286710.0
2026-04-07 17:54:06.895750,279294,1517283735,1517285509,-1.08336,0.130784,-0.017568,1.70625,0.04375,-4.10375,43.808002,1.872,53.456,concentric,3,3.0,21402.0,310221.0,279576.0,326831.0,286710.0
2026-04-07 17:54:06.926016,279295,1517292760,1517294209,-1.067744,0.121024,-0.00976,2.94875,0.44625,-4.2175,43.968002,1.544,52.296,concentric,3,3.0,21402.0,310221.0,279576.0,326831.0,286710.0
2026-04-07 17:54:06.929522,279296,1517307247,1517309114,-1.056032,0.105408,-0.015616,3.50875,0.00875,-4.48875,44.224003,2.048,50.608,concentric,3,3.0,21402.0,310221.0,279576.0,326831.0,286710.0
2026-04-07 17:54:06.931988,279297,1517316282,1517317820,-1.056032,0.105408,-0.015616,4.585,0.2625,-4.69875,44.224003,2.048,50.608,concentric,3,3.0,21402.0,310221.0,279576.0,326831.0,286710.0
2026-04-07 17:54:06.956965,279307,1517325642,1517326634,-1.056032,0.105408,-0.015616,4.82125,-0.42875,-4.17375,44.224003,2.048,50.608,concentric,3,3.0,21425.0,310488.0,279822.0,327146.0,286952.0
2026-04-07 17:54:06.959528,279308,1517340362,1517341609,-1.06384,0.12688,-0.001952,5.03125,-0.90125,-3.63125,44.608,1.864,52.384003,concentric,3,3.0,21425.0,310488.0,279822.0,327146.0,286952.0
2026-04-07 17:54:06.962000,279309,1517349276,1517350340,-1.06384,0.132736,-0.007808,3.92,-1.46125,-2.58125,44.696003,1.6,52.24,concentric,3,3.0,21425.0,310488.0,279822.0,327146.0,286952.0
2026-04-07 17:54:06.968242,279310,1517358236,1517359058,-1.06384,0.132736,-0.007808,2.2225,-1.5575,-1.28625,44.696003,1.6,52.24,concentric,3,3.0,21425.0,310488.0,279822.0,327146.0,286952.0
2026-04-07 17:54:06.998470,279311,1517367159,1517367764,-1.069696,0.122976,-0.005856,0.4725,-0.9275,-1.09375,44.52,1.712,51.968002,concentric,3,3.0,21425.0,310488.0,279822.0,327146.0,286952.0
2026-04-07 17:54:07.002067,279312,1517381932,1517382663,-1.069696,0.122976,-0.005856,-0.72625,-0.51625,-1.37375,44.52,1.712,51.968002,concentric,3,3.0,21425.0,310488.0,279822.0,327146.0,286952.0
2026-04-07 17:54:07.004489,279313,1517391329,1517393403,-1.069696,0.12688,-0.017568,-0.95375,-1.11125,-1.8725,44.584003,1.76,52.136,concentric,3,3.0,21425.0,310488.0,279822.0,327146.0,286952.0
2026-04-07 17:54:07.034737,279314,1517400261,1517402091,-1.069696,0.12688,-0.017568,-0.7875,-1.6275,-1.855,44.584003,1.76,52.136,concentric,3,3.0,21425.0,310488.0,279822.0,327146.0,286952.0
2026-04-07 17:54:07.038293,279315,1517414849,1517417006,-1.061888,0.115168,-0.027328,-0.09625,-1.88125,-2.59,44.04,1.264,53.768,concentric,3,3.0,21425.0,310488.0,279822.0,327146.0,286952.0
2026-04-07 17:54:07.063335,279325,1517423828,1517425747,-1.061888,0.115168,-0.027328,1.3125,-1.505,-3.605,44.04,1.264,53.768,concentric,3,3.0,21450.0,310841.0,280152.0,327554.0,287313.0
2026-04-07 17:54:07.065777,279326,1517433228,1517434508,-1.05408,0.113216,-0.025376,2.5025,-1.30375,-3.45625,44.184002,1.44,52.616,concentric,3,3.0,21450.0,310841.0,280152.0,327554.0,287313.0
2026-04-07 17:54:07.068245,279327,1517442343,1517443264,-1.05408,0.113216,-0.025376,3.115,-1.79375,-3.9025,44.184002,1.44,52.616,concentric,3,3.0,21450.0,310841.0,280152.0,327554.0,287313.0
2026-04-07 17:54:07.070730,279328,1517456834,1517458223,-1.040416,0.115168,-0.023424,2.94,-2.3275,-3.64,43.480003,0.768,54.824,concentric,3,3.0,21450.0,310841.0,280152.0,327554.0,287313.0
2026-04-07 17:54:07.100955,279329,1517465766,1517466922,-1.040416,0.115168,-0.023424,2.19625,-2.6775,-3.3075,43.480003,0.768,54.824,concentric,3,3.0,21450.0,310841.0,280152.0,327554.0,287313.0
2026-04-07 17:54:07.104462,279330,1517474695,1517475632,-1.050176,0.148352,-0.00976,2.17875,-2.6775,-2.91375,43.568,1.496,53.480003,concentric,3,3.0,21450.0,310841.0,280152.0,327554.0,287313.0
2026-04-07 17:54:07.106986,279331,1517489159,1517490593,-1.050176,0.162016,0.003904,1.085,-2.8175,-2.54625,44.640003,1.6,52.960003,concentric,3,3.0,21450.0,310841.0,280152.0,327554.0,287313.0
2026-04-07 17:54:07.109464,279332,1517498044,1517499272,-1.050176,0.162016,0.003904,-1.49625,-2.5725,-2.31,44.640003,1.6,52.960003,concentric,3,3.0,21450.0,310841.0,280152.0,327554.0,287313.0
2026-04-07 17:54:07.139885,279333,1517506989,1517508004,-1.069696,0.134688,-0.011712,-4.3575,-2.38,-2.42375,43.68,1.272,53.104004,concentric,3,3.0,21450.0,310841.0,280152.0,327554.0,287313.0
2026-04-07 17:54:07.143265,279334,1517521491,1517522900,-1.069696,0.134688,-0.011712,-7.04375,-1.58375,-3.19375,43.68,1.272,53.104004,concentric,3,3.0,21450.0,310841.0,280152.0,327554.0,287313.0
2026-04-07 17:54:07.173157,279345,1517530508,1517531705,-1.071648,0.11712,-0.025376,-7.525,-1.015,-4.05125,44.472004,1.792,53.248,concentric,3,3.0,21425.0,310675.0,280028.0,327467.0,287224.0
2026-04-07 17:54:07.175730,279346,1517539501,1517540421,-1.071648,0.11712,-0.025376,-4.76,-0.91875,-5.31125,44.472004,1.792,53.248,concentric,3,3.0,21425.0,310675.0,280028.0,327467.0,287224.0
2026-04-07 17:54:07.178221,279347,1517548526,1517549183,-1.05408,0.119072,-0.031232,-1.9075,-0.3675,-6.4925,43.792004,1.056,54.976,concentric,3,3.0,21425.0,310675.0,280028.0,327467.0,287224.0
2026-04-07 17:54:07.180828,279348,1517563390,1517564175,-1.05408,0.119072,-0.031232,-0.8575,0.02625,-6.2475,43.792004,1.056,54.976,concentric,3,3.0,21425.0,310675.0,280028.0,327467.0,287224.0
2026-04-07 17:54:07.183245,279349,1517572336,1517572981,-1.061888,0.122976,-0.023424,-2.66875,-0.00875,-5.41625,43.664,1.152,54.144,concentric,3,3.0,21425.0,310675.0,280028.0,327467.0,287224.0
2026-04-07 17:54:07.194474,279350,1517581708,1517583784,-1.061888,0.122976,-0.023424,-4.34,-0.35875,-4.45375,43.664,1.152,54.144,concentric,3,3.0,21425.0,310675.0,280028.0,327467.0,287224.0
2026-04-07 17:54:07.224807,279351,1517596275,1517596635,-1.069696,0.122976,-0.013664,-5.92375,-0.6475,-3.29,44.136,1.312,53.488003,concentric,3,3.0,21425.0,310675.0,280028.0,327467.0,287224.0
2026-04-07 17:54:07.228281,279352,1517605475,1517607362,-1.069696,0.122976,-0.013664,-7.20125,-0.63875,-2.6775,44.136,1.312,53.488003,concentric,3,3.0,21425.0,310675.0,280028.0,327467.0,287224.0
2026-04-07 17:54:07.230720,279353,1517614374,1517616057,-1.077504,0.148352,-0.007808,-7.51625,-0.8575,-2.26625,43.920002,1.76,52.952003,concentric,3,3.0,21425.0,310675.0,280028.0,327467.0,287224.0
2026-04-07 17:54:07.236225,279354,1517623312,1517624789,-1.077504,0.148352,-0.007808,-8.46125,-0.7525,-2.00375,43.920002,1.76,52.952003,concentric,3,3.0,21425.0,310675.0,280028.0,327467.0,287224.0
2026-04-07 17:54:07.260678,279364,1517637888,1517639779,-1.085312,0.150304,-0.013664,-9.80875,-0.20125,-2.05625,44.4,2.136,53.104004,concentric,3,3.0,21361.0,310082.0,279557.0,326899.0,286754.0
2026-04-07 17:54:07.263277,279365,1517646890,1517648486,-1.085312,0.150304,-0.02928,-10.3425,0.39375,-2.4675,44.4,2.136,53.104004,concentric,3,3.0,21361.0,310082.0,279557.0,326899.0,286754.0
2026-04-07 17:54:07.266955,279366,1517655867,1517657223,-1.085312,0.1464,-0.02928,-10.465,0.385,-3.15,44.208004,1.528,52.280003,concentric,3,3.0,21361.0,310082.0,279557.0,326899.0,286754.0
2026-04-07 17:54:07.298600,279367,1517670348,1517672142,-1.0736,0.122976,-0.027328,-10.91125,0.5075,-3.64875,44.168003,1.832,54.208004,concentric,3,3.0,21361.0,310082.0,279557.0,326899.0,286754.0
2026-04-07 17:54:07.302118,279368,1517679274,1517680847,-1.0736,0.122976,-0.027328,-10.89375,1.3125,-4.4625,44.168003,1.832,54.208004,concentric,3,3.0,21361.0,310082.0,279557.0,326899.0,286754.0
2026-04-07 17:54:07.304516,279369,1517688186,1517689534,-1.069696,0.10736,-0.02928,-11.6375,2.28375,-5.43375,44.128002,2.2,52.624004,concentric,3,3.0,21361.0,310082.0,279557.0,326899.0,286754.0
2026-04-07 17:54:07.335634,279370,1517702710,1517704441,-1.069696,0.10736,-0.02928,-11.34,2.05625,-5.18875,44.128002,2.2,52.624004,concentric,3,3.0,21361.0,310082.0,279557.0,326899.0,286754.0
2026-04-07 17:54:07.337919,279371,1517711646,1517713132,-1.061888,0.11712,-0.017568,-11.095,1.6625,-4.50625,43.936,2.464,53.24,concentric,3,3.0,21361.0,310082.0,279557.0,326899.0,286754.0
2026-04-07 17:54:07.342682,279372,1517720576,1517721813,-1.061888,0.11712,-0.017568,-10.96375,1.75875,-4.13875,43.936,2.464,53.24,concentric,3,3.0,21361.0,310082.0,279557.0,326899.0,286754.0
2026-04-07 17:54:07.368222,279382,1517729670,1517730679,-1.077504,0.154208,-0.027328,-10.21125,1.715,-3.5175,44.416,2.52,53.064003,concentric,3,3.0,21257.0,309163.0,278762.0,326037.0,285918.0
2026-04-07 17:54:07.370726,279383,1517744213,1517745610,-1.077504,0.154208,-0.027328,-10.05375,2.2575,-3.28125,44.416,2.52,53.064003,concentric,3,3.0,21257.0,309163.0,278762.0,326037.0,285918.0
2026-04-07 17:54:07.373205,279384,1517753155,1517754305,-1.077504,0.148352,-0.025376,-12.06625,2.275,-3.19375,44.04,2.168,52.736004,concentric,3,3.0,21257.0,309163.0,278762.0,326037.0,285918.0
2026-04-07 17:54:07.375707,279385,1517762175,1517763012,-1.077504,0.148352,-0.025376,-13.60625,2.5725,-3.82375,44.04,2.168,52.736004,concentric,3,3.0,21257.0,309163.0,278762.0,326037.0,285918.0
2026-04-07 17:54:07.408488,279386,1517776682,1517777974,-1.081408,0.142496,-0.025376,-12.88,2.415,-4.12125,44.584003,3.216,52.584003,concentric,3,3.0,21257.0,309163.0,278762.0,326037.0,285918.0
2026-04-07 17:54:07.412007,279387,1517785579,1517786669,-1.081408,0.142496,-0.025376,-11.69,2.3625,-4.76875,44.584003,3.216,52.584003,concentric,3,3.0,21257.0,309163.0,278762.0,326037.0,285918.0
2026-04-07 17:54:07.415363,279388,1517794516,1517795354,-1.067744,0.115168,-0.03904,-10.395,2.59875,-5.22375,43.912003,2.296,52.760002,concentric,3,3.0,21257.0,309163.0,278762.0,326037.0,285918.0
2026-04-07 17:54:07.420872,279389,1517809043,1517810260,-1.065792,0.10736,-0.050752,-9.37125,2.44125,-5.67875,44.480003,2.584,53.752003,concentric,3,3.0,21257.0,309163.0,278762.0,326037.0,285918.0
2026-04-07 17:54:07.450956,279390,1517817987,1517818895,-1.065792,0.10736,-0.050752,-7.79625,2.35375,-6.475,44.480003,2.584,53.752003,concentric,3,3.0,21257.0,309163.0,278762.0,326037.0,285918.0
2026-04-07 17:54:07.489444,279401,1517826943,1517827582,-1.065792,0.10736,-0.050752,-5.8625,2.14375,-6.32625,44.480003,2.584,53.752003,concentric,3,3.0,21195.0,308709.0,278393.0,325637.0,285601.0
2026-04-07 17:54:07.491942,279402,1517836257,1517838374,-1.06384,0.119072,-0.027328,-4.52375,2.205,-5.87125,44.08,2.624,52.248,concentric,3,3.0,21195.0,308709.0,278393.0,325637.0,285601.0
2026-04-07 17:54:07.494458,279403,1517850779,1517851222,-1.056032,0.119072,-0.007808,-3.43875,2.1,-5.1975,43.968002,2.544,54.192,concentric,3,3.0,21195.0,308709.0,278393.0,325637.0,285601.0
2026-04-07 17:54:07.497047,279404,1517860097,1517861993,-1.056032,0.119072,-0.007808,-2.0125,1.96875,-3.92,43.968002,2.544,54.192,concentric,3,3.0,21195.0,308709.0,278393.0,325637.0,285601.0
2026-04-07 17:54:07.499451,279405,1517869064,1517870695,-1.067744,0.132736,0.013664,-1.505,2.58125,-3.5525,44.544003,2.752,53.128002,concentric,3,3.0,21195.0,308709.0,278393.0,325637.0,285601.0
2026-04-07 17:54:07.501941,279406,1517883589,1517885654,-1.067744,0.132736,0.013664,-1.56625,2.1525,-3.82375,44.544003,2.752,53.128002,concentric,3,3.0,21195.0,308709.0,278393.0,325637.0,285601.0
2026-04-07 17:54:07.504470,279407,1517892604,1517894406,-1.065792,0.140544,-0.001952,-0.49,1.6625,-3.63125,44.224003,2.672,53.112003,concentric,3,3.0,21195.0,308709.0,278393.0,325637.0,285601.0
2026-04-07 17:54:07.534634,279408,1517901553,1517903116,-1.065792,0.140544,-0.001952,0.49875,2.2575,-4.13875,44.224003,2.672,53.112003,concentric,3,3.0,21195.0,308709.0,278393.0,325637.0,285601.0
2026-04-07 17:54:07.538418,279409,1517910473,1517911808,-1.069696,0.144448,-0.001952,0.28875,3.15875,-4.92625,44.304,2.552,53.4,concentric,3,3.0,21195.0,308709.0,278393.0,325637.0,285601.0
2026-04-07 17:54:07.541952,279410,1517925093,1517926690,-1.069696,0.144448,-0.001952,-0.88375,4.59375,-4.97875,44.304,2.552,53.4,concentric,3,3.0,21195.0,308709.0,278393.0,325637.0,285601.0
2026-04-07 17:54:07.567996,279420,1517934187,1517935524,-1.077504,0.124928,-0.013664,-1.12,5.10125,-5.5125,44.552002,2.032,53.280003,concentric,3,3.0,21072.0,307654.0,277520.0,324665.0,284744.0
2026-04-07 17:54:07.569520,279421,1517943251,1517944298,-1.077504,0.124928,-0.013664,0.07875,4.935,-5.32,44.552002,2.032,53.280003,concentric,3,3.0,21072.0,307654.0,277520.0,324665.0,284744.0
2026-04-07 17:54:07.573711,279422,1517957844,1517959251,-1.04432,0.091744,0.001952,2.35375,4.41875,-5.0225,44.568,2.512,53.352,concentric,3,3.0,21072.0,307654.0,277520.0,324665.0,284744.0
2026-04-07 17:54:07.579963,279423,1517966759,1517967989,-1.04432,0.091744,0.001952,3.745,4.795,-5.36375,44.568,2.512,53.352,concentric,3,3.0,21072.0,307654.0,277520.0,324665.0,284744.0
2026-04-07 17:54:07.608381,279424,1517975714,1517976680,-1.040416,0.113216,0.011712,6.2125,5.04,-4.80375,44.224003,1.552,53.112003,concentric,3,3.0,21072.0,307654.0,277520.0,324665.0,284744.0
2026-04-07 17:54:07.612929,279425,1517990267,1517991563,-1.03456,0.122976,0.007808,6.37,5.20625,-4.48,44.272003,2.416,53.264004,concentric,3,3.0,21072.0,307654.0,277520.0,324665.0,284744.0
2026-04-07 17:54:07.614429,279426,1517999168,1518000335,-1.03456,0.122976,0.007808,3.465,5.0575,-3.71875,44.272003,2.416,53.264004,concentric,3,3.0,21072.0,307654.0,277520.0,324665.0,284744.0
2026-04-07 17:54:07.621325,279427,1518008238,1518009058,-1.03456,0.122976,0.007808,1.2075,4.935,-3.42125,44.272003,2.416,53.264004,concentric,3,3.0,21072.0,307654.0,277520.0,324665.0,284744.0
2026-04-07 17:54:07.653148,279428,1518017200,1518017756,-1.04432,0.122976,0.013664,2.10875,4.78625,-3.17625,44.512,2.328,51.72,concentric,3,3.0,21072.0,307654.0,277520.0,324665.0,284744.0
2026-04-07 17:54:07.680045,279438,1518032148,1518032810,-1.05408,0.138592,0.013664,2.835,4.9,-3.75375,44.488003,2.2,53.968002,concentric,3,3.0,21033.0,307310.0,277241.0,324353.0,284436.0
2026-04-07 17:54:07.681719,279439,1518041439,1518043613,-1.05408,0.138592,0.013664,4.10375,5.2325,-5.25875,44.488003,2.2,53.968002,concentric,3,3.0,21033.0,307310.0,277241.0,324353.0,284436.0
2026-04-07 17:54:07.684162,279440,1518050407,1518052361,-1.050176,0.13664,0.013664,5.46,5.08375,-6.2825,44.368004,2.104,54.568,concentric,3,3.0,21033.0,307310.0,277241.0,324353.0,284436.0
2026-04-07 17:54:07.686658,279441,1518065041,1518067290,-1.050176,0.13664,0.013664,5.41625,4.89125,-7.1225,44.368004,2.104,54.568,concentric,3,3.0,21033.0,307310.0,277241.0,324353.0,284436.0
2026-04-07 17:54:07.688165,279442,1518074038,1518076002,-1.059936,0.113216,-0.003904,5.52125,4.61125,-8.12,44.328003,1.688,54.784004,concentric,3,3.0,21033.0,307310.0,277241.0,324353.0,284436.0
2026-04-07 17:54:07.696158,279443,1518083003,1518084737,-1.059936,0.113216,-0.003904,6.76375,4.99625,-8.30375,44.328003,1.688,54.784004,concentric,3,3.0,21033.0,307310.0,277241.0,324353.0,284436.0
2026-04-07 17:54:07.724705,279444,1518091970,1518093440,-1.071648,0.119072,-0.001952,7.95375,5.215,-8.82,44.440002,1.712,53.768,concentric,3,3.0,21033.0,307310.0,277241.0,324353.0,284436.0
2026-04-07 17:54:07.728195,279445,1518106483,1518108326,-1.071648,0.119072,-0.001952,9.35375,4.24375,-9.695,44.440002,1.712,53.768,concentric,3,3.0,21033.0,307310.0,277241.0,324353.0,284436.0
2026-04-07 17:54:07.730716,279446,1518115411,1518117006,-1.069696,0.128832,0.007808,10.56125,4.0075,-9.44125,44.504,1.736,53.688004,concentric,3,3.0,21033.0,307310.0,277241.0,324353.0,284436.0
2026-04-07 17:54:07.737042,279447,1518124415,1518125758,-1.069696,0.128832,0.007808,11.08625,3.745,-8.89,44.504,1.736,53.688004,concentric,3,3.0,21033.0,307310.0,277241.0,324353.0,284436.0
2026-04-07 17:54:07.768150,279458,1518139076,1518141161,-1.085312,0.122976,0.015616,10.0625,3.29875,-9.00375,44.368004,2.2,54.088,concentric,3,3.0,20955.0,306524.0,276620.0,323648.0,283801.0
2026-04-07 17:54:07.770730,279459,1518148112,1518149867,-1.085312,0.122976,0.015616,10.89375,2.77375,-9.3625,44.368004,2.2,54.088,concentric,3,3.0,20955.0,306524.0,276620.0,323648.0,283801.0
2026-04-07 17:54:07.773211,279460,1518157128,1518158605,-1.087264,0.128832,0.021472,13.09,2.37125,-9.4325,44.800003,1.352,54.216003,concentric,3,3.0,20955.0,306524.0,276620.0,323648.0,283801.0
2026-04-07 17:54:07.803510,279461,1518171651,1518173501,-1.089216,0.132736,0.017568,14.25375,2.0825,-9.54625,44.624,1.368,53.848003,concentric,3,3.0,20955.0,306524.0,276620.0,323648.0,283801.0
2026-04-07 17:54:07.806974,279462,1518180566,1518182247,-1.089216,0.132736,0.017568,13.95625,2.345,-9.765,44.624,1.368,53.848003,concentric,3,3.0,20955.0,306524.0,276620.0,323648.0,283801.0
2026-04-07 17:54:07.809480,279463,1518189526,1518190939,-1.089216,0.132736,0.02928,12.22375,2.4675,-9.695,44.624,1.368,53.848003,concentric,3,3.0,20955.0,306524.0,276620.0,323648.0,283801.0
2026-04-07 17:54:07.811975,279464,1518198456,1518199627,-1.09312,0.132736,0.02928,9.84375,2.63375,-9.12625,44.256,1.84,54.872,concentric,3,3.0,20955.0,306524.0,276620.0,323648.0,283801.0
2026-04-07 17:54:07.842146,279465,1518212936,1518214563,-1.100928,0.13664,0.050752,6.895,2.485,-8.9075,44.888,2.128,53.672,concentric,3,3.0,20955.0,306524.0,276620.0,323648.0,283801.0
2026-04-07 17:54:07.845704,279466,1518221894,1518223233,-1.100928,0.13664,0.050752,4.54125,2.3625,-8.4875,44.888,2.128,53.672,concentric,3,3.0,20955.0,306524.0,276620.0,323648.0,283801.0
2026-04-07 17:54:07.870805,279476,1518230903,1518232013,-1.108736,0.130784,0.017568,2.31,2.26625,-8.40875,44.504,1.744,54.680004,concentric,3,3.0,20972.0,306718.0,276711.0,323699.0,283804.0
2026-04-07 17:54:07.873315,279477,1518245513,1518247006,-1.108736,0.130784,0.017568,0.77,2.24,-8.19,44.504,1.744,54.680004,concentric,3,3.0,20972.0,306718.0,276711.0,323699.0,283804.0
2026-04-07 17:54:07.876122,279478,1518254466,1518255732,-1.114592,0.119072,-0.013664,-0.1225,2.415,-8.65375,44.824,0.96,54.320004,concentric,3,3.0,20972.0,306718.0,276711.0,323699.0,283804.0
2026-04-07 17:54:07.878624,279479,1518263449,1518264534,-1.114592,0.119072,-0.013664,0.385,2.24,-9.415,44.824,0.96,54.320004,concentric,3,3.0,20972.0,306718.0,276711.0,323699.0,283804.0
2026-04-07 17:54:07.927143,279480,1518277994,1518279448,-1.116544,0.119072,-0.015616,1.18125,2.14375,-9.0125,44.512,1.704,54.184002,concentric,3,3.0,20972.0,306718.0,276711.0,323699.0,283804.0
2026-04-07 17:54:07.930758,279481,1518286943,1518288136,-1.116544,0.119072,-0.015616,1.79375,1.75875,-9.205,44.512,1.704,54.184002,concentric,3,3.0,20972.0,306718.0,276711.0,323699.0,283804.0
2026-04-07 17:54:07.933220,279482,1518295812,1518296905,-1.108736,0.11712,0.01952,3.66625,1.26875,-8.58375,44.176003,1.68,53.976,concentric,3,3.0,20972.0,306718.0,276711.0,323699.0,283804.0
2026-04-07 17:54:07.935693,279483,1518304716,1518305594,-1.108736,0.11712,0.01952,6.3175,0.7875,-8.32125,44.176003,1.68,53.976,concentric,3,3.0,20972.0,306718.0,276711.0,323699.0,283804.0
2026-04-07 17:54:07.938342,279484,1518319206,1518320494,-1.106784,0.130784,0.035136,7.49875,0.63875,-8.89875,44.632004,1.768,54.376003,concentric,3,3.0,20972.0,306718.0,276711.0,323699.0,283804.0
2026-04-07 17:54:07.940780,279485,1518328136,1518329229,-1.106784,0.130784,0.035136,7.0875,0.455,-8.86375,44.632004,1.768,54.376003,concentric,3,3.0,20972.0,306718.0,276711.0,323699.0,283804.0
2026-04-07 17:54:07.965686,279495,1518337121,1518338079,-1.100928,0.13664,0.035136,5.67,-0.0175,-8.32125,44.944,1.784,54.128002,concentric,3,3.0,20957.0,306521.0,276608.0,323639.0,283828.0
2026-04-07 17:54:07.968237,279496,1518351666,1518353018,-1.091168,0.119072,0.017568,3.885,0.27125,-8.015,45.104004,2.032,53.696003,concentric,3,3.0,20957.0,306521.0,276608.0,323639.0,283828.0
2026-04-07 17:54:07.973232,279497,1518360620,1518361750,-1.091168,0.119072,0.017568,2.45875,0.56,-7.4375,45.104004,2.032,53.696003,concentric,3,3.0,20957.0,306521.0,276608.0,323639.0,283828.0
2026-04-07 17:54:08.003337,279498,1518369602,1518370471,-1.091168,0.119072,0.017568,1.63625,0.735,-7.42,45.104004,2.032,53.696003,concentric,3,3.0,20957.0,306521.0,276608.0,323639.0,283828.0
2026-04-07 17:54:08.006955,279499,1518384132,1518385381,-1.095072,0.12688,0.001952,2.2225,0.525,-7.88375,44.272003,1.52,54.096,concentric,3,3.0,20957.0,306521.0,276608.0,323639.0,283828.0
2026-04-07 17:54:08.009432,279500,1518393033,1518394104,-1.085312,0.121024,0.013664,3.9025,0.35875,-7.77,44.912003,1.432,54.688004,concentric,3,3.0,20957.0,306521.0,276608.0,323639.0,283828.0
2026-04-07 17:54:08.015666,279501,1518401969,1518402791,-1.085312,0.121024,0.013664,3.66625,1.085,-7.49,44.912003,1.432,54.688004,concentric,3,3.0,20957.0,306521.0,276608.0,323639.0,283828.0
2026-04-07 17:54:08.046018,279502,1518416494,1518417740,-1.071648,0.115168,0.031232,3.4825,1.155,-7.98,44.104004,1.08,56.352,concentric,3,3.0,20957.0,306521.0,276608.0,323639.0,283828.0
2026-04-07 17:54:08.048289,279503,1518425375,1518426464,-1.071648,0.115168,0.031232,3.4475,0.6825,-7.07875,44.104004,1.08,56.352,concentric,3,3.0,20957.0,306521.0,276608.0,323639.0,283828.0
2026-04-07 17:54:08.080687,279514,1518434393,1518435181,-1.071648,0.119072,0.042944,3.15,1.35625,-6.965,44.392002,1.056,54.760002,concentric,3,3.0,21023.0,307128.0,277072.0,324158.0,284295.0
2026-04-07 17:54:08.083215,279515,1518443310,1518443873,-1.071648,0.119072,0.042944,2.205,1.3825,-7.07,44.392002,1.056,54.760002,concentric,3,3.0,21023.0,307128.0,277072.0,324158.0,284295.0
2026-04-07 17:54:08.085700,279516,1518458160,1518458853,-1.061888,0.128832,0.021472,1.9775,0.665,-6.475,44.24,1.256,55.88,concentric,3,3.0,21023.0,307128.0,277072.0,324158.0,284295.0
2026-04-07 17:54:08.088161,279517,1518467507,1518469643,-1.061888,0.128832,0.021472,0.53375,1.1025,-6.3875,44.24,1.256,55.88,concentric,3,3.0,21023.0,307128.0,277072.0,324158.0,284295.0
2026-04-07 17:54:08.093288,279518,1518476441,1518478351,-1.067744,0.119072,0.017568,-0.875,1.9425,-6.97375,44.096,1.192,56.288002,concentric,3,3.0,21023.0,307128.0,277072.0,324158.0,284295.0
2026-04-07 17:54:08.124718,279519,1518490979,1518493292,-1.065792,0.115168,0.023424,-0.88375,2.59,-7.09625,44.096,1.192,56.696003,concentric,3,3.0,21023.0,307128.0,277072.0,324158.0,284295.0
2026-04-07 17:54:08.128209,279520,1518499906,1518501971,-1.065792,0.115168,0.023424,-0.5075,2.065,-7.35875,44.512,1.648,56.696003,concentric,3,3.0,21023.0,307128.0,277072.0,324158.0,284295.0
2026-04-07 17:54:08.130739,279521,1518508824,1518510667,-1.065792,0.115168,0.023424,0.175,1.84625,-6.9825,44.512,1.648,56.696003,concentric,3,3.0,21023.0,307128.0,277072.0,324158.0,284295.0
2026-04-07 17:54:08.133207,279522,1518517738,1518519376,-1.075552,0.11712,0.033184,1.25125,2.26625,-7.0175,44.328003,1.824,54.168003,concentric,3,3.0,21023.0,307128.0,277072.0,324158.0,284295.0
2026-04-07 17:54:08.186963,279532,1518532742,1518534343,-1.067744,0.119072,0.02928,0.98,2.555,-7.0525,44.736004,1.168,55.424004,concentric,3,3.0,21028.0,307169.0,277077.0,324139.0,284239.0
2026-04-07 17:54:08.189499,279533,1518541726,1518543019,-1.067744,0.119072,0.02928,-0.21,3.47375,-6.3875,44.736004,1.168,55.424004,concentric,3,3.0,21028.0,307169.0,277077.0,324139.0,284239.0
2026-04-07 17:54:08.191991,279534,1518550636,1518551706,-1.067744,0.119072,0.031232,-1.6625,4.235,-6.46625,44.736004,1.168,55.424004,concentric,3,3.0,21028.0,307169.0,277077.0,324139.0,284239.0
2026-04-07 17:54:08.194496,279535,1518565139,1518566706,-1.061888,0.111264,0.031232,-3.70125,4.69,-6.7725,44.648003,1.504,54.184002,concentric,3,3.0,21028.0,307169.0,277077.0,324139.0,284239.0
2026-04-07 17:54:08.198501,279536,1518574054,1518575448,-1.061888,0.115168,0.052704,-5.17125,5.25875,-6.4575,44.640003,1.896,54.904003,concentric,3,3.0,21028.0,307169.0,277077.0,324139.0,284239.0
2026-04-07 17:54:08.199460,279537,1518583041,1518584180,-1.061888,0.115168,0.052704,-6.23875,4.76875,-5.81875,44.640003,1.896,54.904003,concentric,3,3.0,21028.0,307169.0,277077.0,324139.0,284239.0
2026-04-07 17:54:08.230757,279538,1518597515,1518599107,-1.061888,0.109312,0.013664,-6.23,3.8325,-5.81875,45.048,1.16,54.976,concentric,3,3.0,21028.0,307169.0,277077.0,324139.0,284239.0
2026-04-07 17:54:08.233215,279539,1518606446,1518607793,-1.061888,0.109312,0.013664,-7.0525,4.15625,-5.4425,45.048,1.16,54.976,concentric,3,3.0,21028.0,307169.0,277077.0,324139.0,284239.0
2026-04-07 17:54:08.235704,279540,1518615368,1518616499,-1.0736,0.113216,0.003904,-8.07625,3.54375,-4.8825,44.68,1.512,54.704002,concentric,3,3.0,21028.0,307169.0,277077.0,324139.0,284239.0
2026-04-07 17:54:08.238218,279541,1518624274,1518625191,-1.0736,0.113216,0.003904,-7.02625,2.5375,-4.61125,44.68,1.512,54.704002,concentric,3,3.0,21028.0,307169.0,277077.0,324139.0,284239.0
2026-04-07 17:54:08.265703,279551,1518638804,1518640213,-1.097024,0.121024,0.00976,-5.57375,1.70625,-4.43625,44.168003,1.512,56.120003,concentric,3,3.0,20891.0,306104.0,276274.0,323300.0,283472.0
2026-04-07 17:54:08.268246,279552,1518647908,1518648907,-1.097024,0.121024,0.00976,-4.2875,0.86625,-3.63125,44.168003,1.512,56.120003,concentric,3,3.0,20891.0,306104.0,276274.0,323300.0,283472.0
2026-04-07 17:54:08.270724,279553,1518656836,1518657618,-1.08336,0.13664,0.037088,-2.68625,0.8925,-3.6925,44.440002,1.928,55.784004,concentric,3,3.0,20891.0,306104.0,276274.0,323300.0,283472.0
2026-04-07 17:54:08.300893,279554,1518671336,1518672520,-1.08336,0.13664,0.03904,-2.66,1.44375,-4.59375,44.440002,1.928,55.784004,concentric,3,3.0,20891.0,306104.0,276274.0,323300.0,283472.0
2026-04-07 17:54:08.304460,279555,1518680259,1518681227,-1.087264,0.12688,0.03904,-4.87375,1.54875,-5.22375,44.208004,1.072,56.120003,concentric,3,3.0,20891.0,306104.0,276274.0,323300.0,283472.0
2026-04-07 17:54:08.306965,279556,1518689160,1518689945,-1.087264,0.12688,0.03904,-7.56875,1.9775,-6.39625,44.208004,1.072,56.120003,concentric,3,3.0,20891.0,306104.0,276274.0,323300.0,283472.0
2026-04-07 17:54:08.338289,279557,1518703737,1518704892,-1.085312,0.111264,0.031232,-8.91625,2.21375,-6.44875,44.960003,1.656,54.88,concentric,3,3.0,20891.0,306104.0,276274.0,323300.0,283472.0
2026-04-07 17:54:08.340535,279558,1518712645,1518713580,-1.077504,0.113216,0.00976,-7.6825,1.30375,-5.36375,44.608,2.176,54.552002,concentric,3,3.0,20891.0,306104.0,276274.0,323300.0,283472.0
2026-04-07 17:54:08.345140,279559,1518721552,1518722266,-1.077504,0.113216,0.00976,-7.60375,0.65625,-4.9175,44.608,2.176,54.552002,concentric,3,3.0,20891.0,306104.0,276274.0,323300.0,283472.0
2026-04-07 17:54:08.370781,279570,1518731008,1518732929,-1.077504,0.113216,0.00976,-7.51625,0.72625,-4.89125,44.608,2.176,54.552002,concentric,3,3.0,20859.0,305780.0,276001.0,323040.0,283207.0
2026-04-07 17:54:08.373227,279571,1518745559,1518747828,-1.0736,0.124928,0.015616,-6.09,0.90125,-4.1475,44.632004,1.936,54.832,concentric,3,3.0,20859.0,305780.0,276001.0,323040.0,283207.0
2026-04-07 17:54:08.376722,279572,1518754508,1518756528,-1.069696,0.138592,0.033184,-5.1975,1.4175,-4.50625,44.128002,1.968,54.616,concentric,3,3.0,20859.0,305780.0,276001.0,323040.0,283207.0
2026-04-07 17:54:08.378231,279573,1518763465,1518765234,-1.069696,0.138592,0.033184,-5.2675,2.1525,-5.1975,44.128002,1.968,54.616,concentric,3,3.0,20859.0,305780.0,276001.0,323040.0,283207.0
2026-04-07 17:54:08.409316,279574,1518777961,1518780156,-1.05408,0.124928,0.03904,-4.92625,2.14375,-5.81,44.672,1.752,54.984,concentric,3,3.0,20859.0,305780.0,276001.0,323040.0,283207.0
2026-04-07 17:54:08.411652,279575,1518786939,1518788860,-1.05408,0.124928,0.03904,-4.96125,1.995,-5.39875,44.672,1.752,54.984,concentric,3,3.0,20859.0,305780.0,276001.0,323040.0,283207.0
2026-04-07 17:54:08.416103,279576,1518795857,1518797560,-1.071648,0.105408,0.031232,-7.90125,2.8,-5.1275,44.744003,2.6,54.640003,concentric,3,3.0,20859.0,305780.0,276001.0,323040.0,283207.0
2026-04-07 17:54:08.444720,279577,1518810360,1518812477,-1.071648,0.105408,0.031232,-9.45875,3.50875,-5.005,44.744003,2.6,54.640003,concentric,3,3.0,20859.0,305780.0,276001.0,323040.0,283207.0
2026-04-07 17:54:08.449175,279578,1518819303,1518821154,-1.05408,0.111264,0.003904,-8.54,3.8325,-4.62875,44.656002,2.336,55.480003,concentric,3,3.0,20859.0,305780.0,276001.0,323040.0,283207.0
2026-04-07 17:54:08.450761,279579,1518828241,1518829847,-1.05408,0.111264,0.003904,-7.72625,3.5,-4.68125,44.656002,2.336,55.480003,concentric,3,3.0,20859.0,305780.0,276001.0,323040.0,283207.0
2026-04-07 17:54:08.483266,279589,1518842790,1518844773,-1.032608,0.101504,0.011712,-7.04375,3.4825,-4.48875,44.280003,2.056,54.416004,concentric,3,3.0,20889.0,306049.0,276270.0,323345.0,283460.0
2026-04-07 17:54:08.487485,279590,1518851940,1518853508,-1.032608,0.101504,0.011712,-6.88625,3.255,-4.27875,44.280003,2.056,54.416004,concentric,3,3.0,20889.0,306049.0,276270.0,323345.0,283460.0
2026-04-07 17:54:08.489175,279591,1518860884,1518862221,-1.040416,0.093696,0.02928,-6.6325,3.35125,-3.57875,44.576,2.024,53.896004,concentric,3,3.0,20889.0,306049.0,276270.0,323345.0,283460.0
2026-04-07 17:54:08.490787,279592,1518869827,1518870912,-1.040416,0.093696,0.02928,-5.41625,3.7275,-4.20875,44.576,2.024,53.896004,concentric,3,3.0,20889.0,306049.0,276270.0,323345.0,283460.0
2026-04-07 17:54:08.498850,279593,1518884356,1518885848,-1.069696,0.119072,0.023424,-3.7975,3.33375,-4.76875,44.632004,2.312,54.552002,concentric,3,3.0,20889.0,306049.0,276270.0,323345.0,283460.0
2026-04-07 17:54:08.527280,279594,1518893261,1518894529,-1.075552,0.12688,0.013664,-2.45,3.12375,-4.40125,43.920002,2.072,55.976,concentric,3,3.0,20889.0,306049.0,276270.0,323345.0,283460.0
2026-04-07 17:54:08.532410,279595,1518902216,1518903282,-1.075552,0.12688,0.013664,-1.53125,3.08875,-4.61125,43.920002,2.072,55.976,concentric,3,3.0,20889.0,306049.0,276270.0,323345.0,283460.0
2026-04-07 17:54:08.553902,279596,1518916744,1518918187,-1.081408,0.113216,0.027328,-1.575,3.7275,-4.7075,44.528004,2.4,54.392002,concentric,3,3.0,20889.0,306049.0,276270.0,323345.0,283460.0
2026-04-07 17:54:08.555348,279597,1518925647,1518926882,-1.081408,0.113216,0.027328,-2.24875,4.12125,-5.6,44.528004,2.4,54.392002,concentric,3,3.0,20889.0,306049.0,276270.0,323345.0,283460.0
2026-04-07 17:54:08.597746,279607,1518935187,1518935727,-1.069696,0.095648,0.033184,-2.5725,4.62,-6.16,44.728,1.984,55.104004,concentric,3,3.0,20824.0,305638.0,275971.0,323035.0,283142.0
2026-04-07 17:54:08.607601,279608,1518944694,1518946500,-1.069696,0.095648,0.033184,-2.21375,4.78625,-6.46625,44.728,1.984,55.104004,concentric,3,3.0,20824.0,305638.0,275971.0,323035.0,283142.0
2026-04-07 17:54:08.609226,279609,1518959196,1518961459,-1.091168,0.111264,0.031232,-2.45,5.17125,-6.4225,44.936,2.712,54.88,concentric,3,3.0,20824.0,305638.0,275971.0,323035.0,283142.0
2026-04-07 17:54:08.610799,279610,1518968257,1518970200,-1.091168,0.111264,0.031232,-2.695,4.9525,-6.25625,44.936,2.712,54.88,concentric,3,3.0,20824.0,305638.0,275971.0,323035.0,283142.0
2026-04-07 17:54:08.614973,279611,1518977280,1518978930,-1.097024,0.12688,0.025376,-3.61375,3.94625,-5.99375,44.192,1.752,55.096004,concentric,3,3.0,20824.0,305638.0,275971.0,323035.0,283142.0
2026-04-07 17:54:08.616718,279612,1518991803,1518993875,-1.097024,0.12688,0.025376,-3.80625,3.78,-5.36375,44.192,1.752,55.096004,concentric,3,3.0,20824.0,305638.0,275971.0,323035.0,283142.0
2026-04-07 17:54:08.618274,279613,1519000766,1519002586,-1.110688,0.128832,0.01952,-3.66625,3.59625,-5.45125,44.320004,2.456,55.528004,concentric,3,3.0,20824.0,305638.0,275971.0,323035.0,283142.0
2026-04-07 17:54:08.622872,279614,1519009816,1519011322,-1.110688,0.128832,0.01952,-3.01875,3.96375,-5.74,44.320004,2.456,55.528004,concentric,3,3.0,20824.0,305638.0,275971.0,323035.0,283142.0
2026-04-07 17:54:08.653094,279615,1519018742,1519020042,-1.104832,0.12688,0.031232,-1.3825,4.0425,-5.67,44.368004,2.176,56.152004,concentric,3,3.0,20824.0,305638.0,275971.0,323035.0,283142.0
2026-04-07 17:54:08.704429,279626,1519033775,1519034952,-1.104832,0.122976,0.042944,0.49,3.2725,-5.7925,44.368004,2.176,56.152004,concentric,3,3.0,20789.0,305336.0,275645.0,322660.0,282783.0
2026-04-07 17:54:08.706931,279627,1519042773,1519043665,-1.110688,0.122976,0.042944,0.9975,2.8525,-5.8975,45.064003,2.76,54.776,concentric,3,3.0,20789.0,305336.0,275645.0,322660.0,282783.0
2026-04-07 17:54:08.709530,279628,1519051761,1519052387,-1.110688,0.122976,0.042944,1.54875,2.31875,-5.41625,45.064003,2.76,54.776,concentric,3,3.0,20789.0,305336.0,275645.0,322660.0,282783.0
2026-04-07 17:54:08.711951,279629,1519066552,1519067310,-1.104832,0.109312,0.023424,1.91625,2.40625,-5.1275,44.464,2.648,55.456,concentric,3,3.0,20789.0,305336.0,275645.0,322660.0,282783.0
2026-04-07 17:54:08.714522,279630,1519076110,1519078187,-1.108736,0.10736,0.011712,1.435,2.275,-5.43375,43.848003,2.384,57.160004,concentric,3,3.0,20789.0,305336.0,275645.0,322660.0,282783.0
2026-04-07 17:54:08.716932,279631,1519085074,1519086920,-1.108736,0.10736,0.011712,1.68875,1.715,-5.25875,43.848003,2.384,57.160004,concentric,3,3.0,20789.0,305336.0,275645.0,322660.0,282783.0
2026-04-07 17:54:08.719459,279632,1519094071,1519095632,-1.10288,0.105408,0.001952,3.54375,1.0325,-4.8125,45.120003,2.936,55.480003,concentric,3,3.0,20789.0,305336.0,275645.0,322660.0,282783.0
2026-04-07 17:54:08.721979,279633,1519108622,1519110535,-1.10288,0.105408,0.001952,6.2825,1.1725,-4.97,45.120003,2.936,55.480003,concentric,3,3.0,20789.0,305336.0,275645.0,322660.0,282783.0
2026-04-07 17:54:08.752180,279634,1519117643,1519119227,-1.104832,0.115168,0.035136,8.23375,0.55125,-4.7425,44.912003,2.208,55.208004,concentric,3,3.0,20789.0,305336.0,275645.0,322660.0,282783.0
2026-04-07 17:54:08.756034,279635,1519126674,1519127950,-1.104832,0.115168,0.035136,9.54625,0.525,-4.2175,44.912003,2.208,55.208004,concentric,3,3.0,20789.0,305336.0,275645.0,322660.0,282783.0
2026-04-07 17:54:08.780712,279645,1519141233,1519142921,-1.085312,0.064416,0.02928,9.31,0.55125,-3.815,44.344,2.296,55.472004,concentric,3,3.0,20904.0,306216.0,276243.0,323042.0,282980.0
2026-04-07 17:54:08.783188,279646,1519150189,1519151707,-1.085312,0.064416,0.02928,10.85875,0.23625,-3.0625,44.344,2.296,55.472004,concentric,3,3.0,20904.0,306216.0,276243.0,323042.0,282980.0
2026-04-07 17:54:08.785672,279647,1519159113,1519160414,-1.104832,0.144448,0.044896,12.69625,-0.63,-4.375,44.120003,1.656,56.56,concentric,3,3.0,20904.0,306216.0,276243.0,323042.0,282980.0
2026-04-07 17:54:08.791973,279648,1519168083,1519169128,-1.104832,0.144448,0.044896,18.62,-0.79625,-5.39875,44.120003,1.656,56.56,concentric,3,3.0,20904.0,306216.0,276243.0,323042.0,282980.0
2026-04-07 17:54:08.794473,279649,1519182607,1519184158,-1.085312,0.13664,0.005856,17.491251,-0.67375,-5.88,44.912003,1.472,56.640003,concentric,3,3.0,20904.0,306216.0,276243.0,323042.0,282980.0
2026-04-07 17:54:08.824685,279650,1519191566,1519192879,-1.085312,0.13664,0.005856,11.10375,0.7875,-6.335,44.912003,1.472,56.640003,concentric,3,3.0,20904.0,306216.0,276243.0,323042.0,282980.0
2026-04-07 17:54:08.828220,279651,1519200461,1519201549,-1.09312,0.074176,0.003904,7.7525,1.96875,-6.3,44.384003,1.6,56.640003,concentric,3,3.0,20904.0,306216.0,276243.0,323042.0,282980.0
2026-04-07 17:54:08.830722,279652,1519215013,1519216470,-1.089216,0.07808,0.023424,9.31875,2.10875,-6.0725,44.552002,1.984,57.152004,concentric,3,3.0,20904.0,306216.0,276243.0,323042.0,282980.0
2026-04-07 17:54:08.837663,279653,1519223943,1519225174,-1.089216,0.07808,0.023424,12.88875,0.91,-5.45125,44.552002,1.984,57.152004,concentric,3,3.0,20904.0,306216.0,276243.0,323042.0,282980.0
2026-04-07 17:54:08.847121,279654,1519232886,1519233884,-1.089216,0.07808,0.023424,16.14375,0.00875,-4.3575,44.552002,1.984,57.152004,concentric,3,3.0,20904.0,306216.0,276243.0,323042.0,282980.0
2026-04-07 17:54:08.881945,279664,1519247569,1519248815,-1.077504,0.115168,0.044896,17.57875,-0.49875,-3.92,43.832,1.768,55.800003,concentric,3,3.0,21153.0,308178.0,277866.0,324935.0,284770.0
2026-04-07 17:54:08.884454,279665,1519256630,1519257564,-1.069696,0.132736,0.0488,16.9225,0.0875,-3.4825,44.352,0.92,55.792004,concentric,3,3.0,21153.0,308178.0,277866.0,324935.0,284770.0
2026-04-07 17:54:08.886951,279666,1519265580,1519266311,-1.069696,0.132736,0.0488,14.91,0.18375,-3.19375,44.352,0.92,55.792004,concentric,3,3.0,21153.0,308178.0,277866.0,324935.0,284770.0
2026-04-07 17:54:08.889421,279667,1519274911,1519277103,-1.069696,0.115168,0.02928,13.545,-0.28875,-2.75625,43.992,0.664,56.360004,concentric,3,3.0,21153.0,308178.0,277866.0,324935.0,284770.0
2026-04-07 17:54:08.902184,279668,1519289412,1519289944,-1.069696,0.115168,0.02928,12.8625,-0.16625,-3.535,43.992,0.664,56.360004,concentric,3,3.0,21153.0,308178.0,277866.0,324935.0,284770.0
2026-04-07 17:54:08.932230,279669,1519298916,1519300754,-1.052128,0.12688,0.0488,14.07,0.1575,-3.8325,44.016003,1.048,57.280003,concentric,3,3.0,21153.0,308178.0,277866.0,324935.0,284770.0
2026-04-07 17:54:08.935695,279670,1519307875,1519309449,-1.052128,0.12688,0.0488,15.70625,0.805,-4.38375,44.016003,1.048,57.280003,concentric,3,3.0,21153.0,308178.0,277866.0,324935.0,284770.0
2026-04-07 17:54:08.938210,279671,1519316781,1519318136,-1.050176,0.121024,0.052704,15.96,1.32125,-5.0225,44.296,1.064,56.112003,concentric,3,3.0,21153.0,308178.0,277866.0,324935.0,284770.0
2026-04-07 17:54:08.944472,279672,1519331324,1519333058,-1.050176,0.121024,0.052704,15.0675,1.63625,-5.7925,44.296,1.064,56.112003,concentric,3,3.0,21153.0,308178.0,277866.0,324935.0,284770.0
2026-04-07 17:54:08.974454,279683,1519340340,1519342125,-1.061888,0.113216,0.052704,14.21875,2.35375,-5.95,44.52,0.696,56.072002,concentric,3,3.0,21206.0,308596.0,278168.0,325197.0,284943.0
2026-04-07 17:54:08.976925,279684,1519349348,1519350856,-1.061888,0.113216,0.052704,14.035,2.5375,-5.8275,44.52,0.696,56.072002,concentric,3,3.0,21206.0,308596.0,278168.0,325197.0,284943.0
2026-04-07 17:54:08.979658,279685,1519363852,1519365772,-1.056032,0.101504,0.027328,12.83625,2.415,-6.5975,43.760002,-0.24,58.408,concentric,3,3.0,21206.0,308596.0,278168.0,325197.0,284943.0
2026-04-07 17:54:08.985753,279686,1519372795,1519374530,-1.056032,0.101504,0.027328,11.27,3.14125,-7.49,43.760002,-0.24,58.408,concentric,3,3.0,21206.0,308596.0,278168.0,325197.0,284943.0
2026-04-07 17:54:09.018236,279687,1519381747,1519383295,-1.065792,0.124928,0.031232,9.8175,3.4125,-7.2275,44.320004,0.192,56.128002,concentric,3,3.0,21206.0,308596.0,278168.0,325197.0,284943.0
2026-04-07 17:54:09.020850,279688,1519396218,1519398182,-1.065792,0.119072,0.027328,8.75875,3.56125,-6.95625,44.816,0.528,56.480003,concentric,3,3.0,21206.0,308596.0,278168.0,325197.0,284943.0
2026-04-07 17:54:09.023229,279689,1519405123,1519406899,-1.065792,0.119072,0.027328,8.54,3.36875,-6.30875,44.816,0.528,56.480003,concentric,3,3.0,21206.0,308596.0,278168.0,325197.0,284943.0
2026-04-07 17:54:09.027048,279690,1519414038,1519415646,-1.065792,0.119072,0.027328,9.09125,3.17625,-6.475,44.816,0.528,56.480003,concentric,3,3.0,21206.0,308596.0,278168.0,325197.0,284943.0
2026-04-07 17:54:09.059798,279691,1519428527,1519430579,-1.067744,0.115168,0.042944,8.67125,3.185,-7.14,44.272003,0.888,55.928,concentric,3,3.0,21206.0,308596.0,278168.0,325197.0,284943.0
2026-04-07 17:54:09.089416,279701,1519437864,1519439294,-1.089216,0.130784,0.031232,8.33,3.68375,-7.3325,44.768,0.144,56.216003,concentric,3,3.0,21114.0,307843.0,277543.0,324519.0,284300.0
2026-04-07 17:54:09.092030,279702,1519446809,1519448005,-1.089216,0.130784,0.031232,8.417501,3.85875,-7.62125,44.768,0.144,56.216003,concentric,3,3.0,21114.0,307843.0,277543.0,324519.0,284300.0
2026-04-07 17:54:09.094507,279703,1519455752,1519456710,-1.097024,0.130784,0.033184,8.56625,3.885,-7.67375,44.832,1.208,56.912003,concentric,3,3.0,21114.0,307843.0,277543.0,324519.0,284300.0
2026-04-07 17:54:09.097065,279704,1519470250,1519471688,-1.097024,0.130784,0.033184,8.54,3.98125,-8.155,44.832,1.208,56.912003,concentric,3,3.0,21114.0,307843.0,277543.0,324519.0,284300.0
2026-04-07 17:54:09.099582,279705,1519479182,1519480434,-1.097024,0.119072,0.027328,7.83125,4.585,-8.12,43.672,0.208,57.360004,concentric,3,3.0,21114.0,307843.0,277543.0,324519.0,284300.0
2026-04-07 17:54:09.101969,279706,1519488110,1519489177,-1.097024,0.119072,0.027328,7.42875,4.36625,-8.47875,43.672,0.208,57.360004,concentric,3,3.0,21114.0,307843.0,277543.0,324519.0,284300.0
2026-04-07 17:54:09.132119,279707,1519504208,1519504627,-1.108736,0.121024,0.046848,7.1575,5.0575,-8.8375,44.424004,0.048,57.256004,concentric,3,3.0,21114.0,307843.0,277543.0,324519.0,284300.0
2026-04-07 17:54:09.135750,279708,1519513529,1519515405,-1.108736,0.121024,0.046848,7.30625,5.43375,-9.14375,44.424004,0.048,57.256004,concentric,3,3.0,21114.0,307843.0,277543.0,324519.0,284300.0
2026-04-07 17:54:09.138382,279709,1519522439,1519524078,-1.106784,0.113216,0.050752,6.06375,5.57375,-8.6275,44.776,0.096,55.936,concentric,3,3.0,21114.0,307843.0,277543.0,324519.0,284300.0
2026-04-07 17:54:09.143279,279710,1519531398,1519532865,-1.106784,0.113216,0.050752,3.4125,5.41625,-8.417501,44.776,0.096,55.936,concentric,3,3.0,21114.0,307843.0,277543.0,324519.0,284300.0
2026-04-07 17:54:09.170652,279720,1519546003,1519547937,-1.106784,0.105408,0.037088,1.56625,5.88875,-8.23375,44.664,0.472,55.824,concentric,3,3.0,21137.0,308014.0,277657.0,324615.0,284427.0
2026-04-07 17:54:09.173235,279721,1519554953,1519556696,-1.106784,0.105408,0.037088,-0.0525,5.92375,-7.875,44.664,0.472,55.824,concentric,3,3.0,21137.0,308014.0,277657.0,324615.0,284427.0
2026-04-07 17:54:09.176985,279722,1519564051,1519565386,-1.11264,0.113216,0.023424,-1.04125,6.64125,-7.35,44.296,0.44,56.712,concentric,3,3.0,21137.0,308014.0,277657.0,324615.0,284427.0
2026-04-07 17:54:09.207131,279723,1519573055,1519574145,-1.11264,0.113216,0.023424,-1.015,6.9825,-7.39375,44.296,0.44,56.712,concentric,3,3.0,21137.0,308014.0,277657.0,324615.0,284427.0
2026-04-07 17:54:09.210719,279724,1519587534,1519589040,-1.095072,0.11712,0.01952,-0.25375,6.37,-7.5075,44.752003,0.448,55.696003,concentric,3,3.0,21137.0,308014.0,277657.0,324615.0,284427.0
2026-04-07 17:54:09.213237,279725,1519596436,1519597716,-1.087264,0.10736,0.005856,-0.0525,6.18625,-6.93875,44.88,0.424,55.232002,concentric,3,3.0,21137.0,308014.0,277657.0,324615.0,284427.0
2026-04-07 17:54:09.216938,279726,1519605392,1519606434,-1.087264,0.10736,0.005856,-0.8575,6.88625,-7.2275,44.88,0.424,55.232002,concentric,3,3.0,21137.0,308014.0,277657.0,324615.0,284427.0
2026-04-07 17:54:09.249731,279727,1519619880,1519621378,-1.069696,0.062464,0.007808,-1.79375,7.48125,-7.79625,45.024002,0.56,56.776,concentric,3,3.0,21137.0,308014.0,277657.0,324615.0,284427.0
2026-04-07 17:54:09.253261,279728,1519628842,1519630108,-1.069696,0.062464,0.007808,-1.70625,8.19,-8.93375,45.024002,0.56,56.776,concentric,3,3.0,21137.0,308014.0,277657.0,324615.0,284427.0
2026-04-07 17:54:09.280767,279739,1519638335,1519638880,-1.079456,0.064416,0.02928,-1.44375,8.18125,-10.07125,44.992,0.4,55.504,concentric,3,3.0,21205.0,308556.0,278058.0,325080.0,284960.0
2026-04-07 17:54:09.283130,279740,1519647802,1519649656,-1.079456,0.064416,0.02928,-0.77875,7.81375,-10.17625,44.992,0.4,55.504,concentric,3,3.0,21205.0,308556.0,278058.0,325080.0,284960.0
2026-04-07 17:54:09.285706,279741,1519662469,1519664588,-1.095072,0.140544,0.05856,-0.7,7.3675,-9.511251,44.216003,-0.016,57.664,concentric,3,3.0,21205.0,308556.0,278058.0,325080.0,284960.0
2026-04-07 17:54:09.288205,279742,1519671482,1519673306,-1.095072,0.140544,0.05856,-1.60125,6.64125,-8.30375,44.216003,-0.016,57.664,concentric,3,3.0,21205.0,308556.0,278058.0,325080.0,284960.0
2026-04-07 17:54:09.292034,279743,1519680406,1519682038,-1.081408,0.122976,0.0488,-4.82125,6.335,-7.06125,45.232002,0.968,56.728004,concentric,3,3.0,21205.0,308556.0,278058.0,325080.0,284960.0
2026-04-07 17:54:09.322222,279744,1519694924,1519696937,-1.081408,0.122976,0.0488,-8.2775,6.51875,-6.62375,45.232002,0.968,56.728004,concentric,3,3.0,21205.0,308556.0,278058.0,325080.0,284960.0
2026-04-07 17:54:09.325779,279745,1519703836,1519705626,-1.095072,0.119072,0.044896,-9.2225,6.4575,-6.41375,44.984,0.76,55.440002,concentric,3,3.0,21205.0,308556.0,278058.0,325080.0,284960.0
2026-04-07 17:54:09.328215,279746,1519712766,1519714327,-1.095072,0.119072,0.044896,-7.8925,5.95,-6.5625,44.984,0.76,55.440002,concentric,3,3.0,21205.0,308556.0,278058.0,325080.0,284960.0
2026-04-07 17:54:09.334437,279747,1519721751,1519723071,-1.098976,0.140544,0.031232,-5.6,5.495,-6.50125,44.976,0.568,55.360004,concentric,3,3.0,21205.0,308556.0,278058.0,325080.0,284960.0
2026-04-07 17:54:09.393405,279757,1519736269,1519738066,-1.098976,0.134688,0.044896,-4.99625,5.53,-6.32625,44.976,0.568,55.360004,concentric,3,3.0,21074.0,307325.0,277027.0,323825.0,283851.0
2026-04-07 17:54:09.412049,279758,1519745176,1519746752,-1.126304,0.134688,0.044896,-6.0375,5.88875,-6.755,44.928,1.232,55.648003,concentric,3,3.0,21074.0,307325.0,277027.0,323825.0,283851.0
2026-04-07 17:54:09.414518,279759,1519754161,1519755506,-1.126304,0.134688,0.044896,-5.64375,6.13375,-6.83375,44.928,1.232,55.648003,concentric,3,3.0,21074.0,307325.0,277027.0,323825.0,283851.0
2026-04-07 17:54:09.419513,279760,1519768743,1519770410,-1.143872,0.134688,0.056608,-5.53875,6.16,-6.76375,45.344,1.36,55.352,concentric,3,3.0,21074.0,307325.0,277027.0,323825.0,283851.0
2026-04-07 17:54:09.421972,279761,1519777716,1519779175,-1.182912,0.130784,0.054656,-6.265,5.85375,-6.88625,45.272003,0.616,56.704002,concentric,3,3.0,21074.0,307325.0,277027.0,323825.0,283851.0
2026-04-07 17:54:09.424516,279762,1519786775,1519788033,-1.182912,0.130784,0.054656,-7.2975,5.99375,-6.7375,45.272003,0.616,56.704002,concentric,3,3.0,21074.0,307325.0,277027.0,323825.0,283851.0
2026-04-07 17:54:09.427018,279763,1519801350,1519802980,-1.18096,0.138592,0.060512,-7.63875,5.8275,-6.335,45.280003,0.872,55.2,concentric,3,3.0,21074.0,307325.0,277027.0,323825.0,283851.0
2026-04-07 17:54:09.429529,279764,1519810395,1519811715,-1.18096,0.138592,0.060512,-6.2475,5.46875,-6.3,45.280003,0.872,55.2,concentric,3,3.0,21074.0,307325.0,277027.0,323825.0,283851.0
2026-04-07 17:54:09.431920,279765,1519819365,1519820453,-1.214144,0.13664,0.031232,-2.28375,5.11875,-6.1075,45.04,0.696,56.216003,concentric,3,3.0,21074.0,307325.0,277027.0,323825.0,283851.0
2026-04-07 17:54:09.462323,279766,1519828294,1519829145,-1.214144,0.13664,0.031232,-4.06875,4.85625,-7.105,45.04,0.696,56.216003,eccentric,3,3.0,21074.0,307325.0,277027.0,323825.0,283851.0
2026-04-07 17:54:09.488190,279776,1519842940,1519844100,-1.241472,0.12688,0.0488,-5.04875,5.13625,-6.62375,45.336002,1.144,55.176003,eccentric,3,3.0,20693.0,303985.0,274329.0,321022.0,281417.0
2026-04-07 17:54:09.490673,279777,1519851918,1519852791,-1.241472,0.12688,0.0488,-5.075,4.9,-6.34375,45.336002,1.144,55.176003,eccentric,3,3.0,20693.0,303985.0,274329.0,321022.0,281417.0
2026-04-07 17:54:09.493209,279778,1519860860,1519861498,-1.235616,0.128832,0.056608,-3.26375,4.17375,-6.15125,44.824,1.648,55.280003,eccentric,3,3.0,20693.0,303985.0,274329.0,321022.0,281417.0
2026-04-07 17:54:09.495773,279779,1519875702,1519876433,-1.235616,0.128832,0.056608,-1.68,3.9025,-6.22125,44.824,1.648,55.280003,eccentric,3,3.0,20693.0,303985.0,274329.0,321022.0,281417.0
2026-04-07 17:54:09.498162,279780,1519885048,1519887249,-1.247328,0.134688,0.040992,-0.35875,3.92875,-6.335,44.592003,1.056,56.480003,eccentric,3,3.0,20693.0,303985.0,274329.0,321022.0,281417.0
2026-04-07 17:54:09.528368,279781,1519894046,1519895957,-1.247328,0.134688,0.040992,0.6475,3.465,-6.74625,44.592003,1.056,56.480003,eccentric,3,3.0,20693.0,303985.0,274329.0,321022.0,281417.0
2026-04-07 17:54:09.531931,279782,1519902974,1519904636,-1.221952,0.144448,0.0488,1.26,2.94875,-7.13125,44.640003,1.744,55.936,eccentric,3,3.0,20693.0,303985.0,274329.0,321022.0,281417.0
2026-04-07 17:54:09.534389,279783,1519917465,1519919510,-1.173152,0.101504,0.027328,1.86375,2.8,-7.55125,44.640003,1.192,55.032,eccentric,3,3.0,20693.0,303985.0,274329.0,321022.0,281417.0
2026-04-07 17:54:09.538340,279784,1519926404,1519928249,-1.173152,0.101504,0.027328,1.6975,2.625,-7.48125,45.168003,1.192,55.032,eccentric,3,3.0,20693.0,303985.0,274329.0,321022.0,281417.0
2026-04-07 17:54:09.568428,279785,1519935399,1519936963,-1.173152,0.101504,0.027328,0.83125,2.52,-7.62125,45.168003,1.192,55.032,eccentric,3,3.0,20693.0,303985.0,274329.0,321022.0,281417.0
2026-04-07 17:54:09.596981,279795,1519949912,1519951916,-1.165344,0.095648,0.03904,0.56875,2.49375,-8.015,44.152,1.592,55.832005,eccentric,3,3.0,20574.0,303049.0,273556.0,320280.0,280834.0
2026-04-07 17:54:09.599417,279796,1519958862,1519960613,-1.165344,0.121024,0.072224,1.26,2.17,-7.84,44.976,1.872,52.472004,eccentric,3,3.0,20574.0,303049.0,273556.0,320280.0,280834.0
2026-04-07 17:54:09.601944,279797,1519967832,1519969348,-1.165344,0.121024,0.072224,1.365,1.89875,-7.00875,44.976,1.872,52.472004,eccentric,3,3.0,20574.0,303049.0,273556.0,320280.0,280834.0
2026-04-07 17:54:09.604377,279798,1519982384,1519984350,-1.179008,0.1464,0.080032,0.88375,1.82,-5.99375,44.688004,1.544,55.928,eccentric,3,3.0,20574.0,303049.0,273556.0,320280.0,280834.0
2026-04-07 17:54:09.606950,279799,1519991384,1519993046,-1.179008,0.1464,0.080032,0.6825,1.61875,-5.775,44.688004,1.544,55.928,eccentric,3,3.0,20574.0,303049.0,273556.0,320280.0,280834.0
2026-04-07 17:54:09.613239,279800,1520000345,1520001774,-1.198528,0.140544,0.05856,0.13125,1.26,-5.31125,44.568,2.088,56.120003,eccentric,3,3.0,20574.0,303049.0,273556.0,320280.0,280834.0
2026-04-07 17:54:09.643459,279801,1520009249,1520010453,-1.198528,0.140544,0.05856,-0.245,1.44375,-5.3725,44.568,2.088,56.120003,eccentric,3,3.0,20574.0,303049.0,273556.0,320280.0,280834.0
2026-04-07 17:54:09.647030,279802,1520023715,1520025389,-1.198528,0.121024,0.037088,0.1925,1.6975,-6.44,44.808002,2.08,55.088,eccentric,3,3.0,20574.0,303049.0,273556.0,320280.0,280834.0
2026-04-07 17:54:09.649424,279803,1520032643,1520034098,-1.198528,0.121024,0.037088,0.91,2.05625,-7.49,44.808002,2.08,55.088,eccentric,3,3.0,20574.0,303049.0,273556.0,320280.0,280834.0
2026-04-07 17:54:09.684433,279814,1520041638,1520042831,-1.233664,0.121024,0.025376,1.5225,2.695,-8.21625,44.960003,1.856,54.800003,eccentric,3,3.0,20487.0,302380.0,273011.0,319651.0,280212.0
2026-04-07 17:54:09.686941,279815,1520056195,1520057843,-1.233664,0.121024,0.025376,3.185,3.255,-9.09125,44.960003,1.856,54.800003,eccentric,3,3.0,20487.0,302380.0,273011.0,319651.0,280212.0
2026-04-07 17:54:09.689412,279816,1520065165,1520066541,-1.262944,0.124928,0.02928,5.005,3.08,-9.1,44.648003,1.88,56.392002,eccentric,3,3.0,20487.0,302380.0,273011.0,319651.0,280212.0
2026-04-07 17:54:09.691992,279817,1520074104,1520075241,-1.262944,0.124928,0.02928,6.195,2.56375,-8.53125,44.648003,1.88,56.392002,eccentric,3,3.0,20487.0,302380.0,273011.0,319651.0,280212.0
2026-04-07 17:54:09.722174,279818,1520088638,1520090220,-1.272704,0.128832,0.05856,7.00875,2.12625,-7.70875,44.312,2.296,55.064003,eccentric,3,3.0,20487.0,302380.0,273011.0,319651.0,280212.0
2026-04-07 17:54:09.725699,279819,1520097562,1520098923,-1.272704,0.128832,0.074176,6.86,2.1525,-6.57125,44.312,2.296,55.064003,eccentric,3,3.0,20487.0,302380.0,273011.0,319651.0,280212.0
2026-04-07 17:54:09.728231,279820,1520106479,1520107616,-1.260992,0.130784,0.06832,6.3525,1.65375,-5.8975,44.960003,2.44,52.808002,eccentric,3,3.0,20487.0,302380.0,273011.0,319651.0,280212.0
2026-04-07 17:54:09.733185,279821,1520120954,1520122534,-1.262944,0.128832,0.054656,4.6025,1.61,-5.7925,44.272003,2.016,55.736004,eccentric,3,3.0,20487.0,302380.0,273011.0,319651.0,280212.0
2026-04-07 17:54:09.763388,279822,1520129912,1520131215,-1.262944,0.128832,0.054656,3.47375,1.82875,-4.92625,44.272003,2.016,55.736004,eccentric,3,3.0,20487.0,302380.0,273011.0,319651.0,280212.0
2026-04-07 17:54:09.791964,279832,1520138842,1520140401,-1.253184,0.122976,0.037088,3.08,1.33,-3.63125,44.712,2.6,55.248,eccentric,3,3.0,20441.0,301912.0,272622.0,319169.0,279766.0
2026-04-07 17:54:09.794507,279833,1520147783,1520149139,-1.253184,0.122976,0.037088,2.8875,1.33,-3.36,44.712,2.6,55.248,eccentric,3,3.0,20441.0,301912.0,272622.0,319169.0,279766.0
2026-04-07 17:54:09.797589,279834,1520162252,1520164033,-1.257088,0.1464,0.044896,2.26625,1.67125,-3.68375,44.656002,2.248,54.888004,eccentric,3,3.0,20441.0,301912.0,272622.0,319169.0,279766.0
2026-04-07 17:54:09.799412,279835,1520171247,1520172743,-1.257088,0.1464,0.044896,2.30125,1.47875,-3.535,44.656002,2.248,54.888004,eccentric,3,3.0,20441.0,301912.0,272622.0,319169.0,279766.0
2026-04-07 17:54:09.801968,279836,1520180217,1520181447,-1.241472,0.130784,0.0488,2.02125,1.4525,-3.0975,44.192,2.2,54.912003,eccentric,3,3.0,20441.0,301912.0,272622.0,319169.0,279766.0
2026-04-07 17:54:09.806968,279837,1520194644,1520196377,-1.241472,0.130784,0.0488,-0.07,1.68,-3.22875,44.192,2.2,54.912003,eccentric,3,3.0,20441.0,301912.0,272622.0,319169.0,279766.0
2026-04-07 17:54:09.837148,279838,1520203558,1520205103,-1.233664,0.113216,0.046848,-1.225,1.5225,-2.4325,44.128002,2.552,55.08,eccentric,3,3.0,20441.0,301912.0,272622.0,319169.0,279766.0
2026-04-07 17:54:09.840664,279839,1520212475,1520213811,-1.233664,0.113216,0.046848,-1.21625,0.6125,-2.065,44.128002,2.552,55.08,eccentric,3,3.0,20441.0,301912.0,272622.0,319169.0,279766.0
2026-04-07 17:54:09.843190,279840,1520226948,1520229106,-1.20048,0.11712,0.046848,-0.7175,-0.11375,-2.03875,44.472004,2.712,54.464,eccentric,3,3.0,20441.0,301912.0,272622.0,319169.0,279766.0
2026-04-07 17:54:09.848185,279841,1520235887,1520237893,-1.20048,0.11712,0.046848,-0.665,-0.48125,-1.4525,44.472004,2.712,54.464,eccentric,3,3.0,20441.0,301912.0,272622.0,319169.0,279766.0
2026-04-07 17:54:09.873185,279851,1520245022,1520247137,-1.159488,0.130784,0.056608,-1.53125,-1.3825,-0.455,43.568,2.792,56.08,eccentric,3,3.0,20365.0,301140.0,271942.0,318454.0,279204.0
2026-04-07 17:54:09.875780,279852,1520259611,1520260086,-1.169248,0.101504,0.037088,2.065,-2.77375,1.12,43.424004,2.616,56.232002,eccentric,3,3.0,20365.0,301140.0,271942.0,318454.0,279204.0
2026-04-07 17:54:09.880752,279853,1520269009,1520270871,-1.169248,0.101504,0.037088,0.44625,-2.35375,-0.95375,43.424004,2.616,56.232002,eccentric,3,3.0,20365.0,301140.0,271942.0,318454.0,279204.0
2026-04-07 17:54:09.910885,279854,1520277976,1520279552,-1.169248,0.101504,0.037088,-2.93125,-0.98875,-1.49625,43.424004,2.616,56.232002,eccentric,3,3.0,20365.0,301140.0,271942.0,318454.0,279204.0
2026-04-07 17:54:09.914450,279855,1520286931,1520288256,-1.155584,0.121024,0.05856,-1.44375,-1.70625,-1.46125,44.2,3.072,53.208004,eccentric,3,3.0,20365.0,301140.0,271942.0,318454.0,279204.0
2026-04-07 17:54:09.916941,279856,1520301407,1520303156,-1.1224,0.111264,0.033184,-1.295,-2.52,-0.945,43.24,3.384,54.360004,eccentric,3,3.0,20365.0,301140.0,271942.0,318454.0,279204.0
2026-04-07 17:54:09.921944,279857,1520310323,1520311883,-1.1224,0.111264,0.033184,-3.5,-2.58125,-1.05875,43.24,3.384,54.360004,eccentric,3,3.0,20365.0,301140.0,271942.0,318454.0,279204.0
2026-04-07 17:54:09.952200,279858,1520319267,1520320603,-1.100928,0.08784,0.031232,-6.125,-1.7675,-0.90125,43.24,3.6,55.248,eccentric,3,3.0,20365.0,301140.0,271942.0,318454.0,279204.0
2026-04-07 17:54:09.955904,279859,1520333727,1520335483,-1.100928,0.08784,0.031232,-8.61875,-1.12875,-1.12875,43.664,3.6,55.248,eccentric,3,3.0,20365.0,301140.0,271942.0,318454.0,279204.0
2026-04-07 17:54:09.995768,279870,1520343152,1520344236,-1.10288,0.095648,0.035136,-9.695,-0.34125,-1.6275,43.792004,3.568,54.480003,eccentric,3,3.0,20418.0,301371.0,272091.0,318543.0,279275.0
2026-04-07 17:54:09.998168,279871,1520352263,1520353000,-1.10288,0.095648,0.035136,-8.96875,-0.02625,-2.38,43.792004,3.568,54.480003,eccentric,3,3.0,20418.0,301371.0,272091.0,318543.0,279275.0
2026-04-07 17:54:10.000707,279872,1520361750,1520363775,-1.081408,0.101504,0.040992,-8.49625,-0.5075,-2.26625,43.416,3.216,55.128002,eccentric,3,3.0,20418.0,301371.0,272091.0,318543.0,279275.0
2026-04-07 17:54:10.003169,279873,1520376207,1520376637,-1.081408,0.101504,0.040992,-10.07125,0.0525,-1.995,43.416,3.216,55.128002,eccentric,3,3.0,20418.0,301371.0,272091.0,318543.0,279275.0
2026-04-07 17:54:10.005649,279874,1520385666,1520387468,-1.071648,0.089792,0.033184,-12.34625,0.63875,-1.785,43.496002,3.664,53.632004,eccentric,3,3.0,20418.0,301371.0,272091.0,318543.0,279275.0
2026-04-07 17:54:10.008150,279875,1520394598,1520396247,-1.071648,0.089792,0.033184,-14.385,1.365,-2.31875,43.496002,3.664,53.632004,eccentric,3,3.0,20418.0,301371.0,272091.0,318543.0,279275.0
2026-04-07 17:54:10.038569,279876,1520403544,1520404963,-1.06384,0.105408,0.03904,-14.63875,1.645,-3.15,43.784,3.928,53.480003,eccentric,3,3.0,20418.0,301371.0,272091.0,318543.0,279275.0
2026-04-07 17:54:10.042074,279877,1520418043,1520419857,-1.06384,0.105408,0.03904,-14.23625,2.0475,-3.14125,43.784,3.928,53.480003,eccentric,3,3.0,20418.0,301371.0,272091.0,318543.0,279275.0
2026-04-07 17:54:10.044477,279878,1520426955,1520428577,-1.050176,0.128832,0.044896,-14.35875,2.37125,-3.6575,43.136,4.224,53.544003,eccentric,3,3.0,20418.0,301371.0,272091.0,318543.0,279275.0
2026-04-07 17:54:10.048168,279879,1520435874,1520437265,-1.050176,0.128832,0.044896,-14.7175,3.07125,-4.2,43.136,4.224,53.544003,eccentric,3,3.0,20418.0,301371.0,272091.0,318543.0,279275.0
2026-04-07 17:54:10.074502,279889,1520450747,1520452438,-0.987712,0.080032,-0.007808,-10.9725,3.31625,-5.60875,42.752003,4.488,54.504,eccentric,3,3.0,20450.0,301847.0,272508.0,319038.0,279720.0
2026-04-07 17:54:10.077025,279890,1520459696,1520461182,-1.040416,0.093696,-0.011712,-12.95875,4.6725,-8.015,42.752003,4.488,55.000004,eccentric,3,3.0,20450.0,301847.0,272508.0,319038.0,279720.0
2026-04-07 17:54:10.080764,279891,1520468753,1520469893,-1.040416,0.093696,-0.011712,-13.02,4.96125,-9.05625,42.472,4.424,55.000004,eccentric,3,3.0,20450.0,301847.0,272508.0,319038.0,279720.0
2026-04-07 17:54:10.110975,279892,1520483341,1520484810,-0.981856,0.07808,-0.00976,-10.465,4.22625,-8.3475,42.952003,4.704,54.264004,eccentric,3,3.0,20450.0,301847.0,272508.0,319038.0,279720.0
2026-04-07 17:54:10.114900,279893,1520492251,1520493532,-0.981856,0.07808,-0.00976,-8.89,3.05375,-7.4375,42.952003,4.704,54.264004,eccentric,3,3.0,20450.0,301847.0,272508.0,319038.0,279720.0
2026-04-07 17:54:10.117096,279894,1520501181,1520502251,-0.979904,0.083936,-0.005856,-7.69125,1.72375,-6.86875,42.656002,5.112001,51.952003,eccentric,3,3.0,20450.0,301847.0,272508.0,319038.0,279720.0
2026-04-07 17:54:10.122008,279895,1520510257,1520510954,-0.979904,0.083936,-0.005856,-7.51625,0.7525,-5.2675,42.656002,5.112001,51.952003,eccentric,3,3.0,20450.0,301847.0,272508.0,319038.0,279720.0
2026-04-07 17:54:10.152129,279896,1520525122,1520525836,-0.972096,0.10736,0.0,-7.875,-0.1225,-4.97,42.160004,4.856,52.984,eccentric,3,3.0,20450.0,301847.0,272508.0,319038.0,279720.0
2026-04-07 17:54:10.155713,279897,1520534473,1520536608,-0.972096,0.10736,0.0,-8.47,-0.875,-4.2,42.160004,4.856,52.984,eccentric,3,3.0,20450.0,301847.0,272508.0,319038.0,279720.0
2026-04-07 17:54:10.183328,279907,1520543425,1520545352,-0.964288,0.105408,0.005856,-8.67125,-2.38875,-3.57,42.408,5.104,52.104004,eccentric,3,3.0,20553.0,302773.0,273280.0,319814.0,280403.0
2026-04-07 17:54:10.185657,279908,1520558058,1520560352,-0.964288,0.105408,0.005856,-9.485,-2.86125,-2.66,42.408,5.104,52.104004,eccentric,3,3.0,20553.0,302773.0,273280.0,319814.0,280403.0
2026-04-07 17:54:10.188218,279909,1520567087,1520569100,-0.933056,0.121024,0.013664,-8.8725,-3.5175,-2.73,42.616,5.84,52.280003,eccentric,3,3.0,20553.0,302773.0,273280.0,319814.0,280403.0
2026-04-07 17:54:10.190730,279910,1520576028,1520577846,-0.933056,0.121024,0.013664,-8.89,-3.2025,-2.59875,42.616,5.84,52.280003,eccentric,3,3.0,20553.0,302773.0,273280.0,319814.0,280403.0
2026-04-07 17:54:10.197129,279911,1520584970,1520586706,-0.944768,0.105408,0.005856,-6.67625,-3.745,-3.9725,42.424004,5.464,52.264004,eccentric,3,3.0,20553.0,302773.0,273280.0,319814.0,280403.0
2026-04-07 17:54:10.227218,279912,1520599561,1520601693,-0.944768,0.105408,0.005856,-8.84625,-3.24625,-5.075,42.424004,5.464,52.264004,eccentric,3,3.0,20553.0,302773.0,273280.0,319814.0,280403.0
2026-04-07 17:54:10.230774,279913,1520608472,1520610394,-0.979904,0.101504,0.003904,-9.45,-2.765,-4.935,42.264004,5.472,53.848003,eccentric,3,3.0,20553.0,302773.0,273280.0,319814.0,280403.0
2026-04-07 17:54:10.239483,279914,1520617455,1520619091,-0.979904,0.101504,0.003904,-7.44625,-3.36875,-5.04,42.264004,5.472,53.848003,eccentric,3,3.0,20553.0,302773.0,273280.0,319814.0,280403.0
2026-04-07 17:54:10.245729,279915,1520632058,1520634048,-0.944768,0.0976,0.013664,-5.41625,-3.17625,-5.73125,42.184002,5.472,52.424004,eccentric,3,3.0,20553.0,302773.0,273280.0,319814.0,280403.0
2026-04-07 17:54:10.301966,279926,1520641010,1520643060,-0.954528,0.093696,0.023424,-4.80375,-2.9575,-5.6875,42.056004,5.776001,53.472004,eccentric,3,3.0,20706.0,304081.0,274384.0,321065.0,281462.0
2026-04-07 17:54:10.304483,279927,1520650050,1520651758,-0.954528,0.093696,0.023424,-5.32875,-2.61625,-5.32875,42.056004,5.776001,53.472004,eccentric,3,3.0,20706.0,304081.0,274384.0,321065.0,281462.0
2026-04-07 17:54:10.306965,279928,1520659159,1520660511,-0.954528,0.093696,0.023424,-5.5825,-3.185,-4.99625,42.056004,5.776001,53.472004,eccentric,3,3.0,20706.0,304081.0,274384.0,321065.0,281462.0
2026-04-07 17:54:10.309475,279929,1520673663,1520675441,-0.958432,0.091744,0.023424,-4.6025,-2.9225,-4.06875,41.896004,5.984,51.544003,eccentric,3,3.0,20706.0,304081.0,274384.0,321065.0,281462.0
2026-04-07 17:54:10.311973,279930,1520682685,1520684168,-0.962336,0.115168,0.040992,-2.89625,-2.82625,-3.6575,41.648003,6.008,51.728,eccentric,3,3.0,20706.0,304081.0,274384.0,321065.0,281462.0
2026-04-07 17:54:10.314478,279931,1520691626,1520692850,-0.962336,0.115168,0.040992,-1.365,-2.94875,-3.36,41.648003,6.008,51.728,eccentric,3,3.0,20706.0,304081.0,274384.0,321065.0,281462.0
2026-04-07 17:54:10.318280,279932,1520706271,1520707822,-0.921344,0.103456,0.015616,-0.8925,-2.975,-3.17625,41.736004,6.192,51.528004,eccentric,3,3.0,20706.0,304081.0,274384.0,321065.0,281462.0
2026-04-07 17:54:10.350683,279933,1520715204,1520716527,-0.921344,0.103456,0.015616,-0.23625,-2.91375,-4.15625,41.736004,6.192,51.528004,eccentric,3,3.0,20706.0,304081.0,274384.0,321065.0,281462.0
2026-04-07 17:54:10.353010,279934,1520724128,1520725216,-0.960384,0.08784,0.011712,0.55125,-2.51125,-5.55625,41.864002,6.168,52.024002,eccentric,3,3.0,20706.0,304081.0,274384.0,321065.0,281462.0
2026-04-07 17:54:10.357839,279935,1520738628,1520740158,-0.960384,0.08784,0.011712,0.245,-1.26,-6.965,41.864002,6.168,52.024002,eccentric,3,3.0,20706.0,304081.0,274384.0,321065.0,281462.0
2026-04-07 17:54:10.381548,279945,1520747685,1520748945,-0.972096,0.103456,0.00976,2.9925,-1.23375,-7.70875,41.336002,5.968,52.536003,eccentric,3,3.0,20948.0,306080.0,275952.0,322677.0,282850.0
2026-04-07 17:54:10.388732,279946,1520756723,1520757726,-0.972096,0.103456,0.00976,5.985,-1.96,-8.33,41.336002,5.968,52.536003,eccentric,3,3.0,20948.0,306080.0,275952.0,322677.0,282850.0
2026-04-07 17:54:10.390485,279947,1520765678,1520766434,-0.950624,0.089792,0.00976,6.65875,-2.7475,-7.90125,40.984,5.304,53.904003,eccentric,3,3.0,20948.0,306080.0,275952.0,322677.0,282850.0
2026-04-07 17:54:10.391977,279948,1520780635,1520781372,-0.950624,0.089792,0.056608,7.525,-2.89625,-7.25375,40.984,5.304,53.904003,eccentric,3,3.0,20948.0,306080.0,275952.0,322677.0,282850.0
2026-04-07 17:54:10.422276,279949,1520790062,1520792133,-0.942816,0.07808,0.0488,9.38,-3.61375,-6.4925,41.112003,5.72,49.24,eccentric,3,3.0,20948.0,306080.0,275952.0,322677.0,282850.0
2026-04-07 17:54:10.425764,279950,1520799024,1520800844,-0.942816,0.07808,0.0488,11.96125,-4.19125,-5.60875,41.112003,5.72,49.24,eccentric,3,3.0,20948.0,306080.0,275952.0,322677.0,282850.0
2026-04-07 17:54:10.428204,279951,1520813524,1520815716,-0.944768,0.113216,0.054656,13.02875,-5.495,-5.03125,40.912003,5.848,51.536003,eccentric,3,3.0,20948.0,306080.0,275952.0,322677.0,282850.0
2026-04-07 17:54:10.434486,279952,1520822469,1520824488,-0.929152,0.103456,0.046848,11.480001,-6.335,-4.2,40.488003,6.272,52.920002,eccentric,3,3.0,20948.0,306080.0,275952.0,322677.0,282850.0
2026-04-07 17:54:10.485908,279953,1520831483,1520833202,-0.929152,0.103456,0.046848,10.08875,-6.69375,-3.29,40.488003,6.272,52.920002,eccentric,3,3.0,20948.0,306080.0,275952.0,322677.0,282850.0
2026-04-07 17:54:10.489440,279954,1520840417,1520841896,-0.929152,0.103456,0.046848,10.6575,-6.055,-3.43,40.488003,6.272,52.920002,eccentric,3,3.0,20948.0,306080.0,275952.0,322677.0,282850.0
2026-04-07 17:54:10.521956,279964,1520854955,1520856869,-0.944768,0.093696,0.025376,11.73375,-5.7575,-4.5675,40.624,6.072001,51.968002,eccentric,3,3.0,21086.0,307235.0,276825.0,323540.0,283526.0
2026-04-07 17:54:10.524529,279965,1520863958,1520865585,-0.938912,0.121024,0.023424,14.74375,-5.81,-5.95875,40.416,5.776001,51.776,eccentric,3,3.0,21086.0,307235.0,276825.0,323540.0,283526.0
2026-04-07 17:54:10.527017,279966,1520872882,1520874277,-0.938912,0.121024,0.023424,17.4825,-5.2675,-6.3875,40.416,5.776001,51.776,eccentric,3,3.0,21086.0,307235.0,276825.0,323540.0,283526.0
2026-04-07 17:54:10.529464,279967,1520887532,1520889173,-0.931104,0.099552,0.044896,18.095,-4.55,-5.915,40.728,5.864,53.416004,eccentric,3,3.0,21086.0,307235.0,276825.0,323540.0,283526.0
2026-04-07 17:54:10.531927,279968,1520896498,1520897920,-0.931104,0.099552,0.044896,18.52375,-3.31625,-5.81,40.728,5.864,53.416004,eccentric,3,3.0,21086.0,307235.0,276825.0,323540.0,283526.0
2026-04-07 17:54:10.534422,279969,1520905485,1520906653,-0.929152,0.07808,0.089792,18.27875,-2.275,-5.8625,40.88,5.408001,53.392002,eccentric,3,3.0,21086.0,307235.0,276825.0,323540.0,283526.0
2026-04-07 17:54:10.537029,279970,1520920079,1520921581,-0.929152,0.07808,0.089792,18.10375,-2.49375,-5.29375,40.88,5.408001,53.392002,eccentric,3,3.0,21086.0,307235.0,276825.0,323540.0,283526.0
2026-04-07 17:54:10.541957,279971,1520929046,1520930346,-0.944768,0.064416,0.07808,18.9175,-2.0825,-4.83875,40.232002,5.176,53.968002,eccentric,3,3.0,21086.0,307235.0,276825.0,323540.0,283526.0
2026-04-07 17:54:10.572134,279972,1520937960,1520939053,-0.944768,0.064416,0.07808,21.1925,-1.6975,-4.62,40.232002,5.176,53.968002,eccentric,3,3.0,21086.0,307235.0,276825.0,323540.0,283526.0
2026-04-07 17:54:10.600720,279983,1520947446,1520947838,-0.931104,0.119072,0.074176,23.75625,-0.88375,-4.26125,40.048,5.136,51.936,eccentric,3,3.0,21006.0,306510.0,276211.0,322777.0,282686.0
2026-04-07 17:54:10.603264,279984,1520962353,1520962771,-0.938912,0.12688,0.066368,24.185,-0.20125,-4.8825,40.432003,5.152,51.08,eccentric,3,3.0,21006.0,306510.0,276211.0,322777.0,282686.0
2026-04-07 17:54:10.605677,279985,1520971656,1520973558,-0.938912,0.12688,0.066368,22.67125,0.20125,-5.08375,40.432003,5.152,51.08,eccentric,3,3.0,21006.0,306510.0,276211.0,322777.0,282686.0
2026-04-07 17:54:10.608239,279986,1520980684,1520982392,-0.938912,0.12688,0.066368,21.4375,0.72625,-5.46875,40.432003,5.152,51.08,eccentric,3,3.0,21006.0,306510.0,276211.0,322777.0,282686.0
2026-04-07 17:54:10.610700,279987,1520989680,1520991182,-0.954528,0.08784,0.046848,21.91,0.8225,-5.69625,41.08,4.672,52.176003,eccentric,3,3.0,21006.0,306510.0,276211.0,322777.0,282686.0
2026-04-07 17:54:10.616945,279988,1521004267,1521006144,-0.974048,0.099552,0.060512,25.10375,0.875,-6.41375,40.4,4.744,52.56,eccentric,3,3.0,21006.0,306510.0,276211.0,322777.0,282686.0
2026-04-07 17:54:10.647125,279989,1521013212,1521014838,-0.974048,0.099552,0.060512,28.210001,0.20125,-7.72625,40.4,4.744,52.56,eccentric,3,3.0,21006.0,306510.0,276211.0,322777.0,282686.0
2026-04-07 17:54:10.650673,279990,1521022167,1521023582,-0.99552,0.10736,0.076128,31.8675,-0.8225,-7.70875,40.4,2.696,52.968002,eccentric,3,3.0,21006.0,306510.0,276211.0,322777.0,282686.0
2026-04-07 17:54:10.653206,279991,1521036653,1521038483,-0.99552,0.10736,0.076128,34.195,-0.4375,-7.04375,40.640003,4.0,52.968002,eccentric,3,3.0,21006.0,306510.0,276211.0,322777.0,282686.0
2026-04-07 17:54:10.679036,280001,1521046021,1521047388,-1.001376,0.095648,0.06832,35.46375,-1.4,-6.0725,40.416,3.568,52.920002,eccentric,3,3.0,20815.0,304877.0,274904.0,321403.0,281491.0
2026-04-07 17:54:10.680745,280002,1521055042,1521056147,-1.001376,0.095648,0.06832,37.065,-1.575,-5.36375,40.416,3.568,52.920002,eccentric,3,3.0,20815.0,304877.0,274904.0,321403.0,281491.0
2026-04-07 17:54:10.683143,280003,1521063976,1521064910,-0.997472,0.085888,0.066368,38.17625,-1.70625,-4.36625,40.368,3.296,53.952003,eccentric,3,3.0,20815.0,304877.0,274904.0,321403.0,281491.0
2026-04-07 17:54:10.690706,280004,1521078455,1521079819,-0.997472,0.085888,0.066368,38.3425,-0.70875,-4.2525,40.368,3.296,53.952003,eccentric,3,3.0,20815.0,304877.0,274904.0,321403.0,281491.0
2026-04-07 17:54:10.720912,280005,1521087329,1521088495,-1.01504,0.095648,0.081984,38.263752,0.55125,-4.165,39.440002,2.856,53.072002,eccentric,3,3.0,20815.0,304877.0,274904.0,321403.0,281491.0
2026-04-07 17:54:10.724463,280006,1521096249,1521097208,-1.01504,0.095648,0.081984,39.06875,1.8725,-4.6725,39.440002,2.856,53.072002,eccentric,3,3.0,20815.0,304877.0,274904.0,321403.0,281491.0
2026-04-07 17:54:10.726969,280007,1521110737,1521112129,-1.00528,0.132736,0.091744,39.935,2.72125,-4.9,40.096,3.424,53.784004,eccentric,3,3.0,20815.0,304877.0,274904.0,321403.0,281491.0
2026-04-07 17:54:10.731934,280008,1521119626,1521120810,-1.00528,0.132736,0.091744,39.83,3.29,-5.18875,40.096,3.424,53.784004,eccentric,3,3.0,20815.0,304877.0,274904.0,321403.0,281491.0
2026-04-07 17:54:10.762216,280009,1521128551,1521129510,-0.993568,0.121024,0.095648,38.255,4.82125,-4.75125,40.04,2.072,54.784004,eccentric,3,3.0,20815.0,304877.0,274904.0,321403.0,281491.0
2026-04-07 17:54:10.765660,280010,1521143020,1521144450,-1.001376,0.115168,0.095648,36.04125,6.7725,-4.59375,40.184002,2.952,53.208004,eccentric,3,3.0,20815.0,304877.0,274904.0,321403.0,281491.0
2026-04-07 17:54:10.797016,280020,1521152021,1521153204,-1.001376,0.115168,0.095648,35.98,7.6125,-5.145,40.184002,2.952,53.208004,eccentric,3,3.0,20844.0,304859.0,274805.0,321209.0,281227.0
2026-04-07 17:54:10.799438,280021,1521160956,1521161901,-1.001376,0.115168,0.095648,36.47875,8.995,-5.7225,40.184002,2.952,53.208004,eccentric,3,3.0,20844.0,304859.0,274805.0,321209.0,281227.0
2026-04-07 17:54:10.801928,280022,1521175467,1521176811,-0.989664,0.128832,0.093696,37.75625,10.40375,-6.4225,40.504,2.0,51.624,eccentric,3,3.0,20844.0,304859.0,274805.0,321209.0,281227.0
2026-04-07 17:54:10.804437,280023,1521184389,1521185517,-0.993568,0.1464,0.0976,38.07125,10.64875,-7.035,40.352,1.576,54.368004,eccentric,3,3.0,20844.0,304859.0,274805.0,321209.0,281227.0
2026-04-07 17:54:10.806922,280024,1521193308,1521194239,-0.993568,0.1464,0.0976,36.3475,11.38375,-6.81625,40.352,1.576,54.368004,eccentric,3,3.0,20844.0,304859.0,274805.0,321209.0,281227.0
2026-04-07 17:54:10.838055,280025,1521207778,1521209132,-1.007232,0.128832,0.095648,34.335,12.43375,-7.035,40.376003,1.168,55.000004,eccentric,3,3.0,20844.0,304859.0,274805.0,321209.0,281227.0
2026-04-07 17:54:10.840704,280026,1521216701,1521217827,-1.007232,0.128832,0.095648,32.80375,13.50125,-6.90375,40.376003,1.168,55.000004,eccentric,3,3.0,20844.0,304859.0,274805.0,321209.0,281227.0
2026-04-07 17:54:10.843207,280027,1521225604,1521226529,-1.022848,0.111264,0.085888,31.692501,13.9825,-8.2425,41.152,1.064,54.456,eccentric,3,3.0,20844.0,304859.0,274805.0,321209.0,281227.0
2026-04-07 17:54:10.845812,280028,1521234589,1521235245,-1.022848,0.111264,0.085888,31.08875,14.25375,-9.28375,41.152,1.064,54.456,eccentric,3,3.0,20844.0,304859.0,274805.0,321209.0,281227.0
2026-04-07 17:54:10.902118,280039,1521249586,1521250531,-1.042368,0.121024,0.062464,32.03375,15.0675,-9.5025,40.552002,0.88,53.976,eccentric,3,3.0,20640.0,303126.0,273401.0,319710.0,279992.0
2026-04-07 17:54:10.904478,280040,1521258591,1521259289,-1.042368,0.121024,0.062464,32.8475,15.33875,-10.08875,40.552002,0.88,53.976,eccentric,3,3.0,20640.0,303126.0,273401.0,319710.0,279992.0
2026-04-07 17:54:10.906932,280041,1521267905,1521270111,-1.040416,0.128832,0.076128,33.0225,14.46375,-10.0975,40.800003,1.088,53.760002,eccentric,3,3.0,20640.0,303126.0,273401.0,319710.0,279992.0
2026-04-07 17:54:10.909442,280042,1521282411,1521283059,-1.040416,0.128832,0.076128,33.74,14.49875,-10.35125,40.800003,1.088,53.760002,eccentric,3,3.0,20640.0,303126.0,273401.0,319710.0,279992.0
2026-04-07 17:54:10.911968,280043,1521291789,1521293882,-1.04432,0.1464,0.085888,33.6525,14.30625,-10.29875,41.440002,0.792,53.88,eccentric,3,3.0,20640.0,303126.0,273401.0,319710.0,279992.0
2026-04-07 17:54:10.917926,280044,1521300789,1521302586,-1.04432,0.1464,0.085888,32.29625,13.50125,-10.33375,41.440002,0.792,53.88,eccentric,3,3.0,20640.0,303126.0,273401.0,319710.0,279992.0
2026-04-07 17:54:10.920724,280045,1521309853,1521311321,-1.052128,0.148352,0.085888,29.95125,13.7725,-10.54375,41.424004,0.112,54.008003,eccentric,3,3.0,20640.0,303126.0,273401.0,319710.0,279992.0
2026-04-07 17:54:10.951997,280046,1521324438,1521326260,-1.05408,0.15616,0.083936,28.21875,13.5275,-10.94625,41.528004,-0.088,54.248,eccentric,3,3.0,20640.0,303126.0,273401.0,319710.0,279992.0
2026-04-07 17:54:10.954487,280047,1521333369,1521334956,-1.05408,0.15616,0.083936,25.9,13.9125,-11.47125,41.528004,-0.088,54.248,eccentric,3,3.0,20640.0,303126.0,273401.0,319710.0,279992.0
2026-04-07 17:54:10.957004,280048,1521342307,1521343644,-1.05408,0.15616,0.083936,22.86375,14.34125,-11.85625,41.528004,-0.088,54.248,eccentric,3,3.0,20640.0,303126.0,273401.0,319710.0,279992.0
2026-04-07 17:54:10.981969,280058,1521356954,1521358692,-1.042368,0.122976,0.091744,20.195,13.67625,-12.075,41.072002,-0.184,54.696003,eccentric,3,3.0,20639.0,303091.0,273311.0,319619.0,279909.0
2026-04-07 17:54:10.984501,280059,1521365912,1521367497,-1.057984,0.119072,0.07808,17.71875,12.85375,-11.73375,41.488003,0.08,53.88,eccentric,3,3.0,20639.0,303091.0,273311.0,319619.0,279909.0
2026-04-07 17:54:10.986993,280060,1521374873,1521376215,-1.057984,0.119072,0.07808,14.46375,11.4975,-12.04875,41.488003,0.08,53.88,eccentric,3,3.0,20639.0,303091.0,273311.0,319619.0,279909.0
2026-04-07 17:54:11.017151,280061,1521383838,1521384918,-1.052128,0.119072,0.07808,11.94375,10.66625,-12.06625,41.488003,-1.968,53.704002,eccentric,3,3.0,20639.0,303091.0,273311.0,319619.0,279909.0
2026-04-07 17:54:11.022896,280062,1521398291,1521399794,-1.052128,0.119072,0.07808,10.675,9.765,-11.27,41.848003,-0.008,53.704002,eccentric,3,3.0,20639.0,303091.0,273311.0,319619.0,279909.0
2026-04-07 17:54:11.023416,280063,1521407236,1521408511,-1.05408,0.130784,0.081984,8.86375,9.49375,-10.9725,41.464,-0.24,53.896004,eccentric,3,3.0,20639.0,303091.0,273311.0,319619.0,279909.0
2026-04-07 17:54:11.026928,280064,1521416228,1521417235,-1.05408,0.130784,0.081984,5.29375,8.88125,-10.29,41.464,-0.24,53.896004,eccentric,3,3.0,20639.0,303091.0,273311.0,319619.0,279909.0
2026-04-07 17:54:11.057166,280065,1521430729,1521432135,-1.048224,0.128832,0.07808,2.9575,8.00625,-9.975,41.744003,0.008,53.384003,eccentric,3,3.0,20639.0,303091.0,273311.0,319619.0,279909.0
2026-04-07 17:54:11.060937,280066,1521439655,1521440823,-1.048224,0.128832,0.07808,1.42625,7.77875,-9.72125,41.744003,0.008,53.384003,eccentric,3,3.0,20639.0,303091.0,273311.0,319619.0,279909.0
2026-04-07 17:54:11.108265,280076,1521449155,1521449603,-1.03456,0.13664,0.072224,-0.07,7.74375,-9.21375,41.784,0.16,53.704002,eccentric,3,3.0,20693.0,303375.0,273503.0,319818.0,280103.0
2026-04-07 17:54:11.110707,280077,1521458621,1521460395,-1.03456,0.13664,0.072224,-2.4325,8.2775,-9.59,41.784,0.16,53.704002,eccentric,3,3.0,20693.0,303375.0,273503.0,319818.0,280103.0
2026-04-07 17:54:11.113255,280078,1521473146,1521475322,-1.038464,0.13664,0.066368,-3.64,7.805,-9.91375,41.896004,0.128,54.168003,eccentric,3,3.0,20693.0,303375.0,273503.0,319818.0,280103.0
2026-04-07 17:54:11.115661,280079,1521482084,1521484094,-1.038464,0.13664,0.066368,-5.0225,8.44375,-9.948751,41.896004,0.128,54.168003,eccentric,3,3.0,20693.0,303375.0,273503.0,319818.0,280103.0
2026-04-07 17:54:11.118193,280080,1521491040,1521492815,-1.042368,0.130784,0.056608,-6.16875,8.88125,-9.9925,41.192,0.232,54.920002,eccentric,3,3.0,20693.0,303375.0,273503.0,319818.0,280103.0
2026-04-07 17:54:11.120789,280081,1521505601,1521507713,-1.040416,0.134688,0.062464,-6.50125,8.81125,-10.31625,41.2,-0.072,53.08,eccentric,3,3.0,20693.0,303375.0,273503.0,319818.0,280103.0
2026-04-07 17:54:11.126938,280082,1521514529,1521516411,-1.040416,0.134688,0.062464,-7.21875,8.6625,-9.84375,41.2,-0.072,53.08,eccentric,3,3.0,20693.0,303375.0,273503.0,319818.0,280103.0
2026-04-07 17:54:11.154554,280083,1521523533,1521525105,-1.040416,0.134688,0.062464,-8.575,8.18125,-9.5375,41.2,-0.072,53.08,eccentric,3,3.0,20693.0,303375.0,273503.0,319818.0,280103.0
2026-04-07 17:54:11.157534,280084,1521538089,1521540072,-1.048224,0.134688,0.0488,-11.27875,7.805,-9.625,41.568,0.656,53.536003,eccentric,3,3.0,20693.0,303375.0,273503.0,319818.0,280103.0
2026-04-07 17:54:11.184478,280095,1521547061,1521548801,-1.046272,0.11712,0.037088,-12.985,7.2975,-9.292501,41.976,0.616,53.512,eccentric,3,3.0,20705.0,303460.0,273543.0,319842.0,280111.0
2026-04-07 17:54:11.187015,280096,1521556478,1521557611,-1.046272,0.11712,0.037088,-13.5625,7.4725,-8.7325,41.976,0.616,53.512,eccentric,3,3.0,20705.0,303460.0,273543.0,319842.0,280111.0
2026-04-07 17:54:11.189457,280097,1521565471,1521566333,-1.071648,0.109312,0.01952,-14.2625,7.245,-8.575,42.112003,1.472,54.776,eccentric,3,3.0,20705.0,303460.0,273543.0,319842.0,280111.0
2026-04-07 17:54:11.191955,280098,1521579984,1521581241,-1.071648,0.109312,0.01952,-14.385,6.97375,-8.2775,42.112003,1.472,54.776,eccentric,3,3.0,20705.0,303460.0,273543.0,319842.0,280111.0
2026-04-07 17:54:11.223521,280099,1521588912,1521589932,-1.085312,0.134688,0.037088,-14.49875,6.5625,-7.91875,41.856003,1.0,55.048004,eccentric,3,3.0,20705.0,303460.0,273543.0,319842.0,280111.0
2026-04-07 17:54:11.227053,280100,1521597842,1521598745,-1.085312,0.134688,0.037088,-13.53625,5.99375,-7.51625,41.856003,1.0,55.048004,eccentric,3,3.0,20705.0,303460.0,273543.0,319842.0,280111.0
2026-04-07 17:54:11.229474,280101,1521612348,1521613637,-1.095072,0.130784,0.02928,-13.825,5.69625,-7.58625,41.648003,0.848,53.152004,eccentric,3,3.0,20705.0,303460.0,273543.0,319842.0,280111.0
2026-04-07 17:54:11.233208,280102,1521621251,1521622372,-1.095072,0.130784,0.02928,-15.33,5.53875,-7.46375,41.648003,0.848,53.152004,eccentric,3,3.0,20705.0,303460.0,273543.0,319842.0,280111.0
