pc_time,serial_num,sensor_ts,host_ts,ax,ay,az,gx,gy,gz,mx,my,mz,phase,rpe,weight_kg,ppg_a,ppg_b,ppg_c,ppg_d,ppg_e
2026-04-14 18:14:09.816044,831099,1609507943426516,5543396303,0.931104,0.07808,0.232288,-124.32,-32.69,-50.4875,-8.096001,7.264,29.584002,none,4,3.0,94594.0,315329.0,173060.0,307494.0,183730.0
2026-04-14 18:14:09.838287,831100,1609507943435490,5543405005,0.931104,0.07808,0.232288,-125.37,-35.420002,-52.71875,-8.096001,7.264,29.584002,none,4,3.0,94594.0,315329.0,173060.0,307494.0,183730.0
2026-04-14 18:14:09.846128,831101,1609507943450019,5543419915,0.954528,-0.003904,0.257664,-124.425,-36.56625,-51.4325,-8.464001,8.792001,27.880001,none,4,3.0,94594.0,315329.0,173060.0,307494.0,183730.0
2026-04-14 18:14:09.851625,831102,1609507943458956,5543428661,0.954528,-0.003904,0.501664,-124.60875,-34.51875,-46.8125,-8.464001,8.792001,27.880001,none,4,3.0,94594.0,315329.0,173060.0,307494.0,183730.0
2026-04-14 18:14:09.878677,831113,1609507943473929,5543443696,0.960384,0.066368,0.501664,-125.88625,-29.575,-41.16875,-8.264,9.952001,28.640001,none,4,3.0,118623.0,332190.0,202190.0,321926.0,213330.0
2026-04-14 18:14:09.881333,831114,1609507943482972,5543452382,0.983808,0.054656,0.232288,-122.36875,-25.7075,-39.66375,-9.480001,11.792001,27.216002,none,4,3.0,118623.0,332190.0,202190.0,321926.0,213330.0
2026-04-14 18:14:09.883832,831115,1609507943492001,5543461128,0.983808,0.054656,0.232288,-123.655,-24.66625,-41.39625,-9.480001,11.792001,27.216002,none,4,3.0,118623.0,332190.0,202190.0,321926.0,213330.0
2026-04-14 18:14:09.886330,831116,1609507943506515,5543476153,0.921344,0.081984,0.374784,-125.93,-25.7075,-44.30125,-9.480001,12.984,26.504002,none,4,3.0,118623.0,332190.0,202190.0,321926.0,213330.0
2026-04-14 18:14:09.892546,831117,1609507943515545,5543484863,0.921344,0.081984,0.374784,-125.37875,-25.48,-50.26,-9.480001,12.984,26.504002,none,4,3.0,118623.0,332190.0,202190.0,321926.0,213330.0
2026-04-14 18:14:09.906155,831118,1609507943530048,5543499792,0.88816,0.011712,0.525088,-127.426254,-24.675,-54.232502,-9.432,13.992001,25.04,none,4,3.0,118623.0,332190.0,202190.0,321926.0,213330.0
2026-04-14 18:14:09.914840,831119,1609507943539033,5543508597,0.88816,0.011712,0.525088,-129.49126,-24.85875,-54.18875,-9.432,13.992001,25.04,none,4,3.0,118623.0,332190.0,202190.0,321926.0,213330.0
2026-04-14 18:14:09.922264,831120,1609507943547971,5543517336,0.921344,-0.044896,0.568032,-124.6875,-24.0975,-52.605,-9.84,14.992001,22.432001,none,4,3.0,118623.0,332190.0,202190.0,321926.0,213330.0
2026-04-14 18:14:09.938551,831121,1609507943562468,5543532248,0.90768,-0.017568,0.486048,-120.715004,-21.875,-51.415,-10.616,16.52,24.208002,none,4,3.0,118623.0,332190.0,202190.0,321926.0,213330.0
2026-04-14 18:14:09.969759,831132,1609507943571875,5543541231,0.90768,-0.017568,0.486048,-119.41125,-19.59125,-49.16625,-10.616,16.52,24.208002,none,4,3.0,122475.0,336549.0,207118.0,326171.0,217621.0
2026-04-14 18:14:09.974412,831133,1609507943586473,5543556245,0.864736,-0.007808,0.421632,-116.5675,-18.83875,-48.16,-10.552,17.088001,23.304,none,4,3.0,122475.0,336549.0,207118.0,326171.0,217621.0
2026-04-14 18:14:09.974827,831134,1609507943595605,5543564950,0.864736,-0.007808,0.421632,-111.0375,-19.0925,-50.39125,-10.552,17.088001,23.304,none,4,3.0,122475.0,336549.0,207118.0,326171.0,217621.0
2026-04-14 18:14:09.981144,831135,1609507943604653,5543573650,0.7808,0.001952,0.324032,-105.39375,-18.61125,-53.66375,-11.056001,18.008001,22.512001,none,4,3.0,122475.0,336549.0,207118.0,326171.0,217621.0
2026-04-14 18:14:09.993618,831136,1609507943619192,5543588606,0.7808,0.001952,0.324032,-103.11875,-18.27,-55.291252,-11.056001,18.008001,22.512001,none,4,3.0,122475.0,336549.0,207118.0,326171.0,217621.0
2026-04-14 18:14:10.003557,831137,1609507943628224,5543597307,0.827648,-0.062464,0.310368,-101.05375,-17.54375,-54.29375,-11.192,18.792002,22.128,none,4,3.0,122475.0,336549.0,207118.0,326171.0,217621.0
2026-04-14 18:14:10.037380,831138,1609507943642718,5543612204,0.813984,0.02928,0.435296,-97.13375,-16.51125,-53.12125,-11.672001,19.816002,22.088001,none,4,3.0,122475.0,336549.0,207118.0,326171.0,217621.0
2026-04-14 18:14:10.039575,831139,1609507943651614,5543620899,0.813984,0.02928,0.435296,-93.03,-14.06125,-51.75625,-11.672001,19.816002,22.088001,none,4,3.0,122475.0,336549.0,207118.0,326171.0,217621.0
2026-04-14 18:14:10.043422,831140,1609507943666068,5543635806,0.716384,0.064416,0.2928,-90.86,-11.9525,-51.89625,-13.096001,20.504002,20.504002,none,4,3.0,122475.0,336549.0,207118.0,326171.0,217621.0
2026-04-14 18:14:10.071069,831151,1609507943675139,5543644601,0.716384,0.064416,0.2928,-88.85625,-10.28125,-53.64625,-13.096001,20.504002,20.504002,none,4,3.0,117536.0,333822.0,200935.0,323451.0,211302.0
2026-04-14 18:14:10.073890,831152,1609507943684128,5543653355,0.74176,0.017568,0.271328,-84.81375,-8.68875,-55.895,-13.440001,20.584002,20.152,none,4,3.0,117536.0,333822.0,200935.0,323451.0,211302.0
2026-04-14 18:14:10.078071,831153,1609507943698704,5543668530,0.74176,0.017568,0.271328,-82.11875,-6.7025,-57.015,-13.440001,20.584002,20.152,none,4,3.0,117536.0,333822.0,200935.0,323451.0,211302.0
2026-04-14 18:14:10.082250,831154,1609507943707731,5543677239,0.71248,0.02928,0.296704,-83.2475,-4.26125,-54.888752,-12.792001,21.344002,19.952002,none,4,3.0,117536.0,333822.0,200935.0,323451.0,211302.0
2026-04-14 18:14:10.098620,831155,1609507943722258,5543692165,0.806176,0.052704,0.357216,-84.98875,-0.2975,-51.388752,-13.280001,22.048,19.52,none,4,3.0,117536.0,333822.0,200935.0,323451.0,211302.0
2026-04-14 18:14:10.107441,831156,1609507943731255,5543700880,0.806176,0.052704,0.357216,-85.54875,3.49125,-49.805,-13.280001,22.048,19.52,none,4,3.0,117536.0,333822.0,200935.0,323451.0,211302.0
2026-04-14 18:14:10.117727,831157,1609507943740322,5543709593,0.806176,0.052704,0.357216,-86.28375,6.58,-49.385,-13.280001,22.048,19.52,none,4,3.0,117536.0,333822.0,200935.0,323451.0,211302.0
2026-04-14 18:14:10.130155,831158,1609507943754840,5543724534,0.769088,0.091744,0.386496,-84.9975,9.485,-51.42375,-14.280001,22.696001,19.128,none,4,3.0,117536.0,333822.0,200935.0,323451.0,211302.0
2026-04-14 18:14:10.140383,831159,1609507943763775,5543733222,0.77104,0.066368,0.415776,-82.78375,11.31375,-54.04875,-15.312,23.008001,18.84,none,4,3.0,117536.0,333822.0,200935.0,323451.0,211302.0
2026-04-14 18:14:10.219195,831170,1609507943778311,5543748687,0.77104,0.066368,0.415776,-81.17375,13.0375,-54.46,-15.312,23.008001,18.84,none,4,3.0,107455.0,326456.0,188325.0,316569.0,199257.0
2026-04-14 18:14:10.221275,831171,1609507943787349,5543757465,0.806176,0.031232,0.415776,-81.62,14.77,-51.73875,-13.592001,23.296001,17.264,none,4,3.0,107455.0,326456.0,188325.0,316569.0,199257.0
2026-04-14 18:14:10.223791,831172,1609507943802117,5543772399,0.788608,0.06832,0.445056,-82.48625,16.7125,-47.20625,-13.936001,23.28,17.384,none,4,3.0,107455.0,326456.0,188325.0,316569.0,199257.0
2026-04-14 18:14:10.226225,831173,1609507943811052,5543781098,0.788608,0.06832,0.445056,-79.89625,20.055,-43.75,-13.936001,23.28,17.384,none,4,3.0,107455.0,326456.0,188325.0,316569.0,199257.0
2026-04-14 18:14:10.229847,831174,1609507943819999,5543789810,0.788608,0.06832,0.445056,-74.94375,22.79375,-44.065,-13.936001,23.28,17.384,none,4,3.0,107455.0,326456.0,188325.0,316569.0,199257.0
2026-04-14 18:14:10.231332,831175,1609507943834492,5543804715,0.732,0.11712,0.345504,-71.28625,25.4975,-47.20625,-14.320001,24.224,18.184,none,4,3.0,107455.0,326456.0,188325.0,316569.0,199257.0
2026-04-14 18:14:10.233677,831176,1609507943843489,5543813426,0.798368,0.062464,0.304512,-69.48375,27.1425,-51.72125,-15.264001,24.608002,15.720001,none,4,3.0,107455.0,326456.0,188325.0,316569.0,199257.0
2026-04-14 18:14:10.236952,831177,1609507943858088,5543828501,0.798368,0.062464,0.304512,-70.1575,28.7875,-54.5825,-15.264001,24.608002,15.720001,none,4,3.0,107455.0,326456.0,188325.0,316569.0,199257.0
2026-04-14 18:14:10.242488,831178,1609507943867103,5543837210,0.856928,0.052704,0.44896,-72.54625,30.10875,-55.335,-15.608001,25.032001,16.52,none,4,3.0,107455.0,326456.0,188325.0,316569.0,199257.0
2026-04-14 18:14:10.271003,831189,1609507943876314,5543846042,0.856928,0.052704,0.44896,-74.36625,30.835001,-55.965,-15.608001,25.032001,16.52,none,4,3.0,114050.0,333051.0,196604.0,323069.0,207375.0
2026-04-14 18:14:10.274105,831190,1609507943891052,5543861042,0.75152,0.109312,0.427488,-74.20875,32.2525,-57.05875,-15.816001,25.12,16.008001,none,4,3.0,114050.0,333051.0,196604.0,323069.0,207375.0
2026-04-14 18:14:10.276308,831191,1609507943900212,5543869742,0.75152,0.109312,0.427488,-73.36875,33.60875,-58.19625,-15.816001,25.12,16.008001,none,4,3.0,114050.0,333051.0,196604.0,323069.0,207375.0
2026-04-14 18:14:10.291294,831192,1609507943914727,5543884640,0.8296,0.01952,0.445056,-71.04125,32.357502,-58.52875,-15.688001,25.112001,16.512001,none,4,3.0,114050.0,333051.0,196604.0,323069.0,207375.0
2026-04-14 18:14:10.298748,831193,1609507943923696,5543893410,0.823744,0.054656,0.38064,-67.4275,29.46125,-54.87125,-17.192001,25.752,14.440001,none,4,3.0,114050.0,333051.0,196604.0,323069.0,207375.0
2026-04-14 18:14:10.310406,831194,1609507943932660,5543902142,0.823744,0.054656,0.38064,-59.85,25.1825,-51.7125,-17.192001,25.752,14.440001,none,4,3.0,114050.0,333051.0,196604.0,323069.0,207375.0
2026-04-14 18:14:10.323775,831195,1609507943947158,5543917102,0.743712,0.095648,0.296704,-52.59625,20.7025,-50.1375,-15.672001,25.240002,13.72,none,4,3.0,114050.0,333051.0,196604.0,323069.0,207375.0
2026-04-14 18:14:10.332743,831196,1609507943956173,5543925824,0.743712,0.095648,0.296704,-49.11375,15.02375,-47.18875,-15.672001,25.240002,13.72,none,4,3.0,114050.0,333051.0,196604.0,323069.0,207375.0
2026-04-14 18:14:10.372801,831207,1609507943970668,5543941294,0.767136,0.105408,0.40016,-46.24375,8.085,-42.86625,-16.008001,25.240002,13.664001,none,4,3.0,118904.0,331880.0,203392.0,322440.0,214093.0
2026-04-14 18:14:10.375311,831208,1609507943979701,5543949994,0.767136,0.105408,0.40016,-43.3125,1.2775,-38.482502,-16.008001,25.240002,13.664001,none,4,3.0,118904.0,331880.0,203392.0,322440.0,214093.0
2026-04-14 18:14:10.377394,831209,1609507943994283,5543963105,0.854976,0.056608,0.454816,-44.7475,-4.94375,-32.85625,-16.28,25.480001,13.320001,none,4,3.0,118904.0,331880.0,203392.0,322440.0,214093.0
2026-04-14 18:14:10.380596,831210,1609507944003745,5543973899,0.786656,0.017568,0.314272,-47.6525,-8.7675,-26.5125,-16.328001,25.760002,13.952001,none,4,3.0,118904.0,331880.0,203392.0,322440.0,214093.0
2026-04-14 18:14:10.389992,831211,1609507944012715,5543982594,0.786656,0.017568,0.314272,-47.285,-9.33625,-22.0325,-16.328001,25.760002,13.952001,none,4,3.0,118904.0,331880.0,203392.0,322440.0,214093.0
2026-04-14 18:14:10.406248,831212,1609507944027337,5543997478,0.788608,0.007808,0.26352,-42.00875,-7.21875,-19.1975,-16.912,25.904001,13.272,none,4,3.0,118904.0,331880.0,203392.0,322440.0,214093.0
2026-04-14 18:14:10.412949,831213,1609507944036275,5544006230,0.788608,0.007808,0.26352,-33.22375,-3.9375,-16.065,-16.912,25.904001,13.272,none,4,3.0,118904.0,331880.0,203392.0,322440.0,214093.0
2026-04-14 18:14:10.430735,831214,1609507944050823,5544021178,0.837408,0.01952,0.466528,-24.7625,-0.21,-11.05125,-17.216002,26.152,13.192,none,4,3.0,118904.0,331880.0,203392.0,322440.0,214093.0
2026-04-14 18:14:10.436367,831215,1609507944059745,5544029866,0.837408,0.01952,0.466528,-20.88625,3.22,-4.7075,-17.216002,26.152,13.192,none,4,3.0,118904.0,331880.0,203392.0,322440.0,214093.0
2026-04-14 18:14:10.446652,831216,1609507944068817,5544038582,0.853024,-0.07808,0.32208,-22.44375,7.0,3.1675,-16.248001,26.080002,12.248,none,4,3.0,118904.0,331880.0,203392.0,322440.0,214093.0
2026-04-14 18:14:10.473459,831227,1609507944083438,5544053630,0.853024,0.007808,0.404064,-22.95125,12.005,11.2,-16.248001,26.080002,12.248,none,4,3.0,127176.0,336193.0,213776.0,326466.0,224213.0
2026-04-14 18:14:10.475977,831228,1609507944092378,5544062353,0.755424,0.007808,0.404064,-19.55625,17.26375,15.68,-16.144001,26.008001,12.152,none,4,3.0,127176.0,336193.0,213776.0,326466.0,224213.0
2026-04-14 18:14:10.483546,831229,1609507944106931,5544077277,0.802272,0.013664,0.427488,-14.51625,21.49,17.9375,-15.824,26.168001,12.536,none,4,3.0,127176.0,336193.0,213776.0,326466.0,224213.0
2026-04-14 18:14:10.490947,831230,1609507944115909,5544085987,0.802272,0.013664,0.427488,-9.730001,25.22625,18.165,-15.824,26.168001,12.536,none,4,3.0,127176.0,336193.0,213776.0,326466.0,224213.0
2026-04-14 18:14:10.506102,831231,1609507944130435,5544098831,0.743712,-0.023424,0.3416,-7.90125,28.51625,17.54375,-15.256001,26.776001,12.528001,none,4,3.0,127176.0,336193.0,213776.0,326466.0,224213.0
2026-04-14 18:14:10.517490,831232,1609507944139770,5544109585,0.743712,-0.023424,0.3416,-10.50875,30.695,18.41,-15.256001,26.776001,12.528001,none,4,3.0,127176.0,336193.0,213776.0,326466.0,224213.0
2026-04-14 18:14:10.550030,831233,1609507944148689,5544118269,0.827648,-0.06832,0.491904,-12.775,31.9725,20.5975,-15.384001,26.792002,11.960001,none,4,3.0,127176.0,336193.0,213776.0,326466.0,224213.0
2026-04-14 18:14:10.575005,831234,1609507944163410,5544133179,0.827648,-0.06832,0.491904,-11.10375,30.52875,22.44375,-15.384001,26.792002,11.960001,none,4,3.0,127176.0,336193.0,213776.0,326466.0,224213.0
2026-04-14 18:14:10.592603,831235,1609507944172362,5544141872,0.755424,-0.027328,0.427488,-6.11625,27.1775,23.72125,-15.040001,27.208002,13.024,none,4,3.0,127176.0,336193.0,213776.0,326466.0,224213.0
2026-04-14 18:14:10.619784,831246,1609507944186925,5544156832,0.831552,-0.044896,0.501664,-1.6275,21.00875,23.33625,-14.864,27.248001,13.144001,none,4,3.0,115723.0,334905.0,200467.0,326329.0,210966.0
2026-04-14 18:14:10.622142,831247,1609507944195860,5544165517,0.831552,-0.044896,0.501664,0.7525,16.3275,22.95125,-14.864,27.248001,13.144001,none,4,3.0,115723.0,334905.0,200467.0,326329.0,210966.0
2026-04-14 18:14:10.624614,831248,1609507944204807,5544174183,0.759328,-0.066368,0.452864,1.84625,14.175,22.9775,-14.776001,27.36,13.144001,none,4,3.0,115723.0,334905.0,200467.0,326329.0,210966.0
2026-04-14 18:14:10.627066,831249,1609507944219338,5544189144,0.759328,-0.066368,0.452864,0.35,13.36125,24.29875,-14.776001,27.36,13.144001,none,4,3.0,115723.0,334905.0,200467.0,326329.0,210966.0
2026-04-14 18:14:10.629660,831250,1609507944228446,5544197883,0.774944,-0.074176,0.456768,0.105,15.68,24.0625,-13.992001,27.296001,12.84,none,4,3.0,115723.0,334905.0,200467.0,326329.0,210966.0
2026-04-14 18:14:10.632097,831251,1609507944243092,5544212863,0.774944,-0.074176,0.456768,1.88125,18.61125,21.48125,-13.992001,27.296001,12.84,none,4,3.0,115723.0,334905.0,200467.0,326329.0,210966.0
2026-04-14 18:14:10.634553,831252,1609507944252170,5544221564,0.70272,-0.033184,0.398208,4.62875,19.41625,19.59125,-13.816001,27.264002,13.328001,none,4,3.0,115723.0,334905.0,200467.0,326329.0,210966.0
2026-04-14 18:14:10.637096,831253,1609507944261155,5544230301,0.70272,-0.033184,0.398208,9.17,19.04875,17.5525,-13.816001,27.264002,13.328001,none,4,3.0,115723.0,334905.0,200467.0,326329.0,210966.0
2026-04-14 18:14:10.698804,831264,1609507944276088,5544245375,0.732,-0.06832,0.3904,13.7375,18.1125,16.1525,-12.864,26.464,12.64,none,4,3.0,118659.0,335914.0,204708.0,328011.0,215237.0
2026-04-14 18:14:10.701278,831265,1609507944285108,5544254285,0.689056,-0.035136,0.530944,16.47625,17.99,16.94,-13.320001,27.128002,13.6,none,4,3.0,118659.0,335914.0,204708.0,328011.0,215237.0
2026-04-14 18:14:10.703659,831266,1609507944299591,5544269224,0.689056,-0.035136,0.530944,17.03625,19.1975,19.7575,-13.320001,27.128002,13.6,none,4,3.0,118659.0,335914.0,204708.0,328011.0,215237.0
2026-04-14 18:14:10.706211,831267,1609507944308693,5544278008,0.778848,0.003904,0.628544,19.53875,19.8275,20.9825,-13.160001,27.544,15.064001,none,4,3.0,118659.0,335914.0,204708.0,328011.0,215237.0
2026-04-14 18:14:10.708861,831268,1609507944317635,5544286746,0.778848,0.003904,0.628544,23.17,19.4425,20.32625,-13.160001,27.544,15.064001,none,4,3.0,118659.0,335914.0,204708.0,328011.0,215237.0
2026-04-14 18:14:10.711294,831269,1609507944332336,5544301780,0.679296,0.003904,0.464576,26.5825,16.695,20.15125,-13.328001,27.28,15.856001,none,4,3.0,118659.0,335914.0,204708.0,328011.0,215237.0
2026-04-14 18:14:10.716331,831270,1609507944341443,5544310514,0.679296,0.003904,0.464576,30.24,11.85625,19.897501,-13.328001,27.28,15.856001,none,4,3.0,118659.0,335914.0,204708.0,328011.0,215237.0
2026-04-14 18:14:10.731720,831271,1609507944355936,5544325453,0.815936,-0.007808,0.569984,31.745,8.46125,18.9525,-11.552001,26.624,13.792001,none,4,3.0,118659.0,335914.0,204708.0,328011.0,215237.0
2026-04-14 18:14:10.741348,831272,1609507944364864,5544334136,0.815936,-0.007808,0.452864,31.885,8.5925,16.87875,-11.552001,26.624,13.792001,none,4,3.0,118659.0,335914.0,204708.0,328011.0,215237.0
2026-04-14 18:14:10.775034,831283,1609507944379527,5544349122,0.735904,0.037088,0.452864,29.067501,8.5575,15.33,-11.528001,26.728,13.352,none,4,3.0,136873.0,343838.0,226629.0,334547.0,236607.0
2026-04-14 18:14:10.777848,831284,1609507944388718,5544357913,0.753472,0.08784,0.687104,30.3625,6.86,13.72875,-11.128,25.864,14.992001,none,4,3.0,136873.0,343838.0,226629.0,334547.0,236607.0
2026-04-14 18:14:10.780222,831285,1609507944397710,5544366620,0.753472,0.08784,0.687104,35.420002,4.1475,11.06,-11.128,25.864,14.992001,none,4,3.0,136873.0,343838.0,226629.0,334547.0,236607.0
2026-04-14 18:14:10.787537,831286,1609507944412299,5544381598,0.749568,0.031232,0.357216,38.82375,1.1725,8.74125,-11.184001,26.688002,15.464001,none,4,3.0,136873.0,343838.0,226629.0,334547.0,236607.0
2026-04-14 18:14:10.797473,831287,1609507944421216,5544390423,0.749568,0.031232,0.357216,40.69625,-2.2225,9.0125,-11.184001,26.688002,15.464001,none,4,3.0,136873.0,343838.0,226629.0,334547.0,236607.0
2026-04-14 18:14:10.811360,831288,1609507944435698,5544405347,0.782752,0.015616,0.3904,39.2875,-5.45125,10.52625,-11.744,26.080002,14.480001,none,4,3.0,136873.0,343838.0,226629.0,334547.0,236607.0
2026-04-14 18:14:10.821112,831289,1609507944444649,5544414049,0.782752,0.015616,0.3904,37.54625,-7.7,11.9875,-11.744,26.080002,14.480001,none,4,3.0,136873.0,343838.0,226629.0,334547.0,236607.0
2026-04-14 18:14:10.828920,831290,1609507944453651,5544422705,0.778848,0.08784,0.42944,40.705,-7.8225,11.75125,-11.080001,25.536001,15.344001,none,4,3.0,136873.0,343838.0,226629.0,334547.0,236607.0
2026-04-14 18:14:10.843630,831291,1609507944468148,5544437652,0.759328,0.122976,0.5856,44.05625,-7.58625,9.6425,-11.424001,25.44,15.704,none,4,3.0,136873.0,343838.0,226629.0,334547.0,236607.0
2026-04-14 18:14:10.878970,831302,1609507944477118,5544446465,0.759328,0.122976,0.5856,44.1,-8.68,7.945,-11.424001,25.44,15.704,none,4,3.0,141585.0,344115.0,231887.0,334053.0,241574.0
2026-04-14 18:14:10.881609,831303,1609507944491716,5544461428,0.812032,0.003904,0.554368,40.2675,-11.06,8.68875,-10.896001,25.224,16.2,none,4,3.0,141585.0,344115.0,231887.0,334053.0,241574.0
2026-04-14 18:14:10.884090,831304,1609507944500771,5544470167,0.812032,0.003904,0.554368,40.04,-13.7025,11.20875,-10.896001,25.224,16.2,none,4,3.0,141585.0,344115.0,231887.0,334053.0,241574.0
2026-04-14 18:14:10.891641,831305,1609507944515351,5544485088,0.85888,0.072224,0.552416,42.175,-14.0525,13.20375,-11.144,24.880001,16.072,none,4,3.0,141585.0,344115.0,231887.0,334053.0,241574.0
2026-04-14 18:14:10.916673,831306,1609507944524341,5544493777,0.85888,0.072224,0.552416,41.48375,-12.17125,14.34125,-11.144,24.880001,16.072,none,4,3.0,141585.0,344115.0,231887.0,334053.0,241574.0
2026-04-14 18:14:10.941455,831307,1609507944533362,5544502503,0.7808,0.121024,0.484096,36.89875,-9.205,13.877501,-11.032001,24.576,18.480001,none,4,3.0,141585.0,344115.0,231887.0,334053.0,241574.0
2026-04-14 18:14:10.966550,831308,1609507944547927,5544517405,0.856928,0.046848,0.382592,35.98,-5.845,12.99375,-11.096001,24.152,15.072001,none,4,3.0,141585.0,344115.0,231887.0,334053.0,241574.0
2026-04-14 18:14:10.969434,831309,1609507944556856,5544526088,0.856928,0.046848,0.382592,39.17375,-4.73375,10.1325,-11.096001,24.152,15.072001,none,4,3.0,141585.0,344115.0,231887.0,334053.0,241574.0
2026-04-14 18:14:10.971050,831310,1609507944571349,5544541049,0.825696,0.00976,0.353312,37.388752,-5.59125,9.12625,-10.944,23.608002,17.04,none,4,3.0,141585.0,344115.0,231887.0,334053.0,241574.0
2026-04-14 18:14:10.998636,831321,1609507944580412,5544549768,0.825696,0.00976,0.353312,32.82125,-5.74,9.5375,-10.944,23.608002,17.04,none,4,3.0,136985.0,342530.0,226160.0,332558.0,236095.0
2026-04-14 18:14:11.001064,831322,1609507944589416,5544558546,0.835456,0.044896,0.447008,26.29375,-5.1275,10.43,-11.000001,23.880001,18.28,none,4,3.0,136985.0,342530.0,226160.0,332558.0,236095.0
2026-04-14 18:14:11.003353,831323,1609507944604103,5544573488,0.835456,0.044896,0.447008,18.62,-3.57,11.76,-11.000001,23.880001,18.28,none,4,3.0,136985.0,342530.0,226160.0,332558.0,236095.0
2026-04-14 18:14:11.006059,831324,1609507944613090,5544582215,0.802272,0.080032,0.415776,12.005,-2.37125,11.935,-11.8,24.008001,18.528002,none,4,3.0,136985.0,342530.0,226160.0,332558.0,236095.0
2026-04-14 18:14:11.008447,831325,1609507944627583,5544597124,0.81008,0.031232,0.437248,11.7425,-1.18125,9.8175,-11.68,23.856,17.960001,none,4,3.0,136985.0,342530.0,226160.0,332558.0,236095.0
2026-04-14 18:14:11.011109,831326,1609507944636537,5544605880,0.81008,0.031232,0.437248,12.95,-0.88375,6.64125,-11.68,23.856,17.960001,none,4,3.0,136985.0,342530.0,226160.0,332558.0,236095.0
2026-04-14 18:14:11.027262,831327,1609507944651076,5544620787,0.890112,-0.046848,0.4392,9.73875,-0.32375,5.775,-10.6,23.880001,17.528002,none,4,3.0,136985.0,342530.0,226160.0,332558.0,236095.0
2026-04-14 18:14:11.037340,831328,1609507944660015,5544629479,0.890112,-0.046848,0.4392,4.57625,1.0325,7.1925,-10.6,23.880001,17.528002,none,4,3.0,136985.0,342530.0,226160.0,332558.0,236095.0
2026-04-14 18:14:11.044875,831329,1609507944668940,5544638155,0.835456,0.02928,0.474336,1.58375,1.91625,8.2425,-10.448001,24.000002,17.320002,none,4,3.0,136985.0,342530.0,226160.0,332558.0,236095.0
2026-04-14 18:14:11.077253,831340,1609507944683699,5544653207,0.835456,0.02928,0.474336,3.17625,3.68375,7.595,-10.448001,24.000002,17.320002,none,4,3.0,130961.0,340054.0,218933.0,330359.0,229182.0
2026-04-14 18:14:11.079799,831341,1609507944692727,5544661911,0.774944,0.054656,0.435296,7.4725,5.39875,5.43375,-10.72,23.568,17.744001,none,4,3.0,130961.0,340054.0,218933.0,330359.0,229182.0
2026-04-14 18:14:11.086269,831342,1609507944707351,5544676791,0.774944,-0.023424,0.296704,11.7775,6.1775,2.625,-10.72,23.568,17.744001,none,4,3.0,130961.0,340054.0,218933.0,330359.0,229182.0
2026-04-14 18:14:11.093684,831343,1609507944716290,5544685698,0.784704,-0.025376,0.296704,13.8075,5.20625,0.58625,-10.272,23.872002,17.720001,none,4,3.0,130961.0,340054.0,218933.0,330359.0,229182.0
2026-04-14 18:14:11.099770,831344,1609507944725348,5544694478,0.784704,-0.025376,0.296704,13.3525,3.6225,0.56,-10.272,23.872002,17.720001,none,4,3.0,130961.0,340054.0,218933.0,330359.0,229182.0
2026-04-14 18:14:11.117537,831345,1609507944739870,5544709439,0.833504,0.011712,0.554368,11.92625,2.94,0.9975,-10.488001,23.68,16.728,none,4,3.0,130961.0,340054.0,218933.0,330359.0,229182.0
2026-04-14 18:14:11.125790,831346,1609507944748805,5544718131,0.853024,0.042944,0.33184,11.15625,2.73875,2.09125,-11.176001,23.824001,18.688002,none,4,3.0,130961.0,340054.0,218933.0,330359.0,229182.0
2026-04-14 18:14:11.139719,831347,1609507944763319,5544733096,0.853024,0.042944,0.33184,9.6425,3.38625,0.88375,-11.176001,23.824001,18.688002,none,4,3.0,130961.0,340054.0,218933.0,330359.0,229182.0
2026-04-14 18:14:11.147114,831348,1609507944772275,5544741808,0.870592,0.001952,0.37088,7.1575,2.24875,-1.19,-10.616,23.240002,18.704,none,4,3.0,130961.0,340054.0,218933.0,330359.0,229182.0
2026-04-14 18:14:11.180033,831359,1609507944786874,5544756812,0.870592,0.001952,0.37088,5.92375,-0.35875,-2.07375,-10.616,23.240002,18.704,none,4,3.0,134972.0,341586.0,223965.0,331530.0,234194.0
2026-04-14 18:14:11.182410,831360,1609507944795829,5544765518,0.813984,0.001952,0.281088,3.9725,-2.35375,-2.28375,-11.048,23.928001,19.880001,none,4,3.0,134972.0,341586.0,223965.0,331530.0,234194.0
2026-04-14 18:14:11.185100,831361,1609507944804890,5544774281,0.813984,0.001952,0.281088,1.225,-3.7275,-1.58375,-11.048,23.928001,19.880001,none,4,3.0,134972.0,341586.0,223965.0,331530.0,234194.0
2026-04-14 18:14:11.196357,831362,1609507944819393,5544789178,0.808128,0.03904,0.294752,-2.16125,-4.8125,-0.67375,-11.184001,23.688002,19.264002,none,4,3.0,134972.0,341586.0,223965.0,331530.0,234194.0
2026-04-14 18:14:11.203943,831363,1609507944828396,5544797923,0.7808,0.03904,0.288896,-1.14625,-4.73375,-0.84,-11.184001,23.688002,16.424002,none,4,3.0,134972.0,341586.0,223965.0,331530.0,234194.0
2026-04-14 18:14:11.219008,831364,1609507944842891,5544812834,0.7808,0.03904,0.288896,-0.76125,-4.655,-1.89,-10.128,23.416,16.424002,none,4,3.0,134972.0,341586.0,223965.0,331530.0,234194.0
2026-04-14 18:14:11.227159,831365,1609507944851859,5544821526,0.81008,0.050752,0.474336,-3.3075,-4.80375,-2.1175,-10.216001,23.328001,18.232,none,4,3.0,134972.0,341586.0,223965.0,331530.0,234194.0
2026-04-14 18:14:11.243579,831366,1609507944866371,5544836437,0.81008,0.050752,0.474336,-2.9225,-4.80375,-1.79375,-10.216001,23.328001,18.232,none,4,3.0,134972.0,341586.0,223965.0,331530.0,234194.0
2026-04-14 18:14:11.251674,831367,1609507944875320,5544845142,0.784704,0.083936,0.441152,-3.4475,-5.73125,-2.2575,-10.456,23.704,17.336,none,4,3.0,134972.0,341586.0,223965.0,331530.0,234194.0
2026-04-14 18:14:11.352453,831378,1609507944884447,5544853891,0.784704,0.083936,0.441152,-4.06875,-6.34375,-2.4325,-10.456,23.704,17.336,none,4,3.0,136353.0,342509.0,225351.0,331974.0,235472.0
2026-04-14 18:14:11.355062,831379,1609507944898954,5544868830,0.89792,0.060512,0.505568,-3.745,-6.99125,-3.66625,-10.696,23.424002,18.104,none,4,3.0,136353.0,342509.0,225351.0,331974.0,235472.0
2026-04-14 18:14:11.357419,831380,1609507944907871,5544877542,0.89792,0.060512,0.505568,-2.63375,-7.875,-4.55875,-10.696,23.424002,18.104,none,4,3.0,136353.0,342509.0,225351.0,331974.0,235472.0
2026-04-14 18:14:11.360206,831381,1609507944922578,5544892541,0.81008,0.06832,0.460672,-2.205,-8.47,-5.7225,-12.248,23.880001,20.352001,none,4,3.0,136353.0,342509.0,225351.0,331974.0,235472.0
2026-04-14 18:14:11.362849,831382,1609507944931492,5544901235,0.784704,0.046848,0.316224,-2.84375,-6.86875,-6.93875,-12.336,23.984001,19.152,none,4,3.0,136353.0,342509.0,225351.0,331974.0,235472.0
2026-04-14 18:14:11.365413,831383,1609507944940586,5544909926,0.784704,0.046848,0.316224,-4.99625,-5.76625,-7.8925,-12.336,23.984001,19.152,none,4,3.0,136353.0,342509.0,225351.0,331974.0,235472.0
2026-04-14 18:14:11.367911,831384,1609507944955118,5544924840,0.804224,0.054656,0.376736,-8.46125,-4.99625,-8.925,-11.480001,23.44,18.800001,none,4,3.0,136353.0,342509.0,225351.0,331974.0,235472.0
2026-04-14 18:14:11.369810,831385,1609507944964074,5544933598,0.804224,0.054656,0.376736,-11.38375,-5.59125,-9.073751,-11.480001,23.44,18.800001,none,4,3.0,136353.0,342509.0,225351.0,331974.0,235472.0
2026-04-14 18:14:11.400373,831396,1609507944978792,5544949245,0.856928,0.00976,0.36112,-11.90875,-7.14,-9.0125,-12.040001,23.792002,18.896002,none,4,3.0,133405.0,341366.0,221608.0,330811.0,231870.0
2026-04-14 18:14:11.402524,831397,1609507944987769,5544957998,0.856928,0.00976,0.36112,-10.99875,-7.9975,-9.16125,-12.040001,23.792002,18.896002,none,4,3.0,133405.0,341366.0,221608.0,330811.0,231870.0
2026-04-14 18:14:11.407151,831398,1609507945002434,5544970925,0.851072,0.0488,0.501664,-10.3425,-8.0325,-9.66875,-12.200001,24.072,19.208,none,4,3.0,133405.0,341366.0,221608.0,330811.0,231870.0
2026-04-14 18:14:11.407542,831399,1609507945011809,5544981727,0.86864,0.02928,0.435296,-12.0225,-7.98,-9.40625,-12.184001,23.928001,17.616001,none,4,3.0,133405.0,341366.0,221608.0,330811.0,231870.0
2026-04-14 18:14:11.409823,831400,1609507945020915,5544990489,0.86864,0.02928,0.435296,-13.62375,-8.68875,-10.045,-12.184001,23.928001,17.616001,none,4,3.0,133405.0,341366.0,221608.0,330811.0,231870.0
2026-04-14 18:14:11.413725,831401,1609507945035580,5545005445,0.798368,0.081984,0.462624,-12.145,-9.0825,-11.05125,-11.68,23.720001,17.448,none,4,3.0,133405.0,341366.0,221608.0,330811.0,231870.0
2026-04-14 18:14:11.420070,831402,1609507945044573,5545014186,0.798368,0.081984,0.462624,-10.4125,-9.695,-11.69,-11.68,23.720001,17.448,none,4,3.0,133405.0,341366.0,221608.0,330811.0,231870.0
2026-04-14 18:14:11.430347,831403,1609507945053525,5545022907,0.8296,0.066368,0.454816,-11.33125,-9.3975,-12.20625,-11.480001,23.864,17.072,none,4,3.0,133405.0,341366.0,221608.0,330811.0,231870.0
2026-04-14 18:14:11.444104,831404,1609507945068012,5545037781,0.8296,0.066368,0.454816,-12.8275,-8.51375,-12.0225,-11.480001,23.864,17.072,none,4,3.0,133405.0,341366.0,221608.0,330811.0,231870.0
2026-04-14 18:14:11.454106,831405,1609507945076933,5545046486,0.84912,0.035136,0.343552,-14.1925,-8.12875,-11.94375,-11.848001,24.552002,18.2,none,4,3.0,133405.0,341366.0,221608.0,330811.0,231870.0
2026-04-14 18:14:11.481704,831416,1609507945091608,5545061567,0.8784,0.033184,0.40016,-14.16625,-9.0475,-12.1625,-13.488001,24.68,19.728,none,4,3.0,132030.0,339923.0,219723.0,329119.0,230089.0
2026-04-14 18:14:11.483771,831417,1609507945100640,5545070325,0.8784,0.033184,0.40016,-13.74625,-9.695,-12.25,-13.488001,24.68,19.728,none,4,3.0,132030.0,339923.0,219723.0,329119.0,230089.0
2026-04-14 18:14:11.493809,831418,1609507945115352,5545085284,0.88816,0.03904,0.376736,-13.72,-10.3775,-12.20625,-13.632001,24.560001,18.36,none,4,3.0,132030.0,339923.0,219723.0,329119.0,230089.0
2026-04-14 18:14:11.500545,831419,1609507945124285,5545094005,0.88816,0.03904,0.376736,-12.845,-11.1475,-12.15375,-13.632001,24.560001,18.36,none,4,3.0,132030.0,339923.0,219723.0,329119.0,230089.0
2026-04-14 18:14:11.512914,831420,1609507945133306,5545102692,0.782752,0.095648,0.357216,-12.74875,-11.261251,-12.31125,-12.320001,24.160002,16.640001,none,4,3.0,132030.0,339923.0,219723.0,329119.0,230089.0
2026-04-14 18:14:11.523736,831421,1609507945147799,5545117569,0.782752,0.095648,0.357216,-15.86375,-11.94375,-12.67,-12.320001,24.160002,16.640001,none,4,3.0,132030.0,339923.0,219723.0,329119.0,230089.0
2026-04-14 18:14:11.535359,831422,1609507945156764,5545126275,0.864736,0.091744,0.431392,-17.710001,-12.73125,-12.39875,-12.552001,24.472002,16.648,none,4,3.0,132030.0,339923.0,219723.0,329119.0,230089.0
2026-04-14 18:14:11.546621,831423,1609507945171396,5545141204,0.905728,0.027328,0.402112,-18.38375,-13.615,-12.08375,-12.864,24.344002,14.296001,none,4,3.0,132030.0,339923.0,219723.0,329119.0,230089.0
2026-04-14 18:14:11.579217,831434,1609507945180902,5545150285,0.905728,0.027328,0.402112,-18.10375,-15.6625,-12.08375,-12.864,24.344002,14.296001,none,4,3.0,129749.0,338171.0,216321.0,326545.0,226854.0
2026-04-14 18:14:11.581712,831435,1609507945189994,5545159062,0.905728,0.027328,0.402112,-15.1375,-15.855001,-11.41875,-12.864,24.344002,14.296001,none,4,3.0,129749.0,338171.0,216321.0,326545.0,226854.0
2026-04-14 18:14:11.584201,831436,1609507945204622,5545174022,0.874496,0.066368,0.318176,-13.23875,-15.47,-10.4825,-13.944,24.624,17.240002,none,4,3.0,129749.0,338171.0,216321.0,326545.0,226854.0
2026-04-14 18:14:11.591529,831437,1609507945213725,5545182706,0.880352,0.066368,0.281088,-15.56625,-13.92125,-10.71875,-13.544001,24.496,16.288,none,4,3.0,129749.0,338171.0,216321.0,326545.0,226854.0
2026-04-14 18:14:11.604213,831438,1609507945228237,5545197632,0.880352,0.066368,0.281088,-21.27125,-12.27625,-10.22875,-13.544001,24.496,16.288,none,4,3.0,129749.0,338171.0,216321.0,326545.0,226854.0
2026-04-14 18:14:11.612427,831439,1609507945237171,5545206300,0.8784,0.07808,0.4392,-26.32,-12.0575,-9.96625,-13.296001,24.312,16.048,none,4,3.0,129749.0,338171.0,216321.0,326545.0,226854.0
2026-04-14 18:14:11.621034,831440,1609507945246130,5545214992,0.8784,0.07808,0.4392,-26.74875,-12.0225,-9.3625,-13.296001,24.312,16.048,none,4,3.0,129749.0,338171.0,216321.0,326545.0,226854.0
2026-04-14 18:14:11.654135,831441,1609507945260633,5545229897,0.862784,0.03904,0.193248,-24.36,-11.13,-9.2575,-13.568001,24.480001,16.784,none,4,3.0,129749.0,338171.0,216321.0,326545.0,226854.0
2026-04-14 18:14:11.656051,831442,1609507945269583,5545238661,0.862784,0.03904,0.193248,-24.08,-10.3775,-9.45,-13.568001,24.480001,16.784,none,4,3.0,129749.0,338171.0,216321.0,326545.0,226854.0
2026-04-14 18:14:11.726302,831453,1609507945284248,5545253634,0.905728,0.081984,0.470432,-27.1075,-9.12625,-8.2775,-13.424001,24.944,16.664001,none,4,3.0,121834.0,333289.0,206308.0,321027.0,217101.0
2026-04-14 18:14:11.729197,831454,1609507945293240,5545262420,0.88816,0.06832,0.4392,-31.3775,-7.9275,-7.93625,-13.752001,25.160002,15.464001,none,4,3.0,121834.0,333289.0,206308.0,321027.0,217101.0
2026-04-14 18:14:11.731710,831455,1609507945307745,5545277301,0.88816,0.06832,0.4392,-34.5625,-7.3675,-7.945,-13.752001,25.160002,15.464001,none,4,3.0,121834.0,333289.0,206308.0,321027.0,217101.0
2026-04-14 18:14:11.734220,831456,1609507945316658,5545285937,0.84912,0.01952,0.160064,-34.06375,-7.48125,-8.0675,-13.976001,25.416,14.880001,none,4,3.0,121834.0,333289.0,206308.0,321027.0,217101.0
2026-04-14 18:14:11.736700,831457,1609507945325552,5545294661,0.84912,0.01952,0.160064,-30.380001,-8.89,-9.073751,-13.976001,25.416,14.880001,none,4,3.0,121834.0,333289.0,206308.0,321027.0,217101.0
2026-04-14 18:14:11.738621,831458,1609507945340051,5545309560,0.894016,0.03904,0.3904,-29.23375,-10.64,-8.7675,-13.736001,25.416,14.6,none,4,3.0,121834.0,333289.0,206308.0,321027.0,217101.0
2026-04-14 18:14:11.741673,831459,1609507945348998,5545318308,0.894016,0.03904,0.3904,-29.61875,-9.87,-8.05,-13.736001,25.416,14.6,none,4,3.0,121834.0,333289.0,206308.0,321027.0,217101.0
2026-04-14 18:14:11.744155,831460,1609507945363600,5545333314,0.813984,0.046848,0.22448,-31.66625,-8.7325,-8.198751,-13.968,25.336,15.456,none,4,3.0,121834.0,333289.0,206308.0,321027.0,217101.0
2026-04-14 18:14:11.747874,831461,1609507945372569,5545342023,0.895968,0.040992,0.314272,-34.107502,-7.7875,-8.88125,-14.808001,26.072,15.288001,none,4,3.0,121834.0,333289.0,206308.0,321027.0,217101.0
2026-04-14 18:14:11.780205,831472,1609507945387395,5545356997,0.895968,0.040992,0.314272,-35.49875,-7.06125,-9.02125,-14.808001,26.072,15.288001,none,4,3.0,107884.0,323380.0,189156.0,310998.0,199991.0
2026-04-14 18:14:11.783211,831473,1609507945396541,5545365806,0.831552,0.017568,0.26352,-36.47,-7.88375,-8.9425,-14.952001,26.344002,13.424001,none,4,3.0,107884.0,323380.0,189156.0,310998.0,199991.0
2026-04-14 18:14:11.784737,831474,1609507945405563,5545374647,0.831552,0.017568,0.26352,-36.98625,-8.4,-8.61,-14.952001,26.344002,13.424001,none,4,3.0,107884.0,323380.0,189156.0,310998.0,199991.0
2026-04-14 18:14:11.796162,831475,1609507945420103,5545389551,0.823744,0.02928,0.337696,-36.5225,-8.68,-6.43125,-14.464001,25.760002,13.368001,none,4,3.0,107884.0,323380.0,189156.0,310998.0,199991.0
2026-04-14 18:14:11.807363,831476,1609507945429030,5545398254,0.823744,0.02928,0.337696,-35.6475,-8.68875,-5.39875,-14.464001,25.760002,13.368001,none,4,3.0,107884.0,323380.0,189156.0,310998.0,199991.0
2026-04-14 18:14:11.820370,831477,1609507945443529,5545413148,0.823744,0.052704,0.226432,-36.47875,-8.00625,-5.495,-14.288001,26.616001,13.624001,none,4,3.0,107884.0,323380.0,189156.0,310998.0,199991.0
2026-04-14 18:14:11.827437,831478,1609507945452518,5545422012,0.851072,0.03904,0.218624,-37.38,-7.6825,-5.775,-14.288001,26.808,12.808001,none,4,3.0,107884.0,323380.0,189156.0,310998.0,199991.0
2026-04-14 18:14:11.838013,831479,1609507945461509,5545430706,0.851072,0.03904,0.218624,-36.33,-8.417501,-7.90125,-14.312,26.808,12.808001,none,4,3.0,107884.0,323380.0,189156.0,310998.0,199991.0
2026-04-14 18:14:11.853891,831480,1609507945476062,5545445602,0.860832,0.011712,0.267424,-33.25,-9.21375,-10.6575,-15.360001,26.992,12.912001,none,4,3.0,107884.0,323380.0,189156.0,310998.0,199991.0
2026-04-14 18:14:11.882103,831491,1609507945485171,5545454365,0.860832,0.011712,0.267424,-30.31875,-9.94,-12.0925,-15.360001,26.992,12.912001,none,4,3.0,103595.0,320090.0,183847.0,307587.0,194864.0
2026-04-14 18:14:11.884058,831492,1609507945499699,5545469442,0.860832,-0.007808,0.288896,-28.23625,-9.14375,-12.90625,-16.376001,27.368002,13.528001,none,4,3.0,103595.0,320090.0,183847.0,307587.0,194864.0
2026-04-14 18:14:11.886358,831493,1609507945508640,5545478168,0.860832,-0.007808,0.288896,-27.405,-7.4375,-13.448751,-16.376001,27.368002,13.528001,none,4,3.0,103595.0,320090.0,183847.0,307587.0,194864.0
2026-04-14 18:14:11.892846,831494,1609507945517598,5545486877,0.954528,-0.0488,0.435296,-29.33875,-4.78625,-12.2325,-15.536001,27.288002,13.248001,none,4,3.0,103595.0,320090.0,183847.0,307587.0,194864.0
2026-04-14 18:14:11.909189,831495,1609507945532037,5545501794,0.954528,-0.0488,0.435296,-29.88125,-2.70375,-9.86125,-15.536001,27.288002,13.248001,none,4,3.0,103595.0,320090.0,183847.0,307587.0,194864.0
2026-04-14 18:14:11.917959,831496,1609507945540973,5545510510,0.884256,-0.02928,0.427488,-27.30875,-1.54,-6.88625,-14.76,27.304,15.648001,none,4,3.0,103595.0,320090.0,183847.0,307587.0,194864.0
2026-04-14 18:14:11.951289,831497,1609507945555495,5545525500,0.90768,-0.013664,0.466528,-22.61,-1.1375,-4.20875,-15.280001,27.416,12.744,none,4,3.0,103595.0,320090.0,183847.0,307587.0,194864.0
2026-04-14 18:14:11.953684,831498,1609507945564436,5545534195,0.90768,-0.013664,0.466528,-18.99625,-1.0675,-3.1325,-15.280001,27.416,12.744,none,4,3.0,103595.0,320090.0,183847.0,307587.0,194864.0
2026-04-14 18:14:11.956713,831499,1609507945578949,5545549104,0.769088,0.033184,0.368928,-17.61375,-1.42625,-2.51125,-15.400001,27.400002,11.8,none,4,3.0,103595.0,320090.0,183847.0,307587.0,194864.0
2026-04-14 18:14:11.984059,831510,1609507945587950,5545557863,0.769088,0.033184,0.368928,-19.41625,-1.855,-2.1875,-15.400001,27.400002,11.8,none,4,3.0,97003.0,316536.0,175635.0,304155.0,186472.0
2026-04-14 18:14:11.986566,831511,1609507945597005,5545566703,0.786656,-0.001952,0.240096,-21.7,-1.4175,-1.95125,-15.592001,27.344002,11.76,none,4,3.0,97003.0,316536.0,175635.0,304155.0,186472.0
2026-04-14 18:14:11.988598,831512,1609507945611591,5545581663,0.786656,-0.001952,0.240096,-21.63,-1.6625,-2.30125,-15.592001,27.344002,11.76,none,4,3.0,97003.0,316536.0,175635.0,304155.0,186472.0
2026-04-14 18:14:12.019164,831513,1609507945620563,5545590374,0.77104,0.054656,0.443104,-20.95625,-2.23125,-3.63125,-14.696001,27.328001,11.312,none,4,3.0,97003.0,316536.0,175635.0,304155.0,186472.0
2026-04-14 18:14:12.043722,831514,1609507945635066,5545605282,0.784704,0.023424,0.244,-20.39625,-3.05375,-5.17125,-14.888001,27.712002,11.312,none,4,3.0,97003.0,316536.0,175635.0,304155.0,186472.0
2026-04-14 18:14:12.048756,831515,1609507945644011,5545613958,0.784704,0.023424,0.244,-20.27375,-4.40125,-7.04375,-14.888001,27.712002,11.312,none,4,3.0,97003.0,316536.0,175635.0,304155.0,186472.0
2026-04-14 18:14:12.051121,831516,1609507945658644,5545628930,0.765184,0.056608,0.466528,-20.195,-6.0725,-9.58125,-14.584001,27.880001,11.040001,none,4,3.0,97003.0,316536.0,175635.0,304155.0,186472.0
2026-04-14 18:14:12.053773,831517,1609507945667568,5545637614,0.765184,0.056608,0.466528,-20.34375,-7.0175,-10.99,-14.584001,27.880001,11.040001,none,4,3.0,97003.0,316536.0,175635.0,304155.0,186472.0
2026-04-14 18:14:12.056713,831518,1609507945676522,5545646292,0.776896,0.060512,0.435296,-19.53875,-6.81625,-12.48625,-15.120001,27.712002,10.584001,none,4,3.0,97003.0,316536.0,175635.0,304155.0,186472.0
2026-04-14 18:14:12.083573,831529,1609507945691605,5545661337,0.776896,0.060512,0.435296,-18.87375,-5.92375,-12.88,-15.120001,27.712002,10.584001,none,4,3.0,96162.0,315540.0,174595.0,303212.0,185582.0
2026-04-14 18:14:12.086565,831530,1609507945700587,5545670073,0.847168,0.033184,0.450912,-21.455,-6.65,-13.1775,-15.040001,27.960001,12.6,none,4,3.0,96162.0,315540.0,174595.0,303212.0,185582.0
2026-04-14 18:14:12.091232,831531,1609507945715169,5545685004,0.833504,0.031232,0.505568,-23.16125,-7.3675,-13.055,-15.304001,27.736002,10.856001,none,4,3.0,96162.0,315540.0,174595.0,303212.0,185582.0
2026-04-14 18:14:12.100520,831532,1609507945724158,5545693735,0.833504,0.031232,0.505568,-23.33625,-8.1725,-13.6325,-15.304001,27.736002,10.856001,none,4,3.0,96162.0,315540.0,174595.0,303212.0,185582.0
2026-04-14 18:14:12.110442,831533,1609507945733168,5545702430,0.833504,0.031232,0.505568,-23.75625,-8.6975,-13.29125,-15.304001,27.736002,10.856001,none,4,3.0,96162.0,315540.0,174595.0,303212.0,185582.0
2026-04-14 18:14:12.123800,831534,1609507945747634,5545717380,0.837408,0.015616,0.445056,-24.928751,-9.98375,-12.8625,-15.696001,27.984001,8.344001,none,4,3.0,96162.0,315540.0,174595.0,303212.0,185582.0
2026-04-14 18:14:12.131689,831535,1609507945756774,5545726101,0.782752,0.035136,0.31232,-26.635,-9.905,-11.76875,-16.256,28.352001,11.104,none,4,3.0,96162.0,315540.0,174595.0,303212.0,185582.0
2026-04-14 18:14:12.146679,831536,1609507945771301,5545741031,0.782752,0.035136,0.31232,-26.32,-9.6775,-9.835,-16.256,28.352001,11.104,none,4,3.0,96162.0,315540.0,174595.0,303212.0,185582.0
2026-04-14 18:14:12.157638,831537,1609507945780256,5545749734,0.79056,0.046848,0.3416,-25.655,-10.395,-10.24625,-16.264,27.976002,9.912001,none,4,3.0,96162.0,315540.0,174595.0,303212.0,185582.0
2026-04-14 18:14:12.184971,831548,1609507945789253,5545758470,0.79056,0.046848,0.3416,-25.5675,-10.9725,-10.94625,-16.264,27.976002,9.912001,none,4,3.0,102162.0,318284.0,181636.0,305554.0,192801.0
2026-04-14 18:14:12.187483,831549,1609507945803785,5545773427,0.890112,0.033184,0.530944,-25.27,-10.59625,-10.605001,-15.776001,28.056002,9.616,none,4,3.0,102162.0,318284.0,181636.0,305554.0,192801.0
2026-04-14 18:14:12.190410,831550,1609507945812791,5545782182,0.890112,0.033184,0.530944,-25.1125,-11.20875,-10.5875,-15.776001,28.056002,9.616,none,4,3.0,102162.0,318284.0,181636.0,305554.0,192801.0
2026-04-14 18:14:12.205148,831551,1609507945827324,5545797093,0.81984,0.03904,0.32208,-25.99625,-11.6025,-10.3425,-15.936001,27.976002,8.248,none,4,3.0,102162.0,318284.0,181636.0,305554.0,192801.0
2026-04-14 18:14:12.212976,831552,1609507945836281,5545805786,0.83936,0.042944,0.382592,-27.32625,-11.41,-9.47625,-16.088001,28.168001,7.888001,none,4,3.0,102162.0,318284.0,181636.0,305554.0,192801.0
2026-04-14 18:14:12.227942,831553,1609507945850808,5545820781,0.83936,0.042944,0.382592,-27.06375,-11.82125,-9.3975,-16.088001,28.168001,7.888001,none,4,3.0,102162.0,318284.0,181636.0,305554.0,192801.0
2026-04-14 18:14:12.237933,831554,1609507945859726,5545829478,0.866688,0.003904,0.33184,-26.6525,-12.41625,-9.1525,-16.928001,28.344002,8.624001,none,4,3.0,102162.0,318284.0,181636.0,305554.0,192801.0
2026-04-14 18:14:12.246701,831555,1609507945868700,5545838241,0.866688,0.003904,0.33184,-25.66375,-12.18875,-8.89,-16.928001,28.344002,8.624001,none,4,3.0,102162.0,318284.0,181636.0,305554.0,192801.0
2026-04-14 18:14:12.284202,831566,1609507945883624,5545853201,0.837408,0.037088,0.456768,-25.375,-11.82125,-9.02125,-16.400002,28.456001,8.568001,none,4,3.0,99394.0,317184.0,177909.0,304329.0,188902.0
2026-04-14 18:14:12.286712,831567,1609507945892695,5545862217,0.837408,0.037088,0.456768,-26.11875,-11.725,-8.715,-16.400002,28.456001,8.568001,none,4,3.0,99394.0,317184.0,177909.0,304329.0,188902.0
2026-04-14 18:14:12.288620,831568,1609507945907254,5545877147,0.833504,-0.027328,0.267424,-25.9875,-11.90875,-7.7525,-17.2,28.920002,9.408,none,4,3.0,99394.0,317184.0,177909.0,304329.0,188902.0
2026-04-14 18:14:12.292912,831569,1609507945916336,5545885922,0.85888,-0.017568,0.279136,-24.71875,-12.2325,-6.335,-17.352001,29.008001,6.752,none,4,3.0,99394.0,317184.0,177909.0,304329.0,188902.0
2026-04-14 18:14:12.301753,831570,1609507945925392,5545894684,0.85888,-0.017568,0.279136,-22.51375,-12.1625,-5.7225,-17.352001,29.008001,6.752,none,4,3.0,99394.0,317184.0,177909.0,304329.0,188902.0
2026-04-14 18:14:12.315501,831571,1609507945939923,5545909627,0.767136,0.001952,0.275232,-22.75875,-12.22375,-6.335,-17.248001,29.208002,8.64,none,4,3.0,99394.0,317184.0,177909.0,304329.0,188902.0
2026-04-14 18:14:12.324250,831572,1609507945948874,5545918321,0.767136,0.001952,0.275232,-23.40625,-12.425,-6.405,-17.248001,29.208002,8.64,none,4,3.0,99394.0,317184.0,177909.0,304329.0,188902.0
2026-04-14 18:14:12.341276,831573,1609507945963373,5545933199,0.8296,0.005856,0.4392,-22.70625,-11.3575,-6.44,-17.328001,28.536001,7.264,none,4,3.0,99394.0,317184.0,177909.0,304329.0,188902.0
2026-04-14 18:14:12.348611,831574,1609507945972297,5545941886,0.8296,0.005856,0.4392,-20.7025,-11.48875,-7.035,-17.328001,28.536001,7.264,none,4,3.0,99394.0,317184.0,177909.0,304329.0,188902.0
2026-04-14 18:14:12.431349,831585,1609507945987648,5545956855,0.817888,0.013664,0.423584,-19.1975,-12.50375,-7.30625,-16.784,28.832,7.288001,none,4,3.0,90476.0,312763.0,167192.0,300329.0,178008.0
2026-04-14 18:14:12.435397,831586,1609507945996673,5545965614,0.763232,0.031232,0.343552,-19.0925,-13.335,-7.83125,-16.752,28.760002,6.096,none,4,3.0,90476.0,312763.0,167192.0,300329.0,178008.0
2026-04-14 18:14:12.441946,831587,1609507946005684,5545974321,0.763232,0.031232,0.343552,-17.87625,-13.25625,-9.05625,-16.752,28.760002,6.096,none,4,3.0,90476.0,312763.0,167192.0,300329.0,178008.0
2026-04-14 18:14:12.443517,831588,1609507946020548,5545989261,0.76128,0.031232,0.394304,-17.535,-12.985,-10.15,-17.008001,28.832,7.08,none,4,3.0,90476.0,312763.0,167192.0,300329.0,178008.0
2026-04-14 18:14:12.446686,831589,1609507946029794,5545999990,0.76128,0.031232,0.394304,-17.255,-12.90625,-11.13,-17.008001,28.832,7.08,none,4,3.0,90476.0,312763.0,167192.0,300329.0,178008.0
2026-04-14 18:14:12.448750,831590,1609507946038712,5546008717,0.860832,0.01952,0.435296,-15.39125,-12.97625,-12.0225,-17.424002,28.792002,6.704001,none,4,3.0,90476.0,312763.0,167192.0,300329.0,178008.0
2026-04-14 18:14:12.451252,831591,1609507946053392,5546023697,0.860832,0.01952,0.435296,-12.92375,-13.658751,-12.94125,-17.424002,28.792002,6.704001,none,4,3.0,90476.0,312763.0,167192.0,300329.0,178008.0
2026-04-14 18:14:12.453786,831592,1609507946062396,5546032444,0.837408,0.03904,0.431392,-12.85375,-14.9975,-12.94125,-17.096,28.784002,6.4,none,4,3.0,90476.0,312763.0,167192.0,300329.0,178008.0
2026-04-14 18:14:12.456255,831593,1609507946076908,5546045333,0.788608,0.05856,0.407968,-15.16375,-16.49375,-12.355001,-17.504002,28.736002,8.224,none,4,3.0,90476.0,312763.0,167192.0,300329.0,178008.0
2026-04-14 18:14:12.483913,831604,1609507946086802,5546056167,0.788608,0.05856,0.407968,-17.5175,-16.26625,-11.8125,-17.504002,28.736002,8.224,none,4,3.0,83165.0,308614.0,158161.0,296733.0,168852.0
2026-04-14 18:14:12.486356,831605,1609507946096084,5546065039,0.788608,0.05856,0.407968,-17.57,-15.995,-12.08375,-17.504002,28.736002,8.224,none,4,3.0,83165.0,308614.0,158161.0,296733.0,168852.0
2026-04-14 18:14:12.488858,831606,1609507946110729,5546079938,0.85888,0.0488,0.433344,-15.89875,-15.16375,-13.6325,-17.744001,28.648,5.024,none,4,3.0,83165.0,308614.0,158161.0,296733.0,168852.0
2026-04-14 18:14:12.496265,831607,1609507946119659,5546088669,0.853024,0.003904,0.242048,-12.915,-15.46125,-14.5775,-18.240002,28.824001,7.208,none,4,3.0,83165.0,308614.0,158161.0,296733.0,168852.0
2026-04-14 18:14:12.511199,831608,1609507946134146,5546103610,0.853024,0.003904,0.242048,-11.36625,-16.59,-14.323751,-18.240002,28.824001,7.208,none,4,3.0,83165.0,308614.0,158161.0,296733.0,168852.0
2026-04-14 18:14:12.518875,831609,1609507946143070,5546112291,0.923296,0.027328,0.44896,-11.83,-16.555,-12.73125,-19.304,28.944002,5.856,none,4,3.0,83165.0,308614.0,158161.0,296733.0,168852.0
2026-04-14 18:14:12.529073,831610,1609507946152055,5546121005,0.923296,0.027328,0.44896,-13.5975,-14.77,-11.698751,-19.304,28.944002,5.856,none,4,3.0,83165.0,308614.0,158161.0,296733.0,168852.0
2026-04-14 18:14:12.541038,831611,1609507946166541,5546135972,0.851072,0.044896,0.423584,-18.1125,-12.495,-10.84125,-18.480001,28.544,5.464,none,4,3.0,83165.0,308614.0,158161.0,296733.0,168852.0
2026-04-14 18:14:12.549997,831612,1609507946175490,5546144702,0.851072,0.044896,0.423584,-22.75875,-9.975,-10.50875,-18.480001,28.544,5.464,none,4,3.0,83165.0,308614.0,158161.0,296733.0,168852.0
2026-04-14 18:14:12.610143,831623,1609507946190210,5546159775,0.815936,0.005856,0.314272,-23.02125,-7.5075,-10.78,-18.224,28.880001,3.632,none,4,3.0,74874.0,302972.0,147430.0,291541.0,157900.0
2026-04-14 18:14:12.612670,831624,1609507946199314,5546168554,0.864736,-0.033184,0.203008,-21.48125,-6.51,-10.61375,-18.512001,28.792002,4.944,none,4,3.0,74874.0,302972.0,147430.0,291541.0,157900.0
2026-04-14 18:14:12.617968,831625,1609507946208344,5546177296,0.864736,-0.033184,0.203008,-18.865,-5.7575,-9.2225,-18.512001,28.792002,4.944,none,4,3.0,74874.0,302972.0,147430.0,291541.0,157900.0
2026-04-14 18:14:12.622813,831626,1609507946222807,5546192210,0.903776,-0.011712,0.398208,-17.68375,-4.7775,-8.72375,-18.592001,28.808,5.144,none,4,3.0,74874.0,302972.0,147430.0,291541.0,157900.0
2026-04-14 18:14:12.623376,831627,1609507946231741,5546201096,0.903776,-0.011712,0.398208,-18.29625,-3.61375,-8.19,-18.592001,28.808,5.144,none,4,3.0,74874.0,302972.0,147430.0,291541.0,157900.0
2026-04-14 18:14:12.624842,831628,1609507946246312,5546216039,0.835456,0.023424,0.388448,-18.99625,-2.625,-8.6975,-18.368,28.600002,4.84,none,4,3.0,74874.0,302972.0,147430.0,291541.0,157900.0
2026-04-14 18:14:12.633405,831629,1609507946255282,5546224866,0.835456,0.023424,0.388448,-18.9875,-1.8725,-9.511251,-18.368,28.600002,4.84,none,4,3.0,74874.0,302972.0,147430.0,291541.0,157900.0
2026-04-14 18:14:12.645306,831630,1609507946269941,5546239816,0.903776,-0.02928,0.265472,-18.06875,-2.065,-10.26375,-18.616001,28.656002,4.728,none,4,3.0,74874.0,302972.0,147430.0,291541.0,157900.0
2026-04-14 18:14:12.654956,831631,1609507946278868,5546248509,0.870592,0.013664,0.41968,-18.13875,-2.93125,-10.08875,-18.76,29.04,3.8,none,4,3.0,74874.0,302972.0,147430.0,291541.0,157900.0
2026-04-14 18:14:12.686735,831642,1609507946287922,5546257240,0.870592,0.013664,0.41968,-19.3375,-4.22625,-9.485,-18.76,29.04,3.8,none,4,3.0,69040.0,298253.0,139569.0,287244.0,149993.0
2026-04-14 18:14:12.689209,831643,1609507946302471,5546272276,0.851072,-0.046848,0.230336,-20.30875,-4.54125,-9.0125,-19.92,28.888,5.352,none,4,3.0,69040.0,298253.0,139569.0,287244.0,149993.0
2026-04-14 18:14:12.691732,831644,1609507946311412,5546280994,0.851072,-0.046848,0.230336,-22.2075,-4.13875,-7.81375,-19.92,28.888,5.352,none,4,3.0,69040.0,298253.0,139569.0,287244.0,149993.0
2026-04-14 18:14:12.702921,831645,1609507946325954,5546295925,0.915488,-0.042944,0.284992,-22.8025,-3.98125,-6.9475,-19.648,29.016,4.8,none,4,3.0,69040.0,298253.0,139569.0,287244.0,149993.0
2026-04-14 18:14:12.711715,831646,1609507946334896,5546304671,0.915488,-0.042944,0.284992,-20.991251,-4.095,-6.5975,-19.648,29.016,4.8,none,4,3.0,69040.0,298253.0,139569.0,287244.0,149993.0
2026-04-14 18:14:12.726142,831647,1609507946349484,5546319622,0.841312,0.0,0.345504,-15.636251,-4.865,-6.7025,-18.960001,28.560001,4.032,none,4,3.0,69040.0,298253.0,139569.0,287244.0,149993.0
2026-04-14 18:14:12.754046,831648,1609507946358412,5546328321,0.8296,0.023424,0.28304,-12.88,-5.635,-5.31125,-18.960001,28.560001,2.296,none,4,3.0,69040.0,298253.0,139569.0,287244.0,149993.0
2026-04-14 18:14:12.779208,831649,1609507946367338,5546337004,0.8296,0.023424,0.28304,-13.85125,-5.285,-3.5,-19.336,28.600002,2.296,none,4,3.0,69040.0,298253.0,139569.0,287244.0,149993.0
2026-04-14 18:14:12.781728,831650,1609507946381892,5546351885,0.876448,-0.031232,0.261568,-15.68875,-4.15625,-2.17875,-19.088001,28.744001,3.616,none,4,3.0,69040.0,298253.0,139569.0,287244.0,149993.0
2026-04-14 18:14:12.810411,831661,1609507946390945,5546360949,0.876448,-0.031232,0.261568,-15.00625,-2.93125,-1.44375,-19.088001,28.744001,3.616,none,4,3.0,65354.0,294754.0,134410.0,284153.0,144848.0
2026-04-14 18:14:12.811057,831662,1609507946405544,5546375828,0.835456,0.025376,0.372832,-10.24625,-1.715,-2.6425,-19.312,28.920002,3.208,none,4,3.0,65354.0,294754.0,134410.0,284153.0,144848.0
2026-04-14 18:14:12.816280,831663,1609507946414615,5546384564,0.835456,0.025376,0.372832,-3.2725,-2.17875,-3.29,-19.312,28.920002,3.208,none,4,3.0,65354.0,294754.0,134410.0,284153.0,144848.0
2026-04-14 18:14:12.816375,831664,1609507946423695,5546393327,0.851072,-0.003904,0.210816,-0.7875,-3.38625,-3.99875,-19.208,28.808,4.128,none,4,3.0,65354.0,294754.0,134410.0,284153.0,144848.0
2026-04-14 18:14:12.818858,831665,1609507946438239,5546408289,0.851072,-0.003904,0.210816,-3.54375,-3.77125,-3.92,-19.208,28.808,4.128,none,4,3.0,65354.0,294754.0,134410.0,284153.0,144848.0
2026-04-14 18:14:12.823919,831666,1609507946447281,5546416985,0.919392,-0.001952,0.46848,-7.77,-4.59375,-4.0425,-19.136002,28.992,3.784,none,4,3.0,65354.0,294754.0,134410.0,284153.0,144848.0
2026-04-14 18:14:12.838740,831667,1609507946461825,5546431920,0.823744,0.00976,0.245952,-11.8825,-5.74,-3.92,-19.008001,28.976002,3.312,none,4,3.0,65354.0,294754.0,134410.0,284153.0,144848.0
2026-04-14 18:14:12.846567,831668,1609507946470756,5546440672,0.823744,0.00976,0.245952,-15.015,-6.88625,-3.98125,-19.008001,28.976002,3.312,none,4,3.0,65354.0,294754.0,134410.0,284153.0,144848.0
2026-04-14 18:14:12.886204,831679,1609507946485251,5546455524,0.86864,-0.007808,0.158112,-16.8175,-7.77875,-4.9525,-19.44,28.664001,3.848,none,4,3.0,67525.0,296873.0,137346.0,286027.0,147869.0
2026-04-14 18:14:12.888898,831680,1609507946494230,5546464310,0.86864,-0.007808,0.158112,-16.14375,-9.5375,-5.80125,-19.44,28.664001,3.848,none,4,3.0,67525.0,296873.0,137346.0,286027.0,147869.0
2026-04-14 18:14:12.891626,831681,1609507946503207,5546473050,0.911584,0.025376,0.411872,-17.82375,-11.27875,-6.685,-20.072,29.048002,4.04,none,4,3.0,67525.0,296873.0,137346.0,286027.0,147869.0
2026-04-14 18:14:12.896734,831682,1609507946517721,5546487981,0.911584,0.025376,0.411872,-20.50125,-10.885,-7.1225,-20.072,29.048002,4.04,none,4,3.0,67525.0,296873.0,137346.0,286027.0,147869.0
2026-04-14 18:14:12.904262,831683,1609507946526718,5546496738,0.872544,-0.00976,0.460672,-21.16625,-9.80875,-6.265,-20.384,29.144001,4.352,none,4,3.0,67525.0,296873.0,137346.0,286027.0,147869.0
2026-04-14 18:14:12.914836,831684,1609507946541232,5546509651,0.843264,-0.064416,0.21472,-20.09875,-8.6975,-4.585,-19.696001,28.928001,2.224,none,4,3.0,67525.0,296873.0,137346.0,286027.0,147869.0
2026-04-14 18:14:12.926236,831685,1609507946550482,5546520410,0.843264,-0.064416,0.21472,-16.7475,-6.58875,-2.33625,-19.696001,28.928001,2.224,none,4,3.0,67525.0,296873.0,137346.0,286027.0,147869.0
2026-04-14 18:14:12.937311,831686,1609507946559647,5546529099,0.843264,0.02928,0.35136,-9.38,-4.59375,1.96,-19.696001,28.928001,3.912,none,4,3.0,67525.0,296873.0,137346.0,286027.0,147869.0
2026-04-14 18:14:12.951021,831687,1609507946574135,5546543972,0.784704,0.021472,0.35136,-0.595,-3.57,5.85375,-19.224,29.528002,3.912,none,4,3.0,67525.0,296873.0,137346.0,286027.0,147869.0
2026-04-14 18:14:12.959077,831688,1609507946583082,5546552692,0.808128,0.035136,0.201056,4.15625,-2.24,7.02625,-19.448002,29.328001,3.792,none,4,3.0,67525.0,296873.0,137346.0,286027.0,147869.0
2026-04-14 18:14:12.989141,831699,1609507946597948,5546567701,0.808128,0.035136,0.201056,4.13,-0.62125,5.8275,-19.448002,29.328001,3.792,none,4,3.0,66154.0,294378.0,135804.0,284238.0,146291.0
2026-04-14 18:14:12.991703,831700,1609507946606923,5546576429,0.80032,-0.015616,0.187392,2.42375,0.385,4.03375,-20.472,29.808,3.848,none,4,3.0,66154.0,294378.0,135804.0,284238.0,146291.0
2026-04-14 18:14:12.993836,831701,1609507946615862,5546585177,0.80032,-0.015616,0.187392,3.38625,0.98,2.89625,-20.472,29.808,3.848,none,4,3.0,66154.0,294378.0,135804.0,284238.0,146291.0
2026-04-14 18:14:13.007046,831702,1609507946630491,5546600164,0.870592,-0.0488,0.353312,8.12875,0.37625,1.9775,-20.768002,29.448002,3.88,none,4,3.0,66154.0,294378.0,135804.0,284238.0,146291.0
2026-04-14 18:14:13.016635,831703,1609507946639432,5546608953,0.870592,-0.0488,0.353312,10.77125,-0.11375,2.47625,-20.768002,29.448002,3.88,none,4,3.0,66154.0,294378.0,135804.0,284238.0,146291.0
2026-04-14 18:14:13.032839,831704,1609507946653922,5546623847,0.903776,-0.042944,0.23424,9.1175,-0.83125,4.69875,-18.848001,29.240002,1.792,none,4,3.0,66154.0,294378.0,135804.0,284238.0,146291.0
2026-04-14 18:14:13.038780,831705,1609507946662928,5546632579,0.921344,-0.03904,0.359168,5.0925,-0.39375,6.74625,-18.944,29.384,2.68,none,4,3.0,66154.0,294378.0,135804.0,284238.0,146291.0
2026-04-14 18:14:13.055012,831706,1609507946677424,5546647496,0.921344,-0.03904,0.359168,-1.19,0.2975,8.49625,-18.944,29.384,2.68,none,4,3.0,66154.0,294378.0,135804.0,284238.0,146291.0
2026-04-14 18:14:13.091628,831717,1609507946686502,5546656184,0.88816,-0.076128,0.298656,-6.67625,1.82,12.43375,-18.528002,29.128002,3.208,none,4,3.0,69462.0,298174.0,140043.0,287374.0,150591.0
2026-04-14 18:14:13.092386,831718,1609507946695625,5546664890,0.88816,-0.076128,0.298656,-8.1725,3.42125,15.7325,-18.528002,29.128002,3.208,none,4,3.0,69462.0,298174.0,140043.0,287374.0,150591.0
2026-04-14 18:14:13.094875,831719,1609507946710189,5546679735,0.901824,-0.105408,0.208864,-2.94,4.935,18.34,-19.256,29.656002,4.08,none,4,3.0,69462.0,298174.0,140043.0,287374.0,150591.0
2026-04-14 18:14:13.119790,831720,1609507946719231,5546688586,0.901824,-0.105408,0.208864,3.5525,6.8775,20.9475,-19.256,29.656002,4.08,none,4,3.0,69462.0,298174.0,140043.0,287374.0,150591.0
2026-04-14 18:14:13.145406,831721,1609507946733724,5546703525,0.845216,-0.02928,0.366976,8.21625,9.54625,22.65375,-19.0,30.136002,3.04,none,4,3.0,69462.0,298174.0,140043.0,287374.0,150591.0
2026-04-14 18:14:13.147927,831722,1609507946742630,5546712210,0.835456,-0.017568,0.378688,10.6225,11.6375,23.51125,-18.512001,29.936,4.296,none,4,3.0,69462.0,298174.0,140043.0,287374.0,150591.0
2026-04-14 18:14:13.155025,831723,1609507946751755,5546720888,0.835456,-0.017568,0.378688,12.04,12.32,23.77375,-18.512001,29.936,4.296,none,4,3.0,69462.0,298174.0,140043.0,287374.0,150591.0
2026-04-14 18:14:13.157940,831724,1609507946766261,5546735812,0.833504,-0.056608,0.208864,14.1925,12.425,23.205,-18.592001,30.008001,5.536,none,4,3.0,69462.0,298174.0,140043.0,287374.0,150591.0
2026-04-14 18:14:13.160341,831725,1609507946775198,5546744551,0.833504,-0.056608,0.208864,16.58125,11.96125,22.575,-18.592001,30.008001,5.536,none,4,3.0,69462.0,298174.0,140043.0,287374.0,150591.0
2026-04-14 18:14:13.192320,831736,1609507946790458,5546759559,0.890112,-0.056608,0.417728,17.3425,11.15625,22.16375,-18.656,30.400002,5.816001,none,4,3.0,70453.0,300303.0,141613.0,289583.0,152184.0
2026-04-14 18:14:13.195284,831737,1609507946799507,5546768291,0.890112,-0.056608,0.417728,17.5875,11.1125,20.85125,-18.656,30.400002,5.816001,none,4,3.0,70453.0,300303.0,141613.0,289583.0,152184.0
2026-04-14 18:14:13.197638,831738,1609507946808981,5546779052,0.894016,-0.027328,0.433344,18.52375,11.15625,18.47125,-18.536001,30.480001,7.648,none,4,3.0,70453.0,300303.0,141613.0,289583.0,152184.0
2026-04-14 18:14:13.200295,831739,1609507946823514,5546792017,0.919392,-0.085888,0.36112,17.815,10.52625,16.135,-18.168001,30.344002,5.232,none,4,3.0,70453.0,300303.0,141613.0,289583.0,152184.0
2026-04-14 18:14:13.231664,831740,1609507946832945,5546802782,0.919392,-0.085888,0.36112,16.2575,9.415,14.04375,-18.168001,30.344002,5.232,none,4,3.0,70453.0,300303.0,141613.0,289583.0,152184.0
2026-04-14 18:14:13.234171,831741,1609507946847429,5546817686,0.938912,-0.085888,0.378688,14.0175,7.67375,12.66125,-16.584002,29.864002,4.192,none,4,3.0,70453.0,300303.0,141613.0,289583.0,152184.0
2026-04-14 18:14:13.236695,831742,1609507946856368,5546826403,0.938912,-0.085888,0.378688,13.43125,6.36125,11.85625,-16.584002,29.864002,4.192,none,4,3.0,70453.0,300303.0,141613.0,289583.0,152184.0
2026-04-14 18:14:13.241710,831743,1609507946865336,5546835102,0.919392,-0.07808,0.33184,14.93625,5.5825,11.3925,-16.2,30.096,5.24,none,4,3.0,70453.0,300303.0,141613.0,289583.0,152184.0
2026-04-14 18:14:13.257966,831744,1609507946879847,5546849978,0.919392,-0.07808,0.33184,14.27125,5.45125,11.19125,-16.2,30.096,5.24,none,4,3.0,70453.0,300303.0,141613.0,289583.0,152184.0
2026-04-14 18:14:13.291360,831755,1609507946889361,5546858764,0.870592,-0.052704,0.347456,9.87875,5.845,12.215,-16.176,30.168001,2.264,none,4,3.0,72802.0,302854.0,144547.0,291666.0,155103.0
2026-04-14 18:14:13.294109,831756,1609507946904130,5546873792,0.817888,-0.085888,0.255712,6.43125,5.7225,12.9325,-16.592001,30.128002,5.544,none,4,3.0,72802.0,302854.0,144547.0,291666.0,155103.0
2026-04-14 18:14:13.296481,831757,1609507946913073,5546882512,0.817888,-0.085888,0.255712,7.09625,5.48625,14.07875,-16.592001,30.128002,5.544,none,4,3.0,72802.0,302854.0,144547.0,291666.0,155103.0
2026-04-14 18:14:13.299105,831758,1609507946922111,5546891212,0.786656,-0.03904,0.36112,9.6775,5.8975,16.03875,-16.592001,30.128002,3.72,none,4,3.0,72802.0,302854.0,144547.0,291666.0,155103.0
2026-04-14 18:14:13.311722,831759,1609507946936617,5546906080,0.782752,-0.03904,0.36112,12.71375,5.915,17.9025,-16.424002,30.296001,3.72,none,4,3.0,72802.0,302854.0,144547.0,291666.0,155103.0
2026-04-14 18:14:13.321253,831760,1609507946945549,5546914775,0.7808,-0.00976,0.374784,15.715,5.55625,18.935,-16.184,30.880001,6.248,none,4,3.0,72802.0,302854.0,144547.0,291666.0,155103.0
2026-04-14 18:14:13.336672,831761,1609507946960047,5546929796,0.7808,-0.00976,0.374784,15.9775,6.1075,19.0575,-16.184,30.880001,6.248,none,4,3.0,72802.0,302854.0,144547.0,291666.0,155103.0
2026-04-14 18:14:13.343729,831762,1609507946969116,5546938497,0.802272,-0.052704,0.18544,16.275,7.02625,18.87375,-15.576001,30.464,6.928001,none,4,3.0,72802.0,302854.0,144547.0,291666.0,155103.0
2026-04-14 18:14:13.354084,831763,1609507946978071,5546947184,0.802272,-0.052704,0.18544,18.3575,7.48125,17.885,-15.576001,30.464,6.928001,none,4,3.0,72802.0,302854.0,144547.0,291666.0,155103.0
2026-04-14 18:14:13.395360,831775,1609507946993188,5546962194,0.86864,-0.08784,0.269376,21.48125,7.30625,16.17,-15.888001,30.568,5.44,none,4,3.0,72194.0,302163.0,143886.0,291202.0,154414.0
2026-04-14 18:14:13.397882,831776,1609507947002355,5546970999,0.86864,-0.08784,0.232288,22.60125,7.525,15.09375,-15.888001,30.568,5.44,none,4,3.0,72194.0,302163.0,143886.0,291202.0,154414.0
2026-04-14 18:14:13.400029,831777,1609507947017219,5546985937,0.808128,-0.08784,0.232288,21.2275,7.49875,14.37625,-14.952001,30.192001,5.672,none,4,3.0,72194.0,302163.0,143886.0,291202.0,154414.0
2026-04-14 18:14:13.405061,831778,1609507947026597,5546996719,0.94672,-0.128832,0.355264,18.15625,7.65625,14.02625,-14.768001,30.208002,5.864,none,4,3.0,72194.0,302163.0,143886.0,291202.0,154414.0
2026-04-14 18:14:13.412953,831779,1609507947035535,5547005473,0.94672,-0.128832,0.355264,14.11375,8.09375,14.11375,-14.768001,30.208002,5.864,none,4,3.0,72194.0,302163.0,143886.0,291202.0,154414.0
2026-04-14 18:14:13.426719,831780,1609507947050110,5547020458,1.00528,-0.16592,0.415776,9.0475,8.09375,13.74625,-14.400001,30.448002,7.312,none,4,3.0,72194.0,302163.0,143886.0,291202.0,154414.0
2026-04-14 18:14:13.436700,831781,1609507947059041,5547029146,1.00528,-0.16592,0.415776,8.89,8.3125,12.9325,-14.400001,30.448002,7.312,none,4,3.0,72194.0,302163.0,143886.0,291202.0,154414.0
2026-04-14 18:14:13.452955,831782,1609507947073717,5547044057,0.876448,-0.122976,0.333792,12.32,8.225,11.7775,-14.480001,30.568,7.304,none,4,3.0,72194.0,302163.0,143886.0,291202.0,154414.0
2026-04-14 18:14:13.460455,831783,1609507947082661,5547052736,0.876448,-0.122976,0.417728,16.9575,8.95125,11.375,-14.480001,30.568,7.304,none,4,3.0,72194.0,302163.0,143886.0,291202.0,154414.0
2026-04-14 18:14:13.537880,831794,1609507947092034,5547061484,0.913536,-0.062464,0.417728,21.6125,10.167501,12.34625,-14.840001,30.760002,6.752,none,4,3.0,73480.0,303525.0,145475.0,292177.0,155939.0
2026-04-14 18:14:13.540452,831795,1609507947106592,5547076452,0.890112,-0.099552,0.423584,19.705,10.8325,11.76875,-14.552001,30.688002,7.656,none,4,3.0,73480.0,303525.0,145475.0,292177.0,155939.0
2026-04-14 18:14:13.542470,831796,1609507947115525,5547085152,0.890112,-0.099552,0.423584,15.855001,12.3375,12.7575,-14.552001,30.688002,7.656,none,4,3.0,73480.0,303525.0,145475.0,292177.0,155939.0
2026-04-14 18:14:13.545443,831797,1609507947130132,5547100136,0.817888,-0.0976,0.38064,17.24625,13.69375,13.64125,-14.272,30.544,7.576,none,4,3.0,73480.0,303525.0,145475.0,292177.0,155939.0
2026-04-14 18:14:13.547963,831798,1609507947139083,5547108846,0.817888,-0.0976,0.38064,21.875,13.7375,14.00875,-14.272,30.544,7.576,none,4,3.0,73480.0,303525.0,145475.0,292177.0,155939.0
2026-04-14 18:14:13.550457,831799,1609507947148134,5547117515,0.7808,-0.066368,0.333792,24.3425,12.50375,15.14625,-14.496,30.840002,9.0,none,4,3.0,73480.0,303525.0,145475.0,292177.0,155939.0
2026-04-14 18:14:13.552963,831800,1609507947162691,5547132467,0.7808,-0.066368,0.333792,24.7975,11.095,15.82,-14.496,30.840002,9.0,none,4,3.0,73480.0,303525.0,145475.0,292177.0,155939.0
2026-04-14 18:14:13.555014,831801,1609507947171802,5547141200,0.757376,-0.076128,0.267424,23.75625,8.74125,15.89875,-14.840001,30.824001,8.912001,none,4,3.0,73480.0,303525.0,145475.0,292177.0,155939.0
2026-04-14 18:14:13.562490,831802,1609507947186387,5547156094,0.79056,-0.06832,0.345504,21.70875,7.25375,15.88125,-14.528001,30.688002,8.832001,none,4,3.0,73480.0,303525.0,145475.0,292177.0,155939.0
2026-04-14 18:14:13.592812,831813,1609507947195444,5547164942,0.79056,-0.06832,0.345504,19.8275,5.8625,15.1025,-14.528001,30.688002,8.832001,none,4,3.0,70860.0,300852.0,142384.0,290112.0,152820.0
2026-04-14 18:14:13.595372,831814,1609507947204555,5547173676,0.753472,-0.095648,0.17568,18.5675,4.52375,13.37875,-14.256001,30.448002,11.208,none,4,3.0,70860.0,300852.0,142384.0,290112.0,152820.0
2026-04-14 18:14:13.597897,831815,1609507947219091,5547188698,0.753472,-0.095648,0.17568,18.8825,1.9775,12.01375,-14.256001,30.448002,11.208,none,4,3.0,70860.0,300852.0,142384.0,290112.0,152820.0
2026-04-14 18:14:13.605281,831816,1609507947228032,5547197453,0.772992,-0.091744,0.17568,20.8775,-0.23625,10.68375,-13.336,30.240002,8.96,none,4,3.0,70860.0,300852.0,142384.0,290112.0,152820.0
2026-04-14 18:14:13.619227,831817,1609507947242708,5547212478,0.772992,-0.091744,0.17568,22.855,-2.02125,9.44125,-13.336,30.240002,8.96,none,4,3.0,70860.0,300852.0,142384.0,290112.0,152820.0
2026-04-14 18:14:13.627963,831818,1609507947251850,5547221173,0.765184,-0.072224,0.279136,23.12625,-3.28125,8.81125,-12.696001,30.024002,9.848001,none,4,3.0,70860.0,300852.0,142384.0,290112.0,152820.0
2026-04-14 18:14:13.641712,831819,1609507947266352,5547236151,0.892064,-0.103456,0.372832,22.32125,-3.6925,9.065,-13.344001,30.272001,8.944,none,4,3.0,70860.0,300852.0,142384.0,290112.0,152820.0
2026-04-14 18:14:13.654664,831820,1609507947275284,5547244859,0.892064,-0.103456,0.372832,22.28625,-3.50875,9.54625,-13.344001,30.272001,8.944,none,4,3.0,70860.0,300852.0,142384.0,290112.0,152820.0
2026-04-14 18:14:13.661982,831821,1609507947284230,5547253552,0.892064,-0.095648,0.144448,23.38875,-3.8675,10.43875,-13.344001,30.272001,8.944,none,4,3.0,70860.0,300852.0,142384.0,290112.0,152820.0
2026-04-14 18:14:13.692902,831832,1609507947298767,5547268613,0.821792,-0.095648,0.144448,24.710001,-4.2525,11.5325,-12.888001,29.920002,10.320001,none,4,3.0,71296.0,300974.0,142802.0,289965.0,153261.0
2026-04-14 18:14:13.694931,831833,1609507947307773,5547277381,0.84912,-0.099552,0.162016,26.897501,-4.66375,12.3025,-12.64,29.944002,8.936001,none,4,3.0,71296.0,300974.0,142802.0,289965.0,153261.0
2026-04-14 18:14:13.700160,831834,1609507947322315,5547292291,0.84912,-0.099552,0.162016,27.90375,-4.66375,13.20375,-12.64,29.944002,8.936001,none,4,3.0,71296.0,300974.0,142802.0,289965.0,153261.0
2026-04-14 18:14:13.707911,831835,1609507947331358,5547301003,0.872544,-0.072224,0.314272,27.3875,-3.99,13.5275,-12.320001,29.832,9.544001,none,4,3.0,71296.0,300974.0,142802.0,289965.0,153261.0
2026-04-14 18:14:13.716687,831836,1609507947340424,5547309698,0.872544,-0.072224,0.314272,24.52625,-2.75625,13.37875,-12.320001,29.832,9.544001,none,4,3.0,71296.0,300974.0,142802.0,289965.0,153261.0
2026-04-14 18:14:13.730438,831837,1609507947354932,5547324628,0.968192,-0.144448,0.339648,21.23625,-2.87,13.58,-12.200001,29.968002,10.440001,none,4,3.0,71296.0,300974.0,142802.0,289965.0,153261.0
2026-04-14 18:14:13.741727,831838,1609507947363888,5547333338,0.968192,-0.144448,0.339648,20.93,-3.70125,13.9475,-12.200001,29.968002,10.440001,none,4,3.0,71296.0,300974.0,142802.0,289965.0,153261.0
2026-04-14 18:14:13.756409,831839,1609507947378419,5547348254,0.880352,-0.15616,0.138592,22.79375,-4.66375,13.86,-12.592001,29.568,10.464001,none,4,3.0,71296.0,300974.0,142802.0,289965.0,153261.0
2026-04-14 18:14:13.765099,831840,1609507947387355,5547356952,0.853024,-0.142496,0.22448,27.25625,-6.755,12.95875,-11.68,29.320002,9.792001,none,4,3.0,71296.0,300974.0,142802.0,289965.0,153261.0
2026-04-14 18:14:13.797660,831851,1609507947401989,5547371967,0.853024,-0.142496,0.22448,27.27375,-10.5175,12.39875,-11.68,29.320002,9.792001,none,4,3.0,70788.0,301527.0,141966.0,290127.0,152361.0
2026-04-14 18:14:13.800233,831852,1609507947410946,5547380741,0.86864,-0.163968,0.12688,25.1825,-12.31125,13.48375,-11.768001,29.216002,9.928,none,4,3.0,70788.0,301527.0,141966.0,290127.0,152361.0
2026-04-14 18:14:13.802682,831853,1609507947419891,5547389462,0.86864,-0.163968,0.12688,22.19,-12.7575,13.95625,-11.768001,29.216002,9.928,none,4,3.0,70788.0,301527.0,141966.0,290127.0,152361.0
2026-04-14 18:14:13.810262,831854,1609507947434449,5547404426,0.882304,-0.160064,0.152256,19.57375,-12.74,13.86875,-11.664001,29.656002,10.52,none,4,3.0,70788.0,301527.0,141966.0,290127.0,152361.0
2026-04-14 18:14:13.820257,831855,1609507947443455,5547413235,0.882304,-0.160064,0.152256,18.366251,-11.66375,13.48375,-11.664001,29.656002,10.52,none,4,3.0,70788.0,301527.0,141966.0,290127.0,152361.0
2026-04-14 18:14:13.852536,831856,1609507947457927,5547428150,0.8784,-0.162016,0.310368,19.01375,-10.85875,12.81,-12.016001,29.824001,12.264001,none,4,3.0,70788.0,301527.0,141966.0,290127.0,152361.0
2026-04-14 18:14:13.877651,831857,1609507947466830,5547436812,0.847168,-0.191296,0.226432,20.125,-9.42375,11.4275,-11.944,29.296001,13.320001,none,4,3.0,70788.0,301527.0,141966.0,290127.0,152361.0
2026-04-14 18:14:13.902676,831858,1609507947481373,5547451710,0.847168,-0.191296,0.226432,20.51875,-7.84,11.06875,-11.944,29.296001,13.320001,none,4,3.0,70788.0,301527.0,141966.0,290127.0,152361.0
2026-04-14 18:14:13.938911,831869,1609507947490321,5547460894,0.84912,-0.160064,0.398208,20.15125,-7.0175,11.22625,-12.152,29.52,11.752001,none,4,3.0,72097.0,303168.0,143907.0,291714.0,154468.0
2026-04-14 18:14:13.942249,831870,1609507947499417,5547469638,0.84912,-0.160064,0.398208,17.50875,-6.44,11.20875,-12.152,29.52,11.752001,none,4,3.0,72097.0,303168.0,143907.0,291714.0,154468.0
2026-04-14 18:14:13.942334,831871,1609507947513966,5547482522,0.835456,-0.1952,0.187392,15.14625,-5.5475,11.62,-11.952001,29.704,11.688001,none,4,3.0,72097.0,303168.0,143907.0,291714.0,154468.0
2026-04-14 18:14:13.944905,831872,1609507947523358,5547493272,0.835456,-0.1952,0.187392,13.825,-4.89125,11.92625,-11.952001,29.704,11.688001,none,4,3.0,72097.0,303168.0,143907.0,291714.0,154468.0
2026-04-14 18:14:13.947491,831873,1609507947537845,5547508164,0.884256,-0.173728,0.277184,14.4725,-5.10125,11.90875,-11.920001,29.824001,12.960001,none,4,3.0,72097.0,303168.0,143907.0,291714.0,154468.0
2026-04-14 18:14:13.950107,831874,1609507947546785,5547516863,0.806176,-0.113216,0.187392,17.07125,-5.9325,10.64,-12.416,29.752,13.792001,none,4,3.0,72097.0,303168.0,143907.0,291714.0,154468.0
2026-04-14 18:14:13.952539,831875,1609507947555779,5547525737,0.806176,-0.113216,0.187392,18.935,-6.88625,8.6975,-12.416,29.752,13.792001,none,4,3.0,72097.0,303168.0,143907.0,291714.0,154468.0
2026-04-14 18:14:13.954956,831876,1609507947570573,5547540671,0.88816,-0.113216,0.31232,19.29375,-6.99125,6.9475,-12.424001,29.576002,12.232,none,4,3.0,72097.0,303168.0,143907.0,291714.0,154468.0
2026-04-14 18:14:13.957511,831877,1609507947579723,5547549578,0.88816,-0.113216,0.31232,19.39875,-5.85375,5.6875,-12.424001,29.576002,12.232,none,4,3.0,72097.0,303168.0,143907.0,291714.0,154468.0
2026-04-14 18:14:13.997982,831888,1609507947595054,5547564495,0.919392,-0.140544,0.38064,18.795,-4.64625,5.53875,-11.76,29.032001,12.64,none,4,3.0,77787.0,307018.0,151009.0,294950.0,161547.0
2026-04-14 18:14:14.000328,831889,1609507947604176,5547573312,0.919392,-0.140544,0.38064,18.83,-4.62875,6.88625,-11.76,29.032001,12.64,none,4,3.0,77787.0,307018.0,151009.0,294950.0,161547.0
2026-04-14 18:14:14.002979,831890,1609507947613183,5547582063,0.919392,-0.134688,0.406016,17.2025,-4.48,8.46125,-11.704,29.344002,12.712001,none,4,3.0,77787.0,307018.0,151009.0,294950.0,161547.0
2026-04-14 18:14:14.005157,831891,1609507947627686,5547596990,0.817888,-0.130784,0.158112,13.7025,-3.0975,10.6225,-11.296001,28.944002,13.752001,none,4,3.0,77787.0,307018.0,151009.0,294950.0,161547.0
2026-04-14 18:14:14.012962,831892,1609507947636592,5547605713,0.817888,-0.130784,0.158112,9.625,-2.3625,11.935,-11.296001,28.944002,13.752001,none,4,3.0,77787.0,307018.0,151009.0,294950.0,161547.0
2026-04-14 18:14:14.028832,831893,1609507947651092,5547620608,0.81008,-0.144448,0.242048,6.97375,-1.7325,12.845,-11.568001,28.792002,12.112,none,4,3.0,77787.0,307018.0,151009.0,294950.0,161547.0
2026-04-14 18:14:14.035494,831894,1609507947660174,5547629341,0.81008,-0.144448,0.242048,6.01125,-1.58375,13.3525,-11.568001,28.792002,12.112,none,4,3.0,77787.0,307018.0,151009.0,294950.0,161547.0
2026-04-14 18:14:14.044101,831895,1609507947669104,5547638026,0.796416,-0.144448,0.271328,6.4575,-0.63,13.335,-10.456,28.712002,11.952001,none,4,3.0,77787.0,307018.0,151009.0,294950.0,161547.0
2026-04-14 18:14:14.060773,831896,1609507947683626,5547652898,0.796416,-0.144448,0.271328,8.23375,0.53375,12.565,-10.456,28.712002,11.952001,none,4,3.0,77787.0,307018.0,151009.0,294950.0,161547.0
2026-04-14 18:14:14.097987,831907,1609507947692647,5547662042,0.8784,-0.206912,0.320128,10.4475,0.58625,12.005,-10.096001,28.864002,12.112,none,4,3.0,77026.0,306858.0,150070.0,294814.0,160575.0
2026-04-14 18:14:14.100486,831908,1609507947707237,5547677009,0.80032,-0.197152,0.154208,11.59375,0.35875,10.885,-10.096001,28.864002,11.064,none,4,3.0,77026.0,306858.0,150070.0,294814.0,160575.0
2026-04-14 18:14:14.102963,831909,1609507947716165,5547685707,0.804224,-0.197152,0.154208,12.6875,-0.35,11.55,-9.88,28.688002,11.064,none,4,3.0,77026.0,306858.0,150070.0,294814.0,160575.0
2026-04-14 18:14:14.105157,831910,1609507947725207,5547694430,0.804224,-0.197152,0.154208,14.60375,-1.12,12.60875,-9.88,28.688002,11.064,none,4,3.0,77026.0,306858.0,150070.0,294814.0,160575.0
2026-04-14 18:14:14.115495,831911,1609507947739771,5547709320,0.806176,-0.187392,0.173728,16.91375,-2.2925,12.38125,-10.192,28.928001,12.72,none,4,3.0,77026.0,306858.0,150070.0,294814.0,160575.0
2026-04-14 18:14:14.123804,831912,1609507947748686,5547717995,0.806176,-0.189344,0.191296,17.78875,-3.115,11.87375,-9.76,28.728,13.368001,none,4,3.0,77026.0,306858.0,150070.0,294814.0,160575.0
2026-04-14 18:14:14.140299,831913,1609507947763180,5547732932,0.806176,-0.189344,0.191296,16.68625,-2.80875,11.87375,-9.76,28.728,13.368001,none,4,3.0,77026.0,306858.0,150070.0,294814.0,160575.0
2026-04-14 18:14:14.149082,831914,1609507947772125,5547741621,0.786656,-0.193248,0.230336,13.877501,-2.1875,12.18875,-9.928,28.44,12.416,none,4,3.0,77026.0,306858.0,150070.0,294814.0,160575.0
2026-04-14 18:14:14.164160,831915,1609507947786640,5547756607,0.786656,-0.193248,0.230336,11.83,-2.135,12.8275,-9.928,28.44,12.416,none,4,3.0,77026.0,306858.0,150070.0,294814.0,160575.0
2026-04-14 18:14:14.192960,831926,1609507947796121,5547765328,0.812032,-0.216672,0.138592,13.27375,-1.60125,13.0725,-9.592,28.336,11.272,none,4,3.0,76815.0,306040.0,149784.0,293956.0,160400.0
2026-04-14 18:14:14.195453,831927,1609507947805305,5547774092,0.812032,-0.216672,0.138592,15.435,-1.505,12.17125,-9.592,28.336,11.272,none,4,3.0,76815.0,306040.0,149784.0,293956.0,160400.0
2026-04-14 18:14:14.197927,831928,1609507947820266,5547789018,0.899872,-0.212768,0.308416,18.87375,-1.6275,10.57875,-9.536,28.256,13.792001,none,4,3.0,76815.0,306040.0,149784.0,293956.0,160400.0
2026-04-14 18:14:14.226152,831929,1609507947829670,5547799778,0.882304,-0.193248,0.423584,21.6125,-2.30125,8.3475,-10.008,28.352001,14.088,none,4,3.0,76815.0,306040.0,149784.0,293956.0,160400.0
2026-04-14 18:14:14.228634,831930,1609507947838587,5547808518,0.882304,-0.193248,0.423584,22.65375,-2.17875,6.265,-10.008,28.352001,14.088,none,4,3.0,76815.0,306040.0,149784.0,293956.0,160400.0
2026-04-14 18:14:14.231564,831931,1609507947853164,5547823410,0.763232,-0.162016,0.279136,22.2075,-1.74125,4.1125,-9.952001,28.016,13.456,none,4,3.0,76815.0,306040.0,149784.0,293956.0,160400.0
2026-04-14 18:14:14.256261,831932,1609507947862310,5547832109,0.763232,-0.162016,0.279136,22.18125,-1.47,1.12,-9.952001,28.016,13.456,none,4,3.0,76815.0,306040.0,149784.0,293956.0,160400.0
2026-04-14 18:14:14.264068,831933,1609507947876778,5547847008,0.767136,-0.158112,0.206912,23.94875,-1.37375,-2.3975,-9.696,27.944002,13.400001,none,4,3.0,76815.0,306040.0,149784.0,293956.0,160400.0
2026-04-14 18:14:14.266172,831934,1609507947885868,5547855756,0.767136,-0.158112,0.206912,25.8125,-1.33875,-5.88875,-9.696,27.944002,13.400001,none,4,3.0,76815.0,306040.0,149784.0,293956.0,160400.0
2026-04-14 18:14:14.293843,831945,1609507947894909,5547864497,0.851072,-0.154208,0.427488,26.34625,-2.52,-9.42375,-9.544001,27.488,13.648001,none,4,3.0,78164.0,306012.0,151550.0,294014.0,162225.0
2026-04-14 18:14:14.296655,831946,1609507947909503,5547879384,0.884256,-0.197152,0.290848,24.98125,-4.8475,-12.92375,-9.696,27.888,14.808001,none,4,3.0,78164.0,306012.0,151550.0,294014.0,162225.0
2026-04-14 18:14:14.298810,831947,1609507947918445,5547888084,0.884256,-0.197152,0.290848,23.135,-5.76625,-16.10875,-9.696,27.888,14.808001,none,4,3.0,78164.0,306012.0,151550.0,294014.0,162225.0
2026-04-14 18:14:14.310110,831948,1609507947932989,5547903005,0.835456,-0.13664,0.402112,20.685,-7.0875,-18.19125,-10.016001,27.36,14.160001,none,4,3.0,78164.0,306012.0,151550.0,294014.0,162225.0
2026-04-14 18:14:14.317334,831949,1609507947941947,5547911792,0.835456,-0.13664,0.402112,17.7625,-8.3125,-19.88875,-10.016001,27.36,14.160001,none,4,3.0,78164.0,306012.0,151550.0,294014.0,162225.0
2026-04-14 18:14:14.334126,831950,1609507947956539,5547926688,0.802272,-0.158112,0.163968,17.71875,-8.25125,-20.553751,-11.856001,27.560001,15.544001,none,4,3.0,78164.0,306012.0,151550.0,294014.0,162225.0
2026-04-14 18:14:14.341309,831951,1609507947965577,5547935459,0.802272,-0.158112,0.163968,16.98375,-8.7325,-22.40875,-11.856001,27.560001,15.544001,none,4,3.0,78164.0,306012.0,151550.0,294014.0,162225.0
2026-04-14 18:14:14.351294,831952,1609507947974678,5547944151,0.886208,-0.144448,0.378688,17.01,-8.2075,-22.3125,-10.168,26.824001,14.904,none,4,3.0,78164.0,306012.0,151550.0,294014.0,162225.0
2026-04-14 18:14:14.365444,831953,1609507947989180,5547959075,0.823744,-0.15616,0.181536,18.8825,-7.105,-22.8025,-10.168,26.824001,13.824,none,4,3.0,78164.0,306012.0,151550.0,294014.0,162225.0
2026-04-14 18:14:14.398313,831964,1609507947998669,5547967962,0.823744,-0.15616,0.181536,20.30875,-6.3525,-23.44125,-10.6,26.680002,13.824,none,4,3.0,74819.0,303145.0,146975.0,291156.0,157607.0
2026-04-14 18:14:14.400437,831965,1609507948013315,5547982931,0.833504,-0.148352,0.261568,20.30875,-4.89125,-22.1725,-11.552001,27.032001,16.112001,none,4,3.0,74819.0,303145.0,146975.0,291156.0,157607.0
2026-04-14 18:14:14.404191,831966,1609507948022317,5547991684,0.833504,-0.148352,0.261568,18.9875,-2.49375,-19.39,-11.552001,27.032001,16.112001,none,4,3.0,74819.0,303145.0,146975.0,291156.0,157607.0
2026-04-14 18:14:14.407389,831967,1609507948031340,5548000422,0.892064,-0.134688,0.255712,17.272501,-0.27125,-17.40375,-12.120001,26.584002,14.816001,none,4,3.0,74819.0,303145.0,146975.0,291156.0,157607.0
2026-04-14 18:14:14.424100,831968,1609507948046014,5548015351,0.892064,-0.134688,0.255712,18.61125,2.1175,-16.24875,-12.120001,26.584002,14.816001,none,4,3.0,74819.0,303145.0,146975.0,291156.0,157607.0
2026-04-14 18:14:14.433705,831969,1609507948054952,5548024045,0.802272,-0.072224,0.265472,21.37625,3.61375,-17.66625,-11.088,26.144001,15.52,none,4,3.0,74819.0,303145.0,146975.0,291156.0,157607.0
2026-04-14 18:14:14.444980,831970,1609507948069468,5548039014,0.802272,-0.144448,0.30256,21.56,4.41,-20.5625,-11.088,26.144001,17.568,none,4,3.0,74819.0,303145.0,146975.0,291156.0,157607.0
2026-04-14 18:14:14.455424,831971,1609507948078390,5548047715,0.886208,-0.144448,0.30256,21.4725,4.06,-22.4875,-11.008,26.024002,16.960001,none,4,3.0,74819.0,303145.0,146975.0,291156.0,157607.0
2026-04-14 18:14:14.462922,831972,1609507948087326,5548056435,0.886208,-0.144448,0.30256,19.3725,2.415,-23.79125,-11.008,26.024002,16.960001,none,4,3.0,74819.0,303145.0,146975.0,291156.0,157607.0
2026-04-14 18:14:14.523536,831983,1609507948101920,5548071447,0.905728,-0.150304,0.38064,17.01875,1.42625,-23.275,-11.504001,25.792002,16.304,none,4,3.0,78229.0,305160.0,151471.0,293130.0,162342.0
2026-04-14 18:14:14.526125,831984,1609507948110913,5548080217,0.89792,-0.115168,0.244,16.00375,1.2075,-23.28375,-11.496,25.640001,14.352,none,4,3.0,78229.0,305160.0,151471.0,293130.0,162342.0
2026-04-14 18:14:14.528930,831985,1609507948125434,5548095157,0.89792,-0.115168,0.244,15.30375,1.46125,-23.72125,-11.496,25.640001,14.352,none,4,3.0,78229.0,305160.0,151471.0,293130.0,162342.0
2026-04-14 18:14:14.530951,831986,1609507948134381,5548103848,0.864736,-0.10736,0.158112,13.0375,1.6625,-24.395,-11.72,25.000002,16.240002,none,4,3.0,78229.0,305160.0,151471.0,293130.0,162342.0
2026-04-14 18:14:14.532342,831987,1609507948148843,5548118718,0.864736,-0.10736,0.158112,11.54125,1.75875,-25.48,-11.72,25.000002,16.240002,none,4,3.0,78229.0,305160.0,151471.0,293130.0,162342.0
2026-04-14 18:14:14.535195,831988,1609507948157796,5548127419,0.817888,-0.101504,0.181536,10.42125,1.58375,-25.90875,-11.888001,25.216002,16.368,none,4,3.0,78229.0,305160.0,151471.0,293130.0,162342.0
2026-04-14 18:14:14.542510,831989,1609507948166905,5548136120,0.817888,-0.101504,0.181536,9.75625,1.33,-25.34875,-11.888001,25.216002,16.368,none,4,3.0,78229.0,305160.0,151471.0,293130.0,162342.0
2026-04-14 18:14:14.558891,831990,1609507948181426,5548151009,0.894016,-0.0976,0.366976,11.64625,2.21375,-23.485,-12.192,25.008001,16.448,none,4,3.0,78229.0,305160.0,151471.0,293130.0,162342.0
2026-04-14 18:14:14.565452,831991,1609507948190378,5548159721,0.778848,-0.033184,0.152256,13.83375,3.31625,-22.0675,-12.192,25.008001,17.320002,none,4,3.0,78229.0,305160.0,151471.0,293130.0,162342.0
2026-04-14 18:14:14.642718,832002,1609507948205443,5548174718,0.778848,-0.033184,0.152256,14.39375,4.655,-20.772501,-12.968,25.184002,17.320002,none,4,3.0,78385.0,303474.0,151524.0,291445.0,162391.0
2026-04-14 18:14:14.645469,832003,1609507948214479,5548183442,0.808128,-0.035136,0.251808,13.9825,4.97875,-18.795,-12.608001,25.008001,17.808,none,4,3.0,78385.0,303474.0,151524.0,291445.0,162391.0
2026-04-14 18:14:14.647502,832004,1609507948223561,5548192144,0.808128,-0.035136,0.251808,11.38375,4.66375,-17.710001,-12.608001,25.008001,17.808,none,4,3.0,78385.0,303474.0,151524.0,291445.0,162391.0
2026-04-14 18:14:14.650078,832005,1609507948238535,5548207039,0.913536,-0.0488,0.42944,8.6275,4.05125,-15.49625,-13.424001,24.944,17.576,none,4,3.0,78385.0,303474.0,151524.0,291445.0,162391.0
2026-04-14 18:14:14.652850,832006,1609507948247854,5548217811,0.913536,-0.0488,0.42944,5.53,4.1125,-13.65,-13.424001,24.944,17.576,none,4,3.0,78385.0,303474.0,151524.0,291445.0,162391.0
2026-04-14 18:14:14.655160,832007,1609507948262410,5548232771,0.845216,-0.023424,0.179584,1.70625,5.0225,-12.71375,-13.400001,24.784,17.768002,none,4,3.0,78385.0,303474.0,151524.0,291445.0,162391.0
2026-04-14 18:14:14.657779,832008,1609507948271345,5548241461,0.948672,-0.085888,0.296704,-2.555,6.13375,-12.25875,-13.656001,24.896002,17.464,none,4,3.0,78385.0,303474.0,151524.0,291445.0,162391.0
2026-04-14 18:14:14.660079,832009,1609507948280278,5548250197,0.948672,-0.085888,0.296704,-5.845,6.23,-11.025,-13.656001,24.896002,17.464,none,4,3.0,78385.0,303474.0,151524.0,291445.0,162391.0
2026-04-14 18:14:14.668739,832010,1609507948294796,5548263209,0.919392,-0.046848,0.382592,-6.4225,4.4975,-8.51375,-13.512001,25.304,18.720001,none,4,3.0,78385.0,303474.0,151524.0,291445.0,162391.0
2026-04-14 18:14:14.697315,832021,1609507948304160,5548274059,0.919392,-0.046848,0.382592,-5.9325,3.22875,-6.3875,-13.512001,25.304,18.720001,none,4,3.0,78330.0,302734.0,151446.0,290905.0,162271.0
2026-04-14 18:14:14.700064,832022,1609507948318827,5548289017,0.886208,0.013664,0.413824,-6.1775,2.24,-5.6,-14.168,25.376001,19.024,none,4,3.0,78330.0,302734.0,151446.0,290905.0,162271.0
2026-04-14 18:14:14.705065,832023,1609507948327772,5548297718,0.886208,0.013664,0.413824,-9.45875,2.68625,-6.2125,-14.168,25.376001,19.024,none,4,3.0,78330.0,302734.0,151446.0,290905.0,162271.0
2026-04-14 18:14:14.712923,832024,1609507948336887,5548306443,0.870592,-0.052704,0.343552,-14.91875,3.675,-6.71125,-14.328001,24.568,17.688002,none,4,3.0,78330.0,302734.0,151446.0,290905.0,162271.0
2026-04-14 18:14:14.728222,832025,1609507948351403,5548321376,0.854976,-0.0976,0.247904,-16.79125,5.03125,-7.37625,-14.328001,24.568,17.744001,none,4,3.0,78330.0,302734.0,151446.0,290905.0,162271.0
2026-04-14 18:14:14.736190,832026,1609507948360318,5548330109,0.847168,-0.0976,0.247904,-16.24,6.0375,-6.85125,-12.032001,24.928001,17.744001,none,4,3.0,78330.0,302734.0,151446.0,290905.0,162271.0
2026-04-14 18:14:14.750312,832027,1609507948374859,5548345083,0.862784,-0.080032,0.210816,-15.33,6.69375,-5.74875,-11.832001,24.968,16.864,none,4,3.0,78330.0,302734.0,151446.0,290905.0,162271.0
2026-04-14 18:14:14.761218,832028,1609507948383790,5548353780,0.862784,-0.080032,0.210816,-14.69125,7.77875,-4.61125,-11.832001,24.968,16.864,none,4,3.0,78330.0,302734.0,151446.0,290905.0,162271.0
2026-04-14 18:14:14.797327,832039,1609507948398728,5548368730,0.894016,-0.056608,0.277184,-14.77875,9.2225,-4.71625,-12.368001,25.192001,17.736,none,4,3.0,75914.0,301805.0,148660.0,290225.0,159433.0
2026-04-14 18:14:14.799881,832040,1609507948407903,5548377506,0.894016,-0.056608,0.277184,-16.12625,10.61375,-5.0925,-12.368001,25.192001,17.736,none,4,3.0,75914.0,301805.0,148660.0,290225.0,159433.0
2026-04-14 18:14:14.802227,832041,1609507948416885,5548386271,0.806176,-0.064416,0.218624,-18.71625,12.29375,-5.31125,-13.232,25.624,17.712,none,4,3.0,75914.0,301805.0,148660.0,290225.0,159433.0
2026-04-14 18:14:14.807886,832042,1609507948431416,5548401196,0.806176,-0.064416,0.343552,-19.29375,14.13125,-4.5325,-13.232,25.624,17.712,none,4,3.0,75914.0,301805.0,148660.0,290225.0,159433.0
2026-04-14 18:14:14.817812,832043,1609507948440343,5548409873,0.812032,-0.0488,0.347456,-19.7925,15.75875,-4.06875,-11.904,25.320002,16.504002,none,4,3.0,75914.0,301805.0,148660.0,290225.0,159433.0
2026-04-14 18:14:14.830404,832044,1609507948455035,5548424856,0.892064,-0.099552,0.304512,-21.32375,16.94875,-3.56125,-11.608001,25.912,16.288,none,4,3.0,75914.0,301805.0,148660.0,290225.0,159433.0
2026-04-14 18:14:14.841391,832045,1609507948464016,5548433560,0.892064,-0.099552,0.304512,-22.9075,17.54375,-2.61625,-11.608001,25.912,16.288,none,4,3.0,75914.0,301805.0,148660.0,290225.0,159433.0
2026-04-14 18:14:14.848826,832046,1609507948473074,5548442245,0.854976,-0.02928,0.411872,-24.50875,17.36,-2.49375,-12.472,26.472002,15.024001,none,4,3.0,75914.0,301805.0,148660.0,290225.0,159433.0
2026-04-14 18:14:14.864239,832047,1609507948487585,5548457157,0.854976,-0.02928,0.411872,-27.43125,17.00125,-2.2925,-12.472,26.472002,15.024001,none,4,3.0,75914.0,301805.0,148660.0,290225.0,159433.0
2026-04-14 18:14:14.874933,832048,1609507948496531,5548465915,0.944768,-0.080032,0.386496,-29.5925,14.98875,-1.65375,-12.240001,26.528002,17.0,none,4,3.0,75914.0,301805.0,148660.0,290225.0,159433.0
2026-04-14 18:14:14.899180,832059,1609507948511075,5548480881,0.944768,-0.080032,0.386496,-30.03875,12.62625,-1.61,-12.240001,26.528002,17.0,none,4,3.0,84561.0,306079.0,159786.0,294197.0,170856.0
2026-04-14 18:14:14.901700,832060,1609507948520027,5548489613,0.909632,-0.05856,0.42944,-29.225,11.05125,-1.00625,-13.192,26.584002,17.144001,none,4,3.0,84561.0,306079.0,159786.0,294197.0,170856.0
2026-04-14 18:14:14.905146,832061,1609507948528952,5548498377,0.909632,-0.05856,0.42944,-27.8775,10.8325,-1.54875,-13.192,26.584002,17.144001,none,4,3.0,84561.0,306079.0,159786.0,294197.0,170856.0
2026-04-14 18:14:14.918685,832062,1609507948543551,5548513424,0.845216,-0.02928,0.189344,-27.0025,11.48875,-3.47375,-11.888001,27.256,16.728,none,4,3.0,84561.0,306079.0,159786.0,294197.0,170856.0
2026-04-14 18:14:14.929216,832063,1609507948552511,5548522128,0.845216,-0.091744,0.269376,-29.56625,10.4125,-5.38125,-11.888001,27.256,16.728,none,4,3.0,84561.0,306079.0,159786.0,294197.0,170856.0
2026-04-14 18:14:14.959244,832064,1609507948567046,5548537156,0.866688,-0.089792,0.269376,-31.85875,8.65375,-5.6525,-11.208,26.872002,15.512001,none,4,3.0,84561.0,306079.0,159786.0,294197.0,170856.0
2026-04-14 18:14:14.981123,832065,1609507948576016,5548545865,0.942816,-0.103456,0.447008,-29.60125,7.315,-4.99625,-10.896001,27.168001,16.312,none,4,3.0,84561.0,306079.0,159786.0,294197.0,170856.0
2026-04-14 18:14:14.984147,832066,1609507948590499,5548560784,0.942816,-0.103456,0.447008,-25.78625,6.965,-4.2175,-10.896001,27.168001,16.312,none,4,3.0,84561.0,306079.0,159786.0,294197.0,170856.0
2026-04-14 18:14:15.011688,832077,1609507948599743,5548569538,0.817888,-0.052704,0.30256,-26.04875,7.1925,-2.835,-11.920001,27.304,15.456,none,4,3.0,83916.0,306455.0,158723.0,294369.0,169686.0
2026-04-14 18:14:15.014213,832078,1609507948608756,5548578180,0.817888,-0.052704,0.30256,-29.44375,7.20125,-1.42625,-11.920001,27.304,15.456,none,4,3.0,83916.0,306455.0,158723.0,294369.0,169686.0
2026-04-14 18:14:15.016735,832079,1609507948623415,5548593140,0.7808,-0.035136,0.337696,-32.69875,7.525,0.2625,-11.160001,27.448002,14.688001,none,4,3.0,83916.0,306455.0,158723.0,294369.0,169686.0
2026-04-14 18:14:15.019235,832080,1609507948632467,5548601852,0.7808,-0.035136,0.337696,-32.4275,7.63,1.00625,-11.160001,27.448002,14.688001,none,4,3.0,83916.0,306455.0,158723.0,294369.0,169686.0
2026-04-14 18:14:15.025469,832081,1609507948646988,5548616758,0.856928,-0.060512,0.318176,-29.435,5.74875,0.53375,-10.744,27.616001,14.120001,none,4,3.0,83916.0,306455.0,158723.0,294369.0,169686.0
2026-04-14 18:14:15.031736,832082,1609507948656027,5548625493,0.8296,0.011712,0.41968,-28.28875,3.5525,0.77,-10.624001,28.024002,15.136001,none,4,3.0,83916.0,306455.0,158723.0,294369.0,169686.0
2026-04-14 18:14:15.040487,832083,1609507948665119,5548634203,0.8296,0.011712,0.41968,-28.665,2.1525,0.21875,-10.624001,28.024002,15.136001,none,4,3.0,83916.0,306455.0,158723.0,294369.0,169686.0
2026-04-14 18:14:15.055134,832084,1609507948679617,5548649078,0.827648,-0.031232,0.244,-29.16375,1.19875,-2.5375,-10.936001,28.384,15.224001,none,4,3.0,83916.0,306455.0,158723.0,294369.0,169686.0
2026-04-14 18:14:15.066820,832085,1609507948688561,5548657755,0.827648,-0.031232,0.244,-31.52625,0.18375,-4.99625,-10.936001,28.384,15.224001,none,4,3.0,83916.0,306455.0,158723.0,294369.0,169686.0
2026-04-14 18:14:15.098635,832096,1609507948703189,5548672826,0.776896,-0.025376,0.36112,-33.94125,-0.9275,-5.03125,-11.632001,28.768002,13.992001,none,4,3.0,80232.0,304413.0,153929.0,292377.0,164762.0
2026-04-14 18:14:15.101114,832097,1609507948712179,5548681533,0.776896,-0.025376,0.36112,-31.84125,-1.5925,-5.1625,-11.632001,28.768002,13.992001,none,4,3.0,80232.0,304413.0,153929.0,292377.0,164762.0
2026-04-14 18:14:15.103672,832098,1609507948721130,5548690308,0.788608,-0.054656,0.2928,-29.1025,-2.87875,-5.18,-10.76,28.536001,16.312,none,4,3.0,80232.0,304413.0,153929.0,292377.0,164762.0
2026-04-14 18:14:15.118083,832099,1609507948735662,5548705255,0.79056,-0.0488,0.25376,-26.635,-4.0775,-3.19375,-10.528001,28.424002,11.72,none,4,3.0,80232.0,304413.0,153929.0,292377.0,164762.0
2026-04-14 18:14:15.121646,832100,1609507948744657,5548713965,0.79056,-0.0488,0.25376,-26.1975,-5.2675,-1.21625,-10.528001,28.424002,11.72,none,4,3.0,80232.0,304413.0,153929.0,292377.0,164762.0
2026-04-14 18:14:15.158906,832101,1609507948759162,5548728892,0.833504,-0.037088,0.460672,-28.04375,-5.775,1.26875,-10.416,28.824001,13.504001,none,4,3.0,80232.0,304413.0,153929.0,292377.0,164762.0
2026-04-14 18:14:15.161514,832102,1609507948768138,5548737586,0.833504,-0.037088,0.460672,-30.73875,-5.41625,3.3425,-10.416,28.824001,13.504001,none,4,3.0,80232.0,304413.0,153929.0,292377.0,164762.0
2026-04-14 18:14:15.166713,832103,1609507948782616,5548752499,0.747616,-0.050752,0.320128,-32.8475,-4.97,5.59125,-10.8,29.664001,13.944,none,4,3.0,80232.0,304413.0,153929.0,292377.0,164762.0
2026-04-14 18:14:15.167427,832104,1609507948791557,5548761206,0.747616,-0.050752,0.320128,-32.24375,-4.22625,6.9475,-10.8,29.664001,13.944,none,4,3.0,80232.0,304413.0,153929.0,292377.0,164762.0
2026-04-14 18:14:15.201328,832115,1609507948800851,5548769959,0.708576,0.001952,0.376736,-27.6325,-3.85875,6.60625,-11.136001,29.816002,13.76,none,4,3.0,73341.0,298642.0,145104.0,287169.0,155854.0
2026-04-14 18:14:15.203893,832116,1609507948815474,5548785190,0.698816,-0.005856,0.279136,-22.1725,-5.18,5.0925,-11.128,30.056002,14.544001,none,4,3.0,73341.0,298642.0,145104.0,287169.0,155854.0
2026-04-14 18:14:15.206300,832117,1609507948824460,5548793998,0.698816,-0.005856,0.279136,-21.56,-7.84875,4.06875,-11.128,30.056002,14.544001,none,4,3.0,73341.0,298642.0,145104.0,287169.0,155854.0
2026-04-14 18:14:15.218856,832118,1609507948839137,5548808905,0.714432,0.027328,0.437248,-23.09125,-10.22,4.41,-10.984,29.768002,13.240001,none,4,3.0,73341.0,298642.0,145104.0,287169.0,155854.0
2026-04-14 18:14:15.225224,832119,1609507948848080,5548817608,0.714432,0.027328,0.437248,-25.85625,-12.355001,2.68625,-10.984,29.768002,13.240001,none,4,3.0,73341.0,298642.0,145104.0,287169.0,155854.0
2026-04-14 18:14:15.231384,832120,1609507948857043,5548826320,0.749568,-0.017568,0.441152,-30.161251,-13.2125,0.5075,-10.344001,30.04,12.056001,none,4,3.0,73341.0,298642.0,145104.0,287169.0,155854.0
2026-04-14 18:14:15.247683,832121,1609507948871478,5548841262,0.749568,-0.017568,0.441152,-34.475,-13.1775,-1.26875,-10.344001,30.04,12.056001,none,4,3.0,73341.0,298642.0,145104.0,287169.0,155854.0
2026-04-14 18:14:15.256417,832122,1609507948880482,5548849946,0.718336,-0.025376,0.443104,-36.1375,-12.0575,-3.99,-11.224001,30.552002,12.168,none,4,3.0,73341.0,298642.0,145104.0,287169.0,155854.0
2026-04-14 18:14:15.271098,832123,1609507948894990,5548864871,0.812032,-0.072224,0.343552,-34.06375,-11.6375,-7.63,-11.224001,30.552002,12.216001,none,4,3.0,73341.0,298642.0,145104.0,287169.0,155854.0
2026-04-14 18:14:15.300956,832134,1609507948904145,5548873705,0.823744,-0.072224,0.343552,-30.6775,-11.97,-11.36625,-11.232,30.392002,12.216001,none,4,7.0,77405.0,301389.0,150369.0,289625.0,161410.0
2026-04-14 18:14:15.326177,832135,1609507948918950,5548888766,0.86864,-0.037088,0.513376,-27.9475,-12.845,-13.92125,-10.68,30.472002,10.896001,none,4,7.0,77405.0,301389.0,150369.0,289625.0,161410.0
2026-04-14 18:14:15.350036,832136,1609507948927980,5548897459,0.86864,-0.037088,0.513376,-26.9675,-12.2675,-17.38625,-10.68,30.472002,10.896001,none,4,7.0,77405.0,301389.0,150369.0,289625.0,161410.0
2026-04-14 18:14:15.372325,832137,1609507948937037,5548906160,0.831552,-0.021472,0.51728,-26.6525,-10.7625,-21.5425,-10.960001,30.744001,11.816001,none,4,7.0,77405.0,301389.0,150369.0,289625.0,161410.0
2026-04-14 18:14:15.372501,832138,1609507948951515,5548921069,0.831552,-0.021472,0.51728,-26.3375,-9.415,-24.885,-10.960001,30.744001,11.816001,none,4,7.0,77405.0,301389.0,150369.0,289625.0,161410.0
2026-04-14 18:14:15.372568,832139,1609507948960448,5548929792,0.843264,-0.066368,0.349408,-25.89125,-6.7375,-26.985,-11.408001,30.728,11.672001,none,4,7.0,77405.0,301389.0,150369.0,289625.0,161410.0
2026-04-14 18:14:15.372622,832140,1609507948974959,5548944688,0.843264,-0.066368,0.349408,-23.47625,-3.2025,-28.245,-11.408001,30.728,11.672001,none,4,7.0,77405.0,301389.0,150369.0,289625.0,161410.0
2026-04-14 18:14:15.372675,832141,1609507948983967,5548953367,0.90768,-0.050752,0.503616,-21.3325,-0.37625,-28.23625,-12.504001,30.808,11.088,none,4,7.0,77405.0,301389.0,150369.0,289625.0,161410.0
2026-04-14 18:14:15.374405,832142,1609507948992977,5548962118,0.90768,-0.050752,0.503616,-20.8775,1.14625,-26.18875,-12.504001,30.808,11.088,none,4,7.0,77405.0,301389.0,150369.0,289625.0,161410.0
2026-04-14 18:14:15.400209,832153,1609507949007599,5548977171,0.929152,-0.035136,0.5368,-20.88625,2.415,-23.52875,-12.416,30.888002,11.568001,none,4,7.0,79369.0,302665.0,152715.0,290689.0,163801.0
2026-04-14 18:14:15.402487,832154,1609507949016610,5548985889,0.880352,-0.017568,0.404064,-20.79875,4.515,-21.20125,-12.920001,31.232002,11.544001,none,4,7.0,79369.0,302665.0,152715.0,290689.0,163801.0
2026-04-14 18:14:15.407605,832155,1609507949031157,5549000925,0.880352,-0.017568,0.404064,-21.81375,6.43125,-18.87375,-12.920001,31.232002,11.544001,none,4,7.0,79369.0,302665.0,152715.0,290689.0,163801.0
2026-04-14 18:14:15.416665,832156,1609507949040095,5549009618,0.874496,-0.040992,0.509472,-22.02375,7.76125,-15.855001,-11.728001,31.008001,10.696,none,4,7.0,79369.0,302665.0,152715.0,290689.0,163801.0
2026-04-14 18:14:15.431730,832157,1609507949054618,5549024483,0.874496,-0.040992,0.509472,-21.315,9.47625,-13.60625,-11.728001,31.008001,10.696,none,4,7.0,79369.0,302665.0,152715.0,290689.0,163801.0
2026-04-14 18:14:15.440172,832158,1609507949063558,5549033199,0.892064,-0.074176,0.40992,-19.52125,10.22,-10.6575,-12.008,30.808,9.456,none,4,7.0,79369.0,302665.0,152715.0,290689.0,163801.0
2026-04-14 18:14:15.452482,832159,1609507949072506,5549041932,0.892064,-0.074176,0.40992,-17.5875,10.50875,-8.365,-12.008,30.808,9.456,none,4,7.0,79369.0,302665.0,152715.0,290689.0,163801.0
2026-04-14 18:14:15.463103,832160,1609507949087027,5549056911,0.89792,-0.085888,0.447008,-16.2925,10.43,-6.27375,-12.512001,30.752,9.776,none,4,7.0,79369.0,302665.0,152715.0,290689.0,163801.0
2026-04-14 18:14:15.471218,832161,1609507949095969,5549065607,0.89792,-0.085888,0.456768,-15.365,10.9725,-3.5,-12.512001,30.752,9.776,none,4,7.0,79369.0,302665.0,152715.0,290689.0,163801.0
2026-04-14 18:14:15.500477,832172,1609507949110772,5549080602,0.860832,-0.085888,0.456768,-13.2825,11.5675,-1.39125,-11.744,30.960001,8.808001,none,4,7.0,75960.0,299975.0,148373.0,288230.0,159261.0
2026-04-14 18:14:15.502921,832173,1609507949119864,5549089436,0.825696,-0.085888,0.499712,-11.62,11.6025,-0.02625,-12.416,31.440002,10.808001,none,4,7.0,75960.0,299975.0,148373.0,288230.0,159261.0
2026-04-14 18:14:15.505121,832174,1609507949128808,5549098138,0.825696,-0.085888,0.499712,-9.485,11.83875,1.19,-12.416,31.440002,10.808001,none,4,7.0,75960.0,299975.0,148373.0,288230.0,159261.0
2026-04-14 18:14:15.520143,832175,1609507949143329,5549113016,0.83936,-0.101504,0.503616,-6.78125,11.54125,1.46125,-12.440001,31.528002,10.152,none,4,7.0,75960.0,299975.0,148373.0,288230.0,159261.0
2026-04-14 18:14:15.527637,832176,1609507949152305,5549121724,0.83936,-0.101504,0.503616,-3.185,12.136251,0.84875,-12.440001,31.528002,10.152,none,4,7.0,75960.0,299975.0,148373.0,288230.0,159261.0
2026-04-14 18:14:15.542955,832177,1609507949166849,5549136653,0.843264,-0.140544,0.411872,0.35875,11.87375,0.42,-12.296001,31.560001,10.624001,none,4,7.0,75960.0,299975.0,148373.0,288230.0,159261.0
2026-04-14 18:14:15.553534,832178,1609507949175829,5549145359,0.843264,-0.140544,0.411872,2.17,11.10375,0.4025,-12.296001,31.560001,10.624001,none,4,7.0,75960.0,299975.0,148373.0,288230.0,159261.0
2026-04-14 18:14:15.568790,832179,1609507949190327,5549160266,0.886208,-0.160064,0.407968,5.53875,11.5675,1.225,-11.528001,31.248001,9.856001,none,4,7.0,75960.0,299975.0,148373.0,288230.0,159261.0
2026-04-14 18:14:15.575154,832180,1609507949199276,5549169040,0.772992,-0.091744,0.298656,9.5375,11.64625,0.37625,-11.176001,31.096,10.128,none,4,7.0,75960.0,299975.0,148373.0,288230.0,159261.0
2026-04-14 18:14:15.602616,832191,1609507949208301,5549177783,0.772992,-0.091744,0.298656,12.46875,11.62875,-1.09375,-11.176001,31.096,10.128,none,4,7.0,74612.0,299606.0,146727.0,287948.0,157628.0
2026-04-14 18:14:15.605153,832192,1609507949222961,5549192783,0.7808,-0.103456,0.31232,14.2975,11.795,-2.66875,-11.048,31.000002,10.64,none,4,7.0,74612.0,299606.0,146727.0,287948.0,157628.0
2026-04-14 18:14:15.607510,832193,1609507949231892,5549201682,0.7808,-0.103456,0.31232,17.47375,11.82125,-4.4975,-11.048,31.000002,10.64,none,4,7.0,74612.0,299606.0,146727.0,287948.0,157628.0
2026-04-14 18:14:15.623861,832194,1609507949246415,5549216605,0.755424,-0.08784,0.402112,20.48375,11.445,-5.60875,-10.992001,30.720001,10.984,none,4,7.0,74612.0,299606.0,146727.0,287948.0,157628.0
2026-04-14 18:14:15.632132,832195,1609507949255383,5549225461,0.755424,-0.08784,0.402112,23.1175,11.13,-4.96125,-10.992001,30.720001,10.984,none,4,7.0,74612.0,299606.0,146727.0,287948.0,157628.0
2026-04-14 18:14:15.647367,832196,1609507949270036,5549240329,0.812032,-0.105408,0.343552,25.795,9.8525,-4.2875,-11.936001,30.528002,11.056001,none,4,7.0,74612.0,299606.0,146727.0,287948.0,157628.0
2026-04-14 18:14:15.654956,832197,1609507949278978,5549249067,0.833504,-0.06832,0.4392,28.07,9.16125,-3.47375,-10.84,30.176,9.488001,none,4,7.0,74612.0,299606.0,146727.0,287948.0,157628.0
2026-04-14 18:14:15.663832,832198,1609507949288011,5549257769,0.833504,-0.06832,0.4392,29.05,8.715,-2.3975,-10.84,30.176,9.488001,none,4,7.0,74612.0,299606.0,146727.0,287948.0,157628.0
2026-04-14 18:14:15.807546,832209,1609507949302885,5549273219,0.804224,-0.06832,0.374784,28.51625,7.9625,-1.6275,-10.696,30.096,11.848001,none,4,7.0,80160.0,302169.0,153898.0,290305.0,165000.0
2026-04-14 18:14:15.810493,832210,1609507949311808,5549282037,0.804224,-0.06832,0.374784,29.5925,7.6125,-0.74375,-10.696,30.096,11.848001,none,4,7.0,80160.0,302169.0,153898.0,290305.0,165000.0
2026-04-14 18:14:15.812975,832211,1609507949326388,5549294922,0.804224,-0.027328,0.4392,32.4275,7.21,-0.105,-10.536,30.024002,13.088,none,4,7.0,80160.0,302169.0,153898.0,290305.0,165000.0
2026-04-14 18:14:15.815477,832212,1609507949335860,5549305747,0.804224,-0.027328,0.4392,34.81625,6.02875,0.2275,-10.536,30.024002,13.088,none,4,7.0,80160.0,302169.0,153898.0,290305.0,165000.0
2026-04-14 18:14:15.817939,832213,1609507949344814,5549314439,0.837408,-0.062464,0.437248,36.26,4.13875,1.33875,-11.552001,30.032001,13.920001,none,4,7.0,80160.0,302169.0,153898.0,290305.0,165000.0
2026-04-14 18:14:15.820548,832214,1609507949359473,5549329379,0.85888,-0.011712,0.515328,37.826252,1.84625,3.14125,-11.392,30.112001,15.312,none,4,7.0,80160.0,302169.0,153898.0,290305.0,165000.0
2026-04-14 18:14:15.823013,832215,1609507949368512,5549338074,0.85888,-0.011712,0.515328,39.55,0.7,4.935,-11.392,30.112001,15.312,none,4,7.0,80160.0,302169.0,153898.0,290305.0,165000.0
2026-04-14 18:14:15.826934,832216,1609507949383046,5549352975,0.853024,-0.003904,0.450912,42.39375,0.28875,6.685,-11.248,29.472002,14.528001,none,4,7.0,80160.0,302169.0,153898.0,290305.0,165000.0
2026-04-14 18:14:15.827452,832217,1609507949391988,5549361652,0.853024,-0.003904,0.450912,43.6975,0.30625,8.155,-11.248,29.472002,14.528001,none,4,7.0,80160.0,302169.0,153898.0,290305.0,165000.0
2026-04-14 18:14:15.830436,832218,1609507949401084,5549370346,0.864736,-0.001952,0.484096,42.84,1.085,9.66,-11.312,28.904001,15.432001,none,4,7.0,80160.0,302169.0,153898.0,290305.0,165000.0
2026-04-14 18:14:15.857589,832229,1609507949415582,5549385284,0.864736,-0.001952,0.484096,42.6125,1.4,11.2875,-11.312,28.904001,15.432001,none,4,7.0,84929.0,304675.0,159624.0,292586.0,170783.0
2026-04-14 18:14:15.860393,832230,1609507949424518,5549393963,0.833504,0.013664,0.489952,44.7825,1.14625,13.02875,-11.456,29.008001,16.800001,none,4,7.0,84929.0,304675.0,159624.0,292586.0,170783.0
2026-04-14 18:14:15.865441,832231,1609507949439102,5549408914,0.833504,0.046848,0.569984,47.4075,0.42875,14.83125,-11.632001,29.368002,17.296001,none,4,7.0,84929.0,304675.0,159624.0,292586.0,170783.0
2026-04-14 18:14:15.867896,832232,1609507949448053,5549417653,0.833504,0.046848,0.569984,47.3025,-0.175,17.26375,-11.632001,29.368002,17.296001,none,4,7.0,84929.0,304675.0,159624.0,292586.0,170783.0
2026-04-14 18:14:15.870255,832233,1609507949457308,5549426388,0.833504,0.046848,0.569984,45.15,-0.1225,19.5825,-11.632001,29.368002,17.296001,none,4,7.0,84929.0,304675.0,159624.0,292586.0,170783.0
2026-04-14 18:14:15.872959,832234,1609507949472059,5549441302,0.862784,0.005856,0.466528,42.857502,0.27125,22.4875,-10.92,27.976002,15.336,none,4,7.0,84929.0,304675.0,159624.0,292586.0,170783.0
2026-04-14 18:14:15.875508,832235,1609507949481134,5549450059,0.796416,0.05856,0.57584,40.73125,0.8225,24.325,-10.312,28.080002,17.208,none,4,7.0,84929.0,304675.0,159624.0,292586.0,170783.0
2026-04-14 18:14:15.878005,832236,1609507949495649,5549465004,0.796416,0.05856,0.57584,40.32,1.02375,25.725,-10.312,28.080002,17.208,none,4,7.0,84929.0,304675.0,159624.0,292586.0,170783.0
2026-04-14 18:14:15.905151,832247,1609507949504950,5549474280,0.843264,0.013664,0.374784,41.34375,0.28,26.425,-10.208,28.000002,17.128,none,4,7.0,85884.0,305183.0,160829.0,293134.0,172068.0
2026-04-14 18:14:15.910481,832248,1609507949514001,5549483111,0.843264,0.013664,0.374784,41.8425,-0.58625,26.4425,-10.208,28.000002,17.128,none,4,7.0,85884.0,305183.0,160829.0,293134.0,172068.0
2026-04-14 18:14:15.912935,832249,1609507949528595,5549498032,0.884256,0.001952,0.532896,41.125,-2.0475,27.991251,-9.8,27.776001,17.728,none,4,7.0,85884.0,305183.0,160829.0,293134.0,172068.0
2026-04-14 18:14:15.915387,832250,1609507949537559,5549506731,0.884256,0.001952,0.532896,41.79,-2.07375,29.81125,-9.8,27.776001,17.728,none,4,7.0,85884.0,305183.0,160829.0,293134.0,172068.0
2026-04-14 18:14:15.928734,832251,1609507949552213,5549521682,0.772992,0.031232,0.33184,42.39375,-1.81125,30.765,-9.424001,27.12,17.128,none,4,7.0,85884.0,305183.0,160829.0,293134.0,172068.0
2026-04-14 18:14:15.936681,832252,1609507949561149,5549530430,0.823744,0.031232,0.593408,40.0925,-1.07625,31.692501,-8.912001,27.136002,18.352001,none,4,7.0,85884.0,305183.0,160829.0,293134.0,172068.0
2026-04-14 18:14:15.951694,832253,1609507949575603,5549545361,0.823744,0.031232,0.593408,37.3625,-0.37625,31.92,-8.912001,27.136002,18.352001,none,4,7.0,85884.0,305183.0,160829.0,293134.0,172068.0
2026-04-14 18:14:15.962982,832254,1609507949584530,5549554036,0.739808,0.003904,0.325984,36.575,0.2275,31.692501,-8.232,26.304,17.992,none,4,7.0,85884.0,305183.0,160829.0,293134.0,172068.0
2026-04-14 18:14:15.969231,832255,1609507949593548,5549562982,0.739808,0.003904,0.325984,38.4475,0.5075,31.64,-8.232,26.304,17.992,none,4,7.0,85884.0,305183.0,160829.0,293134.0,172068.0
2026-04-14 18:14:16.004326,832266,1609507949608449,5549577932,0.79056,0.015616,0.460672,40.8975,0.25375,32.05125,-8.448,26.808,20.128,none,4,7.0,81849.0,303566.0,155650.0,291571.0,166785.0
2026-04-14 18:14:16.006723,832267,1609507949617387,5549586830,0.79056,0.015616,0.460672,41.6675,0.4725,32.87375,-8.448,26.808,20.128,none,4,7.0,81849.0,303566.0,155650.0,291571.0,166785.0
2026-04-14 18:14:16.009232,832268,1609507949632068,5549601772,0.737856,0.044896,0.489952,39.27,0.5075,33.87125,-8.864,26.656002,20.44,none,4,7.0,81849.0,303566.0,155650.0,291571.0,166785.0
2026-04-14 18:14:16.016288,832269,1609507949641160,5549610476,0.716384,0.040992,0.40992,34.7725,0.42875,34.2475,-7.984,26.12,18.92,none,4,7.0,81849.0,303566.0,155650.0,291571.0,166785.0
2026-04-14 18:14:16.025530,832270,1609507949650228,5549619221,0.716384,0.040992,0.40992,30.94,0.07,34.7375,-7.984,26.12,18.92,none,4,7.0,81849.0,303566.0,155650.0,291571.0,166785.0
2026-04-14 18:14:16.061318,832271,1609507949664734,5549634109,0.733952,0.025376,0.376736,28.77875,-0.30625,35.5775,-6.424,25.512001,19.0,none,4,7.0,81849.0,303566.0,155650.0,291571.0,166785.0
2026-04-14 18:14:16.086710,832272,1609507949673663,5549642773,0.733952,0.025376,0.376736,27.195,-0.98875,35.69125,-6.424,25.512001,19.0,none,4,7.0,81849.0,303566.0,155650.0,291571.0,166785.0
2026-04-14 18:14:16.088798,832273,1609507949688151,5549657696,0.856928,-0.025376,0.515328,26.635,-2.5375,34.99125,-7.216001,25.960001,20.240002,none,4,7.0,81849.0,303566.0,155650.0,291571.0,166785.0
2026-04-14 18:14:16.092300,832274,1609507949697120,5549666406,0.856928,-0.025376,0.515328,26.88875,-3.01,34.25625,-7.216001,25.960001,20.240002,none,4,7.0,81849.0,303566.0,155650.0,291571.0,166785.0
2026-04-14 18:14:16.118606,832285,1609507949711732,5549681611,0.776896,0.037088,0.519232,27.8075,-3.26375,32.5675,-7.136,25.672,20.640001,none,4,7.0,82272.0,304044.0,156257.0,292050.0,167473.0
2026-04-14 18:14:16.122343,832286,1609507949720818,5549690343,0.835456,-0.025376,0.55632,26.06625,-3.9725,30.09125,-7.136,24.736002,18.824001,none,4,7.0,82272.0,304044.0,156257.0,292050.0,167473.0
2026-04-14 18:14:16.124781,832287,1609507949729863,5549699037,0.835456,-0.025376,0.55632,22.60125,-5.145,28.35875,-6.76,24.736002,18.824001,none,4,7.0,82272.0,304044.0,156257.0,292050.0,167473.0
2026-04-14 18:14:16.127595,832288,1609507949744428,5549714074,0.837408,-0.056608,0.528992,20.8425,-6.1075,27.09,-6.424,24.704,19.608002,none,4,7.0,82272.0,304044.0,156257.0,292050.0,167473.0
2026-04-14 18:14:16.130116,832289,1609507949753370,5549722790,0.837408,-0.056608,0.528992,21.0525,-6.7375,25.90875,-6.424,24.704,19.608002,none,4,7.0,82272.0,304044.0,156257.0,292050.0,167473.0
2026-04-14 18:14:16.145128,832290,1609507949767920,5549737701,0.796416,-0.066368,0.345504,21.06125,-6.51875,24.10625,-5.432,24.696001,19.768002,none,4,7.0,82272.0,304044.0,156257.0,292050.0,167473.0
2026-04-14 18:14:16.153701,832291,1609507949776861,5549746410,0.796416,-0.066368,0.345504,18.655,-6.405,22.5575,-5.432,24.696001,19.768002,none,4,7.0,82272.0,304044.0,156257.0,292050.0,167473.0
2026-04-14 18:14:16.161379,832292,1609507949785813,5549755126,0.823744,-0.050752,0.607072,15.6975,-6.5975,21.4725,-5.392,24.728,19.824001,none,4,7.0,82272.0,304044.0,156257.0,292050.0,167473.0
2026-04-14 18:14:16.176264,832293,1609507949800318,5549770129,0.823744,-0.050752,0.607072,13.79,-6.895,19.9675,-5.392,24.728,19.824001,none,4,7.0,82272.0,304044.0,156257.0,292050.0,167473.0
2026-04-14 18:14:16.209817,832304,1609507949809518,5549778967,0.75152,-0.0488,0.349408,12.635,-6.55375,18.515,-5.296001,24.304,20.52,none,4,7.0,82025.0,304325.0,156038.0,292267.0,167238.0
2026-04-14 18:14:16.214912,832305,1609507949824112,5549793922,0.833504,-0.066368,0.56608,11.34875,-6.335,16.975,-4.992,24.480001,20.008001,none,4,7.0,82025.0,304325.0,156038.0,292267.0,167238.0
2026-04-14 18:14:16.215158,832306,1609507949833172,5549802641,0.833504,-0.066368,0.56608,11.59375,-6.4925,15.2075,-4.992,24.480001,20.008001,none,4,7.0,82025.0,304325.0,156038.0,292267.0,167238.0
2026-04-14 18:14:16.219196,832307,1609507949842146,5549811341,0.81008,-0.089792,0.44896,12.48625,-6.23,13.5975,-5.368,24.208002,20.552,none,4,7.0,82025.0,304325.0,156038.0,292267.0,167238.0
2026-04-14 18:14:16.232454,832308,1609507949856656,5549826242,0.81008,-0.089792,0.44896,12.94125,-5.81875,12.06625,-5.368,24.208002,20.552,none,4,7.0,82025.0,304325.0,156038.0,292267.0,167238.0
2026-04-14 18:14:16.242809,832309,1609507949865555,5549834915,0.77104,-0.070272,0.501664,10.8325,-5.39,10.815,-5.032,24.384,20.248001,none,4,7.0,82025.0,304325.0,156038.0,292267.0,167238.0
2026-04-14 18:14:16.255141,832310,1609507949880132,5549849860,0.77104,-0.070272,0.501664,6.0725,-5.705,10.675,-5.032,24.384,20.248001,none,4,7.0,82025.0,304325.0,156038.0,292267.0,167238.0
2026-04-14 18:14:16.265199,832311,1609507949889127,5549858589,0.772992,-0.109312,0.30256,3.77125,-6.16,10.4475,-4.896,24.328001,21.584002,none,4,7.0,82025.0,304325.0,156038.0,292267.0,167238.0
2026-04-14 18:14:16.281372,832312,1609507949903672,5549873485,0.77104,-0.06832,0.441152,4.515,-6.125,9.5725,-5.520001,24.12,22.112001,none,4,7.0,82025.0,304325.0,156038.0,292267.0,167238.0
2026-04-14 18:14:16.311169,832323,1609507949912636,5549882300,0.77104,-0.06832,0.441152,6.2825,-5.85375,7.49875,-5.520001,24.12,22.112001,none,4,7.0,85005.0,307080.0,159788.0,294856.0,171053.0
2026-04-14 18:14:16.313835,832324,1609507949921640,5549891023,0.77104,-0.099552,0.495808,8.3125,-5.43375,5.31125,-5.520001,24.12,22.112001,none,4,7.0,85005.0,307080.0,159788.0,294856.0,171053.0
2026-04-14 18:14:16.316365,832325,1609507949936091,5549905879,0.835456,-0.103456,0.495808,9.47625,-5.25875,3.01,-6.016,24.496,23.696001,none,4,7.0,85005.0,307080.0,159788.0,294856.0,171053.0
2026-04-14 18:14:16.321080,832326,1609507949945040,5549914577,0.870592,-0.154208,0.3904,9.59875,-5.36375,2.03,-6.192,24.032001,21.528002,none,4,7.0,85005.0,307080.0,159788.0,294856.0,171053.0
2026-04-14 18:14:16.336753,832327,1609507949959629,5549929491,0.870592,-0.154208,0.3904,9.94,-4.83,2.98375,-6.192,24.032001,21.528002,none,4,7.0,85005.0,307080.0,159788.0,294856.0,171053.0
2026-04-14 18:14:16.346218,832328,1609507949968610,5549938206,0.856928,-0.109312,0.482144,10.7275,-4.4275,5.31125,-4.984,23.816002,20.84,none,4,7.0,85005.0,307080.0,159788.0,294856.0,171053.0
2026-04-14 18:14:16.359183,832329,1609507949983145,5549953161,0.890112,-0.111264,0.452864,11.165,-4.1125,7.63875,-4.968,23.344002,20.76,none,4,7.0,85005.0,307080.0,159788.0,294856.0,171053.0
2026-04-14 18:14:16.367969,832330,1609507949992100,5549961851,0.890112,-0.111264,0.452864,12.32,-2.91375,9.45875,-4.968,23.344002,20.76,none,4,7.0,85005.0,307080.0,159788.0,294856.0,171053.0
2026-04-14 18:14:16.377983,832331,1609507950001021,5549970584,0.890112,-0.111264,0.452864,13.2125,-2.58125,9.63375,-4.968,23.344002,20.76,none,4,7.0,85005.0,307080.0,159788.0,294856.0,171053.0
2026-04-14 18:14:16.443784,832342,1609507950015714,5549985572,0.76128,-0.081984,0.267424,14.02625,-2.93125,9.65125,-4.976,23.144001,22.192001,none,4,7.0,87775.0,309285.0,163252.0,296906.0,174469.0
2026-04-14 18:14:16.469217,832343,1609507950024729,5549994326,0.749568,-0.074176,0.281088,15.54875,-3.73625,9.49375,-4.624,23.456001,21.248001,none,4,7.0,87775.0,309285.0,163252.0,296906.0,174469.0
2026-04-14 18:14:16.500007,832344,1609507950039255,5550009240,0.749568,-0.074176,0.281088,16.5025,-4.9525,9.38,-4.624,23.456001,21.248001,none,4,7.0,87775.0,309285.0,163252.0,296906.0,174469.0
2026-04-14 18:14:16.516125,832345,1609507950048368,5550017949,0.794464,-0.050752,0.505568,16.8,-5.60875,8.81125,-5.08,23.104002,21.296001,none,4,7.0,87775.0,309285.0,163252.0,296906.0,174469.0
2026-04-14 18:14:16.518836,832346,1609507950057293,5550026668,0.794464,-0.050752,0.505568,15.408751,-6.3,8.5225,-5.08,23.104002,21.296001,none,4,7.0,87775.0,309285.0,163252.0,296906.0,174469.0
2026-04-14 18:14:16.521152,832347,1609507950071812,5550041571,0.72224,-0.017568,0.402112,15.715,-6.64125,7.91,-5.92,23.12,22.304,none,4,7.0,87775.0,309285.0,163252.0,296906.0,174469.0
2026-04-14 18:14:16.523851,832348,1609507950080804,5550050435,0.72224,-0.017568,0.402112,17.28125,-6.405,5.6525,-5.92,23.12,22.304,none,4,7.0,87775.0,309285.0,163252.0,296906.0,174469.0
2026-04-14 18:14:16.526265,832349,1609507950095329,5550065347,0.769088,-0.044896,0.384544,18.64625,-7.13125,3.955,-6.088,22.872002,22.664001,none,4,7.0,87775.0,309285.0,163252.0,296906.0,174469.0
2026-04-14 18:14:16.528804,832350,1609507950104277,5550074096,0.8296,-0.080032,0.435296,20.15125,-8.33875,2.1875,-5.944,22.584002,21.128,none,4,7.0,87775.0,309285.0,163252.0,296906.0,174469.0
2026-04-14 18:14:16.556400,832361,1609507950118996,5550089011,0.8296,-0.080032,0.435296,19.9325,-9.35375,0.76125,-5.944,22.584002,21.128,none,4,7.0,87250.0,310097.0,162685.0,297776.0,173837.0
2026-04-14 18:14:16.558930,832362,1609507950127988,5550097716,0.730048,-0.035136,0.378688,18.0075,-9.82625,0.8575,-5.424,22.04,21.632002,none,4,7.0,87250.0,310097.0,162685.0,297776.0,173837.0
2026-04-14 18:14:16.561150,832363,1609507950136934,5550106354,0.730048,-0.035136,0.378688,15.1025,-9.75625,1.40875,-5.424,22.04,21.632002,none,4,7.0,87250.0,310097.0,162685.0,297776.0,173837.0
2026-04-14 18:14:16.563756,832364,1609507950151465,5550121323,0.837408,-0.054656,0.521184,11.99625,-9.52875,0.9975,-5.336,22.048,21.728,none,4,7.0,87250.0,310097.0,162685.0,297776.0,173837.0
2026-04-14 18:14:16.566349,832365,1609507950160467,5550130143,0.837408,-0.054656,0.521184,8.98625,-9.345,1.09375,-5.336,22.048,21.728,none,4,7.0,87250.0,310097.0,162685.0,297776.0,173837.0
2026-04-14 18:14:16.568923,832366,1609507950175080,5550145073,0.821792,-0.060512,0.509472,8.14625,-9.87875,1.2775,-5.472,22.296001,21.648,none,4,7.0,87250.0,310097.0,162685.0,297776.0,173837.0
2026-04-14 18:14:16.571298,832367,1609507950184185,5550153762,0.853024,-0.08784,0.374784,9.17,-10.36,0.9975,-5.432,21.712002,22.792002,none,4,7.0,87250.0,310097.0,162685.0,297776.0,173837.0
2026-04-14 18:14:16.573951,832368,1609507950193194,5550162496,0.853024,-0.08784,0.374784,12.43375,-10.7975,0.16625,-5.432,21.712002,22.792002,none,4,7.0,87250.0,310097.0,162685.0,297776.0,173837.0
2026-04-14 18:14:16.606377,832379,1609507950207784,5550177463,0.782752,-0.052704,0.355264,12.95,-12.0925,-0.6475,-5.968,21.832,21.632002,none,4,7.0,90763.0,312661.0,166884.0,300088.0,178145.0
2026-04-14 18:14:16.613940,832380,1609507950216843,5550186273,0.782752,-0.052704,0.355264,12.573751,-13.02875,-0.72625,-5.968,21.832,21.632002,none,4,7.0,90763.0,312661.0,166884.0,300088.0,178145.0
2026-04-14 18:14:16.616416,832381,1609507950231400,5550201336,0.813984,-0.066368,0.290848,12.18875,-12.8625,-1.68,-5.824,21.76,22.304,none,4,7.0,90763.0,312661.0,166884.0,300088.0,178145.0
2026-04-14 18:14:16.618874,832382,1609507950240391,5550210083,0.813984,-0.066368,0.290848,10.7275,-12.74,-2.3975,-5.824,21.76,22.304,none,4,7.0,90763.0,312661.0,166884.0,300088.0,178145.0
2026-04-14 18:14:16.632662,832383,1609507950254951,5550224972,0.794464,-0.062464,0.310368,8.79375,-12.25,-2.66875,-5.968,21.864,22.032001,none,4,7.0,90763.0,312661.0,166884.0,300088.0,178145.0
2026-04-14 18:14:16.641417,832384,1609507950263919,5550233653,0.794464,-0.050752,0.411872,7.455,-12.11,-2.8,-5.968,21.864,22.032001,none,4,7.0,90763.0,312661.0,166884.0,300088.0,178145.0
2026-04-14 18:14:16.647651,832385,1609507950272882,5550242443,0.853024,-0.050752,0.411872,7.48125,-10.92,-3.8325,-7.128,22.04,21.52,none,4,7.0,90763.0,312661.0,166884.0,300088.0,178145.0
2026-04-14 18:14:16.663948,832386,1609507950287445,5550257367,0.804224,-0.066368,0.306464,6.71125,-10.08,-5.53,-6.912,21.68,23.216002,none,4,7.0,90763.0,312661.0,166884.0,300088.0,178145.0
2026-04-14 18:14:16.674155,832387,1609507950296376,5550266069,0.804224,-0.066368,0.306464,5.635,-10.0625,-6.3,-6.912,21.68,23.216002,none,4,7.0,90763.0,312661.0,166884.0,300088.0,178145.0
2026-04-14 18:14:16.707669,832398,1609507950311555,5550281028,0.765184,-0.02928,0.2928,5.985,-9.073751,-7.39375,-6.976,21.136002,22.552002,none,4,7.0,93371.0,314740.0,170186.0,302072.0,181542.0
2026-04-14 18:14:16.715879,832399,1609507950320619,5550289851,0.765184,-0.02928,0.2928,6.23,-7.7525,-9.31875,-6.976,21.136002,22.552002,none,4,7.0,93371.0,314740.0,170186.0,302072.0,181542.0
2026-04-14 18:14:16.717593,832400,1609507950329729,5550298599,0.835456,-0.052704,0.372832,5.1275,-7.14875,-9.82625,-6.472,20.92,21.968,none,4,7.0,93371.0,314740.0,170186.0,302072.0,181542.0
2026-04-14 18:14:16.720503,832401,1609507950344341,5550313488,0.835456,0.00976,0.281088,3.8675,-6.64125,-10.33375,-6.472,20.92,21.968,none,4,7.0,93371.0,314740.0,170186.0,302072.0,181542.0
2026-04-14 18:14:16.727673,832402,1609507950353273,5550322224,0.735904,0.003904,0.281088,3.26375,-5.8975,-11.515,-6.904,21.176,21.672,none,4,7.0,93371.0,314740.0,170186.0,302072.0,181542.0
2026-04-14 18:14:16.744265,832403,1609507950367779,5550337126,0.843264,-0.050752,0.365024,2.77375,-5.53,-13.69375,-7.224001,21.088001,22.712002,none,4,7.0,93371.0,314740.0,170186.0,302072.0,181542.0
2026-04-14 18:14:16.754354,832404,1609507950376714,5550345842,0.843264,-0.050752,0.365024,0.9275,-6.2475,-15.0675,-7.224001,21.088001,22.712002,none,4,7.0,93371.0,314740.0,170186.0,302072.0,181542.0
2026-04-14 18:14:16.761726,832405,1609507950385617,5550354532,0.765184,-0.021472,0.406016,0.9975,-7.63875,-15.39125,-8.992001,21.336,25.400002,none,4,7.0,93371.0,314740.0,170186.0,302072.0,181542.0
2026-04-14 18:14:16.812878,832406,1609507950400144,5550369494,0.765184,-0.021472,0.406016,3.17625,-8.61,-15.86375,-8.992001,21.336,25.400002,none,4,7.0,93371.0,314740.0,170186.0,302072.0,181542.0
2026-04-14 18:14:16.842668,832417,1609507950409086,5550378241,0.817888,0.0,0.359168,4.34,-9.33625,-16.555,-8.0,20.856,21.928001,none,4,7.0,99418.0,318326.0,177662.0,305590.0,189047.0
2026-04-14 18:14:16.845501,832418,1609507950423669,5550393153,0.817888,0.0,0.359168,2.4675,-9.5725,-18.1125,-8.0,20.856,21.928001,none,4,7.0,99418.0,318326.0,177662.0,305590.0,189047.0
2026-04-14 18:14:16.847997,832419,1609507950432599,5550401852,0.813984,0.011712,0.359168,1.25125,-9.1525,-21.74375,-7.832,20.944,21.648,none,4,7.0,99418.0,318326.0,177662.0,305590.0,189047.0
2026-04-14 18:14:16.850509,832420,1609507950447164,5550416797,0.769088,-0.052704,0.304512,2.5375,-8.4875,-25.73375,-8.392,21.12,21.768002,none,4,7.0,99418.0,318326.0,177662.0,305590.0,189047.0
2026-04-14 18:14:16.852997,832421,1609507950456100,5550425505,0.769088,-0.052704,0.304512,4.445,-8.1725,-27.79,-8.392,21.12,21.768002,none,4,7.0,99418.0,318326.0,177662.0,305590.0,189047.0
2026-04-14 18:14:16.855151,832422,1609507950465078,5550434224,0.769088,0.025376,0.460672,7.7875,-8.75,-27.1075,-8.392,21.12,21.768002,none,4,7.0,99418.0,318326.0,177662.0,305590.0,189047.0
2026-04-14 18:14:16.858028,832423,1609507950479714,5550449193,0.792512,0.017568,0.460672,11.8825,-7.9975,-25.87375,-8.416,20.456001,22.400002,none,4,7.0,99418.0,318326.0,177662.0,305590.0,189047.0
2026-04-14 18:14:16.868456,832424,1609507950488735,5550457928,0.7808,0.042944,0.271328,12.73125,-6.4575,-25.71625,-9.536,20.848001,22.728,none,4,7.0,99418.0,318326.0,177662.0,305590.0,189047.0
2026-04-14 18:14:16.879027,832425,1609507950503280,5550473136,0.7808,0.042944,0.271328,7.2625,-5.5475,-26.11,-9.536,20.848001,22.728,none,4,7.0,99418.0,318326.0,177662.0,305590.0,189047.0
2026-04-14 18:14:16.908699,832436,1609507950512754,5550482014,0.796416,-0.013664,0.220576,1.68,-3.68375,-27.20375,-8.904,20.328001,21.248001,none,4,7.0,101544.0,319448.0,180417.0,306724.0,191758.0
2026-04-14 18:14:16.911441,832437,1609507950521851,5550490826,0.796416,-0.013664,0.220576,2.3975,-2.42375,-29.085001,-8.904,20.328001,21.248001,none,4,7.0,101544.0,319448.0,180417.0,306724.0,191758.0
2026-04-14 18:14:16.914250,832438,1609507950536419,5550505850,0.804224,-0.001952,0.423584,5.64375,-2.30125,-29.7325,-9.72,20.032001,22.248001,none,4,7.0,101544.0,319448.0,180417.0,306724.0,191758.0
2026-04-14 18:14:16.921296,832439,1609507950545379,5550514576,0.804224,-0.001952,0.470432,10.01,-2.00375,-28.7,-9.72,20.032001,22.248001,none,4,7.0,101544.0,319448.0,180417.0,306724.0,191758.0
2026-04-14 18:14:16.936473,832440,1609507950559926,5550529499,0.895968,0.050752,0.476288,12.60875,-1.05,-27.8425,-9.544001,19.76,22.264002,none,4,7.0,101544.0,319448.0,180417.0,306724.0,191758.0
2026-04-14 18:14:16.944233,832441,1609507950568864,5550538244,0.835456,0.066368,0.343552,10.5875,-0.04375,-29.07625,-10.200001,20.0,22.848001,none,4,7.0,101544.0,319448.0,180417.0,306724.0,191758.0
2026-04-14 18:14:16.955716,832442,1609507950577806,5550546964,0.835456,0.066368,0.343552,5.97625,0.23625,-30.07375,-10.200001,20.0,22.848001,none,4,7.0,101544.0,319448.0,180417.0,306724.0,191758.0
2026-04-14 18:14:16.968903,832443,1609507950592317,5550561839,0.931104,0.035136,0.36112,4.40125,0.595,-31.08,-9.968,19.504002,21.784,none,4,7.0,101544.0,319448.0,180417.0,306724.0,191758.0
2026-04-14 18:14:16.979139,832444,1609507950601262,5550570558,0.931104,0.035136,0.36112,6.72,2.5725,-34.29125,-9.968,19.504002,21.784,none,4,7.0,101544.0,319448.0,180417.0,306724.0,191758.0
2026-04-14 18:14:17.010495,832455,1609507950616027,5550585550,0.870592,0.052704,0.279136,6.76375,4.83875,-37.3975,-10.248,19.456001,22.080002,none,4,7.0,106562.0,322553.0,186592.0,309788.0,197929.0
2026-04-14 18:14:17.012994,832456,1609507950625251,5550594316,0.870592,0.052704,0.279136,3.96375,5.39875,-38.01,-10.248,19.456001,22.080002,none,4,7.0,106562.0,322553.0,186592.0,309788.0,197929.0
2026-04-14 18:14:17.015135,832457,1609507950639762,5550609339,0.948672,0.001952,0.242048,1.715,5.39,-38.15,-11.208,19.480001,22.880001,none,4,7.0,106562.0,322553.0,186592.0,309788.0,197929.0
2026-04-14 18:14:17.025516,832458,1609507950648708,5550618094,0.96624,0.0,0.271328,2.6075,5.39,-38.28125,-11.448001,19.184,23.128,none,4,7.0,106562.0,322553.0,186592.0,309788.0,197929.0
2026-04-14 18:14:17.034224,832459,1609507950657626,5550626833,0.96624,0.0,0.271328,2.33625,5.0925,-37.1875,-11.448001,19.184,23.128,none,4,7.0,106562.0,322553.0,186592.0,309788.0,197929.0
2026-04-14 18:14:17.071266,832460,1609507950672154,5550641736,0.874496,0.076128,0.407968,0.84875,5.76625,-35.91,-10.896001,19.168001,22.920002,none,4,7.0,106562.0,322553.0,186592.0,309788.0,197929.0
2026-04-14 18:14:17.074071,832461,1609507950681132,5550650529,0.874496,0.076128,0.407968,-0.90125,6.67625,-34.4225,-10.896001,19.168001,22.920002,none,4,7.0,106562.0,322553.0,186592.0,309788.0,197929.0
2026-04-14 18:14:17.076750,832462,1609507950695626,5550665412,0.874496,0.007808,0.265472,-3.0625,8.07625,-33.81875,-11.824,18.976002,22.864,none,4,7.0,106562.0,322553.0,186592.0,309788.0,197929.0
2026-04-14 18:14:17.081726,832463,1609507950704558,5550674102,0.874496,0.007808,0.265472,-7.6125,7.72625,-30.26625,-11.824,18.976002,22.864,none,4,7.0,106562.0,322553.0,186592.0,309788.0,197929.0
2026-04-14 18:14:17.113005,832474,1609507950714047,5550683198,0.972096,-0.035136,0.36112,-9.555,6.3525,-24.7275,-11.768001,18.960001,23.424002,none,4,7.0,103218.0,322009.0,182608.0,309439.0,193911.0
2026-04-14 18:14:17.115219,832475,1609507950728591,5550698121,0.921344,0.007808,0.193248,-6.93,5.5475,-20.57125,-10.960001,18.6,24.304,none,4,7.0,103218.0,322009.0,182608.0,309439.0,193911.0
2026-04-14 18:14:17.118002,832476,1609507950737533,5550706972,0.921344,0.007808,0.193248,-6.81625,5.005,-17.78875,-10.960001,18.6,24.304,none,4,7.0,103218.0,322009.0,182608.0,309439.0,193911.0
2026-04-14 18:14:17.130483,832477,1609507950752039,5550721861,0.933056,0.044896,0.40016,-9.68625,4.48,-15.11125,-11.144,18.952002,21.848001,none,4,7.0,103218.0,322009.0,182608.0,309439.0,193911.0
2026-04-14 18:14:17.136754,832478,1609507950761173,5550730537,0.933056,0.044896,0.40016,-13.011251,3.9025,-13.51,-11.144,18.952002,21.848001,none,4,7.0,103218.0,322009.0,182608.0,309439.0,193911.0
2026-04-14 18:14:17.164120,832479,1609507950770160,5550739254,0.977952,0.0,0.347456,-13.85125,4.05125,-13.965,-12.848001,19.504002,23.792002,none,4,7.0,103218.0,322009.0,182608.0,309439.0,193911.0
2026-04-14 18:14:17.188712,832480,1609507950784697,5550754127,0.977952,0.0,0.347456,-13.7725,2.87875,-15.14625,-12.848001,19.504002,23.792002,none,4,7.0,103218.0,322009.0,182608.0,309439.0,193911.0
2026-04-14 18:14:17.204565,832481,1609507950793627,5550762964,1.026752,-0.054656,0.402112,-11.17375,1.015,-16.23125,-13.208,19.176,22.792002,none,4,7.0,103218.0,322009.0,182608.0,309439.0,193911.0
2026-04-14 18:14:17.206761,832482,1609507950808106,5550777909,1.020896,-0.08784,0.452864,-6.53625,-0.1925,-17.255,-12.400001,18.936,22.688002,none,4,7.0,103218.0,322009.0,182608.0,309439.0,193911.0
2026-04-14 18:14:17.236888,832493,1609507950817096,5550786598,1.020896,-0.08784,0.452864,-1.3475,-0.07,-18.0075,-12.400001,18.936,22.688002,none,4,7.0,97287.0,320221.0,175581.0,307843.0,186617.0
2026-04-14 18:14:17.238721,832494,1609507950831673,5550801547,0.968192,-0.121024,0.347456,0.665,1.0675,-16.695,-12.712001,18.880001,22.320002,none,4,7.0,97287.0,320221.0,175581.0,307843.0,186617.0
2026-04-14 18:14:17.243263,832495,1609507950840674,5550810283,0.968192,-0.121024,0.347456,2.2225,2.96625,-13.16875,-12.712001,18.880001,22.320002,none,4,7.0,97287.0,320221.0,175581.0,307843.0,186617.0
2026-04-14 18:14:17.244712,832496,1609507950849634,5550818983,0.892064,-0.115168,0.191296,4.445,4.55,-10.35125,-12.528001,18.608002,22.36,none,4,7.0,97287.0,320221.0,175581.0,307843.0,186617.0
2026-04-14 18:14:17.246496,832497,1609507950864304,5550833979,0.892064,-0.115168,0.191296,7.28875,5.69625,-7.20125,-12.528001,18.608002,22.36,none,4,7.0,97287.0,320221.0,175581.0,307843.0,186617.0
2026-04-14 18:14:17.248555,832498,1609507950873233,5550842684,0.95648,-0.122976,0.281088,10.52625,5.7925,-3.185,-12.696001,18.552,21.864,none,4,7.0,97287.0,320221.0,175581.0,307843.0,186617.0
2026-04-14 18:14:17.264227,832499,1609507950887814,5550857593,0.95648,-0.122976,0.249856,13.48375,4.55875,0.62125,-12.696001,18.552,21.864,none,4,7.0,97287.0,320221.0,175581.0,307843.0,186617.0
2026-04-14 18:14:17.275505,832500,1609507950896741,5550866277,0.815936,-0.044896,0.249856,16.616251,3.2025,3.955,-11.712001,18.232,23.664001,none,4,7.0,97287.0,320221.0,175581.0,307843.0,186617.0
2026-04-14 18:14:17.311258,832511,1609507950911765,5550881308,0.853024,-0.011712,0.394304,17.33375,2.31,6.23875,-11.448001,17.912,21.960001,none,4,7.0,88916.0,314231.0,165475.0,302342.0,176303.0
2026-04-14 18:14:17.314103,832512,1609507950920784,5550890052,0.853024,-0.011712,0.394304,16.8875,1.67125,7.9275,-11.448001,17.912,21.960001,none,4,7.0,88916.0,314231.0,165475.0,302342.0,176303.0
2026-04-14 18:14:17.316485,832513,1609507950929735,5550898859,0.7808,-0.005856,0.193248,16.14375,0.21,8.88125,-11.400001,17.872002,21.608002,none,4,7.0,88916.0,314231.0,165475.0,302342.0,176303.0
2026-04-14 18:14:17.321135,832514,1609507950944405,5550913875,0.7808,-0.005856,0.193248,16.86125,-1.5225,8.28625,-11.400001,17.872002,21.608002,none,4,7.0,88916.0,314231.0,165475.0,302342.0,176303.0
2026-04-14 18:14:17.328737,832515,1609507950953323,5550922571,0.71248,0.044896,0.109312,18.75125,-3.03625,6.0375,-11.416,17.488,22.096,none,4,7.0,88916.0,314231.0,165475.0,302342.0,176303.0
2026-04-14 18:14:17.345400,832516,1609507950967823,5550937462,0.71248,0.044896,0.109312,20.83375,-4.48875,4.48,-11.416,17.488,22.096,none,4,7.0,88916.0,314231.0,165475.0,302342.0,176303.0
2026-04-14 18:14:17.354466,832517,1609507950976714,5550946148,0.710528,0.052704,0.15616,20.13375,-6.1775,3.24625,-12.352,17.568,22.336,none,4,7.0,88916.0,314231.0,165475.0,302342.0,176303.0
2026-04-14 18:14:17.361644,832518,1609507950985745,5550954950,0.710528,0.052704,0.15616,18.27,-5.59125,2.77375,-12.352,17.568,22.336,none,4,7.0,88916.0,314231.0,165475.0,302342.0,176303.0
2026-04-14 18:14:17.376663,832519,1609507951000224,5550969860,0.69296,0.099552,0.247904,15.3475,-4.59375,2.59875,-11.616,17.136002,22.096,none,4,7.0,88916.0,314231.0,165475.0,302342.0,176303.0
2026-04-14 18:14:17.387882,832520,1609507951009192,5550978602,0.687104,0.099552,0.23424,13.1075,-4.1125,0.5425,-11.616,16.896,20.960001,none,4,7.0,88916.0,314231.0,165475.0,302342.0,176303.0
2026-04-14 18:14:17.415048,832531,1609507951023783,5550993620,0.687104,0.099552,0.23424,10.80625,-2.94,-1.70625,-11.72,16.896,20.960001,none,4,7.0,81380.0,308091.0,156319.0,296859.0,166941.0
2026-04-14 18:14:17.417977,832532,1609507951032810,5551002390,0.724192,0.083936,0.245952,7.23625,-0.14,-4.38375,-12.320001,17.648,23.336,none,4,7.0,81380.0,308091.0,156319.0,296859.0,166941.0
2026-04-14 18:14:17.422426,832533,1609507951041894,5551011084,0.724192,0.083936,0.245952,2.10875,1.26,-5.27625,-12.320001,17.648,23.336,none,4,7.0,81380.0,308091.0,156319.0,296859.0,166941.0
2026-04-14 18:14:17.431602,832534,1609507951056390,5551025962,0.747616,0.050752,0.257664,-3.84125,1.96875,-4.38375,-12.592001,17.232,22.032001,none,4,7.0,81380.0,308091.0,156319.0,296859.0,166941.0
2026-04-14 18:14:17.441650,832535,1609507951065470,5551034661,0.747616,0.050752,0.257664,-7.525,2.7825,-3.82375,-12.592001,17.232,22.032001,none,4,7.0,81380.0,308091.0,156319.0,296859.0,166941.0
2026-04-14 18:14:17.457935,832536,1609507951079961,5551049562,0.778848,0.003904,0.249856,-11.38375,3.7975,-5.25,-12.296001,17.224,21.992,none,4,7.0,81380.0,308091.0,156319.0,296859.0,166941.0
2026-04-14 18:14:17.465468,832537,1609507951088890,5551058268,0.778848,0.003904,0.249856,-11.75125,5.6875,-6.93875,-12.296001,17.224,21.992,none,4,7.0,81380.0,308091.0,156319.0,296859.0,166941.0
2026-04-14 18:14:17.479230,832538,1609507951103529,5551073192,0.794464,-0.011712,0.189344,-8.70625,6.3875,-8.70625,-11.592001,17.176,21.776001,none,4,7.0,81380.0,308091.0,156319.0,296859.0,166941.0
2026-04-14 18:14:17.560455,832549,1609507951112835,5551082108,0.851072,0.044896,0.333792,-3.5,7.13125,-10.64875,-12.376,17.456001,24.128,none,4,7.0,84452.0,310322.0,160254.0,299117.0,171179.0
2026-04-14 18:14:17.562984,832550,1609507951121831,5551090901,0.851072,0.044896,0.333792,-4.935,6.97375,-12.95,-12.376,17.456001,24.128,none,4,7.0,84452.0,310322.0,160254.0,299117.0,171179.0
2026-04-14 18:14:17.565076,832551,1609507951136448,5551105890,0.860832,-0.033184,0.269376,-8.0675,6.93875,-12.88875,-11.544001,17.104,22.248001,none,4,7.0,84452.0,310322.0,160254.0,299117.0,171179.0
2026-04-14 18:14:17.567981,832552,1609507951145503,5551114587,0.860832,-0.033184,0.269376,-7.41125,5.95,-12.39875,-11.544001,17.104,22.248001,none,4,7.0,84452.0,310322.0,160254.0,299117.0,171179.0
2026-04-14 18:14:17.570458,832553,1609507951159980,5551129536,0.895968,0.015616,0.366976,-2.66875,4.8125,-12.8975,-11.584001,16.944,22.504002,none,4,7.0,84452.0,310322.0,160254.0,299117.0,171179.0
2026-04-14 18:14:17.572997,832554,1609507951168897,5551138217,0.895968,0.015616,0.366976,2.6425,4.19125,-14.18375,-11.584001,16.944,22.504002,none,4,7.0,84452.0,310322.0,160254.0,299117.0,171179.0
2026-04-14 18:14:17.575477,832555,1609507951177821,5551146947,0.964288,0.021472,0.41968,5.62625,4.2,-15.5575,-11.400001,16.504002,22.328001,none,4,7.0,84452.0,310322.0,160254.0,299117.0,171179.0
2026-04-14 18:14:17.578002,832556,1609507951192453,5551161863,0.909632,-0.007808,0.201056,7.56875,5.31125,-16.63375,-11.912001,16.368,21.952002,none,4,7.0,84452.0,310322.0,160254.0,299117.0,171179.0
2026-04-14 18:14:17.580094,832557,1609507951201418,5551170576,0.909632,-0.007808,0.201056,9.695,6.2825,-17.15,-11.912001,16.368,21.952002,none,4,7.0,84452.0,310322.0,160254.0,299117.0,171179.0
2026-04-14 18:14:17.612323,832568,1609507951216435,5551185880,0.952576,0.025376,0.353312,12.48625,6.67625,-16.98375,-11.480001,16.52,22.76,none,4,7.0,87038.0,312582.0,163180.0,301286.0,174084.0
2026-04-14 18:14:17.615315,832569,1609507951225442,5551194647,0.952576,0.025376,0.353312,15.0325,6.81625,-16.30125,-11.480001,16.52,22.76,none,4,7.0,87038.0,312582.0,163180.0,301286.0,174084.0
2026-04-14 18:14:17.617874,832570,1609507951234472,5551203376,0.944768,0.074176,0.431392,16.16125,7.34125,-15.7675,-12.704,16.144001,23.568,none,4,7.0,87038.0,312582.0,163180.0,301286.0,174084.0
2026-04-14 18:14:17.625110,832571,1609507951249100,5551218325,0.944768,0.074176,0.431392,17.38625,9.8875,-15.1025,-12.704,16.144001,23.568,none,4,7.0,87038.0,312582.0,163180.0,301286.0,174084.0
2026-04-14 18:14:17.637833,832572,1609507951258026,5551227023,0.8296,0.0976,0.310368,19.03125,12.01375,-14.02625,-12.368001,15.488001,22.272001,none,4,7.0,87038.0,312582.0,163180.0,301286.0,174084.0
2026-04-14 18:14:17.649182,832573,1609507951272549,5551241913,0.841312,0.085888,0.199104,23.5725,14.18375,-12.81875,-11.808001,15.336,22.512001,none,4,7.0,87038.0,312582.0,163180.0,301286.0,174084.0
2026-04-14 18:14:17.656674,832574,1609507951281525,5551250710,0.841312,0.085888,0.199104,28.56,16.35375,-11.725,-11.808001,15.336,22.512001,none,4,7.0,87038.0,312582.0,163180.0,301286.0,174084.0
2026-04-14 18:14:17.671357,832575,1609507951296044,5551265607,0.899872,0.111264,0.325984,27.0025,17.03625,-9.87,-11.152,14.632001,22.76,none,4,7.0,87038.0,312582.0,163180.0,301286.0,174084.0
2026-04-14 18:14:17.683031,832576,1609507951305109,5551274308,0.899872,0.111264,0.325984,20.8075,17.42125,-5.285,-11.152,14.632001,22.76,none,4,7.0,87038.0,312582.0,163180.0,301286.0,174084.0
2026-04-14 18:14:17.736291,832587,1609507951314121,5551283280,0.870592,0.089792,0.294752,18.19125,17.675,-2.12625,-11.432,15.016001,24.160002,none,4,7.0,85420.0,311425.0,161517.0,301068.0,172401.0
2026-04-14 18:14:17.741763,832588,1609507951328909,5551298255,0.870592,0.089792,0.294752,19.73125,15.33875,-1.1375,-11.432,15.016001,24.160002,none,4,7.0,85420.0,311425.0,161517.0,301068.0,172401.0
2026-04-14 18:14:17.744229,832589,1609507951337895,5551307021,0.84912,0.134688,0.480192,24.815,12.41625,0.7875,-10.944,14.376,23.232,none,4,7.0,85420.0,311425.0,161517.0,301068.0,172401.0
2026-04-14 18:14:17.746753,832590,1609507951352399,5551321962,0.74176,0.212768,0.281088,29.81125,11.445,2.0825,-10.568001,14.032001,22.640001,none,4,7.0,85420.0,311425.0,161517.0,301068.0,172401.0
2026-04-14 18:14:17.748914,832591,1609507951361356,5551330668,0.74176,0.212768,0.281088,32.54125,10.77125,1.88125,-10.568001,14.032001,22.640001,none,4,7.0,85420.0,311425.0,161517.0,301068.0,172401.0
2026-04-14 18:14:17.751788,832592,1609507951370328,5551339422,0.74176,0.212768,0.281088,31.1325,9.19625,-0.035,-10.568001,14.032001,22.640001,none,4,7.0,85420.0,311425.0,161517.0,301068.0,172401.0
2026-04-14 18:14:17.760547,832593,1609507951384860,5551354342,0.739808,0.17568,0.245952,30.72125,7.595,-0.455,-10.968,13.224001,25.04,none,4,7.0,85420.0,311425.0,161517.0,301068.0,172401.0
2026-04-14 18:14:17.770550,832594,1609507951393904,5551363038,0.8296,0.081984,0.32208,33.8625,6.58875,-0.44625,-11.712001,13.288001,24.488,none,4,7.0,85420.0,311425.0,161517.0,301068.0,172401.0
2026-04-14 18:14:17.786595,832595,1609507951408397,5551377915,0.8296,0.081984,0.32208,39.38375,8.3125,1.02375,-11.712001,13.288001,24.488,none,4,7.0,85420.0,311425.0,161517.0,301068.0,172401.0
2026-04-14 18:14:17.814140,832606,1609507951418092,5551387076,0.827648,0.206912,0.569984,46.6375,12.32,4.36625,-10.608001,12.952001,25.008001,none,4,7.0,82657.0,307165.0,158470.0,298140.0,169179.0
2026-04-14 18:14:17.816676,832607,1609507951427053,5551395938,0.827648,0.206912,0.569984,47.34625,17.2025,5.8275,-10.608001,12.952001,25.008001,none,4,7.0,82657.0,307165.0,158470.0,298140.0,169179.0
2026-04-14 18:14:17.819164,832608,1609507951442142,5551410865,0.737856,0.218624,0.552416,36.30375,20.44,6.27375,-10.872001,12.184001,24.720001,none,4,7.0,82657.0,307165.0,158470.0,298140.0,169179.0
2026-04-14 18:14:17.830468,832609,1609507951451441,5551421650,0.737856,0.218624,0.462624,21.21875,21.4375,7.72625,-10.872001,12.184001,24.720001,none,4,7.0,82657.0,307165.0,158470.0,298140.0,169179.0
2026-04-14 18:14:17.844113,832610,1609507951465982,5551434553,0.763232,0.177632,0.462624,14.91,21.1575,9.14375,-10.360001,11.872001,23.224,none,4,7.0,82657.0,307165.0,158470.0,298140.0,169179.0
2026-04-14 18:14:17.851417,832611,1609507951475415,5551445470,0.815936,0.201056,0.642208,27.991251,19.18875,8.4525,-10.576,11.536,25.288002,none,4,7.0,82657.0,307165.0,158470.0,298140.0,169179.0
2026-04-14 18:14:17.861435,832612,1609507951484413,5551454165,0.815936,0.201056,0.642208,45.78875,19.85375,7.7525,-10.576,11.536,25.288002,none,4,7.0,82657.0,307165.0,158470.0,298140.0,169179.0
2026-04-14 18:14:17.901206,832613,1609507951499034,5551469063,0.72224,0.359168,0.509472,49.55125,23.1175,9.33625,-10.096001,11.392,26.032001,none,4,7.0,82657.0,307165.0,158470.0,298140.0,169179.0
2026-04-14 18:14:17.903458,832614,1609507951507990,5551477810,0.72224,0.359168,0.509472,27.60625,24.5875,11.27875,-10.096001,11.392,26.032001,none,4,7.0,82657.0,307165.0,158470.0,298140.0,169179.0
2026-04-14 18:14:17.952661,832625,1609507951522606,5551492769,0.71248,0.232288,0.386496,-5.4075,23.616251,14.2975,-9.512,11.128,24.312,none,4,7.0,90207.0,307454.0,168577.0,299008.0,179592.0
2026-04-14 18:14:17.955081,832626,1609507951531559,5551501442,0.71248,0.232288,0.386496,-23.79125,19.985,16.5375,-9.512,11.128,24.312,none,4,7.0,90207.0,307454.0,168577.0,299008.0,179592.0
2026-04-14 18:14:17.957708,832627,1609507951540527,5551510202,0.667584,0.17568,0.365024,-23.68625,14.455,15.88125,-9.128,11.392,23.072,none,4,7.0,90207.0,307454.0,168577.0,299008.0,179592.0
2026-04-14 18:14:17.960220,832628,1609507951555024,5551525102,0.774944,0.181536,0.571936,-10.815,9.30125,15.1725,-8.968,11.376,24.320002,none,4,7.0,90207.0,307454.0,168577.0,299008.0,179592.0
2026-04-14 18:14:17.962660,832629,1609507951564034,5551533825,0.774944,0.181536,0.571936,-3.70125,4.76,14.9275,-8.968,11.376,24.320002,none,4,7.0,90207.0,307454.0,168577.0,299008.0,179592.0
2026-04-14 18:14:17.965232,832630,1609507951578655,5551548720,0.691008,0.21472,0.577792,-5.64375,0.67375,16.178751,-8.92,11.68,23.824001,none,4,7.0,90207.0,307454.0,168577.0,299008.0,179592.0
2026-04-14 18:14:17.967682,832631,1609507951587636,5551557384,0.691008,0.21472,0.577792,-11.3925,-3.8325,17.31625,-8.92,11.68,23.824001,none,4,7.0,90207.0,307454.0,168577.0,299008.0,179592.0
2026-04-14 18:14:17.972691,832632,1609507951596629,5551566090,0.76128,0.10736,0.474336,-17.17625,-8.2425,15.91625,-8.912001,11.776001,24.6,none,4,7.0,90207.0,307454.0,168577.0,299008.0,179592.0
2026-04-14 18:14:17.988312,832633,1609507951611133,5551581001,0.76128,0.10736,0.474336,-14.1925,-11.80375,16.09125,-8.912001,11.776001,24.6,none,4,7.0,90207.0,307454.0,168577.0,299008.0,179592.0
2026-04-14 18:14:18.015115,832644,1609507951620216,5551590267,0.782752,0.158112,0.651968,-7.9975,-13.50125,15.56625,-9.92,12.024,24.552002,none,4,7.0,104321.0,319644.0,185533.0,309712.0,196598.0
2026-04-14 18:14:18.017534,832645,1609507951634770,5551603284,0.759328,0.132736,0.540704,-9.45,-14.245,14.5775,-9.736,12.448001,24.688002,none,4,7.0,104321.0,319644.0,185533.0,309712.0,196598.0
2026-04-14 18:14:18.020170,832646,1609507951644146,5551614084,0.759328,0.132736,0.540704,-13.83375,-13.95625,14.67375,-9.736,12.448001,24.688002,none,4,7.0,104321.0,319644.0,185533.0,309712.0,196598.0
2026-04-14 18:14:18.036377,832647,1609507951658705,5551629015,0.7808,0.050752,0.404064,-15.39125,-14.0875,14.805,-8.92,12.328001,23.712002,none,4,7.0,104321.0,319644.0,185533.0,309712.0,196598.0
2026-04-14 18:14:18.048934,832648,1609507951667650,5551637704,0.7808,0.050752,0.404064,-12.38125,-13.15125,14.1225,-8.92,12.328001,23.712002,none,4,7.0,104321.0,319644.0,185533.0,309712.0,196598.0
2026-04-14 18:14:18.052705,832649,1609507951676658,5551646431,0.80032,0.015616,0.394304,-7.735,-11.80375,12.6525,-9.128,12.112,24.424002,none,4,7.0,104321.0,319644.0,185533.0,309712.0,196598.0
2026-04-14 18:14:18.069265,832650,1609507951691112,5551661344,0.80032,0.015616,0.394304,-3.43875,-10.07125,12.71375,-9.128,12.112,24.424002,none,4,7.0,104321.0,319644.0,185533.0,309712.0,196598.0
2026-04-14 18:14:18.076746,832651,1609507951700047,5551670055,0.862784,0.003904,0.60512,-2.09125,-7.25375,13.755,-9.216001,12.144001,23.648,none,4,7.0,104321.0,319644.0,185533.0,309712.0,196598.0
2026-04-14 18:14:18.091922,832652,1609507951714578,5551682938,0.886208,-0.017568,0.591456,-0.1575,-4.71625,14.28875,-10.272,12.480001,24.560001,none,4,7.0,104321.0,319644.0,185533.0,309712.0,196598.0
2026-04-14 18:14:18.121274,832664,1609507951723821,5551693776,0.886208,-0.017568,0.591456,0.735,-2.6775,15.33,-10.272,12.480001,24.560001,none,4,7.0,96153.0,315276.0,175146.0,304525.0,186074.0
2026-04-14 18:14:18.123759,832665,1609507951732934,5551702493,0.886208,-0.017568,0.591456,2.73,-1.3125,17.0975,-10.272,12.480001,24.560001,none,4,7.0,96153.0,315276.0,175146.0,304525.0,186074.0
2026-04-14 18:14:18.126512,832666,1609507951747610,5551717427,0.812032,0.0976,0.431392,6.37,-1.54,17.22,-9.064,11.648001,23.896002,none,4,7.0,96153.0,315276.0,175146.0,304525.0,186074.0
2026-04-14 18:14:18.132677,832667,1609507951756713,5551726137,0.8296,0.093696,0.456768,7.665,-1.79375,15.68875,-9.224,11.584001,23.568,none,4,7.0,96153.0,315276.0,175146.0,304525.0,186074.0
2026-04-14 18:14:18.148000,832668,1609507951771213,5551741029,0.8296,0.093696,0.456768,3.52625,-2.8175,13.58875,-9.224,11.584001,23.568,none,4,7.0,96153.0,315276.0,175146.0,304525.0,186074.0
2026-04-14 18:14:18.155130,832669,1609507951780164,5551749804,0.778848,0.085888,0.513376,-0.8225,-3.15875,12.22375,-9.304001,12.088,24.272001,none,4,7.0,96153.0,315276.0,175146.0,304525.0,186074.0
2026-04-14 18:14:18.166749,832670,1609507951789234,5551758545,0.778848,0.085888,0.513376,-2.555,-3.89375,11.22625,-9.304001,12.088,24.272001,none,4,7.0,96153.0,315276.0,175146.0,304525.0,186074.0
2026-04-14 18:14:18.182498,832671,1609507951803723,5551773495,0.798368,0.0976,0.60512,-0.98,-4.19125,9.58125,-9.872001,12.016001,24.304,none,4,7.0,96153.0,315276.0,175146.0,304525.0,186074.0
2026-04-14 18:14:18.190351,832672,1609507951812675,5551782193,0.798368,0.0976,0.60512,0.315,-4.24375,7.72625,-9.872001,12.016001,24.304,none,4,7.0,96153.0,315276.0,175146.0,304525.0,186074.0
2026-04-14 18:14:18.218016,832683,1609507951827310,5551797289,0.765184,0.111264,0.357216,1.12875,-4.24375,5.99375,-9.248,12.048,24.720001,none,4,7.0,84174.0,306458.0,160346.0,296100.0,170938.0
2026-04-14 18:14:18.220377,832684,1609507951836319,5551806020,0.81008,0.066368,0.568032,0.6475,-3.43875,4.41,-8.952001,11.664001,24.000002,none,4,7.0,84174.0,306458.0,160346.0,296100.0,170938.0
2026-04-14 18:14:18.227956,832685,1609507951850867,5551820943,0.81008,0.066368,0.568032,-1.89875,-2.2575,3.9375,-8.952001,11.664001,24.000002,none,4,7.0,84174.0,306458.0,160346.0,296100.0,170938.0
2026-04-14 18:14:18.238924,832686,1609507951859824,5551829666,0.81008,0.02928,0.571936,-1.855,-1.61875,4.62875,-9.072001,11.64,23.944,none,4,7.0,84174.0,306458.0,160346.0,296100.0,170938.0
2026-04-14 18:14:18.269647,832687,1609507951868784,5551838399,0.81008,0.02928,0.571936,0.37625,-0.1225,6.11625,-9.072001,11.64,23.944,none,4,7.0,84174.0,306458.0,160346.0,296100.0,170938.0
2026-04-14 18:14:18.270222,832688,1609507951883273,5551853292,0.74176,0.093696,0.558272,-0.35,1.63625,7.3675,-8.976001,11.688001,23.864,none,4,7.0,84174.0,306458.0,160346.0,296100.0,170938.0
2026-04-14 18:14:18.276075,832689,1609507951892178,5551861972,0.74176,0.093696,0.558272,-4.375,2.87875,8.1725,-8.976001,11.688001,23.864,none,4,7.0,84174.0,306458.0,160346.0,296100.0,170938.0
2026-04-14 18:14:18.295344,832690,1609507951906677,5551876820,0.806176,0.0488,0.499712,-6.55375,2.49375,8.8725,-9.048,11.984,23.6,none,4,7.0,84174.0,306458.0,160346.0,296100.0,170938.0
2026-04-14 18:14:18.322999,832701,1609507951915597,5551885781,0.813984,-0.00976,0.324032,-7.41125,0.35,7.79625,-9.264001,11.72,21.616001,none,4,7.0,77920.0,302496.0,152491.0,292332.0,163260.0
2026-04-14 18:14:18.325515,832702,1609507951930132,5551898678,0.813984,-0.00976,0.324032,-5.215,-2.00375,6.29125,-9.264001,11.72,21.616001,none,4,7.0,77920.0,302496.0,152491.0,292332.0,163260.0
2026-04-14 18:14:18.355528,832703,1609507951939718,5551909480,0.804224,0.033184,0.353312,-2.21375,-4.12125,5.6175,-8.976001,11.976001,23.456001,none,4,7.0,77920.0,302496.0,152491.0,292332.0,163260.0
2026-04-14 18:14:18.356127,832704,1609507951948662,5551918217,0.804224,0.033184,0.353312,-0.49,-5.355,4.9875,-8.976001,11.976001,23.456001,none,4,7.0,77920.0,302496.0,152491.0,292332.0,163260.0
2026-04-14 18:14:18.357418,832705,1609507951963217,5551933109,0.8296,0.06832,0.474336,-1.82,-5.41625,4.3925,-8.792001,11.568001,23.872002,none,4,7.0,77920.0,302496.0,152491.0,292332.0,163260.0
2026-04-14 18:14:18.359966,832706,1609507951972163,5551941884,0.8296,0.06832,0.474336,-6.34375,-5.1625,4.03375,-8.792001,11.568001,23.872002,none,4,7.0,77920.0,302496.0,152491.0,292332.0,163260.0
2026-04-14 18:14:18.367219,832707,1609507951986773,5551956816,0.782752,0.052704,0.51728,-9.1,-5.7925,3.6925,-9.712001,12.144001,24.352001,none,4,7.0,77920.0,302496.0,152491.0,292332.0,163260.0
2026-04-14 18:14:18.374635,832708,1609507951995730,5551965526,0.749568,0.015616,0.281088,-6.79875,-7.09625,2.9925,-9.712001,12.120001,23.784,none,4,7.0,77920.0,302496.0,152491.0,292332.0,163260.0
2026-04-14 18:14:18.381601,832709,1609507952004677,5551974297,0.749568,0.015616,0.281088,-3.38625,-8.785,2.38875,-9.392,12.120001,23.784,none,4,7.0,77920.0,302496.0,152491.0,292332.0,163260.0
2026-04-14 18:14:18.420549,832720,1609507952019824,5551989347,0.735904,0.070272,0.363072,-1.56625,-9.9575,2.625,-9.288,12.424001,23.448002,none,4,7.0,74850.0,301741.0,148580.0,291770.0,159222.0
2026-04-14 18:14:18.422988,832721,1609507952028998,5551998076,0.735904,0.070272,0.363072,-1.5575,-10.465,2.2225,-9.288,12.424001,23.448002,none,4,7.0,74850.0,301741.0,148580.0,291770.0,159222.0
2026-04-14 18:14:18.425503,832722,1609507952043492,5552013013,0.833504,0.05856,0.515328,-3.52625,-10.56125,1.63625,-10.280001,12.456,24.424002,none,4,7.0,74850.0,301741.0,148580.0,291770.0,159222.0
2026-04-14 18:14:18.427998,832723,1609507952052448,5552021819,0.833504,0.05856,0.515328,-5.38125,-10.465,1.26875,-10.280001,12.456,24.424002,none,4,7.0,74850.0,301741.0,148580.0,291770.0,159222.0
2026-04-14 18:14:18.436761,832724,1609507952061378,5552030505,0.812032,0.013664,0.296704,-6.0725,-9.37125,0.3675,-10.216001,12.648001,25.624,none,4,7.0,74850.0,301741.0,148580.0,291770.0,159222.0
2026-04-14 18:14:18.452514,832725,1609507952076014,5552045394,0.827648,0.064416,0.552416,-4.9,-8.365,-0.93625,-10.216001,12.648001,23.496,none,4,7.0,74850.0,301741.0,148580.0,291770.0,159222.0
2026-04-14 18:14:18.460984,832726,1609507952084955,5552054127,0.837408,0.064416,0.552416,-3.33375,-8.19,-1.88125,-9.696,12.272,23.496,none,4,7.0,74850.0,301741.0,148580.0,291770.0,159222.0
2026-04-14 18:14:18.475347,832727,1609507952099464,5552069033,0.860832,0.040992,0.363072,-1.89,-8.04125,-2.87875,-10.072001,11.968,23.048,none,4,7.0,74850.0,301741.0,148580.0,291770.0,159222.0
2026-04-14 18:14:18.485354,832728,1609507952108414,5552077730,0.860832,0.040992,0.363072,-2.63375,-8.3825,-4.15625,-10.072001,11.968,23.048,none,4,7.0,74850.0,301741.0,148580.0,291770.0,159222.0
2026-04-14 18:14:18.501735,832729,1609507952117345,5552086429,0.835456,0.056608,0.519232,-3.66625,-8.74125,-4.62,-10.688001,12.392,23.560001,none,4,7.0,74850.0,301741.0,148580.0,291770.0,159222.0
2026-04-14 18:14:18.528765,832740,1609507952130034,5552099729,0.835456,0.056608,0.519232,-3.71875,-8.9775,-4.85625,-10.688001,12.392,23.560001,none,4,7.0,74651.0,301281.0,148153.0,291133.0,158728.0
2026-04-14 18:14:18.531649,832741,1609507952144609,5552114695,0.874496,0.02928,0.37088,-3.59625,-7.945,-4.7775,-9.936001,11.984,23.784,none,4,7.0,74651.0,301281.0,148153.0,291133.0,158728.0
2026-04-14 18:14:18.533822,832742,1609507952153578,5552123385,0.874496,0.02928,0.37088,-2.96625,-7.25375,-5.145,-9.936001,11.984,23.784,none,4,7.0,74651.0,301281.0,148153.0,291133.0,158728.0
2026-04-14 18:14:18.544698,832743,1609507952168128,5552138290,0.884256,0.017568,0.363072,-1.89,-8.33,-5.53,-10.368,12.248,24.528002,none,4,7.0,74651.0,301281.0,148153.0,291133.0,158728.0
2026-04-14 18:14:18.552639,832744,1609507952177082,5552146991,0.804224,0.037088,0.269376,-0.42,-9.03875,-5.22375,-10.912001,12.480001,23.408,none,4,7.0,74651.0,301281.0,148153.0,291133.0,158728.0
2026-04-14 18:14:18.562812,832745,1609507952186141,5552155759,0.804224,0.037088,0.269376,-0.13125,-10.24625,-4.34875,-10.912001,12.480001,23.408,none,4,7.0,74651.0,301281.0,148153.0,291133.0,158728.0
2026-04-14 18:14:18.578007,832746,1609507952200849,5552170681,0.796416,0.05856,0.267424,0.44625,-10.7975,-2.79125,-10.216001,11.968,23.528002,none,4,7.0,74651.0,301281.0,148153.0,291133.0,158728.0
2026-04-14 18:14:18.585483,832747,1609507952209822,5552179418,0.796416,0.05856,0.267424,0.9625,-11.27,-2.6075,-10.216001,11.968,23.528002,none,4,7.0,74651.0,301281.0,148153.0,291133.0,158728.0
2026-04-14 18:14:18.690521,832758,1609507952224464,5552194400,0.876448,0.03904,0.382592,1.1725,-10.9725,-3.00125,-10.280001,12.256001,22.368002,none,4,7.0,67868.0,296176.0,139056.0,286417.0,149385.0
2026-04-14 18:14:18.693005,832759,1609507952233442,5552203133,0.876448,0.03904,0.382592,0.5075,-10.395,-3.70125,-10.280001,12.256001,22.368002,none,4,7.0,67868.0,296176.0,139056.0,286417.0,149385.0
2026-04-14 18:14:18.695426,832760,1609507952242367,5552211830,0.784704,0.056608,0.247904,-0.2975,-9.3275,-3.68375,-10.384001,11.888001,23.272001,none,4,7.0,67868.0,296176.0,139056.0,286417.0,149385.0
2026-04-14 18:14:18.698069,832761,1609507952256845,5552226730,0.784704,0.056608,0.2928,-0.21875,-8.7325,-4.375,-10.384001,11.888001,23.272001,none,4,7.0,67868.0,296176.0,139056.0,286417.0,149385.0
2026-04-14 18:14:18.700268,832762,1609507952265908,5552235422,0.772992,0.064416,0.2928,-0.42875,-9.14375,-4.43625,-10.616,12.088,22.888,none,4,7.0,67868.0,296176.0,139056.0,286417.0,149385.0
2026-04-14 18:14:18.702768,832763,1609507952280395,5552250295,0.85888,0.044896,0.353312,-1.58375,-8.96875,-4.83875,-10.488001,11.864,23.216002,none,4,7.0,67868.0,296176.0,139056.0,286417.0,149385.0
2026-04-14 18:14:18.705223,832764,1609507952289516,5552259006,0.85888,0.044896,0.353312,-3.24625,-7.9625,-5.46,-10.488001,11.864,23.216002,none,4,7.0,67868.0,296176.0,139056.0,286417.0,149385.0
2026-04-14 18:14:18.708470,832765,1609507952298570,5552267704,0.76128,0.101504,0.386496,-5.3375,-6.85125,-6.71125,-10.592001,11.896001,21.712002,none,4,7.0,67868.0,296176.0,139056.0,286417.0,149385.0
2026-04-14 18:14:18.710519,832766,1609507952313058,5552282644,0.76128,0.101504,0.386496,-6.58875,-6.02,-8.198751,-10.592001,11.896001,21.712002,none,4,7.0,67868.0,296176.0,139056.0,286417.0,149385.0
2026-04-14 18:14:18.737568,832777,1609507952322131,5552291381,0.767136,0.072224,0.290848,-4.41875,-4.935,-9.4675,-10.68,12.448001,23.344002,none,4,7.0,61955.0,290153.0,130968.0,281200.0,141152.0
2026-04-14 18:14:18.739983,832778,1609507952336874,5552306411,0.767136,0.072224,0.290848,-1.365,-4.1825,-10.78,-10.68,12.448001,23.344002,none,4,7.0,61955.0,290153.0,130968.0,281200.0,141152.0
2026-04-14 18:14:18.744740,832779,1609507952345906,5552315157,0.792512,0.076128,0.35136,0.5425,-4.76875,-12.355001,-10.784,12.488001,24.624,none,4,7.0,61955.0,290153.0,130968.0,281200.0,141152.0
2026-04-14 18:14:18.749098,832780,1609507952360682,5552330163,0.76128,0.103456,0.316224,0.56,-4.3225,-13.18625,-11.536,12.112,24.056002,none,4,7.0,61955.0,290153.0,130968.0,281200.0,141152.0
2026-04-14 18:14:18.750105,832781,1609507952369772,5552338877,0.76128,0.103456,0.316224,-0.5425,-3.465,-13.64125,-11.536,12.112,24.056002,none,4,7.0,61955.0,290153.0,130968.0,281200.0,141152.0
2026-04-14 18:14:18.753629,832782,1609507952378878,5552347601,0.84912,0.066368,0.298656,-2.5025,-2.3625,-14.542501,-11.936001,12.240001,28.352001,none,4,7.0,61955.0,290153.0,130968.0,281200.0,141152.0
2026-04-14 18:14:18.770326,832783,1609507952393722,5552362498,0.84912,0.066368,0.298656,-3.77125,-1.505,-15.26,-11.936001,12.240001,28.352001,none,4,7.0,61955.0,290153.0,130968.0,281200.0,141152.0
2026-04-14 18:14:18.780345,832784,1609507952403161,5552373278,0.769088,0.080032,0.271328,-1.56625,-0.84,-15.82875,-11.104,11.704,23.184002,none,4,7.0,61955.0,290153.0,130968.0,281200.0,141152.0
2026-04-14 18:14:18.787685,832785,1609507952412145,5552382016,0.769088,0.080032,0.271328,0.7875,-0.35,-16.0825,-11.104,11.704,23.184002,none,4,7.0,61955.0,290153.0,130968.0,281200.0,141152.0
2026-04-14 18:14:18.820668,832796,1609507952426972,5552397300,0.769088,0.12688,0.333792,2.7475,0.21875,-16.2225,-11.976001,11.896001,25.312,none,4,7.0,62151.0,289042.0,131364.0,280413.0,141682.0
2026-04-14 18:14:18.823048,832797,1609507952435983,5552405988,0.769088,0.12688,0.333792,2.10875,0.5425,-17.59625,-11.976001,11.896001,25.312,none,4,7.0,62151.0,289042.0,131364.0,280413.0,141682.0
2026-04-14 18:14:18.831301,832798,1609507952450625,5552420892,0.76128,0.121024,0.314272,0.14,0.76125,-17.08,-12.784,12.52,25.616001,none,4,7.0,62151.0,289042.0,131364.0,280413.0,141682.0
2026-04-14 18:14:18.835029,832799,1609507952459679,5552429628,0.788608,0.091744,0.228384,-1.7325,0.95375,-16.03875,-12.896001,12.496,22.504002,none,4,7.0,62151.0,289042.0,131364.0,280413.0,141682.0
2026-04-14 18:14:18.846598,832800,1609507952468610,5552438313,0.788608,0.091744,0.228384,-2.84375,1.58375,-15.26,-12.896001,12.496,22.504002,none,4,7.0,62151.0,289042.0,131364.0,280413.0,141682.0
2026-04-14 18:14:18.860372,832801,1609507952483118,5552453218,0.786656,0.142496,0.44896,-2.52,1.295,-14.95375,-11.208,11.928,23.496,none,4,7.0,62151.0,289042.0,131364.0,280413.0,141682.0
2026-04-14 18:14:18.869120,832802,1609507952492060,5552461918,0.786656,0.142496,0.44896,-1.84625,0.79625,-14.2975,-11.208,11.928,23.496,none,4,7.0,62151.0,289042.0,131364.0,280413.0,141682.0
2026-04-14 18:14:18.883041,832803,1609507952506619,5552476876,0.845216,0.115168,0.269376,-1.07625,0.21875,-13.97375,-11.096001,11.624001,23.76,none,4,7.0,62151.0,289042.0,131364.0,280413.0,141682.0
2026-04-14 18:14:18.893052,832804,1609507952515633,5552485560,0.845216,0.115168,0.269376,-1.365,-2.02125,-14.385,-11.096001,11.624001,23.76,none,4,7.0,62151.0,289042.0,131364.0,280413.0,141682.0
2026-04-14 18:14:18.920088,832815,1609507952530436,5552500556,0.788608,0.138592,0.318176,-3.8325,-4.22625,-14.16625,-11.504001,11.904,24.632002,none,4,7.0,67081.0,294274.0,137993.0,285115.0,148575.0
2026-04-14 18:14:18.924533,832816,1609507952539505,5552509261,0.806176,0.152256,0.411872,-5.075,-5.11,-13.37875,-11.504001,12.112,24.320002,none,4,7.0,67081.0,294274.0,137993.0,285115.0,148575.0
2026-04-14 18:14:18.925054,832817,1609507952548482,5552518071,0.806176,0.152256,0.411872,-5.13625,-5.13625,-13.405,-12.136001,12.112,24.320002,none,4,7.0,67081.0,294274.0,137993.0,285115.0,148575.0
2026-04-14 18:14:18.938771,832818,1609507952563089,5552532996,0.796416,0.134688,0.251808,-6.195,-4.54125,-13.62375,-11.488001,11.64,23.136002,none,4,7.0,67081.0,294274.0,137993.0,285115.0,148575.0
2026-04-14 18:14:18.949082,832819,1609507952572066,5552541698,0.796416,0.134688,0.251808,-7.32375,-4.48875,-13.92125,-11.488001,11.64,23.136002,none,4,7.0,67081.0,294274.0,137993.0,285115.0,148575.0
2026-04-14 18:14:18.965451,832820,1609507952586545,5552556604,0.866688,0.10736,0.402112,-7.97125,-4.41,-13.51875,-12.528001,12.352,24.392002,none,4,7.0,67081.0,294274.0,137993.0,285115.0,148575.0
2026-04-14 18:14:18.996745,832821,1609507952595516,5552565336,0.866688,0.10736,0.402112,-8.11125,-3.80625,-14.21,-12.528001,12.352,24.392002,none,4,7.0,67081.0,294274.0,137993.0,285115.0,148575.0
2026-04-14 18:14:18.999287,832822,1609507952604442,5552574059,0.804224,0.138592,0.35136,-8.198751,-3.10625,-14.81375,-11.72,12.496,24.384,none,4,7.0,67081.0,294274.0,137993.0,285115.0,148575.0
2026-04-14 18:14:19.024453,832823,1609507952618968,5552588944,0.804224,0.138592,0.35136,-10.8325,-3.9725,-15.365,-11.72,12.496,24.384,none,4,7.0,67081.0,294274.0,137993.0,285115.0,148575.0
2026-04-14 18:14:19.073865,832834,1609507952628013,5552597705,0.794464,0.142496,0.324032,-14.1225,-4.27,-14.8225,-13.632001,12.344001,25.032001,none,4,7.0,69659.0,296144.0,141496.0,286724.0,152062.0
2026-04-14 18:14:19.076781,832835,1609507952642535,5552612593,0.802272,0.1952,0.472384,-14.18375,-3.955,-15.7675,-13.816001,12.008,24.144001,none,4,7.0,69659.0,296144.0,141496.0,286724.0,152062.0
2026-04-14 18:14:19.079271,832836,1609507952651493,5552621278,0.802272,0.1952,0.472384,-13.685,-3.63125,-18.147501,-13.816001,12.008,24.144001,none,4,7.0,69659.0,296144.0,141496.0,286724.0,152062.0
2026-04-14 18:14:19.081680,832837,1609507952665985,5552636223,0.813984,0.132736,0.3904,-13.886251,-3.4125,-20.20375,-12.568001,12.056001,24.432001,none,4,7.0,69659.0,296144.0,141496.0,286724.0,152062.0
2026-04-14 18:14:19.084279,832838,1609507952674898,5552644897,0.813984,0.132736,0.3904,-13.69375,-2.94875,-22.2425,-12.568001,12.056001,24.432001,none,4,7.0,69659.0,296144.0,141496.0,286724.0,152062.0
2026-04-14 18:14:19.086782,832839,1609507952683839,5552653793,0.788608,0.121024,0.386496,-15.155,-2.75625,-23.56375,-13.016001,12.408001,23.896002,none,4,7.0,69659.0,296144.0,141496.0,286724.0,152062.0
2026-04-14 18:14:19.089271,832840,1609507952698533,5552668758,0.788608,0.121024,0.386496,-14.7175,-2.42375,-23.05625,-13.016001,12.408001,23.896002,none,4,7.0,69659.0,296144.0,141496.0,286724.0,152062.0
2026-04-14 18:14:19.091737,832841,1609507952707486,5552677603,0.79056,0.152256,0.35136,-14.3675,-2.485,-23.68625,-13.008,12.616,23.312,none,4,7.0,69659.0,296144.0,141496.0,286724.0,152062.0
2026-04-14 18:14:19.124126,832852,1609507952722238,5552692598,0.79056,0.169824,0.45872,-16.10875,-2.47625,-23.79125,-13.136001,12.584001,22.944,none,4,7.0,71709.0,297544.0,144211.0,288002.0,154825.0
2026-04-14 18:14:19.126529,832853,1609507952731354,5552701320,0.79056,0.169824,0.45872,-18.27875,-2.8,-24.03625,-13.136001,12.584001,22.944,none,4,7.0,71709.0,297544.0,144211.0,288002.0,154825.0
2026-04-14 18:14:19.129111,832854,1609507952740414,5552710069,0.79056,0.154208,0.329888,-18.55875,-2.5025,-25.12125,-13.136001,12.584001,22.944,none,4,7.0,71709.0,297544.0,144211.0,288002.0,154825.0
2026-04-14 18:14:19.131610,832855,1609507952754969,5552724981,0.80032,0.140544,0.329888,-17.24625,-2.56375,-26.88875,-12.728001,12.632001,22.112001,none,4,7.0,71709.0,297544.0,144211.0,288002.0,154825.0
2026-04-14 18:14:19.140546,832856,1609507952763915,5552733666,0.85888,0.154208,0.3904,-17.22,-3.22,-27.79875,-12.816001,12.608001,23.136002,none,4,7.0,71709.0,297544.0,144211.0,288002.0,154825.0
2026-04-14 18:14:19.155150,832857,1609507952778477,5552748572,0.85888,0.154208,0.3904,-21.49875,-3.85875,-28.735,-12.816001,12.608001,23.136002,none,4,7.0,71709.0,297544.0,144211.0,288002.0,154825.0
2026-04-14 18:14:19.162656,832858,1609507952787423,5552757290,0.7808,0.132736,0.296704,-28.51625,-4.4975,-28.69125,-12.8,13.064001,23.568,none,4,7.0,71709.0,297544.0,144211.0,288002.0,154825.0
2026-04-14 18:14:19.179304,832859,1609507952801934,5552772201,0.767136,0.162016,0.359168,-31.54375,-5.08375,-28.16625,-13.744,13.272,22.168001,none,4,7.0,71709.0,297544.0,144211.0,288002.0,154825.0
2026-04-14 18:14:19.188793,832860,1609507952810963,5552780899,0.767136,0.162016,0.359168,-28.49875,-6.32625,-28.62125,-13.744,13.272,22.168001,none,4,7.0,71709.0,297544.0,144211.0,288002.0,154825.0
2026-04-14 18:14:19.196873,832861,1609507952819874,5552789566,0.767136,0.162016,0.359168,-22.89875,-7.8925,-29.741251,-13.744,13.272,22.168001,none,4,7.0,71709.0,297544.0,144211.0,288002.0,154825.0
2026-04-14 18:14:19.226380,832872,1609507952834446,5552804534,0.843264,0.169824,0.47824,-17.33375,-9.14375,-30.616251,-13.000001,13.104001,22.488,none,4,7.0,76340.0,301334.0,150162.0,291428.0,160882.0
2026-04-14 18:14:19.228856,832873,1609507952843471,5552813295,0.8296,0.154208,0.532896,-16.23125,-9.2575,-31.2375,-13.288001,13.080001,22.568,none,4,7.0,76340.0,301334.0,150162.0,291428.0,160882.0
2026-04-14 18:14:19.233939,832874,1609507952858041,5552828240,0.8296,0.154208,0.532896,-21.69125,-9.09125,-30.5375,-13.288001,13.080001,22.568,none,4,7.0,76340.0,301334.0,150162.0,291428.0,160882.0
2026-04-14 18:14:19.243958,832875,1609507952866938,5552836925,0.772992,0.113216,0.269376,-27.991251,-8.21625,-27.78125,-13.464001,13.256001,22.504002,none,4,7.0,76340.0,301334.0,150162.0,291428.0,160882.0
2026-04-14 18:14:19.253963,832876,1609507952875928,5552845629,0.772992,0.113216,0.269376,-29.2425,-7.63875,-26.52125,-13.464001,13.256001,22.504002,none,4,7.0,76340.0,301334.0,150162.0,291428.0,160882.0
2026-04-14 18:14:19.266476,832877,1609507952890438,5552860730,0.825696,0.173728,0.41968,-26.76625,-7.385,-27.5275,-14.312,13.816001,23.2,none,4,7.0,76340.0,301334.0,150162.0,291428.0,160882.0
2026-04-14 18:14:19.275269,832878,1609507952899369,5552869473,0.825696,0.173728,0.41968,-25.445,-8.1375,-29.365,-14.312,13.816001,23.2,none,4,7.0,76340.0,301334.0,150162.0,291428.0,160882.0
2026-04-14 18:14:19.288945,832879,1609507952913984,5552882493,0.710528,0.191296,0.355264,-27.335001,-9.42375,-31.255001,-14.728001,13.744,20.52,none,4,7.0,76340.0,301334.0,150162.0,291428.0,160882.0
2026-04-14 18:14:19.328922,832890,1609507952923350,5552893646,0.784704,0.095648,0.372832,-30.975,-10.7975,-32.73375,-14.176001,13.968,21.880001,none,4,7.0,85257.0,311643.0,161705.0,301228.0,172687.0
2026-04-14 18:14:19.331320,832891,1609507952937900,5552906762,0.784704,0.095648,0.372832,-34.72,-11.05125,-34.0025,-14.176001,13.968,21.880001,none,4,7.0,85257.0,311643.0,161705.0,301228.0,172687.0
2026-04-14 18:14:19.333970,832892,1609507952946829,5552915508,0.765184,0.163968,0.509472,-38.57,-10.386251,-34.09875,-15.424001,14.400001,22.792002,none,4,7.0,85257.0,311643.0,161705.0,301228.0,172687.0
2026-04-14 18:14:19.336365,832893,1609507952956173,5552926270,0.765184,0.163968,0.509472,-39.87375,-8.84625,-34.44,-15.424001,14.400001,22.792002,none,4,7.0,85257.0,311643.0,161705.0,301228.0,172687.0
2026-04-14 18:14:19.370282,832894,1609507952970695,5552939114,0.716384,0.160064,0.382592,-38.08,-9.1875,-36.89,-15.608001,15.392001,23.568,none,4,7.0,85257.0,311643.0,161705.0,301228.0,172687.0
2026-04-14 18:14:19.372714,832895,1609507952979964,5552949914,0.716384,0.160064,0.382592,-33.565,-9.8875,-39.6375,-15.608001,15.392001,23.568,none,4,7.0,85257.0,311643.0,161705.0,301228.0,172687.0
2026-04-14 18:14:19.375267,832896,1609507952988966,5552958659,0.71248,0.152256,0.325984,-29.61,-9.52,-41.982502,-15.280001,14.376,21.216002,none,4,7.0,85257.0,311643.0,161705.0,301228.0,172687.0
2026-04-14 18:14:19.410135,832897,1609507953003479,5552973553,0.792512,0.150304,0.55632,-30.2575,-9.52,-43.42625,-15.352001,15.344001,19.536001,none,4,7.0,85257.0,311643.0,161705.0,301228.0,172687.0
2026-04-14 18:14:19.424961,832898,1609507953012423,5552982254,0.792512,0.150304,0.55632,-34.46625,-9.00375,-43.155,-15.352001,15.344001,19.536001,none,4,7.0,85257.0,311643.0,161705.0,301228.0,172687.0
2026-04-14 18:14:19.455129,832909,1609507953027247,5552997246,0.821792,0.122976,0.560224,-42.638752,-7.83125,-41.1425,-15.944001,15.360001,20.808,none,4,7.0,97792.0,324373.0,177392.0,313804.0,188324.0
2026-04-14 18:14:19.457405,832910,1609507953036252,5553006001,0.821792,0.122976,0.560224,-50.855,-7.44625,-38.08875,-15.944001,15.360001,20.808,none,4,7.0,97792.0,324373.0,177392.0,313804.0,188324.0
2026-04-14 18:14:19.460052,832911,1609507953050758,5553020897,0.743712,0.099552,0.413824,-47.80125,-6.4925,-36.75,-15.568001,15.424001,20.408,none,4,7.0,97792.0,324373.0,177392.0,313804.0,188324.0
2026-04-14 18:14:19.463024,832912,1609507953059876,5553029634,0.743712,0.099552,0.413824,-41.326252,-5.60875,-38.68375,-15.568001,15.424001,20.408,none,4,7.0,97792.0,324373.0,177392.0,313804.0,188324.0
2026-04-14 18:14:19.465228,832913,1609507953068999,5553038344,0.743712,0.121024,0.320128,-39.1825,-4.7775,-39.82125,-16.12,16.088001,21.544,none,4,7.0,97792.0,324373.0,177392.0,313804.0,188324.0
2026-04-14 18:14:19.468020,832914,1609507953083547,5553053278,0.837408,0.12688,0.581696,-39.76875,-4.305,-41.2125,-17.288,16.320002,21.016,none,4,7.0,97792.0,324373.0,177392.0,313804.0,188324.0
2026-04-14 18:14:19.470529,832915,1609507953092599,5553062008,0.837408,0.12688,0.581696,-41.2125,-4.7075,-43.8025,-17.288,16.320002,21.016,none,4,7.0,97792.0,324373.0,177392.0,313804.0,188324.0
2026-04-14 18:14:19.482996,832916,1609507953107138,5553077008,0.835456,0.119072,0.437248,-39.99625,-4.9,-46.22625,-16.688002,16.072,20.04,none,4,7.0,97792.0,324373.0,177392.0,313804.0,188324.0
2026-04-14 18:14:19.491662,832917,1609507953116058,5553085706,0.835456,0.119072,0.437248,-36.25125,-5.7925,-48.16875,-16.688002,16.072,20.04,none,4,7.0,97792.0,324373.0,177392.0,313804.0,188324.0
2026-04-14 18:14:19.529191,832928,1609507953125407,5553094778,0.843264,0.134688,0.599264,-31.64875,-6.72,-50.81125,-16.912,16.272001,19.968,none,4,7.0,99268.0,331032.0,179532.0,321178.0,190082.0
2026-04-14 18:14:19.531710,832929,1609507953140059,5553109818,0.843264,0.134688,0.599264,-25.725,-5.76625,-53.9175,-16.912,16.272001,19.968,none,4,7.0,99268.0,331032.0,179532.0,321178.0,190082.0
2026-04-14 18:14:19.533731,832930,1609507953149004,5553118503,0.7808,0.171776,0.40992,-22.68,-3.77125,-58.2225,-17.240002,15.816001,19.960001,none,4,7.0,99268.0,331032.0,179532.0,321178.0,190082.0
2026-04-14 18:14:19.539991,832931,1609507953163548,5553133411,0.823744,0.210816,0.568032,-22.00625,-2.625,-62.85125,-17.240002,15.816001,20.12,none,4,7.0,99268.0,331032.0,179532.0,321178.0,190082.0
2026-04-14 18:14:19.548011,832932,1609507953172614,5553142111,0.823744,0.210816,0.568032,-18.97,-2.625,-66.7275,-17.800001,15.968,20.12,none,4,7.0,99268.0,331032.0,179532.0,321178.0,190082.0
2026-04-14 18:14:19.557984,832933,1609507953181671,5553150798,0.823744,0.210816,0.568032,-12.80125,-3.9025,-70.4375,-17.800001,15.968,20.12,none,4,7.0,99268.0,331032.0,179532.0,321178.0,190082.0
2026-04-14 18:14:19.574293,832934,1609507953196188,5553165721,0.806176,0.271328,0.612928,-5.90625,-5.83625,-71.75875,-18.968,15.184001,19.04,none,4,7.0,99268.0,331032.0,179532.0,321178.0,190082.0
2026-04-14 18:14:19.581802,832935,1609507953205095,5553174415,0.737856,0.37088,0.2928,0.14875,-6.265,-72.6425,-18.880001,15.104001,21.608002,none,4,7.0,99268.0,331032.0,179532.0,321178.0,190082.0
2026-04-14 18:14:19.596663,832936,1609507953219571,5553189364,0.737856,0.37088,0.2928,-0.4375,-5.5825,-72.3975,-18.880001,15.104001,21.608002,none,4,7.0,99268.0,331032.0,179532.0,321178.0,190082.0
2026-04-14 18:14:19.653036,832947,1609507953228715,5553198104,0.765184,0.384544,0.230336,-10.605001,-5.53875,-70.245,-18.944,15.52,19.376001,none,4,7.0,92240.0,318849.0,172399.0,312146.0,182734.0
2026-04-14 18:14:19.655225,832948,1609507953243315,5553213116,0.765184,0.384544,0.230336,-23.8875,-5.005,-66.3425,-18.944,15.52,19.376001,none,4,7.0,92240.0,318849.0,172399.0,312146.0,182734.0
2026-04-14 18:14:19.658011,832949,1609507953252262,5553221820,0.739808,0.3416,0.2928,-35.2625,-4.97875,-64.89,-20.44,15.52,20.584002,none,4,7.0,92240.0,318849.0,172399.0,312146.0,182734.0
2026-04-14 18:14:19.660170,832950,1609507953261229,5553230510,0.739808,0.3416,0.2928,-36.47,-3.15875,-62.62375,-20.44,15.52,20.584002,none,4,7.0,92240.0,318849.0,172399.0,312146.0,182734.0
2026-04-14 18:14:19.662492,832951,1609507953275831,5553245408,0.74176,0.49776,0.540704,-30.82625,-2.6775,-62.895,-20.888,15.136001,20.504002,none,4,7.0,92240.0,318849.0,172399.0,312146.0,182734.0
2026-04-14 18:14:19.665034,832952,1609507953284896,5553254108,0.667584,0.560224,0.347456,-25.57625,-0.1225,-67.2175,-21.224,15.152,20.072,none,4,7.0,92240.0,318849.0,172399.0,312146.0,182734.0
2026-04-14 18:14:19.677348,832953,1609507953299397,5553269102,0.667584,0.560224,0.347456,-27.41375,1.37375,-66.3075,-21.224,15.152,20.072,none,4,7.0,92240.0,318849.0,172399.0,312146.0,182734.0
2026-04-14 18:14:19.683639,832954,1609507953308355,5553277828,0.689056,0.472384,0.310368,-30.28375,0.49875,-64.89875,-20.584002,14.712001,19.376001,none,4,7.0,92240.0,318849.0,172399.0,312146.0,182734.0
2026-04-14 18:14:19.693695,832955,1609507953317283,5553286519,0.689056,0.472384,0.310368,-34.58875,1.28625,-61.90625,-20.584002,14.712001,19.376001,none,4,7.0,92240.0,318849.0,172399.0,312146.0,182734.0
2026-04-14 18:14:19.775091,832966,1609507953331840,5553301668,0.76128,0.44896,0.5368,-37.3275,2.37125,-57.58375,-21.432001,15.752001,20.976002,none,4,7.0,93907.0,299665.0,176074.0,297819.0,185978.0
2026-04-14 18:14:19.780860,832967,1609507953340883,5553310462,0.76128,0.44896,0.5368,-41.57125,1.89,-55.615,-21.432001,15.752001,20.976002,none,4,7.0,93907.0,299665.0,176074.0,297819.0,185978.0
2026-04-14 18:14:19.781238,832968,1609507953355527,5553325354,0.704672,0.521184,0.472384,-48.60625,2.40625,-52.49125,-20.84,15.784,18.92,none,4,7.0,93907.0,299665.0,176074.0,297819.0,185978.0
2026-04-14 18:14:19.782825,832969,1609507953364529,5553334072,0.704672,0.45872,0.1952,-54.69625,2.905,-47.62625,-20.84,15.784,18.92,none,4,7.0,93907.0,299665.0,176074.0,297819.0,185978.0
2026-04-14 18:14:19.785460,832970,1609507953379032,5553349107,0.661728,0.454816,0.1952,-62.92125,1.02375,-46.26125,-21.192001,15.984001,17.512001,none,4,7.0,93907.0,299665.0,176074.0,297819.0,185978.0
2026-04-14 18:14:19.787715,832971,1609507953387958,5553357780,0.630496,0.550464,0.277184,-60.96125,-4.095,-50.23375,-21.328001,16.232,18.192001,none,4,7.0,93907.0,299665.0,176074.0,297819.0,185978.0
2026-04-14 18:14:19.790353,832972,1609507953396886,5553366517,0.630496,0.550464,0.277184,-51.02125,-8.65375,-57.3825,-21.328001,16.232,18.192001,none,4,7.0,93907.0,299665.0,176074.0,297819.0,185978.0
2026-04-14 18:14:19.792703,832973,1609507953411443,5553381506,0.646112,0.528992,0.54656,-45.465,-12.99375,-64.30375,-22.176,16.056002,17.808,none,4,7.0,93907.0,299665.0,176074.0,297819.0,185978.0
2026-04-14 18:14:19.797857,832974,1609507953420447,5553390254,0.646112,0.528992,0.54656,-44.07375,-15.995,-67.01625,-22.176,16.056002,17.808,none,4,7.0,93907.0,299665.0,176074.0,297819.0,185978.0
2026-04-14 18:14:19.825196,832985,1609507953435160,5553405262,0.62464,0.450912,0.220576,-48.23875,-16.19625,-66.85875,-22.432001,15.904,18.240002,none,4,7.0,98526.0,293755.0,182826.0,293660.0,192903.0
2026-04-14 18:14:19.828030,832986,1609507953444134,5553414042,0.62464,0.450912,0.220576,-54.6175,-16.31875,-67.27,-22.432001,15.904,18.240002,none,4,7.0,98526.0,293755.0,182826.0,293660.0,192903.0
2026-04-14 18:14:19.835245,832987,1609507953458706,5553429023,0.743712,0.40016,0.396256,-55.02875,-16.6425,-69.25625,-23.872002,16.424002,17.328001,none,4,7.0,98526.0,293755.0,182826.0,293660.0,192903.0
2026-04-14 18:14:19.845498,832988,1609507953467641,5553437703,0.601216,0.50752,0.267424,-48.83375,-16.59,-72.54625,-24.584002,16.088001,17.976002,none,4,7.0,98526.0,293755.0,182826.0,293660.0,192903.0
2026-04-14 18:14:19.854321,832989,1609507953476563,5553446586,0.601216,0.50752,0.267424,-40.7225,-18.13,-77.5425,-24.584002,16.088001,17.976002,none,4,7.0,98526.0,293755.0,182826.0,293660.0,192903.0
2026-04-14 18:14:19.866524,832990,1609507953491093,5553459518,0.61488,0.528992,0.216672,-33.66125,-19.11875,-80.6575,-24.536001,15.528001,16.832,none,4,7.0,98526.0,293755.0,182826.0,293660.0,192903.0
2026-04-14 18:14:19.877344,832991,1609507953500374,5553470368,0.61488,0.528992,0.216672,-38.47375,-19.3025,-79.9575,-24.536001,15.528001,16.832,none,4,7.0,98526.0,293755.0,182826.0,293660.0,192903.0
2026-04-14 18:14:19.892892,832992,1609507953514973,5553485242,0.646112,0.388448,0.222528,-49.77,-20.18625,-79.590004,-25.264002,15.840001,16.248001,none,4,7.0,98526.0,293755.0,182826.0,293660.0,192903.0
2026-04-14 18:14:19.900418,832993,1609507953524119,5553493965,0.646112,0.388448,0.222528,-54.66125,-21.9275,-80.75375,-25.264002,15.840001,16.248001,none,4,7.0,98526.0,293755.0,182826.0,293660.0,192903.0
2026-04-14 18:14:19.928020,833004,1609507953533197,5553502772,0.69296,0.388448,0.437248,-47.8275,-24.45625,-81.4275,-26.096,15.56,18.36,none,4,7.0,108119.0,296454.0,195328.0,294405.0,205376.0
2026-04-14 18:14:19.930450,833005,1609507953547764,5553517726,0.583648,0.573888,0.230336,-31.19375,-24.17625,-83.3875,-27.976002,15.448001,18.752,none,4,7.0,108119.0,296454.0,195328.0,294405.0,205376.0
2026-04-14 18:14:19.935536,833006,1609507953556693,5553526419,0.583648,0.573888,0.230336,-15.7325,-23.0825,-85.9075,-27.976002,15.448001,18.752,none,4,7.0,108119.0,296454.0,195328.0,294405.0,205376.0
2026-04-14 18:14:19.948029,833007,1609507953571255,5553541272,0.650016,0.51728,0.349408,-12.39875,-23.98375,-89.67875,-29.160002,14.216001,16.496,none,4,7.0,108119.0,296454.0,195328.0,294405.0,205376.0
2026-04-14 18:14:19.960347,833008,1609507953580183,5553549964,0.650016,0.51728,0.349408,-17.9375,-25.27875,-91.83125,-29.160002,14.216001,16.496,none,4,7.0,108119.0,296454.0,195328.0,294405.0,205376.0
2026-04-14 18:14:19.970346,833009,1609507953589131,5553558703,0.642208,0.441152,0.339648,-28.90125,-25.83,-91.32375,-27.952002,13.72,15.216001,none,4,7.0,108119.0,296454.0,195328.0,294405.0,205376.0
2026-04-14 18:14:19.981618,833010,1609507953603685,5553573587,0.642208,0.441152,0.339648,-36.96875,-24.92,-88.87375,-27.952002,13.72,15.216001,none,4,7.0,108119.0,296454.0,195328.0,294405.0,205376.0
2026-04-14 18:14:19.987705,833011,1609507953612618,5553582344,0.54656,0.51728,0.28304,-37.52875,-21.805,-88.41,-28.696001,13.408001,15.136001,none,4,7.0,108119.0,296454.0,195328.0,294405.0,205376.0
2026-04-14 18:14:20.026813,833022,1609507953627147,5553597448,0.538752,0.577792,0.271328,-29.015,-17.80625,-88.48,-29.824001,13.024,18.400002,none,4,7.0,110971.0,298005.0,199248.0,294942.0,209495.0
2026-04-14 18:14:20.029301,833023,1609507953636127,5553606223,0.538752,0.577792,0.271328,-25.57625,-15.09375,-89.22375,-29.824001,13.024,18.400002,none,4,7.0,110971.0,298005.0,199248.0,294942.0,209495.0
2026-04-14 18:14:20.031737,833024,1609507953650805,5553619279,0.544608,0.54656,0.242048,-24.31625,-15.82,-91.44625,-30.680002,12.136001,15.424001,none,4,7.0,110971.0,298005.0,199248.0,294942.0,209495.0
2026-04-14 18:14:20.037818,833025,1609507953660178,5553630100,0.544608,0.54656,0.242048,-21.735,-18.27,-95.121254,-30.680002,12.136001,15.424001,none,4,7.0,110971.0,298005.0,199248.0,294942.0,209495.0
2026-04-14 18:14:20.046785,833026,1609507953669187,5553638776,0.505568,0.568032,0.245952,-20.475,-21.7175,-96.34625,-30.568,10.984,14.224001,none,4,7.0,110971.0,298005.0,199248.0,294942.0,209495.0
2026-04-14 18:14:20.061720,833027,1609507953683724,5553653736,0.505568,0.568032,0.245952,-17.85,-21.91,-96.32,-30.568,10.984,14.224001,none,4,7.0,110971.0,298005.0,199248.0,294942.0,209495.0
2026-04-14 18:14:20.070346,833028,1609507953692764,5553662455,0.474336,0.772992,0.343552,-12.17125,-21.93625,-93.42375,-31.096,10.656,14.312,none,4,7.0,110971.0,298005.0,199248.0,294942.0,209495.0
2026-04-14 18:14:20.104239,833029,1609507953707265,5553677364,0.499712,0.813984,0.310368,-12.775,-21.525,-90.3525,-31.096,10.656,14.576001,none,4,7.0,110971.0,298005.0,199248.0,294942.0,209495.0
2026-04-14 18:14:20.128892,833030,1609507953716220,5553686050,0.499712,0.813984,0.310368,-24.12375,-21.74375,-89.285,-31.928001,10.240001,14.576001,none,4,7.0,110971.0,298005.0,199248.0,294942.0,209495.0
2026-04-14 18:14:20.152155,833031,1609507953725161,5553694784,0.499712,0.813984,0.310368,-42.23625,-23.54625,-86.65125,-31.928001,10.240001,14.576001,none,4,7.0,110971.0,298005.0,199248.0,294942.0,209495.0
2026-04-14 18:14:20.181652,833042,1609507953739669,5553709730,0.530944,0.671488,0.132736,-56.34125,-25.6725,-83.9475,-33.896,10.52,13.336,none,4,7.0,118137.0,297574.0,208476.0,294990.0,219197.0
2026-04-14 18:14:20.184153,833043,1609507953748613,5553718391,0.573888,0.769088,0.528992,-53.94375,-28.210001,-83.527504,-34.4,9.112,13.512001,none,4,7.0,118137.0,297574.0,208476.0,294990.0,219197.0
2026-04-14 18:14:20.186648,833044,1609507953763170,5553733342,0.573888,0.769088,0.528992,-40.17125,-30.51125,-82.46,-34.4,9.112,13.512001,none,4,7.0,118137.0,297574.0,208476.0,294990.0,219197.0
2026-04-14 18:14:20.189025,833045,1609507953772143,5553742051,0.482144,0.843264,0.2928,-29.015,-31.036251,-76.76375,-34.232002,9.256001,13.648001,none,4,7.0,118137.0,297574.0,208476.0,294990.0,219197.0
2026-04-14 18:14:20.191309,833046,1609507953786662,5553756976,0.482144,0.843264,0.2928,-34.125,-31.43875,-69.93,-34.232002,9.256001,13.648001,none,4,7.0,118137.0,297574.0,208476.0,294990.0,219197.0
2026-04-14 18:14:20.194239,833047,1609507953795782,5553765739,0.597312,0.77104,0.46848,-53.4625,-33.39875,-64.1375,-34.328003,8.824,13.752001,none,4,7.0,118137.0,297574.0,208476.0,294990.0,219197.0
2026-04-14 18:14:20.196738,833048,1609507953804856,5553774518,0.597312,0.77104,0.46848,-69.4225,-32.76,-59.99,-34.328003,8.824,13.752001,none,4,7.0,118137.0,297574.0,208476.0,294990.0,219197.0
2026-04-14 18:14:20.198781,833049,1609507953819435,5553789444,0.538752,0.745664,0.308416,-69.02875,-29.1725,-59.57875,-35.048,8.872001,12.912001,none,4,7.0,118137.0,297574.0,208476.0,294990.0,219197.0
2026-04-14 18:14:20.229276,833060,1609507953828880,5553798513,0.554368,0.730048,0.50752,-61.73125,-25.3225,-60.655,-35.344,8.408,11.144,none,4,7.0,106499.0,289084.0,193483.0,288024.0,204085.0
2026-04-14 18:14:20.234264,833061,1609507953843446,5553813466,0.554368,0.730048,0.50752,-60.05125,-22.05875,-59.54375,-35.344,8.408,11.144,none,4,7.0,106499.0,289084.0,193483.0,288024.0,204085.0
2026-04-14 18:14:20.236776,833062,1609507953852458,5553822273,0.632448,0.679296,0.548512,-63.21,-19.5125,-56.55125,-34.936,8.064,10.976001,none,4,7.0,106499.0,289084.0,193483.0,288024.0,204085.0
2026-04-14 18:14:20.241393,833063,1609507953861386,5553830967,0.632448,0.679296,0.548512,-63.27125,-17.50875,-56.84875,-34.936,8.064,10.976001,none,4,7.0,106499.0,289084.0,193483.0,288024.0,204085.0
2026-04-14 18:14:20.275479,833064,1609507953875983,5553845869,0.626592,0.747616,0.57584,-57.53125,-14.542501,-59.03625,-34.760002,7.632,10.76,none,4,7.0,106499.0,289084.0,193483.0,288024.0,204085.0
2026-04-14 18:14:20.277999,833065,1609507953884939,5553854577,0.626592,0.747616,0.57584,-51.73875,-10.63125,-64.02375,-34.760002,7.632,10.76,none,4,7.0,106499.0,289084.0,193483.0,288024.0,204085.0
2026-04-14 18:14:20.280501,833066,1609507953899400,5553869456,0.597312,0.612928,0.560224,-48.06375,-7.8225,-68.6875,-36.232002,7.768001,12.568001,none,4,7.0,106499.0,289084.0,193483.0,288024.0,204085.0
2026-04-14 18:14:20.285085,833067,1609507953908412,5553878163,0.503616,0.571936,0.40992,-42.21,-4.99625,-72.590004,-36.232002,7.768001,10.52,none,4,7.0,106499.0,289084.0,193483.0,288024.0,204085.0
2026-04-14 18:14:20.294261,833068,1609507953917359,5553886855,0.505568,0.571936,0.40992,-32.69875,-3.45625,-74.87375,-37.184002,7.024,11.472,none,4,7.0,106499.0,289084.0,193483.0,288024.0,204085.0
2026-04-14 18:14:20.329275,833079,1609507953932208,5553901966,0.493856,0.646112,0.540704,-21.245,-2.905,-75.985,-36.600002,5.616,10.576,none,4,7.0,84841.0,279170.0,166346.0,280475.0,177021.0
2026-04-14 18:14:20.335180,833080,1609507953941274,5553910706,0.493856,0.646112,0.540704,-13.86875,-1.295,-75.18,-36.600002,5.616,10.576,none,4,7.0,84841.0,279170.0,166346.0,280475.0,177021.0
2026-04-14 18:14:20.335519,833081,1609507953955910,5553925724,0.40992,0.609024,0.372832,-12.48625,0.25375,-71.155,-36.272003,5.32,10.568001,none,4,7.0,84841.0,279170.0,166346.0,280475.0,177021.0
2026-04-14 18:14:20.341266,833082,1609507953964957,5553934468,0.40992,0.609024,0.372832,-14.735,1.18125,-65.51125,-36.272003,5.32,10.568001,none,4,7.0,84841.0,279170.0,166346.0,280475.0,177021.0
2026-04-14 18:14:20.349108,833083,1609507953973926,5553943163,0.40016,0.75152,0.679296,-12.495,1.015,-63.035,-36.088,4.776,10.744,none,4,7.0,84841.0,279170.0,166346.0,280475.0,177021.0
2026-04-14 18:14:20.365512,833084,1609507953988436,5553958065,0.40016,0.75152,0.523136,-8.86375,0.28875,-64.58375,-36.088,4.776,10.744,none,4,7.0,84841.0,279170.0,166346.0,280475.0,177021.0
2026-04-14 18:14:20.375491,833085,1609507953997355,5553966740,0.333792,0.69296,0.525088,-5.285,0.95375,-64.435,-36.456,4.512,11.768001,none,4,7.0,84841.0,279170.0,166346.0,280475.0,177021.0
2026-04-14 18:14:20.387816,833086,1609507954011897,5553981799,0.333792,0.650016,0.568032,1.6975,0.2275,-63.35875,-37.288002,3.72,11.176001,none,4,7.0,84841.0,279170.0,166346.0,280475.0,177021.0
2026-04-14 18:14:20.399278,833087,1609507954020857,5553990492,0.333792,0.650016,0.568032,11.025,-0.58625,-63.0,-37.288002,3.72,11.176001,none,4,7.0,84841.0,279170.0,166346.0,280475.0,177021.0
2026-04-14 18:14:20.429941,833098,1609507954035448,5554003836,0.271328,0.788608,0.51728,17.78,-0.23625,-60.24375,-37.664,3.096,11.8,none,4,7.0,112254.0,303142.0,200384.0,299005.0,211699.0
2026-04-14 18:14:20.434751,833099,1609507954044837,5554014599,0.271328,0.788608,0.51728,17.7275,0.9625,-57.12875,-37.664,3.096,11.8,none,4,7.0,112254.0,303142.0,200384.0,299005.0,211699.0
2026-04-14 18:14:20.434858,833100,1609507954053832,5554023306,0.26352,0.61488,0.443104,16.6775,2.59,-54.8625,-37.096,2.072,10.76,none,4,7.0,112254.0,303142.0,200384.0,299005.0,211699.0
2026-04-14 18:14:20.446683,833101,1609507954068423,5554038212,0.26352,0.61488,0.443104,23.17,3.115,-51.9925,-37.096,2.072,10.76,none,4,7.0,112254.0,303142.0,200384.0,299005.0,211699.0
2026-04-14 18:14:20.471350,833102,1609507954077483,5554046916,0.216672,0.767136,0.560224,31.885,3.33375,-48.88625,-37.2,1.512,11.664001,none,4,7.0,112254.0,303142.0,200384.0,299005.0,211699.0
2026-04-14 18:14:20.496791,833103,1609507954092000,5554061909,0.160064,0.782752,0.382592,33.27625,6.22125,-45.9375,-38.248,1.56,13.144001,none,4,7.0,112254.0,303142.0,200384.0,299005.0,211699.0
2026-04-14 18:14:20.503812,833104,1609507954100919,5554070659,0.160064,0.782752,0.382592,30.2225,11.85625,-43.30375,-38.248,1.56,13.144001,none,4,7.0,112254.0,303142.0,200384.0,299005.0,211699.0
2026-04-14 18:14:20.506753,833105,1609507954109830,5554079338,0.189344,0.747616,0.456768,28.735,16.87875,-43.4175,-38.248,1.56,12.496,none,4,7.0,112254.0,303142.0,200384.0,299005.0,211699.0
2026-04-14 18:14:20.508804,833106,1609507954124334,5554094243,0.189344,0.747616,0.456768,28.4025,17.70125,-44.9575,-38.984,1.32,12.496,none,4,7.0,112254.0,303142.0,200384.0,299005.0,211699.0
2026-04-14 18:14:20.536660,833117,1609507954133491,5554103051,0.158112,0.763232,0.542656,29.12875,17.5,-46.795002,-38.048,-0.008,12.696001,none,4,7.0,127187.0,313826.0,216862.0,306121.0,227511.0
2026-04-14 18:14:20.538837,833118,1609507954148095,5554118083,0.158112,0.763232,0.542656,25.147501,17.4825,-48.81625,-38.048,-0.008,12.696001,none,4,7.0,127187.0,313826.0,216862.0,306121.0,227511.0
2026-04-14 18:14:20.541121,833119,1609507954157092,5554126895,0.081984,0.755424,0.415776,21.62125,19.495,-48.107502,-38.104,-0.712,12.304001,none,4,7.0,127187.0,313826.0,216862.0,306121.0,227511.0
2026-04-14 18:14:20.548772,833120,1609507954171600,5554141816,0.070272,0.714432,0.44896,25.24375,24.745,-46.375,-37.856003,-0.808,9.752001,none,4,7.0,127187.0,313826.0,216862.0,306121.0,227511.0
2026-04-14 18:14:20.557623,833121,1609507954180536,5554150497,0.070272,0.714432,0.44896,25.90875,29.63625,-43.44375,-37.856003,-0.808,9.752001,none,4,7.0,127187.0,313826.0,216862.0,306121.0,227511.0
2026-04-14 18:14:20.565140,833122,1609507954189479,5554159198,0.070272,0.714432,0.44896,27.265,30.52,-43.30375,-37.856003,-0.808,9.752001,none,4,7.0,127187.0,313826.0,216862.0,306121.0,227511.0
2026-04-14 18:14:20.580243,833123,1609507954203971,5554174147,0.05856,0.782752,0.530944,31.675,29.942501,-44.87,-37.08,-1.792,10.912001,none,4,7.0,127187.0,313826.0,216862.0,306121.0,227511.0
2026-04-14 18:14:20.591446,833124,1609507954213013,5554182879,0.025376,0.83936,0.349408,33.005,29.295,-45.50875,-37.576,-2.272,14.176001,none,4,7.0,127187.0,313826.0,216862.0,306121.0,227511.0
2026-04-14 18:14:20.605187,833125,1609507954227511,5554197752,0.025376,0.83936,0.349408,37.3625,30.7125,-45.59625,-37.576,-2.272,14.176001,none,4,7.0,127187.0,313826.0,216862.0,306121.0,227511.0
2026-04-14 18:14:20.632500,833136,1609507954236720,5554206578,0.005856,0.75152,0.271328,33.2675,32.55,-46.138752,-36.440002,-3.104,12.784,none,4,7.0,134603.0,315540.0,225003.0,306167.0,235676.0
2026-04-14 18:14:20.636800,833137,1609507954245838,5554215358,0.005856,0.75152,0.271328,24.68375,34.125,-43.79375,-36.440002,-3.104,12.784,none,4,7.0,134603.0,315540.0,225003.0,306167.0,235676.0
2026-04-14 18:14:20.638174,833138,1609507954260373,5554230305,-0.093696,0.886208,0.366976,20.3,34.405,-42.18375,-37.336002,-3.416,14.52,none,4,7.0,134603.0,315540.0,225003.0,306167.0,235676.0
2026-04-14 18:14:20.645115,833139,1609507954269311,5554239005,-0.093696,0.886208,0.366976,18.375,32.0425,-42.72625,-37.336002,-3.416,14.52,none,4,7.0,134603.0,315540.0,225003.0,306167.0,235676.0
2026-04-14 18:14:20.661378,833140,1609507954283819,5554253886,-0.11712,0.886208,0.318176,16.03875,29.86375,-44.7125,-36.376003,-4.208,13.904,none,4,7.0,134603.0,315540.0,225003.0,306167.0,235676.0
2026-04-14 18:14:20.668862,833141,1609507954292747,5554262615,-0.085888,0.813984,0.447008,19.15375,29.16375,-44.345,-37.128002,-4.976,13.216001,none,4,7.0,134603.0,315540.0,225003.0,306167.0,235676.0
2026-04-14 18:14:20.685267,833142,1609507954307296,5554277514,-0.085888,0.813984,0.447008,25.5325,30.23125,-40.5825,-37.128002,-4.976,13.216001,none,4,7.0,134603.0,315540.0,225003.0,306167.0,235676.0
2026-04-14 18:14:20.692724,833143,1609507954316220,5554286202,-0.072224,0.804224,0.345504,27.7025,31.33375,-34.5275,-35.784,-5.16,13.952001,none,4,7.0,134603.0,315540.0,225003.0,306167.0,235676.0
2026-04-14 18:14:20.703904,833144,1609507954325155,5554294874,-0.072224,0.804224,0.345504,26.985,30.6425,-30.87,-35.784,-5.16,13.952001,none,4,7.0,134603.0,315540.0,225003.0,306167.0,235676.0
2026-04-14 18:14:20.731165,833155,1609507954339792,5554309892,-0.080032,1.032608,0.630496,26.03125,28.81375,-28.5075,-36.024002,-6.032,14.096001,none,4,7.0,145590.0,320445.0,237319.0,310105.0,247104.0
2026-04-14 18:14:20.733868,833156,1609507954348719,5554318667,-0.080032,1.032608,0.630496,24.955,27.32625,-27.93875,-36.024002,-6.032,14.096001,none,4,7.0,145590.0,320445.0,237319.0,310105.0,247104.0
2026-04-14 18:14:20.740168,833157,1609507954363242,5554333588,-0.103456,0.860832,0.310368,23.1875,24.98125,-29.04125,-36.128002,-6.816001,15.088,none,4,7.0,145590.0,320445.0,237319.0,310105.0,247104.0
2026-04-14 18:14:20.748864,833158,1609507954372215,5554342311,-0.042944,0.954528,0.363072,27.3875,20.4575,-28.210001,-36.976,-6.752,13.904,none,4,7.0,145590.0,320445.0,237319.0,310105.0,247104.0
2026-04-14 18:14:20.761465,833159,1609507954386840,5554355203,-0.042944,0.954528,0.363072,25.94375,15.0325,-27.3875,-36.976,-6.752,13.904,none,4,7.0,145590.0,320445.0,237319.0,310105.0,247104.0
2026-04-14 18:14:20.772707,833160,1609507954396215,5554365960,-0.00976,0.94672,0.589504,14.72625,12.04875,-22.75875,-36.728,-7.032001,15.64,none,4,7.0,145590.0,320445.0,237319.0,310105.0,247104.0
2026-04-14 18:14:20.783000,833161,1609507954405282,5554374640,-0.00976,0.94672,0.589504,14.315001,13.64125,-19.04875,-36.728,-7.032001,15.64,none,4,7.0,145590.0,320445.0,237319.0,310105.0,247104.0
2026-04-14 18:14:20.795530,833162,1609507954419792,5554389591,-0.099552,1.018944,0.191296,22.23375,15.02375,-17.85,-36.08,-7.664001,14.936001,none,4,7.0,145590.0,320445.0,237319.0,310105.0,247104.0
2026-04-14 18:14:20.805218,833163,1609507954428793,5554398289,-0.099552,1.018944,0.191296,26.11875,13.30875,-19.3725,-36.08,-7.664001,14.936001,none,4,7.0,145590.0,320445.0,237319.0,310105.0,247104.0
2026-04-14 18:14:20.880274,833174,1609507954443385,5554413245,-0.052704,0.923296,0.35136,24.99875,8.6275,-21.428751,-36.152,-7.8,14.904,none,4,7.0,143360.0,319106.0,233625.0,308063.0,243419.0
2026-04-14 18:14:20.883029,833175,1609507954452362,5554421962,-0.0976,0.960384,0.368928,22.93375,3.745,-18.5675,-36.152,-7.776001,15.328001,none,4,7.0,143360.0,319106.0,233625.0,308063.0,243419.0
2026-04-14 18:14:20.885535,833176,1609507954461302,5554430701,-0.0976,0.960384,0.368928,21.875,6.3875,-10.6225,-35.928,-7.776001,15.328001,none,4,7.0,143360.0,319106.0,233625.0,308063.0,243419.0
2026-04-14 18:14:20.916365,833177,1609507954475799,5554445597,-0.074176,1.057984,0.181536,23.5375,13.4925,-1.3825,-35.640003,-8.0,14.864,none,4,7.0,143360.0,319106.0,233625.0,308063.0,243419.0
2026-04-14 18:14:20.917326,833178,1609507954484753,5554454293,-0.074176,1.057984,0.181536,19.775,19.460001,0.21,-35.640003,-8.0,14.864,none,4,7.0,143360.0,319106.0,233625.0,308063.0,243419.0
2026-04-14 18:14:20.920383,833179,1609507954499259,5554469246,-0.121024,1.020896,0.33184,13.965,21.6825,-3.47375,-35.784,-8.112,15.008,none,4,7.0,143360.0,319106.0,233625.0,308063.0,243419.0
2026-04-14 18:14:20.922446,833180,1609507954508312,5554478115,-0.121024,1.020896,0.33184,10.3075,23.54625,-6.69375,-35.784,-8.112,15.008,none,4,7.0,143360.0,319106.0,233625.0,308063.0,243419.0
2026-04-14 18:14:20.925030,833181,1609507954517402,5554486854,-0.062464,0.950624,0.466528,10.9025,26.5475,-5.5475,-35.616,-8.456,15.832001,none,4,7.0,143360.0,319106.0,233625.0,308063.0,243419.0
2026-04-14 18:14:20.953030,833192,1609507954531894,5554502257,-0.062464,0.950624,0.466528,14.971251,30.66,-3.19375,-35.616,-8.456,15.832001,none,4,7.0,142639.0,315679.0,232123.0,303869.0,242604.0
2026-04-14 18:14:20.955234,833193,1609507954540902,5554510945,-0.062464,0.997472,0.46848,15.60125,33.15375,-0.91875,-35.536003,-8.528001,15.544001,none,4,7.0,142639.0,315679.0,232123.0,303869.0,242604.0
2026-04-14 18:14:20.958022,833194,1609507954555391,5554523835,-0.152256,1.030656,0.365024,14.60375,34.055,-2.415,-35.88,-8.72,16.832,none,4,7.0,142639.0,315679.0,232123.0,303869.0,242604.0
2026-04-14 18:14:20.960518,833195,1609507954565027,5554534722,-0.152256,1.030656,0.365024,20.8075,31.605,-4.64625,-35.88,-8.72,16.832,none,4,7.0,142639.0,315679.0,232123.0,303869.0,242604.0
2026-04-14 18:14:20.963019,833196,1609507954574041,5554543481,-0.173728,0.997472,0.296704,26.075,30.0125,-5.10125,-36.16,-8.088,17.008001,none,4,7.0,142639.0,315679.0,232123.0,303869.0,242604.0
2026-04-14 18:14:20.965204,833197,1609507954588589,5554558400,-0.173728,0.997472,0.296704,21.2625,28.32375,-2.16125,-36.16,-8.088,17.008001,none,4,7.0,142639.0,315679.0,232123.0,303869.0,242604.0
2026-04-14 18:14:20.973927,833198,1609507954597636,5554567088,-0.0976,1.0248,0.501664,17.19375,29.6625,1.75,-36.664,-8.72,17.808,none,4,7.0,142639.0,315679.0,232123.0,303869.0,242604.0
2026-04-14 18:14:20.987881,833199,1609507954612138,5554582014,-0.0976,1.0248,0.501664,16.45875,33.52125,4.4275,-36.664,-8.72,17.808,none,4,7.0,142639.0,315679.0,232123.0,303869.0,242604.0
2026-04-14 18:14:20.996805,833200,1609507954621065,5554590731,-0.122976,1.020896,0.378688,11.025,36.19875,2.345,-35.04,-8.448,17.144001,none,4,7.0,142639.0,315679.0,232123.0,303869.0,242604.0
2026-04-14 18:14:21.034255,833211,1609507954636161,5554605777,-0.154208,1.036512,0.398208,6.895,34.755,-1.54,-35.032,-8.912001,17.568,none,4,7.0,154271.0,314882.0,245191.0,302469.0,255160.0
2026-04-14 18:14:21.036760,833212,1609507954645324,5554614607,-0.154208,1.036512,0.398208,9.09125,32.17375,-2.65125,-35.032,-8.912001,17.568,none,4,7.0,154271.0,314882.0,245191.0,302469.0,255160.0
2026-04-14 18:14:21.038770,833213,1609507954654385,5554623351,-0.134688,0.958432,0.374784,6.37,30.45875,-0.63,-34.864002,-8.872001,17.880001,none,4,7.0,154271.0,314882.0,245191.0,302469.0,255160.0
2026-04-14 18:14:21.045529,833214,1609507954669079,5554638241,-0.134688,0.958432,0.374784,0.91,30.66,2.84375,-34.864002,-8.872001,17.880001,none,4,7.0,154271.0,314882.0,245191.0,302469.0,255160.0
2026-04-14 18:14:21.054229,833215,1609507954678227,5554646932,-0.144448,1.036512,0.454816,0.32375,30.9925,5.41625,-35.232002,-8.752001,17.584002,none,4,7.0,154271.0,314882.0,245191.0,302469.0,255160.0
2026-04-14 18:14:21.064234,833216,1609507954687568,5554657792,-0.144448,1.036512,0.454816,-0.39375,33.20625,6.53625,-35.232002,-8.752001,17.584002,none,4,7.0,154271.0,314882.0,245191.0,302469.0,255160.0
2026-04-14 18:14:21.076759,833217,1609507954702091,5554670642,-0.148352,1.089216,0.365024,-1.505,35.90125,6.64125,-34.832,-8.664001,17.76,none,4,7.0,154271.0,314882.0,245191.0,302469.0,255160.0
2026-04-14 18:14:21.087613,833218,1609507954711546,5554681468,-0.148352,1.089216,0.365024,0.48125,34.125,1.715,-34.832,-8.664001,17.76,none,4,7.0,154271.0,314882.0,245191.0,302469.0,255160.0
2026-04-14 18:14:21.104778,833219,1609507954726054,5554696386,-0.163968,1.0248,0.304512,6.13375,27.44875,-4.55875,-34.824,-8.64,17.880001,none,4,7.0,154271.0,314882.0,245191.0,302469.0,255160.0
2026-04-14 18:14:21.135193,833230,1609507954735152,5554703556,-0.177632,0.952576,0.189344,6.16,19.4075,-6.685,-34.88,-8.688001,18.416,none,4,7.0,157035.0,314090.0,247836.0,301265.0,257354.0
2026-04-14 18:14:21.137825,833231,1609507954744476,5554714377,-0.177632,0.952576,0.189344,6.3175,13.51875,-4.94375,-34.88,-8.688001,18.416,none,4,7.0,157035.0,314090.0,247836.0,301265.0,257354.0
2026-04-14 18:14:21.140436,833232,1609507954759181,5554729435,-0.056608,1.020896,0.474336,6.3175,12.15375,-0.35875,-35.512,-8.368,18.872002,none,4,7.0,157035.0,314090.0,247836.0,301265.0,257354.0
2026-04-14 18:14:21.144294,833233,1609507954768234,5554738187,-0.056608,1.020896,0.474336,6.895,15.05875,4.375,-35.512,-8.368,18.872002,none,4,7.0,157035.0,314090.0,247836.0,301265.0,257354.0
2026-04-14 18:14:21.159239,833234,1609507954782729,5554751143,-0.177632,1.061888,0.22448,11.31375,18.62,1.6275,-35.608,-8.336,19.208,none,4,7.0,157035.0,314090.0,247836.0,301265.0,257354.0
2026-04-14 18:14:21.170597,833235,1609507954792054,5554761913,-0.177632,1.061888,0.22448,21.32375,20.65,-5.76625,-35.608,-8.336,19.208,none,4,7.0,157035.0,314090.0,247836.0,301265.0,257354.0
2026-04-14 18:14:21.179459,833236,1609507954800973,5554770611,-0.222528,1.0248,0.218624,24.70125,20.1425,-10.99,-34.896,-9.408,18.696001,none,4,7.0,157035.0,314090.0,247836.0,301265.0,257354.0
2026-04-14 18:14:21.206792,833237,1609507954815515,5554785529,-0.169824,1.003328,0.284992,21.0,17.75375,-11.515,-34.632,-9.176001,19.080002,none,4,7.0,157035.0,314090.0,247836.0,301265.0,257354.0
2026-04-14 18:14:21.234155,833238,1609507954824507,5554794234,-0.169824,1.003328,0.284992,18.05125,16.975,-8.35625,-34.632,-9.176001,19.080002,none,4,7.0,157035.0,314090.0,247836.0,301265.0,257354.0
2026-04-14 18:14:21.273010,833249,1609507954839148,5554809175,-0.226432,1.134112,0.203008,16.0475,20.81625,-4.06875,-35.528,-8.872001,20.480001,none,4,7.0,148273.0,308721.0,237002.0,295689.0,247176.0
2026-04-14 18:14:21.273703,833250,1609507954848116,5554817920,-0.226432,1.134112,0.203008,15.9075,26.03125,-1.54,-35.528,-8.872001,20.480001,none,4,7.0,148273.0,308721.0,237002.0,295689.0,247176.0
2026-04-14 18:14:21.276614,833251,1609507954857051,5554826627,-0.228384,1.124352,0.353312,18.0775,27.3875,-4.43625,-36.136,-9.192,20.52,none,4,7.0,148273.0,308721.0,237002.0,295689.0,247176.0
2026-04-14 18:14:21.279542,833252,1609507954871611,5554841558,-0.228384,1.124352,0.353312,18.54125,24.9025,-9.10875,-36.136,-9.192,20.52,none,4,7.0,148273.0,308721.0,237002.0,295689.0,247176.0
2026-04-14 18:14:21.281084,833253,1609507954880661,5554850264,-0.210816,1.042368,0.189344,16.89625,21.93625,-10.185,-35.896,-9.504001,19.928001,none,4,7.0,148273.0,308721.0,237002.0,295689.0,247176.0
2026-04-14 18:14:21.284121,833254,1609507954895184,5554865318,-0.163968,1.052128,0.17568,15.23375,19.88875,-8.3475,-35.896,-9.496,21.584002,none,4,7.0,148273.0,308721.0,237002.0,295689.0,247176.0
2026-04-14 18:14:21.286564,833255,1609507954904145,5554874040,-0.163968,1.052128,0.17568,4.19125,21.245,-1.05875,-35.024002,-9.496,21.584002,none,4,7.0,148273.0,308721.0,237002.0,295689.0,247176.0
2026-04-14 18:14:21.295415,833256,1609507954918742,5554888947,-0.179584,1.188768,0.423584,-3.255,23.93125,3.70125,-34.928,-9.200001,20.232,none,4,7.0,148273.0,308721.0,237002.0,295689.0,247176.0
2026-04-14 18:14:21.305060,833257,1609507954927847,5554897645,-0.179584,1.188768,0.423584,3.885,23.17,1.04125,-34.928,-9.200001,20.232,none,4,7.0,148273.0,308721.0,237002.0,295689.0,247176.0
2026-04-14 18:14:21.332604,833268,1609507954937462,5554906698,-0.119072,1.007232,0.121024,9.38,18.27,-6.57125,-34.456,-9.792001,20.016,none,4,7.0,150719.0,306488.0,239611.0,293341.0,249615.0
2026-04-14 18:14:21.335179,833269,1609507954952113,5554921801,-0.119072,1.007232,0.121024,5.1625,10.52625,-11.94375,-34.456,-9.792001,20.016,none,4,7.0,150719.0,306488.0,239611.0,293341.0,249615.0
2026-04-14 18:14:21.340520,833270,1609507954961076,5554930523,-0.064416,0.929152,0.476288,4.4275,3.85,-11.935,-35.152,-9.56,20.336,none,4,7.0,150719.0,306488.0,239611.0,293341.0,249615.0
2026-04-14 18:14:21.347835,833271,1609507954970183,5554939204,-0.064416,0.929152,0.476288,2.66875,4.82125,-2.73,-35.152,-9.56,20.336,none,4,7.0,150719.0,306488.0,239611.0,293341.0,249615.0
2026-04-14 18:14:21.360531,833272,1609507954984668,5554954227,-0.132736,1.075552,0.308416,1.47875,10.14125,4.82125,-34.288002,-9.976001,19.128,none,4,7.0,150719.0,306488.0,239611.0,293341.0,249615.0
2026-04-14 18:14:21.372739,833273,1609507954993607,5554962942,-0.132736,1.075552,0.308416,7.62125,12.1625,2.14375,-34.288002,-9.976001,19.128,none,4,7.0,150719.0,306488.0,239611.0,293341.0,249615.0
2026-04-14 18:14:21.386629,833274,1609507955008099,5554977870,-0.0976,1.03456,0.2928,11.515,9.9575,-3.2375,-34.16,-10.496,16.824001,none,4,7.0,150719.0,306488.0,239611.0,293341.0,249615.0
2026-04-14 18:14:21.394177,833275,1609507955017065,5554986560,-0.035136,0.94672,0.4392,9.38,4.76875,-7.37625,-34.272003,-10.312,19.400002,none,4,7.0,150719.0,306488.0,239611.0,293341.0,249615.0
2026-04-14 18:14:21.409273,833276,1609507955031784,5555001503,-0.035136,0.94672,0.4392,6.4575,1.47875,-7.0875,-34.272003,-10.312,19.400002,none,4,7.0,150719.0,306488.0,239611.0,293341.0,249615.0
2026-04-14 18:14:21.436773,833287,1609507955040938,5555010334,-0.089792,1.022848,0.359168,3.9375,2.835,-1.645,-35.064003,-9.824,20.424002,none,4,7.0,154885.0,307133.0,244403.0,294076.0,254175.0
2026-04-14 18:14:21.439267,833288,1609507955049924,5555019112,-0.089792,1.022848,0.359168,4.90875,7.13125,2.9575,-35.064003,-9.824,20.424002,none,4,7.0,154885.0,307133.0,244403.0,294076.0,254175.0
2026-04-14 18:14:21.446731,833289,1609507955064385,5555034308,-0.154208,1.057984,0.150304,9.00375,9.5025,3.87625,-34.616,-10.272,19.032001,none,4,7.0,154885.0,307133.0,244403.0,294076.0,254175.0
2026-04-14 18:14:21.449284,833290,1609507955073328,5555043012,-0.154208,1.057984,0.150304,13.72875,9.02125,1.58375,-34.616,-10.272,19.032001,none,4,7.0,154885.0,307133.0,244403.0,294076.0,254175.0
2026-04-14 18:14:21.467303,833291,1609507955087827,5555058047,-0.169824,1.106784,0.296704,12.18875,6.81625,-1.5925,-34.192,-10.416,19.096,none,4,7.0,154885.0,307133.0,244403.0,294076.0,254175.0
2026-04-14 18:14:21.475382,833292,1609507955096878,5555066743,-0.138592,0.981856,0.173728,8.6275,4.2525,-4.3925,-35.208,-10.120001,20.224,none,4,7.0,154885.0,307133.0,244403.0,294076.0,254175.0
2026-04-14 18:14:21.488835,833293,1609507955111368,5555081624,-0.138592,0.981856,0.173728,4.48,3.01,-4.025,-35.208,-10.120001,20.224,none,4,7.0,154885.0,307133.0,244403.0,294076.0,254175.0
2026-04-14 18:14:21.496568,833294,1609507955120457,5555090407,-0.130784,1.057984,0.277184,-3.2375,3.40375,1.96875,-34.464,-10.040001,19.912,none,4,7.0,154885.0,307133.0,244403.0,294076.0,254175.0
2026-04-14 18:14:21.506700,833295,1609507955129500,5555099105,-0.130784,1.057984,0.277184,-6.1425,3.99,8.04125,-34.464,-10.040001,19.912,none,4,7.0,154885.0,307133.0,244403.0,294076.0,254175.0
2026-04-14 18:14:21.590495,833306,1609507955144290,5555114060,-0.11712,1.056032,0.226432,-6.76375,3.185,8.82875,-35.296,-9.976001,20.6,none,4,7.0,156072.0,308392.0,245791.0,295121.0,255312.0
2026-04-14 18:14:21.615183,833307,1609507955153278,5555122807,-0.11712,1.056032,0.226432,-3.2025,0.8575,4.03375,-35.296,-9.976001,20.6,none,4,7.0,156072.0,308392.0,245791.0,295121.0,255312.0
2026-04-14 18:14:21.620463,833308,1609507955167797,5555137721,-0.083936,0.993568,0.347456,2.4325,-2.96625,-1.89875,-35.464,-9.92,18.904001,none,4,7.0,156072.0,308392.0,245791.0,295121.0,255312.0
2026-04-14 18:14:21.622832,833309,1609507955176776,5555146428,-0.083936,0.94672,0.228384,0.30625,-5.4425,-3.08875,-35.464,-9.92,20.952002,none,4,7.0,156072.0,308392.0,245791.0,295121.0,255312.0
2026-04-14 18:14:21.625214,833310,1609507955185721,5555155108,-0.12688,0.94672,0.228384,-4.43625,-5.25,0.6125,-34.208,-10.184,21.800001,none,4,7.0,156072.0,308392.0,245791.0,295121.0,255312.0
2026-04-14 18:14:21.627993,833311,1609507955200239,5555170108,-0.124928,0.98576,0.142496,-7.2975,-2.905,5.20625,-34.416,-9.672001,19.032001,none,4,7.0,156072.0,308392.0,245791.0,295121.0,255312.0
2026-04-14 18:14:21.630532,833312,1609507955209176,5555178810,-0.124928,0.98576,0.142496,-11.03375,-0.48125,6.7025,-34.416,-9.672001,19.032001,none,4,7.0,156072.0,308392.0,245791.0,295121.0,255312.0
2026-04-14 18:14:21.632972,833313,1609507955223670,5555193705,-0.070272,0.952576,0.222528,-8.2775,0.875,4.305,-34.376003,-9.88,18.928001,none,4,7.0,156072.0,308392.0,245791.0,295121.0,255312.0
2026-04-14 18:14:21.635514,833314,1609507955232595,5555202391,-0.070272,0.952576,0.222528,0.21875,0.60375,-0.53375,-34.376003,-9.88,18.928001,none,4,7.0,156072.0,308392.0,245791.0,295121.0,255312.0
2026-04-14 18:14:21.665355,833325,1609507955247402,5555217281,-0.052704,0.960384,0.21472,8.96875,-2.5725,-5.7925,-34.68,-9.808001,18.904001,none,4,7.0,156918.0,308404.0,246764.0,295066.0,255970.0
2026-04-14 18:14:21.667727,833326,1609507955256358,5555225995,-0.052704,0.960384,0.21472,9.065,-5.3725,-8.1375,-34.68,-9.808001,18.904001,none,4,7.0,156918.0,308404.0,246764.0,295066.0,255970.0
2026-04-14 18:14:21.670397,833327,1609507955265365,5555234731,-0.142496,0.991616,0.222528,3.29875,-5.32875,-7.79625,-34.640003,-10.376,20.064001,none,4,7.0,156918.0,308404.0,246764.0,295066.0,255970.0
2026-04-14 18:14:21.672934,833328,1609507955280015,5555249694,-0.01952,0.915488,0.33184,1.02375,-2.485,-5.3025,-34.928,-10.344001,18.92,none,4,7.0,156918.0,308404.0,246764.0,295066.0,255970.0
2026-04-14 18:14:21.675338,833329,1609507955289137,5555258422,-0.01952,0.915488,0.33184,1.7675,1.49625,-2.5375,-34.928,-10.344001,18.92,none,4,7.0,156918.0,308404.0,246764.0,295066.0,255970.0
2026-04-14 18:14:21.680411,833330,1609507955303660,5555273401,-0.023424,1.059936,0.201056,7.04375,3.42125,-2.00375,-34.672,-10.200001,19.048,none,4,7.0,156918.0,308404.0,246764.0,295066.0,255970.0
2026-04-14 18:14:21.688832,833331,1609507955312595,5555282112,-0.023424,1.059936,0.201056,13.195,2.2925,-2.9575,-34.672,-10.200001,19.048,none,4,7.0,156918.0,308404.0,246764.0,295066.0,255970.0
2026-04-14 18:14:21.699286,833332,1609507955321683,5555290810,-0.203008,1.16144,0.167872,23.23125,-0.62125,-4.73375,-35.424,-10.344001,19.52,none,4,7.0,156918.0,308404.0,246764.0,295066.0,255970.0
2026-04-14 18:14:21.736448,833343,1609507955336405,5555305813,-0.203008,1.16144,0.167872,20.69375,-4.85625,-5.67,-35.424,-10.344001,19.52,none,4,7.0,158208.0,306313.0,248168.0,292956.0,257072.0
2026-04-14 18:14:21.738918,833344,1609507955345418,5555314555,-0.05856,0.866688,0.279136,8.95125,-4.2,-9.03875,-36.232002,-10.64,20.376001,none,4,7.0,158208.0,306313.0,248168.0,292956.0,257072.0
2026-04-14 18:14:21.743102,833345,1609507955359952,5555329554,-0.066368,0.892064,0.28304,20.44875,-2.24875,-9.17875,-35.712,-10.6,17.68,none,4,7.0,158208.0,306313.0,248168.0,292956.0,257072.0
2026-04-14 18:14:21.746355,833346,1609507955368875,5555338253,-0.066368,0.892064,0.28304,17.54375,-0.1575,-5.11875,-35.712,-10.6,17.68,none,4,7.0,158208.0,306313.0,248168.0,292956.0,257072.0
2026-04-14 18:14:21.754525,833347,1609507955377842,5555347010,-0.066368,0.892064,0.21472,4.64625,4.375,-2.2575,-35.712,-10.6,17.68,none,4,7.0,158208.0,306313.0,248168.0,292956.0,257072.0
2026-04-14 18:14:21.771321,833348,1609507955392354,5555361907,-0.103456,1.013088,0.21472,1.95125,7.49,1.6975,-35.064003,-10.888001,20.456001,none,4,7.0,158208.0,306313.0,248168.0,292956.0,257072.0
2026-04-14 18:14:21.777681,833349,1609507955401391,5555370616,-0.091744,1.098976,0.183488,6.09,6.69375,-1.65375,-35.952003,-10.472,20.184,none,4,7.0,158208.0,306313.0,248168.0,292956.0,257072.0
2026-04-14 18:14:21.793941,833350,1609507955415896,5555385505,-0.091744,1.098976,0.183488,9.02125,5.13625,-5.53,-35.952003,-10.472,20.184,none,4,7.0,158208.0,306313.0,248168.0,292956.0,257072.0
2026-04-14 18:14:21.800274,833351,1609507955424858,5555394224,-0.171776,0.981856,0.304512,18.89125,1.98625,-5.83625,-35.104,-11.024,18.424002,none,4,7.0,158208.0,306313.0,248168.0,292956.0,257072.0
2026-04-14 18:14:21.836958,833362,1609507955440125,5555409458,-0.128832,1.009184,0.259616,7.46375,0.8575,-7.97125,-35.52,-11.152,18.608002,none,4,7.0,157510.0,303526.0,247560.0,290458.0,256671.0
2026-04-14 18:14:21.838740,833363,1609507955449129,5555418283,-0.128832,1.009184,0.259616,7.315,3.8675,-8.225,-35.52,-11.152,18.608002,none,4,7.0,157510.0,303526.0,247560.0,290458.0,256671.0
2026-04-14 18:14:21.841268,833364,1609507955458110,5555427005,-0.128832,1.009184,0.259616,20.0025,5.95875,-3.92,-35.52,-11.152,18.608002,none,4,7.0,157510.0,303526.0,247560.0,290458.0,256671.0
2026-04-14 18:14:21.849378,833365,1609507955472748,5555441910,-0.177632,1.067744,0.20496,15.51375,7.44625,-2.835,-35.136,-11.672001,18.432001,none,4,7.0,157510.0,303526.0,247560.0,290458.0,256671.0
2026-04-14 18:14:21.858714,833366,1609507955481837,5555450610,-0.093696,1.03456,0.189344,2.3625,6.8075,-6.755,-35.088,-11.504001,18.12,none,4,7.0,157510.0,303526.0,247560.0,290458.0,256671.0
2026-04-14 18:14:21.865081,833367,1609507955491171,5555459536,-0.093696,1.03456,0.189344,12.0575,3.52625,-9.8175,-35.088,-11.504001,18.12,none,4,7.0,157510.0,303526.0,247560.0,290458.0,256671.0
2026-04-14 18:14:21.881298,833368,1609507955505940,5555474489,-0.124928,0.96624,0.119072,19.31125,1.02375,-13.475,-34.760002,-11.664001,19.04,none,4,7.0,157510.0,303526.0,247560.0,290458.0,256671.0
2026-04-14 18:14:21.892717,833369,1609507955515575,5555485236,-0.124928,0.96624,0.119072,14.35875,1.12,-16.44125,-34.760002,-11.664001,19.04,none,4,7.0,157510.0,303526.0,247560.0,290458.0,256671.0
2026-04-14 18:14:21.906490,833370,1609507955530263,5555500294,-0.101504,1.018944,0.337696,10.77125,3.2375,-16.93125,-35.728,-11.688001,18.928001,none,4,7.0,157510.0,303526.0,247560.0,290458.0,256671.0
2026-04-14 18:14:22.008974,833381,1609507955539620,5555509045,-0.11712,1.040416,0.187392,11.41,6.9475,-15.53125,-35.728,-12.144001,16.432001,none,4,7.0,154746.0,302610.0,244853.0,289889.0,254339.0
2026-04-14 18:14:22.011511,833382,1609507955548660,5555517842,-0.11712,1.040416,0.187392,12.29375,10.01,-17.99,-35.288002,-12.144001,16.432001,none,4,7.0,154746.0,302610.0,244853.0,289889.0,254339.0
2026-04-14 18:14:22.014007,833383,1609507955563359,5555532807,-0.134688,0.911584,0.070272,9.5025,11.655,-19.81,-35.600002,-12.408001,19.36,none,4,7.0,154746.0,302610.0,244853.0,289889.0,254339.0
2026-04-14 18:14:22.016475,833384,1609507955572317,5555541533,-0.134688,0.911584,0.070272,6.0375,9.47625,-23.31875,-35.600002,-12.408001,19.36,none,4,7.0,154746.0,302610.0,244853.0,289889.0,254339.0
2026-04-14 18:14:22.018881,833385,1609507955581350,5555550256,-0.072224,0.882304,0.113216,9.1875,7.77,-26.0925,-35.032,-12.592001,20.448002,none,4,7.0,154746.0,302610.0,244853.0,289889.0,254339.0
2026-04-14 18:14:22.024532,833386,1609507955595823,5555565125,-0.072224,0.882304,0.113216,12.3725,8.6625,-26.5475,-35.032,-12.592001,20.448002,none,4,7.0,154746.0,302610.0,244853.0,289889.0,254339.0
2026-04-14 18:14:22.025060,833387,1609507955604771,5555573873,-0.25376,1.16144,0.407968,11.095,10.92875,-28.44625,-35.728,-13.008,20.288,none,4,7.0,154746.0,302610.0,244853.0,289889.0,254339.0
2026-04-14 18:14:22.026178,833388,1609507955619231,5555588808,-0.25376,1.16144,0.033184,20.4925,14.035,-31.4475,-35.728,-13.008,20.288,none,4,7.0,154746.0,302610.0,244853.0,289889.0,254339.0
2026-04-14 18:14:22.031902,833389,1609507955628196,5555597511,-0.160064,1.007232,0.040992,19.565,15.7325,-36.88125,-35.576,-13.664001,20.744001,none,4,7.0,154746.0,302610.0,244853.0,289889.0,254339.0
2026-04-14 18:14:22.056360,833400,1609507955642867,5555612663,-0.171776,0.80032,0.044896,7.49,15.58375,-37.5375,-34.936,-14.176001,19.52,none,4,7.0,158240.0,305454.0,249925.0,293342.0,259107.0
2026-04-14 18:14:22.058785,833401,1609507955651875,5555621444,-0.171776,0.80032,0.044896,6.23875,12.83625,-36.645,-34.936,-14.176001,19.52,none,4,7.0,158240.0,305454.0,249925.0,293342.0,259107.0
2026-04-14 18:14:22.061383,833402,1609507955660933,5555630192,-0.267424,0.942816,0.119072,12.573751,9.065,-33.888752,-34.456,-14.72,20.104,none,4,7.0,158240.0,305454.0,249925.0,293342.0,259107.0
2026-04-14 18:14:22.063868,833403,1609507955675486,5555645122,-0.267424,0.942816,0.119072,8.39125,8.1375,-35.25375,-34.456,-14.72,20.104,none,4,7.0,158240.0,305454.0,249925.0,293342.0,259107.0
2026-04-14 18:14:22.066396,833404,1609507955684432,5555653817,-0.25376,1.225856,0.257664,9.52,9.5025,-36.54,-34.536003,-14.952001,19.672,none,4,7.0,158240.0,305454.0,249925.0,293342.0,259107.0
2026-04-14 18:14:22.075201,833405,1609507955698959,5555668805,-0.25376,1.225856,0.257664,15.2775,12.705,-38.77125,-34.536003,-14.952001,19.672,none,4,7.0,158240.0,305454.0,249925.0,293342.0,259107.0
2026-04-14 18:14:22.083830,833406,1609507955707904,5555677505,-0.320128,1.996896,0.493856,37.21375,9.1,-32.27,-34.16,-15.704,17.480001,none,4,7.0,158240.0,305454.0,249925.0,293342.0,259107.0
2026-04-14 18:14:22.098992,833407,1609507955722521,5555692403,0.070272,-0.076128,0.021472,56.72625,-3.745,-4.3925,-34.256,-15.272,17.736,none,4,7.0,158240.0,305454.0,249925.0,293342.0,259107.0
2026-04-14 18:14:22.107737,833408,1609507955731705,5555701134,0.070272,-0.076128,0.021472,-70.385,-3.57,-14.9975,-34.256,-15.272,17.736,none,4,7.0,158240.0,305454.0,249925.0,293342.0,259107.0
2026-04-14 18:14:22.138803,833419,1609507955740783,5555709828,-0.335744,0.874496,0.081984,-93.19625,-10.115,-7.315,-34.256,-15.272,18.312,none,4,7.0,161882.0,311777.0,253687.0,298840.0,262224.0
2026-04-14 18:14:22.141643,833420,1609507955755383,5555724849,-0.329888,0.874496,0.081984,0.49875,-7.8575,-11.92625,-33.488003,-15.664001,18.312,none,4,7.0,161882.0,311777.0,253687.0,298840.0,262224.0
2026-04-14 18:14:22.143680,833421,1609507955764324,5555733539,-0.179584,1.409344,0.212768,60.59375,-0.2275,-15.12,-33.32,-16.248001,18.272001,none,4,7.0,161882.0,311777.0,253687.0,298840.0,262224.0
2026-04-14 18:14:22.155193,833422,1609507955779001,5555748467,-0.179584,1.409344,0.212768,27.3,4.45375,-19.4075,-33.32,-16.248001,18.272001,none,4,7.0,161882.0,311777.0,253687.0,298840.0,262224.0
2026-04-14 18:14:22.163809,833423,1609507955787943,5555757161,-0.238144,0.813984,0.105408,-14.533751,4.41,-16.31875,-33.888,-16.232,19.672,none,4,7.0,161882.0,311777.0,253687.0,298840.0,262224.0
2026-04-14 18:14:22.195588,833424,1609507955796879,5555765844,-0.238144,0.813984,0.105408,-7.21875,5.9325,-19.985,-33.888,-16.232,19.672,none,4,7.0,161882.0,311777.0,253687.0,298840.0,262224.0
2026-04-14 18:14:22.198052,833425,1609507955811373,5555780726,-0.28304,1.243424,-0.044896,24.325,7.76125,-11.6025,-33.816,-16.320002,18.536001,none,4,7.0,161882.0,311777.0,253687.0,298840.0,262224.0
2026-04-14 18:14:22.200570,833426,1609507955820288,5555789419,-0.28304,1.243424,-0.044896,1.995,8.04125,-14.9625,-33.816,-16.320002,18.536001,none,4,7.0,161882.0,311777.0,253687.0,298840.0,262224.0
2026-04-14 18:14:22.211909,833427,1609507955834872,5555804306,-0.070272,0.835456,0.070272,-19.41625,7.4025,-14.95375,-34.056,-16.248001,21.712002,none,4,7.0,161882.0,311777.0,253687.0,298840.0,262224.0
2026-04-14 18:14:22.240077,833438,1609507955844018,5555813092,-0.31232,1.184864,0.220576,-14.72625,6.88625,-18.5325,-32.600002,-16.536001,18.480001,none,4,7.0,150223.0,313873.0,240542.0,301616.0,249543.0
2026-04-14 18:14:22.242923,833439,1609507955858552,5555828013,-0.31232,1.184864,0.220576,-3.6925,4.27,-22.3825,-32.600002,-16.536001,18.480001,none,4,7.0,150223.0,313873.0,240542.0,301616.0,249543.0
2026-04-14 18:14:22.245468,833440,1609507955867501,5555836730,-0.359168,1.212192,0.027328,12.9675,3.08875,-22.155,-33.232002,-16.712,19.68,none,4,7.0,150223.0,313873.0,240542.0,301616.0,249543.0
2026-04-14 18:14:22.251689,833441,1609507955876476,5555845458,-0.359168,1.212192,0.027328,8.04125,12.10125,-27.545,-33.232002,-16.712,19.68,none,4,7.0,150223.0,313873.0,240542.0,301616.0,249543.0
2026-04-14 18:14:22.268052,833442,1609507955891204,5555860404,-0.296704,1.095072,-0.017568,5.8975,11.3575,-27.46625,-33.056,-17.12,19.632002,none,4,7.0,150223.0,313873.0,240542.0,301616.0,249543.0
2026-04-14 18:14:22.276802,833443,1609507955900200,5555869109,-0.296704,1.095072,-0.017568,-0.93625,11.99625,-24.5,-33.056,-17.12,19.632002,none,4,7.0,150223.0,313873.0,240542.0,301616.0,249543.0
2026-04-14 18:14:22.316370,833444,1609507955909675,5555879877,-0.17568,0.85888,0.208864,-24.4475,12.38125,-25.83875,-32.416,-17.072,18.616001,none,4,7.0,150223.0,313873.0,240542.0,301616.0,249543.0
2026-04-14 18:14:22.317407,833445,1609507955924185,5555892794,-0.304512,0.901824,0.38064,-32.96125,13.71125,-25.48875,-31.584002,-17.168001,19.28,none,4,7.0,150223.0,313873.0,240542.0,301616.0,249543.0
2026-04-14 18:14:22.320865,833446,1609507955933526,5555903551,-0.304512,0.901824,0.38064,-25.4625,14.63875,-26.71375,-31.584002,-17.168001,19.28,none,4,7.0,150223.0,313873.0,240542.0,301616.0,249543.0
2026-04-14 18:14:22.365170,833457,1609507955948470,5555918624,-0.345504,1.030656,0.544608,-31.22875,14.74375,-36.16375,-31.28,-17.224,19.664001,none,4,7.0,104975.0,300998.0,186522.0,291612.0,195809.0
2026-04-14 18:14:22.367608,833458,1609507955957409,5555927329,-0.345504,1.030656,0.544608,-41.27375,20.825,-47.25,-31.28,-17.224,19.664001,none,4,7.0,104975.0,300998.0,186522.0,291612.0,195809.0
2026-04-14 18:14:22.369935,833459,1609507955966343,5555935993,-0.56608,1.145824,0.300608,-31.43,21.60375,-53.585,-30.12,-17.952002,19.792002,none,4,7.0,104975.0,300998.0,186522.0,291612.0,195809.0
2026-04-14 18:14:22.372389,833460,1609507955980868,5555950913,-0.56608,1.145824,0.300608,-3.77125,19.45125,-54.6525,-30.12,-17.952002,19.792002,none,4,7.0,104975.0,300998.0,186522.0,291612.0,195809.0
2026-04-14 18:14:22.375043,833461,1609507955989808,5555959676,-0.661728,1.11264,0.26352,4.6025,19.94125,-59.701252,-29.288002,-17.92,21.944,none,4,7.0,104975.0,300998.0,186522.0,291612.0,195809.0
2026-04-14 18:14:22.381234,833462,1609507956004388,5555974593,-0.67344,1.098976,0.353312,-13.08125,14.46375,-66.08875,-28.800001,-18.44,18.488,none,4,7.0,104975.0,300998.0,186522.0,291612.0,195809.0
2026-04-14 18:14:22.388707,833463,1609507956013403,5555983433,-0.67344,1.098976,0.353312,-25.0075,10.56125,-64.54875,-28.800001,-18.44,18.488,none,4,7.0,104975.0,300998.0,186522.0,291612.0,195809.0
2026-04-14 18:14:22.409211,833464,1609507956027877,5555996289,-0.755424,1.052128,0.486048,-40.845,10.6925,-63.04375,-28.344002,-18.504002,20.544,none,4,7.0,104975.0,300998.0,186522.0,291612.0,195809.0
2026-04-14 18:14:22.415383,833465,1609507956037082,5556007038,-0.755424,1.052128,0.486048,-54.215,7.55125,-68.7225,-28.344002,-18.504002,20.544,none,4,7.0,104975.0,300998.0,186522.0,291612.0,195809.0
2026-04-14 18:14:22.443044,833476,1609507956046204,5556015812,-0.827648,0.85888,0.452864,-61.7225,-0.455,-71.9775,-27.192001,-18.704,21.808,none,4,7.0,40300.0,215264.0,98512.0,216974.0,104710.0
2026-04-14 18:14:22.444996,833477,1609507956060781,5556030800,-0.827648,0.85888,0.452864,-68.06625,-7.49875,-78.09375,-27.192001,-18.704,21.808,none,4,7.0,40300.0,215264.0,98512.0,216974.0,104710.0
2026-04-14 18:14:22.447569,833478,1609507956069859,5556039559,-0.835456,0.513376,0.105408,-60.2175,-14.6825,-84.77875,-27.464,-18.52,21.616001,none,4,7.0,40300.0,215264.0,98512.0,216974.0,104710.0
2026-04-14 18:14:22.462846,833479,1609507956084531,5556054492,-1.057984,0.544608,0.095648,-47.670002,-26.355,-83.93875,-26.776001,-19.480001,21.168001,none,4,7.0,40300.0,215264.0,98512.0,216974.0,104710.0
2026-04-14 18:14:22.470570,833480,1609507956093473,5556063177,-1.057984,0.544608,0.095648,-22.86375,-39.655,-79.93125,-26.776001,-19.480001,21.168001,none,4,7.0,40300.0,215264.0,98512.0,216974.0,104710.0
2026-04-14 18:14:22.478033,833481,1609507956102442,5556071901,-1.057984,0.544608,0.095648,21.1925,-40.5475,-83.18625,-26.776001,-19.480001,21.168001,none,4,7.0,40300.0,215264.0,98512.0,216974.0,104710.0
2026-04-14 18:14:22.494799,833482,1609507956116916,5556086795,-1.257088,0.638304,-0.10736,57.30375,-46.62875,-84.39375,-25.584002,-20.992,20.192001,none,4,7.0,40300.0,215264.0,98512.0,216974.0,104710.0
2026-04-14 18:14:22.502346,833483,1609507956125854,5556095487,-1.198528,0.851072,-0.017568,79.94,-51.45,-83.685,-25.384,-22.024,19.016,none,4,7.0,40300.0,215264.0,98512.0,216974.0,104710.0
2026-04-14 18:14:22.541769,833494,1609507956140866,5556110391,-1.198528,0.851072,-0.017568,91.525,-62.60625,-80.01875,-25.384,-22.024,19.016,none,4,7.0,40448.0,188851.0,98779.0,191815.0,104875.0
2026-04-14 18:14:22.544296,833495,1609507956149908,5556119190,-1.09312,0.895968,-0.333792,93.14375,-72.9575,-75.075,-24.976002,-23.248001,18.624,none,4,7.0,40448.0,188851.0,98779.0,191815.0,104875.0
2026-04-14 18:14:22.546792,833496,1609507956158849,5556127990,-1.09312,0.895968,-0.333792,90.97375,-79.68625,-72.9225,-24.976002,-23.248001,18.624,none,4,7.0,40448.0,188851.0,98779.0,191815.0,104875.0
2026-04-14 18:14:22.550532,833497,1609507956173421,5556142878,-0.901824,0.860832,-0.443104,88.73375,-82.6175,-72.135,-24.824001,-25.04,16.568,none,4,7.0,40448.0,188851.0,98779.0,191815.0,104875.0
2026-04-14 18:14:22.557650,833498,1609507956182513,5556151687,-0.901824,0.860832,-0.443104,87.31625,-83.97375,-72.26625,-24.824001,-25.04,16.568,none,4,7.0,40448.0,188851.0,98779.0,191815.0,104875.0
2026-04-14 18:14:22.572648,833499,1609507956197031,5556166629,-0.890112,1.00528,-0.681248,87.1675,-81.935,-70.48125,-24.720001,-25.712002,12.352,none,4,7.0,40448.0,188851.0,98779.0,191815.0,104875.0
2026-04-14 18:14:22.581773,833500,1609507956205942,5556175331,-0.774944,1.155584,-0.5368,78.77625,-80.87625,-70.69125,-25.2,-26.04,15.536001,none,4,7.0,40448.0,188851.0,98779.0,191815.0,104875.0
2026-04-14 18:14:22.598302,833501,1609507956220427,5556190369,-0.774944,1.155584,-0.5368,67.92625,-77.9625,-72.91375,-25.2,-26.04,15.536001,none,4,7.0,40448.0,188851.0,98779.0,191815.0,104875.0
2026-04-14 18:14:22.606767,833502,1609507956229379,5556199081,-0.642208,1.118496,-0.49776,65.89625,-72.5375,-72.5725,-23.648,-27.720001,13.912001,none,4,7.0,40448.0,188851.0,98779.0,191815.0,104875.0
2026-04-14 18:14:22.614141,833503,1609507956238349,5556207796,-0.642208,1.118496,-0.49776,62.7375,-67.9525,-75.01375,-23.648,-27.720001,13.912001,none,4,7.0,40448.0,188851.0,98779.0,191815.0,104875.0
2026-04-14 18:14:22.644287,833514,1609507956252962,5556222870,-0.18544,0.96624,-0.431392,52.465,-52.59625,-84.5075,-23.064001,-27.792002,14.664001,none,4,7.0,66227.0,249645.0,139303.0,244404.0,152113.0
2026-04-14 18:14:22.646795,833515,1609507956261948,5556231571,-0.18544,0.96624,-0.431392,43.19875,-29.33,-93.54625,-23.064001,-27.792002,14.664001,none,4,7.0,66227.0,249645.0,139303.0,244404.0,152113.0
2026-04-14 18:14:22.678987,833516,1609507956276531,5556246499,-0.113216,1.065792,-0.249856,41.3175,-8.30375,-98.25375,-22.304,-28.784002,15.664001,none,4,7.0,66227.0,249645.0,139303.0,244404.0,152113.0
2026-04-14 18:14:22.704217,833517,1609507956285656,5556255218,-0.271328,1.05408,-0.189344,48.0725,7.245,-99.12,-21.344002,-29.680002,11.392,none,4,7.0,66227.0,249645.0,139303.0,244404.0,152113.0
2026-04-14 18:14:22.712562,833518,1609507956294618,5556263923,-0.271328,1.05408,-0.189344,62.4925,23.89625,-92.645,-21.344002,-29.680002,11.392,none,4,7.0,66227.0,249645.0,139303.0,244404.0,152113.0
2026-04-14 18:14:22.714993,833519,1609507956309064,5556278862,-0.119072,0.948672,-0.081984,65.371254,39.5675,-89.4775,-19.768002,-30.456001,13.696001,none,4,7.0,66227.0,249645.0,139303.0,244404.0,152113.0
2026-04-14 18:14:22.717075,833520,1609507956317979,5556287545,-0.119072,0.948672,-0.081984,58.572502,51.33625,-93.152504,-19.768002,-30.456001,13.696001,none,4,7.0,66227.0,249645.0,139303.0,244404.0,152113.0
2026-04-14 18:14:22.720047,833521,1609507956332519,5556302446,-0.111264,0.88816,-0.181536,43.98625,52.96375,-99.33,-17.992,-31.512001,14.648001,none,4,7.0,66227.0,249645.0,139303.0,244404.0,152113.0
2026-04-14 18:14:22.749316,833532,1609507956342169,5556311117,-0.111264,0.88816,-0.181536,21.20125,51.03875,-98.76125,-17.992,-31.512001,14.648001,none,4,7.0,103037.0,285266.0,184473.0,276143.0,195946.0
2026-04-14 18:14:22.751779,833533,1609507956351276,5556319865,-0.07808,1.100928,0.142496,-12.39,48.72875,-95.777504,-17.264,-31.496002,15.672001,none,4,7.0,103037.0,285266.0,184473.0,276143.0,195946.0
2026-04-14 18:14:22.754324,833534,1609507956366589,5556336956,-0.06832,1.00528,0.386496,-38.675,50.732502,-90.48375,-15.592001,-31.680002,16.872002,none,4,7.0,103037.0,285266.0,184473.0,276143.0,195946.0
2026-04-14 18:14:22.756805,833535,1609507956375600,5556345684,-0.06832,1.00528,0.386496,-45.7975,57.12,-78.07625,-15.592001,-31.680002,16.872002,none,4,7.0,103037.0,285266.0,184473.0,276143.0,195946.0
2026-04-14 18:14:22.765569,833536,1609507956390188,5556358594,0.033184,0.93696,0.124928,-31.77125,63.67375,-63.02625,-13.72,-31.976002,15.296001,none,4,7.0,103037.0,285266.0,184473.0,276143.0,195946.0
2026-04-14 18:14:22.776372,833537,1609507956399525,5556369370,0.033184,0.93696,0.124928,-12.792501,66.78,-56.79625,-13.72,-31.976002,15.296001,none,4,7.0,103037.0,285266.0,184473.0,276143.0,195946.0
2026-04-14 18:14:22.785450,833538,1609507956408480,5556378055,0.050752,1.110688,0.203008,-10.84125,63.5775,-56.2625,-12.000001,-32.504,14.592001,none,4,7.0,103037.0,285266.0,184473.0,276143.0,195946.0
2026-04-14 18:14:22.800418,833539,1609507956423094,5556393142,0.050752,1.110688,0.203008,-23.8,51.87875,-53.10375,-12.000001,-32.504,14.592001,none,4,7.0,103037.0,285266.0,184473.0,276143.0,195946.0
2026-04-14 18:14:22.835087,833540,1609507956432093,5556401839,-0.093696,1.16144,0.132736,-45.14125,42.62125,-44.9925,-10.776001,-31.912,16.312,none,4,7.0,103037.0,285266.0,184473.0,276143.0,195946.0
2026-04-14 18:14:22.863046,833551,1609507956446865,5556417091,-0.45872,1.245376,0.51728,-71.82875,38.94625,-31.710001,-11.656,-31.04,16.52,none,4,7.0,42589.0,236124.0,100485.0,235962.0,109184.0
2026-04-14 18:14:22.865666,833552,1609507956456028,5556425788,-0.45872,1.245376,0.51728,-85.995,33.18,-14.34125,-11.656,-31.04,16.52,none,4,7.0,42589.0,236124.0,100485.0,235962.0,109184.0
2026-04-14 18:14:22.869750,833553,1609507956465008,5556434548,-0.45872,1.245376,0.501664,-83.6675,21.70875,4.66375,-11.656,-31.04,16.52,none,4,7.0,42589.0,236124.0,100485.0,235962.0,109184.0
2026-04-14 18:14:22.870088,833554,1609507956479589,5556449487,-0.486048,0.99552,0.50752,-77.21875,11.03375,14.56,-11.192,-30.816002,16.696001,none,4,7.0,42589.0,236124.0,100485.0,235962.0,109184.0
2026-04-14 18:14:22.873793,833555,1609507956488527,5556458168,-0.601216,0.999424,0.298656,-58.63375,2.3275,20.6325,-12.056001,-30.592001,18.936,none,4,7.0,42589.0,236124.0,100485.0,235962.0,109184.0
2026-04-14 18:14:22.879843,833556,1609507956503141,5556473110,-0.601216,0.999424,0.298656,-33.57375,-9.2575,28.55125,-12.056001,-30.592001,18.936,none,4,7.0,42589.0,236124.0,100485.0,235962.0,109184.0
2026-04-14 18:14:22.887642,833557,1609507956512097,5556481866,-0.735904,1.089216,0.26352,-7.76125,-23.1525,32.78625,-11.912001,-30.672,18.744001,none,4,7.0,42589.0,236124.0,100485.0,235962.0,109184.0
2026-04-14 18:14:22.896669,833558,1609507956521231,5556490583,-0.735904,1.089216,0.26352,-25.1825,-34.4225,24.395,-11.912001,-30.672,18.744001,none,4,7.0,42589.0,236124.0,100485.0,235962.0,109184.0
2026-04-14 18:14:22.913131,833559,1609507956535896,5556505483,-1.06384,1.013088,0.79056,-49.30625,-43.2775,25.64625,-13.616,-29.944002,19.400002,none,4,7.0,42589.0,236124.0,100485.0,235962.0,109184.0
2026-04-14 18:14:22.948052,833570,1609507956545070,5556514277,-1.06384,1.013088,0.79056,-64.25125,-50.47,38.92875,-13.616,-29.944002,19.400002,none,4,7.0,44838.0,237582.0,104067.0,235961.0,112255.0
2026-04-14 18:14:22.950548,833571,1609507956559654,5556529210,-1.393728,0.925248,0.388448,-58.0475,-61.27625,49.105,-15.080001,-29.744001,18.496,none,4,7.0,44838.0,237582.0,104067.0,235961.0,112255.0
2026-04-14 18:14:22.953075,833572,1609507956568623,5556537916,-1.266848,1.214144,0.119072,-15.995,-60.27875,59.47375,-16.976002,-29.328001,19.248001,none,4,7.0,44838.0,237582.0,104067.0,235961.0,112255.0
2026-04-14 18:14:22.955222,833573,1609507956577528,5556546693,-1.266848,1.214144,0.119072,17.1675,-45.6225,61.25875,-16.976002,-29.328001,19.248001,none,4,7.0,44838.0,237582.0,104067.0,235961.0,112255.0
2026-04-14 18:14:22.969773,833574,1609507956592076,5556561697,-0.732,0.22448,-0.005856,17.66625,-38.2025,44.065,-16.552,-28.672,19.184,none,4,7.0,44838.0,237582.0,104067.0,235961.0,112255.0
2026-04-14 18:14:22.977904,833575,1609507956601037,5556570411,-0.732,0.22448,-0.005856,-42.95375,-41.08125,4.9175,-16.552,-28.672,19.184,none,4,7.0,44838.0,237582.0,104067.0,235961.0,112255.0
2026-04-14 18:14:22.994208,833576,1609507956615682,5556585315,-0.823744,-0.232288,0.017568,-79.61625,-42.42875,-7.42875,-15.992001,-28.448002,18.496,none,4,7.0,44838.0,237582.0,104067.0,235961.0,112255.0
2026-04-14 18:14:23.001652,833577,1609507956624633,5556594019,-0.823744,-0.232288,0.017568,-52.1325,-37.66,5.2325,-15.992001,-28.448002,18.496,none,4,7.0,44838.0,237582.0,104067.0,235961.0,112255.0
2026-04-14 18:14:23.015551,833578,1609507956639135,5556608983,-0.628544,0.431392,0.06832,9.72125,-25.73375,9.485,-17.008001,-28.544,18.400002,none,4,7.0,44838.0,237582.0,104067.0,235961.0,112255.0
2026-04-14 18:14:23.093016,833590,1609507956648216,5556618290,-0.244,1.516704,0.025376,58.37125,-13.69375,3.43,-16.824001,-29.112001,18.392,none,4,7.0,37446.0,207370.0,92713.0,214264.0,99623.0
2026-04-14 18:14:23.095544,833591,1609507956657184,5556626965,-0.244,1.516704,0.025376,47.32,-5.1975,-1.12875,-16.824001,-29.112001,18.392,none,4,7.0,37446.0,207370.0,92713.0,214264.0,99623.0
2026-04-14 18:14:23.098054,833592,1609507956671729,5556641964,0.119072,1.627968,-0.083936,-26.1975,-0.6475,-3.2025,-16.320002,-27.952002,18.784,none,4,7.0,37446.0,207370.0,92713.0,214264.0,99623.0
2026-04-14 18:14:23.100449,833593,1609507956680780,5556650665,0.119072,1.627968,-0.083936,-102.165,13.7725,2.12625,-16.320002,-27.952002,18.784,none,4,7.0,37446.0,207370.0,92713.0,214264.0,99623.0
2026-04-14 18:14:23.103061,833594,1609507956695323,5556665614,-0.569984,0.730048,-0.228384,-158.375,42.1925,9.415,-16.024,-26.104002,21.032001,none,4,7.0,37446.0,207370.0,92713.0,214264.0,99623.0
2026-04-14 18:14:23.105214,833595,1609507956704373,5556674348,-0.569984,0.730048,-0.228384,-185.10625,49.56875,9.35375,-16.024,-26.104002,21.032001,none,4,7.0,37446.0,207370.0,92713.0,214264.0,99623.0
2026-04-14 18:14:23.108043,833596,1609507956718935,5556689276,-1.544032,0.148352,0.651968,-167.72,15.408751,6.23875,-15.992001,-24.720001,21.912,none,4,7.0,37446.0,207370.0,92713.0,214264.0,99623.0
2026-04-14 18:14:23.110538,833597,1609507956727873,5556698050,-0.55632,-0.421632,0.657824,-110.8975,-24.185,5.8275,-16.272001,-25.232,22.2,none,4,7.0,37446.0,207370.0,92713.0,214264.0,99623.0
2026-04-14 18:14:23.113043,833598,1609507956736980,5556706771,-0.55632,-0.421632,0.657824,-46.97,-30.03,1.8375,-16.272001,-25.232,22.2,none,4,7.0,37446.0,207370.0,92713.0,214264.0,99623.0
2026-04-14 18:14:23.142638,833609,1609507956751582,5556721791,-0.648064,0.843264,0.593408,37.2575,-19.46875,2.91375,-16.984001,-26.376001,20.336,none,4,7.0,37588.0,214674.0,91935.0,219984.0,98171.0
2026-04-14 18:14:23.145498,833610,1609507956760561,5556730490,-0.648064,0.843264,0.593408,122.902504,-34.2475,-5.99375,-16.984001,-26.376001,20.336,none,4,7.0,37588.0,214674.0,91935.0,219984.0,98171.0
2026-04-14 18:14:23.153286,833611,1609507956775369,5556745426,-0.52704,1.838784,0.452864,140.0875,-46.83,-20.9125,-17.36,-26.760002,19.52,none,4,7.0,37588.0,214674.0,91935.0,219984.0,98171.0
2026-04-14 18:14:23.161966,833612,1609507956784392,5556754165,-0.52704,1.838784,0.452864,64.35625,-51.68625,-23.37125,-17.36,-26.760002,19.52,none,4,7.0,37588.0,214674.0,91935.0,219984.0,98171.0
2026-04-14 18:14:23.170461,833613,1609507956793358,5556762859,-0.228384,1.091168,0.316224,-64.277504,-48.51,-19.57375,-17.664001,-25.656002,21.392,none,4,7.0,37588.0,214674.0,91935.0,219984.0,98171.0
2026-04-14 18:14:23.186759,833614,1609507956807975,5556777741,-0.450912,0.308416,0.226432,-162.4525,-37.47625,-14.14,-17.664001,-23.864,22.568,none,4,7.0,37588.0,214674.0,91935.0,219984.0,98171.0
2026-04-14 18:14:23.193023,833615,1609507956816919,5556786465,-0.450912,0.308416,0.226432,-167.7725,-18.4975,-12.27625,-17.704,-23.864,22.568,none,4,7.0,37588.0,214674.0,91935.0,219984.0,98171.0
2026-04-14 18:14:23.209301,833616,1609507956831420,5556801373,-0.864736,0.20496,0.281088,-116.707504,0.6125,-21.91,-17.008001,-24.480001,21.712002,none,4,7.0,37588.0,214674.0,91935.0,219984.0,98171.0
2026-04-14 18:14:23.218021,833617,1609507956840406,5556810099,-0.864736,0.20496,0.281088,-37.52,20.36125,-21.65625,-17.008001,-24.480001,21.712002,none,4,7.0,37588.0,214674.0,91935.0,219984.0,98171.0
2026-04-14 18:14:23.247251,833628,1609507956849531,5556818844,-1.87392,0.119072,0.460672,42.00875,24.80625,-23.0125,-17.616001,-25.400002,22.048,none,4,7.0,29295.0,211981.0,77243.0,222101.0,81076.0
2026-04-14 18:14:23.247819,833629,1609507956864103,5556833784,-1.87392,0.119072,0.460672,89.69625,16.03875,-49.07875,-17.616001,-25.400002,22.048,none,4,7.0,29295.0,211981.0,77243.0,222101.0,81076.0
2026-04-14 18:14:23.250087,833630,1609507956873098,5556842487,-1.272704,0.33184,0.128832,117.62625,29.26,-25.3225,-17.944,-26.344002,21.088001,none,4,7.0,29295.0,211981.0,77243.0,222101.0,81076.0
2026-04-14 18:14:23.265526,833631,1609507956887585,5556857359,-1.272704,0.33184,0.128832,130.85625,15.5575,17.31625,-17.944,-26.344002,21.088001,none,4,7.0,29295.0,211981.0,77243.0,222101.0,81076.0
2026-04-14 18:14:23.271176,833632,1609507956896528,5556866055,-0.450912,0.76128,-0.32208,111.95625,1.9775,31.29875,-17.288,-27.248001,20.248001,none,4,7.0,29295.0,211981.0,77243.0,222101.0,81076.0
2026-04-14 18:14:23.287657,833633,1609507956911060,5556881009,-0.415776,0.817888,0.0,78.89,3.24625,19.915,-17.288,-27.896002,18.76,none,4,7.0,29295.0,211981.0,77243.0,222101.0,81076.0
2026-04-14 18:14:23.302112,833634,1609507956919994,5556889696,-0.415776,0.817888,0.0,60.9175,13.95625,-2.6075,-17.288,-27.896002,18.76,none,4,7.0,29295.0,211981.0,77243.0,222101.0,81076.0
2026-04-14 18:14:23.306446,833635,1609507956928925,5556898368,-0.64416,0.735904,0.284992,65.905,27.22125,-20.23875,-16.320002,-28.864002,17.960001,none,4,7.0,29295.0,211981.0,77243.0,222101.0,81076.0
2026-04-14 18:14:23.345001,833646,1609507956943436,5556913616,-0.64416,0.735904,0.284992,91.5775,35.32375,-21.945,-16.320002,-28.864002,17.960001,none,4,7.0,28590.0,209179.0,75415.0,218730.0,79255.0
2026-04-14 18:14:23.347573,833647,1609507956952465,5556922419,-0.6832,0.860832,0.501664,123.97,35.9275,-22.015,-15.856001,-30.432001,16.416,none,4,7.0,28590.0,209179.0,75415.0,218730.0,79255.0
2026-04-14 18:14:23.350156,833648,1609507956967094,5556937446,-0.6832,0.860832,0.501664,145.10126,30.598751,-28.428751,-15.856001,-30.432001,16.416,none,4,7.0,28590.0,209179.0,75415.0,218730.0,79255.0
2026-04-14 18:14:23.352409,833649,1609507956976132,5556946136,-0.72224,1.247328,0.23424,135.65125,21.866251,-22.44375,-16.584002,-31.224,16.568,none,4,7.0,28590.0,209179.0,75415.0,218730.0,79255.0
2026-04-14 18:14:23.360079,833650,1609507956985139,5556954819,-0.72224,1.247328,0.23424,100.51125,11.55,-9.4675,-16.584002,-31.224,16.568,none,4,7.0,28590.0,209179.0,75415.0,218730.0,79255.0
2026-04-14 18:14:23.376503,833651,1609507956999637,5556969776,-0.843264,1.21024,0.017568,58.49375,5.11,-3.82375,-15.664001,-30.856,16.312,none,4,7.0,28590.0,209179.0,75415.0,218730.0,79255.0
2026-04-14 18:14:23.385292,833652,1609507957008574,5556978455,-0.843264,1.21024,0.095648,10.59625,0.84875,-7.27125,-15.664001,-30.856,16.312,none,4,7.0,28590.0,209179.0,75415.0,218730.0,79255.0
2026-04-14 18:14:23.422802,833653,1609507957023212,5556993339,-0.759328,0.554368,0.095648,-24.91125,-2.07375,-10.54375,-16.352001,-30.528002,16.784,none,4,7.0,28590.0,209179.0,75415.0,218730.0,79255.0
2026-04-14 18:14:23.425289,833654,1609507957032139,5557002054,-0.704672,0.365024,0.095648,-29.33,1.9425,-11.725,-15.592001,-31.04,15.472001,none,4,7.0,28590.0,209179.0,75415.0,218730.0,79255.0
2026-04-14 18:14:23.487552,833665,1609507957046963,5557017023,-0.704672,0.365024,0.095648,-1.1725,5.88875,-12.74,-15.592001,-31.04,15.472001,none,4,7.0,32273.0,204274.0,82261.0,212698.0,86209.0
2026-04-14 18:14:23.492758,833666,1609507957055959,5557025746,-0.716384,0.642208,0.060512,46.78625,10.535,-15.96,-15.472001,-31.856,14.544001,none,4,7.0,32273.0,204274.0,82261.0,212698.0,86209.0
2026-04-14 18:14:23.495322,833667,1609507957064911,5557034504,-0.716384,0.642208,0.060512,90.125,18.2175,-18.235,-15.472001,-31.856,14.544001,none,4,7.0,32273.0,204274.0,82261.0,212698.0,86209.0
2026-04-14 18:14:23.497772,833668,1609507957079459,5557049431,-0.815936,0.86864,-0.099552,104.308754,24.272501,-20.0725,-14.672001,-32.408,13.216001,none,4,7.0,32273.0,204274.0,82261.0,212698.0,86209.0
2026-04-14 18:14:23.500251,833669,1609507957088539,5557058111,-0.815936,0.86864,-0.099552,93.26625,27.20375,-21.35875,-14.672001,-32.408,13.216001,none,4,7.0,32273.0,204274.0,82261.0,212698.0,86209.0
2026-04-14 18:14:23.502780,833670,1609507957103108,5557073089,-0.831552,1.091168,-0.154208,78.575,28.0525,-13.8425,-14.432001,-33.232002,10.896001,none,4,7.0,32273.0,204274.0,82261.0,212698.0,86209.0
2026-04-14 18:14:23.505240,833671,1609507957112072,5557081826,-0.675392,0.931104,0.06832,54.0575,22.155,-15.33,-13.6,-33.176003,12.048,none,4,7.0,32273.0,204274.0,82261.0,212698.0,86209.0
2026-04-14 18:14:23.507751,833672,1609507957120992,5557090519,-0.675392,0.931104,0.06832,26.985,12.08375,-21.6125,-13.6,-33.176003,12.048,none,4,7.0,32273.0,204274.0,82261.0,212698.0,86209.0
2026-04-14 18:14:23.513940,833673,1609507957135635,5557105402,-0.808128,0.872544,-0.329888,15.37375,9.3275,-12.705,-13.8,-33.52,12.224001,none,4,7.0,32273.0,204274.0,82261.0,212698.0,86209.0
2026-04-14 18:14:23.520731,833674,1609507957144618,5557114160,-0.808128,0.872544,-0.329888,18.20875,7.77875,-11.29625,-13.8,-33.52,12.224001,none,4,7.0,32273.0,204274.0,82261.0,212698.0,86209.0
2026-04-14 18:14:23.547486,833685,1609507957159348,5557129160,-0.610976,0.831552,-0.216672,22.93375,6.74625,-24.73625,-13.448001,-33.696003,11.976001,none,4,7.0,80625.0,194878.0,151886.0,197852.0,164235.0
2026-04-14 18:14:23.550518,833686,1609507957168455,5557137858,-0.610976,0.831552,-0.216672,20.545,14.0175,-19.285,-13.448001,-33.696003,11.976001,none,4,7.0,80625.0,194878.0,151886.0,197852.0,164235.0
2026-04-14 18:14:23.560477,833687,1609507957183019,5557152779,-0.854976,0.581696,-0.072224,10.2025,22.51375,-12.9675,-13.232,-33.512,12.808001,none,4,7.0,80625.0,194878.0,151886.0,197852.0,164235.0
2026-04-14 18:14:23.567785,833688,1609507957191989,5557161493,-0.85888,0.286944,0.021472,17.43,23.485,-5.7575,-14.000001,-33.760002,11.960001,none,4,7.0,80625.0,194878.0,151886.0,197852.0,164235.0
2026-04-14 18:14:23.576777,833689,1609507957200910,5557170228,-0.85888,0.286944,0.021472,47.7575,16.905,7.3675,-14.000001,-33.760002,11.960001,none,4,7.0,80625.0,194878.0,151886.0,197852.0,164235.0
2026-04-14 18:14:23.591772,833690,1609507957215426,5557185165,-0.708576,0.50752,-0.286944,86.14375,5.4775,3.91125,-13.280001,-34.800003,9.824,none,4,7.0,80625.0,194878.0,151886.0,197852.0,164235.0
2026-04-14 18:14:23.601794,833691,1609507957224375,5557193861,-0.708576,0.50752,-0.286944,115.89375,8.5225,-13.37,-13.280001,-34.800003,9.824,none,4,7.0,80625.0,194878.0,151886.0,197852.0,164235.0
2026-04-14 18:14:23.618191,833692,1609507957238874,5557208744,-0.81984,1.270752,-0.199104,137.54124,19.9675,-18.64625,-12.832001,-35.232002,8.0,none,4,7.0,80625.0,194878.0,151886.0,197852.0,164235.0
2026-04-14 18:14:23.646413,833703,1609507957248314,5557217664,-0.81984,1.270752,-0.199104,119.9975,25.01625,-16.93125,-12.832001,-35.232002,8.0,none,4,7.0,100789.0,198840.0,172189.0,200631.0,184885.0
2026-04-14 18:14:23.649254,833704,1609507957257316,5557226502,-0.911584,1.165344,-0.423584,66.31625,18.095,-9.38,-12.952001,-35.728,8.944,none,4,7.0,100789.0,198840.0,172189.0,200631.0,184885.0
2026-04-14 18:14:23.651671,833705,1609507957271884,5557241464,-0.964288,0.979904,-0.486048,4.03375,7.455,-4.66375,-12.336,-35.2,8.064,none,4,7.0,100789.0,198840.0,172189.0,200631.0,184885.0
2026-04-14 18:14:23.656786,833706,1609507957280863,5557250236,-0.964288,0.979904,-0.486048,-40.83625,1.68875,-5.99375,-12.336,-35.2,8.064,none,4,7.0,100789.0,198840.0,172189.0,200631.0,184885.0
2026-04-14 18:14:23.671284,833707,1609507957295363,5557265171,-0.933056,1.19072,-0.443104,-65.66875,2.47625,-4.38375,-13.488001,-34.904003,9.816001,none,4,7.0,100789.0,198840.0,172189.0,200631.0,184885.0
2026-04-14 18:14:23.683076,833708,1609507957304320,5557273878,-0.933056,1.19072,-0.443104,-86.58125,3.92875,-4.1825,-13.488001,-34.904003,9.816001,none,4,7.0,100789.0,198840.0,172189.0,200631.0,184885.0
2026-04-14 18:14:23.696877,833709,1609507957318921,5557288753,-0.882304,0.886208,-0.25376,-111.69375,-2.42375,-5.11,-12.688001,-33.896,11.328,none,4,7.0,100789.0,198840.0,172189.0,200631.0,184885.0
2026-04-14 18:14:23.704384,833710,1609507957327894,5557297486,-0.882304,0.886208,-0.25376,-131.97626,-15.0325,1.58375,-12.688001,-33.896,11.328,none,4,7.0,100789.0,198840.0,172189.0,200631.0,184885.0
2026-04-14 18:14:23.713880,833711,1609507957336852,5557306208,-0.8296,0.484096,-0.32208,-145.53876,-19.69625,10.15875,-13.000001,-33.288002,12.584001,none,4,7.0,100789.0,198840.0,172189.0,200631.0,184885.0
2026-04-14 18:14:23.746788,833722,1609507957351484,5557321229,-0.831552,0.525088,-0.181536,-142.2225,-18.29625,11.917501,-13.000001,-31.240002,14.280001,none,4,7.0,52454.0,186846.0,114557.0,193649.0,117927.0
2026-04-14 18:14:23.749272,833723,1609507957360501,5557329972,-0.831552,0.525088,-0.181536,-125.44875,-16.35375,10.66625,-13.088,-32.4,14.280001,none,4,7.0,52454.0,186846.0,114557.0,193649.0,117927.0
2026-04-14 18:14:23.751782,833724,1609507957375023,5557344945,-0.76128,0.841312,-0.31232,-107.93125,-14.096251,12.11875,-13.992001,-31.184002,16.352001,none,4,7.0,52454.0,186846.0,114557.0,193649.0,117927.0
2026-04-14 18:14:23.781019,833725,1609507957384038,5557353627,-0.76128,0.841312,-0.31232,-100.9225,-13.79875,7.35,-13.992001,-31.184002,16.352001,none,4,7.0,52454.0,186846.0,114557.0,193649.0,117927.0
2026-04-14 18:14:23.783071,833726,1609507957392993,5557362354,-0.755424,0.876448,-0.244,-109.558754,-20.1075,8.11125,-14.672001,-30.272001,16.480001,none,4,7.0,52454.0,186846.0,114557.0,193649.0,117927.0
2026-04-14 18:14:23.785642,833727,1609507957407551,5557377263,-0.755424,0.876448,-0.244,-130.55,-33.48625,19.3025,-14.672001,-30.272001,16.480001,none,4,7.0,52454.0,186846.0,114557.0,193649.0,117927.0
2026-04-14 18:14:23.814035,833728,1609507957416663,5557386042,-0.75152,0.747616,-0.011712,-143.99875,-45.91125,26.31125,-14.408001,-29.112001,17.784,none,4,7.0,52454.0,186846.0,114557.0,193649.0,117927.0
2026-04-14 18:14:23.815529,833729,1609507957431179,5557400948,-0.75152,0.747616,-0.011712,-156.16125,-59.57,22.7325,-14.408001,-29.112001,17.784,none,4,7.0,52454.0,186846.0,114557.0,193649.0,117927.0
2026-04-14 18:14:23.816729,833730,1609507957440082,5557409648,-0.372832,0.501664,0.462624,-168.18375,-65.1175,16.86125,-15.176001,-27.416,19.36,none,4,7.0,52454.0,186846.0,114557.0,193649.0,117927.0
2026-04-14 18:14:23.848826,833741,1609507957454684,5557425047,-0.275232,0.228384,0.275232,-170.65125,-53.78625,14.385,-15.360001,-26.224,21.456001,none,4,7.0,56412.0,198863.0,124778.0,203509.0,132445.0
2026-04-14 18:14:23.851216,833742,1609507957463678,5557433783,-0.275232,0.228384,0.275232,-156.02126,-34.48375,5.32,-15.360001,-26.224,21.456001,none,4,7.0,56412.0,198863.0,124778.0,203509.0,132445.0
2026-04-14 18:14:23.854423,833743,1609507957472659,5557442465,-0.431392,0.60512,0.67344,-127.12,-26.705,-8.4525,-16.864,-25.048,23.624,none,4,7.0,56412.0,198863.0,124778.0,203509.0,132445.0
2026-04-14 18:14:23.864337,833744,1609507957487206,5557457400,-0.431392,0.60512,0.67344,-87.325,-25.71625,-16.33625,-16.864,-25.048,23.624,none,4,7.0,56412.0,198863.0,124778.0,203509.0,132445.0
2026-04-14 18:14:23.874298,833745,1609507957496225,5557466088,-0.431392,0.587552,0.44896,-77.28,-16.91375,-20.58,-15.648001,-24.880001,22.104002,none,4,7.0,56412.0,198863.0,124778.0,203509.0,132445.0
2026-04-14 18:14:23.887840,833746,1609507957510776,5557481001,-0.431392,0.587552,0.44896,-100.8,-5.22375,-32.71625,-15.648001,-24.880001,22.104002,none,4,7.0,56412.0,198863.0,124778.0,203509.0,132445.0
2026-04-14 18:14:23.899797,833747,1609507957519879,5557489693,-0.776896,0.413824,0.759328,-93.6425,-2.02125,-34.79,-15.120001,-24.312,23.12,none,4,7.0,56412.0,198863.0,124778.0,203509.0,132445.0
2026-04-14 18:14:23.905856,833748,1609507957528980,5557498437,-0.776896,0.413824,0.759328,-47.0575,-3.465,-27.4575,-15.120001,-24.312,23.12,none,4,7.0,56412.0,198863.0,124778.0,203509.0,132445.0
2026-04-14 18:14:23.920375,833749,1609507957543550,5557513334,-0.737856,0.687104,0.591456,-1.82,-1.505,-19.10125,-15.056001,-24.696001,22.576,none,4,7.0,56412.0,198863.0,124778.0,203509.0,132445.0
2026-04-14 18:14:23.948075,833760,1609507957552599,5557522063,-0.737856,0.7808,0.402112,24.5875,1.015,-14.9975,-15.056001,-24.696001,22.576,none,4,7.0,64239.0,226122.0,135992.0,224288.0,145618.0
2026-04-14 18:14:23.950527,833761,1609507957567481,5557537131,-0.655872,0.7808,0.402112,30.09125,2.7125,-14.7175,-15.280001,-24.496,24.592001,none,4,7.0,64239.0,226122.0,135992.0,224288.0,145618.0
2026-04-14 18:14:23.953042,833762,1609507957576546,5557545847,-0.704672,0.610976,0.199104,16.19625,3.49125,-20.41375,-15.048,-24.696001,23.336,none,4,7.0,64239.0,226122.0,135992.0,224288.0,145618.0
2026-04-14 18:14:23.962813,833763,1609507957585542,5557554603,-0.704672,0.610976,0.199104,-21.72625,3.42125,-31.491251,-15.048,-24.696001,23.336,none,4,7.0,64239.0,226122.0,135992.0,224288.0,145618.0
2026-04-14 18:14:23.976824,833764,1609507957600034,5557569480,-1.026752,0.573888,0.251808,-58.70375,5.1625,-35.62125,-14.744,-23.968,24.128,none,4,7.0,64239.0,226122.0,135992.0,224288.0,145618.0
2026-04-14 18:14:23.984289,833765,1609507957609034,5557578222,-1.026752,0.573888,0.251808,-68.83625,7.63875,-31.21125,-14.744,-23.968,24.128,none,4,7.0,64239.0,226122.0,135992.0,224288.0,145618.0
2026-04-14 18:14:24.003088,833766,1609507957623523,5557593246,-1.1224,0.538752,0.49776,-46.59375,13.37,-21.7875,-13.968,-24.088001,22.712002,none,4,7.0,64239.0,226122.0,135992.0,224288.0,145618.0
2026-04-14 18:14:24.009102,833767,1609507957632435,5557601949,-1.1224,0.538752,0.49776,-10.12375,18.8475,-7.95375,-13.968,-24.088001,22.712002,none,4,7.0,64239.0,226122.0,135992.0,224288.0,145618.0
2026-04-14 18:14:24.024154,833768,1609507957646923,5557616827,-0.728096,0.601216,0.482144,15.4875,21.525,-0.58625,-13.656001,-23.752,21.768002,none,4,7.0,64239.0,226122.0,135992.0,224288.0,145618.0
2026-04-14 18:14:24.051734,833779,1609507957655971,5557625583,-0.724192,0.54656,0.122976,25.59375,24.68375,-3.1325,-13.240001,-24.560001,22.920002,none,4,7.0,50687.0,205604.0,114174.0,212796.0,121178.0
2026-04-14 18:14:24.054384,833780,1609507957664993,5557634394,-0.724192,0.54656,0.122976,26.2325,28.58625,-6.1075,-13.240001,-24.560001,22.920002,none,4,7.0,50687.0,205604.0,114174.0,212796.0,121178.0
2026-04-14 18:14:24.056257,833781,1609507957679547,5557649353,-0.817888,0.909632,0.076128,21.866251,31.68375,-6.72875,-12.8,-24.888,22.68,none,4,7.0,50687.0,205604.0,114174.0,212796.0,121178.0
2026-04-14 18:14:24.065257,833782,1609507957688583,5557658048,-0.817888,0.909632,0.076128,23.00375,33.0225,-4.375,-12.8,-24.888,22.68,none,4,7.0,50687.0,205604.0,114174.0,212796.0,121178.0
2026-04-14 18:14:24.080551,833783,1609507957703096,5557672981,-0.74176,0.993568,0.091744,17.5525,31.5,-5.67875,-12.656,-24.960001,22.912,none,4,7.0,50687.0,205604.0,114174.0,212796.0,121178.0
2026-04-14 18:14:24.111676,833784,1609507957712070,5557681695,-0.74176,0.993568,0.091744,-2.42375,24.31625,-5.66125,-12.656,-24.960001,22.912,none,4,7.0,50687.0,205604.0,114174.0,212796.0,121178.0
2026-04-14 18:14:24.114128,833785,1609507957720991,5557690380,-0.774944,0.798368,0.244,-20.9125,19.897501,0.74375,-12.392,-24.864,23.536001,none,4,7.0,50687.0,205604.0,114174.0,212796.0,121178.0
2026-04-14 18:14:24.116655,833786,1609507957735515,5557705328,-0.882304,0.484096,0.189344,-21.51625,16.40625,2.5375,-12.056001,-24.088001,24.800001,none,4,7.0,50687.0,205604.0,114174.0,212796.0,121178.0
2026-04-14 18:14:24.121346,833787,1609507957744489,5557714049,-0.882304,0.484096,0.189344,-19.1975,13.51,-6.72875,-12.056001,-24.088001,24.800001,none,4,7.0,50687.0,205604.0,114174.0,212796.0,121178.0
2026-04-14 18:14:24.201769,833798,1609507957759082,5557729017,-0.864736,0.577792,0.040992,-10.115,9.5725,-9.87,-13.048,-23.960001,23.968,none,4,7.0,44293.0,190430.0,102854.0,200730.0,108632.0
2026-04-14 18:14:24.204332,833799,1609507957768155,5557737729,-0.864736,0.577792,0.040992,6.46625,5.495,-2.7125,-13.048,-23.960001,23.968,none,4,7.0,44293.0,190430.0,102854.0,200730.0,108632.0
2026-04-14 18:14:24.206775,833800,1609507957782686,5557752650,-0.732,0.759328,0.099552,21.63875,1.04125,3.43875,-12.84,-24.536001,24.008001,none,4,7.0,44293.0,190430.0,102854.0,200730.0,108632.0
2026-04-14 18:14:24.208815,833801,1609507957791597,5557761330,-0.732,0.759328,0.099552,25.27,2.23125,8.05,-12.84,-24.536001,24.008001,none,4,7.0,44293.0,190430.0,102854.0,200730.0,108632.0
2026-04-14 18:14:24.211797,833802,1609507957800690,5557770062,-0.853024,0.700768,0.134688,19.9675,5.215,9.61625,-13.416,-25.008001,23.816002,none,4,7.0,44293.0,190430.0,102854.0,200730.0,108632.0
2026-04-14 18:14:24.218840,833803,1609507957815267,5557785075,-0.940864,0.769088,0.17568,11.41,5.74875,4.06875,-12.904,-24.640001,24.800001,none,4,7.0,44293.0,190430.0,102854.0,200730.0,108632.0
2026-04-14 18:14:24.221366,833804,1609507957824301,5557793754,-0.940864,0.769088,0.17568,7.84875,3.28125,0.58625,-12.904,-24.640001,24.800001,none,4,7.0,44293.0,190430.0,102854.0,200730.0,108632.0
2026-04-14 18:14:24.224277,833805,1609507957838826,5557808680,-0.821792,0.921344,0.388448,6.50125,-0.77875,1.8025,-14.264001,-24.576,24.648,none,4,7.0,44293.0,190430.0,102854.0,200730.0,108632.0
2026-04-14 18:14:24.226823,833806,1609507957847857,5557817427,-0.821792,0.921344,0.388448,1.14625,-4.29625,3.36875,-14.264001,-24.576,24.648,none,4,7.0,44293.0,190430.0,102854.0,200730.0,108632.0
2026-04-14 18:14:24.253888,833817,1609507957856855,5557826217,-0.700768,0.573888,0.573888,-7.07,-4.59375,2.26625,-14.312,-24.912,23.888,none,4,7.0,46086.0,191177.0,106427.0,200635.0,112679.0
2026-04-14 18:14:24.256802,833818,1609507957871593,5557841136,-0.700768,0.573888,0.573888,-5.50375,-3.68375,-1.7675,-14.312,-24.912,23.888,none,4,7.0,46086.0,191177.0,106427.0,200635.0,112679.0
2026-04-14 18:14:24.259299,833819,1609507957880565,5557849858,-0.890112,0.491904,0.281088,6.58,-4.75125,-2.89625,-14.064001,-25.04,23.208,none,4,7.0,46086.0,191177.0,106427.0,200635.0,112679.0
2026-04-14 18:14:24.271396,833820,1609507957895094,5557864847,-0.669536,0.66368,0.18544,21.53375,-8.16375,-0.88375,-14.064001,-25.04,22.496,none,4,7.0,46086.0,191177.0,106427.0,200635.0,112679.0
2026-04-14 18:14:24.280527,833821,1609507957904045,5557873558,-0.669536,0.66368,0.18544,35.945,-8.68,2.84375,-12.512001,-26.152,22.496,none,4,7.0,46086.0,191177.0,106427.0,200635.0,112679.0
2026-04-14 18:14:24.296211,833822,1609507957918653,5557888489,-0.689056,0.7808,0.1464,47.38125,-4.375,4.96125,-13.000001,-26.480001,22.656,none,4,7.0,46086.0,191177.0,106427.0,200635.0,112679.0
2026-04-14 18:14:24.304338,833823,1609507957927787,5557897193,-0.689056,0.7808,0.1464,53.34,1.26875,4.06,-13.000001,-26.480001,22.656,none,4,7.0,46086.0,191177.0,106427.0,200635.0,112679.0
2026-04-14 18:14:24.314227,833824,1609507957936787,5557905894,-0.788608,0.691008,0.286944,51.555,4.34875,2.56375,-13.672001,-26.336,22.000002,none,4,7.0,46086.0,191177.0,106427.0,200635.0,112679.0
2026-04-14 18:14:24.351796,833835,1609507957951681,5557921325,-0.788608,0.691008,0.286944,46.27,3.9375,1.365,-13.672001,-26.336,22.000002,none,4,7.0,43945.0,190011.0,102287.0,199020.0,107975.0
2026-04-14 18:14:24.354349,833836,1609507957960852,5557930141,-0.80032,0.528992,0.18544,43.60125,1.96,0.175,-13.896001,-27.264002,20.752,none,4,7.0,43945.0,190011.0,102287.0,199020.0,107975.0
2026-04-14 18:14:24.356824,833837,1609507957975398,5557945204,-0.80032,0.733952,0.30256,50.732502,0.49,-0.55125,-13.896001,-27.264002,20.752,none,4,7.0,43945.0,190011.0,102287.0,199020.0,107975.0
2026-04-14 18:14:24.361807,833838,1609507957984394,5557953952,-0.76128,0.733952,0.30256,60.655,-1.35625,0.21875,-13.224001,-28.328001,19.912,none,4,7.0,43945.0,190011.0,102287.0,199020.0,107975.0
2026-04-14 18:14:24.369308,833839,1609507957993363,5557962794,-0.76128,0.733952,0.30256,66.955,-3.24625,1.07625,-13.224001,-28.328001,19.912,none,4,7.0,43945.0,190011.0,102287.0,199020.0,107975.0
2026-04-14 18:14:24.385169,833840,1609507958007863,5557977714,-0.739808,0.671488,-0.091744,63.7,-0.91875,2.135,-12.968,-28.52,20.304,none,4,7.0,43945.0,190011.0,102287.0,199020.0,107975.0
2026-04-14 18:14:24.392555,833841,1609507958016857,5557986477,-0.6832,0.59536,0.105408,57.05,5.9325,3.2725,-13.872001,-28.664001,20.056002,none,4,7.0,43945.0,190011.0,102287.0,199020.0,107975.0
2026-04-14 18:14:24.410463,833842,1609507958031448,5558001382,-0.6832,0.59536,0.105408,53.34,11.9,3.82375,-13.872001,-28.664001,20.056002,none,4,7.0,43945.0,190011.0,102287.0,199020.0,107975.0
2026-04-14 18:14:24.418041,833843,1609507958040403,5558010131,-0.71248,0.71248,0.230336,55.7375,16.555,3.5525,-13.968,-29.272001,18.256,none,4,7.0,43945.0,190011.0,102287.0,199020.0,107975.0
2026-04-14 18:14:24.425074,833844,1609507958049342,5558018870,-0.71248,0.71248,0.230336,64.1375,20.93,3.92,-13.968,-29.272001,18.256,none,4,7.0,43945.0,190011.0,102287.0,199020.0,107975.0
2026-04-14 18:14:24.455020,833855,1609507958063929,5558033835,-0.784704,0.79056,0.113216,64.33,21.51625,2.09125,-14.104001,-29.952002,19.144001,none,4,7.0,40768.0,191435.0,95852.0,200097.0,100513.0
2026-04-14 18:14:24.457475,833856,1609507958072855,5558042542,-0.784704,0.79056,0.113216,59.73625,23.6775,1.1025,-14.104001,-29.952002,19.144001,none,4,7.0,40768.0,191435.0,95852.0,200097.0,100513.0
2026-04-14 18:14:24.465004,833857,1609507958087421,5558057450,-0.745664,0.583648,0.20496,60.0075,26.915,-2.66,-13.160001,-31.256002,18.432001,none,4,7.0,40768.0,191435.0,95852.0,200097.0,100513.0
2026-04-14 18:14:24.476717,833858,1609507958096342,5558066142,-0.620736,0.259616,0.181536,77.1225,26.705,-7.81375,-13.160001,-31.256002,16.52,none,4,7.0,40768.0,191435.0,95852.0,200097.0,100513.0
2026-04-14 18:14:24.488861,833859,1609507958111037,5558081095,-0.620736,0.259616,0.181536,116.76875,26.53875,-12.32875,-13.184001,-31.656002,16.52,none,4,7.0,40768.0,191435.0,95852.0,200097.0,100513.0
2026-04-14 18:14:24.514196,833860,1609507958120116,5558089795,-1.067744,1.510848,-0.327936,145.59125,29.47875,-13.5975,-12.304001,-32.608,15.720001,none,4,7.0,40768.0,191435.0,95852.0,200097.0,100513.0
2026-04-14 18:14:24.538943,833861,1609507958129173,5558098475,-1.067744,1.510848,-0.327936,128.99251,33.55625,-0.11375,-12.304001,-32.608,15.720001,none,4,7.0,40768.0,191435.0,95852.0,200097.0,100513.0
2026-04-14 18:14:24.541789,833862,1609507958143678,5558113435,-0.845216,1.214144,-0.286944,61.74875,16.45,11.15625,-12.992001,-32.432003,16.064001,none,4,7.0,40768.0,191435.0,95852.0,200097.0,100513.0
2026-04-14 18:14:24.568685,833873,1609507958153057,5558122450,-0.845216,1.214144,-0.286944,-35.62125,-9.9925,-1.14625,-12.992001,-32.432003,16.064001,none,4,7.0,42487.0,185042.0,98312.0,193196.0,102800.0
2026-04-14 18:14:24.573607,833874,1609507958167686,5558137384,-0.66368,0.31232,0.01952,-82.9325,-15.23375,-10.2025,-13.064001,-31.808,17.032001,none,4,7.0,42487.0,185042.0,98312.0,193196.0,102800.0
2026-04-14 18:14:24.573699,833875,1609507958176833,5558146116,-0.66368,0.363072,0.158112,-71.70625,-3.80625,-9.63375,-13.064001,-31.808,17.504002,none,4,7.0,42487.0,185042.0,98312.0,193196.0,102800.0
2026-04-14 18:14:24.576199,833876,1609507958185891,5558154826,-0.866688,0.363072,0.158112,-33.94125,10.28125,-16.26625,-12.488001,-32.0,17.504002,none,4,7.0,42487.0,185042.0,98312.0,193196.0,102800.0
2026-04-14 18:14:24.579045,833877,1609507958200466,5558169783,-1.003328,0.808128,0.093696,16.89625,18.2175,-24.15,-12.288,-32.168003,17.152,none,4,7.0,42487.0,185042.0,98312.0,193196.0,102800.0
2026-04-14 18:14:24.585452,833878,1609507958209471,5558178507,-1.003328,0.808128,0.093696,68.39875,19.78375,-15.5225,-12.288,-32.168003,17.152,none,4,7.0,42487.0,185042.0,98312.0,193196.0,102800.0
2026-04-14 18:14:24.606742,833879,1609507958223984,5558193440,-0.880352,1.294176,0.066368,90.6675,15.96875,3.0975,-11.824,-33.56,13.880001,none,4,7.0,42487.0,185042.0,98312.0,193196.0,102800.0
2026-04-14 18:14:24.610229,833880,1609507958232922,5558202140,-0.880352,1.294176,0.066368,76.58875,7.42,13.13375,-11.824,-33.56,13.880001,none,4,7.0,42487.0,185042.0,98312.0,193196.0,102800.0
2026-04-14 18:14:24.616757,833881,1609507958242067,5558210857,-0.89792,1.188768,-0.0488,32.375,1.09375,7.5075,-13.200001,-32.992,15.720001,none,4,7.0,42487.0,185042.0,98312.0,193196.0,102800.0
2026-04-14 18:14:24.653074,833892,1609507958257175,5558225880,-0.89792,0.938912,-0.310368,-16.86125,-1.1375,-1.09375,-13.200001,-32.992,15.720001,none,4,7.0,39459.0,181510.0,93143.0,191490.0,95960.0
2026-04-14 18:14:24.655517,833893,1609507958266542,5558236690,-0.91744,0.93696,-0.310368,-51.37125,-4.2875,-5.32,-11.576,-32.752003,14.992001,none,4,7.0,39459.0,181510.0,93143.0,191490.0,95960.0
2026-04-14 18:14:24.668243,833894,1609507958281073,5558249634,-0.952576,0.866688,-0.532896,-69.32625,-12.5825,-5.64375,-11.944,-32.184002,15.920001,none,4,7.0,39459.0,181510.0,93143.0,191490.0,95960.0
2026-04-14 18:14:24.669999,833895,1609507958290489,5558260407,-0.952576,0.866688,-0.532896,-78.75875,-23.31,-2.9925,-11.944,-32.184002,15.920001,none,4,7.0,39459.0,181510.0,93143.0,191490.0,95960.0
2026-04-14 18:14:24.677362,833896,1609507958299398,5558269103,-0.80032,0.636352,-0.314272,-92.7675,-34.7025,0.14,-12.6,-31.216002,16.616001,none,4,7.0,39459.0,181510.0,93143.0,191490.0,95960.0
2026-04-14 18:14:24.691362,833897,1609507958313911,5558283979,-0.80032,0.636352,-0.314272,-110.11875,-43.82875,3.45625,-12.6,-31.216002,16.616001,none,4,7.0,39459.0,181510.0,93143.0,191490.0,95960.0
2026-04-14 18:14:24.698863,833898,1609507958322873,5558292699,-0.718336,0.730048,-0.245952,-116.87375,-49.9275,8.60125,-13.472001,-29.704,18.832,none,4,7.0,39459.0,181510.0,93143.0,191490.0,95960.0
2026-04-14 18:14:24.716382,833899,1609507958337376,5558307600,-0.718336,0.730048,0.128832,-111.43125,-50.505,11.82125,-13.472001,-29.704,18.832,none,4,7.0,39459.0,181510.0,93143.0,191490.0,95960.0
2026-04-14 18:14:24.724006,833900,1609507958346300,5558316278,-0.460672,0.83936,0.124928,-105.6125,-44.66875,16.93125,-14.104001,-29.160002,18.736,none,4,7.0,39459.0,181510.0,93143.0,191490.0,95960.0
2026-04-14 18:14:24.778942,833911,1609507958355332,5558325016,-0.460672,0.83936,0.124928,-130.03375,-45.3425,23.37125,-14.104001,-29.160002,18.736,none,4,7.0,44059.0,177780.0,101467.0,187427.0,106975.0
2026-04-14 18:14:24.781422,833912,1609507958370010,5558340119,-0.257664,0.472384,0.482144,-181.965,-49.07,14.175,-13.744,-27.248001,20.712002,none,4,7.0,44059.0,177780.0,101467.0,187427.0,106975.0
2026-04-14 18:14:24.783866,833913,1609507958378999,5558348826,-0.244,0.193248,0.187392,-199.87625,-48.265,-1.74125,-13.768001,-25.784,21.496,none,4,7.0,44059.0,177780.0,101467.0,187427.0,106975.0
2026-04-14 18:14:24.786504,833914,1609507958393684,5558363934,-0.244,0.193248,0.187392,-170.8175,-39.025,-6.85125,-13.768001,-25.784,21.496,none,4,7.0,44059.0,177780.0,101467.0,187427.0,106975.0
2026-04-14 18:14:24.788803,833915,1609507958402838,5558372680,-0.396256,0.5856,0.630496,-113.9075,-29.12,-8.715,-13.768001,-25.424002,22.592001,none,4,7.0,44059.0,177780.0,101467.0,187427.0,106975.0
2026-04-14 18:14:24.791532,833916,1609507958411822,5558381432,-0.396256,0.5856,0.630496,-63.25375,-17.78,-14.88375,-13.768001,-25.424002,22.592001,none,4,7.0,44059.0,177780.0,101467.0,187427.0,106975.0
2026-04-14 18:14:24.802709,833917,1609507958426328,5558396384,-0.6832,0.49776,0.591456,-44.0825,-8.7325,-14.83125,-13.552001,-25.256,22.664001,none,4,7.0,44059.0,177780.0,101467.0,187427.0,106975.0
2026-04-14 18:14:24.815331,833918,1609507958435269,5558405078,-0.6832,0.49776,0.591456,-39.4275,-3.47375,-17.24625,-13.552001,-25.256,22.664001,none,4,7.0,44059.0,177780.0,101467.0,187427.0,106975.0
2026-04-14 18:14:24.826500,833919,1609507958449796,5558420046,-0.774944,-0.091744,0.579744,-8.75875,-0.0175,-26.53875,-13.584001,-26.160002,22.384,none,4,7.0,44059.0,177780.0,101467.0,187427.0,106975.0
2026-04-14 18:14:24.853929,833930,1609507958459008,5558428789,-1.00528,0.27328,0.080032,59.80625,7.42,-34.475,-13.584001,-27.712002,20.616001,none,4,7.0,53691.0,202344.0,119552.0,205114.0,127097.0
2026-04-14 18:14:24.878957,833931,1609507958468263,5558437535,-1.00528,0.27328,0.080032,142.0475,15.645,-27.9475,-13.632001,-27.712002,20.616001,none,4,7.0,53691.0,202344.0,119552.0,205114.0,127097.0
2026-04-14 18:14:24.904452,833932,1609507958482822,5558452497,-1.303936,1.114592,0.08784,197.3125,19.3725,-10.115,-13.416,-29.392002,19.432001,none,4,7.0,53691.0,202344.0,119552.0,205114.0,127097.0
2026-04-14 18:14:24.906866,833933,1609507958491742,5558461203,-1.303936,1.114592,0.08784,192.98125,15.636251,8.785,-13.416,-29.392002,19.432001,none,4,7.0,53691.0,202344.0,119552.0,205114.0,127097.0
2026-04-14 18:14:24.909246,833934,1609507958506242,5558476097,-0.714432,1.095072,0.421632,128.24875,14.3675,13.09,-13.536,-29.712002,20.136002,none,4,7.0,53691.0,202344.0,119552.0,205114.0,127097.0
2026-04-14 18:14:24.911832,833935,1609507958515158,5558484796,-0.714432,1.095072,0.421632,53.865,15.636251,-0.48125,-13.536,-29.712002,20.136002,none,4,7.0,53691.0,202344.0,119552.0,205114.0,127097.0
2026-04-14 18:14:24.916816,833936,1609507958529661,5558499704,-0.558272,0.69296,0.228384,11.62875,17.24625,-3.92875,-14.592001,-29.560001,19.52,none,4,7.0,53691.0,202344.0,119552.0,205114.0,127097.0
2026-04-14 18:14:24.919297,833937,1609507958538626,5558508407,-0.558272,0.69296,-0.052704,11.8125,17.3775,1.2075,-14.592001,-29.560001,19.52,none,4,7.0,53691.0,202344.0,119552.0,205114.0,127097.0
2026-04-14 18:14:24.924308,833938,1609507958547554,5558517081,-0.804224,0.831552,-0.054656,30.12625,15.09375,-2.03875,-14.112,-29.920002,19.28,none,4,7.0,53691.0,202344.0,119552.0,205114.0,127097.0
2026-04-14 18:14:24.955082,833949,1609507958562174,5558532095,-0.952576,0.89792,-0.173728,33.7575,7.56875,-4.10375,-13.240001,-30.616001,18.344002,none,4,7.0,42840.0,184690.0,99447.0,194613.0,104785.0
2026-04-14 18:14:24.958019,833950,1609507958571308,5558540821,-0.952576,0.89792,-0.173728,12.285,-1.1375,-0.97125,-13.240001,-30.616001,18.344002,none,4,7.0,42840.0,184690.0,99447.0,194613.0,104785.0
2026-04-14 18:14:24.963049,833951,1609507958585825,5558555802,-0.759328,0.61488,0.081984,-11.08625,-13.3525,0.805,-13.192,-30.016,18.368,none,4,7.0,42840.0,184690.0,99447.0,194613.0,104785.0
2026-04-14 18:14:24.971389,833952,1609507958594789,5558564725,-0.759328,0.61488,0.081984,-21.37625,-10.22,-5.6,-13.192,-30.016,18.368,none,4,7.0,42840.0,184690.0,99447.0,194613.0,104785.0
2026-04-14 18:14:24.987804,833953,1609507958609409,5558579604,-0.724192,0.552416,0.206912,-10.815,-0.805,-16.44125,-13.72,-29.840002,19.528002,none,4,7.0,42840.0,184690.0,99447.0,194613.0,104785.0
2026-04-14 18:14:24.994285,833954,1609507958618359,5558588322,-0.724192,0.552416,0.206912,22.575,6.93875,-13.72,-13.72,-29.840002,19.528002,none,4,7.0,42840.0,184690.0,99447.0,194613.0,104785.0
2026-04-14 18:14:25.005246,833955,1609507958627309,5558597107,-0.827648,0.870592,0.226432,52.31625,7.90125,-9.7475,-13.392,-30.864002,17.720001,none,4,7.0,42840.0,184690.0,99447.0,194613.0,104785.0
2026-04-14 18:14:25.021383,833956,1609507958641925,5558612000,-0.737856,0.94672,-0.001952,51.485,4.15625,-6.0725,-13.032001,-30.944002,17.800001,none,4,7.0,42840.0,184690.0,99447.0,194613.0,104785.0
2026-04-14 18:14:25.026300,833957,1609507958650871,5558620722,-0.737856,0.94672,-0.001952,35.3325,0.2275,-0.83125,-13.032001,-30.944002,17.800001,none,4,7.0,42840.0,184690.0,99447.0,194613.0,104785.0
2026-04-14 18:14:25.054145,833968,1609507958665523,5558635717,-0.694912,0.696864,0.259616,15.18125,0.56,-1.33,-13.968,-30.728,18.960001,none,4,7.0,44135.0,188007.0,101609.0,196947.0,107184.0
2026-04-14 18:14:25.056650,833969,1609507958674477,5558644452,-0.694912,0.696864,0.259616,5.87125,7.4375,-6.825,-13.968,-30.728,18.960001,none,4,7.0,44135.0,188007.0,101609.0,196947.0,107184.0
2026-04-14 18:14:25.059296,833970,1609507958683628,5558653184,-0.919392,0.718336,-0.027328,12.39875,11.55,-10.8325,-13.888001,-31.400002,18.480001,none,4,7.0,44135.0,188007.0,101609.0,196947.0,107184.0
2026-04-14 18:14:25.074274,833971,1609507958698113,5558668093,-0.919392,0.718336,-0.027328,20.69375,8.085,-7.69125,-13.888001,-31.400002,18.480001,none,4,7.0,44135.0,188007.0,101609.0,196947.0,107184.0
2026-04-14 18:14:25.085541,833972,1609507958707059,5558676763,-0.743712,0.79056,0.093696,8.26,0.44625,-2.16125,-13.504001,-31.128002,18.656,none,4,7.0,44135.0,188007.0,101609.0,196947.0,107184.0
2026-04-14 18:14:25.099331,833973,1609507958721585,5558691654,-0.718336,0.554368,-0.064416,-13.79,-2.8,0.1925,-13.096001,-31.168001,17.224,none,4,7.0,44135.0,188007.0,101609.0,196947.0,107184.0
2026-04-14 18:14:25.106673,833974,1609507958730618,5558700370,-0.718336,0.554368,-0.064416,-20.055,2.5725,1.61,-13.096001,-31.168001,17.224,none,4,7.0,44135.0,188007.0,101609.0,196947.0,107184.0
2026-04-14 18:14:25.121385,833975,1609507958745147,5558715295,-0.882304,0.778848,0.124928,-13.055,9.4325,0.86625,-12.832001,-31.128002,17.424002,none,4,7.0,44135.0,188007.0,101609.0,196947.0,107184.0
2026-04-14 18:14:25.155150,833986,1609507958754235,5558723998,-0.882304,0.778848,0.124928,2.70375,12.18,-0.6475,-12.832001,-31.128002,17.424002,none,4,7.0,43246.0,187865.0,100022.0,197049.0,105337.0
2026-04-14 18:14:25.158078,833987,1609507958763400,5558732773,-0.827648,0.91744,0.07808,4.45375,7.91875,-0.5775,-13.168,-31.208002,17.992,none,4,7.0,43246.0,187865.0,100022.0,197049.0,105337.0
2026-04-14 18:14:25.160614,833988,1609507958777976,5558747731,-0.827648,0.91744,0.07808,-9.8525,3.43,-1.6625,-13.168,-31.208002,17.992,none,4,7.0,43246.0,187865.0,100022.0,197049.0,105337.0
2026-04-14 18:14:25.164342,833989,1609507958786907,5558756426,-0.905728,0.96624,0.162016,-28.1575,2.89625,-4.36625,-13.792001,-29.952002,20.416,none,4,7.0,43246.0,187865.0,100022.0,197049.0,105337.0
2026-04-14 18:14:25.178004,833990,1609507958801546,5558771301,-0.83936,0.669536,0.150304,-49.30625,1.96875,-8.42625,-13.440001,-30.04,18.552,none,4,7.0,43246.0,187865.0,100022.0,197049.0,105337.0
2026-04-14 18:14:25.187815,833991,1609507958810516,5558780033,-0.83936,0.669536,0.150304,-71.56625,-3.03625,-14.761251,-13.440001,-30.04,18.552,none,4,7.0,43246.0,187865.0,100022.0,197049.0,105337.0
2026-04-14 18:14:25.195643,833992,1609507958819600,5558788729,-0.83936,0.669536,0.150304,-88.55,-5.7225,-17.31625,-13.440001,-30.04,18.552,none,4,7.0,43246.0,187865.0,100022.0,197049.0,105337.0
2026-04-14 18:14:25.212707,833993,1609507958834088,5558803626,-0.808128,0.622688,0.181536,-90.3175,-3.45625,-15.18125,-12.192,-29.400002,21.656,none,4,7.0,43246.0,187865.0,100022.0,197049.0,105337.0
2026-04-14 18:14:25.222310,833994,1609507958843049,5558812377,-0.808128,0.689056,0.119072,-75.3025,0.48125,-13.85125,-11.984,-28.712002,20.112001,none,4,7.0,43246.0,187865.0,100022.0,197049.0,105337.0
2026-04-14 18:14:25.312874,834005,1609507958857847,5558827334,-0.808128,0.689056,0.119072,-61.888752,2.975,-13.440001,-11.984,-28.712002,20.112001,none,4,7.0,45483.0,187973.0,104154.0,198218.0,109715.0
2026-04-14 18:14:25.316336,834006,1609507958866862,5558836077,-0.767136,0.77104,0.222528,-57.16375,2.03,-11.43625,-12.864,-27.904001,21.84,none,4,7.0,45483.0,187973.0,104154.0,198218.0,109715.0
2026-04-14 18:14:25.318046,834007,1609507958875763,5558844800,-0.767136,0.77104,0.222528,-56.28,3.2725,-10.00125,-12.864,-27.904001,21.84,none,4,7.0,45483.0,187973.0,104154.0,198218.0,109715.0
2026-04-14 18:14:25.320451,834008,1609507958890262,5558859896,-0.835456,0.6832,0.281088,-53.97,5.94125,-11.2175,-12.304001,-27.816002,22.304,none,4,7.0,45483.0,187973.0,104154.0,198218.0,109715.0
2026-04-14 18:14:25.322878,834009,1609507958899200,5558868635,-0.835456,0.6832,0.281088,-49.07,8.16375,-11.83,-12.304001,-27.816002,22.304,none,4,7.0,45483.0,187973.0,104154.0,198218.0,109715.0
2026-04-14 18:14:25.325492,834010,1609507958913953,5558883669,-0.743712,0.5856,0.134688,-34.95625,11.59375,-7.07875,-12.72,-27.312002,21.608002,none,4,7.0,45483.0,187973.0,104154.0,198218.0,109715.0
2026-04-14 18:14:25.327915,834011,1609507958923013,5558892446,-0.808128,0.81984,0.310368,-17.955,14.77,-1.37375,-11.384001,-27.28,21.544,none,4,7.0,45483.0,187973.0,104154.0,198218.0,109715.0
2026-04-14 18:14:25.330443,834012,1609507958937640,5558907418,-0.808128,0.81984,0.310368,-10.89375,16.275,0.595,-11.384001,-27.28,21.544,none,4,7.0,45483.0,187973.0,104154.0,198218.0,109715.0
2026-04-14 18:14:25.332891,834013,1609507958946586,5558916126,-0.739808,0.694912,0.111264,-23.178751,17.19375,-1.225,-11.296001,-26.688002,22.016,none,4,7.0,45483.0,187973.0,104154.0,198218.0,109715.0
2026-04-14 18:14:25.363059,834024,1609507958955519,5558924804,-0.739808,0.694912,0.111264,-45.56125,16.17,-3.395,-11.296001,-26.688002,22.016,none,4,7.0,42487.0,182140.0,98915.0,192297.0,103564.0
2026-04-14 18:14:25.365253,834025,1609507958970545,5558939850,-0.759328,0.571936,0.021472,-63.35,14.8925,-3.94625,-11.152,-26.320002,22.464,none,4,7.0,42487.0,182140.0,98915.0,192297.0,103564.0
2026-04-14 18:14:25.390634,834026,1609507958979535,5558948611,-0.759328,0.571936,0.021472,-61.845,16.05625,-1.74125,-11.152,-26.320002,22.464,none,4,7.0,42487.0,182140.0,98915.0,192297.0,103564.0
2026-04-14 18:14:25.400596,834027,1609507958994166,5558963485,-1.003328,0.657824,0.169824,-46.165,18.20875,-3.08,-10.952001,-25.920002,22.920002,none,4,7.0,42487.0,182140.0,98915.0,192297.0,103564.0
2026-04-14 18:14:25.402444,834028,1609507959003250,5558972197,-1.013088,0.513376,0.12688,-29.75,20.4925,-5.22375,-10.096001,-25.824001,23.336,none,4,7.0,42487.0,182140.0,98915.0,192297.0,103564.0
2026-04-14 18:14:25.407006,834029,1609507959012332,5558980903,-1.013088,0.513376,0.12688,-18.89125,21.56,-5.32875,-10.096001,-25.824001,23.336,none,4,7.0,42487.0,182140.0,98915.0,192297.0,103564.0
2026-04-14 18:14:25.407500,834030,1609507959027227,5558995825,-0.837408,0.609024,0.144448,-4.62,22.1025,0.79625,-10.336,-26.048,22.992,none,4,7.0,42487.0,182140.0,98915.0,192297.0,103564.0
2026-04-14 18:14:25.413810,834031,1609507959036416,5559006615,-0.837408,0.609024,0.144448,12.27625,21.00875,8.44375,-10.336,-26.048,22.992,none,4,7.0,42487.0,182140.0,98915.0,192297.0,103564.0
2026-04-14 18:14:25.421179,834032,1609507959045356,5559015339,-0.872544,0.872544,0.02928,23.86125,17.605,11.8125,-10.592001,-26.464,22.784,none,4,7.0,42487.0,182140.0,98915.0,192297.0,103564.0
2026-04-14 18:14:25.459315,834043,1609507959060952,5559030534,-0.872544,0.872544,0.02928,33.90625,18.78625,19.425,-10.592001,-26.464,22.784,none,4,7.0,46962.0,189790.0,106902.0,197200.0,112527.0
2026-04-14 18:14:25.461297,834044,1609507959069975,5559039298,-0.901824,0.993568,0.076128,36.085,20.991251,27.536251,-11.288,-26.288002,20.800001,none,4,7.0,46962.0,189790.0,106902.0,197200.0,112527.0
2026-04-14 18:14:25.463901,834045,1609507959084528,5559054302,-1.0248,0.607072,0.230336,16.0475,23.42375,22.6975,-10.736,-25.920002,22.936,none,4,7.0,46962.0,189790.0,106902.0,197200.0,112527.0
2026-04-14 18:14:25.469337,834046,1609507959093570,5559063060,-1.0248,0.607072,0.230336,-9.765,30.66875,13.83375,-10.736,-25.920002,22.936,none,4,7.0,46962.0,189790.0,106902.0,197200.0,112527.0
2026-04-14 18:14:25.478048,834047,1609507959102641,5559071752,-1.0248,0.607072,0.25376,-15.02375,34.69375,16.616251,-10.736,-25.920002,22.936,none,4,7.0,46962.0,189790.0,106902.0,197200.0,112527.0
2026-04-14 18:14:25.494319,834048,1609507959117205,5559086664,-1.030656,0.554368,0.25376,2.275,38.01875,28.455,-10.056001,-26.624,21.808,none,4,7.0,46962.0,189790.0,106902.0,197200.0,112527.0
2026-04-14 18:14:25.504238,834049,1609507959126118,5559095357,-1.050176,0.714432,0.113216,34.055,43.33,39.76,-9.504001,-27.232,21.528002,none,4,7.0,46962.0,189790.0,106902.0,197200.0,112527.0
2026-04-14 18:14:25.516686,834050,1609507959140620,5559110375,-1.050176,0.714432,0.113216,70.44625,46.36625,47.24125,-9.504001,-27.232,21.528002,none,4,7.0,46962.0,189790.0,106902.0,197200.0,112527.0
2026-04-14 18:14:25.526725,834051,1609507959149554,5559119065,-0.940864,0.784704,0.2928,79.98375,48.405,46.0775,-9.568001,-27.616001,22.376001,none,4,7.0,46962.0,189790.0,106902.0,197200.0,112527.0
2026-04-14 18:14:25.560247,834062,1609507959164153,5559134309,-0.759328,0.550464,0.167872,71.56625,48.67625,40.5125,-10.928,-27.52,22.104002,none,4,7.0,50303.0,189564.0,113151.0,192580.0,119597.0
2026-04-14 18:14:25.562799,834063,1609507959173276,5559143033,-0.759328,0.550464,0.167872,69.0725,47.705,34.4925,-10.928,-27.52,22.104002,none,4,7.0,50303.0,189564.0,113151.0,192580.0,119597.0
2026-04-14 18:14:25.565270,834064,1609507959182237,5559151802,-0.759328,0.550464,0.167872,67.795,50.33,25.62,-10.928,-27.52,22.104002,none,4,7.0,50303.0,189564.0,113151.0,192580.0,119597.0
2026-04-14 18:14:25.572776,834065,1609507959196897,5559166789,-0.91744,1.110688,-0.080032,77.385,41.326252,23.28375,-11.120001,-28.608002,19.712002,none,4,7.0,50303.0,189564.0,113151.0,192580.0,119597.0
2026-04-14 18:14:25.584621,834066,1609507959205921,5559175525,-0.802272,1.557696,0.355264,70.06125,18.12125,29.1375,-10.592001,-27.936,21.04,none,4,7.0,50303.0,189564.0,113151.0,192580.0,119597.0
2026-04-14 18:14:25.617609,834067,1609507959220454,5559190426,-0.802272,1.557696,0.355264,-5.80125,-6.1775,24.85875,-10.592001,-27.936,21.04,none,4,7.0,50303.0,189564.0,113151.0,192580.0,119597.0
2026-04-14 18:14:25.620274,834068,1609507959229395,5559199177,-0.363072,0.476288,0.488,-100.975,-23.1875,9.70375,-9.68,-26.816002,20.888,none,4,7.0,50303.0,189564.0,113151.0,192580.0,119597.0
2026-04-14 18:14:25.622676,834069,1609507959238304,5559207851,-0.363072,0.476288,0.488,-143.815,-28.56,-3.465,-9.68,-26.816002,20.888,none,4,7.0,50303.0,189564.0,113151.0,192580.0,119597.0
2026-04-14 18:14:25.647749,834070,1609507959252832,5559222832,-0.435296,0.236192,0.144448,-101.2025,-32.27,-7.28875,-10.888001,-26.472002,22.024,none,4,7.0,50303.0,189564.0,113151.0,192580.0,119597.0
2026-04-14 18:14:25.705044,834081,1609507959261994,5559231591,-0.435296,0.236192,0.144448,-6.755,-25.7425,-3.17625,-10.888001,-26.472002,22.024,none,4,7.0,51156.0,214564.0,113113.0,212351.0,120925.0
2026-04-14 18:14:25.707663,834082,1609507959276576,5559246490,-0.32208,0.755424,0.074176,85.19,-20.76375,4.515,-11.288,-27.224,21.136002,none,4,7.0,51156.0,214564.0,113113.0,212351.0,120925.0
2026-04-14 18:14:25.710275,834083,1609507959285506,5559255179,-0.062464,0.786656,-0.044896,97.55375,-19.2675,4.13,-11.432,-27.184002,21.336,none,4,7.0,51156.0,214564.0,113113.0,212351.0,120925.0
2026-04-14 18:14:25.712772,834084,1609507959294530,5559263853,-0.062464,0.786656,-0.044896,4.20875,-19.3725,-9.17875,-11.432,-27.184002,21.336,none,4,7.0,51156.0,214564.0,113113.0,212351.0,120925.0
2026-04-14 18:14:25.715240,834085,1609507959308991,5559278758,-0.339648,0.601216,0.242048,-89.39,-12.36375,-18.82125,-10.272,-27.016,20.256,none,4,7.0,51156.0,214564.0,113113.0,212351.0,120925.0
2026-04-14 18:14:25.717746,834086,1609507959317986,5559287515,-0.339648,0.601216,0.242048,-65.3625,-0.13125,-10.77125,-10.272,-27.016,20.256,none,4,7.0,51156.0,214564.0,113113.0,212351.0,120925.0
2026-04-14 18:14:25.720314,834087,1609507959332753,5559302499,-0.40992,0.183488,0.218624,-1.54,4.26125,-19.80125,-9.808001,-27.536001,20.288,none,4,7.0,51156.0,214564.0,113113.0,212351.0,120925.0
2026-04-14 18:14:25.722598,834088,1609507959341726,5559311205,-0.40992,0.183488,0.218624,31.17625,15.47,-35.5775,-9.808001,-27.536001,20.288,none,4,7.0,51156.0,214564.0,113113.0,212351.0,120925.0
2026-04-14 18:14:25.733949,834089,1609507959356263,5559326120,-0.733952,0.577792,-0.128832,85.28625,18.795,-26.20625,-9.576,-27.936,19.640001,none,4,7.0,51156.0,214564.0,113113.0,212351.0,120925.0
2026-04-14 18:14:25.766528,834100,1609507959365225,5559334868,-0.962336,1.007232,-0.60512,112.91875,14.49875,-18.865,-11.152,-28.36,19.912,none,4,7.0,50900.0,210194.0,113633.0,210275.0,121678.0
2026-04-14 18:14:25.772154,834101,1609507959374238,5559343573,-0.962336,1.007232,-0.60512,78.5925,8.2775,-22.6625,-11.152,-28.36,19.912,none,4,7.0,50900.0,210194.0,113633.0,210275.0,121678.0
2026-04-14 18:14:25.772544,834102,1609507959388792,5559358551,-1.145824,0.769088,-0.220576,21.91,3.14125,-19.39875,-10.848001,-27.776001,20.488,none,4,7.0,50900.0,210194.0,113633.0,210275.0,121678.0
2026-04-14 18:14:25.773777,834103,1609507959397719,5559367240,-1.145824,0.769088,-0.220576,-41.0025,4.375,-18.87375,-10.848001,-27.776001,20.488,none,4,7.0,50900.0,210194.0,113633.0,210275.0,121678.0
2026-04-14 18:14:25.788938,834104,1609507959412228,5559382133,-1.149728,0.454816,-0.05856,-64.19875,6.81625,-20.85125,-9.832001,-28.152,21.616001,none,4,7.0,50900.0,210194.0,113633.0,210275.0,121678.0
2026-04-14 18:14:25.799267,834105,1609507959421219,5559390802,-1.149728,0.454816,-0.05856,-44.66875,10.255,-19.15375,-9.832001,-28.152,21.616001,none,4,7.0,50900.0,210194.0,113633.0,210275.0,121678.0
2026-04-14 18:14:25.811817,834106,1609507959435814,5559405759,-0.667584,0.472384,0.050752,10.78875,21.9625,-9.7825,-8.944,-28.800001,19.720001,none,4,7.0,50900.0,210194.0,113633.0,210275.0,121678.0
2026-04-14 18:14:25.821383,834107,1609507959444837,5559414477,-0.667584,0.472384,0.181536,69.97375,33.915,-3.36,-8.944,-28.800001,19.720001,none,4,7.0,50900.0,210194.0,113633.0,210275.0,121678.0
2026-04-14 18:14:25.830643,834108,1609507959453910,5559423188,-0.669536,0.646112,0.181536,100.86125,43.14625,-5.7575,-8.568001,-30.072,18.408,none,4,7.0,50900.0,210194.0,113633.0,210275.0,121678.0
2026-04-14 18:14:25.861826,834119,1609507959468529,5559438175,-0.52704,0.784704,0.269376,145.74875,34.43125,-8.04125,-8.400001,-31.224,16.672,none,4,7.0,58897.0,221997.0,126541.0,218115.0,136910.0
2026-04-14 18:14:25.866522,834120,1609507959477456,5559446928,-0.52704,0.784704,0.269376,128.59,7.42,-15.18125,-8.400001,-31.224,16.672,none,4,7.0,58897.0,221997.0,126541.0,218115.0,136910.0
2026-04-14 18:14:25.872463,834121,1609507959492072,5559462007,-0.821792,1.38592,-0.025376,75.25875,-7.23625,-22.35625,-8.432,-31.2,16.712,none,4,7.0,58897.0,221997.0,126541.0,218115.0,136910.0
2026-04-14 18:14:25.876666,834122,1609507959501071,5559470740,-0.821792,1.38592,-0.025376,2.14375,-21.60375,-27.0025,-8.432,-31.2,16.712,none,4,7.0,58897.0,221997.0,126541.0,218115.0,136910.0
2026-04-14 18:14:25.887718,834123,1609507959510024,5559479416,-0.997472,1.042368,-0.070272,-68.69625,-27.32625,-27.46625,-8.016001,-29.992,17.872002,none,4,7.0,58897.0,221997.0,126541.0,218115.0,136910.0
2026-04-14 18:14:25.901767,834124,1609507959524548,5559494324,-0.997472,1.042368,-0.070272,-103.01375,-29.51375,-15.72375,-8.016001,-29.992,17.872002,none,4,7.0,58897.0,221997.0,126541.0,218115.0,136910.0
2026-04-14 18:14:25.911777,834125,1609507959533496,5559503040,-0.776896,0.327936,0.076128,-95.92625,-27.23,-8.25125,-7.984,-29.432001,19.76,none,4,7.0,58897.0,221997.0,126541.0,218115.0,136910.0
2026-04-14 18:14:25.924344,834126,1609507959548047,5559518046,-0.905728,-0.042944,-0.056608,-50.47,-8.198751,-13.08125,-8.096001,-29.864002,19.008001,none,4,7.0,58897.0,221997.0,126541.0,218115.0,136910.0
2026-04-14 18:14:25.934325,834127,1609507959557006,5559526748,-0.905728,-0.042944,-0.056608,18.31375,9.8525,-25.38375,-8.096001,-29.864002,19.008001,none,4,7.0,58897.0,221997.0,126541.0,218115.0,136910.0
2026-04-14 18:14:26.006281,834138,1609507959571552,5559541744,-0.999424,0.96624,-0.064416,78.91625,13.34375,-26.11,-7.448,-31.088001,17.28,none,4,7.0,90188.0,245831.0,169849.0,236668.0,180597.0
2026-04-14 18:14:26.009458,834139,1609507959580508,5559550532,-0.999424,0.96624,-0.064416,104.545,6.3175,-16.87875,-7.448,-31.088001,17.28,none,4,7.0,90188.0,245831.0,169849.0,236668.0,180597.0
2026-04-14 18:14:26.033823,834140,1609507959589441,5559559216,-0.59536,1.364448,-0.089792,85.19875,2.555,-19.897501,-7.368001,-31.264002,17.04,none,4,7.0,90188.0,245831.0,169849.0,236668.0,180597.0
2026-04-14 18:14:26.051839,834141,1609507959603962,5559574106,-0.59536,1.364448,-0.089792,30.2575,-1.2775,-28.28875,-7.368001,-31.264002,17.04,none,4,7.0,90188.0,245831.0,169849.0,236668.0,180597.0
2026-04-14 18:14:26.053851,834142,1609507959612909,5559582825,-0.763232,0.774944,0.056608,-24.26375,-10.0625,-18.24375,-7.312,-30.872002,14.832001,none,4,7.0,90188.0,245831.0,169849.0,236668.0,180597.0
2026-04-14 18:14:26.060033,834143,1609507959627406,5559597705,-0.909632,0.197152,0.121024,-45.535,-11.97,-8.4875,-6.984,-30.704002,18.960001,none,4,7.0,90188.0,245831.0,169849.0,236668.0,180597.0
2026-04-14 18:14:26.060158,834144,1609507959636483,5559606348,-0.909632,0.197152,0.121024,-21.105,-6.86875,-12.29375,-6.984,-30.704002,18.960001,none,4,7.0,90188.0,245831.0,169849.0,236668.0,180597.0
2026-04-14 18:14:26.062359,834145,1609507959645527,5559615038,-0.909632,0.197152,0.121024,28.35,0.21875,-16.2225,-6.984,-30.704002,18.960001,none,4,7.0,90188.0,245831.0,169849.0,236668.0,180597.0
2026-04-14 18:14:26.091161,834156,1609507959660246,5559629939,-0.919392,0.589504,-0.22448,71.9075,6.4575,-18.5675,-7.664001,-31.688002,16.264,none,4,7.0,81035.0,244693.0,157119.0,236220.0,167281.0
2026-04-14 18:14:26.093708,834157,1609507959669203,5559638756,-0.899872,1.23952,-0.193248,93.2225,5.3725,-15.60125,-7.976,-32.24,17.240002,none,4,7.0,81035.0,244693.0,157119.0,236220.0,167281.0
2026-04-14 18:14:26.096136,834158,1609507959683710,5559653714,-0.899872,1.23952,-0.193248,76.1075,2.9225,-10.64,-7.976,-32.24,17.240002,none,4,7.0,81035.0,244693.0,157119.0,236220.0,167281.0
2026-04-14 18:14:26.098638,834159,1609507959692731,5559662456,-0.698816,0.938912,-0.15616,16.1875,-2.1875,-9.2225,-7.616,-31.856,17.144001,none,4,7.0,81035.0,244693.0,157119.0,236220.0,167281.0
2026-04-14 18:14:26.101296,834160,1609507959707448,5559677368,-0.80032,0.603168,-0.130784,-47.3025,-7.42875,-9.54625,-7.888001,-31.080002,18.272001,none,4,7.0,81035.0,244693.0,157119.0,236220.0,167281.0
2026-04-14 18:14:26.103739,834161,1609507959716456,5559686047,-0.80032,0.603168,-0.130784,-76.72875,-6.4575,-7.58625,-7.888001,-31.080002,18.272001,none,4,7.0,81035.0,244693.0,157119.0,236220.0,167281.0
2026-04-14 18:14:26.106134,834162,1609507959725457,5559694790,-0.80032,0.603168,-0.130784,-72.6775,-1.86375,-3.89375,-7.888001,-31.080002,18.272001,none,4,7.0,81035.0,244693.0,157119.0,236220.0,167281.0
2026-04-14 18:14:26.116395,834163,1609507959739970,5559709745,-0.905728,0.622688,-0.158112,-51.695,6.4925,1.65375,-8.248,-30.36,20.240002,none,4,7.0,81035.0,244693.0,157119.0,236220.0,167281.0
2026-04-14 18:14:26.126324,834164,1609507959748958,5559718425,-0.938912,0.694912,-0.050752,-25.48,15.93375,6.5625,-8.472,-30.600002,18.264,none,4,7.0,81035.0,244693.0,157119.0,236220.0,167281.0
2026-04-14 18:14:26.160178,834175,1609507959764054,5559733377,-0.938912,0.694912,-0.050752,-4.6725,23.23125,6.04625,-8.472,-30.600002,18.264,none,4,7.0,71640.0,238993.0,145186.0,232513.0,155220.0
2026-04-14 18:14:26.162602,834176,1609507959773061,5559742218,-0.815936,0.755424,-0.001952,10.7975,25.90875,7.805,-6.768,-31.160002,17.256,none,4,7.0,71640.0,238993.0,145186.0,232513.0,155220.0
2026-04-14 18:14:26.165102,834177,1609507959782020,5559750947,-0.815936,0.755424,-0.001952,16.205,25.69,10.78875,-6.768,-31.160002,17.256,none,4,7.0,71640.0,238993.0,145186.0,232513.0,155220.0
2026-04-14 18:14:26.176342,834178,1609507959796581,5559765844,-0.864736,0.767136,-0.23424,9.72125,23.415,11.4275,-6.696,-31.216002,16.792002,none,4,7.0,71640.0,238993.0,145186.0,232513.0,155220.0
2026-04-14 18:14:26.180207,834179,1609507959805484,5559774556,-0.864736,0.767136,-0.23424,-0.21,18.4275,13.011251,-6.696,-31.216002,16.792002,none,4,7.0,71640.0,238993.0,145186.0,232513.0,155220.0
2026-04-14 18:14:26.196473,834180,1609507959819960,5559789448,-0.845216,0.843264,-0.208864,-16.44125,13.755,13.25625,-7.792,-30.744001,18.2,none,4,7.0,71640.0,238993.0,145186.0,232513.0,155220.0
2026-04-14 18:14:26.205080,834181,1609507959828888,5559798147,-0.70272,0.530944,-0.277184,-34.18625,12.29375,11.08625,-7.536,-30.232002,18.256,none,4,7.0,71640.0,238993.0,145186.0,232513.0,155220.0
2026-04-14 18:14:26.214010,834182,1609507959837950,5559806822,-0.70272,0.530944,-0.277184,-40.41625,13.1425,10.2725,-7.536,-30.232002,18.256,none,4,7.0,71640.0,238993.0,145186.0,232513.0,155220.0
2026-04-14 18:14:26.227787,834183,1609507959852461,5559821916,-0.835456,0.581696,-0.247904,-31.8675,12.74875,8.95125,-7.984,-30.456001,17.880001,none,4,7.0,71640.0,238993.0,145186.0,232513.0,155220.0
2026-04-14 18:14:26.260275,834194,1609507959861508,5559830642,-0.835456,0.581696,-0.247904,-16.695,9.6775,9.30125,-7.984,-30.456001,17.880001,none,4,7.0,62316.0,230329.0,132529.0,226706.0,142330.0
2026-04-14 18:14:26.262707,834195,1609507959876175,5559845589,-0.747616,0.685152,-0.02928,-9.8,7.595,8.9075,-7.616,-30.192001,18.752,none,4,7.0,62316.0,230329.0,132529.0,226706.0,142330.0
2026-04-14 18:14:26.265280,834196,1609507959885120,5559854347,-0.747616,0.685152,-0.02928,-10.78,8.2425,7.25375,-7.616,-30.192001,18.752,none,4,7.0,62316.0,230329.0,132529.0,226706.0,142330.0
2026-04-14 18:14:26.276530,834197,1609507959899663,5559869284,-0.812032,0.726144,0.0,-14.595,7.0,4.55875,-7.896,-29.544,19.376001,none,4,7.0,62316.0,230329.0,132529.0,226706.0,142330.0
2026-04-14 18:14:26.285116,834198,1609507959908588,5559877975,-0.802272,0.786656,0.089792,-22.785,3.49125,2.7825,-7.896,-30.2,18.112001,none,4,7.0,62316.0,230329.0,132529.0,226706.0,142330.0
2026-04-14 18:14:26.294356,834199,1609507959917581,5559886700,-0.802272,0.786656,0.089792,-37.73875,-1.56625,1.63625,-6.552001,-30.2,18.112001,none,4,7.0,62316.0,230329.0,132529.0,226706.0,142330.0
2026-04-14 18:14:26.308091,834200,1609507959932095,5559901611,-0.737856,0.564128,0.095648,-49.06125,-3.42125,2.17,-7.64,-29.320002,18.592001,none,4,7.0,62316.0,230329.0,132529.0,226706.0,142330.0
2026-04-14 18:14:26.318125,834201,1609507959941015,5559910309,-0.737856,0.564128,0.095648,-44.1,-1.30375,3.96375,-7.64,-29.320002,18.592001,none,4,7.0,62316.0,230329.0,132529.0,226706.0,142330.0
2026-04-14 18:14:26.352998,834202,1609507959955514,5559925188,-0.91744,0.601216,-0.072224,-19.2675,2.5025,5.1625,-8.264,-29.336,19.592001,none,4,7.0,62316.0,230329.0,132529.0,226706.0,142330.0
2026-04-14 18:14:26.440457,834213,1609507959965182,5559934011,-0.91744,0.601216,-0.072224,13.3875,6.3525,6.5975,-8.264,-29.336,19.592001,none,4,7.0,60879.0,232589.0,129893.0,228108.0,139832.0
2026-04-14 18:14:26.442906,834214,1609507959974681,5559944763,-0.806176,0.772992,0.076128,39.3925,8.33875,8.3825,-7.936,-30.208002,19.352001,none,4,7.0,60879.0,232589.0,129893.0,228108.0,139832.0
2026-04-14 18:14:26.445469,834215,1609507959989437,5559959686,-0.835456,0.827648,0.089792,41.405,10.2375,8.68875,-7.880001,-29.992,18.632,none,4,7.0,60879.0,232589.0,129893.0,228108.0,139832.0
2026-04-14 18:14:26.447901,834216,1609507959998366,5559968356,-0.835456,0.827648,0.089792,22.6625,10.36875,7.23625,-7.880001,-29.992,18.632,none,4,7.0,60879.0,232589.0,129893.0,228108.0,139832.0
2026-04-14 18:14:26.450371,834217,1609507960012935,5559983272,-0.825696,0.710528,-0.072224,1.785,8.18125,6.1425,-7.784,-30.016,19.224,none,4,7.0,60879.0,232589.0,129893.0,228108.0,139832.0
2026-04-14 18:14:26.452937,834218,1609507960022025,5559991974,-0.825696,0.710528,-0.072224,-11.13875,7.11375,5.075,-7.784,-30.016,19.224,none,4,7.0,60879.0,232589.0,129893.0,228108.0,139832.0
2026-04-14 18:14:26.455165,834219,1609507960030938,5560000652,-0.802272,0.681248,-0.089792,-15.39125,6.405,2.94875,-7.744,-30.152002,18.168001,none,4,7.0,60879.0,232589.0,129893.0,228108.0,139832.0
2026-04-14 18:14:26.458083,834220,1609507960045405,5560015632,-0.802272,0.681248,-0.089792,-16.45875,6.67625,-0.51625,-7.744,-30.152002,18.168001,none,4,7.0,60879.0,232589.0,129893.0,228108.0,139832.0
2026-04-14 18:14:26.460565,834221,1609507960054418,5560024339,-0.77104,0.825696,-0.11712,-19.7575,6.545,-3.15875,-7.248,-29.720001,18.640001,none,4,7.0,60879.0,232589.0,129893.0,228108.0,139832.0
2026-04-14 18:14:26.490486,834232,1609507960069293,5560039321,-0.77104,0.8296,0.021472,-31.7975,5.8625,-4.83875,-7.248,-29.720001,18.640001,none,4,7.0,62676.0,243322.0,132692.0,237671.0,142854.0
2026-04-14 18:14:26.493049,834233,1609507960078319,5560048073,-0.749568,0.8296,0.021472,-49.07875,4.71625,-4.43625,-6.672,-29.160002,20.224,none,4,7.0,62676.0,243322.0,132692.0,237671.0,142854.0
2026-04-14 18:14:26.495645,834234,1609507960087382,5560056754,-0.749568,0.8296,0.021472,-62.728752,3.78875,-3.22875,-6.672,-29.160002,20.224,none,4,7.0,62676.0,243322.0,132692.0,237671.0,142854.0
2026-04-14 18:14:26.498068,834235,1609507960101922,5560071706,-0.837408,0.724192,0.052704,-66.5875,4.8825,-2.84375,-6.592001,-28.816002,21.504002,none,4,7.0,62676.0,243322.0,132692.0,237671.0,142854.0
2026-04-14 18:14:26.500597,834236,1609507960110854,5560080425,-0.812032,0.698816,0.064416,-59.57,7.28875,-1.1025,-6.688,-28.288002,19.408,none,4,7.0,62676.0,243322.0,132692.0,237671.0,142854.0
2026-04-14 18:14:26.503032,834237,1609507960125432,5560095320,-0.812032,0.698816,0.064416,-47.985,10.22,-0.21,-6.688,-28.288002,19.408,none,4,7.0,62676.0,243322.0,132692.0,237671.0,142854.0
2026-04-14 18:14:26.510664,834238,1609507960134492,5560104064,-0.962336,0.81008,0.16592,-35.65625,14.18375,0.3675,-6.616,-28.192001,20.392,none,4,7.0,62676.0,243322.0,132692.0,237671.0,142854.0
2026-04-14 18:14:26.526951,834239,1609507960149008,5560118965,-0.962336,0.81008,0.16592,-22.5925,17.96375,1.6275,-6.616,-28.192001,20.392,none,4,7.0,62676.0,243322.0,132692.0,237671.0,142854.0
2026-04-14 18:14:26.534214,834240,1609507960157966,5560127644,-1.087264,0.974048,0.179584,-13.265,19.3375,2.4325,-6.6,-27.632002,21.256,none,4,7.0,62676.0,243322.0,132692.0,237671.0,142854.0
2026-04-14 18:14:26.565123,834251,1609507960167222,5560136364,-1.087264,0.974048,0.179584,-15.42625,15.23375,1.82875,-6.6,-27.632002,21.256,none,4,7.0,60975.0,240113.0,130423.0,235278.0,140255.0
2026-04-14 18:14:26.567536,834252,1609507960181755,5560151395,-1.048224,1.018944,0.359168,-37.59875,4.48875,1.46125,-6.56,-27.448002,21.216002,none,4,7.0,60975.0,240113.0,130423.0,235278.0,140255.0
2026-04-14 18:14:26.570268,834253,1609507960190724,5560160156,-1.026752,0.894016,0.406016,-60.3925,-6.01125,5.8975,-6.856,-26.240002,22.416,none,4,7.0,60975.0,240113.0,130423.0,235278.0,140255.0
2026-04-14 18:14:26.583048,834254,1609507960205269,5560175081,-1.026752,0.894016,0.406016,-76.3525,-15.1375,9.47625,-6.856,-26.240002,22.416,none,4,7.0,60975.0,240113.0,130423.0,235278.0,140255.0
2026-04-14 18:14:26.589841,834255,1609507960214322,5560183834,-0.95648,0.706624,0.327936,-85.44375,-26.57375,11.375,-6.992,-25.248001,22.424002,none,4,7.0,60975.0,240113.0,130423.0,235278.0,140255.0
2026-04-14 18:14:26.601553,834256,1609507960223270,5560192521,-0.95648,0.706624,0.327936,-89.32875,-35.28875,13.51875,-6.992,-25.248001,22.424002,none,4,7.0,60975.0,240113.0,130423.0,235278.0,140255.0
2026-04-14 18:14:26.617968,834257,1609507960237850,5560207388,-0.915488,0.730048,0.347456,-94.03625,-37.73,16.30125,-8.72,-23.848001,23.984001,none,4,7.0,60975.0,240113.0,130423.0,235278.0,140255.0
2026-04-14 18:14:26.627710,834258,1609507960246770,5560216134,-0.915488,0.730048,0.347456,-100.33625,-46.655,18.24375,-8.72,-23.848001,23.984001,none,4,7.0,60975.0,240113.0,130423.0,235278.0,140255.0
2026-04-14 18:14:26.638837,834259,1609507960261303,5560231097,-0.851072,0.57584,0.372832,-99.6975,-57.75875,19.425,-8.64,-22.912,23.368002,none,4,7.0,60975.0,240113.0,130423.0,235278.0,140255.0
2026-04-14 18:14:26.718724,834270,1609507960270256,5560239904,-0.851072,0.57584,0.763232,-94.683754,-73.63125,25.08625,-8.64,-22.912,23.368002,none,4,7.0,49740.0,212416.0,112789.0,213134.0,121191.0
2026-04-14 18:14:26.744204,834271,1609507960279390,5560248684,-0.42944,0.968192,0.763232,-95.55,-90.1425,38.9725,-10.408001,-21.52,23.952002,none,4,7.0,49740.0,212416.0,112789.0,213134.0,121191.0
2026-04-14 18:14:26.759326,834272,1609507960293854,5560263602,0.066368,0.952576,1.013088,-107.957504,-103.01375,44.170002,-11.888001,-20.152,24.632002,none,4,7.0,49740.0,212416.0,112789.0,213134.0,121191.0
2026-04-14 18:14:26.761878,834273,1609507960302816,5560272276,0.066368,0.952576,1.013088,-123.73375,-106.35625,40.81875,-11.888001,-20.152,24.632002,none,4,7.0,49740.0,212416.0,112789.0,213134.0,121191.0
2026-04-14 18:14:26.764261,834274,1609507960317340,5560287214,0.236192,0.837408,0.835456,-121.26625,-100.61625,40.9675,-13.672001,-18.928001,24.824001,none,4,7.0,49740.0,212416.0,112789.0,213134.0,121191.0
2026-04-14 18:14:26.766832,834275,1609507960326328,5560295914,0.236192,0.837408,0.835456,-101.99875,-103.34625,47.59125,-13.672001,-18.928001,24.824001,none,4,7.0,49740.0,212416.0,112789.0,213134.0,121191.0
2026-04-14 18:14:26.773081,834276,1609507960340861,5560310853,0.177632,0.886208,0.769088,-79.23125,-97.7725,56.13125,-15.152,-17.720001,24.584002,none,4,7.0,49740.0,212416.0,112789.0,213134.0,121191.0
2026-04-14 18:14:26.775545,834277,1609507960350032,5560319547,0.177632,0.886208,0.769088,-59.77125,-89.52125,63.23625,-15.152,-17.720001,24.584002,none,4,7.0,49740.0,212416.0,112789.0,213134.0,121191.0
2026-04-14 18:14:26.778081,834278,1609507960359074,5560328246,0.138592,0.983808,0.388448,-47.1975,-84.5775,71.925,-16.712,-17.136002,24.544,none,4,7.0,49740.0,212416.0,112789.0,213134.0,121191.0
2026-04-14 18:14:26.807423,834289,1609507960373687,5560343246,0.212768,1.091168,0.056608,-43.19,-80.26375,80.99875,-18.016,-15.336,25.288002,none,4,7.0,52297.0,217626.0,117699.0,222140.0,126657.0
2026-04-14 18:14:26.812304,834290,1609507960382608,5560351936,0.212768,1.091168,0.056608,-50.02375,-72.23125,87.47375,-18.016,-15.336,25.288002,none,4,7.0,52297.0,217626.0,117699.0,222140.0,126657.0
2026-04-14 18:14:26.812408,834291,1609507960397280,5560366916,0.226432,1.016992,0.232288,-73.92,-65.00375,89.215004,-20.104,-13.616,25.864,none,4,7.0,52297.0,217626.0,117699.0,222140.0,126657.0
2026-04-14 18:14:26.815444,834292,1609507960406294,5560375608,0.226432,1.016992,0.232288,-111.335,-57.16375,89.8625,-20.104,-13.616,25.864,none,4,7.0,52297.0,217626.0,117699.0,222140.0,126657.0
2026-04-14 18:14:26.817819,834293,1609507960415244,5560384406,0.144448,0.837408,0.20496,-146.22125,-46.10375,89.24125,-21.064001,-12.024,25.136002,none,4,7.0,52297.0,217626.0,117699.0,222140.0,126657.0
2026-04-14 18:14:26.820638,834294,1609507960429950,5560399362,0.144448,0.837408,0.20496,-157.92,-32.55875,84.53375,-21.064001,-12.024,25.136002,none,4,7.0,52297.0,217626.0,117699.0,222140.0,126657.0
2026-04-14 18:14:26.822939,834295,1609507960438903,5560408045,-0.179584,0.948672,0.269376,-135.35374,-18.26125,78.47,-20.560001,-10.248,25.464,none,4,7.0,52297.0,217626.0,117699.0,222140.0,126657.0
2026-04-14 18:14:26.830494,834296,1609507960453403,5560422923,-0.244,0.8784,0.329888,-96.81,-1.89,74.97,-21.304,-9.712001,25.800001,none,4,7.0,52297.0,217626.0,117699.0,222140.0,126657.0
2026-04-14 18:14:26.837634,834297,1609507960462461,5560431630,-0.244,0.8784,0.329888,-59.2725,13.886251,71.04125,-21.304,-9.712001,25.800001,none,4,7.0,52297.0,217626.0,117699.0,222140.0,126657.0
2026-04-14 18:14:26.865239,834308,1609507960477041,5560446576,-0.222528,0.569984,-0.113216,-24.15,28.192501,64.11125,-20.592001,-9.424001,25.512001,none,4,7.0,49217.0,178636.0,113174.0,188831.0,120575.0
2026-04-14 18:14:26.868037,834309,1609507960486033,5560455338,-0.222528,0.569984,-0.113216,9.45875,42.420002,55.41375,-20.592001,-9.424001,25.512001,none,4,7.0,49217.0,178636.0,113174.0,188831.0,120575.0
2026-04-14 18:14:26.870671,834310,1609507960495053,5560464145,-0.376736,0.86864,0.074176,33.94125,58.9925,42.55125,-20.400002,-9.936001,25.936,none,4,7.0,49217.0,178636.0,113174.0,188831.0,120575.0
2026-04-14 18:14:26.886797,834311,1609507960509834,5560479069,-0.376736,0.86864,0.074176,51.975,79.31875,25.2525,-20.400002,-9.936001,25.936,none,4,7.0,49217.0,178636.0,113174.0,188831.0,120575.0
2026-04-14 18:14:26.895679,834312,1609507960518804,5560488171,-0.9272,1.036512,-0.015616,73.84125,108.49125,11.7075,-19.016,-10.848001,26.056002,none,4,7.0,49217.0,178636.0,113174.0,188831.0,120575.0
2026-04-14 18:14:26.911511,834313,1609507960533302,5560503138,-1.089216,0.671488,-0.257664,89.50375,142.065,5.1275,-17.392,-11.952001,26.032001,none,4,7.0,49217.0,178636.0,113174.0,188831.0,120575.0
2026-04-14 18:14:26.918014,834314,1609507960542304,5560511872,-1.089216,0.671488,-0.257664,89.495,157.7625,-2.14375,-17.392,-11.952001,26.032001,none,4,7.0,49217.0,178636.0,113174.0,188831.0,120575.0
2026-04-14 18:14:26.929290,834315,1609507960551248,5560520587,-1.089216,0.671488,-0.257664,77.63875,150.47375,-8.3125,-17.392,-11.952001,26.032001,none,4,7.0,49217.0,178636.0,113174.0,188831.0,120575.0
2026-04-14 18:14:26.965358,834326,1609507960566292,5560535685,-1.1224,0.394304,-0.12688,90.20375,135.96625,-8.09375,-16.264,-13.072001,27.872002,none,4,7.0,133469.0,231886.0,213782.0,232513.0,231129.0
2026-04-14 18:14:26.968120,834327,1609507960575376,5560544458,-1.03456,0.99552,-0.271328,107.24,113.11125,-12.32,-15.408001,-14.280001,27.256,none,4,7.0,133469.0,231886.0,213782.0,232513.0,231129.0
2026-04-14 18:14:26.970725,834328,1609507960590095,5560559681,-1.03456,0.99552,-0.271328,109.051254,116.1825,-27.32625,-15.408001,-14.280001,27.256,none,4,7.0,133469.0,231886.0,213782.0,232513.0,231129.0
2026-04-14 18:14:26.976950,834329,1609507960599182,5560568416,-1.06384,1.042368,0.050752,99.225,115.3775,-45.98125,-14.624001,-15.296001,27.264002,none,4,7.0,133469.0,231886.0,213782.0,232513.0,231129.0
2026-04-14 18:14:26.984315,834330,1609507960608349,5560577108,-1.06384,1.042368,0.050752,67.31375,125.99125,-57.30375,-14.624001,-15.296001,27.264002,none,4,7.0,133469.0,231886.0,213782.0,232513.0,231129.0
2026-04-14 18:14:26.998865,834331,1609507960623238,5560592033,-1.438624,0.69296,-0.060512,28.58625,133.07,-50.4,-12.112,-15.536001,26.288002,none,4,7.0,133469.0,231886.0,213782.0,232513.0,231129.0
2026-04-14 18:14:27.009209,834332,1609507960632696,5560602788,-1.438624,0.69296,-0.216672,6.92125,118.72875,-34.20375,-12.112,-15.536001,26.288002,none,4,7.0,133469.0,231886.0,213782.0,232513.0,231129.0
2026-04-14 18:14:27.019157,834333,1609507960641686,5560611471,-1.321504,0.581696,-0.216672,13.43125,97.15125,-18.7075,-10.928,-15.856001,25.36,none,4,7.0,133469.0,231886.0,213782.0,232513.0,231129.0
2026-04-14 18:14:27.033088,834334,1609507960656193,5560626412,-1.085312,0.825696,-0.203008,37.61625,81.121254,-22.4525,-9.752001,-16.496,26.760002,none,4,7.0,133469.0,231886.0,213782.0,232513.0,231129.0
2026-04-14 18:14:27.111691,834345,1609507960665208,5560635145,-1.085312,0.825696,-0.203008,51.33625,73.465004,-29.785,-9.752001,-16.496,26.760002,none,4,7.0,117913.0,222725.0,185064.0,221354.0,200741.0
2026-04-14 18:14:27.114238,834346,1609507960680172,5560650196,-0.987712,1.247328,-0.074176,38.745,75.74,-27.83375,-8.768001,-16.272001,26.352001,none,4,7.0,117913.0,222725.0,185064.0,221354.0,200741.0
2026-04-14 18:14:27.121290,834347,1609507960689277,5560658899,-0.987712,1.247328,-0.074176,-1.33,79.17,-24.78875,-8.768001,-16.272001,26.352001,none,4,7.0,117913.0,222725.0,185064.0,221354.0,200741.0
2026-04-14 18:14:27.124197,834348,1609507960698341,5560667578,-1.157536,1.20048,-0.21472,-71.61,74.76,-25.7075,-8.224,-14.312,26.832,none,4,7.0,117913.0,222725.0,185064.0,221354.0,200741.0
2026-04-14 18:14:27.126741,834349,1609507960712854,5560682509,-1.157536,1.20048,-0.21472,-152.81876,58.65125,-26.95,-8.224,-14.312,26.832,none,4,7.0,117913.0,222725.0,185064.0,221354.0,200741.0
2026-04-14 18:14:27.129338,834350,1609507960721766,5560691194,-0.954528,0.493856,0.060512,-207.095,39.06875,-20.85125,-7.376,-11.72,28.04,none,4,7.0,117913.0,222725.0,185064.0,221354.0,200741.0
2026-04-14 18:14:27.131366,834351,1609507960736429,5560706085,-0.843264,0.242048,0.140544,-209.36125,30.24,-9.72125,-6.824,-9.712001,28.584002,none,4,7.0,117913.0,222725.0,185064.0,221354.0,200741.0
2026-04-14 18:14:27.133718,834352,1609507960745375,5560714758,-0.843264,0.242048,0.140544,-174.23,41.43125,-7.56875,-6.824,-9.712001,28.584002,none,4,7.0,117913.0,222725.0,185064.0,221354.0,200741.0
2026-04-14 18:14:27.136762,834353,1609507960759913,5560729707,-0.923296,0.353312,0.486048,-114.8175,64.33875,-12.0575,-5.184,-9.144,29.672,none,4,7.0,117913.0,222725.0,185064.0,221354.0,200741.0
2026-04-14 18:14:27.166818,834364,1609507960769345,5560738830,-0.923296,0.353312,0.486048,-48.22125,83.9825,-11.261251,-5.184,-9.144,29.672,none,4,7.0,108057.0,210170.0,171620.0,208783.0,187278.0
2026-04-14 18:14:27.169245,834365,1609507960778343,5560747565,-1.20048,0.708576,0.612928,8.88125,89.6175,-6.335,-5.344,-9.080001,29.752,none,4,7.0,108057.0,210170.0,171620.0,208783.0,187278.0
2026-04-14 18:14:27.171358,834366,1609507960792884,5560762652,-1.20048,0.708576,0.612928,36.5575,79.38,0.1575,-5.344,-9.080001,29.752,none,4,7.0,108057.0,210170.0,171620.0,208783.0,187278.0
2026-04-14 18:14:27.180605,834367,1609507960801821,5560771348,-1.147776,1.0736,0.306464,29.33,60.85625,2.485,-4.496,-9.136001,28.352001,none,4,7.0,108057.0,210170.0,171620.0,208783.0,187278.0
2026-04-14 18:14:27.194084,834368,1609507960816506,5560786304,-0.778848,0.979904,-0.216672,-9.59875,30.1,2.6775,-3.664,-8.160001,29.168001,none,4,7.0,108057.0,210170.0,171620.0,208783.0,187278.0
2026-04-14 18:14:27.201624,834369,1609507960825432,5560795057,-0.778848,0.979904,-0.216672,-65.38,6.265,-0.28,-3.664,-8.160001,29.168001,none,4,7.0,108057.0,210170.0,171620.0,208783.0,187278.0
2026-04-14 18:14:27.210400,834370,1609507960834365,5560803743,-0.591456,0.460672,-0.050752,-120.05,-6.48375,-6.86875,-3.664,-8.160001,29.352001,none,4,7.0,108057.0,210170.0,171620.0,208783.0,187278.0
2026-04-14 18:14:27.225606,834371,1609507960848870,5560818629,-0.593408,0.460672,-0.050752,-144.34,1.28625,-8.05,-3.176,-6.368001,29.352001,none,4,7.0,108057.0,210170.0,171620.0,208783.0,187278.0
2026-04-14 18:14:27.236790,834372,1609507960857819,5560827313,-0.612928,0.33184,0.119072,-130.83875,24.710001,-0.18375,-2.592,-4.872,29.52,none,4,7.0,108057.0,210170.0,171620.0,208783.0,187278.0
2026-04-14 18:14:27.268070,834383,1609507960872582,5560842297,-0.612928,0.33184,0.119072,-95.515,52.482502,0.63875,-2.592,-4.872,29.52,none,4,7.0,113586.0,217810.0,179778.0,215493.0,196752.0
2026-04-14 18:14:27.270581,834384,1609507960881713,5560851124,-0.864736,0.607072,0.245952,-44.05625,76.195,-6.25625,-1.272,-5.072,30.160002,none,4,7.0,113586.0,217810.0,179778.0,215493.0,196752.0
2026-04-14 18:14:27.274747,834385,1609507960890659,5560859813,-0.864736,0.607072,0.245952,1.3125,87.92875,-10.96375,-1.272,-5.072,30.160002,none,4,7.0,113586.0,217810.0,179778.0,215493.0,196752.0
2026-04-14 18:14:27.283066,834386,1609507960905202,5560874764,-1.0736,1.007232,-0.046848,14.81375,81.69,-11.6025,-0.208,-5.568,29.416002,none,4,7.0,113586.0,217810.0,179778.0,215493.0,196752.0
2026-04-14 18:14:27.312999,834387,1609507960914180,5560883491,-1.0736,1.007232,-0.046848,3.3775,61.10125,-4.06875,-0.208,-5.568,29.416002,none,4,7.0,113586.0,217810.0,179778.0,215493.0,196752.0
2026-04-14 18:14:27.315579,834388,1609507960928659,5560898408,-1.009184,0.98576,0.158112,-40.22375,42.595,-2.38875,0.28,-4.384,28.656002,none,4,7.0,113586.0,217810.0,179778.0,215493.0,196752.0
2026-04-14 18:14:27.320621,834389,1609507960937589,5560907081,-0.763232,0.767136,-0.13664,-91.9975,38.87625,-4.305,0.904,-2.784,30.256,none,4,7.0,113586.0,217810.0,179778.0,215493.0,196752.0
2026-04-14 18:14:27.327673,834390,1609507960952123,5560922014,-0.763232,0.767136,-0.13664,-105.37625,25.27,23.24875,0.904,-2.784,30.256,none,4,7.0,113586.0,217810.0,179778.0,215493.0,196752.0
2026-04-14 18:14:27.337800,834391,1609507960961247,5560930719,-0.52704,0.181536,0.85888,-81.83875,3.115,24.6575,0.104,-1.52,30.528002,none,4,7.0,113586.0,217810.0,179778.0,215493.0,196752.0
2026-04-14 18:14:27.368813,834402,1609507960970687,5560939923,-0.52704,0.181536,0.85888,-73.01,0.14875,5.6525,0.104,-1.52,30.528002,none,4,7.0,103653.0,221679.0,173199.0,224480.0,189469.0
2026-04-14 18:14:27.371308,834403,1609507960985238,5560954956,-0.505568,0.5368,0.365024,-23.7125,14.752501,-10.71875,0.008,-2.12,29.712002,none,4,7.0,103653.0,221679.0,173199.0,224480.0,189469.0
2026-04-14 18:14:27.375634,834404,1609507960994203,5560963683,-0.505568,0.5368,0.365024,9.24875,10.4475,-21.30625,0.008,-2.12,29.712002,none,4,7.0,103653.0,221679.0,173199.0,224480.0,189469.0
2026-04-14 18:14:27.392410,834405,1609507961008754,5560978622,-0.544608,0.743712,0.226432,26.45125,1.58375,-16.63375,0.968,-2.664,29.080002,none,4,7.0,103653.0,221679.0,173199.0,224480.0,189469.0
2026-04-14 18:14:27.393597,834406,1609507961017703,5560987335,-0.942816,0.993568,0.093696,37.45,0.70875,-14.41125,0.328,-3.328,31.112001,none,4,7.0,103653.0,221679.0,173199.0,224480.0,189469.0
2026-04-14 18:14:27.403909,834407,1609507961026689,5560996012,-0.942816,0.993568,0.093696,44.86125,13.37,-16.17,0.328,-3.328,31.112001,none,4,7.0,103653.0,221679.0,173199.0,224480.0,189469.0
2026-04-14 18:14:27.416358,834408,1609507961041207,5561010969,-1.038464,1.100928,0.128832,45.50875,24.57875,-9.292501,1.368,-3.416,29.320002,none,4,7.0,103653.0,221679.0,173199.0,224480.0,189469.0
2026-04-14 18:14:27.428997,834409,1609507961050167,5561019737,-1.038464,1.100928,0.128832,12.78375,14.7875,0.4025,1.368,-3.416,29.320002,none,4,7.0,103653.0,221679.0,173199.0,224480.0,189469.0
2026-04-14 18:14:27.454037,834410,1609507961064677,5561034642,-0.798368,0.737856,0.144448,-23.80875,-5.53,9.23125,0.056,-2.344,29.312002,none,4,7.0,103653.0,221679.0,173199.0,224480.0,189469.0
2026-04-14 18:14:27.523918,834421,1609507961073714,5561043547,-0.798368,0.737856,0.144448,-42.72625,-15.16375,8.96,0.056,-2.344,29.312002,none,4,7.0,54545.0,198143.0,117432.0,205677.0,124594.0
2026-04-14 18:14:27.528995,834422,1609507961088384,5561058540,-0.616832,0.642208,0.284992,-45.82375,-7.6125,3.8325,1.36,-2.368,30.272001,none,4,7.0,54545.0,198143.0,117432.0,205677.0,124594.0
2026-04-14 18:14:27.531521,834423,1609507961097449,5561067327,-0.72224,0.708576,0.378688,-39.576252,4.27875,-0.945,1.352,-1.864,29.28,none,4,7.0,54545.0,198143.0,117432.0,205677.0,124594.0
2026-04-14 18:14:27.533956,834424,1609507961106382,5561076009,-0.72224,0.708576,0.378688,-28.6125,15.47,-1.65375,1.352,-1.864,29.28,none,4,7.0,54545.0,198143.0,117432.0,205677.0,124594.0
2026-04-14 18:14:27.536478,834425,1609507961121015,5561090882,-0.9272,0.77104,0.318176,-26.5825,22.05875,-2.35375,1.824,-1.424,30.064001,none,4,7.0,54545.0,198143.0,117432.0,205677.0,124594.0
2026-04-14 18:14:27.538948,834426,1609507961129961,5561099599,-0.9272,0.77104,0.318176,-38.745,20.34375,-0.98,1.824,-1.424,30.064001,none,4,7.0,54545.0,198143.0,117432.0,205677.0,124594.0
2026-04-14 18:14:27.541491,834427,1609507961144482,5561114535,-0.786656,0.612928,0.279136,-56.98875,4.82125,-0.02625,1.68,-0.264,30.528002,none,4,7.0,54545.0,198143.0,117432.0,205677.0,124594.0
2026-04-14 18:14:27.544008,834428,1609507961153476,5561123224,-0.786656,0.612928,0.279136,-63.23625,-9.6775,-3.57,1.68,-0.264,30.528002,none,4,7.0,54545.0,198143.0,117432.0,205677.0,124594.0
2026-04-14 18:14:27.546391,834429,1609507961162431,5561131909,-0.651968,0.665632,0.128832,-50.076252,-10.0625,-3.7975,1.072,0.296,30.768002,none,4,7.0,54545.0,198143.0,117432.0,205677.0,124594.0
2026-04-14 18:14:27.573654,834440,1609507961177518,5561147279,-0.737856,0.89792,0.271328,-28.630001,-2.23125,0.595,0.984,0.952,31.984001,none,4,7.0,41297.0,206762.0,97307.0,214446.0,101726.0
2026-04-14 18:14:27.576432,834441,1609507961186476,5561156001,-0.737856,0.89792,0.271328,-26.95875,3.94625,-0.5425,0.984,0.952,31.984001,none,4,7.0,41297.0,206762.0,97307.0,214446.0,101726.0
2026-04-14 18:14:27.578923,834442,1609507961201080,5561170898,-0.694912,0.5856,0.363072,-37.00375,4.26125,-2.59875,1.096,1.536,30.760002,none,4,7.0,41297.0,206762.0,97307.0,214446.0,101726.0
2026-04-14 18:14:27.585269,834443,1609507961210188,5561179638,-0.694912,0.5856,0.363072,-54.9675,-0.7875,-6.23875,1.096,1.536,30.760002,none,4,7.0,41297.0,206762.0,97307.0,214446.0,101726.0
2026-04-14 18:14:27.595299,834444,1609507961219155,5561188492,-0.66368,0.470432,0.456768,-61.6525,-2.33625,-6.36125,1.88,2.12,29.704,none,4,7.0,41297.0,206762.0,97307.0,214446.0,101726.0
2026-04-14 18:14:27.611320,834445,1609507961233744,5561203368,-0.66368,0.470432,0.456768,-58.12625,0.48125,-8.1025,1.88,2.12,29.704,none,4,7.0,41297.0,206762.0,97307.0,214446.0,101726.0
2026-04-14 18:14:27.619314,834446,1609507961242713,5561212080,-0.769088,0.452864,0.499712,-41.90375,3.57875,-14.07,1.336,2.736,30.048002,none,4,7.0,41297.0,206762.0,97307.0,214446.0,101726.0
2026-04-14 18:14:27.633108,834447,1609507961257201,5561227041,-0.804224,0.550464,0.247904,-27.20375,2.58125,-22.51375,1.336,2.736,30.952002,none,4,7.0,41297.0,206762.0,97307.0,214446.0,101726.0
2026-04-14 18:14:27.646086,834448,1609507961266165,5561235734,-0.804224,0.550464,0.247904,-20.65875,0.9275,-22.46125,1.296,2.632,30.952002,none,4,7.0,41297.0,206762.0,97307.0,214446.0,101726.0
2026-04-14 18:14:27.670445,834459,1609507961280746,5561250762,-0.8296,0.484096,0.1952,-20.09875,3.33375,-18.01625,2.76,3.264,29.640001,none,4,7.0,39965.0,205767.0,94604.0,213991.0,98944.0
2026-04-14 18:14:27.672937,834460,1609507961289755,5561259524,-0.8296,0.484096,0.1952,-26.3725,7.14875,-15.28625,2.76,3.264,29.640001,none,4,7.0,39965.0,205767.0,94604.0,213991.0,98944.0
2026-04-14 18:14:27.675506,834461,1609507961298725,5561268300,-0.86864,0.271328,0.320128,-37.42375,13.8075,-15.16375,2.8,3.536,28.256,none,4,7.0,39965.0,205767.0,94604.0,213991.0,98944.0
2026-04-14 18:14:27.691459,834462,1609507961313243,5561283204,-0.86864,0.271328,0.320128,-41.48375,20.6675,-12.18,2.8,3.536,28.256,none,4,7.0,39965.0,205767.0,94604.0,213991.0,98944.0
2026-04-14 18:14:27.699295,834463,1609507961322290,5561291900,-0.98576,0.212768,0.353312,-30.94,25.4625,-12.31125,3.056,4.144,30.400002,none,4,7.0,39965.0,205767.0,94604.0,213991.0,98944.0
2026-04-14 18:14:27.714294,834464,1609507961336781,5561306777,-0.98576,0.212768,0.353312,-13.90375,27.76375,-13.2475,3.056,4.144,30.400002,none,4,7.0,39965.0,205767.0,94604.0,213991.0,98944.0
2026-04-14 18:14:27.723052,834465,1609507961345730,5561315480,-0.944768,0.304512,0.349408,5.41625,28.88375,-9.205,3.336,3.68,28.208002,none,4,7.0,39965.0,205767.0,94604.0,213991.0,98944.0
2026-04-14 18:14:27.740298,834466,1609507961360255,5561330398,-1.001376,0.382592,0.318176,22.3125,29.26875,-9.5375,3.264,2.856,29.400002,none,4,7.0,39965.0,205767.0,94604.0,213991.0,98944.0
2026-04-14 18:14:27.770202,834477,1609507961369568,5561339160,-1.001376,0.382592,0.318176,36.74125,28.0,-13.9825,3.264,2.856,29.400002,none,4,7.0,43145.0,203270.0,100187.0,210673.0,105259.0
2026-04-14 18:14:27.772877,834478,1609507961378742,5561347971,-0.74176,0.392352,0.298656,51.70375,20.60625,-16.38,3.016,2.568,30.392002,none,4,7.0,43145.0,203270.0,100187.0,210673.0,105259.0
2026-04-14 18:14:27.775465,834479,1609507961393456,5561362888,-0.74176,0.392352,0.298656,57.05,8.58375,-20.116251,3.016,2.568,30.392002,none,4,7.0,43145.0,203270.0,100187.0,210673.0,105259.0
2026-04-14 18:14:27.778692,834480,1609507961402408,5561371609,-0.612928,0.46848,0.199104,62.6325,-4.3225,-23.51125,2.768,0.912,31.224,none,4,7.0,43145.0,203270.0,100187.0,210673.0,105259.0
2026-04-14 18:14:27.786699,834481,1609507961411367,5561380337,-0.612928,0.46848,0.199104,90.41375,-8.91625,-20.545,2.768,0.912,31.224,none,4,7.0,43145.0,203270.0,100187.0,210673.0,105259.0
2026-04-14 18:14:27.833931,834482,1609507961425928,5561395236,-0.669536,0.735904,0.062464,129.10625,-5.74,-17.89375,3.288,-1.352,29.28,none,4,7.0,43145.0,203270.0,100187.0,210673.0,105259.0
2026-04-14 18:14:27.846113,834483,1609507961434842,5561403958,-0.669536,0.735904,0.062464,146.2125,-0.91,-20.475,3.288,-1.352,29.28,none,4,7.0,43145.0,203270.0,100187.0,210673.0,105259.0
2026-04-14 18:14:27.848705,834484,1609507961449352,5561419014,-0.788608,0.979904,-0.208864,143.35126,2.1875,-12.97625,3.28,-3.224,29.376001,none,4,7.0,43145.0,203270.0,100187.0,210673.0,105259.0
2026-04-14 18:14:27.851406,834485,1609507961458322,5561427708,-0.788608,1.186816,-0.232288,115.59625,-0.83125,-3.7625,3.28,-3.224,29.376001,none,4,7.0,43145.0,203270.0,100187.0,210673.0,105259.0
2026-04-14 18:14:27.879297,834496,1609507961473350,5561442672,-0.511424,1.186816,-0.232288,83.79875,-6.09875,4.59375,3.08,-4.192,30.112001,none,4,7.0,80618.0,190408.0,149107.0,199076.0,160573.0
2026-04-14 18:14:27.881781,834497,1609507961482418,5561451458,-0.290848,1.389824,-0.046848,48.81625,-4.06875,0.07875,3.08,-3.936,29.072,none,4,7.0,80618.0,190408.0,149107.0,199076.0,160573.0
2026-04-14 18:14:27.884331,834498,1609507961491532,5561460288,-0.290848,1.389824,-0.046848,4.3925,13.41375,-19.495,3.08,-3.936,29.072,none,4,7.0,80618.0,190408.0,149107.0,199076.0,160573.0
2026-04-14 18:14:27.886831,834499,1609507961506494,5561475226,-0.759328,1.05408,0.890112,-40.67875,32.6375,-33.81,4.488,-3.784,29.696001,none,4,7.0,80618.0,190408.0,149107.0,199076.0,160573.0
2026-04-14 18:14:27.891834,834500,1609507961515980,5561486030,-0.759328,1.05408,0.890112,-32.0075,56.56,-11.06875,4.488,-3.784,29.696001,none,4,7.0,80618.0,190408.0,149107.0,199076.0,160573.0
2026-04-14 18:14:27.901842,834501,1609507961524917,5561494736,-1.497184,1.173152,0.460672,6.08125,64.925,11.34,4.36,-3.168,30.224,none,4,7.0,80618.0,190408.0,149107.0,199076.0,160573.0
2026-04-14 18:14:27.918057,834502,1609507961539565,5561509654,-1.022848,1.0248,0.042944,-5.215,45.19375,4.33125,3.48,-1.64,28.536001,none,4,7.0,80618.0,190408.0,149107.0,199076.0,160573.0
2026-04-14 18:14:27.925630,834503,1609507961548520,5561518350,-1.022848,1.0248,0.042944,-69.29125,-10.01875,0.90125,3.48,-1.64,28.536001,none,4,7.0,80618.0,190408.0,149107.0,199076.0,160573.0
2026-04-14 18:14:27.956692,834504,1609507961563082,5561533291,-0.324032,0.470432,0.230336,-140.525,-56.3675,-0.35,4.152,0.744,29.448002,none,4,7.0,80618.0,190408.0,149107.0,199076.0,160573.0
2026-04-14 18:14:27.984313,834515,1609507961572448,5561542052,-0.324032,0.470432,0.230336,-174.53625,-56.06125,-9.0125,4.152,0.744,29.448002,none,4,7.0,76862.0,211118.0,147216.0,220195.0,159746.0
2026-04-14 18:14:27.986821,834516,1609507961581496,5561550805,-0.61488,-0.037088,0.16592,-161.14,-18.27,-16.94875,3.672,2.248,30.368002,none,4,7.0,76862.0,211118.0,147216.0,220195.0,159746.0
2026-04-14 18:14:27.989026,834517,1609507961596100,5561565790,-0.61488,-0.037088,0.16592,-114.625,26.04875,-16.63375,3.672,2.248,30.368002,none,4,7.0,76862.0,211118.0,147216.0,220195.0,159746.0
2026-04-14 18:14:27.991290,834518,1609507961605107,5561574540,-1.091168,0.222528,0.398208,-63.56875,49.420002,-22.37375,4.264,2.592,30.960001,none,4,7.0,76862.0,211118.0,147216.0,220195.0,159746.0
2026-04-14 18:14:27.996844,834519,1609507961619643,5561589607,-0.979904,0.755424,0.160064,-5.48625,52.01,-35.2275,4.264,2.592,29.232002,none,4,7.0,76862.0,211118.0,147216.0,220195.0,159746.0
2026-04-14 18:14:28.005274,834520,1609507961628689,5561598313,-0.979904,0.755424,0.160064,26.04875,41.37,-43.28625,4.296,2.544,29.232002,none,4,7.0,76862.0,211118.0,147216.0,220195.0,159746.0
2026-04-14 18:14:28.019334,834521,1609507961643199,5561613394,-0.796416,0.862784,0.238144,20.23875,22.44375,-36.4,4.656,2.104,28.744001,none,4,7.0,76862.0,211118.0,147216.0,220195.0,159746.0
2026-04-14 18:14:28.029973,834522,1609507961652158,5561622097,-0.796416,0.862784,0.238144,-1.91625,8.95125,-32.99625,4.656,2.104,28.744001,none,4,7.0,76862.0,211118.0,147216.0,220195.0,159746.0
2026-04-14 18:14:28.037621,834523,1609507961661134,5561630806,-0.870592,0.5856,0.076128,-26.5125,5.45125,-34.4925,6.008,2.456,27.944002,none,4,7.0,76862.0,211118.0,147216.0,220195.0,159746.0
2026-04-14 18:14:28.073077,834534,1609507961675789,5561645813,-0.870592,0.5856,0.076128,-35.8925,11.06875,-30.4325,6.008,2.456,27.944002,none,4,7.0,57615.0,213693.0,122115.0,221976.0,129447.0
2026-04-14 18:14:28.075651,834535,1609507961684797,5561654616,-1.097024,0.79056,0.066368,-32.43625,21.385,-22.960001,6.432,3.376,28.752,none,4,7.0,57615.0,213693.0,122115.0,221976.0,129447.0
2026-04-14 18:14:28.078109,834536,1609507961699339,5561669547,-1.097024,0.79056,0.066368,-34.72,23.9225,-19.4075,6.432,3.376,28.752,none,4,7.0,57615.0,213693.0,122115.0,221976.0,129447.0
2026-04-14 18:14:28.085599,834537,1609507961708271,5561678230,-0.876448,0.445056,0.382592,-56.56875,12.495,-16.87875,6.176,4.648,29.912,none,4,7.0,57615.0,213693.0,122115.0,221976.0,129447.0
2026-04-14 18:14:28.094319,834538,1609507961717199,5561686897,-0.876448,0.445056,0.382592,-73.78,-0.175,-15.46125,6.176,4.648,29.912,none,4,7.0,57615.0,213693.0,122115.0,221976.0,129447.0
2026-04-14 18:14:28.108059,834539,1609507961731755,5561701820,-0.732,0.07808,0.425536,-65.65125,-1.015,-20.71125,5.8,5.44,29.776001,none,4,7.0,57615.0,213693.0,122115.0,221976.0,129447.0
2026-04-14 18:14:28.117504,834540,1609507961740711,5561710539,-0.944768,0.306464,0.249856,-37.826252,7.65625,-24.1675,5.84,5.096,28.36,none,4,7.0,57615.0,213693.0,122115.0,221976.0,129447.0
2026-04-14 18:14:28.132356,834541,1609507961755328,5561725414,-0.944768,0.306464,0.249856,-7.14875,12.88875,-25.43625,5.84,5.096,28.36,none,4,7.0,57615.0,213693.0,122115.0,221976.0,129447.0
2026-04-14 18:14:28.141669,834542,1609507961764327,5561734130,-0.923296,0.3416,0.199104,13.2475,10.00125,-27.02,6.344,4.568,28.608002,none,4,7.0,57615.0,213693.0,122115.0,221976.0,129447.0
2026-04-14 18:14:28.220712,834553,1609507961778965,5561749115,-0.923296,0.3416,0.199104,29.86375,5.11,-27.825,6.344,4.568,28.608002,none,4,7.0,47234.0,218176.0,107020.0,226397.0,113736.0
2026-04-14 18:14:28.222188,834554,1609507961788018,5561757866,-0.972096,0.5368,0.230336,39.59375,2.96625,-27.27375,6.552001,4.136,26.072,none,4,7.0,47234.0,218176.0,107020.0,226397.0,113736.0
2026-04-14 18:14:28.223655,834555,1609507961796988,5561766546,-0.972096,0.5368,0.230336,38.2725,5.9675,-23.86125,6.552001,4.136,26.072,none,4,7.0,47234.0,218176.0,107020.0,226397.0,113736.0
2026-04-14 18:14:28.226654,834556,1609507961811556,5561781514,-1.19072,0.650016,0.191296,25.38375,9.6075,-18.147501,6.512,4.36,28.656002,none,4,7.0,47234.0,218176.0,107020.0,226397.0,113736.0
2026-04-14 18:14:28.228738,834557,1609507961820512,5561790253,-1.19072,0.650016,0.199104,1.16375,7.91875,-11.7075,6.512,4.36,28.656002,none,4,7.0,47234.0,218176.0,107020.0,226397.0,113736.0
2026-04-14 18:14:28.231658,834558,1609507961835021,5561805145,-1.214144,0.50752,0.199104,-28.647501,1.225,-5.4425,6.408001,4.544,30.320002,none,4,7.0,47234.0,218176.0,107020.0,226397.0,113736.0
2026-04-14 18:14:28.234155,834559,1609507961843988,5561813833,-1.03456,0.085888,0.10736,-50.23375,-3.675,-0.97125,6.84,5.2,28.184002,none,4,7.0,47234.0,218176.0,107020.0,226397.0,113736.0
2026-04-14 18:14:28.236738,834560,1609507961852994,5561822588,-1.03456,0.085888,0.10736,-55.67625,-7.97125,-0.95375,6.84,5.2,28.184002,none,4,7.0,47234.0,218176.0,107020.0,226397.0,113736.0
2026-04-14 18:14:28.244168,834561,1609507961867559,5561837510,-1.114592,-0.244,0.064416,-38.45625,-17.91125,1.575,6.216,4.888,28.536001,none,4,7.0,47234.0,218176.0,107020.0,226397.0,113736.0
2026-04-14 18:14:28.277652,834573,1609507961876646,5561846428,-1.114592,-0.244,0.064416,8.7675,-27.0725,10.22875,6.216,4.888,28.536001,none,4,7.0,41866.0,211836.0,98949.0,219684.0,104835.0
2026-04-14 18:14:28.280639,834574,1609507961891204,5561861403,-1.280512,-0.03904,0.017568,68.3375,-31.73625,13.3175,4.888,3.584,29.840002,none,4,7.0,41866.0,211836.0,98949.0,219684.0,104835.0
2026-04-14 18:14:28.283083,834575,1609507961900331,5561870220,-1.280512,-0.03904,0.017568,119.07875,-42.23625,26.78375,4.888,3.584,29.840002,none,4,7.0,41866.0,211836.0,98949.0,219684.0,104835.0
2026-04-14 18:14:28.293101,834576,1609507961915036,5561885107,-1.313696,0.41968,-0.154208,141.3125,-64.47,48.1775,3.432,1.76,29.672,none,4,7.0,41866.0,211836.0,98949.0,219684.0,104835.0
2026-04-14 18:14:28.305073,834577,1609507961924016,5561893860,-1.21024,0.306464,0.140544,122.98125,-91.7,58.16125,1.664,0.032,29.648,none,4,7.0,41866.0,211836.0,98949.0,219684.0,104835.0
2026-04-14 18:14:28.312060,834578,1609507961933015,5561902613,-1.21024,0.306464,0.140544,93.49375,-116.488754,65.625,1.664,0.032,29.648,none,4,7.0,41866.0,211836.0,98949.0,219684.0,104835.0
2026-04-14 18:14:28.325531,834579,1609507961947530,5561917532,-1.011136,0.294752,-0.140544,86.9225,-132.23875,72.45,0.776,-1.528,29.872002,none,4,7.0,41866.0,211836.0,98949.0,219684.0,104835.0
2026-04-14 18:14:28.332596,834580,1609507961956452,5561926216,-1.011136,0.294752,-0.140544,82.73125,-141.58376,76.7375,0.776,-1.528,29.872002,none,4,7.0,41866.0,211836.0,98949.0,219684.0,104835.0
2026-04-14 18:14:28.375639,834591,1609507961970919,5561941195,-0.86864,0.199104,-0.138592,66.64875,-159.10126,72.24,-2.192,-2.32,30.04,none,4,7.0,43827.0,201384.0,102660.0,208406.0,109462.0
2026-04-14 18:14:28.378087,834592,1609507961979925,5561949892,-0.86864,0.199104,-0.138592,41.13375,-178.82375,66.94625,-2.192,-2.32,30.04,none,4,7.0,43827.0,201384.0,102660.0,208406.0,109462.0
2026-04-14 18:14:28.380398,834593,1609507961988900,5561958714,-0.56608,0.21472,-0.091744,17.85875,-193.01625,64.60125,-4.296,-2.736,30.240002,none,4,7.0,43827.0,201384.0,102660.0,208406.0,109462.0
2026-04-14 18:14:28.383074,834594,1609507962003506,5561973630,-0.286944,0.495808,0.035136,5.88875,-200.06876,57.42625,-7.528,-2.96,30.992,none,4,7.0,43827.0,201384.0,102660.0,208406.0,109462.0
2026-04-14 18:14:28.389349,834595,1609507962012457,5561982372,-0.286944,0.495808,0.035136,5.0925,-203.14,41.23875,-7.528,-2.96,30.992,none,4,7.0,43827.0,201384.0,102660.0,208406.0,109462.0
2026-04-14 18:14:28.404847,834596,1609507962026954,5561997280,0.00976,0.642208,0.226432,0.76125,-200.68124,20.16,-10.656,-2.84,29.408,none,4,7.0,43827.0,201384.0,102660.0,208406.0,109462.0
2026-04-14 18:14:28.413309,834597,1609507962035881,5562005972,0.00976,0.642208,0.226432,-9.21375,-192.9375,3.535,-10.656,-2.84,29.408,none,4,7.0,43827.0,201384.0,102660.0,208406.0,109462.0
2026-04-14 18:14:28.427137,834598,1609507962050469,5562018837,0.193248,0.794464,0.173728,-4.2175,-177.93124,-1.89,-11.88,-3.632,29.240002,none,4,7.0,43827.0,201384.0,102660.0,208406.0,109462.0
2026-04-14 18:14:28.436731,834599,1609507962059892,5562029687,0.193248,0.794464,0.173728,24.0275,-156.21375,-1.00625,-11.88,-3.632,29.240002,none,4,7.0,43827.0,201384.0,102660.0,208406.0,109462.0
2026-04-14 18:14:28.445642,834600,1609507962069107,5562038742,0.134688,0.921344,0.167872,55.825,-130.17375,-0.1925,-13.336,-5.264,28.760002,none,4,7.0,43827.0,201384.0,102660.0,208406.0,109462.0
2026-04-14 18:14:28.478087,834611,1609507962083785,5562053725,-0.042944,0.977952,0.040992,69.53625,-104.44875,-3.0625,-14.320001,-5.92,32.072002,none,4,7.0,60820.0,235948.0,131446.0,230486.0,141523.0
2026-04-14 18:14:28.480661,834612,1609507962092734,5562062466,-0.042944,0.977952,0.040992,77.595,-84.183754,-3.5525,-14.320001,-5.92,32.072002,none,4,7.0,60820.0,235948.0,131446.0,230486.0,141523.0
2026-04-14 18:14:28.484310,834613,1609507962107290,5562077398,-0.025376,0.911584,0.216672,68.915,-76.475,1.225,-16.736,-5.960001,29.144001,none,4,7.0,60820.0,235948.0,131446.0,230486.0,141523.0
2026-04-14 18:14:28.492665,834614,1609507962116273,5562086081,-0.025376,0.911584,0.216672,41.9475,-76.99125,8.8725,-16.736,-5.960001,29.144001,none,4,7.0,60820.0,235948.0,131446.0,230486.0,141523.0
2026-04-14 18:14:28.504243,834615,1609507962125426,5562094773,-0.021472,0.93696,0.134688,15.295,-76.51875,16.40625,-17.392,-6.136,28.880001,none,4,7.0,60820.0,235948.0,131446.0,230486.0,141523.0
2026-04-14 18:14:28.517939,834616,1609507962139948,5562109697,-0.021472,0.93696,0.134688,13.62375,-67.66375,23.9225,-17.392,-6.136,28.880001,none,4,7.0,60820.0,235948.0,131446.0,230486.0,141523.0
2026-04-14 18:14:28.525528,834617,1609507962148865,5562118390,-0.230336,1.079456,0.530944,26.85375,-55.6675,28.8575,-17.28,-7.248,27.688002,none,4,7.0,60820.0,235948.0,131446.0,230486.0,141523.0
2026-04-14 18:14:28.567800,834618,1609507962163381,5562133296,-0.32208,1.136064,0.548512,44.66875,-45.5525,30.79125,-18.76,-7.616,27.968,none,4,7.0,60820.0,235948.0,131446.0,230486.0,141523.0
2026-04-14 18:14:28.632588,834629,1609507962172312,5562142303,-0.32208,1.136064,0.548512,53.40125,-41.13375,32.92625,-18.76,-7.616,27.968,none,4,7.0,84904.0,262614.0,164414.0,254116.0,177100.0
2026-04-14 18:14:28.635609,834630,1609507962181296,5562151020,-0.32208,1.136064,0.548512,59.0975,-37.52875,38.22875,-18.76,-7.616,27.968,none,4,7.0,84904.0,262614.0,164414.0,254116.0,177100.0
2026-04-14 18:14:28.637750,834631,1609507962195900,5562166017,-0.284992,1.128256,0.587552,70.98,-31.325,45.482502,-20.320002,-7.848001,28.848001,none,4,7.0,84904.0,262614.0,164414.0,254116.0,177100.0
2026-04-14 18:14:28.640664,834632,1609507962204929,5562174872,-0.425536,1.09312,0.648064,87.185,-23.8875,53.7075,-22.272001,-8.64,28.720001,none,4,7.0,84904.0,262614.0,164414.0,254116.0,177100.0
2026-04-14 18:14:28.643061,834633,1609507962219418,5562189765,-0.425536,1.09312,0.648064,111.37875,-20.4225,70.455,-22.272001,-8.64,28.720001,none,4,7.0,84904.0,262614.0,164414.0,254116.0,177100.0
2026-04-14 18:14:28.645323,834634,1609507962228351,5562198476,-0.782752,1.460096,0.886208,142.99251,-25.03375,88.94375,-23.008001,-10.336,27.088001,none,4,7.0,84904.0,262614.0,164414.0,254116.0,177100.0
2026-04-14 18:14:28.648078,834635,1609507962242824,5562211391,-0.782752,1.460096,0.886208,176.4525,-28.14,96.81,-23.008001,-10.336,27.088001,none,4,7.0,84904.0,262614.0,164414.0,254116.0,177100.0
2026-04-14 18:14:28.650618,834636,1609507962252418,5562222248,-0.747616,1.350784,1.08336,188.93875,-29.4525,99.33875,-23.848001,-12.504001,23.856,none,4,7.0,84904.0,262614.0,164414.0,254116.0,177100.0
2026-04-14 18:14:28.652620,834637,1609507962261402,5562230946,-0.747616,1.350784,1.08336,193.7075,-34.755,103.845,-23.848001,-12.504001,23.856,none,4,7.0,84904.0,262614.0,164414.0,254116.0,177100.0
2026-04-14 18:14:28.684751,834648,1609507962276622,5562245979,-0.601216,0.905728,0.798368,181.405,-42.39375,98.0,-24.872002,-14.192,26.008001,none,4,7.0,137667.0,285615.0,224961.0,274010.0,239219.0
2026-04-14 18:14:28.684887,834649,1609507962285706,5562254821,-0.562176,1.087264,0.294752,157.64876,-48.44,90.9475,-26.336,-15.104001,24.128,none,4,7.0,137667.0,285615.0,224961.0,274010.0,239219.0
2026-04-14 18:14:28.687518,834650,1609507962294727,5562263678,-0.562176,1.087264,0.294752,143.84125,-50.68875,86.2575,-26.336,-15.104001,24.128,none,4,7.0,137667.0,285615.0,224961.0,274010.0,239219.0
2026-04-14 18:14:28.690158,834651,1609507962309235,5562278623,-0.474336,1.23952,0.337696,142.52,-49.857502,83.41375,-27.344002,-15.648001,23.144001,none,4,7.0,137667.0,285615.0,224961.0,274010.0,239219.0
2026-04-14 18:14:28.693890,834652,1609507962318170,5562287310,-0.474336,1.23952,0.337696,128.625,-42.665,78.35625,-27.344002,-15.648001,23.144001,none,4,7.0,137667.0,285615.0,224961.0,274010.0,239219.0
2026-04-14 18:14:28.710474,834653,1609507962332731,5562302183,-0.396256,1.18096,0.042944,112.81375,-30.26625,72.695,-27.744001,-16.584002,22.096,none,4,7.0,137667.0,285615.0,224961.0,274010.0,239219.0
2026-04-14 18:14:28.717624,834654,1609507962341698,5562310906,-0.396256,1.18096,0.042944,103.10125,-12.25875,69.15125,-27.744001,-16.584002,22.096,none,4,7.0,137667.0,285615.0,224961.0,274010.0,239219.0
2026-04-14 18:14:28.733079,834655,1609507962356349,5562325936,-0.374784,1.09312,-0.148352,81.26125,0.25375,65.56375,-27.224,-17.072,21.008001,none,4,7.0,137667.0,285615.0,224961.0,274010.0,239219.0
2026-04-14 18:14:28.751198,834656,1609507962365332,5562334645,-0.23424,1.05408,-0.089792,50.732502,5.67875,64.9775,-27.720001,-16.648,22.672,none,4,7.0,137667.0,285615.0,224961.0,274010.0,239219.0
2026-04-14 18:14:28.775321,834667,1609507962374315,5562343460,-0.23424,1.05408,-0.089792,26.7575,4.59375,70.21875,-27.720001,-16.648,22.672,none,4,7.0,116824.0,272349.0,198161.0,262552.0,213450.0
2026-04-14 18:14:28.777759,834668,1609507962389747,5562358431,-0.261568,0.89792,0.121024,38.92875,4.08625,77.49875,-28.376001,-16.656,20.648,none,4,7.0,116824.0,272349.0,198161.0,262552.0,213450.0
2026-04-14 18:14:28.780242,834669,1609507962399074,5562369276,-0.261568,0.89792,0.121024,68.24125,7.41125,71.9775,-28.376001,-16.656,20.648,none,4,7.0,116824.0,272349.0,198161.0,262552.0,213450.0
2026-04-14 18:14:28.787587,834670,1609507962408112,5562378007,-0.386496,0.952576,0.115168,103.4775,5.32,62.37875,-28.752,-17.744001,19.76,none,4,7.0,116824.0,272349.0,198161.0,262552.0,213450.0
2026-04-14 18:14:28.800186,834671,1609507962422718,5562392901,-0.386496,0.952576,0.115168,132.86,2.9925,56.4025,-28.752,-17.744001,19.76,none,4,7.0,116824.0,272349.0,198161.0,262552.0,213450.0
2026-04-14 18:14:28.807646,834672,1609507962431696,5562401607,-0.28304,1.241472,-0.017568,142.6425,5.95875,56.5075,-29.136002,-18.36,19.192001,none,4,7.0,116824.0,272349.0,198161.0,262552.0,213450.0
2026-04-14 18:14:28.822731,834673,1609507962446221,5562416529,-0.017568,1.227808,-0.040992,116.59375,5.06625,54.1625,-29.744001,-17.768002,19.800001,none,4,7.0,116824.0,272349.0,198161.0,262552.0,213450.0
2026-04-14 18:14:28.833996,834674,1609507962455170,5562425231,-0.017568,1.227808,-0.040992,51.00375,-1.19875,47.20625,-29.744001,-17.768002,19.800001,none,4,7.0,116824.0,272349.0,198161.0,262552.0,213450.0
2026-04-14 18:14:28.845193,834675,1609507962469638,5562438053,0.066368,0.942816,0.105408,-16.54625,-19.27625,45.045002,-30.840002,-17.024,20.328001,none,4,7.0,116824.0,272349.0,198161.0,262552.0,213450.0
2026-04-14 18:14:28.879572,834686,1609507962479219,5562448903,0.066368,0.942816,0.105408,-44.8,-33.6525,47.48625,-30.840002,-17.024,20.328001,none,4,7.0,111750.0,270258.0,192688.0,261151.0,207608.0
2026-04-14 18:14:28.879972,834687,1609507962488199,5562457710,-0.040992,0.884256,-0.011712,-26.62625,-40.4075,51.05625,-31.816002,-16.464,20.048,none,4,7.0,111750.0,270258.0,192688.0,261151.0,207608.0
2026-04-14 18:14:28.881171,834688,1609507962502786,5562472785,-0.040992,0.884256,-0.011712,3.745,-44.91375,46.7075,-31.816002,-16.464,20.048,none,4,7.0,111750.0,270258.0,192688.0,261151.0,207608.0
2026-04-14 18:14:28.888792,834689,1609507962511845,5562481487,0.085888,1.116544,-0.347456,42.7875,-42.7175,39.2875,-32.792,-16.848001,18.472,none,4,7.0,111750.0,270258.0,192688.0,261151.0,207608.0
2026-04-14 18:14:28.896431,834690,1609507962520815,5562490225,0.085888,1.116544,-0.347456,71.54875,-43.53125,40.18875,-32.792,-16.848001,18.472,none,4,7.0,111750.0,270258.0,192688.0,261151.0,207608.0
2026-04-14 18:14:28.923943,834691,1609507962535348,5562505161,-0.013664,1.411296,-0.138592,75.66125,-48.64125,51.65125,-32.88,-17.184,17.640001,none,4,7.0,111750.0,270258.0,192688.0,261151.0,207608.0
2026-04-14 18:14:28.946519,834692,1609507962544290,5562513862,-0.013664,1.411296,-0.138592,48.2475,-53.585,67.19125,-32.88,-17.184,17.640001,none,4,7.0,111750.0,270258.0,192688.0,261151.0,207608.0
2026-04-14 18:14:28.948997,834693,1609507962558799,5562528780,-0.271328,1.387872,0.5856,6.3175,-60.576252,71.75875,-33.760002,-15.832001,17.456001,none,4,7.0,111750.0,270258.0,192688.0,261151.0,207608.0
2026-04-14 18:14:28.951541,834694,1609507962567857,5562537481,-0.083936,0.921344,-0.060512,-41.3175,-60.26125,52.2025,-33.800003,-15.024001,17.264,none,4,7.0,111750.0,270258.0,192688.0,261151.0,207608.0
2026-04-14 18:14:28.978881,834705,1609507962582383,5562550919,-0.083936,0.921344,-0.060512,-78.53125,-44.7475,22.522501,-33.800003,-15.024001,17.264,none,4,7.0,148237.0,296034.0,238002.0,284937.0,250205.0
2026-04-14 18:14:28.981751,834706,1609507962591776,5562561771,-0.060512,0.950624,-0.103456,-54.635002,-33.13625,18.48,-34.84,-14.608001,17.688002,none,4,7.0,148237.0,296034.0,238002.0,284937.0,250205.0
2026-04-14 18:14:28.984262,834707,1609507962600725,5562570513,-0.060512,0.950624,-0.103456,-16.9575,-27.34375,24.08875,-34.84,-14.608001,17.688002,none,4,7.0,148237.0,296034.0,238002.0,284937.0,250205.0
2026-04-14 18:14:28.991845,834708,1609507962615394,5562585454,-0.12688,1.153632,-0.044896,-9.073751,-15.60125,23.51125,-34.936,-14.496,17.560001,none,4,7.0,148237.0,296034.0,238002.0,284937.0,250205.0
2026-04-14 18:14:29.000593,834709,1609507962624513,5562594170,-0.12688,1.153632,-0.044896,-18.0775,-6.4225,16.73875,-34.936,-14.496,17.560001,none,4,7.0,148237.0,296034.0,238002.0,284937.0,250205.0
2026-04-14 18:14:29.016819,834710,1609507962639006,5562609081,-0.01952,0.997472,0.132736,-21.875,-2.87,5.25875,-34.384003,-14.320001,17.264,none,4,7.0,148237.0,296034.0,238002.0,284937.0,250205.0
2026-04-14 18:14:29.025644,834711,1609507962647967,5562617769,-0.267424,1.198528,-0.031232,-24.57,0.46375,-5.32,-34.848003,-14.392001,17.640001,none,4,7.0,148237.0,296034.0,238002.0,284937.0,250205.0
2026-04-14 18:14:29.033082,834712,1609507962656946,5562626543,-0.267424,1.198528,-0.031232,-10.4125,2.56375,-6.86,-34.848003,-14.392001,17.640001,none,4,7.0,148237.0,296034.0,238002.0,284937.0,250205.0
2026-04-14 18:14:29.048061,834713,1609507962671438,5562641467,-0.169824,1.333216,0.025376,5.55625,5.01375,-5.3725,-34.768,-14.392001,17.776001,none,4,7.0,148237.0,296034.0,238002.0,284937.0,250205.0
2026-04-14 18:14:29.076681,834724,1609507962680559,5562650214,-0.169824,1.333216,0.025376,6.25625,10.00125,-0.67375,-34.768,-14.392001,17.776001,none,4,7.0,154739.0,305311.0,246074.0,293343.0,256856.0
2026-04-14 18:14:29.078735,834725,1609507962695129,5562665360,-0.191296,1.300032,-0.093696,-10.2725,7.0,2.8875,-35.264,-13.776001,18.84,none,4,7.0,154739.0,305311.0,246074.0,293343.0,256856.0
2026-04-14 18:14:29.081719,834726,1609507962704133,5562674078,-0.191296,1.300032,-0.093696,-18.27,-6.65875,5.41625,-35.264,-13.776001,18.84,none,4,7.0,154739.0,305311.0,246074.0,293343.0,256856.0
2026-04-14 18:14:29.091721,834727,1609507962713222,5562682781,-0.181536,1.059936,0.00976,-21.00875,-21.93625,3.5175,-35.336002,-13.672001,18.944,none,4,7.0,154739.0,305311.0,246074.0,293343.0,256856.0
2026-04-14 18:14:29.106825,834728,1609507962727743,5562697654,-0.113216,1.046272,0.154208,-25.43625,-33.775,5.53,-34.736,-13.896001,17.696001,none,4,7.0,154739.0,305311.0,246074.0,293343.0,256856.0
2026-04-14 18:14:29.112809,834729,1609507962736820,5562706375,-0.113216,1.046272,0.154208,-9.5025,-32.06875,10.87625,-34.736,-13.896001,17.696001,none,4,7.0,154739.0,305311.0,246074.0,293343.0,256856.0
2026-04-14 18:14:29.129305,834730,1609507962751299,5562721264,-0.150304,1.194624,-0.173728,7.18375,-22.47875,16.02125,-34.888,-13.888001,18.264,none,4,7.0,154739.0,305311.0,246074.0,293343.0,256856.0
2026-04-14 18:14:29.136378,834731,1609507962760210,5562729968,-0.150304,1.194624,-0.173728,10.99875,-11.82125,23.21375,-34.888,-13.888001,18.264,none,4,7.0,154739.0,305311.0,246074.0,293343.0,256856.0
2026-04-14 18:14:29.152643,834732,1609507962774715,5562744943,-0.15616,1.442528,-0.337696,10.14125,-6.79,29.5925,-36.440002,-12.608001,20.032001,none,4,7.0,154739.0,305311.0,246074.0,293343.0,256856.0
2026-04-14 18:14:29.180367,834743,1609507962783780,5562753700,-0.15616,1.442528,-0.337696,1.88125,-8.2775,29.575,-36.440002,-12.608001,20.032001,none,4,7.0,130351.0,291420.0,214897.0,278440.0,226890.0
2026-04-14 18:14:29.182973,834744,1609507962792858,5562762496,-0.08784,1.227808,-0.226432,-8.855001,-15.33,31.40375,-35.568,-13.352,17.448,none,4,7.0,130351.0,291420.0,214897.0,278440.0,226890.0
2026-04-14 18:14:29.185417,834745,1609507962807443,5562777546,0.109312,1.097024,0.171776,-11.33125,-20.08125,40.985,-35.568,-12.872001,17.128,none,4,7.0,130351.0,291420.0,214897.0,278440.0,226890.0
2026-04-14 18:14:29.192632,834746,1609507962816392,5562786247,0.109312,1.097024,0.171776,-14.0525,-20.4575,45.482502,-35.248,-12.872001,17.128,none,4,7.0,130351.0,291420.0,214897.0,278440.0,226890.0
2026-04-14 18:14:29.231835,834747,1609507962830880,5562801134,0.074176,1.116544,-0.1464,-8.18125,-17.36875,49.638752,-35.376003,-12.504001,17.144001,none,4,7.0,130351.0,291420.0,214897.0,278440.0,226890.0
2026-04-14 18:14:29.234365,834748,1609507962839796,5562809834,0.074176,1.116544,-0.1464,0.2625,-17.6575,55.5275,-35.376003,-12.504001,17.144001,none,4,7.0,130351.0,291420.0,214897.0,278440.0,226890.0
2026-04-14 18:14:29.236932,834749,1609507962854299,5562822700,0.152256,1.262944,0.07808,7.53375,-18.31375,57.2075,-36.912003,-11.280001,18.376001,none,4,7.0,130351.0,291420.0,214897.0,278440.0,226890.0
2026-04-14 18:14:29.245306,834750,1609507962863561,5562833446,0.152256,1.262944,0.07808,10.3425,-16.54625,54.845,-36.912003,-11.280001,18.376001,none,4,7.0,130351.0,291420.0,214897.0,278440.0,226890.0
2026-04-14 18:14:29.248844,834751,1609507962872507,5562842238,0.035136,1.173152,-0.1464,0.315,-12.69625,54.6875,-36.544003,-10.784,18.024,none,4,7.0,130351.0,291420.0,214897.0,278440.0,226890.0
2026-04-14 18:14:29.325627,834762,1609507962887090,5562857243,0.035136,1.173152,-0.1464,-14.83125,-5.705,53.760002,-36.544003,-10.784,18.024,none,4,7.0,127745.0,290455.0,212106.0,277099.0,224100.0
2026-04-14 18:14:29.328082,834763,1609507962896164,5562865963,0.056608,1.011136,-0.025376,-17.00125,2.065,54.285,-36.432003,-10.592001,18.160002,none,4,7.0,127745.0,290455.0,212106.0,277099.0,224100.0
2026-04-14 18:14:29.330573,834764,1609507962910655,5562880838,0.1464,1.147776,-0.040992,-8.23375,8.88125,55.9125,-36.192,-9.992001,18.824001,none,4,7.0,127745.0,290455.0,212106.0,277099.0,224100.0
2026-04-14 18:14:29.339644,834765,1609507962919581,5562889522,0.1464,1.147776,-0.040992,-0.805,14.63,56.4025,-36.192,-9.992001,18.824001,none,4,7.0,127745.0,290455.0,212106.0,277099.0,224100.0
2026-04-14 18:14:29.340001,834766,1609507962928517,5562898231,0.183488,1.153632,0.093696,0.5775,19.64375,54.4075,-36.456,-9.496,20.888,none,4,7.0,127745.0,290455.0,212106.0,277099.0,224100.0
2026-04-14 18:14:29.341346,834767,1609507962943042,5562913166,0.183488,1.153632,0.093696,-1.6625,24.17625,48.64125,-36.456,-9.496,20.888,none,4,7.0,127745.0,290455.0,212106.0,277099.0,224100.0
2026-04-14 18:14:29.343707,834768,1609507962951996,5562921869,0.10736,1.138016,-0.027328,-3.12375,27.51,44.47625,-36.064003,-8.8,20.368,none,4,7.0,127745.0,290455.0,212106.0,277099.0,224100.0
2026-04-14 18:14:29.349565,834769,1609507962966641,5562936803,0.10736,1.138016,-0.027328,1.9425,28.35,41.2825,-36.064003,-8.8,20.368,none,4,7.0,127745.0,290455.0,212106.0,277099.0,224100.0
2026-04-14 18:14:29.353417,834770,1609507962975750,5562945522,0.152256,1.284416,-0.062464,1.8375,29.741251,39.6025,-34.784,-9.152,15.776001,none,4,7.0,127745.0,290455.0,212106.0,277099.0,224100.0
2026-04-14 18:14:29.380487,834781,1609507962990346,5562960536,0.228384,1.165344,0.037088,-10.08875,30.59,42.35875,-35.864002,-7.592001,19.872002,none,4,7.0,159687.0,298522.0,251450.0,285234.0,261538.0
2026-04-14 18:14:29.383092,834782,1609507962999316,5562969259,0.228384,1.165344,0.037088,-27.86,28.5775,48.02875,-35.864002,-7.592001,19.872002,none,4,7.0,159687.0,298522.0,251450.0,285234.0,261538.0
2026-04-14 18:14:29.385604,834783,1609507963008276,5562978000,0.228384,1.165344,-0.115168,-32.76875,24.22,52.07125,-35.864002,-7.592001,19.872002,none,4,7.0,159687.0,298522.0,251450.0,285234.0,261538.0
2026-04-14 18:14:29.400642,834784,1609507963022799,5562992938,0.1464,1.167296,-0.115168,-20.67625,21.60375,52.91125,-34.616,-7.304,19.376001,none,4,7.0,159687.0,298522.0,251450.0,285234.0,261538.0
2026-04-14 18:14:29.410644,834785,1609507963031733,5563001623,0.216672,1.27856,-0.064416,-9.49375,21.27125,54.97625,-33.656002,-7.048,19.768002,none,4,7.0,159687.0,298522.0,251450.0,285234.0,261538.0
2026-04-14 18:14:29.421259,834786,1609507963046249,5563014645,0.216672,1.27856,-0.064416,-8.04125,25.235,61.705,-33.656002,-7.048,19.768002,none,4,7.0,159687.0,298522.0,251450.0,285234.0,261538.0
2026-04-14 18:14:29.431871,834787,1609507963055462,5563025435,0.148352,1.33712,0.02928,-15.72375,26.78375,68.285,-33.752003,-5.848,21.456001,none,4,7.0,159687.0,298522.0,251450.0,285234.0,261538.0
2026-04-14 18:14:29.440170,834788,1609507963064480,5563034126,0.148352,1.33712,0.02928,-32.4275,22.8375,74.76,-33.752003,-5.848,21.456001,none,4,7.0,159687.0,298522.0,251450.0,285234.0,261538.0
2026-04-14 18:14:29.479301,834799,1609507963079089,5563049420,0.222528,1.16144,-0.08784,-43.076252,18.7425,81.8125,-34.304,-4.664,20.056002,none,4,7.0,192226.0,300296.0,289951.0,287556.0,293307.0
2026-04-14 18:14:29.481859,834800,1609507963088228,5563058240,0.222528,1.16144,-0.08784,-42.13125,16.54625,90.71125,-34.304,-4.664,20.056002,none,4,7.0,192226.0,300296.0,289951.0,287556.0,293307.0
2026-04-14 18:14:29.484311,834801,1609507963102818,5563073165,0.32208,1.237568,0.119072,-37.826252,17.29875,102.90875,-33.592003,-3.064,20.736,none,4,7.0,192226.0,300296.0,289951.0,287556.0,293307.0
2026-04-14 18:14:29.489322,834802,1609507963111820,5563081858,0.261568,0.972096,-0.101504,-49.2625,22.0675,112.402504,-33.104,-1.84,21.416,none,4,7.0,192226.0,300296.0,289951.0,287556.0,293307.0
2026-04-14 18:14:29.496323,834803,1609507963120814,5563090503,0.261568,0.972096,-0.101504,-40.60875,15.8375,115.73625,-33.104,-1.84,21.416,none,4,7.0,192226.0,300296.0,289951.0,287556.0,293307.0
2026-04-14 18:14:29.513061,834804,1609507963135370,5563105403,0.519232,0.929152,0.318176,-12.41625,11.69,119.595,-32.296,-0.52,21.536001,none,4,7.0,192226.0,300296.0,289951.0,287556.0,293307.0
2026-04-14 18:14:29.521444,834805,1609507963144292,5563114096,0.519232,0.929152,0.318176,-20.74625,13.3875,122.465004,-32.296,-0.52,21.536001,none,4,7.0,192226.0,300296.0,289951.0,287556.0,293307.0
2026-04-14 18:14:29.538887,834806,1609507963159025,5563129013,0.316224,1.09312,0.189344,-33.565,9.73875,120.07625,-32.816,0.888,20.104,none,4,7.0,192226.0,300296.0,289951.0,287556.0,293307.0
2026-04-14 18:14:29.544185,834807,1609507963168189,5563137716,0.316224,1.09312,0.189344,-32.47125,11.935,121.98375,-32.816,0.888,20.104,none,4,7.0,192226.0,300296.0,289951.0,287556.0,293307.0
2026-04-14 18:14:29.580637,834818,1609507963183065,5563152632,0.484096,1.052128,0.244,-56.1225,16.07375,133.6475,-31.528002,2.576,23.296001,none,4,7.0,207886.0,315067.0,309333.0,302095.0,306825.0
2026-04-14 18:14:29.583082,834819,1609507963192090,5563161528,0.525088,0.691008,0.325984,-73.57875,22.40875,143.6575,-30.520002,4.096,21.04,none,4,7.0,207886.0,315067.0,309333.0,302095.0,306825.0
2026-04-14 18:14:29.585642,834820,1609507963201062,5563170293,0.525088,0.691008,0.325984,-53.22625,26.38125,144.92625,-30.520002,4.096,21.04,none,4,7.0,207886.0,315067.0,309333.0,302095.0,306825.0
2026-04-14 18:14:29.593075,834821,1609507963215698,5563185204,0.484096,0.960384,0.261568,-15.82,31.01,141.1375,-30.04,5.024,21.416,none,4,7.0,207886.0,315067.0,309333.0,302095.0,306825.0
2026-04-14 18:14:29.600646,834822,1609507963224695,5563193919,0.484096,0.960384,0.261568,2.47625,38.82375,136.10625,-30.04,5.024,21.416,none,4,7.0,207886.0,315067.0,309333.0,302095.0,306825.0
2026-04-14 18:14:29.615245,834823,1609507963239233,5563208818,0.482144,0.76128,-0.074176,5.67,42.735,131.92375,-29.656002,6.696,22.000002,none,4,7.0,207886.0,315067.0,309333.0,302095.0,306825.0
2026-04-14 18:14:29.626111,834824,1609507963248161,5563217519,0.482144,0.76128,-0.074176,10.255,43.951252,128.89626,-29.656002,6.696,22.000002,none,4,7.0,207886.0,315067.0,309333.0,302095.0,306825.0
2026-04-14 18:14:29.632911,834825,1609507963257020,5563226223,0.49776,0.706624,0.001952,-0.95375,46.08625,126.840004,-27.928001,7.288001,21.152,none,4,7.0,207886.0,315067.0,309333.0,302095.0,306825.0
2026-04-14 18:14:29.657804,834826,1609507963271536,5563241285,0.503616,0.562176,0.037088,-7.8925,42.18375,133.63,-27.160002,8.568001,22.400002,none,4,7.0,207886.0,315067.0,309333.0,302095.0,306825.0
2026-04-14 18:14:29.714330,834837,1609507963280878,5563250524,0.503616,0.562176,0.037088,-18.76,35.44625,132.895,-27.160002,8.568001,22.400002,none,4,7.0,179037.0,330503.0,275595.0,316463.0,283435.0
2026-04-14 18:14:29.718690,834838,1609507963295563,5563265556,0.509472,0.437248,0.382592,-13.265,29.8375,126.44625,-27.144001,9.544001,23.752,none,4,7.0,179037.0,330503.0,275595.0,316463.0,283435.0
2026-04-14 18:14:29.718782,834839,1609507963304510,5563274274,0.509472,0.437248,0.382592,11.8825,30.7125,124.10125,-27.144001,9.544001,23.752,none,4,7.0,179037.0,330503.0,275595.0,316463.0,283435.0
2026-04-14 18:14:29.719845,834840,1609507963313587,5563282959,0.501664,0.632448,0.488,28.7875,38.63125,122.5875,-26.560001,10.584001,24.416,none,4,7.0,179037.0,330503.0,275595.0,316463.0,283435.0
2026-04-14 18:14:29.722465,834841,1609507963328145,5563297872,0.501664,0.632448,0.488,16.9925,46.55,116.4625,-26.560001,10.584001,24.416,none,4,7.0,179037.0,330503.0,275595.0,316463.0,283435.0
2026-04-14 18:14:29.725505,834842,1609507963337200,5563306588,0.6344,0.540704,0.203008,-3.66625,53.375,113.54875,-25.880001,11.736001,24.576,none,4,7.0,179037.0,330503.0,275595.0,316463.0,283435.0
2026-04-14 18:14:29.727986,834843,1609507963351759,5563321612,0.49776,0.54656,-0.119072,-26.705,54.74,110.29375,-24.256,12.168,24.488,none,4,7.0,179037.0,330503.0,275595.0,316463.0,283435.0
2026-04-14 18:14:29.737630,834844,1609507963360793,5563330328,0.49776,0.54656,-0.119072,-30.45,52.75375,106.12,-24.256,12.168,24.488,none,4,7.0,179037.0,330503.0,275595.0,316463.0,283435.0
2026-04-14 18:14:29.754798,834845,1609507963375290,5563345212,0.316224,0.835456,0.257664,-17.5,51.6425,102.43625,-21.880001,12.76,22.536001,none,4,7.0,179037.0,330503.0,275595.0,316463.0,283435.0
2026-04-14 18:14:29.781864,834856,1609507963384343,5563354035,0.316224,0.835456,0.257664,-7.86625,49.4375,102.80375,-21.880001,12.76,22.536001,none,4,7.0,72791.0,292926.0,145875.0,284976.0,156374.0
2026-04-14 18:14:29.784294,834857,1609507963393350,5563362824,0.201056,0.81008,0.070272,-37.02125,44.07375,102.515,-21.04,13.960001,23.648,none,4,7.0,72791.0,292926.0,145875.0,284976.0,156374.0
2026-04-14 18:14:29.786855,834858,1609507963408025,5563377705,0.201056,0.81008,0.070272,-49.16625,44.170002,99.23375,-21.04,13.960001,23.648,none,4,7.0,72791.0,292926.0,145875.0,284976.0,156374.0
2026-04-14 18:14:29.792616,834859,1609507963416966,5563386449,0.083936,0.398208,-0.054656,-70.805,43.02375,97.85125,-20.912,16.144001,23.696001,none,4,7.0,72791.0,292926.0,145875.0,284976.0,156374.0
2026-04-14 18:14:29.812771,834860,1609507963431621,5563401384,0.355264,-0.066368,0.074176,-102.15625,37.8175,92.5225,-20.912,18.192001,22.504002,none,4,7.0,72791.0,292926.0,145875.0,284976.0,156374.0
2026-04-14 18:14:29.819322,834861,1609507963440568,5563410143,0.355264,-0.066368,0.074176,-101.0975,34.99125,87.6225,-19.112001,16.896,22.504002,none,4,7.0,72791.0,292926.0,145875.0,284976.0,156374.0
2026-04-14 18:14:29.825572,834862,1609507963449536,5563418883,0.355264,-0.066368,0.074176,-68.66125,26.6,84.88375,-19.112001,16.896,22.504002,none,4,7.0,72791.0,292926.0,145875.0,284976.0,156374.0
2026-04-14 18:14:29.840619,834863,1609507963464034,5563433799,0.710528,0.355264,-0.236192,-28.665,15.435,76.545,-18.344002,17.6,22.792002,none,4,7.0,72791.0,292926.0,145875.0,284976.0,156374.0
2026-04-14 18:14:29.871375,834864,1609507963472964,5563442494,1.179008,0.491904,-0.544608,-10.91125,10.92,69.895,-17.344002,17.888,21.712002,none,4,7.0,72791.0,292926.0,145875.0,284976.0,156374.0
2026-04-14 18:14:29.898824,834875,1609507963487673,5563458028,1.179008,0.491904,-0.544608,-22.33875,20.545,78.75875,-17.344002,17.888,21.712002,none,4,7.0,76823.0,260118.0,152086.0,259704.0,160748.0
2026-04-14 18:14:29.906557,834876,1609507963496656,5563466726,0.950624,0.216672,-0.265472,-44.0825,44.0825,94.78,-17.408,19.448002,24.12,none,4,7.0,76823.0,260118.0,152086.0,259704.0,160748.0
2026-04-14 18:14:29.906645,834877,1609507963505722,5563475526,0.950624,0.216672,-0.265472,-42.857502,58.59875,102.34875,-17.408,19.448002,24.12,none,4,7.0,76823.0,260118.0,152086.0,259704.0,160748.0
2026-04-14 18:14:29.906696,834878,1609507963520307,5563490499,0.22448,-0.245952,0.964288,-17.395,38.47375,100.3625,-16.648,20.056002,24.232,none,4,7.0,76823.0,260118.0,152086.0,259704.0,160748.0
2026-04-14 18:14:29.908571,834879,1609507963529405,5563499220,0.22448,-0.245952,0.964288,-3.35125,-2.84375,102.96125,-16.648,20.056002,24.232,none,4,7.0,76823.0,260118.0,152086.0,259704.0,160748.0
2026-04-14 18:14:29.922148,834880,1609507963543930,5563514105,0.482144,0.31232,0.915488,-14.06125,-22.8375,117.88875,-15.688001,20.152,23.080002,none,4,7.0,76823.0,260118.0,152086.0,259704.0,160748.0
2026-04-14 18:14:29.930504,834881,1609507963552947,5563522874,0.716384,0.763232,0.0488,-42.6125,-25.4625,106.715004,-15.216001,22.048,20.248001,none,4,7.0,76823.0,260118.0,152086.0,259704.0,160748.0
2026-04-14 18:14:29.948107,834882,1609507963567453,5563537765,0.716384,0.763232,0.0488,-95.26125,-22.9075,79.38,-15.216001,22.048,20.248001,none,4,7.0,76823.0,260118.0,152086.0,259704.0,160748.0
2026-04-14 18:14:29.954415,834883,1609507963576491,5563546497,0.8784,0.03904,0.218624,-127.79375,-17.43,74.59375,-13.584001,23.288002,20.896002,none,4,7.0,76823.0,260118.0,152086.0,259704.0,160748.0
2026-04-14 18:14:29.981855,834894,1609507963585535,5563555264,0.8784,0.03904,0.218624,-120.4525,-22.00625,76.6675,-13.584001,23.288002,20.896002,none,4,7.0,202192.0,345426.0,304362.0,331066.0,306238.0
2026-04-14 18:14:29.984360,834895,1609507963600124,5563570252,0.821792,-0.05856,0.376736,-89.845,-29.89875,67.55,-14.272,23.712002,20.208,none,4,7.0,202192.0,345426.0,304362.0,331066.0,306238.0
2026-04-14 18:14:29.990709,834896,1609507963609105,5563579013,0.821792,-0.05856,0.376736,-53.725,-34.62375,59.36875,-14.272,23.712002,20.208,none,4,7.0,202192.0,345426.0,304362.0,331066.0,306238.0
2026-04-14 18:14:30.000070,834897,1609507963623649,5563593911,0.802272,0.191296,0.320128,-42.63,-35.11375,56.88375,-13.616,24.288002,19.048,none,4,7.0,202192.0,345426.0,304362.0,331066.0,306238.0
2026-04-14 18:14:30.026703,834898,1609507963632621,5563602632,0.802272,0.191296,0.206912,-57.05875,-31.43,59.75375,-13.616,24.288002,19.048,none,4,7.0,202192.0,345426.0,304362.0,331066.0,306238.0
2026-04-14 18:14:30.029252,834899,1609507963641566,5563611316,0.835456,0.216672,0.206912,-69.57125,-29.39125,64.30375,-12.920001,25.296001,20.184,none,4,7.0,202192.0,345426.0,304362.0,331066.0,306238.0
2026-04-14 18:14:30.055278,834900,1609507963656098,5563626198,0.831552,0.189344,0.49776,-74.34875,-30.58125,61.18875,-12.576,25.880001,17.720001,none,4,7.0,202192.0,345426.0,304362.0,331066.0,306238.0
2026-04-14 18:14:30.058040,834901,1609507963665032,5563634932,0.831552,0.189344,0.49776,-69.11625,-33.6525,55.2825,-12.576,25.880001,17.720001,none,4,7.0,202192.0,345426.0,304362.0,331066.0,306238.0
2026-04-14 18:14:30.060624,834902,1609507963679511,5563649832,0.86864,0.15616,0.472384,-57.925,-36.155,46.45375,-14.52,27.184002,19.432001,none,4,7.0,202192.0,345426.0,304362.0,331066.0,306238.0
2026-04-14 18:14:30.090908,834913,1609507963688622,5563658674,0.86864,0.15616,0.472384,-41.895,-36.6625,39.10375,-14.52,27.184002,19.432001,none,4,7.0,209738.0,339191.0,313042.0,325241.0,311255.0
2026-04-14 18:14:30.091088,834914,1609507963703234,5563671640,0.817888,0.06832,0.431392,-23.1525,-34.195,34.65875,-14.568001,27.208002,18.304,none,4,7.0,209738.0,339191.0,313042.0,325241.0,311255.0
2026-04-14 18:14:30.103596,834915,1609507963712592,5563682447,0.817888,0.06832,0.431392,-5.20625,-29.015,33.7575,-14.568001,27.208002,18.304,none,4,7.0,209738.0,339191.0,313042.0,325241.0,311255.0
2026-04-14 18:14:30.110115,834916,1609507963721652,5563691167,0.827648,-0.148352,0.12688,5.215,-26.0575,36.5225,-14.056001,26.488,20.328001,none,4,7.0,209738.0,339191.0,313042.0,325241.0,311255.0
2026-04-14 18:14:30.115171,834917,1609507963736168,5563706068,0.798368,0.08784,0.22448,15.61,-25.585001,36.30375,-12.512001,26.152,17.376001,none,4,7.0,209738.0,339191.0,313042.0,325241.0,311255.0
2026-04-14 18:14:30.123861,834918,1609507963745125,5563714764,0.798368,0.08784,0.22448,20.335001,-29.1375,32.52375,-12.512001,26.152,17.376001,none,4,7.0,209738.0,339191.0,313042.0,325241.0,311255.0
2026-04-14 18:14:30.135309,834919,1609507963759630,5563729702,0.698816,0.083936,0.275232,14.28875,-32.9525,30.24875,-12.576,26.208002,18.088001,none,4,7.0,209738.0,339191.0,313042.0,325241.0,311255.0
2026-04-14 18:14:30.146551,834920,1609507963768580,5563738396,0.698816,0.083936,0.275232,3.1325,-38.15875,27.5275,-12.576,26.208002,18.088001,none,4,7.0,209738.0,339191.0,313042.0,325241.0,311255.0
2026-04-14 18:14:30.154130,834921,1609507963777540,5563747088,0.823744,-0.052704,0.648064,-3.94625,-37.66,24.6925,-13.248001,26.432001,16.808,none,4,7.0,209738.0,339191.0,313042.0,325241.0,311255.0
2026-04-14 18:14:30.189422,834932,1609507963792116,5563762012,0.823744,-0.052704,0.648064,-5.38125,-31.35125,23.275,-13.248001,26.432001,16.808,none,4,7.0,168095.0,340477.0,262106.0,326475.0,271280.0
2026-04-14 18:14:30.191103,834933,1609507963801082,5563770723,0.83936,-0.206912,0.437248,-14.44625,-25.6025,19.74,-13.544001,26.144001,16.44,none,4,7.0,168095.0,340477.0,262106.0,326475.0,271280.0
2026-04-14 18:14:30.192749,834934,1609507963815587,5563785632,0.841312,-0.21472,0.372832,-21.49875,-21.7175,16.65125,-12.904,26.640001,16.44,none,4,7.0,168095.0,340477.0,262106.0,326475.0,271280.0
2026-04-14 18:14:30.202782,834935,1609507963824608,5563794313,0.841312,-0.21472,0.372832,-19.495,-17.491251,15.33,-12.904,26.640001,16.44,none,4,7.0,168095.0,340477.0,262106.0,326475.0,271280.0
2026-04-14 18:14:30.215303,834936,1609507963839158,5563809283,0.825696,-0.119072,0.394304,-14.735,-16.0125,15.05,-12.64,26.456001,16.112001,none,4,7.0,168095.0,340477.0,262106.0,326475.0,271280.0
2026-04-14 18:14:30.225122,834937,1609507963848177,5563818002,0.825696,-0.119072,0.394304,-6.39625,-14.35,13.55375,-12.64,26.456001,16.112001,none,4,7.0,168095.0,340477.0,262106.0,326475.0,271280.0
2026-04-14 18:14:30.234032,834938,1609507963857278,5563826750,0.798368,-0.095648,0.050752,3.22,-10.99,11.4625,-12.688001,26.392002,16.432001,none,4,7.0,168095.0,340477.0,262106.0,326475.0,271280.0
2026-04-14 18:14:30.249035,834939,1609507963871773,5563841639,0.798368,-0.095648,0.050752,8.3125,-10.22875,8.70625,-12.688001,26.392002,16.432001,none,4,7.0,168095.0,340477.0,262106.0,326475.0,271280.0
2026-04-14 18:14:30.256437,834940,1609507963880887,5563850373,0.745664,-0.10736,0.407968,3.66625,-10.29,4.96125,-13.608001,26.248001,16.112001,none,4,7.0,168095.0,340477.0,262106.0,326475.0,271280.0
2026-04-14 18:14:30.286374,834951,1609507963895435,5563865314,0.733952,-0.163968,0.454816,-2.40625,-9.24875,4.80375,-14.464001,26.896002,16.768002,none,4,7.0,113115.0,323390.0,197154.0,310693.0,210677.0
2026-04-14 18:14:30.288757,834952,1609507963904406,5563874046,0.733952,-0.163968,0.454816,-2.6775,-6.2825,5.27625,-14.464001,26.896002,16.768002,none,4,7.0,113115.0,323390.0,197154.0,310693.0,210677.0
2026-04-14 18:14:30.291288,834953,1609507963913387,5563882846,0.733952,-0.163968,0.454816,2.1,-3.22,3.21125,-14.464001,26.896002,16.768002,none,4,7.0,113115.0,323390.0,197154.0,310693.0,210677.0
2026-04-14 18:14:30.303875,834954,1609507963928104,5563897801,0.788608,-0.101504,0.569984,7.88375,-0.455,0.035,-13.68,26.744001,15.704,none,4,7.0,113115.0,323390.0,197154.0,310693.0,210677.0
2026-04-14 18:14:30.313937,834955,1609507963937068,5563906535,0.778848,-0.091744,0.212768,12.31125,2.58125,-3.15875,-13.592001,26.264002,17.336,none,4,7.0,113115.0,323390.0,197154.0,310693.0,210677.0
2026-04-14 18:14:30.330591,834956,1609507963951570,5563921420,0.778848,-0.091744,0.212768,10.823751,2.45,-6.15125,-13.592001,26.264002,17.336,none,4,7.0,113115.0,323390.0,197154.0,310693.0,210677.0
2026-04-14 18:14:30.336808,834957,1609507963960515,5563930166,0.769088,-0.16592,0.261568,5.075,-0.07,-7.77,-13.688001,26.048,17.960001,none,4,7.0,113115.0,323390.0,197154.0,310693.0,210677.0
2026-04-14 18:14:30.353093,834958,1609507963975018,5563945065,0.769088,-0.083936,0.462624,5.6175,-3.73625,-5.6175,-13.688001,26.048,17.960001,none,4,7.0,113115.0,323390.0,197154.0,310693.0,210677.0
2026-04-14 18:14:30.433862,834969,1609507963984097,5563953875,0.747616,-0.083936,0.462624,6.86,-6.545,-5.64375,-13.68,25.248001,16.448,none,4,7.0,144508.0,339059.0,234827.0,325384.0,247304.0
2026-04-14 18:14:30.436829,834970,1609507963993222,5563962650,0.747616,-0.083936,0.462624,2.765,-6.18625,-4.64625,-13.68,25.248001,16.448,none,4,7.0,144508.0,339059.0,234827.0,325384.0,247304.0
2026-04-14 18:14:30.439333,834971,1609507964007860,5563977654,0.833504,-0.089792,0.384544,1.25125,-4.585,-3.10625,-12.968,25.608002,17.28,none,4,7.0,144508.0,339059.0,234827.0,325384.0,247304.0
2026-04-14 18:14:30.441853,834972,1609507964016772,5563986345,0.825696,-0.152256,0.271328,3.78875,-2.52,-0.23625,-12.928,25.328001,17.224,none,4,7.0,144508.0,339059.0,234827.0,325384.0,247304.0
2026-04-14 18:14:30.443860,834973,1609507964031381,5564001228,0.825696,-0.152256,0.271328,9.89625,-1.8375,1.44375,-12.928,25.328001,17.224,none,4,7.0,144508.0,339059.0,234827.0,325384.0,247304.0
2026-04-14 18:14:30.446823,834974,1609507964040471,5564009923,0.874496,-0.101504,0.247904,15.365,-1.68875,2.03,-13.040001,25.552002,16.704,none,4,7.0,144508.0,339059.0,234827.0,325384.0,247304.0
2026-04-14 18:14:30.449345,834975,1609507964049546,5564018671,0.874496,-0.101504,0.247904,15.46125,-0.6825,3.36875,-13.040001,25.552002,16.704,none,4,7.0,144508.0,339059.0,234827.0,325384.0,247304.0
2026-04-14 18:14:30.451838,834976,1609507964064089,5564033638,0.882304,-0.103456,0.286944,8.70625,1.47,5.13625,-12.960001,25.000002,16.408,none,4,7.0,144508.0,339059.0,234827.0,325384.0,247304.0
2026-04-14 18:14:30.453884,834977,1609507964073053,5564042360,0.882304,-0.103456,0.286944,1.35625,3.78,8.18125,-12.960001,25.000002,16.408,none,4,7.0,144508.0,339059.0,234827.0,325384.0,247304.0
2026-04-14 18:14:30.511655,834988,1609507964088208,5564057334,0.933056,-0.121024,0.27328,2.5025,5.22375,11.2175,-12.992001,25.488,16.560001,none,4,7.0,149783.0,338115.0,240699.0,324235.0,252674.0
2026-04-14 18:14:30.514156,834989,1609507964097203,5564066060,0.915488,-0.062464,0.46848,3.78875,3.5175,12.60875,-12.536,25.256,17.0,none,4,7.0,149783.0,338115.0,240699.0,324235.0,252674.0
2026-04-14 18:14:30.516718,834990,1609507964106173,5564074858,0.915488,-0.062464,0.46848,0.62125,1.3125,14.93625,-12.536,25.256,17.0,none,4,7.0,149783.0,338115.0,240699.0,324235.0,252674.0
2026-04-14 18:14:30.519313,834991,1609507964121027,5564089827,0.876448,-0.046848,0.486048,-5.97625,1.58375,15.925,-12.536,25.368002,16.880001,none,4,7.0,149783.0,338115.0,240699.0,324235.0,252674.0
2026-04-14 18:14:30.521447,834992,1609507964130534,5564100590,0.876448,-0.046848,0.486048,-12.25,4.935,15.7325,-12.536,25.368002,16.880001,none,4,7.0,149783.0,338115.0,240699.0,324235.0,252674.0
2026-04-14 18:14:30.523840,834993,1609507964145070,5564113436,0.821792,-0.074176,0.47824,-15.408751,8.51375,14.62125,-12.048,25.736002,17.720001,none,4,7.0,149783.0,338115.0,240699.0,324235.0,252674.0
2026-04-14 18:14:30.531834,834994,1609507964154266,5564124190,0.821792,-0.074176,0.47824,-12.50375,11.8125,13.78125,-12.048,25.736002,17.720001,none,4,7.0,149783.0,338115.0,240699.0,324235.0,252674.0
2026-04-14 18:14:30.539331,834995,1609507964163353,5564132926,0.88816,-0.124928,0.347456,-7.76125,12.39875,13.81625,-12.936001,25.824001,16.992,none,4,7.0,149783.0,338115.0,240699.0,324235.0,252674.0
2026-04-14 18:14:30.557106,834996,1609507964177843,5564147855,0.786656,-0.040992,0.382592,-6.64125,12.705,13.72875,-12.000001,25.688002,16.536001,none,4,7.0,149783.0,338115.0,240699.0,324235.0,252674.0
2026-04-14 18:14:30.587527,835007,1609507964187269,5564156609,0.786656,-0.040992,0.382592,-7.595,14.35875,13.90375,-12.000001,25.688002,16.536001,none,4,7.0,152171.0,335997.0,241832.0,321635.0,253874.0
2026-04-14 18:14:30.590232,835008,1609507964196294,5564165436,0.786656,-0.040992,0.325984,-11.05125,14.69125,11.15625,-12.000001,25.688002,16.536001,none,4,7.0,152171.0,335997.0,241832.0,321635.0,253874.0
2026-04-14 18:14:30.592589,835009,1609507964211088,5564180477,0.737856,-0.06832,0.325984,-13.37,14.88375,8.9775,-11.496,25.848001,17.92,none,4,7.0,152171.0,335997.0,241832.0,321635.0,253874.0
2026-04-14 18:14:30.597636,835010,1609507964220223,5564189241,0.759328,-0.103456,0.242048,-12.69625,16.45,6.6675,-10.976001,25.664001,16.288,none,4,7.0,152171.0,335997.0,241832.0,321635.0,253874.0
2026-04-14 18:14:30.611451,835011,1609507964234752,5564204134,0.759328,-0.103456,0.242048,-9.87,18.69875,4.4625,-10.976001,25.664001,16.288,none,4,7.0,152171.0,335997.0,241832.0,321635.0,253874.0
2026-04-14 18:14:30.618968,835012,1609507964243706,5564212852,0.882304,-0.111264,0.333792,-4.7425,20.16875,1.91625,-11.784,26.336,15.760001,none,4,7.0,152171.0,335997.0,241832.0,321635.0,253874.0
2026-04-14 18:14:30.633676,835013,1609507964258201,5564227759,0.747616,-0.0488,0.298656,0.0,19.52125,-1.785,-11.832001,25.704,16.968,none,4,7.0,152171.0,335997.0,241832.0,321635.0,253874.0
2026-04-14 18:14:30.645306,835014,1609507964267158,5564236479,0.747616,-0.0488,0.298656,2.05625,17.5175,-4.795,-11.832001,25.704,16.968,none,4,7.0,152171.0,335997.0,241832.0,321635.0,253874.0
2026-04-14 18:14:30.652567,835015,1609507964276067,5564245195,0.747616,-0.0488,0.298656,0.6475,16.0125,-7.23625,-11.832001,25.704,16.968,none,4,7.0,152171.0,335997.0,241832.0,321635.0,253874.0
2026-04-14 18:14:30.687557,835026,1609507964290773,5564260342,0.798368,-0.05856,0.32208,-4.0075,14.3325,-11.445,-11.024,25.296001,16.392,none,4,7.0,151556.0,340709.0,243307.0,327569.0,255210.0
2026-04-14 18:14:30.690315,835027,1609507964299821,5564269109,0.739808,-0.076128,0.314272,-10.6575,12.9325,-12.45125,-11.216001,25.168001,16.208,none,4,7.0,151556.0,340709.0,243307.0,327569.0,255210.0
2026-04-14 18:14:30.692715,835028,1609507964314511,5564284026,0.739808,-0.076128,0.314272,-12.792501,11.85625,-11.585,-11.216001,25.168001,16.208,none,4,7.0,151556.0,340709.0,243307.0,327569.0,255210.0
2026-04-14 18:14:30.699036,835029,1609507964323498,5564292756,0.804224,-0.109312,0.228384,-9.86125,10.2025,-13.60625,-11.312,25.448002,17.264,none,4,7.0,151556.0,340709.0,243307.0,327569.0,255210.0
2026-04-14 18:14:30.707816,835030,1609507964332510,5564301521,0.804224,-0.109312,0.228384,-4.66375,8.37375,-15.5925,-11.312,25.448002,17.264,none,4,7.0,151556.0,340709.0,243307.0,327569.0,255210.0
2026-04-14 18:14:30.722818,835031,1609507964347025,5564316419,0.788608,-0.023424,0.199104,-0.04375,7.42,-18.68125,-11.64,25.752,17.736,none,4,7.0,151556.0,340709.0,243307.0,327569.0,255210.0
2026-04-14 18:14:30.734046,835032,1609507964356031,5564325203,0.788608,-0.023424,0.199104,-1.1725,5.53,-22.14625,-11.64,25.752,17.736,none,4,7.0,151556.0,340709.0,243307.0,327569.0,255210.0
2026-04-14 18:14:30.762618,835033,1609507964370520,5564340135,0.786656,0.021472,0.365024,-9.1525,3.98125,-22.365,-11.544001,25.632002,14.032001,none,4,7.0,151556.0,340709.0,243307.0,327569.0,255210.0
2026-04-14 18:14:30.765162,835034,1609507964379490,5564349014,0.923296,-0.066368,0.3904,-17.91125,4.73375,-20.116251,-12.472,25.912,17.208,none,4,7.0,151556.0,340709.0,243307.0,327569.0,255210.0
2026-04-14 18:14:30.817618,835045,1609507964394203,5564364040,0.923296,-0.066368,0.3904,-25.5675,6.44,-18.375,-12.472,25.912,17.208,none,4,7.0,153291.0,340272.0,247029.0,328680.0,258728.0
2026-04-14 18:14:30.820598,835046,1609507964403178,5564372732,0.851072,-0.122976,0.232288,-29.37375,5.20625,-15.645,-12.216001,26.056002,16.832,none,4,7.0,153291.0,340272.0,247029.0,328680.0,258728.0
2026-04-14 18:14:30.823124,835047,1609507964412123,5564381447,0.851072,-0.122976,0.232288,-25.4625,2.31875,-12.88,-12.216001,26.056002,16.832,none,4,7.0,153291.0,340272.0,247029.0,328680.0,258728.0
2026-04-14 18:14:30.825623,835048,1609507964426603,5564396423,0.792512,-0.031232,0.327936,-14.34125,-0.53375,-12.1625,-12.6,26.288002,17.92,none,4,7.0,153291.0,340272.0,247029.0,328680.0,258728.0
2026-04-14 18:14:30.827645,835049,1609507964435601,5564405132,0.792512,-0.031232,0.327936,-2.33625,-1.63625,-14.56875,-12.6,26.288002,17.92,none,4,7.0,153291.0,340272.0,247029.0,328680.0,258728.0
2026-04-14 18:14:30.830637,835050,1609507964450171,5564420080,0.864736,0.017568,0.347456,3.8675,0.6125,-15.925,-13.536,26.144001,17.512001,none,4,7.0,153291.0,340272.0,247029.0,328680.0,258728.0
2026-04-14 18:14:30.836664,835051,1609507964459167,5564428813,0.923296,-0.056608,0.40992,6.02,3.01,-17.99875,-13.8,25.800001,17.592001,none,4,7.0,153291.0,340272.0,247029.0,328680.0,258728.0
2026-04-14 18:14:30.846189,835052,1609507964468099,5564437533,0.923296,-0.056608,0.40992,7.0,4.515,-18.87375,-13.8,25.800001,17.592001,none,4,7.0,153291.0,340272.0,247029.0,328680.0,258728.0
2026-04-14 18:14:30.860449,835053,1609507964482727,5564452414,0.831552,-0.05856,0.310368,9.52875,3.12375,-17.8325,-12.448001,25.28,15.816001,none,4,7.0,153291.0,340272.0,247029.0,328680.0,258728.0
2026-04-14 18:14:30.889361,835064,1609507964491948,5564461391,0.831552,-0.05856,0.310368,12.08375,-0.20125,-18.1825,-12.448001,25.28,15.816001,none,4,7.0,145274.0,339030.0,237478.0,327842.0,249796.0
2026-04-14 18:14:30.891842,835065,1609507964506605,5564476353,0.808128,0.01952,0.388448,13.58,-2.10875,-19.46875,-12.344001,25.024002,16.560001,none,4,7.0,145274.0,339030.0,237478.0,327842.0,249796.0
2026-04-14 18:14:30.894362,835066,1609507964515531,5564485034,0.808128,0.01952,0.388448,16.16125,-1.7325,-21.23625,-12.344001,25.024002,16.560001,none,4,7.0,145274.0,339030.0,237478.0,327842.0,249796.0
2026-04-14 18:14:30.900625,835067,1609507964524674,5564493754,0.792512,0.023424,0.222528,17.6225,0.42,-23.21375,-13.120001,24.752,17.808,none,4,7.0,145274.0,339030.0,237478.0,327842.0,249796.0
2026-04-14 18:14:30.915636,835068,1609507964539174,5564508681,0.909632,-0.06832,0.417728,16.80875,2.63375,-24.57875,-13.120001,24.768002,16.632,none,4,7.0,145274.0,339030.0,237478.0,327842.0,249796.0
2026-04-14 18:14:30.925613,835069,1609507964548059,5564517354,0.909632,-0.06832,0.417728,14.83125,2.9575,-24.3775,-13.704,24.768002,16.632,none,4,7.0,145274.0,339030.0,237478.0,327842.0,249796.0
2026-04-14 18:14:30.939185,835070,1609507964562570,5564532268,0.9272,-0.083936,0.345504,16.87875,3.045,-23.42375,-13.528001,24.088001,16.800001,none,4,7.0,145274.0,339030.0,237478.0,327842.0,249796.0
2026-04-14 18:14:30.949164,835071,1609507964571595,5564540967,0.9272,-0.083936,0.345504,21.1575,2.28375,-23.6425,-13.528001,24.088001,16.800001,none,4,7.0,145274.0,339030.0,237478.0,327842.0,249796.0
2026-04-14 18:14:30.986859,835082,1609507964586118,5564555884,0.854976,0.013664,0.345504,22.79375,1.47875,-23.63375,-14.048,24.136002,18.216002,none,4,7.0,139348.0,336139.0,229393.0,324334.0,241742.0
2026-04-14 18:14:30.989268,835083,1609507964595145,5564564721,0.854976,0.013664,0.345504,21.98,0.55125,-23.835001,-14.048,24.136002,18.216002,none,4,7.0,139348.0,336139.0,229393.0,324334.0,241742.0
2026-04-14 18:14:30.991856,835084,1609507964604193,5564573460,0.813984,0.05856,0.25376,21.69125,2.51125,-23.23125,-14.304001,23.824001,18.784,none,4,7.0,139348.0,336139.0,229393.0,324334.0,241742.0
2026-04-14 18:14:30.995608,835085,1609507964618795,5564588403,0.813984,0.05856,0.25376,17.63125,4.85625,-21.28,-14.304001,23.824001,18.784,none,4,7.0,139348.0,336139.0,229393.0,324334.0,241742.0
2026-04-14 18:14:31.003075,835086,1609507964627727,5564597113,0.870592,-0.060512,0.259616,11.55875,3.87625,-20.125,-15.000001,24.024002,18.0,none,4,7.0,139348.0,336139.0,229393.0,324334.0,241742.0
2026-04-14 18:14:31.019369,835087,1609507964642326,5564612065,0.921344,-0.05856,0.226432,10.9025,0.28875,-17.54375,-14.568001,22.848001,16.984001,none,4,7.0,139348.0,336139.0,229393.0,324334.0,241742.0
2026-04-14 18:14:31.030905,835088,1609507964651354,5564620760,0.921344,-0.05856,0.226432,14.945,-3.91125,-16.73875,-14.568001,22.848001,16.984001,none,4,7.0,139348.0,336139.0,229393.0,324334.0,241742.0
2026-04-14 18:14:31.036135,835089,1609507964660411,5564629473,0.815936,0.121024,0.279136,18.55,-7.18375,-17.77125,-14.6,22.768002,17.944,none,4,7.0,139348.0,336139.0,229393.0,324334.0,241742.0
2026-04-14 18:14:31.050483,835090,1609507964674931,5564644474,0.815936,0.121024,0.279136,20.2125,-8.60125,-20.23875,-14.6,22.768002,17.944,none,4,7.0,139348.0,336139.0,229393.0,324334.0,241742.0
2026-04-14 18:14:31.060633,835091,1609507964683903,5564653169,0.866688,0.064416,0.255712,16.75625,-7.0175,-22.02375,-14.352,22.216002,17.112001,none,4,7.0,139348.0,336139.0,229393.0,324334.0,241742.0
2026-04-14 18:14:31.087705,835102,1609507964698545,5564668167,0.866688,0.064416,0.255712,8.365,-4.655,-25.165,-14.352,22.216002,17.112001,none,4,7.0,155923.0,342798.0,248684.0,329709.0,259988.0
2026-04-14 18:14:31.090645,835103,1609507964707487,5564676885,0.872544,0.02928,0.349408,0.7525,-3.26375,-27.615,-14.464001,22.720001,18.344002,none,4,7.0,155923.0,342798.0,248684.0,329709.0,259988.0
2026-04-14 18:14:31.098924,835104,1609507964722118,5564691848,0.915488,-0.015616,0.199104,-3.26375,-2.93125,-26.0575,-15.504001,22.6,17.728,none,4,7.0,155923.0,342798.0,248684.0,329709.0,259988.0
2026-04-14 18:14:31.140460,835105,1609507964731063,5564700547,0.915488,-0.015616,0.199104,-5.32,-3.9375,-24.5175,-15.504001,22.6,17.728,none,4,7.0,155923.0,342798.0,248684.0,329709.0,259988.0
2026-04-14 18:14:31.143026,835106,1609507964739983,5564709245,0.915488,0.124928,0.3904,-2.40625,-4.69,-23.7825,-15.504001,22.6,17.728,none,4,7.0,155923.0,342798.0,248684.0,329709.0,259988.0
2026-04-14 18:14:31.145539,835107,1609507964754640,5564724230,0.899872,0.130784,0.3904,0.86625,-4.235,-26.32875,-15.968,22.088001,16.736,none,4,7.0,155923.0,342798.0,248684.0,329709.0,259988.0
2026-04-14 18:14:31.170680,835108,1609507964763771,5564732923,0.968192,0.017568,0.288896,-0.65625,-3.57875,-29.68875,-16.312,22.512001,18.536001,none,4,7.0,155923.0,342798.0,248684.0,329709.0,259988.0
2026-04-14 18:14:31.190616,835109,1609507964778267,5564747819,0.968192,0.017568,0.288896,-5.845,-4.025,-30.66,-16.312,22.512001,18.536001,none,4,7.0,155923.0,342798.0,248684.0,329709.0,259988.0
2026-04-14 18:14:31.220102,835120,1609507964787161,5564756595,0.860832,-0.025376,0.113216,-8.47,-5.355,-28.97125,-16.608002,21.824001,18.04,none,4,7.0,158873.0,341732.0,251339.0,328145.0,262176.0
2026-04-14 18:14:31.223671,835121,1609507964796115,5564765338,0.860832,-0.025376,0.113216,-5.95,-5.53,-25.9,-16.608002,21.824001,18.04,none,4,7.0,158873.0,341732.0,251339.0,328145.0,262176.0
2026-04-14 18:14:31.225301,835122,1609507964810733,5564780309,0.892064,0.052704,0.144448,-2.75625,-2.17875,-26.83625,-16.848001,22.368002,18.976002,none,4,7.0,158873.0,341732.0,251339.0,328145.0,262176.0
2026-04-14 18:14:31.227357,835123,1609507964819742,5564789021,0.892064,0.052704,0.144448,-5.50375,-0.3675,-28.647501,-16.848001,22.368002,18.976002,none,4,7.0,158873.0,341732.0,251339.0,328145.0,262176.0
2026-04-14 18:14:31.230474,835124,1609507964834293,5564803978,0.83936,0.103456,0.189344,-11.41,-1.79375,-22.855,-17.616001,22.36,19.248001,none,4,7.0,158873.0,341732.0,251339.0,328145.0,262176.0
2026-04-14 18:14:31.232485,835125,1609507964843378,5564812739,0.892064,0.044896,0.259616,-16.415,-0.7875,-22.015,-17.568,22.352001,17.76,none,4,7.0,158873.0,341732.0,251339.0,328145.0,262176.0
2026-04-14 18:14:31.235475,835126,1609507964857877,5564827705,0.892064,0.044896,0.259616,-18.0775,-0.35,-20.825,-17.568,22.352001,17.76,none,4,7.0,158873.0,341732.0,251339.0,328145.0,262176.0
2026-04-14 18:14:31.242917,835127,1609507964866865,5564836409,0.958432,0.005856,0.288896,-16.73,-2.1525,-18.27875,-17.08,21.928001,17.968,none,4,7.0,158873.0,341732.0,251339.0,328145.0,262176.0
2026-04-14 18:14:31.253002,835128,1609507964875886,5564845099,0.958432,0.005856,0.288896,-14.56875,-3.5875,-15.1025,-17.08,21.928001,17.968,none,4,7.0,158873.0,341732.0,251339.0,328145.0,262176.0
2026-04-14 18:14:31.289416,835139,1609507964890926,5564860132,0.83936,0.083936,0.18544,-11.83,-2.8875,-12.81875,-16.504002,21.616001,17.28,none,4,7.0,155110.0,339751.0,247253.0,326598.0,258368.0
2026-04-14 18:14:31.291870,835140,1609507964900041,5564868864,0.83936,0.083936,0.18544,-11.05125,-0.30625,-12.005,-16.504002,21.616001,17.28,none,4,7.0,155110.0,339751.0,247253.0,326598.0,258368.0
2026-04-14 18:14:31.294289,835141,1609507964909455,5564879743,0.940864,0.054656,0.329888,-13.09875,2.94,-12.41625,-16.656,22.032001,17.432001,none,4,7.0,155110.0,339751.0,247253.0,326598.0,258368.0
2026-04-14 18:14:31.300621,835142,1609507964924077,5564892607,0.952576,0.00976,0.191296,-16.44125,5.285,-12.55625,-17.104,21.960001,17.624,none,4,7.0,155110.0,339751.0,247253.0,326598.0,258368.0
2026-04-14 18:14:31.311448,835143,1609507964933679,5564903404,0.952576,0.00976,0.191296,-16.72125,5.985,-12.9325,-17.104,21.960001,17.624,none,4,7.0,155110.0,339751.0,247253.0,326598.0,258368.0
2026-04-14 18:14:31.324205,835144,1609507964948164,5564918314,0.835456,0.062464,0.187392,-16.24875,4.3225,-12.425,-17.2,21.864,17.632,none,4,7.0,155110.0,339751.0,247253.0,326598.0,258368.0
2026-04-14 18:14:31.334177,835145,1609507964957092,5564926997,0.835456,0.062464,0.187392,-16.31,3.12375,-10.5875,-17.2,21.864,17.632,none,4,7.0,155110.0,339751.0,247253.0,326598.0,258368.0
2026-04-14 18:14:31.343019,835146,1609507964966037,5564935709,0.843264,0.085888,0.1464,-16.91375,4.445,-9.16125,-16.384,21.464,16.176,none,4,7.0,155110.0,339751.0,247253.0,326598.0,258368.0
2026-04-14 18:14:31.358081,835147,1609507964980549,5564950635,0.843264,0.085888,0.1464,-19.0575,6.55375,-9.511251,-16.384,21.464,16.176,none,4,7.0,155110.0,339751.0,247253.0,326598.0,258368.0
2026-04-14 18:14:31.389358,835158,1609507964989609,5564959941,0.856928,0.06832,0.22448,-22.1725,6.755,-9.065,-16.584002,21.864,15.168001,none,4,7.0,146423.0,336399.0,236868.0,323679.0,248775.0
2026-04-14 18:14:31.391857,835159,1609507965004239,5564972900,0.925248,-0.015616,0.17568,-22.26,5.705,-7.8575,-18.344002,22.776001,18.144001,none,4,7.0,146423.0,336399.0,236868.0,323679.0,248775.0
2026-04-14 18:14:31.394361,835160,1609507965013704,5564983684,0.925248,-0.015616,0.17568,-21.25375,3.82375,-6.2825,-18.344002,22.776001,18.144001,none,4,7.0,146423.0,336399.0,236868.0,323679.0,248775.0
2026-04-14 18:14:31.402891,835161,1609507965022656,5564992418,0.872544,0.095648,0.406016,-21.44625,2.31,-4.40125,-18.04,22.36,15.144001,none,4,7.0,146423.0,336399.0,236868.0,323679.0,248775.0
2026-04-14 18:14:31.414251,835162,1609507965037355,5565007303,0.872544,0.095648,0.406016,-21.32375,2.00375,-2.09125,-18.04,22.36,15.144001,none,4,7.0,146423.0,336399.0,236868.0,323679.0,248775.0
2026-04-14 18:14:31.424168,835163,1609507965046341,5565016009,0.854976,0.081984,0.103456,-20.13375,3.21125,-0.83125,-16.176,22.000002,15.56,none,4,7.0,146423.0,336399.0,236868.0,323679.0,248775.0
2026-04-14 18:14:31.438726,835164,1609507965060858,5565030895,0.854976,0.081984,0.103456,-22.23375,3.05375,-1.5925,-16.176,22.000002,15.56,none,4,7.0,146423.0,336399.0,236868.0,323679.0,248775.0
2026-04-14 18:14:31.446429,835165,1609507965069990,5565039663,0.940864,0.027328,0.363072,-26.29375,1.47,-1.56625,-16.432001,22.648,15.696001,none,4,7.0,146423.0,336399.0,236868.0,323679.0,248775.0
2026-04-14 18:14:31.474128,835166,1609507965084516,5565054560,0.938912,0.005856,0.228384,-24.78,-0.63,0.1225,-16.44,23.056002,15.656001,none,4,7.0,146423.0,336399.0,236868.0,323679.0,248775.0
2026-04-14 18:14:31.532686,835177,1609507965093679,5565063330,0.938912,0.005856,0.228384,-22.02375,-2.91375,0.02625,-16.44,23.056002,15.656001,none,4,7.0,145455.0,336173.0,235790.0,323429.0,247776.0
2026-04-14 18:14:31.537687,835178,1609507965102723,5565072082,0.923296,0.060512,0.339648,-20.43125,-4.50625,1.505,-16.44,23.056002,16.208,none,4,7.0,145455.0,336173.0,235790.0,323429.0,247776.0
2026-04-14 18:14:31.540324,835179,1609507965117312,5565086951,0.933056,0.060512,0.339648,-20.23875,-4.2,4.13,-17.176,23.192001,16.208,none,4,7.0,145455.0,336173.0,235790.0,323429.0,247776.0
2026-04-14 18:14:31.542672,835180,1609507965126294,5565095629,0.815936,0.07808,0.150304,-20.405,-3.52625,5.01375,-17.048,23.272001,16.232,none,4,7.0,145455.0,336173.0,235790.0,323429.0,247776.0
2026-04-14 18:14:31.545288,835181,1609507965140804,5565110579,0.815936,0.07808,0.150304,-19.3025,-2.8,4.85625,-17.048,23.272001,16.232,none,4,7.0,145455.0,336173.0,235790.0,323429.0,247776.0
2026-04-14 18:14:31.547789,835182,1609507965149766,5565119312,0.929152,0.081984,0.316224,-18.97,-2.47625,3.4825,-16.880001,22.848001,14.456,none,4,7.0,145455.0,336173.0,235790.0,323429.0,247776.0
2026-04-14 18:14:31.550328,835183,1609507965158749,5565128116,0.929152,0.081984,0.316224,-20.85125,-3.59625,2.03,-16.880001,22.848001,14.456,none,4,7.0,145455.0,336173.0,235790.0,323429.0,247776.0
2026-04-14 18:14:31.552725,835184,1609507965173297,5565143027,0.837408,0.150304,0.21472,-23.31,-7.315,0.63,-17.352001,23.944,16.712,none,4,7.0,145455.0,336173.0,235790.0,323429.0,247776.0
2026-04-14 18:14:31.559096,835185,1609507965182268,5565151896,0.837408,0.150304,0.21472,-21.84875,-11.41,-3.31625,-17.352001,23.944,16.712,none,4,7.0,145455.0,336173.0,235790.0,323429.0,247776.0
2026-04-14 18:14:31.590118,835196,1609507965196905,5565167251,0.841312,0.1464,0.320128,-19.62625,-12.32875,-8.47875,-18.168001,23.632002,18.416,none,4,7.0,145047.0,335767.0,235163.0,322884.0,247161.0
2026-04-14 18:14:31.594289,835197,1609507965205924,5565176138,0.880352,0.023424,0.183488,-22.0675,-10.61375,-12.7575,-17.968,23.952002,15.392001,none,4,7.0,145047.0,335767.0,235163.0,322884.0,247161.0
2026-04-14 18:14:31.597385,835198,1609507965220543,5565189045,0.880352,0.023424,0.183488,-24.4825,-7.2275,-12.52125,-17.968,23.952002,15.392001,none,4,7.0,145047.0,335767.0,235163.0,322884.0,247161.0
2026-04-14 18:14:31.607684,835199,1609507965229934,5565199802,0.93696,-0.044896,0.337696,-25.83875,-4.73375,-8.70625,-17.232,23.928001,15.288001,none,4,7.0,145047.0,335767.0,235163.0,322884.0,247161.0
2026-04-14 18:14:31.615006,835200,1609507965238923,5565208574,0.93696,-0.044896,0.337696,-24.85875,-3.03625,-2.07375,-17.232,23.928001,15.288001,none,4,7.0,145047.0,335767.0,235163.0,322884.0,247161.0
2026-04-14 18:14:31.630266,835201,1609507965253439,5565223501,0.870592,0.042944,0.138592,-19.705,-2.09125,3.5175,-16.320002,23.328001,14.464001,none,4,7.0,145047.0,335767.0,235163.0,322884.0,247161.0
2026-04-14 18:14:31.639025,835202,1609507965262628,5565232231,0.870592,0.042944,0.138592,-13.4225,-2.065,6.1075,-16.320002,23.328001,14.464001,none,4,7.0,145047.0,335767.0,235163.0,322884.0,247161.0
2026-04-14 18:14:31.655303,835203,1609507965277222,5565247113,0.808128,0.134688,0.152256,-11.4275,-2.09125,5.985,-16.424002,23.888,12.544001,none,4,7.0,145047.0,335767.0,235163.0,322884.0,247161.0
2026-04-14 18:14:31.661581,835204,1609507965286199,5565255833,0.835456,0.054656,0.140544,-11.82125,-3.35125,4.36625,-16.248001,23.688002,13.664001,none,4,7.0,145047.0,335767.0,235163.0,322884.0,247161.0
2026-04-14 18:14:31.689943,835215,1609507965295288,5565264576,0.835456,0.054656,0.140544,-15.75875,-7.14,2.26625,-16.248001,23.688002,13.664001,none,4,7.0,145911.0,335594.0,236334.0,322736.0,248359.0
2026-04-14 18:14:31.692971,835216,1609507965309846,5565279599,0.80032,0.103456,0.177632,-18.76875,-9.93125,2.17875,-17.064001,23.76,14.032001,none,4,7.0,145911.0,335594.0,236334.0,322736.0,248359.0
2026-04-14 18:14:31.695042,835217,1609507965318786,5565288297,0.80032,0.103456,0.177632,-18.48,-10.6225,1.12,-17.064001,23.76,14.032001,none,4,7.0,145911.0,335594.0,236334.0,322736.0,248359.0
2026-04-14 18:14:31.711769,835218,1609507965333299,5565303184,0.815936,0.121024,0.406016,-19.355,-10.71875,-0.53375,-16.648,23.784,13.848001,none,4,7.0,145911.0,335594.0,236334.0,322736.0,248359.0
2026-04-14 18:14:31.718020,835219,1609507965342312,5565311900,0.815936,0.121024,0.406016,-20.0725,-11.01625,-2.52,-16.648,23.784,13.848001,none,4,7.0,145911.0,335594.0,236334.0,322736.0,248359.0
2026-04-14 18:14:31.729366,835220,1609507965351272,5565320620,0.864736,0.089792,0.365024,-19.495,-10.9725,-4.90875,-16.68,24.088001,14.584001,none,4,7.0,145911.0,335594.0,236334.0,322736.0,248359.0
2026-04-14 18:14:31.743103,835221,1609507965365855,5565335537,0.866688,0.056608,0.290848,-17.36875,-10.9025,-7.4375,-16.888,24.208002,14.920001,none,4,7.0,145911.0,335594.0,236334.0,322736.0,248359.0
2026-04-14 18:14:31.750649,835222,1609507965374967,5565344265,0.866688,0.056608,0.290848,-17.85875,-11.10375,-9.24875,-16.888,24.208002,14.920001,none,4,7.0,145911.0,335594.0,236334.0,322736.0,248359.0
2026-04-14 18:14:31.791709,835223,1609507965389476,5565359274,0.851072,0.066368,0.386496,-21.04375,-11.03375,-8.30375,-17.456001,23.960001,13.216001,none,4,7.0,145911.0,335594.0,236334.0,322736.0,248359.0
2026-04-14 18:14:31.819275,835234,1609507965398408,5565368054,0.851072,0.066368,0.386496,-21.77875,-9.8,-7.07875,-17.456001,23.960001,13.216001,none,4,7.0,147951.0,335962.0,238924.0,323056.0,250814.0
2026-04-14 18:14:31.821290,835235,1609507965412901,5565383075,0.841312,0.060512,0.35136,-21.53375,-7.72625,-6.965,-17.616001,24.848001,13.824,none,4,7.0,147951.0,335962.0,238924.0,323056.0,250814.0
2026-04-14 18:14:31.824316,835236,1609507965421891,5565391780,0.841312,0.060512,0.35136,-21.210001,-4.73375,-4.92625,-17.616001,24.848001,13.824,none,4,7.0,147951.0,335962.0,238924.0,323056.0,250814.0
2026-04-14 18:14:31.826797,835237,1609507965430979,5565400490,0.886208,0.03904,0.417728,-20.772501,-1.2075,-3.3425,-17.472,24.928001,13.792001,none,4,7.0,147951.0,335962.0,238924.0,323056.0,250814.0
2026-04-14 18:14:31.829292,835238,1609507965445629,5565415465,0.913536,0.046848,0.396256,-21.9625,1.5225,-3.0275,-17.672,24.800001,14.288001,none,4,7.0,147951.0,335962.0,238924.0,323056.0,250814.0
2026-04-14 18:14:31.831519,835239,1609507965454680,5565424180,0.913536,0.046848,0.396256,-21.27125,4.76875,-2.835,-17.672,24.800001,14.288001,none,4,7.0,147951.0,335962.0,238924.0,323056.0,250814.0
2026-04-14 18:14:31.871428,835240,1609507965469191,5565439134,0.854976,0.013664,0.316224,-20.335001,6.3,-1.86375,-17.384,24.768002,13.152,none,4,7.0,147951.0,335962.0,238924.0,323056.0,250814.0
2026-04-14 18:14:31.891679,835241,1609507965478207,5565447833,0.854976,0.013664,0.316224,-22.1025,7.09625,0.27125,-17.384,24.768002,13.152,none,4,7.0,147951.0,335962.0,238924.0,323056.0,250814.0
2026-04-14 18:14:31.894180,835242,1609507965487304,5565456522,0.952576,0.040992,0.482144,-21.28,11.50625,0.035,-16.560001,24.848001,12.504001,none,4,7.0,147951.0,335962.0,238924.0,323056.0,250814.0
2026-04-14 18:14:31.925541,835253,1609507965501918,5565471490,0.952576,0.040992,0.482144,-24.3775,16.54625,-7.20125,-16.560001,24.848001,12.504001,none,4,7.0,163477.0,345851.0,257551.0,332385.0,267124.0
2026-04-14 18:14:31.928076,835254,1609507965510848,5565480190,0.89792,-0.015616,0.320128,-26.285,6.44875,-2.5725,-16.400002,25.344002,12.024,none,4,7.0,163477.0,345851.0,257551.0,332385.0,267124.0
2026-04-14 18:14:31.930150,835255,1609507965525529,5565495174,0.89792,-0.003904,0.251808,-26.897501,5.53,-2.91375,-16.400002,25.344002,12.024,none,4,7.0,163477.0,345851.0,257551.0,332385.0,267124.0
2026-04-14 18:14:31.933085,835256,1609507965534485,5565503937,0.825696,-0.003904,0.251808,-24.605,2.80875,-3.675,-16.608002,25.136002,11.824,none,4,7.0,163477.0,345851.0,257551.0,332385.0,267124.0
2026-04-14 18:14:31.935515,835257,1609507965543557,5565512625,0.825696,-0.003904,0.251808,-20.39625,-0.5425,-4.2875,-16.608002,25.136002,11.824,none,4,7.0,163477.0,345851.0,257551.0,332385.0,267124.0
2026-04-14 18:14:31.937707,835258,1609507965558077,5565527590,0.8784,0.001952,0.304512,-18.34875,-4.27875,-5.565,-17.968,25.808,15.456,none,4,7.0,163477.0,345851.0,257551.0,332385.0,267124.0
2026-04-14 18:14:31.943108,835259,1609507965567084,5565536303,0.821792,0.00976,0.447008,-21.1575,-7.875,-6.60625,-18.544,25.640001,13.272,none,4,7.0,163477.0,345851.0,257551.0,332385.0,267124.0
2026-04-14 18:14:31.958098,835260,1609507965581569,5565551243,0.821792,0.00976,0.447008,-22.67125,-10.22,-6.83375,-18.544,25.640001,13.272,none,4,7.0,163477.0,345851.0,257551.0,332385.0,267124.0
2026-04-14 18:14:31.969899,835261,1609507965590526,5565559979,0.845216,-0.021472,0.484096,-20.64125,-12.95,-6.50125,-16.800001,25.160002,11.392,none,4,7.0,163477.0,345851.0,257551.0,332385.0,267124.0
2026-04-14 18:14:31.996899,835272,1609507965605151,5565574963,0.845216,-0.021472,0.484096,-18.92625,-14.533751,-6.09,-16.800001,25.160002,11.392,none,4,7.0,161889.0,346257.0,255568.0,332844.0,265303.0
2026-04-14 18:14:31.999283,835273,1609507965614204,5565583757,0.854976,0.027328,0.569984,-20.09875,-13.29125,-6.71125,-16.744001,25.208002,10.112,none,4,7.0,161889.0,346257.0,255568.0,332844.0,265303.0
2026-04-14 18:14:32.001858,835274,1609507965623172,5565592553,0.854976,0.027328,0.569984,-23.275,-11.06,-7.53375,-16.744001,25.208002,10.112,none,4,7.0,161889.0,346257.0,255568.0,332844.0,265303.0
2026-04-14 18:14:32.016857,835275,1609507965637813,5565607439,0.895968,-0.013664,0.460672,-23.9925,-9.8175,-9.33625,-17.104,25.712002,11.960001,none,4,7.0,161889.0,346257.0,255568.0,332844.0,265303.0
2026-04-14 18:14:32.022883,835276,1609507965646939,5565616182,0.788608,-0.05856,0.314272,-23.54625,-8.46125,-9.94,-17.52,25.920002,11.904,none,4,7.0,161889.0,346257.0,255568.0,332844.0,265303.0
2026-04-14 18:14:32.038892,835277,1609507965661416,5565631077,0.788608,-0.05856,0.314272,-24.77125,-7.55125,-8.89875,-17.52,25.920002,11.904,none,4,7.0,161889.0,346257.0,255568.0,332844.0,265303.0
2026-04-14 18:14:32.047025,835278,1609507965670376,5565639852,0.886208,-0.044896,0.386496,-22.49625,-5.495,-8.925,-17.688002,25.616001,10.632001,none,4,7.0,161889.0,346257.0,255568.0,332844.0,265303.0
2026-04-14 18:14:32.061340,835279,1609507965679318,5565648561,0.886208,-0.044896,0.386496,-19.53,-3.63125,-8.68,-17.688002,25.616001,10.632001,none,4,7.0,161889.0,346257.0,255568.0,332844.0,265303.0
2026-04-14 18:14:32.093113,835290,1609507965694490,5565663881,0.860832,0.017568,0.523136,-20.92125,-2.31875,-7.23625,-17.792002,26.072,12.032001,none,4,7.0,156548.0,345328.0,249567.0,332346.0,259942.0
2026-04-14 18:14:32.095641,835291,1609507965703619,5565672636,0.860832,0.017568,0.523136,-18.69,-0.5775,-6.01125,-17.792002,26.072,12.032001,none,4,7.0,156548.0,345328.0,249567.0,332346.0,259942.0
2026-04-14 18:14:32.098074,835292,1609507965718396,5565687673,0.864736,-0.05856,0.33184,-18.43625,0.90125,-6.3,-16.976002,26.000002,10.248,none,4,7.0,156548.0,345328.0,249567.0,332346.0,259942.0
2026-04-14 18:14:32.104365,835293,1609507965727460,5565696460,0.831552,-0.044896,0.267424,-19.4775,2.415,-5.565,-17.376001,25.848001,9.944,none,4,7.0,156548.0,345328.0,249567.0,332346.0,259942.0
2026-04-14 18:14:32.111646,835294,1609507965736531,5565705182,0.831552,-0.044896,0.267424,-17.325,4.27875,-5.76625,-17.376001,25.848001,9.944,none,4,7.0,156548.0,345328.0,249567.0,332346.0,259942.0
2026-04-14 18:14:32.128111,835295,1609507965751392,5565720178,0.866688,-0.007808,0.464576,-12.29375,5.06625,-6.23875,-17.984001,26.072,9.944,none,4,7.0,156548.0,345328.0,249567.0,332346.0,259942.0
2026-04-14 18:14:32.139356,835296,1609507965760748,5565730951,0.866688,-0.007808,0.464576,-8.93375,5.6875,-6.2475,-17.984001,26.072,9.944,none,4,7.0,156548.0,345328.0,249567.0,332346.0,259942.0
2026-04-14 18:14:32.146836,835297,1609507965769672,5565739642,0.86864,0.035136,0.528992,-5.11875,7.83125,-6.37,-17.400002,25.880001,10.240001,none,4,7.0,156548.0,345328.0,249567.0,332346.0,259942.0
2026-04-14 18:14:32.162987,835298,1609507965784193,5565754556,0.86864,0.035136,0.528992,-1.7325,11.6725,-7.0,-17.400002,25.880001,10.240001,none,4,7.0,156548.0,345328.0,249567.0,332346.0,259942.0
2026-04-14 18:14:32.193832,835309,1609507965793224,5565763285,0.806176,-0.021472,0.320128,-1.47875,17.78875,-6.9475,-16.832,25.536001,10.072001,none,4,7.0,155952.0,344546.0,248823.0,331569.0,259282.0
2026-04-14 18:14:32.196356,835310,1609507965808106,5565778260,0.843264,-0.066368,0.45872,-3.6575,23.66875,-6.0025,-17.368,26.472002,11.496,none,4,7.0,155952.0,344546.0,248823.0,331569.0,259282.0
2026-04-14 18:14:32.199236,835311,1609507965817096,5565786964,0.843264,-0.066368,0.45872,-2.2925,27.20375,-2.33625,-17.368,26.472002,11.496,none,4,7.0,155952.0,344546.0,248823.0,331569.0,259282.0
2026-04-14 18:14:32.231862,835312,1609507965831610,5565801858,0.759328,0.109312,0.476288,4.655,29.26875,1.11125,-17.008001,26.44,11.464001,none,4,7.0,155952.0,344546.0,248823.0,331569.0,259282.0
2026-04-14 18:14:32.256744,835313,1609507965840530,5565810562,0.759328,0.109312,0.476288,17.31625,30.555,3.64,-17.008001,26.44,11.464001,none,4,7.0,155952.0,344546.0,248823.0,331569.0,259282.0
2026-04-14 18:14:32.283026,835314,1609507965849436,5565819245,0.718336,0.1464,0.499712,26.04,32.4975,4.5325,-16.720001,25.784,10.216001,none,4,7.0,155952.0,344546.0,248823.0,331569.0,259282.0
2026-04-14 18:14:32.285124,835315,1609507965863996,5565834255,0.718336,0.1464,0.499712,26.90625,34.6675,5.45125,-16.720001,25.784,10.216001,none,4,7.0,155952.0,344546.0,248823.0,331569.0,259282.0
2026-04-14 18:14:32.287089,835316,1609507965872946,5565842923,0.72224,-0.011712,0.169824,24.42125,35.51625,6.2125,-15.904,25.712002,11.6,none,4,7.0,155952.0,344546.0,248823.0,331569.0,259282.0
2026-04-14 18:14:32.289314,835317,1609507965887457,5565855834,0.72224,-0.011712,0.3416,23.1875,33.81,9.40625,-15.904,25.712002,11.6,none,4,7.0,155952.0,344546.0,248823.0,331569.0,259282.0
2026-04-14 18:14:32.316426,835328,1609507965896867,5565867001,0.696864,0.01952,0.333792,27.7375,29.715,14.1925,-15.608001,25.496,13.6,none,4,7.0,158713.0,342211.0,252168.0,329112.0,262443.0
2026-04-14 18:14:32.319014,835329,1609507965905850,5565875739,0.696864,0.01952,0.333792,37.8,25.655,17.66625,-15.608001,25.496,13.6,none,4,7.0,158713.0,342211.0,252168.0,329112.0,262443.0
2026-04-14 18:14:32.321310,835330,1609507965920505,5565890748,0.657824,0.18544,0.259616,48.50125,22.365,20.16,-15.416,25.248001,11.824,none,4,7.0,158713.0,342211.0,252168.0,329112.0,262443.0
2026-04-14 18:14:32.324367,835331,1609507965929450,5565899544,0.728096,0.138592,0.523136,46.50625,20.4925,20.1425,-15.000001,25.28,13.448001,none,4,7.0,158713.0,342211.0,252168.0,329112.0,262443.0
2026-04-14 18:14:32.326847,835332,1609507965944025,5565912411,0.728096,0.138592,0.523136,35.525,18.095,21.9625,-15.000001,25.28,13.448001,none,4,7.0,158713.0,342211.0,252168.0,329112.0,262443.0
2026-04-14 18:14:32.330353,835333,1609507965953323,5565923203,0.698816,0.046848,0.244,32.29625,15.1725,23.75625,-14.544001,25.44,12.960001,none,4,7.0,158713.0,342211.0,252168.0,329112.0,262443.0
2026-04-14 18:14:32.345210,835334,1609507965962255,5565931872,0.698816,0.046848,0.244,36.8025,10.31625,24.68375,-14.544001,25.44,12.960001,none,4,7.0,158713.0,342211.0,252168.0,329112.0,262443.0
2026-04-14 18:14:32.363068,835335,1609507965976815,5565946795,0.806176,0.072224,0.314272,41.55375,3.98125,25.8125,-15.376,25.400002,14.728001,none,4,7.0,158713.0,342211.0,252168.0,329112.0,262443.0
2026-04-14 18:14:32.370628,835336,1609507965985776,5565955493,0.806176,0.072224,0.314272,38.3075,-3.15,27.37,-15.376,25.400002,14.728001,none,4,7.0,158713.0,342211.0,252168.0,329112.0,262443.0
2026-04-14 18:14:32.398080,835347,1609507966000551,5565970444,0.804224,0.056608,0.476288,34.02,-4.6375,30.415,-14.040001,25.000002,14.584001,none,4,7.0,168190.0,342059.0,262549.0,328103.0,270956.0
2026-04-14 18:14:32.400605,835348,1609507966009717,5565979234,0.86864,0.040992,0.532896,39.59375,-3.52625,29.1375,-14.944,25.056002,17.048,none,4,7.0,168190.0,342059.0,262549.0,328103.0,270956.0
2026-04-14 18:14:32.402623,835349,1609507966024227,5565994152,0.86864,0.040992,0.532896,48.37,0.14,23.1525,-14.944,25.056002,17.048,none,4,7.0,168190.0,342059.0,262549.0,328103.0,270956.0
2026-04-14 18:14:32.432691,835350,1609507966033212,5566002841,0.860832,0.025376,0.542656,49.14875,-7.55125,26.08375,-14.896001,24.584002,14.72,none,4,7.0,168190.0,342059.0,262549.0,328103.0,270956.0
2026-04-14 18:14:32.434967,835351,1609507966042145,5566011537,0.860832,0.025376,0.542656,44.7825,-7.77,27.44,-14.896001,24.584002,14.72,none,4,7.0,168190.0,342059.0,262549.0,328103.0,270956.0
2026-04-14 18:14:32.437401,835352,1609507966056651,5566026431,0.884256,0.02928,0.411872,42.245,-8.995,26.71375,-13.512001,24.344002,14.896001,none,4,7.0,168190.0,342059.0,262549.0,328103.0,270956.0
2026-04-14 18:14:32.442485,835353,1609507966065615,5566035130,0.884256,0.02928,0.411872,39.31375,-8.81125,24.33375,-13.512001,24.344002,14.896001,none,4,7.0,168190.0,342059.0,262549.0,328103.0,270956.0
2026-04-14 18:14:32.459206,835354,1609507966080098,5566050053,0.853024,0.037088,0.255712,36.72375,-8.4525,22.715,-13.496,24.176,14.888001,none,4,7.0,168190.0,342059.0,262549.0,328103.0,270956.0
2026-04-14 18:14:32.465475,835355,1609507966089052,5566058835,0.853024,0.021472,0.33184,38.36875,-8.12875,20.90375,-13.496,24.176,14.888001,none,4,7.0,168190.0,342059.0,262549.0,328103.0,270956.0
2026-04-14 18:14:32.499339,835366,1609507966098382,5566067590,0.835456,0.025376,0.33184,37.24,-8.54875,18.90875,-14.016001,25.024002,15.896001,none,4,7.0,166898.0,342431.0,260630.0,328411.0,268907.0
2026-04-14 18:14:32.501442,835367,1609507966112981,5566082495,0.835456,0.042944,0.36112,34.34375,-8.6625,17.91125,-14.784,24.528002,17.656,none,4,7.0,166898.0,342431.0,260630.0,328411.0,268907.0
2026-04-14 18:14:32.504345,835368,1609507966121940,5566091274,0.835456,0.042944,0.36112,32.69875,-7.9275,16.4325,-14.784,24.528002,17.656,none,4,7.0,166898.0,342431.0,260630.0,328411.0,268907.0
2026-04-14 18:14:32.513056,835369,1609507966136525,5566106253,0.931104,0.046848,0.454816,33.3025,-5.95,15.015,-14.976001,23.952002,16.52,none,4,7.0,166898.0,342431.0,260630.0,328411.0,268907.0
2026-04-14 18:14:32.522657,835370,1609507966145484,5566114959,0.931104,0.046848,0.454816,34.15125,-4.27875,13.3875,-14.976001,23.952002,16.52,none,4,7.0,166898.0,342431.0,260630.0,328411.0,268907.0
2026-04-14 18:14:32.539330,835371,1609507966160107,5566129839,0.942816,-0.011712,0.277184,33.3025,-3.6925,12.5825,-13.224001,23.248001,15.976001,none,4,7.0,166898.0,342431.0,260630.0,328411.0,268907.0
2026-04-14 18:14:32.545493,835372,1609507966169057,5566138552,0.942816,-0.011712,0.277184,32.40125,-4.45375,12.845,-13.224001,23.248001,15.976001,none,4,7.0,166898.0,342431.0,260630.0,328411.0,268907.0
2026-04-14 18:14:32.553861,835373,1609507966178091,5566147245,0.894016,0.007808,0.242048,32.43625,-4.795,12.25,-14.040001,23.424002,16.952002,none,4,7.0,166898.0,342431.0,260630.0,328411.0,268907.0
2026-04-14 18:14:32.570626,835374,1609507966192578,5566162142,0.90768,0.02928,0.267424,30.5725,-3.6925,11.2,-12.880001,23.512001,17.688002,none,4,7.0,166898.0,342431.0,260630.0,328411.0,268907.0
2026-04-14 18:14:32.650039,835385,1609507966201642,5566170903,0.90768,0.02928,0.267424,28.8925,-1.0675,11.1125,-12.880001,23.512001,17.688002,none,4,7.0,164781.0,343848.0,258468.0,329978.0,267146.0
2026-04-14 18:14:32.652394,835386,1609507966216183,5566185903,0.880352,0.033184,0.201056,28.735,2.1875,10.77125,-13.76,23.136002,17.888,none,4,7.0,164781.0,343848.0,258468.0,329978.0,267146.0
2026-04-14 18:14:32.655055,835387,1609507966225106,5566194588,0.880352,0.033184,0.201056,28.90125,4.68125,10.43875,-13.76,23.136002,17.888,none,4,7.0,164781.0,343848.0,258468.0,329978.0,267146.0
2026-04-14 18:14:32.658006,835388,1609507966234050,5566203319,0.853024,0.054656,0.335744,27.93,5.985,10.05375,-13.656001,23.024,18.112001,none,4,7.0,164781.0,343848.0,258468.0,329978.0,267146.0
2026-04-14 18:14:32.660027,835389,1609507966248586,5566218199,0.853024,0.054656,0.335744,27.15125,6.755,10.43875,-13.656001,23.024,18.112001,none,4,7.0,164781.0,343848.0,258468.0,329978.0,267146.0
2026-04-14 18:14:32.662923,835390,1609507966257518,5566226918,0.895968,0.056608,0.359168,25.48,7.11375,11.13875,-13.296001,23.088001,18.36,none,4,7.0,164781.0,343848.0,258468.0,329978.0,267146.0
2026-04-14 18:14:32.665629,835391,1609507966272132,5566242014,0.90768,0.066368,0.325984,24.00125,7.51625,11.33125,-13.048,23.080002,19.84,none,4,7.0,164781.0,343848.0,258468.0,329978.0,267146.0
2026-04-14 18:14:32.670632,835392,1609507966281241,5566250717,0.90768,0.066368,0.325984,22.995,8.4,10.9725,-13.048,23.080002,19.84,none,4,7.0,164781.0,343848.0,258468.0,329978.0,267146.0
2026-04-14 18:14:32.700641,835403,1609507966295832,5566265639,0.8784,0.072224,0.435296,21.34125,11.865,9.8,-13.440001,23.056002,19.888,none,4,7.0,157671.0,344966.0,250346.0,331496.0,259939.0
2026-04-14 18:14:32.703148,835404,1609507966305415,5566274510,0.8784,0.072224,0.435296,18.13,14.245,8.39125,-13.440001,23.056002,19.888,none,4,7.0,157671.0,344966.0,250346.0,331496.0,259939.0
2026-04-14 18:14:32.707742,835405,1609507966314396,5566283258,0.821792,0.040992,0.158112,17.7975,15.58375,7.7525,-13.440001,23.064001,19.464,none,4,7.0,157671.0,344966.0,250346.0,331496.0,259939.0
2026-04-14 18:14:32.708153,835406,1609507966328899,5566298142,0.821792,0.040992,0.158112,17.84125,16.345,6.7375,-13.440001,23.064001,19.464,none,4,7.0,157671.0,344966.0,250346.0,331496.0,259939.0
2026-04-14 18:14:32.719088,835407,1609507966337823,5566306862,0.9272,0.037088,0.368928,17.00125,14.6125,7.8925,-12.464001,22.168001,19.584002,none,4,7.0,157671.0,344966.0,250346.0,331496.0,259939.0
2026-04-14 18:14:32.729193,835408,1609507966352372,5566321751,0.831552,0.0488,0.191296,16.80875,11.75125,10.47375,-11.328,22.304,18.240002,none,4,7.0,157671.0,344966.0,250346.0,331496.0,259939.0
2026-04-14 18:14:32.737572,835409,1609507966361319,5566330439,0.831552,0.0488,0.191296,17.8325,8.995,12.74875,-11.328,22.304,18.240002,none,4,7.0,157671.0,344966.0,250346.0,331496.0,259939.0
2026-04-14 18:14:32.746767,835410,1609507966370428,5566339136,0.831552,0.0488,0.191296,18.99625,8.75,12.6525,-11.328,22.304,18.240002,none,4,7.0,157671.0,344966.0,250346.0,331496.0,259939.0
2026-04-14 18:14:32.760597,835411,1609507966385274,5566354067,0.786656,0.1464,0.28304,19.075,9.9225,10.6575,-11.144,22.216002,19.92,none,4,7.0,157671.0,344966.0,250346.0,331496.0,259939.0
2026-04-14 18:14:32.771461,835412,1609507966394652,5566364843,0.808128,0.060512,0.148352,13.78125,11.20875,9.7825,-11.952001,22.352001,18.44,none,4,7.0,157671.0,344966.0,250346.0,331496.0,259939.0
2026-04-14 18:14:32.803849,835423,1609507966403635,5566373591,0.808128,0.060512,0.148352,7.4725,10.167501,9.89625,-11.952001,22.352001,18.44,none,4,7.0,150531.0,344278.0,242392.0,331402.0,252722.0
2026-04-14 18:14:32.809304,835424,1609507966418150,5566386711,0.911584,-0.013664,0.353312,4.935,9.8,10.73625,-12.024,22.36,18.52,none,4,7.0,150531.0,344278.0,242392.0,331402.0,252722.0
2026-04-14 18:14:32.809385,835425,1609507966427645,5566397481,0.911584,-0.013664,0.353312,4.8825,8.60125,11.7425,-12.024,22.36,18.52,none,4,7.0,150531.0,344278.0,242392.0,331402.0,252722.0
2026-04-14 18:14:32.820520,835426,1609507966442270,5566412604,0.851072,0.08784,0.415776,5.495,7.37625,12.78375,-11.856001,22.36,19.704,none,4,7.0,150531.0,344278.0,242392.0,331402.0,252722.0
2026-04-14 18:14:32.827961,835427,1609507966451258,5566421305,0.851072,0.08784,0.337696,7.34125,7.6825,12.705,-11.856001,22.36,19.704,none,4,7.0,150531.0,344278.0,242392.0,331402.0,252722.0
2026-04-14 18:14:32.842599,835428,1609507966465760,5566434151,0.767136,0.128832,0.337696,9.730001,9.37125,10.675,-10.472,22.160002,18.832,none,4,7.0,150531.0,344278.0,242392.0,331402.0,252722.0
2026-04-14 18:14:32.851525,835429,1609507966475058,5566444934,0.798368,0.031232,0.247904,5.495,9.89625,8.26875,-10.344001,21.832,19.016,none,4,7.0,150531.0,344278.0,242392.0,331402.0,252722.0
2026-04-14 18:14:32.860235,835430,1609507966484043,5566453641,0.798368,0.031232,0.247904,-1.4875,8.86375,7.98,-10.344001,21.832,19.016,none,4,7.0,150531.0,344278.0,242392.0,331402.0,252722.0
2026-04-14 18:14:32.897750,835441,1609507966498960,5566468609,0.86864,-0.007808,0.20496,-5.635,6.13375,7.72625,-10.712001,22.032001,18.960001,none,4,7.0,144766.0,343601.0,235934.0,331219.0,246937.0
2026-04-14 18:14:32.900320,835442,1609507966507961,5566477372,0.86864,-0.007808,0.20496,-7.315,2.63375,7.34125,-10.712001,22.032001,18.960001,none,4,7.0,144766.0,343601.0,235934.0,331219.0,246937.0
2026-04-14 18:14:32.902806,835443,1609507966517032,5566486134,0.77104,0.115168,0.294752,-8.70625,0.88375,5.62625,-10.336,22.176,18.648,none,4,7.0,144766.0,343601.0,235934.0,331219.0,246937.0
2026-04-14 18:14:32.907636,835444,1609507966531820,5566501127,0.77104,0.115168,0.325984,-7.7875,0.76125,3.28125,-10.336,22.176,18.648,none,4,7.0,144766.0,343601.0,235934.0,331219.0,246937.0
2026-04-14 18:14:32.916766,835445,1609507966540744,5566509855,0.864736,0.011712,0.31232,-8.32125,1.89,0.06125,-10.224001,22.320002,18.432001,none,4,7.0,144766.0,343601.0,235934.0,331219.0,246937.0
2026-04-14 18:14:32.932658,835446,1609507966555226,5566524781,0.817888,0.005856,0.17568,-11.6375,3.6225,-3.3775,-10.272,22.696001,19.648,none,4,7.0,144766.0,343601.0,235934.0,331219.0,246937.0
2026-04-14 18:14:32.940223,835447,1609507966564188,5566533571,0.817888,0.005856,0.17568,-15.26875,4.82125,-5.3725,-10.272,22.696001,19.648,none,4,7.0,144766.0,343601.0,235934.0,331219.0,246937.0
2026-04-14 18:14:32.965309,835448,1609507966578691,5566548467,0.890112,0.007808,0.366976,-16.38875,2.84375,-7.525,-11.160001,22.68,18.856,none,4,7.0,144766.0,343601.0,235934.0,331219.0,246937.0
2026-04-14 18:14:32.990299,835449,1609507966587672,5566557145,0.890112,0.007808,0.366976,-15.70625,-0.7525,-8.5925,-11.160001,22.68,18.856,none,4,7.0,144766.0,343601.0,235934.0,331219.0,246937.0
2026-04-14 18:14:33.007588,835450,1609507966596616,5566565819,0.864736,0.003904,0.169824,-14.98875,-4.03375,-9.9225,-11.424001,22.76,19.568,none,4,7.0,144766.0,343601.0,235934.0,331219.0,246937.0
2026-04-14 18:14:33.035148,835461,1609507966611347,5566580817,0.864736,0.003904,0.169824,-14.7175,-5.80125,-10.91125,-11.424001,22.76,19.568,none,4,7.0,147989.0,345985.0,239984.0,333699.0,250702.0
2026-04-14 18:14:33.037610,835462,1609507966620349,5566589475,0.919392,-0.00976,0.407968,-16.45875,-6.20375,-11.22625,-11.592001,23.248001,18.056002,none,4,7.0,147989.0,345985.0,239984.0,333699.0,250702.0
2026-04-14 18:14:33.040244,835463,1609507966634930,5566604503,0.962336,-0.001952,0.374784,-19.38125,-5.0925,-12.17125,-11.464001,23.456001,19.52,none,4,7.0,147989.0,345985.0,239984.0,333699.0,250702.0
2026-04-14 18:14:33.042734,835464,1609507966643878,5566613374,0.962336,-0.001952,0.374784,-21.875,-4.2525,-13.86875,-11.464001,23.456001,19.52,none,4,7.0,147989.0,345985.0,239984.0,333699.0,250702.0
2026-04-14 18:14:33.045112,835465,1609507966652813,5566622096,0.962336,-0.001952,0.245952,-24.325,-4.62,-16.2225,-11.464001,23.456001,19.52,none,4,7.0,147989.0,345985.0,239984.0,333699.0,250702.0
2026-04-14 18:14:33.072652,835466,1609507966667404,5566637160,0.976,-0.01952,0.245952,-23.9925,-6.1425,-16.9225,-12.216001,23.664001,21.000002,none,4,7.0,147989.0,345985.0,239984.0,333699.0,250702.0
2026-04-14 18:14:33.075654,835467,1609507966676363,5566645855,0.931104,-0.011712,0.23424,-23.45,-9.4675,-18.22625,-12.856001,23.496,18.768002,none,4,7.0,147989.0,345985.0,239984.0,333699.0,250702.0
2026-04-14 18:14:33.077616,835468,1609507966690903,5566660753,0.931104,-0.011712,0.23424,-21.41125,-10.42125,-19.11875,-12.856001,23.496,18.768002,none,4,7.0,147989.0,345985.0,239984.0,333699.0,250702.0
2026-04-14 18:14:33.108262,835479,1609507966700249,5566669632,0.856928,0.035136,0.290848,-22.68875,-10.15875,-19.4425,-11.896001,23.824001,18.432001,none,4,7.0,146862.0,345902.0,238473.0,333684.0,249110.0
2026-04-14 18:14:33.114836,835480,1609507966714844,5566684589,0.86864,0.050752,0.216672,-25.47125,-9.19625,-19.69625,-12.632001,23.52,17.944,none,4,7.0,146862.0,345902.0,238473.0,333684.0,249110.0
2026-04-14 18:14:33.114906,835481,1609507966723786,5566693304,0.86864,0.050752,0.216672,-24.98125,-8.8025,-19.985,-12.632001,23.52,17.944,none,4,7.0,146862.0,345902.0,238473.0,333684.0,249110.0
2026-04-14 18:14:33.114952,835482,1609507966732791,5566702024,0.86864,0.050752,0.216672,-26.075,-8.96,-20.71125,-12.632001,23.52,17.944,none,4,7.0,146862.0,345902.0,238473.0,333684.0,249110.0
2026-04-14 18:14:33.124240,835483,1609507966747317,5566716944,0.89792,0.037088,0.199104,-30.94875,-9.6075,-20.71125,-12.808001,23.856,18.448,none,4,7.0,146862.0,345902.0,238473.0,333684.0,249110.0
2026-04-14 18:14:33.132986,835484,1609507966756279,5566725653,0.923296,0.060512,0.32208,-34.4925,-10.6225,-21.0525,-12.384001,23.728,17.864,none,4,7.0,146862.0,345902.0,238473.0,333684.0,249110.0
2026-04-14 18:14:33.148067,835485,1609507966770866,5566740543,0.923296,0.060512,0.32208,-35.8925,-10.21125,-23.65125,-12.384001,23.728,17.864,none,4,7.0,146862.0,345902.0,238473.0,333684.0,249110.0
2026-04-14 18:14:33.155611,835486,1609507966779789,5566749334,0.876448,0.066368,0.417728,-36.60125,-9.24875,-25.73375,-13.040001,23.832,16.432001,none,4,7.0,146862.0,345902.0,238473.0,333684.0,249110.0
2026-04-14 18:14:33.165307,835487,1609507966788740,5566758053,0.876448,0.066368,0.417728,-39.375,-7.90125,-27.22125,-13.040001,23.832,16.432001,none,4,7.0,146862.0,345902.0,238473.0,333684.0,249110.0
2026-04-14 18:14:33.199294,835498,1609507966803533,5566773077,0.856928,0.03904,0.359168,-41.85125,-6.88625,-27.08125,-12.376,24.032001,16.016,none,4,7.0,141003.0,342770.0,231330.0,330752.0,242412.0
2026-04-14 18:14:33.201125,835499,1609507966812595,5566781905,0.856928,0.03904,0.359168,-43.91625,-6.8425,-26.78375,-12.376,24.032001,16.016,none,4,7.0,141003.0,342770.0,231330.0,330752.0,242412.0
2026-04-14 18:14:33.204125,835500,1609507966827122,5566796901,0.895968,0.044896,0.216672,-44.9225,-7.69125,-26.31125,-13.536,24.048,17.712,none,4,7.0,141003.0,342770.0,231330.0,330752.0,242412.0
2026-04-14 18:14:33.212946,835501,1609507966836062,5566805591,0.909632,0.076128,0.374784,-43.74125,-9.4675,-28.210001,-14.832001,24.720001,17.504002,none,4,7.0,141003.0,342770.0,231330.0,330752.0,242412.0
2026-04-14 18:14:33.228035,835502,1609507966850586,5566820561,0.909632,0.076128,0.374784,-44.93125,-12.20625,-32.24375,-14.832001,24.720001,17.504002,none,4,7.0,141003.0,342770.0,231330.0,330752.0,242412.0
2026-04-14 18:14:33.236531,835503,1609507966859562,5566829250,0.83936,0.089792,0.513376,-44.61625,-13.57125,-36.995,-14.744,24.712002,15.232,none,4,7.0,141003.0,342770.0,231330.0,330752.0,242412.0
2026-04-14 18:14:33.246860,835504,1609507966868520,5566837965,0.83936,0.089792,0.513376,-43.785,-13.3525,-40.6525,-14.744,24.712002,15.232,none,4,7.0,141003.0,342770.0,231330.0,330752.0,242412.0
2026-04-14 18:14:33.260623,835505,1609507966883039,5566852851,0.843264,-0.001952,0.542656,-42.93625,-10.85,-41.4925,-14.104001,24.480001,14.464001,none,4,7.0,141003.0,342770.0,231330.0,330752.0,242412.0
2026-04-14 18:14:33.267641,835506,1609507966892021,5566861596,0.843264,-0.001952,0.542656,-39.47125,-7.245,-40.1625,-14.104001,24.480001,14.464001,none,4,7.0,141003.0,342770.0,231330.0,330752.0,242412.0
2026-04-14 18:14:33.303003,835518,1609507966906609,5566876842,0.788608,-0.035136,0.267424,-39.33125,-5.215,-37.1175,-14.472001,24.712002,14.464001,none,4,7.0,125352.0,337305.0,211059.0,324832.0,223237.0
2026-04-14 18:14:33.305094,835519,1609507966915590,5566885532,0.75152,0.003904,0.443104,-39.8475,-4.68125,-31.473751,-14.768001,25.296001,14.688001,none,4,7.0,125352.0,337305.0,211059.0,324832.0,223237.0
2026-04-14 18:14:33.307625,835520,1609507966924551,5566894394,0.75152,0.003904,0.443104,-39.20875,-6.2475,-27.5275,-14.768001,25.296001,14.688001,none,4,7.0,125352.0,337305.0,211059.0,324832.0,223237.0
2026-04-14 18:14:33.333005,835521,1609507966939180,5566909356,0.804224,0.007808,0.552416,-33.18,-7.06125,-24.96375,-15.184001,25.184002,14.872001,none,4,7.0,125352.0,337305.0,211059.0,324832.0,223237.0
2026-04-14 18:14:33.357791,835522,1609507966948264,5566918156,0.804224,0.007808,0.552416,-25.43625,-6.27375,-22.960001,-15.184001,25.184002,14.872001,none,4,7.0,125352.0,337305.0,211059.0,324832.0,223237.0
2026-04-14 18:14:33.363154,835523,1609507966962770,5566933045,0.815936,-0.023424,0.568032,-21.9625,-5.355,-20.51875,-15.6,25.104002,14.376,none,4,7.0,125352.0,337305.0,211059.0,324832.0,223237.0
2026-04-14 18:14:33.365638,835524,1609507966971718,5566941731,0.815936,-0.023424,0.568032,-19.6525,-5.25875,-18.2,-15.6,25.104002,14.376,none,4,7.0,125352.0,337305.0,211059.0,324832.0,223237.0
2026-04-14 18:14:33.367642,835525,1609507966986199,5566954577,0.763232,-0.005856,0.417728,-16.765,-5.13625,-16.26625,-15.912001,24.856,15.152,none,4,7.0,125352.0,337305.0,211059.0,324832.0,223237.0
2026-04-14 18:14:33.371467,835526,1609507966995405,5566965369,0.747616,0.02928,0.368928,-12.46875,-4.3225,-16.40625,-15.912001,24.856,13.112,none,4,7.0,125352.0,337305.0,211059.0,324832.0,223237.0
2026-04-14 18:14:33.398005,835536,1609507967004517,5566974123,0.745664,0.02928,0.368928,-6.88625,-3.64,-18.375,-15.816001,24.816002,13.112,none,4,7.0,118293.0,334536.0,201728.0,321614.0,213950.0
2026-04-14 18:14:33.400412,835537,1609507967019207,5566989180,0.782752,0.005856,0.59536,-3.92,-2.4325,-21.0,-16.624,25.128,15.832001,none,4,7.0,118293.0,334536.0,201728.0,321614.0,213950.0
2026-04-14 18:14:33.405155,835538,1609507967028156,5566997871,0.782752,0.005856,0.59536,-0.67375,-1.40875,-20.51,-16.624,25.128,15.832001,none,4,7.0,118293.0,334536.0,201728.0,321614.0,213950.0
2026-04-14 18:14:33.420310,835539,1609507967042779,5567012805,0.763232,-0.052704,0.40016,3.43875,0.0,-17.89375,-17.304,25.160002,14.952001,none,4,7.0,118293.0,334536.0,201728.0,321614.0,213950.0
2026-04-14 18:14:33.430634,835540,1609507967051768,5567021530,0.763232,-0.052704,0.40016,7.7875,2.17,-13.9825,-17.304,25.160002,14.952001,none,4,7.0,118293.0,334536.0,201728.0,321614.0,213950.0
2026-04-14 18:14:33.436839,835541,1609507967060706,5567030267,0.792512,0.01952,0.626592,8.00625,4.29625,-10.59625,-15.304001,24.416,13.792001,none,4,7.0,118293.0,334536.0,201728.0,321614.0,213950.0
2026-04-14 18:14:33.453107,835542,1609507967075221,5567045175,0.792512,0.01952,0.626592,6.055,6.44,-6.72875,-15.304001,24.416,13.792001,none,4,7.0,118293.0,334536.0,201728.0,321614.0,213950.0
2026-04-14 18:14:33.461886,835543,1609507967084143,5567053858,0.813984,-0.005856,0.441152,6.92125,8.9075,-3.52625,-15.296001,24.376001,12.664001,none,4,7.0,118293.0,334536.0,201728.0,321614.0,213950.0
2026-04-14 18:14:33.476717,835544,1609507967098664,5567068744,0.796416,0.011712,0.554368,11.01625,10.47375,-0.2975,-15.216001,24.376001,15.032001,none,4,7.0,118293.0,334536.0,201728.0,321614.0,213950.0
2026-04-14 18:14:33.506471,835556,1609507967107661,5567077471,0.796416,0.011712,0.554368,14.02625,9.40625,3.47375,-15.216001,24.376001,15.032001,none,4,7.0,125716.0,337034.0,211104.0,324287.0,223264.0
2026-04-14 18:14:33.509194,835557,1609507967122380,5567092502,0.732,-0.017568,0.38064,13.195,6.125,7.7875,-15.784,24.400002,15.424001,none,4,7.0,125716.0,337034.0,211104.0,324287.0,223264.0
2026-04-14 18:14:33.511881,835558,1609507967131476,5567101200,0.732,-0.017568,0.38064,13.3525,2.70375,12.67875,-15.784,24.400002,15.424001,none,4,7.0,125716.0,337034.0,211104.0,324287.0,223264.0
2026-04-14 18:14:33.516473,835559,1609507967140558,5567109918,0.81984,0.052704,0.579744,16.3275,0.035,15.3475,-15.936001,24.28,15.432001,none,4,7.0,125716.0,337034.0,211104.0,324287.0,223264.0
2026-04-14 18:14:33.533112,835560,1609507967155099,5567124895,0.81984,0.052704,0.579744,18.4975,-0.90125,15.61875,-15.936001,24.28,15.432001,none,4,7.0,125716.0,337034.0,211104.0,324287.0,223264.0
2026-04-14 18:14:33.541813,835561,1609507967164089,5567133609,0.759328,0.037088,0.505568,16.397501,-1.645,14.91875,-15.064001,24.304,14.504001,none,4,7.0,125716.0,337034.0,211104.0,324287.0,223264.0
2026-04-14 18:14:33.555283,835562,1609507967178595,5567148510,0.732,-0.00976,0.392352,14.56,-2.91375,15.74125,-14.320001,24.216002,13.76,none,4,7.0,125716.0,337034.0,211104.0,324287.0,223264.0
2026-04-14 18:14:33.565222,835563,1609507967187527,5567157211,0.732,-0.00976,0.392352,16.6425,-3.9725,17.272501,-14.320001,24.216002,13.76,none,4,7.0,125716.0,337034.0,211104.0,324287.0,223264.0
2026-04-14 18:14:33.574614,835564,1609507967196442,5567165897,0.732,-0.00976,0.42944,18.62,-3.8675,18.3225,-14.320001,24.216002,13.76,none,4,7.0,125716.0,337034.0,211104.0,324287.0,223264.0
2026-04-14 18:14:33.601755,835575,1609507967210951,5567180890,0.75152,0.037088,0.42944,17.47375,-1.37375,18.73375,-14.088,24.392002,16.048,none,4,7.0,134140.0,340941.0,222130.0,328692.0,233745.0
2026-04-14 18:14:33.604238,835576,1609507967219934,5567189695,0.7808,0.013664,0.404064,12.8625,1.2775,19.41625,-15.880001,24.560001,17.176,none,4,7.0,134140.0,340941.0,222130.0,328692.0,233745.0
2026-04-14 18:14:33.611822,835577,1609507967234470,5567204596,0.7808,0.013664,0.404064,11.08625,2.5375,20.1075,-15.880001,24.560001,17.176,none,4,7.0,134140.0,340941.0,222130.0,328692.0,233745.0
2026-04-14 18:14:33.622971,835578,1609507967243613,5567213396,0.786656,0.042944,0.482144,13.475,3.01,20.29125,-14.616001,24.024002,14.824,none,4,7.0,134140.0,340941.0,222130.0,328692.0,233745.0
2026-04-14 18:14:33.635627,835579,1609507967258127,5567228351,0.774944,0.064416,0.607072,19.022501,3.2025,20.57125,-13.744,24.056002,14.56,none,4,7.0,134140.0,340941.0,222130.0,328692.0,233745.0
2026-04-14 18:14:33.648147,835580,1609507967267066,5567237034,0.774944,0.064416,0.607072,24.98125,4.62875,21.315,-13.744,24.056002,14.56,none,4,7.0,134140.0,340941.0,222130.0,328692.0,233745.0
2026-04-14 18:14:33.658007,835581,1609507967275992,5567245726,0.774944,0.064416,0.607072,26.03125,8.636251,21.91,-13.744,24.056002,14.56,none,4,7.0,134140.0,340941.0,222130.0,328692.0,233745.0
2026-04-14 18:14:33.671896,835582,1609507967290524,5567260633,0.77104,0.066368,0.415776,19.022501,14.55125,23.16125,-13.208,24.2,16.568,none,4,7.0,134140.0,340941.0,222130.0,328692.0,233745.0
2026-04-14 18:14:33.681750,835583,1609507967299531,5567269436,0.854976,0.060512,0.40016,8.23375,19.60875,23.87875,-12.984,24.168001,16.664001,none,4,7.0,134140.0,340941.0,222130.0,328692.0,233745.0
2026-04-14 18:14:33.776731,835594,1609507967314103,5567284376,0.854976,0.060512,0.40016,3.6925,22.16375,23.77375,-12.984,24.168001,16.664001,none,4,7.0,146472.0,346547.0,238201.0,334511.0,248745.0
2026-04-14 18:14:33.779240,835595,1609507967323135,5567293050,0.81008,0.101504,0.316224,9.1525,22.88125,21.245,-13.784,24.432001,16.880001,none,4,7.0,146472.0,346547.0,238201.0,334511.0,248745.0
2026-04-14 18:14:33.781694,835596,1609507967332211,5567301773,0.81008,0.101504,0.316224,14.945,22.3475,18.5675,-13.784,24.432001,16.880001,none,4,7.0,146472.0,346547.0,238201.0,334511.0,248745.0
2026-04-14 18:14:33.783799,835597,1609507967346707,5567316690,0.83936,0.033184,0.388448,19.022501,22.07625,18.90875,-13.352,23.696001,15.784,none,4,7.0,146472.0,346547.0,238201.0,334511.0,248745.0
2026-04-14 18:14:33.786758,835598,1609507967355624,5567325362,0.83936,0.033184,0.388448,18.515,21.665,19.92375,-13.352,23.696001,15.784,none,4,7.0,146472.0,346547.0,238201.0,334511.0,248745.0
2026-04-14 18:14:33.788858,835599,1609507967370266,5567340308,0.851072,0.02928,0.38064,13.7025,20.475,23.1875,-12.128,24.264002,16.16,none,4,7.0,146472.0,346547.0,238201.0,334511.0,248745.0
2026-04-14 18:14:33.791430,835600,1609507967379201,5567348985,0.827648,0.111264,0.359168,9.14375,18.55875,25.4975,-11.528001,23.736002,16.272001,none,4,7.0,146472.0,346547.0,238201.0,334511.0,248745.0
2026-04-14 18:14:33.793867,835601,1609507967393821,5567364005,0.827648,0.111264,0.359168,6.95625,16.10875,25.57625,-11.528001,23.736002,16.272001,none,4,7.0,146472.0,346547.0,238201.0,334511.0,248745.0
2026-04-14 18:14:33.821452,835612,1609507967402993,5567372745,0.95648,0.046848,0.38064,7.67375,14.735,23.8,-11.376,23.960001,16.344,none,4,7.0,148458.0,348195.0,240661.0,336104.0,250756.0
2026-04-14 18:14:33.823945,835613,1609507967412178,5567381467,0.95648,0.046848,0.38064,8.26,12.7225,20.97375,-11.376,23.960001,16.344,none,4,7.0,148458.0,348195.0,240661.0,336104.0,250756.0
2026-04-14 18:14:33.826856,835614,1609507967426760,5567396405,0.864736,0.023424,0.40016,5.2325,9.31875,19.355,-10.88,24.304,16.216002,none,4,7.0,148458.0,348195.0,240661.0,336104.0,250756.0
2026-04-14 18:14:33.829345,835615,1609507967435758,5567405192,0.864736,0.023424,0.40016,5.15375,6.3525,18.54125,-10.88,24.304,16.216002,none,4,7.0,148458.0,348195.0,240661.0,336104.0,250756.0
2026-04-14 18:14:33.831847,835616,1609507967450346,5567420248,0.944768,0.007808,0.402112,3.96375,4.9,17.45625,-11.008,24.192001,16.664001,none,4,7.0,148458.0,348195.0,240661.0,336104.0,250756.0
2026-04-14 18:14:33.837647,835617,1609507967459296,5567428936,0.931104,0.01952,0.447008,0.4375,3.64875,16.03,-10.960001,24.256,16.608002,none,4,7.0,148458.0,348195.0,240661.0,336104.0,250756.0
2026-04-14 18:14:33.846999,835618,1609507967468252,5567437626,0.931104,0.01952,0.447008,-2.94,3.4475,14.805,-10.960001,24.256,16.608002,none,4,7.0,148458.0,348195.0,240661.0,336104.0,250756.0
2026-04-14 18:14:33.858825,835619,1609507967482805,5567452543,0.870592,0.023424,0.374784,-2.1175,4.45375,12.97625,-10.576,24.464,16.232,none,4,7.0,148458.0,348195.0,240661.0,336104.0,250756.0
2026-04-14 18:14:33.867973,835620,1609507967491824,5567461239,0.870592,0.023424,0.374784,-1.1725,4.235,10.3775,-10.576,24.464,16.232,none,4,7.0,148458.0,348195.0,240661.0,336104.0,250756.0
2026-04-14 18:14:33.903045,835631,1609507967507013,5567476186,0.913536,-0.044896,0.296704,-3.08,3.5875,8.46125,-11.128,24.616001,17.128,none,4,7.0,133405.0,342095.0,222678.0,330655.0,233816.0
2026-04-14 18:14:33.905556,835632,1609507967516022,5567484964,0.913536,-0.044896,0.296704,-5.0925,3.05375,7.6125,-11.128,24.616001,17.128,none,4,7.0,133405.0,342095.0,222678.0,330655.0,233816.0
2026-04-14 18:14:33.907660,835633,1609507967525107,5567493721,0.843264,0.013664,0.335744,-6.8425,2.8175,6.4925,-10.656,24.640001,16.336,none,4,7.0,133405.0,342095.0,222678.0,330655.0,233816.0
2026-04-14 18:14:33.915377,835634,1609507967539960,5567508654,0.909632,-0.015616,0.423584,-7.455,3.33375,5.60875,-10.344001,24.728,17.072,none,4,7.0,133405.0,342095.0,222678.0,330655.0,233816.0
2026-04-14 18:14:33.926475,835635,1609507967549216,5567519438,0.909632,-0.015616,0.423584,-7.90125,3.08875,6.20375,-10.344001,24.728,17.072,none,4,7.0,133405.0,342095.0,222678.0,330655.0,233816.0
2026-04-14 18:14:33.939041,835636,1609507967563732,5567532427,0.81984,-0.017568,0.300608,-8.40875,3.85875,6.22125,-10.024,24.792002,16.592001,none,4,7.0,133405.0,342095.0,222678.0,330655.0,233816.0
2026-04-14 18:14:33.952918,835637,1609507967573081,5567543171,0.81984,-0.017568,0.300608,-9.42375,6.16,5.18875,-10.024,24.792002,16.592001,none,4,7.0,133405.0,342095.0,222678.0,330655.0,233816.0
2026-04-14 18:14:33.963190,835638,1609507967582169,5567551891,0.909632,-0.02928,0.398208,-10.2725,8.5925,3.38625,-10.472,25.072,17.344002,none,4,7.0,133405.0,342095.0,222678.0,330655.0,233816.0
2026-04-14 18:14:33.973930,835639,1609507967596698,5567566813,0.909632,-0.02928,0.398208,-10.6225,9.3975,0.7175,-10.472,25.072,17.344002,none,4,7.0,133405.0,342095.0,222678.0,330655.0,233816.0
2026-04-14 18:14:34.004106,835650,1609507967606074,5567575547,0.85888,-0.035136,0.179584,-8.575,9.49375,-0.8225,-10.816001,24.976002,16.208,none,4,7.0,121719.0,335960.0,208983.0,325336.0,220590.0
2026-04-14 18:14:34.006539,835651,1609507967615225,5567584285,0.85888,-0.035136,0.179584,-7.91875,9.0125,-2.4675,-10.816001,24.976002,16.208,none,4,7.0,121719.0,335960.0,208983.0,325336.0,220590.0
2026-04-14 18:14:34.009039,835652,1609507967629758,5567599228,0.802272,-0.01952,0.22448,-8.47,8.855001,-3.85875,-11.432,24.936,17.072,none,4,7.0,121719.0,335960.0,208983.0,325336.0,220590.0
2026-04-14 18:14:34.016535,835653,1609507967638688,5567607908,0.802272,-0.01952,0.22448,-9.56375,9.14375,-5.32,-11.432,24.936,17.072,none,4,7.0,121719.0,335960.0,208983.0,325336.0,220590.0
2026-04-14 18:14:34.029027,835654,1609507967653326,5567622811,0.847168,-0.035136,0.251808,-11.917501,8.61875,-7.1225,-10.792001,25.272001,18.072,none,4,7.0,121719.0,335960.0,208983.0,325336.0,220590.0
2026-04-14 18:14:34.037680,835655,1609507967662417,5567631507,0.862784,0.013664,0.384544,-12.46875,7.0175,-9.58125,-11.056001,25.152,16.952002,none,4,7.0,121719.0,335960.0,208983.0,325336.0,220590.0
2026-04-14 18:14:34.088870,835656,1609507967676931,5567646387,0.862784,0.013664,0.384544,-11.36625,4.43625,-11.917501,-11.056001,25.152,16.952002,none,4,7.0,121719.0,335960.0,208983.0,325336.0,220590.0
2026-04-14 18:14:34.091361,835657,1609507967685907,5567655040,0.825696,-0.003904,0.411872,-10.57875,2.21375,-14.0875,-10.688001,25.168001,17.224,none,4,7.0,121719.0,335960.0,208983.0,325336.0,220590.0
2026-04-14 18:14:34.093833,835658,1609507967694863,5567663729,0.825696,-0.003904,0.411872,-12.41625,-0.48125,-15.1025,-10.688001,25.168001,17.224,none,4,7.0,121719.0,335960.0,208983.0,325336.0,220590.0
2026-04-14 18:14:34.122716,835669,1609507967709515,5567679183,0.823744,-0.011712,0.456768,-13.0725,-1.95125,-15.32125,-11.160001,25.464,15.888001,none,4,7.0,124351.0,337968.0,212548.0,327634.0,224181.0
2026-04-14 18:14:34.125322,835670,1609507967718448,5567687982,0.823744,-0.011712,0.456768,-14.35875,-2.275,-15.25125,-11.160001,25.464,15.888001,none,4,7.0,124351.0,337968.0,212548.0,327634.0,224181.0
2026-04-14 18:14:34.127818,835671,1609507967733099,5567703032,0.856928,-0.01952,0.308416,-14.1925,-2.17875,-14.70875,-10.336,24.896002,15.504001,none,4,7.0,124351.0,337968.0,212548.0,327634.0,224181.0
2026-04-14 18:14:34.130316,835672,1609507967742051,5567711830,0.823744,0.0,0.324032,-12.705,-2.37125,-14.3325,-10.200001,25.160002,15.760001,none,4,7.0,124351.0,337968.0,212548.0,327634.0,224181.0
2026-04-14 18:14:34.132651,835673,1609507967751172,5567720519,0.823744,0.0,0.324032,-10.80625,-4.1125,-14.455,-10.200001,25.160002,15.760001,none,4,7.0,124351.0,337968.0,212548.0,327634.0,224181.0
2026-04-14 18:14:34.144609,835674,1609507967765713,5567735523,0.817888,-0.033184,0.308416,-9.66,-6.8425,-13.51875,-11.528001,25.688002,18.112001,none,4,7.0,124351.0,337968.0,212548.0,327634.0,224181.0
2026-04-14 18:14:34.151729,835675,1609507967774767,5567744218,0.817888,-0.033184,0.308416,-8.82,-8.93375,-12.0225,-11.528001,25.688002,18.112001,none,4,7.0,124351.0,337968.0,212548.0,327634.0,224181.0
2026-04-14 18:14:34.165464,835676,1609507967789236,5567759134,0.806176,-0.013664,0.300608,-9.47625,-10.2375,-10.84125,-11.52,25.304,16.184,none,4,7.0,124351.0,337968.0,212548.0,327634.0,224181.0
2026-04-14 18:14:34.175548,835677,1609507967798152,5567767844,0.806176,-0.013664,0.300608,-10.94625,-9.6775,-10.05375,-11.52,25.304,16.184,none,4,7.0,124351.0,337968.0,212548.0,327634.0,224181.0
2026-04-14 18:14:34.206870,835688,1609507967812695,5567782866,0.84912,0.037088,0.462624,-12.59125,-7.63,-10.045,-11.440001,25.128,15.264001,none,4,7.0,131013.0,341996.0,220412.0,331330.0,231687.0
2026-04-14 18:14:34.209248,835689,1609507967821666,5567791627,0.915488,-0.05856,0.445056,-10.4475,-6.16,-11.22625,-11.056001,24.920002,13.976001,none,4,7.0,131013.0,341996.0,220412.0,331330.0,231687.0
2026-04-14 18:14:34.211864,835690,1609507967830761,5567800398,0.915488,-0.05856,0.445056,-6.37875,-6.25625,-11.9525,-11.056001,24.920002,13.976001,none,4,7.0,131013.0,341996.0,220412.0,331330.0,231687.0
2026-04-14 18:14:34.222721,835691,1609507967845296,5567815303,0.806176,-0.072224,0.27328,-2.98375,-6.9825,-10.8325,-11.104,24.880001,15.384001,none,4,7.0,131013.0,341996.0,220412.0,331330.0,231687.0
2026-04-14 18:14:34.247108,835692,1609507967854264,5567823991,0.806176,-0.072224,0.27328,-1.2775,-7.95375,-9.16125,-11.104,24.880001,15.384001,none,4,7.0,131013.0,341996.0,220412.0,331330.0,231687.0
2026-04-14 18:14:34.255545,835693,1609507967868743,5567838862,0.876448,-0.027328,0.45872,-1.25125,-7.41125,-7.4025,-11.256001,24.848001,15.056001,none,4,7.0,131013.0,341996.0,220412.0,331330.0,231687.0
2026-04-14 18:14:34.258222,835694,1609507967877667,5567847766,0.876448,-0.027328,0.45872,-1.81125,-5.95,-6.25625,-11.256001,24.848001,15.056001,none,4,7.0,131013.0,341996.0,220412.0,331330.0,231687.0
2026-04-14 18:14:34.263731,835695,1609507967886634,5567856490,0.854976,0.007808,0.402112,-1.35625,-3.99875,-6.44,-11.904,25.128,16.480001,none,4,7.0,131013.0,341996.0,220412.0,331330.0,231687.0
2026-04-14 18:14:34.280236,835696,1609507967901142,5567871376,0.854976,-0.023424,0.49776,0.06125,-2.485,-7.49,-11.904,25.128,16.480001,none,4,7.0,131013.0,341996.0,220412.0,331330.0,231687.0
2026-04-14 18:14:34.307715,835707,1609507967910173,5567880328,0.837408,-0.02928,0.49776,2.24,-2.28375,-8.51375,-11.920001,24.424002,15.544001,none,4,7.0,130279.0,342124.0,219594.0,331598.0,231005.0
2026-04-14 18:14:34.310297,835708,1609507967925074,5567895243,0.853024,-0.050752,0.447008,5.53,-3.43,-7.69125,-11.536,24.512001,15.456,none,4,7.0,130279.0,342124.0,219594.0,331598.0,231005.0
2026-04-14 18:14:34.312706,835709,1609507967934191,5567903973,0.853024,-0.050752,0.447008,6.265,-3.675,-7.035,-11.536,24.512001,15.456,none,4,7.0,130279.0,342124.0,219594.0,331598.0,231005.0
2026-04-14 18:14:34.326436,835710,1609507967948737,5567918954,0.776896,0.05856,0.540704,5.04,-3.255,-5.90625,-11.328,24.432001,17.272001,none,4,7.0,130279.0,342124.0,219594.0,331598.0,231005.0
2026-04-14 18:14:34.356396,835711,1609507967957691,5567927654,0.776896,0.05856,0.540704,4.55875,-3.17625,-5.39875,-11.328,24.432001,17.272001,none,4,7.0,130279.0,342124.0,219594.0,331598.0,231005.0
2026-04-14 18:14:34.358959,835712,1609507967966655,5567936333,0.851072,0.046848,0.44896,5.57375,-2.03,-6.475,-12.000001,24.768002,16.464,none,4,7.0,130279.0,342124.0,219594.0,331598.0,231005.0
2026-04-14 18:14:34.361470,835713,1609507967981131,5567951214,0.851072,0.046848,0.44896,5.76625,-2.6775,-8.1725,-12.000001,24.768002,16.464,none,4,7.0,130279.0,342124.0,219594.0,331598.0,231005.0
2026-04-14 18:14:34.366515,835714,1609507967990113,5567959964,0.841312,0.033184,0.493856,6.69375,-5.80125,-8.68875,-13.216001,25.240002,15.752001,none,4,7.0,130279.0,342124.0,219594.0,331598.0,231005.0
2026-04-14 18:14:34.406391,835725,1609507968004630,5567974876,0.83936,0.021472,0.398208,9.28375,-8.79375,-10.08,-11.904,24.176,15.624001,none,4,7.0,134381.0,343393.0,224558.0,332613.0,235677.0
2026-04-14 18:14:34.408804,835726,1609507968013733,5567983609,0.83936,0.021472,0.398208,9.0475,-10.66625,-10.94625,-11.904,24.176,15.624001,none,4,7.0,134381.0,343393.0,224558.0,332613.0,235677.0
2026-04-14 18:14:34.411317,835727,1609507968022793,5567992387,0.77104,0.054656,0.339648,5.285,-11.1125,-9.9575,-12.864,24.424002,16.864,none,4,7.0,134381.0,343393.0,224558.0,332613.0,235677.0
2026-04-14 18:14:34.436499,835728,1609507968037329,5568007349,0.77104,0.054656,0.339648,2.3275,-10.3075,-9.03875,-12.864,24.424002,16.864,none,4,7.0,134381.0,343393.0,224558.0,332613.0,235677.0
2026-04-14 18:14:34.461809,835729,1609507968046415,5568016047,0.864736,0.040992,0.423584,3.49125,-8.2425,-8.61,-12.856001,24.12,16.576,none,4,7.0,134381.0,343393.0,224558.0,332613.0,235677.0
2026-04-14 18:14:34.463875,835730,1609507968060891,5568030937,0.864736,0.040992,0.423584,5.50375,-6.86875,-8.6275,-12.856001,24.12,16.576,none,4,7.0,134381.0,343393.0,224558.0,332613.0,235677.0
2026-04-14 18:14:34.489372,835731,1609507968070211,5568039742,0.806176,-0.015616,0.210816,6.825,-7.4375,-7.805,-13.048,24.016,17.384,none,4,7.0,134381.0,343393.0,224558.0,332613.0,235677.0
2026-04-14 18:14:34.496876,835732,1609507968079651,5568048999,0.806176,-0.015616,0.210816,7.18375,-7.4725,-6.69375,-13.048,24.016,17.384,none,4,7.0,134381.0,343393.0,224558.0,332613.0,235677.0
2026-04-14 18:14:34.499344,835733,1609507968094257,5568063954,0.796416,-0.01952,0.382592,6.02875,-6.83375,-3.21125,-13.368001,23.720001,15.632001,none,4,7.0,134381.0,343393.0,224558.0,332613.0,235677.0
2026-04-14 18:14:34.501872,835734,1609507968103354,5568072666,0.817888,-0.03904,0.154208,2.4325,-5.83625,1.68875,-12.104001,24.072,16.552,none,4,7.0,134381.0,343393.0,224558.0,332613.0,235677.0
2026-04-14 18:14:34.538127,835745,1609507968118018,5568087976,0.817888,-0.03904,0.154208,1.1025,-4.76,6.9475,-12.104001,24.072,16.552,none,4,7.0,126817.0,337969.0,215298.0,327135.0,226712.0
2026-04-14 18:14:34.538368,835746,1609507968126957,5568096746,0.843264,0.033184,0.0976,3.3425,-5.39,9.8875,-12.176001,23.720001,15.880001,none,4,7.0,126817.0,337969.0,215298.0,327135.0,226712.0
2026-04-14 18:14:34.540410,835747,1609507968136092,5568105528,0.843264,0.033184,0.0976,6.44,-9.6775,9.47625,-12.176001,23.720001,15.880001,none,4,7.0,126817.0,337969.0,215298.0,327135.0,226712.0
2026-04-14 18:14:34.540552,835748,1609507968150626,5568120458,0.77104,0.0976,0.11712,8.47875,-17.6575,6.2475,-13.392,24.160002,18.04,none,4,7.0,126817.0,337969.0,215298.0,327135.0,226712.0
2026-04-14 18:14:34.542593,835749,1609507968159592,5568129161,0.77104,0.0976,0.11712,6.2125,-26.39875,1.1375,-13.392,24.160002,18.04,none,4,7.0,126817.0,337969.0,215298.0,327135.0,226712.0
2026-04-14 18:14:34.550468,835750,1609507968174249,5568144109,0.831552,0.046848,0.247904,1.21625,-31.78,-4.8475,-14.416,24.344002,17.592001,none,4,7.0,126817.0,337969.0,215298.0,327135.0,226712.0
2026-04-14 18:14:34.560595,835751,1609507968183217,5568152820,0.831552,0.023424,0.450912,-5.73125,-33.25,-9.6775,-14.416,24.344002,15.544001,none,4,7.0,126817.0,337969.0,215298.0,327135.0,226712.0
2026-04-14 18:14:34.579362,835752,1609507968197719,5568167720,0.90768,0.023424,0.450912,-10.10625,-32.75125,-14.65625,-13.168,23.624,15.760001,none,4,7.0,126817.0,337969.0,215298.0,327135.0,226712.0
2026-04-14 18:14:34.607773,835763,1609507968206666,5568176452,0.909632,-0.01952,0.4392,-11.66375,-29.286251,-18.55,-13.64,23.536001,15.928,none,4,7.0,111951.0,329834.0,196944.0,319547.0,208497.0
2026-04-14 18:14:34.610152,835764,1609507968216094,5568185237,0.909632,-0.01952,0.4392,-13.125,-24.78,-21.84875,-13.64,23.536001,15.928,none,4,7.0,111951.0,329834.0,196944.0,319547.0,208497.0
2026-04-14 18:14:34.614060,835765,1609507968230605,5568200170,0.903776,-0.076128,0.374784,-14.46375,-20.44,-25.76,-14.512001,23.616001,16.712,none,4,7.0,111951.0,329834.0,196944.0,319547.0,208497.0
2026-04-14 18:14:34.618021,835766,1609507968239630,5568209065,0.903776,-0.076128,0.374784,-17.63125,-15.42625,-27.405,-14.512001,23.616001,16.712,none,4,7.0,111951.0,329834.0,196944.0,319547.0,208497.0
2026-04-14 18:14:34.630444,835767,1609507968254132,5568224039,0.845216,-0.074176,0.489952,-25.96125,-10.815,-24.4125,-14.896001,23.824001,16.304,none,4,7.0,111951.0,329834.0,196944.0,319547.0,208497.0
2026-04-14 18:14:34.638780,835768,1609507968263263,5568232859,0.845216,-0.074176,0.489952,-36.5575,-6.545,-18.3575,-14.896001,23.824001,16.304,none,4,7.0,111951.0,329834.0,196944.0,319547.0,208497.0
2026-04-14 18:14:34.649342,835769,1609507968272203,5568241558,0.944768,-0.12688,0.35136,-44.12625,-2.31,-13.5275,-14.880001,24.320002,13.56,none,4,7.0,111951.0,329834.0,196944.0,319547.0,208497.0
2026-04-14 18:14:34.665605,835770,1609507968286804,5568256489,0.872544,-0.074176,0.310368,-43.65375,0.67375,-11.8125,-13.840001,24.336,14.368001,none,4,7.0,111951.0,329834.0,196944.0,319547.0,208497.0
2026-04-14 18:14:34.671210,835771,1609507968295741,5568265238,0.872544,-0.074176,0.310368,-33.0225,1.05875,-13.43125,-13.840001,24.336,14.368001,none,4,7.0,111951.0,329834.0,196944.0,319547.0,208497.0
2026-04-14 18:14:34.707720,835782,1609507968310850,5568280623,0.901824,-0.017568,0.456768,-17.9725,-0.34125,-18.03375,-14.208001,24.2,14.6,none,4,7.0,116756.0,332602.0,203035.0,323607.0,214853.0
2026-04-14 18:14:34.711138,835783,1609507968319829,5568289405,0.901824,-0.017568,0.456768,-8.26,-2.42375,-23.35375,-14.208001,24.2,14.6,none,4,7.0,116756.0,332602.0,203035.0,323607.0,214853.0
2026-04-14 18:14:34.712443,835784,1609507968328765,5568298131,0.778848,0.050752,0.511424,-3.21125,-3.78,-26.705,-14.624001,23.736002,14.616001,none,4,7.0,116756.0,332602.0,203035.0,323607.0,214853.0
2026-04-14 18:14:34.719182,835785,1609507968343342,5568313154,0.778848,0.050752,0.511424,2.49375,-3.3775,-29.1025,-14.624001,23.736002,14.616001,none,4,7.0,116756.0,332602.0,203035.0,323607.0,214853.0
2026-04-14 18:14:34.730171,835786,1609507968352353,5568321855,0.774944,0.021472,0.376736,5.7225,-2.555,-30.73,-14.664001,23.944,14.336,none,4,7.0,116756.0,332602.0,203035.0,323607.0,214853.0
2026-04-14 18:14:34.744265,835787,1609507968366856,5568336736,0.825696,0.081984,0.548512,5.425,-1.04125,-30.91375,-15.904,23.336,14.528001,none,4,7.0,116756.0,332602.0,203035.0,323607.0,214853.0
2026-04-14 18:14:34.751861,835788,1609507968375960,5568345390,0.825696,0.081984,0.548512,7.18375,-0.28,-30.0125,-15.904,23.336,14.528001,none,4,7.0,116756.0,332602.0,203035.0,323607.0,214853.0
2026-04-14 18:14:34.761540,835789,1609507968385106,5568354086,0.735904,0.121024,0.443104,10.70125,-0.56,-30.14375,-15.904,23.136002,13.912001,none,4,7.0,116756.0,332602.0,203035.0,323607.0,214853.0
2026-04-14 18:14:34.778121,835790,1609507968399634,5568368981,0.735904,0.121024,0.443104,10.63125,-0.945,-29.575,-15.008,23.136002,13.912001,none,4,7.0,116756.0,332602.0,203035.0,323607.0,214853.0
2026-04-14 18:14:34.856451,835801,1609507968408810,5568377644,0.769088,0.103456,0.612928,8.9775,-0.91875,-27.01125,-15.624001,22.952002,14.832001,none,4,7.0,120361.0,333401.0,207694.0,324329.0,219664.0
2026-04-14 18:14:34.859390,835802,1609507968423559,5568392561,0.769088,0.103456,0.612928,7.28,-1.23375,-22.522501,-15.624001,22.952002,14.832001,none,4,7.0,120361.0,333401.0,207694.0,324329.0,219664.0
2026-04-14 18:14:34.861878,835803,1609507968432470,5568401248,0.726144,0.140544,0.528992,6.04625,1.70625,-17.19375,-16.240002,23.424002,15.176001,none,4,7.0,120361.0,333401.0,207694.0,324329.0,219664.0
2026-04-14 18:14:34.864375,835804,1609507968441804,5568412074,0.726144,0.140544,0.528992,1.05875,7.79625,-12.53875,-16.240002,23.424002,15.176001,none,4,7.0,120361.0,333401.0,207694.0,324329.0,219664.0
2026-04-14 18:14:34.866844,835805,1609507968456301,5568424931,0.854976,0.042944,0.552416,-10.255,13.0025,-8.61875,-16.2,23.144001,15.752001,none,4,7.0,120361.0,333401.0,207694.0,324329.0,219664.0
2026-04-14 18:14:34.869387,835806,1609507968465588,5568435707,0.833504,0.056608,0.450912,-14.3675,15.79375,-3.1675,-15.856001,22.928001,14.840001,none,4,7.0,120361.0,333401.0,207694.0,324329.0,219664.0
2026-04-14 18:14:34.871481,835807,1609507968480196,5568448575,0.833504,0.056608,0.450912,-9.65125,16.12625,2.10875,-15.856001,22.928001,14.840001,none,4,7.0,120361.0,333401.0,207694.0,324329.0,219664.0
2026-04-14 18:14:34.874039,835808,1609507968489400,5568459371,0.833504,0.076128,0.609024,-2.695,15.44375,7.0525,-14.728001,23.072,14.936001,none,4,7.0,120361.0,333401.0,207694.0,324329.0,219664.0
2026-04-14 18:14:34.876689,835809,1609507968498360,5568468073,0.833504,0.076128,0.609024,-3.89375,14.8225,12.0225,-14.728001,23.072,14.936001,none,4,7.0,120361.0,333401.0,207694.0,324329.0,219664.0
2026-04-14 18:14:34.911693,835820,1609507968513082,5568483106,0.827648,0.021472,0.612928,-12.74875,14.4725,17.2025,-14.592001,23.352001,14.400001,none,4,7.0,134377.0,342459.0,224835.0,332130.0,236221.0
2026-04-14 18:14:34.913785,835821,1609507968522144,5568491826,0.827648,0.021472,0.612928,-16.178751,13.51875,22.05875,-14.592001,23.352001,14.400001,none,4,7.0,134377.0,342459.0,224835.0,332130.0,236221.0
2026-04-14 18:14:34.916730,835822,1609507968536694,5568506748,0.733952,0.085888,0.47824,-13.58875,12.85375,24.15875,-14.304001,23.880001,14.576001,none,4,7.0,134377.0,342459.0,224835.0,332130.0,236221.0
2026-04-14 18:14:34.921323,835823,1609507968545679,5568515509,0.85888,-0.005856,0.433344,-10.255,11.71625,24.12375,-14.304001,23.880001,15.960001,none,4,7.0,134377.0,342459.0,224835.0,332130.0,236221.0
2026-04-14 18:14:34.930455,835824,1609507968554755,5568524226,0.860832,-0.005856,0.433344,-10.57875,10.07125,23.79125,-14.176001,23.68,15.960001,none,4,7.0,134377.0,342459.0,224835.0,332130.0,236221.0
2026-04-14 18:14:34.946859,835825,1609507968569250,5568539113,0.841312,-0.033184,0.552416,-11.2875,6.44875,24.8675,-13.336,24.384,14.456,none,4,7.0,134377.0,342459.0,224835.0,332130.0,236221.0
2026-04-14 18:14:34.955229,835826,1609507968578369,5568547831,0.841312,-0.033184,0.552416,-7.58625,1.93375,26.022501,-13.336,24.384,14.456,none,4,7.0,134377.0,342459.0,224835.0,332130.0,236221.0
2026-04-14 18:14:34.996763,835827,1609507968592941,5568562753,0.856928,-0.027328,0.493856,-4.9175,-2.38,26.5475,-14.472001,24.6,16.6,none,4,7.0,134377.0,342459.0,224835.0,332130.0,236221.0
2026-04-14 18:14:35.001716,835828,1609507968601849,5568571425,0.856928,-0.027328,0.493856,-2.30125,-6.16,26.9325,-14.472001,24.6,16.6,none,4,7.0,134377.0,342459.0,224835.0,332130.0,236221.0
2026-04-14 18:14:35.029257,835839,1609507968616533,5568586454,0.737856,0.060512,0.413824,2.93125,-8.67125,25.655,-13.144001,24.216002,15.544001,none,4,7.0,131000.0,341683.0,220459.0,331251.0,231564.0
2026-04-14 18:14:35.031883,835840,1609507968625504,5568595238,0.737856,0.060512,0.413824,5.775,-10.94625,22.39125,-13.144001,24.216002,15.544001,none,4,7.0,131000.0,341683.0,220459.0,331251.0,231564.0
2026-04-14 18:14:35.034266,835841,1609507968634634,5568603946,0.765184,-0.035136,0.325984,5.0925,-11.90875,19.678751,-13.76,24.576,14.552001,none,4,7.0,131000.0,341683.0,220459.0,331251.0,231564.0
2026-04-14 18:14:35.036877,835842,1609507968649296,5568618990,0.765184,-0.060512,0.339648,2.8875,-11.90875,17.75375,-14.016001,24.744001,15.664001,none,4,7.0,131000.0,341683.0,220459.0,331251.0,231564.0
2026-04-14 18:14:35.039374,835843,1609507968658266,5568627774,0.765184,-0.060512,0.339648,1.19875,-10.54375,16.1525,-14.016001,24.744001,15.664001,none,4,7.0,131000.0,341683.0,220459.0,331251.0,231564.0
2026-04-14 18:14:35.051876,835844,1609507968672805,5568642746,0.808128,-0.001952,0.45872,2.485,-8.26875,14.4725,-13.856001,24.648,15.816001,none,4,7.0,131000.0,341683.0,220459.0,331251.0,231564.0
2026-04-14 18:14:35.059336,835845,1609507968681729,5568651428,0.808128,-0.001952,0.45872,5.11,-6.3875,13.335,-13.856001,24.648,15.816001,none,4,7.0,131000.0,341683.0,220459.0,331251.0,231564.0
2026-04-14 18:14:35.068121,835846,1609507968690758,5568660149,0.792512,-0.044896,0.222528,10.6225,-5.60875,12.845,-13.216001,24.528002,14.672001,none,4,7.0,131000.0,341683.0,220459.0,331251.0,231564.0
2026-04-14 18:14:35.081420,835847,1609507968705272,5568675137,0.792512,-0.044896,0.222528,11.042501,-5.67875,11.725,-13.216001,24.528002,14.672001,none,4,7.0,131000.0,341683.0,220459.0,331251.0,231564.0
2026-04-14 18:14:35.113054,835858,1609507968714361,5568683922,0.776896,-0.025376,0.357216,10.675,-5.10125,12.55625,-12.728001,24.392002,14.68,none,4,7.0,113611.0,331292.0,199630.0,322335.0,211465.0
2026-04-14 18:14:35.115553,835859,1609507968729071,5568698782,0.788608,-0.03904,0.316224,10.78,-3.36875,13.22125,-13.112,24.288002,16.032001,none,4,7.0,113611.0,331292.0,199630.0,322335.0,211465.0
2026-04-14 18:14:35.118114,835860,1609507968738161,5568707488,0.788608,-0.03904,0.316224,12.03125,-1.3125,13.335,-13.112,24.288002,16.032001,none,4,7.0,113611.0,331292.0,199630.0,322335.0,211465.0
2026-04-14 18:14:35.124320,835861,1609507968747287,5568716183,0.802272,0.003904,0.251808,13.72,0.90125,13.51,-13.112,24.288002,13.336,none,4,7.0,113611.0,331292.0,199630.0,322335.0,211465.0
2026-04-14 18:14:35.140104,835862,1609507968761778,5568731145,0.802272,0.003904,0.251808,16.1,2.765,12.845,-12.696001,24.240002,13.336,none,4,7.0,113611.0,331292.0,199630.0,322335.0,211465.0
2026-04-14 18:14:35.146877,835863,1609507968770705,5568739860,0.796416,0.076128,0.275232,17.78875,5.1975,11.71625,-12.352,24.008001,15.504001,none,4,7.0,113611.0,331292.0,199630.0,322335.0,211465.0
2026-04-14 18:14:35.174573,835864,1609507968785368,5568754785,0.796416,0.076128,0.275232,19.635,6.93875,10.01875,-12.352,24.008001,15.504001,none,4,7.0,113611.0,331292.0,199630.0,322335.0,211465.0
2026-04-14 18:14:35.196715,835865,1609507968794294,5568763468,0.813984,-0.015616,0.298656,14.93625,8.12875,8.7675,-12.336,23.960001,17.816,none,4,7.0,113611.0,331292.0,199630.0,322335.0,211465.0
2026-04-14 18:14:35.199197,835866,1609507968808792,5568778333,0.813984,0.0,0.15616,6.79,10.15,10.59625,-12.688001,24.768002,16.184,none,4,7.0,113611.0,331292.0,199630.0,322335.0,211465.0
2026-04-14 18:14:35.228994,835877,1609507968817743,5568787087,0.813984,0.0,0.15616,1.1375,13.29125,12.46875,-12.688001,24.768002,16.184,none,4,7.0,127611.0,338436.0,217183.0,328470.0,229041.0
2026-04-14 18:14:35.231571,835878,1609507968826674,5568795907,0.813984,0.0,0.15616,-1.16375,14.95375,13.0025,-12.688001,24.768002,16.184,none,4,7.0,127611.0,338436.0,217183.0,328470.0,229041.0
2026-04-14 18:14:35.233923,835879,1609507968841266,5568810837,0.815936,0.064416,0.251808,-1.84625,14.14,13.79,-12.776001,24.384,14.288001,none,4,7.0,127611.0,338436.0,217183.0,328470.0,229041.0
2026-04-14 18:14:35.236902,835880,1609507968850266,5568819544,0.813984,0.0488,0.238144,-2.555,13.230001,13.1425,-12.048,24.424002,15.248001,none,4,7.0,127611.0,338436.0,217183.0,328470.0,229041.0
2026-04-14 18:14:35.243184,835881,1609507968864795,5568834500,0.813984,0.0488,0.238144,-5.38125,14.25375,12.4775,-12.048,24.424002,15.248001,none,4,7.0,127611.0,338436.0,217183.0,328470.0,229041.0
2026-04-14 18:14:35.249391,835882,1609507968873749,5568843226,0.864736,-0.046848,0.109312,-12.0575,15.28625,12.5125,-11.288,24.856,15.352001,none,4,7.0,127611.0,338436.0,217183.0,328470.0,229041.0
2026-04-14 18:14:35.265041,835883,1609507968888271,5568858160,0.911584,-0.017568,0.316224,-19.17125,14.7,13.58,-11.288,25.504002,15.864,none,4,7.0,127611.0,338436.0,217183.0,328470.0,229041.0
2026-04-14 18:14:35.274308,835884,1609507968897189,5568866852,0.911584,-0.017568,0.316224,-21.105,12.04,14.21,-11.328,25.504002,15.864,none,4,7.0,127611.0,338436.0,217183.0,328470.0,229041.0
2026-04-14 18:14:35.284307,835885,1609507968906229,5568875543,0.911584,-0.017568,0.316224,-19.90625,9.19625,13.23875,-11.328,25.504002,15.864,none,4,7.0,127611.0,338436.0,217183.0,328470.0,229041.0
2026-04-14 18:14:35.313924,835896,1609507968921007,5568890532,0.856928,0.007808,0.187392,-18.7425,6.2825,13.37875,-11.032001,24.952002,13.856001,none,4,7.0,142445.0,343475.0,235311.0,332436.0,246222.0
2026-04-14 18:14:35.316775,835897,1609507968930169,5568899452,0.890112,-0.062464,0.314272,-20.23,3.80625,13.83375,-10.912001,25.304,14.896001,none,4,7.0,142445.0,343475.0,235311.0,332436.0,246222.0
2026-04-14 18:14:35.321499,835898,1609507968944658,5568914404,0.890112,-0.062464,0.314272,-25.40125,2.135,13.92125,-10.912001,25.304,14.896001,none,4,7.0,142445.0,343475.0,235311.0,332436.0,246222.0
2026-04-14 18:14:35.331917,835899,1609507968953597,5568923090,0.841312,-0.070272,0.20496,-28.83125,1.93375,13.46625,-10.448001,25.432001,14.648001,none,4,7.0,142445.0,343475.0,235311.0,332436.0,246222.0
2026-04-14 18:14:35.337686,835900,1609507968962531,5568931862,0.841312,-0.070272,0.20496,-27.67625,1.81125,11.19125,-10.448001,25.432001,14.648001,none,4,7.0,142445.0,343475.0,235311.0,332436.0,246222.0
2026-04-14 18:14:35.359946,835901,1609507968977070,5568946809,0.872544,-0.042944,0.242048,-23.616251,-0.25375,7.8225,-11.416,25.784,15.584001,none,4,7.0,142445.0,343475.0,235311.0,332436.0,246222.0
2026-04-14 18:14:35.362379,835902,1609507968986025,5568955525,0.872544,-0.042944,0.242048,-19.73125,-3.0625,4.69,-11.416,25.784,15.584001,none,4,7.0,142445.0,343475.0,235311.0,332436.0,246222.0
2026-04-14 18:14:35.378012,835903,1609507969000527,5568970420,0.813984,-0.060512,0.152256,-17.2025,-3.96375,1.7325,-10.872001,26.216002,15.544001,none,4,7.0,142445.0,343475.0,235311.0,332436.0,246222.0
2026-04-14 18:14:35.386772,835904,1609507969009498,5568979134,0.831552,-0.07808,0.277184,-18.87375,-4.48875,-0.39375,-11.328,25.928001,14.056001,none,4,7.0,142445.0,343475.0,235311.0,332436.0,246222.0
2026-04-14 18:14:35.419447,835915,1609507969024046,5568994165,0.831552,-0.07808,0.277184,-21.76125,-4.2525,-1.82,-11.328,25.928001,14.056001,none,4,7.0,133959.0,342236.0,224905.0,331272.0,235987.0
2026-04-14 18:14:35.421508,835916,1609507969033026,5569002882,0.827648,-0.0488,0.236192,-19.90625,-3.63125,-3.5,-11.488001,26.584002,15.120001,none,4,7.0,133959.0,342236.0,224905.0,331272.0,235987.0
2026-04-14 18:14:35.423969,835917,1609507969041997,5569011593,0.827648,-0.0488,0.236192,-16.45,-4.76,-6.965,-11.488001,26.584002,15.120001,none,4,7.0,133959.0,342236.0,224905.0,331272.0,235987.0
2026-04-14 18:14:35.434406,835918,1609507969056531,5569026591,0.870592,-0.06832,0.290848,-14.07,-5.80125,-10.43,-11.6,26.472002,16.096,none,4,7.0,133959.0,342236.0,224905.0,331272.0,235987.0
2026-04-14 18:14:35.442828,835919,1609507969065531,5569035294,0.870592,-0.06832,0.290848,-13.265,-6.37,-12.24125,-11.6,26.472002,16.096,none,4,7.0,133959.0,342236.0,224905.0,331272.0,235987.0
2026-04-14 18:14:35.458128,835920,1609507969080040,5569050201,0.88816,-0.11712,0.261568,-14.533751,-5.31125,-12.43375,-10.808001,25.936,13.816001,none,4,7.0,133959.0,342236.0,224905.0,331272.0,235987.0
2026-04-14 18:14:35.465462,835921,1609507969089042,5569058920,0.88816,-0.11712,0.296704,-14.4375,-4.1125,-11.94375,-10.808001,25.936,13.816001,none,4,7.0,133959.0,342236.0,224905.0,331272.0,235987.0
2026-04-14 18:14:35.474294,835922,1609507969098016,5569067636,0.882304,-0.076128,0.296704,-12.95,-4.17375,-12.64375,-11.024,26.392002,16.616001,none,4,7.0,133959.0,342236.0,224905.0,331272.0,235987.0
2026-04-14 18:14:35.512632,835933,1609507969112631,5569083001,0.880352,0.015616,0.238144,-9.9925,-6.25625,-13.29125,-11.712001,26.408,13.752001,none,4,7.0,132415.0,343746.0,222869.0,332884.0,233981.0
2026-04-14 18:14:35.537620,835934,1609507969121647,5569091723,0.880352,0.015616,0.238144,-6.23,-7.77875,-16.2925,-11.712001,26.408,13.752001,none,4,7.0,132415.0,343746.0,222869.0,332884.0,233981.0
2026-04-14 18:14:35.562976,835935,1609507969136378,5569106732,0.938912,-0.0488,0.28304,-5.985,-9.30125,-19.59125,-11.192,26.112001,13.728001,none,4,7.0,132415.0,343746.0,222869.0,332884.0,233981.0
2026-04-14 18:14:35.570701,835936,1609507969145347,5569115421,0.938912,-0.0488,0.28304,-9.7475,-12.36375,-21.385,-11.192,26.112001,13.728001,none,4,7.0,132415.0,343746.0,222869.0,332884.0,233981.0
2026-04-14 18:14:35.572769,835937,1609507969159883,5569128277,0.91744,-0.064416,0.38064,-12.64375,-13.86875,-22.435,-11.816001,26.072,13.920001,none,4,7.0,132415.0,343746.0,222869.0,332884.0,233981.0
2026-04-14 18:14:35.575338,835938,1609507969169098,5569139031,0.91744,-0.064416,0.38064,-13.93,-13.25625,-24.78875,-11.816001,26.072,13.920001,none,4,7.0,132415.0,343746.0,222869.0,332884.0,233981.0
2026-04-14 18:14:35.578118,835939,1609507969178011,5569147782,0.882304,-0.035136,0.452864,-15.8375,-11.33125,-24.9375,-12.344001,26.352001,13.064001,none,4,7.0,132415.0,343746.0,222869.0,332884.0,233981.0
2026-04-14 18:14:35.591751,835940,1609507969192516,5569162735,0.866688,-0.08784,0.298656,-17.115,-8.12,-23.3275,-12.936001,26.552002,14.432001,none,4,7.0,132415.0,343746.0,222869.0,332884.0,233981.0
2026-04-14 18:14:35.592420,835941,1609507969201421,5569171447,0.866688,-0.08784,0.298656,-18.27875,-5.6175,-21.25375,-12.936001,26.552002,14.432001,none,4,7.0,132415.0,343746.0,222869.0,332884.0,233981.0
2026-04-14 18:14:35.645494,835952,1609507969216629,5569186468,0.825696,-0.062464,0.333792,-17.3075,-4.3925,-19.45125,-13.328001,26.488,14.184001,none,4,7.0,129698.0,343005.0,219269.0,332222.0,230547.0
2026-04-14 18:14:35.648819,835953,1609507969225618,5569195194,0.825696,-0.062464,0.333792,-14.11375,-3.745,-16.87875,-13.328001,26.488,14.184001,none,4,7.0,129698.0,343005.0,219269.0,332222.0,230547.0
2026-04-14 18:14:35.649918,835954,1609507969234622,5569203938,0.85888,-0.093696,0.4392,-12.87125,-3.21125,-15.32125,-13.200001,26.536001,13.984,none,4,7.0,129698.0,343005.0,219269.0,332222.0,230547.0
2026-04-14 18:14:35.652724,835955,1609507969249160,5569218916,0.85888,-0.093696,0.4392,-15.35625,-2.87875,-12.95,-13.200001,26.536001,13.984,none,4,7.0,129698.0,343005.0,219269.0,332222.0,230547.0
2026-04-14 18:14:35.654935,835956,1609507969258110,5569227605,0.812032,-0.033184,0.445056,-14.42875,-1.82875,-11.305,-13.016001,26.480001,13.112,none,4,7.0,129698.0,343005.0,219269.0,332222.0,230547.0
2026-04-14 18:14:35.657690,835957,1609507969272624,5569242645,0.835456,-0.025376,0.413824,-11.08625,-1.9775,-11.83875,-14.248001,26.616001,15.632001,none,4,7.0,129698.0,343005.0,219269.0,332222.0,230547.0
2026-04-14 18:14:35.660187,835958,1609507969281582,5569251354,0.835456,-0.025376,0.413824,-8.9775,-2.91375,-13.29125,-14.248001,26.616001,15.632001,none,4,7.0,129698.0,343005.0,219269.0,332222.0,230547.0
2026-04-14 18:14:35.666315,835959,1609507969290550,5569260204,0.835456,-0.062464,0.376736,-8.05875,-4.8475,-14.42875,-14.248001,26.616001,15.632001,none,4,7.0,129698.0,343005.0,219269.0,332222.0,230547.0
2026-04-14 18:14:35.682762,835960,1609507969305050,5569275126,0.77104,-0.062464,0.376736,-7.70875,-6.6675,-15.02375,-14.128,26.456001,13.616,none,4,7.0,129698.0,343005.0,219269.0,332222.0,230547.0
2026-04-14 18:14:35.716512,835971,1609507969314515,5569284170,0.825696,-0.091744,0.33184,-6.71125,-7.07,-15.72375,-12.744,26.296001,12.576,none,4,7.0,130163.0,343013.0,219876.0,332392.0,231080.0
2026-04-14 18:14:35.719116,835972,1609507969329308,5569299168,0.825696,-0.091744,0.33184,-6.1425,-6.93,-16.16125,-12.744,26.296001,12.576,none,4,7.0,130163.0,343013.0,219876.0,332392.0,231080.0
2026-04-14 18:14:35.721347,835973,1609507969338443,5569307881,0.747616,-0.013664,0.329888,-6.13375,-6.88625,-16.42375,-13.064001,25.984001,12.232,none,4,7.0,130163.0,343013.0,219876.0,332392.0,231080.0
2026-04-14 18:14:35.724079,835974,1609507969347403,5569316724,0.747616,-0.013664,0.329888,-4.94375,-5.6525,-17.9375,-13.064001,25.984001,12.232,none,4,7.0,130163.0,343013.0,219876.0,332392.0,231080.0
2026-04-14 18:14:35.741059,835975,1609507969361904,5569331655,0.802272,-0.062464,0.325984,-3.71,-4.3225,-19.241251,-13.128,25.888,13.784,none,4,7.0,130163.0,343013.0,219876.0,332392.0,231080.0
2026-04-14 18:14:35.746229,835976,1609507969370884,5569340383,0.802272,-0.062464,0.464576,-1.2425,-3.3775,-19.9325,-13.128,25.888,13.784,none,4,7.0,130163.0,343013.0,219876.0,332392.0,231080.0
2026-04-14 18:14:35.762694,835977,1609507969385395,5569355265,0.84912,-0.06832,0.464576,0.49,-2.5725,-20.545,-14.352,26.136002,13.088,none,4,7.0,130163.0,343013.0,219876.0,332392.0,231080.0
2026-04-14 18:14:35.771335,835978,1609507969394293,5569364006,0.83936,-0.050752,0.435296,0.09625,-1.42625,-20.37875,-13.472001,25.624,12.84,none,4,7.0,130163.0,343013.0,219876.0,332392.0,231080.0
2026-04-14 18:14:35.786590,835979,1609507969408781,5569378969,0.83936,-0.050752,0.435296,-1.5925,-0.175,-19.90625,-13.472001,25.624,12.84,none,4,7.0,130163.0,343013.0,219876.0,332392.0,231080.0
2026-04-14 18:14:35.815304,835990,1609507969417836,5569387770,0.749568,-0.003904,0.407968,-1.7325,1.19,-18.4275,-13.816001,25.752,12.68,none,4,7.0,134446.0,344809.0,225008.0,334047.0,236035.0
2026-04-14 18:14:35.817809,835991,1609507969426869,5569396561,0.749568,-0.003904,0.407968,0.35,1.5575,-16.765,-13.816001,25.752,12.68,none,4,7.0,134446.0,344809.0,225008.0,334047.0,236035.0
2026-04-14 18:14:35.820677,835992,1609507969441413,5569411553,0.772992,-0.027328,0.308416,1.1725,1.46125,-14.0,-13.864,25.960001,12.816001,none,4,7.0,134446.0,344809.0,225008.0,334047.0,236035.0
2026-04-14 18:14:35.829470,835993,1609507969450597,5569420345,0.772992,-0.027328,0.308416,0.98,1.435,-11.10375,-13.864,25.960001,12.816001,none,4,7.0,134446.0,344809.0,225008.0,334047.0,236035.0
2026-04-14 18:14:35.841354,835994,1609507969465100,5569435398,0.88816,-0.017568,0.470432,-0.63875,1.25125,-9.3275,-13.888001,25.784,13.144001,none,4,7.0,134446.0,344809.0,225008.0,334047.0,236035.0
2026-04-14 18:14:35.851737,835995,1609507969474031,5569444106,0.886208,-0.001952,0.532896,-1.3475,0.81375,-8.1375,-15.368001,26.032001,14.568001,none,4,7.0,134446.0,344809.0,225008.0,334047.0,236035.0
2026-04-14 18:14:35.860485,835996,1609507969483058,5569452791,0.886208,-0.001952,0.532896,-0.86625,1.23375,-6.93,-15.368001,26.032001,14.568001,none,4,7.0,134446.0,344809.0,225008.0,334047.0,236035.0
2026-04-14 18:14:35.875608,835997,1609507969497645,5569467683,0.890112,-0.01952,0.431392,-0.3325,1.09375,-5.5825,-14.048,25.496,12.944,none,4,7.0,134446.0,344809.0,225008.0,334047.0,236035.0
2026-04-14 18:14:35.923083,835998,1609507969506581,5569476429,0.890112,-0.01952,0.431392,-0.14,1.365,-4.7075,-14.048,25.496,12.944,none,4,7.0,134446.0,344809.0,225008.0,334047.0,236035.0
2026-04-14 18:14:35.965464,836009,1609507969521146,5569489530,0.8784,0.02928,0.519232,-0.58625,1.9775,-4.095,-13.688001,25.240002,13.088,none,4,7.0,146513.0,349028.0,239250.0,337394.0,249492.0
2026-04-14 18:14:35.968091,836010,1609507969530403,5569500299,0.8784,0.02928,0.519232,-1.1025,1.86375,-4.305,-13.688001,25.240002,13.088,none,4,7.0,146513.0,349028.0,239250.0,337394.0,249492.0
2026-04-14 18:14:35.970650,836011,1609507969544885,5569515223,0.853024,0.040992,0.503616,-1.77625,1.91625,-4.66375,-13.832001,25.52,13.672001,none,4,7.0,146513.0,349028.0,239250.0,337394.0,249492.0
2026-04-14 18:14:35.973091,836012,1609507969553850,5569523990,0.808128,-0.005856,0.298656,-1.49625,1.26,-5.20625,-14.224001,25.840002,17.400002,none,4,7.0,146513.0,349028.0,239250.0,337394.0,249492.0
2026-04-14 18:14:35.975475,836013,1609507969562770,5569532667,0.808128,-0.005856,0.298656,-0.7,0.3675,-5.3025,-14.224001,25.840002,17.400002,none,4,7.0,146513.0,349028.0,239250.0,337394.0,249492.0
2026-04-14 18:14:35.978119,836014,1609507969577404,5569547574,0.83936,0.01952,0.501664,1.575,-0.20125,-4.1825,-15.048,25.568,14.200001,none,4,7.0,146513.0,349028.0,239250.0,337394.0,249492.0
2026-04-14 18:14:35.980616,836015,1609507969586587,5569556335,0.83936,0.01952,0.501664,3.01,0.0875,-3.3075,-15.048,25.568,14.200001,none,4,7.0,146513.0,349028.0,239250.0,337394.0,249492.0
2026-04-14 18:14:35.982709,836016,1609507969601242,5569571234,0.880352,-0.001952,0.36112,1.60125,0.55125,-1.84625,-14.352,25.560001,13.840001,none,4,7.0,146513.0,349028.0,239250.0,337394.0,249492.0
2026-04-14 18:14:35.989339,836017,1609507969610334,5569579998,0.880352,-0.001952,0.36112,-0.455,1.96875,-0.42,-14.352,25.560001,13.840001,none,4,7.0,146513.0,349028.0,239250.0,337394.0,249492.0
2026-04-14 18:14:36.016915,836028,1609507969619598,5569588839,0.837408,0.001952,0.212768,-2.56375,3.4125,-0.39375,-14.784,26.056002,14.248001,none,4,7.0,146032.0,347735.0,238375.0,335839.0,248676.0
2026-04-14 18:14:36.018791,836029,1609507969634138,5569603765,0.817888,0.005856,0.318176,-2.07375,2.94875,-0.9975,-13.976001,25.464,12.888001,none,4,7.0,146032.0,347735.0,238375.0,335839.0,248676.0
2026-04-14 18:14:36.021355,836030,1609507969643121,5569612491,0.817888,0.005856,0.318176,-0.1575,0.55125,-0.81375,-13.976001,25.464,12.888001,none,4,7.0,146032.0,347735.0,238375.0,335839.0,248676.0
2026-04-14 18:14:36.036735,836031,1609507969657622,5569627377,0.882304,-0.013664,0.37088,1.05,-1.785,0.00875,-13.960001,25.432001,13.208,none,4,7.0,146032.0,347735.0,238375.0,335839.0,248676.0
2026-04-14 18:14:36.042975,836032,1609507969666569,5569636113,0.882304,-0.013664,0.37088,2.21375,-3.0275,0.385,-13.960001,25.432001,13.208,none,4,7.0,146032.0,347735.0,238375.0,335839.0,248676.0
2026-04-14 18:14:36.051760,836033,1609507969675521,5569644839,0.872544,0.013664,0.374784,2.17,-2.835,0.1575,-15.376,25.504002,13.944,none,4,7.0,146032.0,347735.0,238375.0,335839.0,248676.0
2026-04-14 18:14:36.068137,836034,1609507969690058,5569659731,0.872544,0.013664,0.374784,0.8225,-0.51625,0.0175,-15.376,25.504002,13.944,none,4,7.0,146032.0,347735.0,238375.0,335839.0,248676.0
2026-04-14 18:14:36.076365,836035,1609507969699023,5569668448,0.876448,-0.011712,0.435296,0.1225,-0.105,0.035,-14.136001,25.184002,13.240001,none,4,7.0,146032.0,347735.0,238375.0,335839.0,248676.0
2026-04-14 18:14:36.091481,836036,1609507969713662,5569683404,0.841312,0.013664,0.445056,1.53125,-1.47,0.91875,-14.136001,25.592001,13.080001,none,4,7.0,146032.0,347735.0,238375.0,335839.0,248676.0
2026-04-14 18:14:36.120933,836047,1609507969722816,5569692441,0.841312,0.013664,0.445056,3.87625,-2.065,1.995,-13.944,25.592001,13.080001,none,4,7.0,141051.0,345352.0,232351.0,333634.0,243042.0
2026-04-14 18:14:36.121524,836048,1609507969737381,5569707460,0.872544,0.005856,0.372832,4.97,-1.37375,2.695,-13.880001,25.44,14.192,none,4,7.0,141051.0,345352.0,232351.0,333634.0,243042.0
2026-04-14 18:14:36.124181,836049,1609507969746361,5569716150,0.872544,0.005856,0.372832,4.69,0.37625,3.7625,-13.880001,25.44,14.192,none,4,7.0,141051.0,345352.0,232351.0,333634.0,243042.0
2026-04-14 18:14:36.132981,836050,1609507969755360,5569724887,0.84912,-0.050752,0.230336,4.20875,2.7475,4.36625,-14.232,25.784,13.56,none,4,7.0,141051.0,345352.0,232351.0,333634.0,243042.0
2026-04-14 18:14:36.148035,836051,1609507969769899,5569739878,0.84912,-0.050752,0.230336,1.67125,4.5675,5.62625,-14.232,25.784,13.56,none,4,7.0,141051.0,345352.0,232351.0,333634.0,243042.0
2026-04-14 18:14:36.158102,836052,1609507969778838,5569748674,0.776896,0.007808,0.259616,1.12,4.90875,7.21875,-13.840001,25.672,13.448001,none,4,7.0,141051.0,345352.0,232351.0,333634.0,243042.0
2026-04-14 18:14:36.170151,836053,1609507969793389,5569763614,0.776896,0.007808,0.259616,2.82625,5.8975,7.34125,-13.840001,25.672,13.448001,none,4,7.0,141051.0,345352.0,232351.0,333634.0,243042.0
2026-04-14 18:14:36.180632,836054,1609507969802343,5569772312,0.870592,0.01952,0.378688,3.49125,6.78125,6.51,-13.184001,25.632002,11.624001,none,4,7.0,141051.0,345352.0,232351.0,333634.0,243042.0
2026-04-14 18:14:36.187674,836055,1609507969811313,5569780981,0.870592,0.01952,0.378688,1.89875,6.50125,5.73125,-13.184001,25.632002,11.624001,none,4,7.0,141051.0,345352.0,232351.0,333634.0,243042.0
2026-04-14 18:14:36.216826,836066,1609507969825947,5569795920,0.845216,-0.017568,0.296704,-0.46375,6.405,4.52375,-13.192,25.408,14.512001,none,4,7.0,140309.0,345104.0,231700.0,333616.0,242422.0
2026-04-14 18:14:36.218836,836067,1609507969834915,5569804712,0.864736,-0.013664,0.411872,-1.02375,6.25625,3.71,-14.272,25.968,15.624001,none,4,7.0,140309.0,345104.0,231700.0,333616.0,242422.0
2026-04-14 18:14:36.226748,836068,1609507969849429,5569819626,0.864736,-0.013664,0.411872,-0.4025,6.62375,2.0825,-14.272,25.968,15.624001,none,4,7.0,140309.0,345104.0,231700.0,333616.0,242422.0
2026-04-14 18:14:36.235192,836069,1609507969858447,5569828308,0.794464,0.025376,0.417728,-1.00625,6.1075,1.53125,-13.824,25.760002,13.448001,none,4,7.0,140309.0,345104.0,231700.0,333616.0,242422.0
2026-04-14 18:14:36.274389,836070,1609507969873168,5569843287,0.794464,0.025376,0.417728,-2.1,5.775,1.40875,-13.824,25.760002,13.448001,none,4,7.0,140309.0,345104.0,231700.0,333616.0,242422.0
2026-04-14 18:14:36.299033,836071,1609507969882250,5569851977,0.757376,0.011712,0.251808,-2.89625,5.08375,1.00625,-12.928,25.824001,12.84,none,4,7.0,140309.0,345104.0,231700.0,333616.0,242422.0
2026-04-14 18:14:36.324257,836072,1609507969891335,5569860718,0.757376,0.011712,0.251808,-3.465,4.27875,-0.175,-12.928,25.824001,12.84,none,4,7.0,140309.0,345104.0,231700.0,333616.0,242422.0
2026-04-14 18:14:36.338822,836073,1609507969905842,5569875620,0.75152,0.00976,0.261568,-4.025,4.095,-0.875,-13.896001,25.968,14.464001,none,4,7.0,140309.0,345104.0,231700.0,333616.0,242422.0
2026-04-14 18:14:36.341291,836074,1609507969914782,5569884296,0.813984,-0.017568,0.359168,-4.2,3.66625,-2.38875,-13.896001,25.968,14.480001,none,4,7.0,140309.0,345104.0,231700.0,333616.0,242422.0
2026-04-14 18:14:36.369018,836085,1609507969929419,5569899256,0.815936,-0.017568,0.359168,-5.55625,3.3425,-2.7475,-13.976001,26.104002,14.480001,none,4,7.0,145633.0,347347.0,238087.0,335583.0,248489.0
2026-04-14 18:14:36.371420,836086,1609507969938398,5569907980,0.806176,0.003904,0.41968,-6.6675,2.7825,-2.345,-14.032001,26.032001,14.312,none,4,7.0,145633.0,347347.0,238087.0,335583.0,248489.0
2026-04-14 18:14:36.374154,836087,1609507969947319,5569916685,0.806176,0.003904,0.41968,-6.95625,1.82875,-2.4325,-14.032001,26.032001,14.312,none,4,7.0,145633.0,347347.0,238087.0,335583.0,248489.0
2026-04-14 18:14:36.379323,836088,1609507969961812,5569931598,0.854976,0.023424,0.474336,-5.95875,1.3825,-3.26375,-13.8,25.448002,11.544001,none,4,7.0,145633.0,347347.0,238087.0,335583.0,248489.0
2026-04-14 18:14:36.381804,836089,1609507969970792,5569940445,0.854976,0.023424,0.474336,-4.97875,0.76125,-4.66375,-13.8,25.448002,11.544001,none,4,7.0,145633.0,347347.0,238087.0,335583.0,248489.0
2026-04-14 18:14:36.384277,836090,1609507969985508,5569955356,0.812032,-0.037088,0.242048,-5.83625,-0.41125,-6.09875,-13.248001,25.688002,13.136001,none,4,7.0,145633.0,347347.0,238087.0,335583.0,248489.0
2026-04-14 18:14:36.386878,836091,1609507969994528,5569964163,0.812032,-0.037088,0.242048,-6.1425,-1.60125,-5.57375,-13.248001,25.688002,13.136001,none,4,7.0,145633.0,347347.0,238087.0,335583.0,248489.0
2026-04-14 18:14:36.391617,836092,1609507970009191,5569979075,0.864736,-0.040992,0.36112,-6.02,-2.345,-5.34625,-12.648001,25.568,13.344001,none,4,7.0,145633.0,347347.0,238087.0,335583.0,248489.0
2026-04-14 18:14:36.416809,836103,1609507970018686,5569988048,0.812032,0.011712,0.407968,-6.2475,-2.7825,-5.5125,-13.048,25.544,13.264001,none,4,7.0,151344.0,349817.0,245028.0,337846.0,254896.0
2026-04-14 18:14:36.419261,836104,1609507970027667,5569996819,0.812032,0.011712,0.407968,-7.74375,-1.855,-5.53,-13.048,25.544,13.264001,none,4,7.0,151344.0,349817.0,245028.0,337846.0,254896.0
2026-04-14 18:14:36.421392,836105,1609507970042196,5570011748,0.856928,-0.03904,0.255712,-7.8225,-0.7,-5.81,-13.208,25.560001,11.536,none,4,7.0,151344.0,349817.0,245028.0,337846.0,254896.0
2026-04-14 18:14:36.428067,836106,1609507970051203,5570020460,0.856928,-0.03904,0.255712,-4.06875,0.3325,-6.8075,-13.208,25.560001,11.536,none,4,7.0,151344.0,349817.0,245028.0,337846.0,254896.0
2026-04-14 18:14:36.436551,836107,1609507970060182,5570029264,0.901824,-0.054656,0.425536,-3.3425,0.55125,-7.18375,-12.920001,25.504002,13.704,none,4,7.0,151344.0,349817.0,245028.0,337846.0,254896.0
2026-04-14 18:14:36.451554,836108,1609507970074689,5570044137,0.901824,-0.054656,0.425536,-2.65125,-0.23625,-6.65875,-12.920001,25.504002,13.704,none,4,7.0,151344.0,349817.0,245028.0,337846.0,254896.0
2026-04-14 18:14:36.459443,836109,1609507970083718,5570052861,0.827648,-0.02928,0.271328,-0.97125,-0.42,-6.09,-13.296001,25.760002,13.392,none,4,7.0,151344.0,349817.0,245028.0,337846.0,254896.0
2026-04-14 18:14:36.475647,836110,1609507970098199,5570067762,0.895968,0.001952,0.499712,-0.5775,0.07875,-5.425,-13.216001,25.552002,13.032001,none,4,7.0,151344.0,349817.0,245028.0,337846.0,254896.0
2026-04-14 18:14:36.486448,836111,1609507970107116,5570076454,0.895968,0.001952,0.499712,-0.0875,1.11125,-4.445,-13.216001,25.552002,13.032001,none,4,7.0,151344.0,349817.0,245028.0,337846.0,254896.0
2026-04-14 18:14:36.518089,836122,1609507970121753,5570091484,0.886208,-0.040992,0.335744,0.63875,2.00375,-4.375,-13.000001,25.528002,14.56,none,4,7.0,150998.0,349539.0,244541.0,337599.0,254449.0
2026-04-14 18:14:36.520604,836123,1609507970131025,5570100277,0.886208,-0.040992,0.335744,1.23375,1.855,-4.52375,-13.000001,25.528002,14.56,none,4,7.0,150998.0,349539.0,244541.0,337599.0,254449.0
2026-04-14 18:14:36.523121,836124,1609507970140071,5570109050,0.808128,0.023424,0.406016,2.66,1.785,-4.375,-13.672001,26.016,14.664001,none,4,7.0,150998.0,349539.0,244541.0,337599.0,254449.0
2026-04-14 18:14:36.531908,836125,1609507970154647,5570124013,0.808128,0.023424,0.406016,2.45,2.51125,-4.2,-13.672001,26.016,14.664001,none,4,7.0,150998.0,349539.0,244541.0,337599.0,254449.0
2026-04-14 18:14:36.539428,836126,1609507970163593,5570132772,0.886208,-0.001952,0.521184,-0.035,2.73,-3.43875,-13.376,25.464,11.672001,none,4,7.0,150998.0,349539.0,244541.0,337599.0,254449.0
2026-04-14 18:14:36.554311,836127,1609507970178093,5570147683,0.851072,-0.021472,0.265472,-1.715,3.2375,-1.39125,-12.68,25.432001,13.752001,none,4,7.0,150998.0,349539.0,244541.0,337599.0,254449.0
2026-04-14 18:14:36.565647,836128,1609507970187017,5570156398,0.851072,-0.021472,0.265472,0.67375,3.5875,-0.105,-12.68,25.432001,13.752001,none,4,7.0,150998.0,349539.0,244541.0,337599.0,254449.0
2026-04-14 18:14:36.580348,836129,1609507970201497,5570171305,0.856928,0.00976,0.296704,3.26375,3.6225,0.1225,-12.976001,25.488,13.160001,none,4,7.0,150998.0,349539.0,244541.0,337599.0,254449.0
2026-04-14 18:14:36.591613,836130,1609507970210499,5570180069,0.856928,0.00976,0.296704,3.42125,2.9925,-0.595,-12.976001,25.488,13.160001,none,4,7.0,150998.0,349539.0,244541.0,337599.0,254449.0
2026-04-14 18:14:36.641435,836141,1609507970219702,5570189052,0.808128,0.023424,0.32208,1.65375,1.56625,-1.11125,-13.960001,26.104002,15.280001,none,4,7.0,142790.0,345354.0,234683.0,333950.0,245324.0
2026-04-14 18:14:36.666452,836142,1609507970234586,5570204086,0.808128,0.023424,0.32208,1.09375,-0.35875,-1.19,-13.960001,26.104002,15.280001,none,4,7.0,142790.0,345354.0,234683.0,333950.0,245324.0
2026-04-14 18:14:36.668806,836143,1609507970243553,5570212839,0.84912,0.015616,0.499712,0.7525,-2.7475,-0.7525,-14.552001,26.056002,17.768002,none,4,7.0,142790.0,345354.0,234683.0,333950.0,245324.0
2026-04-14 18:14:36.672720,836144,1609507970257989,5570227755,0.85888,0.011712,0.406016,1.0325,-3.87625,0.28875,-14.296001,25.768002,14.480001,none,4,7.0,142790.0,345354.0,234683.0,333950.0,245324.0
2026-04-14 18:14:36.673698,836145,1609507970266902,5570236513,0.85888,0.011712,0.406016,1.75,-4.305,0.56875,-14.296001,25.768002,14.480001,none,4,7.0,142790.0,345354.0,234683.0,333950.0,245324.0
2026-04-14 18:14:36.677337,836146,1609507970275807,5570245197,0.85888,0.011712,0.406016,0.41125,-4.62,0.32375,-14.296001,25.768002,14.480001,none,4,7.0,142790.0,345354.0,234683.0,333950.0,245324.0
2026-04-14 18:14:36.679689,836147,1609507970290478,5570260172,0.831552,0.017568,0.486048,-1.6975,-4.05125,0.245,-14.064001,26.096,15.384001,none,4,7.0,142790.0,345354.0,234683.0,333950.0,245324.0
2026-04-14 18:14:36.681733,836148,1609507970299421,5570268891,0.847168,0.007808,0.466528,-2.2925,-3.66625,0.28875,-13.632001,25.888,14.536,none,4,7.0,142790.0,345354.0,234683.0,333950.0,245324.0
2026-04-14 18:14:36.691721,836149,1609507970313992,5570283785,0.847168,0.007808,0.466528,-1.21625,-3.98125,0.2975,-13.632001,25.888,14.536,none,4,7.0,142790.0,345354.0,234683.0,333950.0,245324.0
2026-04-14 18:14:36.719397,836160,1609507970323361,5570292751,0.85888,0.001952,0.488,-1.26,-4.10375,0.1225,-13.328001,25.912,14.792001,none,4,7.0,141794.0,345467.0,233564.0,334043.0,244287.0
2026-04-14 18:14:36.721406,836161,1609507970332395,5570301515,0.85888,0.001952,0.488,-3.01,-5.075,0.35,-13.328001,25.912,14.792001,none,4,7.0,141794.0,345467.0,233564.0,334043.0,244287.0
2026-04-14 18:14:36.724409,836162,1609507970346919,5570316540,0.813984,-0.011712,0.25376,-3.80625,-4.865,0.2975,-13.56,25.936,14.016001,none,4,7.0,141794.0,345467.0,233564.0,334043.0,244287.0
2026-04-14 18:14:36.734393,836163,1609507970355939,5570325223,0.813984,-0.011712,0.25376,-3.3075,-3.5,-0.875,-13.56,25.936,14.016001,none,4,7.0,141794.0,345467.0,233564.0,334043.0,244287.0
2026-04-14 18:14:36.746893,836164,1609507970370569,5570340210,0.788608,-0.013664,0.238144,-4.235,-3.29875,-1.67125,-12.912001,25.456001,13.304001,none,4,7.0,141794.0,345467.0,233564.0,334043.0,244287.0
2026-04-14 18:14:36.756884,836165,1609507970379593,5570348975,0.901824,-0.0488,0.431392,-4.1825,-4.76875,-1.74125,-13.016001,25.368002,13.240001,none,4,7.0,141794.0,345467.0,233564.0,334043.0,244287.0
2026-04-14 18:14:36.767813,836166,1609507970388518,5570357683,0.901824,-0.0488,0.431392,-3.115,-5.6875,-1.39125,-13.016001,25.368002,13.240001,none,4,7.0,141794.0,345467.0,233564.0,334043.0,244287.0
2026-04-14 18:14:36.780105,836167,1609507970403132,5570372602,0.892064,-0.025376,0.4392,-2.86125,-6.335,-1.4,-13.264001,25.592001,14.232,none,4,7.0,141794.0,345467.0,233564.0,334043.0,244287.0
2026-04-14 18:14:36.787505,836168,1609507970412242,5570381292,0.892064,-0.025376,0.4392,-4.0075,-5.88,-1.26875,-13.264001,25.592001,14.232,none,4,7.0,141794.0,345467.0,233564.0,334043.0,244287.0
2026-04-14 18:14:36.820716,836179,1609507970426852,5570396361,0.837408,-0.013664,0.2928,-5.53875,-4.2175,-1.96,-14.280001,26.064001,15.232,none,4,7.0,142749.0,346266.0,234638.0,334722.0,245236.0
2026-04-14 18:14:36.823140,836180,1609507970435875,5570405081,0.837408,-0.013664,0.2928,-6.06375,-2.6425,-3.35125,-14.280001,26.064001,15.232,none,4,7.0,142749.0,346266.0,234638.0,334722.0,245236.0
2026-04-14 18:14:36.826837,836181,1609507970450502,5570420043,0.8784,-0.027328,0.466528,-5.81875,-2.70375,-4.01625,-14.608001,26.312002,14.888001,none,4,7.0,142749.0,346266.0,234638.0,334722.0,245236.0
2026-04-14 18:14:36.837575,836182,1609507970459439,5570428749,0.772992,0.005856,0.30256,-3.49125,-3.10625,-3.885,-13.120001,25.568,11.264001,none,4,7.0,142749.0,346266.0,234638.0,334722.0,245236.0
2026-04-14 18:14:36.845631,836183,1609507970468351,5570437493,0.772992,0.005856,0.30256,-2.17875,-3.45625,-3.89375,-13.120001,25.568,11.264001,none,4,7.0,142749.0,346266.0,234638.0,334722.0,245236.0
2026-04-14 18:14:36.861542,836184,1609507970482949,5570452421,0.874496,-0.025376,0.407968,-3.64875,-2.82625,-3.63125,-12.952001,25.560001,13.192,none,4,7.0,142749.0,346266.0,234638.0,334722.0,245236.0
2026-04-14 18:14:36.872692,836185,1609507970491886,5570461155,0.874496,-0.025376,0.407968,-6.3,-2.12625,-3.66625,-12.952001,25.560001,13.192,none,4,7.0,142749.0,346266.0,234638.0,334722.0,245236.0
2026-04-14 18:14:36.884269,836186,1609507970506486,5570476039,0.788608,-0.011712,0.228384,-6.23,-1.3475,-3.92875,-13.920001,26.112001,14.424001,none,4,7.0,142749.0,346266.0,234638.0,334722.0,245236.0
2026-04-14 18:14:36.920921,836187,1609507970515499,5570484730,0.788608,-0.011712,0.228384,-4.515,-0.88375,-4.47125,-13.920001,26.112001,14.424001,none,4,7.0,142749.0,346266.0,234638.0,334722.0,245236.0
2026-04-14 18:14:36.948139,836198,1609507970525122,5570493595,0.85888,-0.031232,0.288896,-3.955,-0.7175,-4.69,-14.136001,26.088001,14.040001,none,4,7.0,142309.0,346168.0,234161.0,334639.0,244801.0
2026-04-14 18:14:36.950622,836199,1609507970540129,5570508633,0.774944,0.007808,0.275232,-3.71,-0.77,-4.57625,-13.896001,25.736002,12.544001,none,4,7.0,142309.0,346168.0,234161.0,334639.0,244801.0
2026-04-14 18:14:36.975173,836200,1609507970549441,5570519398,0.774944,0.007808,0.275232,-3.49125,-1.67125,-5.04,-13.896001,25.736002,12.544001,none,4,7.0,142309.0,346168.0,234161.0,334639.0,244801.0
2026-04-14 18:14:36.975368,836201,1609507970558415,5570528142,0.774944,0.007808,0.275232,-3.64875,-1.42625,-6.02875,-13.896001,25.736002,12.544001,none,4,7.0,142309.0,346168.0,234161.0,334639.0,244801.0
2026-04-14 18:14:36.975423,836202,1609507970572966,5570543136,0.870592,-0.003904,0.443104,-4.36625,-1.42625,-6.29125,-13.472001,26.136002,13.616,none,4,7.0,142309.0,346168.0,234161.0,334639.0,244801.0
2026-04-14 18:14:36.975472,836203,1609507970582001,5570551930,0.80032,0.017568,0.372832,-4.54125,-1.37375,-6.4225,-13.400001,26.016,13.528001,none,4,7.0,142309.0,346168.0,234161.0,334639.0,244801.0
2026-04-14 18:14:36.975517,836204,1609507970596464,5570564827,0.80032,0.017568,0.372832,-4.13875,-1.09375,-7.0175,-13.400001,26.016,13.528001,none,4,7.0,142309.0,346168.0,234161.0,334639.0,244801.0
2026-04-14 18:14:36.984781,836205,1609507970605788,5570575600,0.821792,-0.027328,0.228384,-3.8325,-0.42,-7.21875,-14.400001,26.232,14.408001,none,4,7.0,142309.0,346168.0,234161.0,334639.0,244801.0
2026-04-14 18:14:37.078979,836216,1609507970620241,5570590499,0.81008,0.017568,0.396256,-3.70125,-0.2975,-7.1225,-14.376,26.048,14.624001,none,4,7.0,143585.0,346685.0,235660.0,335067.0,246195.0
2026-04-14 18:14:37.081506,836217,1609507970629520,5570599250,0.81008,0.017568,0.396256,-4.0075,-0.21875,-6.6675,-14.376,26.048,14.624001,none,4,7.0,143585.0,346685.0,235660.0,335067.0,246195.0
2026-04-14 18:14:37.084012,836218,1609507970638438,5570608067,0.81008,0.017568,0.396256,-2.8175,-0.1575,-6.20375,-14.376,26.048,14.624001,none,4,7.0,143585.0,346685.0,235660.0,335067.0,246195.0
2026-04-14 18:14:37.086568,836219,1609507970653052,5570622967,0.89792,-0.00976,0.36112,-1.995,-0.035,-6.67625,-15.096001,26.320002,15.192,none,4,7.0,143585.0,346685.0,235660.0,335067.0,246195.0
2026-04-14 18:14:37.091532,836220,1609507970662050,5570631657,0.86864,0.013664,0.476288,-0.86625,0.00875,-6.43125,-14.320001,26.408,14.024001,none,4,7.0,143585.0,346685.0,235660.0,335067.0,246195.0
2026-04-14 18:14:37.094032,836221,1609507970676567,5570646580,0.86864,0.013664,0.476288,-1.25125,-0.4725,-6.195,-14.320001,26.408,14.024001,none,4,7.0,143585.0,346685.0,235660.0,335067.0,246195.0
2026-04-14 18:14:37.101606,836222,1609507970685489,5570655259,0.884256,0.0,0.489952,-2.12625,-0.56,-5.8625,-14.496,26.128002,14.192,none,4,7.0,143585.0,346685.0,235660.0,335067.0,246195.0
2026-04-14 18:14:37.103987,836223,1609507970694474,5570664003,0.884256,0.0,0.489952,-2.6425,-0.42,-5.075,-14.496,26.128002,14.192,none,4,7.0,143585.0,346685.0,235660.0,335067.0,246195.0
2026-04-14 18:14:37.106487,836224,1609507970708984,5570678915,0.845216,0.035136,0.441152,-2.63375,0.14,-4.45375,-14.624001,25.6,14.104001,none,4,7.0,143585.0,346685.0,235660.0,335067.0,246195.0
2026-04-14 18:14:37.111547,836225,1609507970717977,5570687600,0.845216,0.035136,0.441152,-1.56625,0.21,-4.41,-14.624001,25.6,14.104001,none,4,7.0,143585.0,346685.0,235660.0,335067.0,246195.0
2026-04-14 18:14:37.138885,836236,1609507970732570,5570702697,0.845216,-0.011712,0.23424,-1.26875,0.63,-4.27,-14.488001,25.712002,11.344001,none,4,7.0,147149.0,347932.0,239897.0,336118.0,250103.0
2026-04-14 18:14:37.141342,836237,1609507970741547,5570711395,0.808128,0.001952,0.290848,-1.46125,1.1725,-4.08625,-13.632001,25.656002,11.904,none,4,7.0,147149.0,347932.0,239897.0,336118.0,250103.0
2026-04-14 18:14:37.147270,836238,1609507970756294,5570726349,0.808128,0.001952,0.290848,-0.945,1.28625,-4.24375,-13.632001,25.656002,11.904,none,4,7.0,147149.0,347932.0,239897.0,336118.0,250103.0
2026-04-14 18:14:37.149350,836239,1609507970765432,5570735074,0.909632,-0.00976,0.345504,0.02625,0.5775,-4.095,-13.464001,25.720001,13.592001,none,4,7.0,147149.0,347932.0,239897.0,336118.0,250103.0
2026-04-14 18:14:37.151192,836240,1609507970774539,5570743886,0.909632,-0.00976,0.345504,-0.13125,0.91875,-4.27,-13.464001,25.720001,13.592001,none,4,7.0,147149.0,347932.0,239897.0,336118.0,250103.0
2026-04-14 18:14:37.166238,836241,1609507970789038,5570758813,0.862784,-0.005856,0.333792,-1.4875,0.58625,-4.05125,-13.200001,26.224,14.248001,none,4,7.0,147149.0,347932.0,239897.0,336118.0,250103.0
2026-04-14 18:14:37.174004,836242,1609507970797989,5570767566,0.862784,-0.005856,0.333792,-0.945,1.44375,-3.185,-13.200001,26.224,14.248001,none,4,7.0,147149.0,347932.0,239897.0,336118.0,250103.0
2026-04-14 18:14:37.189346,836243,1609507970812577,5570782546,0.85888,0.01952,0.47824,-0.48125,2.61625,-2.73,-14.488001,26.088001,14.208001,none,4,7.0,147149.0,347932.0,239897.0,336118.0,250103.0
2026-04-14 18:14:37.224060,836254,1609507970821890,5570791296,0.84912,0.01952,0.404064,-1.04125,3.955,-1.77625,-13.512001,25.688002,11.688001,none,4,7.0,147359.0,347922.0,240196.0,336129.0,250378.0
2026-04-14 18:14:37.226875,836255,1609507970830954,5570800127,0.84912,0.01952,0.404064,-1.51375,5.53,-1.12875,-13.512001,25.688002,11.688001,none,4,7.0,147359.0,347922.0,240196.0,336129.0,250378.0
2026-04-14 18:14:37.233903,836256,1609507970845724,5570815051,0.8296,-0.00976,0.25376,-2.0825,6.2825,-0.74375,-13.320001,25.992,13.6,none,4,7.0,147359.0,347922.0,240196.0,336129.0,250378.0
2026-04-14 18:14:37.236515,836257,1609507970854767,5570823750,0.8296,-0.00976,0.25376,-1.25125,6.43125,-0.58625,-13.320001,25.992,13.6,none,4,7.0,147359.0,347922.0,240196.0,336129.0,250378.0
2026-04-14 18:14:37.246122,836258,1609507970869282,5570838710,0.794464,0.025376,0.324032,0.105,6.51,-0.1925,-13.096001,25.880001,13.352,none,4,7.0,147359.0,347922.0,240196.0,336129.0,250378.0
2026-04-14 18:14:37.254869,836259,1609507970878208,5570847398,0.794464,0.025376,0.324032,0.5425,6.02875,0.175,-13.096001,25.880001,13.352,none,4,7.0,147359.0,347922.0,240196.0,336129.0,250378.0
2026-04-14 18:14:37.264287,836260,1609507970887285,5570856134,0.864736,0.011712,0.443104,0.07,5.62625,0.69125,-13.152,26.192001,14.68,none,4,7.0,147359.0,347922.0,240196.0,336129.0,250378.0
2026-04-14 18:14:37.279243,836261,1609507970901767,5570871086,0.827648,0.015616,0.402112,-1.82,5.39,0.77,-13.976001,25.632002,13.488001,none,4,7.0,147359.0,347922.0,240196.0,336129.0,250378.0
2026-04-14 18:14:37.286475,836262,1609507970910695,5570879889,0.827648,0.015616,0.402112,-2.485,4.83875,0.44625,-13.976001,25.632002,13.488001,none,4,7.0,147359.0,347922.0,240196.0,336129.0,250378.0
2026-04-14 18:14:37.322395,836273,1609507970925851,5570894948,0.8784,0.001952,0.378688,-1.7675,4.095,-0.0875,-13.496,25.408,13.496,none,4,7.0,147193.0,347869.0,239987.0,336054.0,250177.0
2026-04-14 18:14:37.327495,836274,1609507970935046,5570903764,0.8784,0.001952,0.378688,-0.8225,3.5875,-0.3325,-13.496,25.408,13.496,none,4,7.0,147193.0,347869.0,239987.0,336054.0,250177.0
2026-04-14 18:14:37.330720,836275,1609507970944399,5570914571,0.812032,0.011712,0.402112,-1.19875,2.63375,-0.84875,-13.184001,25.832,13.568001,none,4,7.0,147193.0,347869.0,239987.0,336054.0,250177.0
2026-04-14 18:14:37.333638,836276,1609507970958901,5570927444,0.812032,0.011712,0.402112,-1.96,1.56625,-0.60375,-13.184001,25.832,13.568001,none,4,7.0,147193.0,347869.0,239987.0,336054.0,250177.0
2026-04-14 18:14:37.348262,836277,1609507970968254,5570938182,0.81008,0.025376,0.35136,-0.63,1.1025,-0.8225,-13.376,25.552002,13.432001,none,4,7.0,147193.0,347869.0,239987.0,336054.0,250177.0
2026-04-14 18:14:37.378694,836278,1609507970977445,5570946869,0.81008,0.025376,0.35136,-0.00875,0.79625,-1.82,-13.376,25.552002,13.432001,none,4,7.0,147193.0,347869.0,239987.0,336054.0,250177.0
2026-04-14 18:14:37.380760,836279,1609507970991990,5570961799,0.817888,0.050752,0.486048,-1.88125,0.51625,-2.17,-13.76,26.384,14.544001,none,4,7.0,147193.0,347869.0,239987.0,336054.0,250177.0
2026-04-14 18:14:37.403793,836280,1609507971000909,5570970476,0.817888,0.050752,0.486048,-3.0275,1.53125,-2.52,-13.76,26.384,14.544001,none,4,7.0,147193.0,347869.0,239987.0,336054.0,250177.0
2026-04-14 18:14:37.406419,836281,1609507971015444,5570985393,0.853024,-0.023424,0.30256,-3.28125,1.785,-2.695,-12.968,25.552002,13.6,none,4,7.0,147193.0,347869.0,239987.0,336054.0,250177.0
2026-04-14 18:14:37.434964,836292,1609507971024737,5570994144,0.882304,-0.023424,0.357216,-3.1325,1.1025,-2.2925,-13.160001,25.640001,13.848001,none,4,7.0,147359.0,348114.0,240199.0,336302.0,250370.0
2026-04-14 18:14:37.437380,836293,1609507971033830,5571002881,0.882304,-0.023424,0.357216,-1.53125,0.28875,-1.61,-13.160001,25.640001,13.848001,none,4,7.0,147359.0,348114.0,240199.0,336302.0,250370.0
2026-04-14 18:14:37.439951,836294,1609507971048478,5571017813,0.808128,0.027328,0.394304,-0.665,0.27125,-1.54875,-13.016001,25.936,13.496,none,4,7.0,147359.0,348114.0,240199.0,336302.0,250370.0
2026-04-14 18:14:37.443298,836295,1609507971057423,5571026531,0.808128,0.027328,0.394304,-1.28625,0.14,-1.56625,-13.016001,25.936,13.496,none,4,7.0,147359.0,348114.0,240199.0,336302.0,250370.0
2026-04-14 18:14:37.449836,836296,1609507971071953,5571041501,0.84912,0.035136,0.50752,-1.4875,0.42875,-1.9075,-12.888001,25.992,14.696001,none,4,7.0,147359.0,348114.0,240199.0,336302.0,250370.0
2026-04-14 18:14:37.457499,836297,1609507971080893,5571050205,0.84912,0.035136,0.50752,-0.875,1.05875,-2.45875,-12.888001,25.992,14.696001,none,4,7.0,147359.0,348114.0,240199.0,336302.0,250370.0
2026-04-14 18:14:37.471292,836298,1609507971095591,5571065128,0.8296,-0.005856,0.345504,-1.75,1.365,-2.485,-13.848001,26.240002,14.472001,none,4,7.0,147359.0,348114.0,240199.0,336302.0,250370.0
2026-04-14 18:14:37.481280,836299,1609507971104721,5571073855,0.85888,-0.015616,0.335744,-1.505,1.3475,-1.95125,-13.832001,25.888,12.488001,none,4,7.0,147359.0,348114.0,240199.0,336302.0,250370.0
2026-04-14 18:14:37.489052,836300,1609507971113700,5571082533,0.85888,-0.015616,0.335744,0.105,1.18125,-2.3975,-13.832001,25.888,12.488001,none,4,7.0,147359.0,348114.0,240199.0,336302.0,250370.0
2026-04-14 18:14:37.531538,836311,1609507971128318,5571097496,0.825696,0.021472,0.447008,0.18375,1.58375,-2.4675,-13.096001,25.744001,13.448001,none,4,7.0,149301.0,348938.0,242475.0,337025.0,252487.0
2026-04-14 18:14:37.556491,836312,1609507971137373,5571106279,0.825696,0.021472,0.447008,-0.315,1.86375,-2.33625,-13.096001,25.744001,13.448001,none,4,7.0,149301.0,348938.0,242475.0,337025.0,252487.0
2026-04-14 18:14:37.559398,836313,1609507971151869,5571121167,0.782752,0.013664,0.284992,-0.16625,2.2925,-2.8,-12.880001,25.912,13.76,none,4,7.0,149301.0,348938.0,242475.0,337025.0,252487.0
2026-04-14 18:14:37.561877,836314,1609507971160803,5571129960,0.782752,0.013664,0.284992,1.4525,2.345,-2.96625,-12.880001,25.912,13.76,none,4,7.0,149301.0,348938.0,242475.0,337025.0,252487.0
2026-04-14 18:14:37.564303,836315,1609507971169734,5571138689,0.853024,0.003904,0.454816,1.39125,1.65375,-2.96625,-12.912001,25.488,14.784,none,4,7.0,149301.0,348938.0,242475.0,337025.0,252487.0
2026-04-14 18:14:37.566876,836316,1609507971184229,5571153683,0.886208,0.013664,0.515328,1.35625,1.54875,-2.4325,-12.768001,25.472002,13.176001,none,4,7.0,149301.0,348938.0,242475.0,337025.0,252487.0
2026-04-14 18:14:37.570679,836317,1609507971193171,5571162412,0.886208,0.013664,0.515328,1.2075,1.575,-2.30125,-12.768001,25.472002,13.176001,none,4,7.0,149301.0,348938.0,242475.0,337025.0,252487.0
2026-04-14 18:14:37.584348,836318,1609507971207913,5571177502,0.786656,0.021472,0.365024,0.4725,1.785,-2.1875,-12.752001,25.960001,13.872001,none,4,7.0,149301.0,348938.0,242475.0,337025.0,252487.0
2026-04-14 18:14:37.594206,836319,1609507971217012,5571186200,0.786656,0.021472,0.365024,-0.77875,2.0475,-2.09125,-12.752001,25.960001,13.872001,none,4,7.0,149301.0,348938.0,242475.0,337025.0,252487.0
2026-04-14 18:14:37.625239,836330,1609507971231563,5571201205,0.796416,0.044896,0.406016,0.5775,2.30125,-1.96,-12.808001,25.384,13.904,none,4,7.0,151832.0,349797.0,245573.0,337837.0,255305.0
2026-04-14 18:14:37.627960,836331,1609507971240574,5571209985,0.796416,0.044896,0.406016,1.3825,2.16125,-2.52,-12.808001,25.384,13.904,none,4,7.0,151832.0,349797.0,245573.0,337837.0,255305.0
2026-04-14 18:14:37.630489,836332,1609507971249517,5571218796,0.84912,0.001952,0.44896,-0.18375,1.70625,-2.44125,-14.192,25.992,15.136001,none,4,7.0,151832.0,349797.0,245573.0,337837.0,255305.0
2026-04-14 18:14:37.643835,836333,1609507971264003,5571233739,0.80032,0.027328,0.345504,-0.90125,0.21,-1.96875,-13.792001,25.976002,14.64,none,4,7.0,151832.0,349797.0,245573.0,337837.0,255305.0
2026-04-14 18:14:37.650817,836334,1609507971273038,5571242425,0.80032,0.027328,0.345504,-0.035,-0.7875,-1.8375,-13.792001,25.976002,14.64,none,4,7.0,151832.0,349797.0,245573.0,337837.0,255305.0
2026-04-14 18:14:37.664379,836335,1609507971287557,5571257382,0.8784,0.001952,0.445056,-0.58625,-1.8025,-2.31,-13.464001,25.424002,13.768001,none,4,7.0,151832.0,349797.0,245573.0,337837.0,255305.0
2026-04-14 18:14:37.673872,836336,1609507971296463,5571266072,0.8784,0.001952,0.445056,-1.5925,-1.44375,-2.31875,-13.464001,25.424002,13.768001,none,4,7.0,151832.0,349797.0,245573.0,337837.0,255305.0
2026-04-14 18:14:37.681528,836337,1609507971305436,5571274791,0.88816,-0.007808,0.435296,-1.12875,-1.9425,-2.49375,-14.016001,25.752,14.952001,none,4,7.0,151832.0,349797.0,245573.0,337837.0,255305.0
2026-04-14 18:14:37.698150,836338,1609507971319924,5571289700,0.88816,-0.007808,0.435296,-0.35875,-2.345,-2.47625,-14.016001,25.752,14.952001,none,4,7.0,151832.0,349797.0,245573.0,337837.0,255305.0
2026-04-14 18:14:37.790692,836349,1609507971329041,5571298392,0.874496,-0.027328,0.333792,0.21875,-2.415,-2.59875,-12.968,25.816002,14.192,none,4,7.0,151352.0,349803.0,245037.0,337890.0,254819.0
2026-04-14 18:14:37.793160,836350,1609507971343727,5571313440,0.874496,-0.027328,0.333792,-1.785,-2.65125,-1.9425,-12.968,25.816002,14.192,none,4,7.0,151352.0,349803.0,245037.0,337890.0,254819.0
2026-04-14 18:14:37.795653,836351,1609507971352644,5571322124,0.866688,0.011712,0.44896,-2.28375,-2.91375,-1.715,-13.136001,25.528002,13.176001,none,4,7.0,151352.0,349803.0,245037.0,337890.0,254819.0
2026-04-14 18:14:37.800751,836352,1609507971367250,5571337022,0.8784,-0.011712,0.372832,-1.6975,-1.96,-2.00375,-12.936001,25.624,14.072001,none,4,7.0,151352.0,349803.0,245037.0,337890.0,254819.0
2026-04-14 18:14:37.801460,836353,1609507971376188,5571345723,0.8784,-0.011712,0.372832,-2.625,-1.68,-1.89,-12.936001,25.624,14.072001,none,4,7.0,151352.0,349803.0,245037.0,337890.0,254819.0
2026-04-14 18:14:37.803708,836354,1609507971385136,5571354445,0.80032,0.023424,0.42944,-2.52,-1.81125,-2.16125,-13.184001,25.528002,13.464001,none,4,7.0,151352.0,349803.0,245037.0,337890.0,254819.0
2026-04-14 18:14:37.806095,836355,1609507971399711,5571369359,0.80032,0.023424,0.42944,-2.6075,-1.8725,-2.0475,-13.184001,25.528002,13.464001,none,4,7.0,151352.0,349803.0,245037.0,337890.0,254819.0
2026-04-14 18:14:37.809056,836356,1609507971408718,5571378062,0.84912,0.037088,0.523136,-1.74125,-1.68,-1.88125,-12.944,25.432001,13.984,none,4,7.0,151352.0,349803.0,245037.0,337890.0,254819.0
2026-04-14 18:14:37.835489,836367,1609507971423266,5571393435,0.84912,0.037088,0.523136,-1.18125,-1.23375,-2.26625,-12.944,25.432001,13.984,none,4,7.0,149182.0,349132.0,242421.0,337295.0,252412.0
2026-04-14 18:14:37.837542,836368,1609507971432296,5571402134,0.872544,-0.01952,0.378688,-1.98625,-0.8225,-2.47625,-12.896001,25.904001,16.024,none,4,7.0,149182.0,349132.0,242421.0,337295.0,252412.0
2026-04-14 18:14:37.840105,836369,1609507971441266,5571410912,0.872544,-0.01952,0.378688,-2.30125,-0.3325,-1.75875,-12.896001,25.904001,16.024,none,4,7.0,149182.0,349132.0,242421.0,337295.0,252412.0
2026-04-14 18:14:37.843048,836370,1609507971456054,5571425831,0.872544,-0.023424,0.337696,-1.84625,-0.6475,-1.2775,-13.496,25.704,15.056001,none,4,7.0,149182.0,349132.0,242421.0,337295.0,252412.0
2026-04-14 18:14:37.845166,836371,1609507971465134,5571434538,0.876448,-0.001952,0.435296,-2.07375,-0.72625,-1.51375,-13.496,25.704,13.312,none,4,7.0,149182.0,349132.0,242421.0,337295.0,252412.0
2026-04-14 18:14:37.855093,836372,1609507971479667,5571449451,0.876448,-0.001952,0.435296,-2.49375,-0.74375,-0.91875,-14.056001,25.736002,13.312,none,4,7.0,149182.0,349132.0,242421.0,337295.0,252412.0
2026-04-14 18:14:37.866517,836373,1609507971488677,5571458196,0.876448,0.027328,0.482144,-2.1,-0.4025,-1.19,-13.888001,25.968,14.648001,none,4,7.0,149182.0,349132.0,242421.0,337295.0,252412.0
2026-04-14 18:14:37.880624,836374,1609507971503177,5571473097,0.876448,0.027328,0.482144,-1.40875,0.2275,-3.08,-13.888001,25.968,14.648001,none,4,7.0,149182.0,349132.0,242421.0,337295.0,252412.0
2026-04-14 18:14:37.890649,836375,1609507971512112,5571481787,0.80032,-0.003904,0.30256,-3.2025,-0.245,-3.3425,-13.032001,25.456001,13.528001,none,4,7.0,149182.0,349132.0,242421.0,337295.0,252412.0
2026-04-14 18:14:37.896409,836376,1609507971521116,5571490507,0.80032,-0.003904,0.30256,-1.56625,-0.90125,-3.045,-13.032001,25.456001,13.528001,none,4,7.0,149182.0,349132.0,242421.0,337295.0,252412.0
2026-04-14 18:14:37.924942,836387,1609507971535733,5571505495,0.808128,0.035136,0.386496,-0.13125,-1.26875,-3.3075,-13.136001,25.096,14.088,none,4,7.0,149813.0,349179.0,243167.0,337274.0,253092.0
2026-04-14 18:14:37.928000,836388,1609507971544730,5571514286,0.808128,0.035136,0.386496,-1.365,-1.42625,-2.86125,-13.136001,25.096,14.088,none,4,7.0,149813.0,349179.0,243167.0,337274.0,253092.0
2026-04-14 18:14:37.937026,836389,1609507971559415,5571529215,0.776896,0.011712,0.277184,-3.535,-1.3475,-1.72375,-14.632001,26.536001,13.696001,none,4,7.0,149813.0,349179.0,243167.0,337274.0,253092.0
2026-04-14 18:14:37.945264,836390,1609507971568362,5571537924,0.845216,0.031232,0.42944,-3.68375,-0.805,-1.74125,-13.240001,25.368002,13.696001,none,4,7.0,149813.0,349179.0,243167.0,337274.0,253092.0
2026-04-14 18:14:37.955606,836391,1609507971577377,5571546745,0.845216,0.031232,0.42944,-2.8175,-0.1925,-2.12625,-13.240001,25.368002,13.696001,none,4,7.0,149813.0,349179.0,243167.0,337274.0,253092.0
2026-04-14 18:14:37.969421,836392,1609507971591863,5571561601,0.784704,0.00976,0.26352,-2.835,0.07,-3.08,-13.952001,25.760002,14.72,none,4,7.0,149813.0,349179.0,243167.0,337274.0,253092.0
2026-04-14 18:14:37.978104,836393,1609507971600792,5571570323,0.784704,0.00976,0.26352,-3.5,-1.05,-2.73,-13.952001,25.760002,14.72,none,4,7.0,149813.0,349179.0,243167.0,337274.0,253092.0
2026-04-14 18:14:37.995789,836394,1609507971615317,5571585241,0.788608,0.01952,0.343552,-2.49375,-1.98625,-2.31875,-12.912001,25.664001,14.168,none,4,7.0,149813.0,349179.0,243167.0,337274.0,253092.0
2026-04-14 18:14:38.001381,836395,1609507971624305,5571593966,0.788608,0.01952,0.343552,-1.77625,-2.30125,-2.38,-12.912001,25.664001,14.168,none,4,7.0,149813.0,349179.0,243167.0,337274.0,253092.0
2026-04-14 18:14:38.029367,836406,1609507971638992,5571609101,0.776896,0.040992,0.384544,-2.66875,-1.75875,-2.51125,-13.384001,25.648,14.920001,none,4,7.0,150018.0,349321.0,243369.0,337368.0,253317.0
2026-04-14 18:14:38.031887,836407,1609507971647988,5571617804,0.798368,-0.003904,0.23424,-3.14125,-1.11125,-2.2575,-13.960001,25.792002,14.632001,none,4,7.0,150018.0,349321.0,243369.0,337368.0,253317.0
2026-04-14 18:14:38.034395,836408,1609507971656957,5571626555,0.798368,-0.003904,0.23424,-2.9575,-0.7175,-2.40625,-13.960001,25.792002,14.632001,none,4,7.0,150018.0,349321.0,243369.0,337368.0,253317.0
2026-04-14 18:14:38.047797,836409,1609507971671487,5571641523,0.854976,0.007808,0.474336,-2.31875,-0.49,-2.51125,-13.040001,25.376001,13.632001,none,4,7.0,150018.0,349321.0,243369.0,337368.0,253317.0
2026-04-14 18:14:38.058136,836410,1609507971680435,5571650236,0.854976,0.007808,0.474336,-2.205,-0.46375,-3.00125,-13.040001,25.376001,13.632001,none,4,7.0,150018.0,349321.0,243369.0,337368.0,253317.0
2026-04-14 18:14:38.073139,836411,1609507971694952,5571665126,0.821792,0.031232,0.476288,-2.02125,0.105,-3.38625,-12.864,25.536001,13.648001,none,4,7.0,150018.0,349321.0,243369.0,337368.0,253317.0
2026-04-14 18:14:38.082404,836412,1609507971704042,5571673825,0.821792,0.031232,0.476288,-2.89625,0.0525,-3.675,-12.864,25.536001,13.648001,none,4,7.0,150018.0,349321.0,243369.0,337368.0,253317.0
2026-04-14 18:14:38.112977,836413,1609507971712978,5571682504,0.8784,-0.01952,0.366976,-3.36875,0.525,-3.42125,-13.024,25.648,13.736001,none,4,7.0,150018.0,349321.0,243369.0,337368.0,253317.0
2026-04-14 18:14:38.214348,836424,1609507971727880,5571697459,0.882304,0.001952,0.476288,-2.87,0.62125,-3.36875,-13.264001,25.536001,13.624001,none,4,7.0,151607.0,349780.0,245313.0,337769.0,255120.0
2026-04-14 18:14:38.216851,836425,1609507971736958,5571706196,0.882304,0.001952,0.476288,-2.275,0.74375,-3.3075,-13.264001,25.536001,13.624001,none,4,7.0,151607.0,349780.0,245313.0,337769.0,255120.0
2026-04-14 18:14:38.219372,836426,1609507971751470,5571721105,0.782752,0.015616,0.304512,-1.82875,-0.035,-3.8675,-13.152,25.424002,13.584001,none,4,7.0,151607.0,349780.0,245313.0,337769.0,255120.0
2026-04-14 18:14:38.221501,836427,1609507971760430,5571729796,0.782752,0.015616,0.304512,-1.295,-0.51625,-3.92,-13.152,25.424002,13.584001,none,4,7.0,151607.0,349780.0,245313.0,337769.0,255120.0
2026-04-14 18:14:38.224422,836428,1609507971774967,5571744715,0.798368,0.037088,0.35136,-0.79625,-0.385,-3.98125,-13.8,25.768002,14.864,none,4,7.0,151607.0,349780.0,245313.0,337769.0,255120.0
2026-04-14 18:14:38.226885,836429,1609507971783899,5571753408,0.798368,0.037088,0.35136,-0.875,-0.6825,-4.76,-13.8,25.768002,14.864,none,4,7.0,151607.0,349780.0,245313.0,337769.0,255120.0
2026-04-14 18:14:38.229381,836430,1609507971792805,5571762075,0.798368,-0.003904,0.249856,-0.95375,-0.6825,-4.50625,-14.152,26.048,14.56,none,4,7.0,151607.0,349780.0,245313.0,337769.0,255120.0
2026-04-14 18:14:38.231571,836431,1609507971807277,5571777063,0.798368,0.025376,0.257664,-0.41125,-1.37375,-4.025,-14.152,26.048,14.56,none,4,7.0,151607.0,349780.0,245313.0,337769.0,255120.0
2026-04-14 18:14:38.234392,836432,1609507971816201,5571785756,0.774944,0.025376,0.257664,0.5075,-2.70375,-3.78875,-13.968,25.488,15.664001,none,4,7.0,151607.0,349780.0,245313.0,337769.0,255120.0
2026-04-14 18:14:38.263889,836444,1609507971831239,5571800653,0.8784,0.00976,0.491904,0.65625,-2.8175,-4.1475,-14.048,25.608002,14.056001,none,4,7.0,152136.0,349780.0,245916.0,337707.0,255604.0
2026-04-14 18:14:38.266556,836445,1609507971840258,5571809370,0.8784,0.00976,0.491904,-0.315,-2.73,-3.99875,-14.048,25.608002,14.056001,none,4,7.0,152136.0,349780.0,245916.0,337707.0,255604.0
2026-04-14 18:14:38.268790,836446,1609507971849301,5571818088,0.823744,-0.00976,0.269376,-1.5925,-2.24875,-3.26375,-13.392,25.304,14.096001,none,4,7.0,152136.0,349780.0,245916.0,337707.0,255604.0
2026-04-14 18:14:38.274220,836447,1609507971864265,5571833077,0.823744,-0.00976,0.269376,-1.365,-1.435,-2.555,-13.392,25.304,14.096001,none,4,7.0,152136.0,349780.0,245916.0,337707.0,255604.0
2026-04-14 18:14:38.276714,836448,1609507971873693,5571842063,0.894016,0.001952,0.447008,-1.2775,-1.18125,-1.89875,-13.240001,25.152,13.968,none,4,7.0,152136.0,349780.0,245916.0,337707.0,255604.0
2026-04-14 18:14:38.278836,836449,1609507971883031,5571852863,0.894016,0.001952,0.447008,-1.58375,-1.05,-1.93375,-13.240001,25.152,13.968,none,4,7.0,152136.0,349780.0,245916.0,337707.0,255604.0
2026-04-14 18:14:38.281733,836450,1609507971897571,5571867875,0.86864,0.023424,0.49776,-1.61875,-0.79625,-2.065,-13.120001,25.416,13.76,none,4,7.0,152136.0,349780.0,245916.0,337707.0,255604.0
2026-04-14 18:14:38.284227,836451,1609507971906625,5571876573,0.86864,0.023424,0.49776,-0.95375,-0.42,-2.52875,-13.120001,25.416,13.76,none,4,7.0,152136.0,349780.0,245916.0,337707.0,255604.0
2026-04-14 18:14:38.299385,836452,1609507971921144,5571891482,0.817888,-0.003904,0.28304,-1.6625,-0.07875,-2.8875,-13.272,25.432001,14.848001,none,4,7.0,152136.0,349780.0,245916.0,337707.0,255604.0
2026-04-14 18:14:38.328631,836463,1609507971930304,5571900257,0.802272,-0.003904,0.25376,-3.045,0.25375,-2.7125,-13.776001,25.496,12.976001,none,4,7.0,153408.0,350204.0,247466.0,338089.0,257034.0
2026-04-14 18:14:38.331083,836464,1609507971939411,5571909032,0.802272,-0.003904,0.25376,-2.45875,0.60375,-2.37125,-13.776001,25.496,12.976001,none,4,7.0,153408.0,350204.0,247466.0,338089.0,257034.0
2026-04-14 18:14:38.333618,836465,1609507971954036,5571923983,0.8296,-0.005856,0.251808,-1.84625,0.5075,-2.485,-13.272,25.584002,13.568001,none,4,7.0,153408.0,350204.0,247466.0,338089.0,257034.0
2026-04-14 18:14:38.338667,836466,1609507971963065,5571932726,0.8296,-0.005856,0.251808,-2.835,0.665,-2.2225,-13.272,25.584002,13.568001,none,4,7.0,153408.0,350204.0,247466.0,338089.0,257034.0
2026-04-14 18:14:38.354013,836467,1609507971977573,5571947640,0.886208,-0.015616,0.388448,-3.675,0.81375,-2.65125,-13.256001,25.568,13.936001,none,4,7.0,153408.0,350204.0,247466.0,338089.0,257034.0
2026-04-14 18:14:38.370610,836468,1609507971986531,5571956339,0.886208,-0.015616,0.388448,-3.29,0.81375,-3.26375,-13.256001,25.568,13.936001,none,4,7.0,153408.0,350204.0,247466.0,338089.0,257034.0
2026-04-14 18:14:38.380749,836469,1609507972001170,5571971212,0.845216,-0.035136,0.265472,-3.38625,-0.035,-3.38625,-13.328001,25.624,15.392001,none,4,7.0,153408.0,350204.0,247466.0,338089.0,257034.0
2026-04-14 18:14:38.386454,836470,1609507972010131,5571979956,0.841312,0.015616,0.460672,-3.24625,-0.11375,-2.45875,-13.088,25.720001,12.080001,none,4,7.0,153408.0,350204.0,247466.0,338089.0,257034.0
2026-04-14 18:14:38.395219,836471,1609507972019066,5571988690,0.841312,0.015616,0.460672,-3.3775,-0.2625,-1.995,-13.088,25.720001,12.080001,none,4,7.0,153408.0,350204.0,247466.0,338089.0,257034.0
2026-04-14 18:14:38.430340,836482,1609507972033738,5572003677,0.895968,-0.013664,0.42944,-3.815,-0.28875,-1.98625,-12.832001,25.248001,13.608001,none,4,7.0,154565.0,350808.0,248873.0,338597.0,258317.0
2026-04-14 18:14:38.432834,836483,1609507972042782,5572012452,0.895968,-0.013664,0.42944,-3.9725,-0.13125,-2.2225,-12.832001,25.248001,13.608001,none,4,7.0,154565.0,350808.0,248873.0,338597.0,258317.0
2026-04-14 18:14:38.435181,836484,1609507972057395,5572027416,0.88816,-0.025376,0.394304,-3.73625,0.13125,-3.01875,-13.336,25.736002,13.8,none,4,7.0,154565.0,350808.0,248873.0,338597.0,258317.0
2026-04-14 18:14:38.444056,836485,1609507972066390,5572036129,0.88816,-0.025376,0.394304,-3.82375,-0.35,-3.6575,-13.336,25.736002,13.8,none,4,7.0,154565.0,350808.0,248873.0,338597.0,258317.0
2026-04-14 18:14:38.454417,836486,1609507972075366,5572044844,0.854976,-0.011712,0.460672,-3.78,-0.04375,-3.815,-13.464001,25.52,14.608001,none,4,7.0,154565.0,350808.0,248873.0,338597.0,258317.0
2026-04-14 18:14:38.478926,836487,1609507972089885,5572059833,0.919392,-0.031232,0.433344,-4.99625,0.76125,-3.1675,-13.872001,25.840002,15.248001,none,4,7.0,154565.0,350808.0,248873.0,338597.0,258317.0
2026-04-14 18:14:38.481431,836488,1609507972098976,5572068594,0.919392,-0.031232,0.433344,-4.1125,1.1725,-2.70375,-13.872001,25.840002,15.248001,none,4,7.0,154565.0,350808.0,248873.0,338597.0,258317.0
2026-04-14 18:14:38.510374,836489,1609507972113482,5572083507,0.921344,-0.023424,0.476288,-2.975,1.42625,-2.63375,-14.672001,26.28,14.856001,none,4,7.0,154565.0,350808.0,248873.0,338597.0,258317.0
2026-04-14 18:14:38.512828,836490,1609507972122420,5572092199,0.921344,-0.023424,0.476288,-3.045,1.05,-2.415,-14.672001,26.28,14.856001,none,4,7.0,154565.0,350808.0,248873.0,338597.0,258317.0
2026-04-14 18:14:38.548593,836501,1609507972137052,5572107146,0.851072,-0.005856,0.472384,-3.01,1.00625,-2.765,-13.016001,25.536001,13.712001,none,4,7.0,155423.0,351114.0,249874.0,338873.0,259267.0
2026-04-14 18:14:38.548965,836502,1609507972146017,5572115980,0.851072,-0.005856,0.472384,-2.905,0.805,-2.9925,-13.016001,25.536001,13.712001,none,4,7.0,155423.0,351114.0,249874.0,338873.0,259267.0
2026-04-14 18:14:38.550113,836503,1609507972154976,5572124683,0.853024,0.023424,0.49776,-2.96625,0.90125,-2.80875,-13.384001,25.392002,13.736001,none,4,7.0,155423.0,351114.0,249874.0,338873.0,259267.0
2026-04-14 18:14:38.552625,836504,1609507972169499,5572139599,0.853024,-0.03904,0.232288,-2.5725,2.09125,-2.8875,-13.384001,25.392002,13.736001,none,4,7.0,155423.0,351114.0,249874.0,338873.0,259267.0
2026-04-14 18:14:38.560205,836505,1609507972178532,5572148357,0.853024,-0.042944,0.232288,-3.56125,2.47625,-3.08875,-13.248001,25.760002,14.368001,none,4,7.0,155423.0,351114.0,249874.0,338873.0,259267.0
2026-04-14 18:14:38.571293,836506,1609507972193045,5572163296,0.802272,0.003904,0.314272,-3.15875,1.65375,-2.84375,-13.872001,26.224,14.72,none,4,7.0,155423.0,351114.0,249874.0,338873.0,259267.0
2026-04-14 18:14:38.579250,836507,1609507972202160,5572171980,0.802272,0.003904,0.314272,-0.83125,0.81375,-3.29,-13.872001,26.224,14.72,none,4,7.0,155423.0,351114.0,249874.0,338873.0,259267.0
2026-04-14 18:14:38.586764,836508,1609507972211311,5572180707,0.86864,-0.003904,0.378688,0.2625,-0.41125,-4.2525,-13.960001,25.480001,12.408001,none,4,7.0,155423.0,351114.0,249874.0,338873.0,259267.0
2026-04-14 18:14:38.603111,836509,1609507972225844,5572195666,0.86864,-0.003904,0.378688,-1.5925,-0.07,-5.6175,-13.960001,25.480001,12.408001,none,4,7.0,155423.0,351114.0,249874.0,338873.0,259267.0
2026-04-14 18:14:38.631900,836520,1609507972234963,5572204612,0.895968,-0.0488,0.402112,-4.29625,0.315,-5.495,-13.304001,25.640001,13.568001,none,4,7.0,153201.0,349991.0,247159.0,337776.0,256812.0
2026-04-14 18:14:38.634281,836521,1609507972249485,5572219583,0.895968,-0.0488,0.402112,-4.96125,0.7875,-5.29375,-13.304001,25.640001,13.568001,none,4,7.0,153201.0,349991.0,247159.0,337776.0,256812.0
2026-04-14 18:14:38.636942,836522,1609507972258428,5572228297,0.776896,0.0,0.300608,-3.4125,0.69125,-4.305,-12.968,25.44,13.968,none,4,7.0,153201.0,349991.0,247159.0,337776.0,256812.0
2026-04-14 18:14:38.651731,836523,1609507972273041,5572243356,0.804224,0.042944,0.47824,-1.07625,0.62125,-3.36875,-13.392,25.456001,13.480001,none,4,7.0,153201.0,349991.0,247159.0,337776.0,256812.0
2026-04-14 18:14:38.660488,836524,1609507972282031,5572252049,0.804224,0.042944,0.47824,-1.96875,0.1925,-3.15875,-13.392,25.456001,13.480001,none,4,7.0,153201.0,349991.0,247159.0,337776.0,256812.0
2026-04-14 18:14:38.666718,836525,1609507972290986,5572260777,0.8296,0.021472,0.491904,-3.99875,0.35875,-3.4475,-14.936001,26.432001,13.264001,none,4,7.0,153201.0,349991.0,247159.0,337776.0,256812.0
2026-04-14 18:14:38.683050,836526,1609507972305501,5572275698,0.8296,0.021472,0.491904,-5.2325,0.525,-4.7425,-14.936001,26.432001,13.264001,none,4,7.0,153201.0,349991.0,247159.0,337776.0,256812.0
2026-04-14 18:14:38.691366,836527,1609507972314442,5572284408,0.870592,-0.015616,0.482144,-5.1275,1.0325,-5.11875,-13.512001,25.808,13.752001,none,4,7.0,153201.0,349991.0,247159.0,337776.0,256812.0
2026-04-14 18:14:38.731893,836538,1609507972329044,5572299335,0.870592,-0.015616,0.482144,-3.78875,2.24,-4.78625,-13.512001,25.808,13.752001,none,4,7.0,152722.0,349240.0,246621.0,336999.0,256376.0
2026-04-14 18:14:38.735871,836539,1609507972338035,5572308203,0.755424,0.017568,0.314272,-2.73875,2.8875,-4.6375,-13.040001,25.320002,11.816001,none,4,7.0,152722.0,349240.0,246621.0,336999.0,256376.0
2026-04-14 18:14:38.736102,836540,1609507972346987,5572316938,0.755424,0.017568,0.314272,-3.43875,2.59,-4.38375,-13.040001,25.320002,11.816001,none,4,7.0,152722.0,349240.0,246621.0,336999.0,256376.0
2026-04-14 18:14:38.738826,836541,1609507972361557,5572329921,0.767136,0.031232,0.36112,-4.20875,2.3975,-4.78625,-13.184001,25.552002,13.976001,none,4,7.0,152722.0,349240.0,246621.0,336999.0,256376.0
2026-04-14 18:14:38.748016,836542,1609507972370879,5572340750,0.767136,0.017568,0.425536,-4.025,1.68,-6.3525,-13.184001,25.552002,13.976001,none,4,7.0,152722.0,349240.0,246621.0,336999.0,256376.0
2026-04-14 18:14:38.761747,836543,1609507972385365,5572353765,0.79056,0.017568,0.425536,-4.10375,0.98875,-7.53375,-13.888001,25.904001,15.848001,none,4,7.0,152722.0,349240.0,246621.0,336999.0,256376.0
2026-04-14 18:14:38.772770,836544,1609507972394602,5572364580,0.806176,0.03904,0.511424,-4.19125,1.3825,-7.35,-13.920001,26.008001,14.536,none,4,7.0,152722.0,349240.0,246621.0,336999.0,256376.0
2026-04-14 18:14:38.780076,836545,1609507972403522,5572373268,0.806176,0.03904,0.511424,-2.52,2.1175,-7.8925,-13.920001,26.008001,14.536,none,4,7.0,152722.0,349240.0,246621.0,336999.0,256376.0
2026-04-14 18:14:38.799401,836546,1609507972418058,5572388157,0.735904,0.00976,0.232288,-2.10875,3.01875,-9.275,-13.352,25.584002,13.360001,none,4,7.0,152722.0,349240.0,246621.0,336999.0,256376.0
2026-04-14 18:14:38.805303,836547,1609507972426977,5572396793,0.735904,0.00976,0.232288,-4.20875,3.08875,-9.79125,-13.352,25.584002,13.360001,none,4,7.0,152722.0,349240.0,246621.0,336999.0,256376.0
2026-04-14 18:14:38.910645,836558,1609507972441598,5572410045,0.845216,-0.005856,0.44896,-4.445,2.6425,-10.49125,-13.288001,25.800001,13.576,none,4,7.0,153525.0,348403.0,247526.0,336001.0,257233.0
2026-04-14 18:14:38.913114,836559,1609507972450899,5572420825,0.845216,-0.005856,0.44896,-3.12375,1.33,-9.7475,-13.288001,25.800001,13.576,none,4,7.0,153525.0,348403.0,247526.0,336001.0,257233.0
2026-04-14 18:14:38.915642,836560,1609507972465421,5572435723,0.823744,0.003904,0.503616,-1.5225,0.69125,-9.10875,-13.392,25.760002,14.288001,none,4,7.0,153525.0,348403.0,247526.0,336001.0,257233.0
2026-04-14 18:14:38.917669,836561,1609507972474329,5572444432,0.737856,0.062464,0.261568,-0.76125,0.95375,-8.44375,-14.048,25.488,13.688001,none,4,7.0,153525.0,348403.0,247526.0,336001.0,257233.0
2026-04-14 18:14:38.920237,836562,1609507972483251,5572453119,0.737856,0.062464,0.261568,0.49,1.26,-9.23125,-14.048,25.488,13.688001,none,4,7.0,153525.0,348403.0,247526.0,336001.0,257233.0
2026-04-14 18:14:38.924289,836563,1609507972497789,5572468034,0.821792,-0.025376,0.31232,0.56,2.42375,-11.27,-13.088,25.464,13.712001,none,4,7.0,153525.0,348403.0,247526.0,336001.0,257233.0
2026-04-14 18:14:38.925015,836564,1609507972506729,5572476718,0.821792,-0.025376,0.31232,-2.4675,2.77375,-11.66375,-13.088,25.464,13.712001,none,4,7.0,153525.0,348403.0,247526.0,336001.0,257233.0
2026-04-14 18:14:38.930382,836565,1609507972521494,5572491638,0.853024,-0.031232,0.378688,-1.365,2.1525,-11.025,-14.024001,25.44,13.728001,none,4,7.0,153525.0,348403.0,247526.0,336001.0,257233.0
2026-04-14 18:14:38.955158,836576,1609507972530489,5572500345,0.853024,-0.031232,0.378688,1.89,1.35625,-10.73625,-14.024001,25.44,13.728001,none,4,7.0,154883.0,348065.0,248988.0,335475.0,258444.0
2026-04-14 18:14:38.957548,836577,1609507972539479,5572509038,0.755424,0.081984,0.320128,3.7275,1.18125,-10.92875,-13.792001,25.400002,13.52,none,4,7.0,154883.0,348065.0,248988.0,335475.0,258444.0
2026-04-14 18:14:38.960514,836578,1609507972554200,5572523983,0.837408,-0.01952,0.384544,3.24625,1.3475,-12.38125,-14.152,25.424002,15.704,none,4,7.0,154883.0,348065.0,248988.0,335475.0,258444.0
2026-04-14 18:14:38.963022,836579,1609507972563281,5572532761,0.837408,-0.01952,0.384544,1.12875,1.54,-14.096251,-14.152,25.424002,15.704,none,4,7.0,154883.0,348065.0,248988.0,335475.0,258444.0
2026-04-14 18:14:38.965558,836580,1609507972577820,5572547695,0.728096,0.035136,0.402112,1.75875,1.58375,-14.0175,-14.808001,25.376001,15.224001,none,4,7.0,154883.0,348065.0,248988.0,335475.0,258444.0
2026-04-14 18:14:38.967555,836581,1609507972586787,5572556444,0.728096,0.035136,0.402112,4.9,2.70375,-13.25625,-14.808001,25.376001,15.224001,none,4,7.0,154883.0,348065.0,248988.0,335475.0,258444.0
2026-04-14 18:14:38.979292,836582,1609507972601322,5572571363,0.718336,0.025376,0.269376,5.53,3.77125,-12.5125,-14.256001,25.408,14.72,none,4,7.0,154883.0,348065.0,248988.0,335475.0,258444.0
2026-04-14 18:14:38.987665,836583,1609507972610260,5572580093,0.718336,0.025376,0.269376,3.21125,4.41,-11.06875,-14.256001,25.408,14.72,none,4,7.0,154883.0,348065.0,248988.0,335475.0,258444.0
2026-04-14 18:14:38.998190,836584,1609507972619216,5572588789,0.716384,0.0488,0.384544,4.12125,3.1675,-9.555,-14.112,25.112001,14.568001,none,4,7.0,154883.0,348065.0,248988.0,335475.0,258444.0
2026-04-14 18:14:39.033008,836595,1609507972634349,5572603749,0.735904,0.02928,0.232288,8.1375,2.03875,-8.96875,-13.888001,25.112001,14.880001,none,4,7.0,155895.0,346573.0,249995.0,333827.0,259309.0
2026-04-14 18:14:39.035501,836596,1609507972643446,5572612532,0.735904,0.02928,0.232288,11.2,1.2075,-10.535,-13.888001,25.112001,14.880001,none,4,7.0,155895.0,346573.0,249995.0,333827.0,259309.0
2026-04-14 18:14:39.037537,836597,1609507972657972,5572627470,0.685152,0.015616,0.245952,10.4825,1.54875,-11.480001,-15.752001,25.512001,16.024,none,4,7.0,155895.0,346573.0,249995.0,333827.0,259309.0
2026-04-14 18:14:39.043008,836598,1609507972666902,5572636215,0.685152,0.015616,0.245952,6.78125,2.14375,-11.27875,-15.752001,25.512001,16.024,none,4,7.0,155895.0,346573.0,249995.0,333827.0,259309.0
2026-04-14 18:14:39.053091,836599,1609507972675827,5572644964,0.778848,0.044896,0.431392,6.44,2.63375,-9.8875,-15.392001,24.68,15.392001,none,4,7.0,155895.0,346573.0,249995.0,333827.0,259309.0
2026-04-14 18:14:39.068146,836600,1609507972690327,5572659818,0.778848,0.044896,0.431392,8.47,2.8875,-8.58375,-15.392001,24.68,15.392001,none,4,7.0,155895.0,346573.0,249995.0,333827.0,259309.0
2026-04-14 18:14:39.075638,836601,1609507972699296,5572668643,0.735904,0.021472,0.244,8.785,2.94875,-7.88375,-14.256001,24.880001,14.408001,none,4,7.0,155895.0,346573.0,249995.0,333827.0,259309.0
2026-04-14 18:14:39.091891,836602,1609507972713799,5572683543,0.76128,0.02928,0.42944,8.09375,2.1,-8.1025,-14.384001,24.544,16.408,none,4,7.0,155895.0,346573.0,249995.0,333827.0,259309.0
2026-04-14 18:14:39.100644,836603,1609507972722748,5572692234,0.76128,0.02928,0.42944,7.0525,2.0125,-8.54,-14.384001,24.544,16.408,none,4,7.0,155895.0,346573.0,249995.0,333827.0,259309.0
2026-04-14 18:14:39.135500,836614,1609507972737383,5572707484,0.687104,0.03904,0.251808,6.81625,2.45,-8.995,-14.200001,24.424002,14.68,none,4,7.0,155830.0,345119.0,249920.0,332374.0,259315.0
2026-04-14 18:14:39.137543,836615,1609507972746412,5572716190,0.687104,0.03904,0.251808,6.72875,4.01625,-8.54,-14.200001,24.424002,14.68,none,4,7.0,155830.0,345119.0,249920.0,332374.0,259315.0
2026-04-14 18:14:39.140198,836616,1609507972755396,5572724887,0.72224,-0.001952,0.21472,6.1775,5.3025,-6.72875,-14.960001,24.536001,15.224001,none,4,7.0,155830.0,345119.0,249920.0,332374.0,259315.0
2026-04-14 18:14:39.146742,836617,1609507972769967,5572739857,0.72224,-0.001952,0.21472,6.69375,4.9875,-2.38,-14.960001,24.536001,15.224001,none,4,7.0,155830.0,345119.0,249920.0,332374.0,259315.0
2026-04-14 18:14:39.155116,836618,1609507972779055,5572748605,0.665632,0.070272,0.220576,8.61,4.15625,-0.16625,-14.264001,24.448002,14.976001,none,4,7.0,155830.0,345119.0,249920.0,332374.0,259315.0
2026-04-14 18:14:39.170612,836619,1609507972793774,5572763487,0.665632,0.111264,0.484096,7.83125,4.1475,-0.28875,-14.264001,24.448002,14.976001,none,4,7.0,155830.0,345119.0,249920.0,332374.0,259315.0
2026-04-14 18:14:39.181879,836620,1609507972802721,5572772186,0.735904,0.111264,0.484096,4.8825,4.9875,-1.68875,-14.352,24.224,14.56,none,4,7.0,155830.0,345119.0,249920.0,332374.0,259315.0
2026-04-14 18:14:39.187657,836621,1609507972811739,5572780895,0.735904,0.111264,0.484096,1.995,6.29125,-3.19375,-14.352,24.224,14.56,none,4,7.0,155830.0,345119.0,249920.0,332374.0,259315.0
2026-04-14 18:14:39.222982,836622,1609507972826254,5572795806,0.651968,0.040992,0.304512,-0.02625,6.99125,-3.17625,-14.160001,24.552002,16.024,none,4,7.0,155830.0,345119.0,249920.0,332374.0,259315.0
2026-04-14 18:14:39.262558,836633,1609507972835486,5572804547,0.70272,0.01952,0.210816,0.48125,5.985,-0.90125,-14.160001,24.608002,16.136002,none,4,7.0,158143.0,344306.0,252799.0,331608.0,261885.0
2026-04-14 18:14:39.265228,836634,1609507972850031,5572819612,0.70272,0.01952,0.210816,3.14125,4.3925,2.33625,-14.160001,24.608002,16.136002,none,4,7.0,158143.0,344306.0,252799.0,331608.0,261885.0
2026-04-14 18:14:39.267481,836635,1609507972858972,5572828346,0.69296,0.142496,0.454816,2.4325,2.58125,4.43625,-13.968,24.784,15.032001,none,4,7.0,158143.0,344306.0,252799.0,331608.0,261885.0
2026-04-14 18:14:39.270534,836636,1609507972867902,5572837006,0.69296,0.142496,0.454816,1.26,1.42625,3.82375,-13.968,24.784,15.032001,none,4,7.0,158143.0,344306.0,252799.0,331608.0,261885.0
2026-04-14 18:14:39.272595,836637,1609507972882477,5572852032,0.718336,0.064416,0.324032,-2.37125,1.365,2.03875,-13.992001,24.28,15.080001,none,4,7.0,158143.0,344306.0,252799.0,331608.0,261885.0
2026-04-14 18:14:39.275502,836638,1609507972891446,5572860754,0.718336,0.064416,0.324032,-3.56125,1.47,-0.3325,-13.992001,24.28,15.080001,none,4,7.0,158143.0,344306.0,252799.0,331608.0,261885.0
2026-04-14 18:14:39.282759,836639,1609507972906074,5572875712,0.720288,0.040992,0.325984,-0.4725,1.89875,-1.645,-14.176001,24.216002,15.552001,none,4,7.0,158143.0,344306.0,252799.0,331608.0,261885.0
2026-04-14 18:14:39.293146,836640,1609507972915015,5572884412,0.753472,0.005856,0.31232,1.33875,2.1525,-1.3825,-14.176001,24.704,15.984001,none,4,7.0,158143.0,344306.0,252799.0,331608.0,261885.0
2026-04-14 18:14:39.305078,836641,1609507972929690,5572899278,0.753472,0.005856,0.31232,-0.44625,2.205,0.53375,-14.296001,24.704,15.984001,none,4,7.0,158143.0,344306.0,252799.0,331608.0,261885.0
2026-04-14 18:14:39.345703,836652,1609507972938743,5572908151,0.665632,0.111264,0.208864,-2.9225,1.68,1.86375,-14.896001,24.728,16.376001,concentric,4,7.0,152602.0,343542.0,245946.0,330830.0,255508.0
2026-04-14 18:14:39.359376,836653,1609507972947763,5572916851,0.665632,0.111264,0.208864,-3.33375,1.4,0.8925,-14.896001,24.728,16.376001,concentric,4,7.0,152602.0,343542.0,245946.0,330830.0,255508.0
2026-04-14 18:14:39.359480,836654,1609507972962353,5572931788,0.66368,0.105408,0.357216,-3.1325,1.645,-1.365,-14.832001,24.808,15.536001,concentric,4,7.0,152602.0,343542.0,245946.0,330830.0,255508.0
2026-04-14 18:14:39.359548,836655,1609507972971368,5572940485,0.66368,0.105408,0.357216,-4.73375,1.67125,-2.975,-14.832001,24.808,15.536001,concentric,4,7.0,152602.0,343542.0,245946.0,330830.0,255508.0
2026-04-14 18:14:39.363707,836656,1609507972985891,5572955353,0.724192,0.05856,0.445056,-2.625,1.95125,-3.68375,-14.272,24.44,15.472001,concentric,4,7.0,152602.0,343542.0,245946.0,330830.0,255508.0
2026-04-14 18:14:39.369941,836657,1609507972994823,5572964061,0.724192,0.05856,0.413824,1.68875,3.2725,-4.52375,-14.272,24.44,15.472001,concentric,4,7.0,152602.0,343542.0,245946.0,330830.0,255508.0
2026-04-14 18:14:39.379904,836658,1609507973003848,5572972759,0.792512,0.015616,0.413824,2.275,4.55875,-3.52625,-14.096001,24.688002,16.256,concentric,4,7.0,152602.0,343542.0,245946.0,330830.0,255508.0
2026-04-14 18:14:39.395157,836659,1609507973018385,5572987645,0.75152,0.080032,0.318176,0.0,4.4975,-0.455,-14.64,24.728,16.712,concentric,4,7.0,152602.0,343542.0,245946.0,330830.0,255508.0
2026-04-14 18:14:39.405115,836660,1609507973027385,5572996340,0.75152,0.080032,0.318176,1.28625,3.0275,1.26,-14.64,24.728,16.712,concentric,4,7.0,152602.0,343542.0,245946.0,330830.0,255508.0
2026-04-14 18:14:39.436936,836671,1609507973042014,5573011371,0.718336,0.18544,0.540704,2.84375,1.7325,-1.11125,-15.784,25.272001,16.632,concentric,4,7.0,150944.0,343120.0,243753.0,330324.0,253409.0
2026-04-14 18:14:39.439370,836672,1609507973050957,5573020171,0.718336,0.18544,0.540704,2.415,2.7475,-6.22125,-15.784,25.272001,16.632,concentric,4,7.0,150944.0,343120.0,243753.0,330324.0,253409.0
2026-04-14 18:14:39.441421,836673,1609507973060054,5573028876,0.7808,0.017568,0.44896,-0.77875,3.36,-9.0125,-14.104001,24.44,15.296001,concentric,4,7.0,150944.0,343120.0,243753.0,330324.0,253409.0
2026-04-14 18:14:39.471505,836674,1609507973074608,5573043776,0.7808,0.017568,0.44896,0.4725,3.45625,-7.35875,-14.104001,24.44,15.296001,concentric,4,7.0,150944.0,343120.0,243753.0,330324.0,253409.0
2026-04-14 18:14:39.475705,836675,1609507973083674,5573052507,0.708576,0.044896,0.433344,3.45625,2.98375,-1.925,-14.424001,24.36,15.896001,concentric,4,7.0,150944.0,343120.0,243753.0,330324.0,253409.0
2026-04-14 18:14:39.476310,836676,1609507973098139,5573067421,0.679296,0.199104,0.3416,3.6575,4.6025,1.09375,-14.008,24.920002,16.504002,concentric,4,7.0,150944.0,343120.0,243753.0,330324.0,253409.0
2026-04-14 18:14:39.488129,836677,1609507973107043,5573076145,0.679296,0.199104,0.3416,2.3275,6.78125,1.11125,-14.008,24.920002,16.504002,concentric,4,7.0,150944.0,343120.0,243753.0,330324.0,253409.0
2026-04-14 18:14:39.500906,836678,1609507973121554,5573091087,0.691008,0.105408,0.193248,1.26,6.72875,-3.57875,-14.848001,24.6,16.832,concentric,4,7.0,150944.0,343120.0,243753.0,330324.0,253409.0
2026-04-14 18:14:39.506730,836679,1609507973130598,5573099748,0.691008,0.105408,0.193248,4.34,3.85875,-6.0725,-14.848001,24.6,16.832,concentric,4,7.0,150944.0,343120.0,243753.0,330324.0,253409.0
2026-04-14 18:14:39.539370,836690,1609507973139603,5573108490,0.696864,0.0488,0.345504,11.71625,0.875,-6.20375,-14.864,24.648,17.264,concentric,4,7.0,155001.0,342695.0,248659.0,329907.0,257795.0
2026-04-14 18:14:39.541895,836691,1609507973154150,5573123452,0.696864,0.0488,0.345504,14.105001,-0.2275,-4.2875,-14.864,24.648,17.264,concentric,4,7.0,155001.0,342695.0,248659.0,329907.0,257795.0
2026-04-14 18:14:39.544309,836692,1609507973163115,5573132205,0.786656,0.105408,0.525088,9.8,0.5425,-3.08875,-14.888001,24.672,17.352001,concentric,4,7.0,155001.0,342695.0,248659.0,329907.0,257795.0
2026-04-14 18:14:39.554310,836693,1609507973177611,5573147227,0.733952,0.15616,0.169824,4.08625,1.6625,-3.42125,-14.176001,24.6,14.68,concentric,4,7.0,155001.0,342695.0,248659.0,329907.0,257795.0
2026-04-14 18:14:39.581333,836694,1609507973186531,5573155911,0.733952,0.15616,0.169824,1.18125,1.74125,-5.145,-14.176001,24.6,14.68,concentric,4,7.0,155001.0,342695.0,248659.0,329907.0,257795.0
2026-04-14 18:14:39.604175,836695,1609507973201105,5573170896,0.802272,0.08784,0.413824,6.57125,-0.63875,-6.6675,-15.664001,24.856,18.312,concentric,4,7.0,155001.0,342695.0,248659.0,329907.0,257795.0
2026-04-14 18:14:39.606821,836696,1609507973210035,5573179598,0.802272,0.08784,0.413824,16.12625,-4.025,-8.0325,-15.664001,24.856,18.312,concentric,4,7.0,155001.0,342695.0,248659.0,329907.0,257795.0
2026-04-14 18:14:39.608943,836697,1609507973218941,5573188267,0.821792,0.134688,0.388448,19.60875,-5.90625,-8.89875,-16.176,24.264002,18.272001,concentric,4,7.0,155001.0,342695.0,248659.0,329907.0,257795.0
2026-04-14 18:14:39.611829,836698,1609507973233470,5573203277,0.821792,0.134688,0.388448,14.42,-7.805,-10.36875,-16.176,24.264002,18.272001,concentric,4,7.0,155001.0,342695.0,248659.0,329907.0,257795.0
2026-04-14 18:14:39.639348,836709,1609507973242431,5573212063,0.769088,0.181536,0.267424,8.015,-10.9025,-14.42875,-16.6,24.184002,17.640001,concentric,4,7.0,155303.0,342552.0,248798.0,329683.0,257721.0
2026-04-14 18:14:39.641913,836710,1609507973256959,5573227047,0.769088,0.103456,0.503616,8.46125,-14.34125,-17.98125,-16.6,24.184002,17.640001,concentric,4,7.0,155303.0,342552.0,248798.0,329683.0,257721.0
2026-04-14 18:14:39.646920,836711,1609507973265921,5573235735,0.845216,0.103456,0.503616,12.32,-18.17375,-17.19375,-16.2,23.736002,17.032001,concentric,4,7.0,155303.0,342552.0,248798.0,329683.0,257721.0
2026-04-14 18:14:39.658179,836712,1609507973280573,5573250725,0.796416,0.134688,0.37088,21.32375,-19.20625,-14.21875,-16.320002,23.576,17.648,concentric,4,7.0,155303.0,342552.0,248798.0,329683.0,257721.0
2026-04-14 18:14:39.666341,836713,1609507973289515,5573259417,0.796416,0.134688,0.37088,26.2325,-17.9025,-10.92875,-16.320002,23.576,17.648,concentric,4,7.0,155303.0,342552.0,248798.0,329683.0,257721.0
2026-04-14 18:14:39.687591,836714,1609507973298462,5573268099,0.880352,0.206912,0.534848,21.34125,-16.31,-9.14375,-16.952002,23.840002,17.536001,concentric,4,7.0,155303.0,342552.0,248798.0,329683.0,257721.0
2026-04-14 18:14:39.690270,836715,1609507973313010,5573283042,0.880352,0.206912,0.534848,12.39,-14.95375,-8.198751,-16.952002,23.840002,17.536001,concentric,4,7.0,155303.0,342552.0,248798.0,329683.0,257721.0
2026-04-14 18:14:39.699004,836716,1609507973321991,5573291756,0.827648,0.191296,0.374784,6.8425,-14.67375,-8.32125,-16.912,23.696001,16.832,concentric,4,7.0,155303.0,342552.0,248798.0,329683.0,257721.0
2026-04-14 18:14:39.737754,836727,1609507973337124,5573306771,0.827648,0.191296,0.374784,11.08625,-14.55125,-8.61875,-16.912,23.696001,16.832,concentric,4,7.0,149796.0,340638.0,241913.0,327783.0,251426.0
2026-04-14 18:14:39.740339,836728,1609507973346213,5573315538,0.909632,0.113216,0.452864,15.295,-13.16875,-8.72375,-16.008001,23.2,15.112,concentric,4,7.0,149796.0,340638.0,241913.0,327783.0,251426.0
2026-04-14 18:14:39.742740,836729,1609507973355352,5573324298,0.909632,0.113216,0.452864,13.0025,-9.35375,-6.29125,-16.008001,23.2,15.112,concentric,4,7.0,149796.0,340638.0,241913.0,327783.0,251426.0
2026-04-14 18:14:39.747815,836730,1609507973369855,5573339335,0.827648,0.171776,0.310368,7.9975,-4.7425,-4.89125,-17.016,23.176,18.28,concentric,4,7.0,149796.0,340638.0,241913.0,327783.0,251426.0
2026-04-14 18:14:39.756463,836731,1609507973378779,5573348025,0.95648,0.154208,0.242048,4.34875,-3.3775,-4.0075,-17.152,23.472002,18.384,concentric,4,7.0,149796.0,340638.0,241913.0,327783.0,251426.0
2026-04-14 18:14:39.768936,836732,1609507973393290,5573362962,0.95648,0.154208,0.242048,6.44875,-7.44625,-2.94875,-17.152,23.472002,18.384,concentric,4,7.0,149796.0,340638.0,241913.0,327783.0,251426.0
2026-04-14 18:14:39.778937,836733,1609507973402267,5573371678,0.981856,0.1952,0.612928,15.4525,-14.58625,-2.1,-17.376001,23.032001,17.84,concentric,4,7.0,149796.0,340638.0,241913.0,327783.0,251426.0
2026-04-14 18:14:39.787627,836734,1609507973411378,5573380421,0.981856,0.1952,0.612928,18.66375,-15.715,-4.305,-17.376001,23.032001,17.84,concentric,4,7.0,149796.0,340638.0,241913.0,327783.0,251426.0
2026-04-14 18:14:39.802836,836735,1609507973425831,5573395370,0.862784,0.177632,0.41968,9.8525,-10.3075,-6.79875,-18.36,23.304,18.384,concentric,4,7.0,149796.0,340638.0,241913.0,327783.0,251426.0
2026-04-14 18:14:39.811605,836736,1609507973434893,5573404104,0.862784,0.177632,0.41968,-1.995,-3.465,-10.50875,-18.36,23.304,18.384,concentric,4,7.0,149796.0,340638.0,241913.0,327783.0,251426.0
2026-04-14 18:14:39.839039,836747,1609507973449419,5573419073,1.018944,0.134688,0.277184,-1.6625,0.595,-11.64625,-17.136002,22.880001,17.2,concentric,4,7.0,148355.0,339969.0,240381.0,327183.0,250255.0
2026-04-14 18:14:39.841620,836748,1609507973458358,5573427844,0.972096,0.191296,0.318176,6.95625,-3.8675,-7.2625,-17.136002,22.880001,17.224,concentric,4,7.0,148355.0,339969.0,240381.0,327183.0,250255.0
2026-04-14 18:14:39.849432,836749,1609507973473156,5573442796,0.979904,0.191296,0.318176,12.99375,-9.79125,-6.0725,-16.960001,22.064001,17.224,concentric,4,7.0,148355.0,339969.0,240381.0,327183.0,250255.0
2026-04-14 18:14:39.860802,836750,1609507973482130,5573451496,1.06384,0.21472,0.655872,9.695,-11.41,-6.90375,-16.928001,23.096,18.208,concentric,4,7.0,148355.0,339969.0,240381.0,327183.0,250255.0
2026-04-14 18:14:39.868772,836751,1609507973491074,5573460217,1.06384,0.21472,0.655872,-0.6125,-8.21625,-8.636251,-16.928001,23.096,18.208,concentric,4,7.0,148355.0,339969.0,240381.0,327183.0,250255.0
2026-04-14 18:14:39.882714,836752,1609507973505630,5573475130,1.087264,0.132736,0.337696,-3.115,-2.6775,-9.7475,-17.832,22.616001,17.800001,concentric,4,7.0,148355.0,339969.0,240381.0,327183.0,250255.0
2026-04-14 18:14:39.890338,836753,1609507973514558,5573483885,1.087264,0.132736,0.337696,1.575,0.72625,-9.03875,-17.832,22.616001,17.800001,concentric,4,7.0,148355.0,339969.0,240381.0,327183.0,250255.0
2026-04-14 18:14:39.906908,836754,1609507973529111,5573498826,1.057984,0.22448,0.394304,8.575,0.09625,-7.525,-18.248001,22.416,17.104,concentric,4,7.0,148355.0,339969.0,240381.0,327183.0,250255.0
2026-04-14 18:14:39.985542,836765,1609507973538495,5573507904,1.057984,0.22448,0.394304,10.115,-2.8525,-6.6325,-18.248001,22.416,17.104,concentric,4,7.0,151127.0,341701.0,243575.0,328865.0,253015.0
2026-04-14 18:14:39.987646,836766,1609507973547519,5573516686,1.108736,0.158112,0.532896,4.69875,-3.94625,-6.23875,-17.368,22.376001,16.08,concentric,4,7.0,151127.0,341701.0,243575.0,328865.0,253015.0
2026-04-14 18:14:39.990636,836767,1609507973562176,5573531704,1.110688,0.171776,0.542656,-1.04125,-1.89,-5.4075,-17.160002,22.104002,17.368,concentric,4,7.0,151127.0,341701.0,243575.0,328865.0,253015.0
2026-04-14 18:14:39.993144,836768,1609507973571108,5573540398,1.110688,0.171776,0.542656,-2.40625,2.24,-2.7125,-17.160002,22.104002,17.368,concentric,4,7.0,151127.0,341701.0,243575.0,328865.0,253015.0
2026-04-14 18:14:39.995603,836769,1609507973585591,5573555317,1.145824,0.16592,0.300608,3.395,4.27875,0.14,-17.320002,22.248001,17.288,concentric,4,7.0,151127.0,341701.0,243575.0,328865.0,253015.0
2026-04-14 18:14:39.998133,836770,1609507973594546,5573563984,1.145824,0.16592,0.300608,7.11375,1.56625,0.8925,-17.320002,22.248001,17.288,concentric,4,7.0,151127.0,341701.0,243575.0,328865.0,253015.0
2026-04-14 18:14:40.000669,836771,1609507973603619,5573572696,1.09312,0.228384,0.3904,7.5075,-2.10875,-0.2975,-17.496,21.896002,17.488,concentric,4,7.0,151127.0,341701.0,243575.0,328865.0,253015.0
2026-04-14 18:14:40.003080,836772,1609507973618192,5573587590,1.09312,0.228384,0.3904,3.03625,-3.54375,-4.55875,-17.496,21.896002,17.488,concentric,4,7.0,151127.0,341701.0,243575.0,328865.0,253015.0
2026-04-14 18:14:40.005660,836773,1609507973627124,5573596314,1.106784,0.119072,0.41968,-4.13875,-0.9275,-7.65625,-17.608002,22.12,18.256,concentric,4,7.0,151127.0,341701.0,243575.0,328865.0,253015.0
2026-04-14 18:14:40.038925,836784,1609507973641855,5573611321,1.198528,0.16592,0.52704,-2.4675,4.68125,-5.915,-17.216002,21.616001,17.416,concentric,4,7.0,153888.0,343512.0,247253.0,330728.0,256588.0
2026-04-14 18:14:40.041338,836785,1609507973650844,5573620105,1.198528,0.16592,0.52704,5.3025,10.31625,-2.835,-17.216002,21.616001,17.416,concentric,4,7.0,153888.0,343512.0,247253.0,330728.0,256588.0
2026-04-14 18:14:40.046950,836786,1609507973665451,5573635206,1.221952,0.255712,0.60512,7.32375,8.575,-0.16625,-17.992,22.152,19.056002,concentric,4,7.0,153888.0,343512.0,247253.0,330728.0,256588.0
2026-04-14 18:14:40.050496,836787,1609507973674546,5573643997,1.221952,0.255712,0.60512,6.34375,5.425,-1.5575,-17.992,22.152,19.056002,concentric,4,7.0,153888.0,343512.0,247253.0,330728.0,256588.0
2026-04-14 18:14:40.060502,836788,1609507973683545,5573652686,1.208288,0.15616,0.571936,1.225,4.10375,-5.88875,-17.888,22.328001,18.976002,concentric,4,7.0,153888.0,343512.0,247253.0,330728.0,256588.0
2026-04-14 18:14:40.075585,836789,1609507973698029,5573667556,1.208288,0.15616,0.571936,-7.18375,4.515,-8.4,-17.888,22.328001,18.976002,concentric,4,7.0,153888.0,343512.0,247253.0,330728.0,256588.0
2026-04-14 18:14:40.082714,836790,1609507973707116,5573676475,1.155584,0.128832,0.355264,-4.165,7.8225,-6.335,-18.024,21.832,18.784,concentric,4,7.0,153888.0,343512.0,247253.0,330728.0,256588.0
2026-04-14 18:14:40.113186,836791,1609507973721625,5573691420,1.198528,0.203008,0.519232,2.00375,10.955,-2.3275,-16.736,21.624,18.256,concentric,4,7.0,153888.0,343512.0,247253.0,330728.0,256588.0
2026-04-14 18:14:40.115684,836792,1609507973730551,5573700139,1.198528,0.203008,0.519232,4.4275,10.75375,1.1025,-16.736,21.624,18.256,concentric,4,7.0,153888.0,343512.0,247253.0,330728.0,256588.0
2026-04-14 18:14:40.142768,836803,1609507973739579,5573708972,1.198528,0.203008,0.519232,3.01875,10.01,1.37375,-16.736,21.624,18.256,concentric,4,7.0,159431.0,346093.0,253912.0,333191.0,262367.0
2026-04-14 18:14:40.145515,836804,1609507973754169,5573723945,1.167296,0.20496,0.616832,-2.8175,10.115,-1.2775,-17.752,22.192001,21.064001,concentric,4,7.0,159431.0,346093.0,253912.0,333191.0,262367.0
2026-04-14 18:14:40.147524,836805,1609507973763121,5573732667,1.098976,0.158112,0.552416,-8.05875,10.745,-2.45875,-17.864,22.536001,20.048,concentric,4,7.0,159431.0,346093.0,253912.0,333191.0,262367.0
2026-04-14 18:14:40.154203,836806,1609507973777735,5573747620,1.098976,0.158112,0.552416,-6.81625,11.725,-0.02625,-17.864,22.536001,20.048,concentric,4,7.0,159431.0,346093.0,253912.0,333191.0,262367.0
2026-04-14 18:14:40.163013,836807,1609507973786836,5573756324,1.143872,0.152256,0.577792,-2.4325,10.91125,5.13625,-17.368,22.424002,18.328001,concentric,4,7.0,159431.0,346093.0,253912.0,333191.0,262367.0
2026-04-14 18:14:40.179406,836808,1609507973801299,5573771225,1.110688,0.191296,0.460672,-0.2275,7.2625,9.1875,-16.976002,22.28,18.104,concentric,4,7.0,159431.0,346093.0,253912.0,333191.0,262367.0
2026-04-14 18:14:40.189416,836809,1609507973810233,5573779909,1.110688,0.191296,0.460672,0.9975,4.48875,8.61875,-16.976002,22.28,18.104,concentric,4,7.0,159431.0,346093.0,253912.0,333191.0,262367.0
2026-04-14 18:14:40.195669,836810,1609507973819229,5573788624,1.110688,0.191296,0.460672,-2.31,2.19625,6.39625,-16.976002,22.28,18.104,concentric,4,7.0,159431.0,346093.0,253912.0,333191.0,262367.0
2026-04-14 18:14:40.211929,836811,1609507973833740,5573803535,1.048224,0.122976,0.3904,-4.43625,0.3675,6.1075,-15.992001,22.272001,17.904001,concentric,4,7.0,159431.0,346093.0,253912.0,333191.0,262367.0
2026-04-14 18:14:40.238988,836822,1609507973843064,5573812449,1.001376,0.160064,0.421632,-2.17,0.13125,7.72625,-16.216002,22.176,19.208,concentric,4,7.0,160454.0,345698.0,255479.0,332878.0,264044.0
2026-04-14 18:14:40.241847,836823,1609507973857644,5573827367,1.001376,0.160064,0.421632,-0.37625,-0.20125,10.36,-16.216002,22.176,19.208,concentric,4,7.0,160454.0,345698.0,255479.0,332878.0,264044.0
2026-04-14 18:14:40.244351,836824,1609507973866590,5573836105,0.970144,0.208864,0.411872,0.1925,-0.91875,11.90875,-16.288,22.488,19.312,concentric,4,7.0,160454.0,345698.0,255479.0,332878.0,264044.0
2026-04-14 18:14:40.252760,836825,1609507973875604,5573844936,0.970144,0.208864,0.411872,0.98,-1.04125,10.386251,-16.288,22.488,19.312,concentric,4,7.0,160454.0,345698.0,255479.0,332878.0,264044.0
2026-04-14 18:14:40.267744,836826,1609507973890158,5573859860,0.894016,0.167872,0.423584,-0.35875,-0.44625,8.28625,-16.464,22.504002,17.904001,concentric,4,7.0,160454.0,345698.0,255479.0,332878.0,264044.0
2026-04-14 18:14:40.278168,836827,1609507973899112,5573868590,0.894016,0.167872,0.423584,-0.9975,0.56875,7.35,-16.464,22.504002,17.904001,concentric,4,7.0,160454.0,345698.0,255479.0,332878.0,264044.0
2026-04-14 18:14:40.290688,836828,1609507973913652,5573883510,0.987712,0.113216,0.407968,-0.70875,1.88125,7.48125,-15.736001,22.304,18.536001,concentric,4,7.0,160454.0,345698.0,255479.0,332878.0,264044.0
2026-04-14 18:14:40.318226,836829,1609507973922624,5573892232,0.96624,0.15616,0.447008,0.6825,2.4325,10.92,-15.416,22.432001,17.488,concentric,4,7.0,160454.0,345698.0,255479.0,332878.0,264044.0
2026-04-14 18:14:40.318851,836830,1609507973937152,5573907182,0.96624,0.15616,0.447008,1.44375,1.05875,14.105001,-15.416,22.432001,17.488,concentric,4,7.0,160454.0,345698.0,255479.0,332878.0,264044.0
2026-04-14 18:14:40.368909,836841,1609507973946177,5573915906,0.89792,0.222528,0.402112,2.8175,0.14875,14.0175,-16.128,22.76,20.208,concentric,4,7.0,160129.0,345317.0,254825.0,332294.0,263326.0
2026-04-14 18:14:40.374429,836842,1609507973955174,5573924677,0.89792,0.222528,0.402112,1.98625,-0.58625,11.45375,-16.128,22.76,20.208,concentric,4,7.0,160129.0,345317.0,254825.0,332294.0,263326.0
2026-04-14 18:14:40.376912,836843,1609507973969759,5573939626,0.866688,0.171776,0.462624,-2.05625,1.09375,7.81375,-16.896,23.176,19.960001,concentric,4,7.0,160129.0,345317.0,254825.0,332294.0,263326.0
2026-04-14 18:14:40.379309,836844,1609507973978722,5573948364,0.866688,0.171776,0.462624,-4.55,3.9025,6.3,-16.896,23.176,19.960001,concentric,4,7.0,160129.0,345317.0,254825.0,332294.0,263326.0
2026-04-14 18:14:40.381534,836845,1609507973993495,5573963357,0.892064,0.083936,0.271328,-4.38375,4.55,7.4725,-16.984001,23.488,19.768002,concentric,4,7.0,160129.0,345317.0,254825.0,332294.0,263326.0
2026-04-14 18:14:40.384415,836846,1609507974002448,5573972073,0.884256,0.189344,0.534848,-1.00625,3.40375,11.73375,-15.808001,22.912,19.488,concentric,4,7.0,160129.0,345317.0,254825.0,332294.0,263326.0
2026-04-14 18:14:40.387733,836847,1609507974011386,5573980762,0.884256,0.189344,0.534848,1.21625,1.11125,13.448751,-15.808001,22.912,19.488,concentric,4,7.0,160129.0,345317.0,254825.0,332294.0,263326.0
2026-04-14 18:14:40.404274,836848,1609507974026019,5573995858,0.85888,0.179584,0.577792,0.28875,-0.51625,12.95875,-14.488001,22.992,17.832,concentric,4,7.0,160129.0,345317.0,254825.0,332294.0,263326.0
2026-04-14 18:14:40.412811,836849,1609507974034970,5574004583,0.85888,0.179584,0.577792,-3.6225,-0.7875,11.6025,-14.488001,22.992,17.832,concentric,4,7.0,160129.0,345317.0,254825.0,332294.0,263326.0
2026-04-14 18:14:40.441466,836860,1609507974049599,5574019600,0.81008,0.113216,0.222528,-7.4375,-0.84875,11.235,-14.728001,22.832,19.064001,concentric,4,7.0,157439.0,344356.0,251829.0,331449.0,260967.0
2026-04-14 18:14:40.443953,836861,1609507974058594,5574028354,0.81008,0.113216,0.222528,-5.6875,-0.90125,11.4625,-14.728001,22.832,19.064001,concentric,4,7.0,157439.0,344356.0,251829.0,331449.0,260967.0
2026-04-14 18:14:40.446486,836862,1609507974067598,5574037041,0.796416,0.163968,0.40016,-1.95125,-3.675,14.0525,-15.272,22.896002,19.048,concentric,4,7.0,157439.0,344356.0,251829.0,331449.0,260967.0
2026-04-14 18:14:40.459019,836863,1609507974082104,5574052007,0.796416,0.163968,0.52704,0.21875,-7.21875,14.46375,-15.272,22.896002,19.048,concentric,4,7.0,157439.0,344356.0,251829.0,331449.0,260967.0
2026-04-14 18:14:40.469138,836864,1609507974091096,5574060708,0.81984,0.177632,0.52704,-0.41125,-8.12,12.46,-14.504001,22.832,18.160002,concentric,4,7.0,157439.0,344356.0,251829.0,331449.0,260967.0
2026-04-14 18:14:40.482901,836865,1609507974105596,5574075715,0.823744,0.076128,0.372832,-5.10125,-6.25625,10.84125,-13.816001,22.68,17.68,concentric,4,7.0,157439.0,344356.0,251829.0,331449.0,260967.0
2026-04-14 18:14:40.491628,836866,1609507974114580,5574084446,0.823744,0.076128,0.372832,-8.295,-4.8475,10.29,-13.816001,22.68,17.68,concentric,4,7.0,157439.0,344356.0,251829.0,331449.0,260967.0
2026-04-14 18:14:40.507861,836867,1609507974129067,5574099317,0.804224,0.134688,0.486048,-8.015,-3.1675,10.84125,-13.848001,22.752,17.712,concentric,4,7.0,157439.0,344356.0,251829.0,331449.0,260967.0
2026-04-14 18:14:40.517681,836868,1609507974138133,5574108067,0.804224,0.134688,0.486048,-6.7725,-1.51375,11.7075,-13.848001,22.752,17.712,concentric,4,7.0,157439.0,344356.0,251829.0,331449.0,260967.0
2026-04-14 18:14:40.542713,836879,1609507974147310,5574116851,0.76128,0.076128,0.25376,-7.81375,-2.05625,14.07,-14.424001,23.344002,18.848001,concentric,4,7.0,156915.0,344813.0,251583.0,332034.0,260864.0
2026-04-14 18:14:40.545256,836880,1609507974161870,5574131746,0.76128,0.076128,0.25376,-8.56625,-2.3275,14.455,-14.424001,23.344002,18.848001,concentric,4,7.0,156915.0,344813.0,251583.0,332034.0,260864.0
2026-04-14 18:14:40.547615,836881,1609507974170810,5574140448,0.706624,0.132736,0.300608,-8.42625,-2.2575,13.20375,-15.064001,23.624,18.008001,concentric,4,7.0,156915.0,344813.0,251583.0,332034.0,260864.0
2026-04-14 18:14:40.564103,836882,1609507974185429,5574155360,0.81984,0.0976,0.472384,-9.52,-2.40625,12.5475,-13.464001,23.272001,17.288,concentric,4,7.0,156915.0,344813.0,251583.0,332034.0,260864.0
2026-04-14 18:14:40.571511,836883,1609507974194448,5574164080,0.81984,0.0976,0.472384,-11.48875,-1.89875,12.8625,-13.464001,23.272001,17.288,concentric,4,7.0,156915.0,344813.0,251583.0,332034.0,260864.0
2026-04-14 18:14:40.579099,836884,1609507974203460,5574172797,0.823744,0.070272,0.42944,-11.97875,-0.83125,12.83625,-13.464001,23.272001,17.256,concentric,4,7.0,156915.0,344813.0,251583.0,332034.0,260864.0
2026-04-14 18:14:40.595333,836885,1609507974217970,5574187707,0.823744,0.070272,0.42944,-11.52375,-1.47,12.39,-13.648001,23.12,17.256,concentric,4,7.0,156915.0,344813.0,251583.0,332034.0,260864.0
2026-04-14 18:14:40.604183,836886,1609507974226909,5574196395,0.714432,0.130784,0.425536,-9.3975,-2.3975,10.87625,-13.288001,23.304,17.824001,concentric,4,7.0,156915.0,344813.0,251583.0,332034.0,260864.0
2026-04-14 18:14:40.646867,836897,1609507974241452,5574211809,0.714432,0.130784,0.425536,-9.59,-3.84125,9.10875,-13.288001,23.304,17.824001,eccentric,4,7.0,158323.0,346441.0,253518.0,333571.0,262557.0
2026-04-14 18:14:40.654580,836898,1609507974250530,5574220578,0.79056,0.072224,0.447008,-10.49125,-4.05125,6.95625,-13.632001,23.776001,17.808,eccentric,4,7.0,158323.0,346441.0,253518.0,333571.0,262557.0
2026-04-14 18:14:40.654721,836899,1609507974265134,5574233545,0.732,0.003904,0.247904,-12.6875,-3.84125,6.615,-13.840001,23.472002,18.536001,eccentric,4,7.0,158323.0,346441.0,253518.0,333571.0,262557.0
2026-04-14 18:14:40.655117,836900,1609507974274440,5574244363,0.732,0.003904,0.247904,-12.92375,-4.41875,8.88125,-13.840001,23.472002,18.536001,eccentric,4,7.0,158323.0,346441.0,253518.0,333571.0,262557.0
2026-04-14 18:14:40.707818,836901,1609507974283478,5574253075,0.732,0.003904,0.466528,-11.4975,-4.3575,11.10375,-13.840001,23.472002,18.536001,eccentric,4,7.0,158323.0,346441.0,253518.0,333571.0,262557.0
2026-04-14 18:14:40.712909,836902,1609507974297984,5574268028,0.749568,0.072224,0.460672,-11.9875,-3.14125,11.62875,-12.696001,23.864,16.576,eccentric,4,7.0,158323.0,346441.0,253518.0,333571.0,262557.0
2026-04-14 18:14:40.713013,836903,1609507974307029,5574276728,0.679296,0.064416,0.169824,-14.7875,-2.05625,11.34875,-12.784,23.528002,16.472,eccentric,4,7.0,158323.0,346441.0,253518.0,333571.0,262557.0
2026-04-14 18:14:40.715597,836904,1609507974321503,5574291603,0.679296,0.064416,0.169824,-16.765,-0.9975,10.22,-12.784,23.528002,16.472,eccentric,4,7.0,158323.0,346441.0,253518.0,333571.0,262557.0
2026-04-14 18:14:40.717638,836905,1609507974330422,5574300290,0.69296,0.015616,0.218624,-16.73875,-1.63625,9.05625,-12.216001,24.256,16.392,eccentric,4,7.0,158323.0,346441.0,253518.0,333571.0,262557.0
2026-04-14 18:14:40.720219,836906,1609507974339371,5574308980,0.69296,0.015616,0.218624,-12.915,-4.68125,8.30375,-12.216001,24.256,16.392,eccentric,4,7.0,158323.0,346441.0,253518.0,333571.0,262557.0
2026-04-14 18:14:40.772724,836917,1609507974354115,5574323970,0.612928,0.037088,0.197152,-9.345,-5.57375,6.95625,-12.488001,24.080002,16.152,eccentric,4,7.0,156320.0,347615.0,251446.0,334882.0,260731.0
2026-04-14 18:14:40.775308,836918,1609507974363038,5574332708,0.612928,0.037088,0.197152,-10.9375,-5.06625,7.28,-12.488001,24.080002,16.152,eccentric,4,7.0,156320.0,347615.0,251446.0,334882.0,260731.0
2026-04-14 18:14:40.777819,836919,1609507974377536,5574347589,0.581696,0.046848,0.28304,-14.83125,-4.50625,7.35875,-12.568001,24.176,16.984001,eccentric,4,7.0,156320.0,347615.0,251446.0,334882.0,260731.0
2026-04-14 18:14:40.780348,836920,1609507974386538,5574356374,0.591456,0.070272,0.177632,-16.1175,-4.10375,7.2275,-12.456,24.456001,16.784,eccentric,4,7.0,156320.0,347615.0,251446.0,334882.0,260731.0
2026-04-14 18:14:40.782801,836921,1609507974401079,5574371336,0.591456,0.070272,0.177632,-14.2275,-3.73625,5.46875,-12.456,24.456001,16.784,eccentric,4,7.0,156320.0,347615.0,251446.0,334882.0,260731.0
2026-04-14 18:14:40.787658,836922,1609507974410072,5574380084,0.640256,-0.017568,0.20496,-12.24125,-4.22625,4.03375,-12.480001,23.920002,16.864,eccentric,4,7.0,156320.0,347615.0,251446.0,334882.0,260731.0
2026-04-14 18:14:40.796580,836923,1609507974419158,5574388782,0.640256,-0.017568,0.20496,-12.25,-6.23875,2.4675,-12.480001,23.920002,16.864,eccentric,4,7.0,156320.0,347615.0,251446.0,334882.0,260731.0
2026-04-14 18:14:40.813924,836924,1609507974433683,5574403740,0.622688,-0.013664,0.20496,-11.12125,-6.09,2.0475,-13.120001,24.936,17.064001,eccentric,4,7.0,156320.0,347615.0,251446.0,334882.0,260731.0
2026-04-14 18:14:40.842845,836935,1609507974442673,5574412874,0.622688,-0.013664,0.20496,-11.68125,-3.49125,1.42625,-13.120001,24.936,17.064001,eccentric,4,7.0,150675.0,348537.0,244896.0,335931.0,254606.0
2026-04-14 18:14:40.845370,836936,1609507974457389,5574425886,0.61488,-0.005856,0.187392,-14.542501,-2.09125,1.575,-13.264001,24.376001,15.760001,eccentric,4,7.0,150675.0,348537.0,244896.0,335931.0,254606.0
2026-04-14 18:14:40.847727,836937,1609507974466749,5574436653,0.646112,-0.007808,0.388448,-16.695,-1.09375,3.7275,-13.312,25.000002,15.632001,eccentric,4,7.0,150675.0,348537.0,244896.0,335931.0,254606.0
2026-04-14 18:14:40.852849,836938,1609507974475776,5574445363,0.646112,-0.007808,0.388448,-16.03,-0.98,6.685,-13.312,25.000002,15.632001,eccentric,4,7.0,150675.0,348537.0,244896.0,335931.0,254606.0
2026-04-14 18:14:40.867778,836939,1609507974490293,5574460274,0.708576,-0.03904,0.275232,-12.62625,-0.97125,8.05,-12.112,24.552002,15.528001,eccentric,4,7.0,150675.0,348537.0,244896.0,335931.0,254606.0
2026-04-14 18:14:40.876928,836940,1609507974499490,5574468988,0.708576,-0.03904,0.275232,-9.37125,-1.1725,7.455,-12.112,24.552002,15.528001,eccentric,4,7.0,150675.0,348537.0,244896.0,335931.0,254606.0
2026-04-14 18:14:40.890655,836941,1609507974514007,5574483918,0.716384,-0.021472,0.28304,-9.0475,-3.01,6.7025,-11.832001,24.656002,15.416,eccentric,4,7.0,150675.0,348537.0,244896.0,335931.0,254606.0
2026-04-14 18:14:40.901795,836942,1609507974522983,5574492622,0.716384,-0.021472,0.28304,-9.73875,-4.8825,5.565,-11.832001,24.656002,15.416,eccentric,4,7.0,150675.0,348537.0,244896.0,335931.0,254606.0
2026-04-14 18:14:40.913117,836943,1609507974531943,5574501491,0.659776,-0.003904,0.3416,-8.5575,-6.4575,6.4575,-12.728001,25.008001,15.616001,eccentric,4,7.0,150675.0,348537.0,244896.0,335931.0,254606.0
2026-04-14 18:14:40.943118,836954,1609507974546604,5574516539,0.757376,-0.035136,0.365024,-7.41125,-8.4,8.1375,-11.736001,24.944,14.400001,eccentric,4,7.0,151253.0,351083.0,245736.0,338361.0,255386.0
2026-04-14 18:14:40.945304,836955,1609507974555928,5574525347,0.757376,-0.035136,0.365024,-8.61,-8.39125,9.70375,-11.736001,24.944,14.400001,eccentric,4,7.0,151253.0,351083.0,245736.0,338361.0,255386.0
2026-04-14 18:14:40.948094,836956,1609507974570474,5574540349,0.687104,0.027328,0.40016,-10.63125,-8.3475,10.29875,-12.368001,25.024002,16.168001,eccentric,4,7.0,151253.0,351083.0,245736.0,338361.0,255386.0
2026-04-14 18:14:40.956869,836957,1609507974579483,5574549071,0.687104,0.027328,0.40016,-10.823751,-8.75,7.97125,-12.368001,25.024002,16.168001,eccentric,4,7.0,151253.0,351083.0,245736.0,338361.0,255386.0
2026-04-14 18:14:40.964411,836958,1609507974588431,5574557872,0.667584,0.0,0.201056,-10.63125,-9.17,5.46,-11.824,25.176,15.824,eccentric,4,7.0,151253.0,351083.0,245736.0,338361.0,255386.0
2026-04-14 18:14:40.979410,836959,1609507974602946,5574572786,0.667584,0.0,0.201056,-10.14125,-8.47,2.8,-11.824,25.176,15.824,eccentric,4,7.0,151253.0,351083.0,245736.0,338361.0,255386.0
2026-04-14 18:14:40.990661,836960,1609507974611874,5574581488,0.67344,-0.052704,0.275232,-10.7975,-8.05,1.89,-11.872001,25.528002,16.104,eccentric,4,7.0,151253.0,351083.0,245736.0,338361.0,255386.0
2026-04-14 18:14:41.006460,836961,1609507974626387,5574596392,0.706624,-0.080032,0.324032,-13.18625,-7.77,3.29875,-11.872001,25.584002,13.392,eccentric,4,7.0,151253.0,351083.0,245736.0,338361.0,255386.0
2026-04-14 18:14:41.013018,836962,1609507974635412,5574605071,0.706624,-0.080032,0.324032,-15.16375,-7.3325,6.93875,-12.496,25.584002,13.392,eccentric,4,7.0,151253.0,351083.0,245736.0,338361.0,255386.0
2026-04-14 18:14:41.085769,836973,1609507974649983,5574620311,0.77104,-0.054656,0.290848,-15.715,-7.245,9.33625,-11.912001,25.176,14.928,eccentric,4,7.0,149200.0,352048.0,243379.0,339351.0,253177.0
2026-04-14 18:14:41.087587,836974,1609507974658992,5574629009,0.77104,-0.054656,0.290848,-13.877501,-7.00875,9.1525,-11.912001,25.176,14.928,eccentric,4,7.0,149200.0,352048.0,243379.0,339351.0,253177.0
2026-04-14 18:14:41.090128,836975,1609507974668085,5574637705,0.700768,-0.060512,0.191296,-10.85875,-6.64125,6.85125,-11.68,25.320002,15.840001,eccentric,4,7.0,149200.0,352048.0,243379.0,339351.0,253177.0
2026-04-14 18:14:41.092913,836976,1609507974682578,5574652613,0.700768,-0.060512,0.191296,-8.925,-7.06125,5.5825,-11.68,25.320002,15.840001,eccentric,4,7.0,149200.0,352048.0,243379.0,339351.0,253177.0
2026-04-14 18:14:41.095022,836977,1609507974691490,5574661311,0.821792,-0.130784,0.445056,-7.98875,-7.1925,7.07,-11.544001,25.44,14.736001,eccentric,4,7.0,149200.0,352048.0,243379.0,339351.0,253177.0
2026-04-14 18:14:41.097913,836978,1609507974706174,5574676271,0.821792,-0.130784,0.42944,-8.5225,-5.7925,10.115,-11.544001,25.44,14.736001,eccentric,4,7.0,149200.0,352048.0,243379.0,339351.0,253177.0
2026-04-14 18:14:41.100318,836979,1609507974715162,5574684968,0.804224,-0.064416,0.431392,-9.555,-4.7775,13.50125,-11.304001,25.464,14.656001,eccentric,4,7.0,149200.0,352048.0,243379.0,339351.0,253177.0
2026-04-14 18:14:41.110306,836980,1609507974729714,5574699983,0.853024,-0.056608,0.32208,-9.8875,-4.2875,15.155,-11.432,25.528002,14.728001,eccentric,4,7.0,149200.0,352048.0,243379.0,339351.0,253177.0
2026-04-14 18:14:41.116557,836981,1609507974738652,5574708771,0.853024,-0.056608,0.32208,-8.84625,-4.9525,14.56,-11.432,25.528002,14.728001,eccentric,4,7.0,149200.0,352048.0,243379.0,339351.0,253177.0
2026-04-14 18:14:41.144097,836992,1609507974747829,5574717602,0.7808,-0.099552,0.160064,-6.58,-5.76625,12.81,-12.376,26.368002,15.504001,eccentric,4,7.0,149707.0,352834.0,244279.0,340177.0,253987.0
2026-04-14 18:14:41.146358,836993,1609507974762378,5574732546,0.7808,-0.099552,0.160064,-5.8625,-7.23625,10.75375,-12.376,26.368002,15.504001,eccentric,4,7.0,149707.0,352834.0,244279.0,340177.0,253987.0
2026-04-14 18:14:41.148975,836994,1609507974771332,5574741271,0.782752,-0.080032,0.255712,-5.39875,-8.53125,9.31875,-12.168,26.12,15.456,eccentric,4,7.0,149707.0,352834.0,244279.0,340177.0,253987.0
2026-04-14 18:14:41.164093,836995,1609507974785817,5574756171,0.782752,-0.080032,0.255712,-5.6525,-8.70625,8.155,-12.168,26.12,15.456,eccentric,4,7.0,149707.0,352834.0,244279.0,340177.0,253987.0
2026-04-14 18:14:41.171505,836996,1609507974794747,5574764865,0.899872,-0.062464,0.452864,-6.09,-9.0125,6.86,-11.208,25.776001,15.776001,eccentric,4,7.0,149707.0,352834.0,244279.0,340177.0,253987.0
2026-04-14 18:14:41.181547,836997,1609507974803694,5574773558,0.899872,-0.062464,0.452864,-6.85125,-9.5375,5.66125,-11.208,25.776001,15.776001,eccentric,4,7.0,149707.0,352834.0,244279.0,340177.0,253987.0
2026-04-14 18:14:41.192552,836998,1609507974818220,5574786610,0.88816,-0.115168,0.343552,-7.21875,-7.83125,4.36625,-11.984,26.296001,14.56,eccentric,4,7.0,149707.0,352834.0,244279.0,340177.0,253987.0
2026-04-14 18:14:41.204106,836999,1609507974827510,5574797400,0.825696,-0.095648,0.33184,-6.2125,-5.215,3.4475,-11.984,26.296001,14.336,eccentric,4,7.0,149707.0,352834.0,244279.0,340177.0,253987.0
2026-04-14 18:14:41.221271,837000,1609507974842182,5574812308,0.812032,-0.095648,0.33184,-5.285,-2.6075,2.7125,-11.176001,25.944002,14.336,eccentric,4,7.0,149707.0,352834.0,244279.0,340177.0,253987.0
2026-04-14 18:14:41.249092,837011,1609507974851237,5574821056,0.89792,-0.0976,0.493856,-6.2825,0.0,2.68625,-11.008,25.920002,14.328001,eccentric,4,7.0,150519.0,354859.0,245256.0,342060.0,254759.0
2026-04-14 18:14:41.251596,837012,1609507974860382,5574829814,0.89792,-0.0976,0.493856,-6.67625,2.3975,3.45625,-11.008,25.920002,14.328001,eccentric,4,7.0,150519.0,354859.0,245256.0,342060.0,254759.0
2026-04-14 18:14:41.254117,837013,1609507974874904,5574844851,0.872544,-0.085888,0.407968,-6.2475,4.095,4.08625,-10.952001,25.952002,14.272,eccentric,4,7.0,150519.0,354859.0,245256.0,342060.0,254759.0
2026-04-14 18:14:41.260348,837014,1609507974883837,5574853583,0.872544,-0.085888,0.407968,-6.15125,4.90875,4.06875,-10.952001,25.952002,14.272,eccentric,4,7.0,150519.0,354859.0,245256.0,342060.0,254759.0
2026-04-14 18:14:41.276411,837015,1609507974898342,5574868498,0.860832,-0.093696,0.406016,-6.60625,6.18625,2.89625,-10.728001,26.016,14.016001,eccentric,4,7.0,150519.0,354859.0,245256.0,342060.0,254759.0
2026-04-14 18:14:41.284772,837016,1609507974907303,5574877241,0.860832,-0.093696,0.406016,-8.4875,7.7175,0.88375,-10.728001,26.016,14.016001,eccentric,4,7.0,150519.0,354859.0,245256.0,342060.0,254759.0
2026-04-14 18:14:41.299225,837017,1609507974921801,5574892142,0.899872,-0.121024,0.353312,-10.3425,8.35625,-0.27125,-10.712001,26.2,13.584001,eccentric,4,7.0,150519.0,354859.0,245256.0,342060.0,254759.0
2026-04-14 18:14:41.308155,837018,1609507974930923,5574900854,0.890112,-0.10736,0.433344,-8.7675,7.14,-0.8575,-10.72,26.488,14.168,eccentric,4,7.0,150519.0,354859.0,245256.0,342060.0,254759.0
2026-04-14 18:14:41.320745,837019,1609507974939866,5574909564,0.890112,-0.10736,0.433344,-5.635,5.39875,-1.225,-10.72,26.488,14.168,eccentric,4,7.0,150519.0,354859.0,245256.0,342060.0,254759.0
2026-04-14 18:14:41.348161,837030,1609507974954416,5574924556,0.870592,-0.10736,0.470432,-4.50625,3.82375,-1.295,-11.320001,26.616001,15.184001,eccentric,4,7.0,156193.0,356778.0,251941.0,343584.0,260880.0
2026-04-14 18:14:41.350662,837031,1609507974963356,5574933343,0.870592,-0.10736,0.470432,-5.53875,3.2375,-0.56,-11.320001,26.616001,15.184001,eccentric,4,7.0,156193.0,356778.0,251941.0,343584.0,260880.0
2026-04-14 18:14:41.354282,837032,1609507974977867,5574946265,0.843264,-0.07808,0.42944,-6.95625,3.54375,-0.23625,-11.88,26.824001,14.952001,eccentric,4,7.0,156193.0,356778.0,251941.0,343584.0,260880.0
2026-04-14 18:14:41.365658,837033,1609507974987342,5574957050,0.843264,-0.07808,0.42944,-6.8775,3.885,-0.7175,-11.88,26.824001,14.952001,eccentric,4,7.0,156193.0,356778.0,251941.0,343584.0,260880.0
2026-04-14 18:14:41.393914,837034,1609507974996287,5574965757,0.81984,-0.095648,0.294752,-4.50625,2.89625,-2.33625,-11.448001,26.752,14.928,eccentric,4,7.0,156193.0,356778.0,251941.0,343584.0,260880.0
2026-04-14 18:14:41.418018,837035,1609507975010777,5574980674,0.843264,-0.099552,0.44896,-2.0475,1.5925,-3.6925,-10.856001,26.456001,13.840001,eccentric,4,7.0,156193.0,356778.0,251941.0,343584.0,260880.0
2026-04-14 18:14:41.443228,837036,1609507975019724,5574989356,0.843264,-0.099552,0.44896,-1.46125,1.5575,-4.31375,-10.856001,26.456001,13.840001,eccentric,4,7.0,156193.0,356778.0,251941.0,343584.0,260880.0
2026-04-14 18:14:41.445674,837037,1609507975034227,5575004229,0.831552,-0.103456,0.45872,-3.045,2.12625,-3.92875,-10.896001,26.192001,13.928,eccentric,4,7.0,156193.0,356778.0,251941.0,343584.0,260880.0
2026-04-14 18:14:41.453197,837038,1609507975043155,5575012922,0.831552,-0.103456,0.45872,-3.87625,3.47375,-2.2575,-10.896001,26.192001,13.928,eccentric,4,7.0,156193.0,356778.0,251941.0,343584.0,260880.0
2026-04-14 18:14:41.481432,837049,1609507975057689,5575027830,0.804224,-0.083936,0.32208,-2.485,6.195,-2.2225,-10.712001,26.232,13.960001,eccentric,4,7.0,157313.0,357060.0,253153.0,343704.0,261958.0
2026-04-14 18:14:41.483375,837050,1609507975066634,5575036507,0.804224,-0.083936,0.32208,-1.07625,8.5225,-3.05375,-10.712001,26.232,13.960001,eccentric,4,7.0,157313.0,357060.0,253153.0,343704.0,261958.0
2026-04-14 18:14:41.485432,837051,1609507975075618,5575045248,0.792512,-0.091744,0.325984,0.74375,8.82875,-3.94625,-10.536,26.216002,14.040001,eccentric,4,7.0,157313.0,357060.0,253153.0,343704.0,261958.0
2026-04-14 18:14:41.487391,837052,1609507975090119,5575060212,0.778848,-0.115168,0.247904,2.6775,8.12,-5.34625,-10.792001,26.416,14.776001,eccentric,4,7.0,157313.0,357060.0,253153.0,343704.0,261958.0
2026-04-14 18:14:41.490049,837053,1609507975099257,5575068970,0.778848,-0.115168,0.247904,1.72375,7.51625,-4.97,-10.792001,26.416,14.776001,eccentric,4,7.0,157313.0,357060.0,253153.0,343704.0,261958.0
2026-04-14 18:14:41.492473,837054,1609507975113863,5575083923,0.767136,-0.085888,0.365024,0.63875,8.11125,-4.85625,-10.304001,26.176,13.824,eccentric,4,7.0,157313.0,357060.0,253153.0,343704.0,261958.0
2026-04-14 18:14:41.499280,837055,1609507975122797,5575092744,0.767136,-0.085888,0.365024,-0.49,8.6275,-5.2675,-10.304001,26.176,13.824,eccentric,4,7.0,157313.0,357060.0,253153.0,343704.0,261958.0
2026-04-14 18:14:41.509362,837056,1609507975131896,5575101462,0.774944,-0.101504,0.228384,-0.84,9.1175,-5.83625,-10.960001,26.6,15.152,eccentric,4,7.0,157313.0,357060.0,253153.0,343704.0,261958.0
2026-04-14 18:14:41.549466,837067,1609507975146538,5575116910,0.774944,-0.101504,0.228384,0.76125,8.68875,-7.48125,-10.960001,26.6,15.152,eccentric,4,7.0,157810.0,356986.0,253722.0,343556.0,262574.0
2026-04-14 18:14:41.551949,837068,1609507975155628,5575125678,0.831552,-0.101504,0.437248,3.05375,7.1225,-9.0475,-10.592001,26.392002,14.616001,eccentric,4,7.0,157810.0,356986.0,253722.0,343556.0,262574.0
2026-04-14 18:14:41.554053,837069,1609507975170194,5575138584,0.763232,-0.10736,0.238144,3.255,6.18625,-10.96375,-11.232,26.512001,17.480001,eccentric,4,7.0,157810.0,356986.0,253722.0,343556.0,262574.0
2026-04-14 18:14:41.558127,837070,1609507975179435,5575149357,0.763232,-0.10736,0.238144,3.01875,5.32875,-11.13,-11.232,26.512001,17.480001,eccentric,4,7.0,157810.0,356986.0,253722.0,343556.0,262574.0
2026-04-14 18:14:41.567909,837071,1609507975188418,5575158130,0.763232,-0.10736,0.238144,3.0625,4.36625,-11.90875,-11.232,26.512001,17.480001,eccentric,4,7.0,157810.0,356986.0,253722.0,343556.0,262574.0
2026-04-14 18:14:41.580299,837072,1609507975202961,5575173053,0.735904,-0.083936,0.27328,2.82625,3.50875,-13.0025,-10.64,25.888,13.976001,eccentric,4,7.0,157810.0,356986.0,253722.0,343556.0,262574.0
2026-04-14 18:14:41.588826,837073,1609507975211990,5575181744,0.782752,-0.103456,0.26352,2.0125,3.5875,-13.11625,-10.744,25.872002,14.088,eccentric,4,7.0,157810.0,356986.0,253722.0,343556.0,262574.0
2026-04-14 18:14:41.604979,837074,1609507975226485,5575196668,0.782752,-0.103456,0.26352,2.24,3.99,-13.886251,-10.744,25.872002,14.088,eccentric,4,7.0,157810.0,356986.0,253722.0,343556.0,262574.0
2026-04-14 18:14:41.612930,837075,1609507975235379,5575205369,0.778848,-0.076128,0.386496,2.58125,3.87625,-15.0325,-10.736,25.744001,14.112,eccentric,4,7.0,157810.0,356986.0,253722.0,343556.0,262574.0
2026-04-14 18:14:41.650124,837086,1609507975250493,5575220367,0.747616,-0.0976,0.255712,3.4125,5.075,-16.21375,-10.736,25.896002,13.328001,eccentric,4,7.0,159102.0,357151.0,255126.0,343687.0,263847.0
2026-04-14 18:14:41.652570,837087,1609507975259483,5575229150,0.747616,-0.0976,0.255712,2.17,5.67875,-17.01875,-11.000001,25.896002,13.328001,eccentric,4,7.0,159102.0,357151.0,255126.0,343687.0,263847.0
2026-04-14 18:14:41.656047,837088,1609507975268418,5575237910,0.747616,-0.0976,0.255712,1.26875,6.23875,-16.7475,-11.000001,25.896002,13.328001,eccentric,4,7.0,159102.0,357151.0,255126.0,343687.0,263847.0
2026-04-14 18:14:41.661415,837089,1609507975282963,5575252841,0.696864,-0.037088,0.365024,1.295,6.6325,-16.485,-12.448001,26.352001,18.256,eccentric,4,7.0,159102.0,357151.0,255126.0,343687.0,263847.0
2026-04-14 18:14:41.670000,837090,1609507975291897,5575261590,0.77104,-0.066368,0.41968,1.05875,6.3175,-15.28625,-11.104,25.808,15.200001,eccentric,4,7.0,159102.0,357151.0,255126.0,343687.0,263847.0
2026-04-14 18:14:41.684253,837091,1609507975306367,5575276497,0.77104,-0.066368,0.41968,0.28875,4.99625,-13.86,-11.104,25.808,15.200001,eccentric,4,7.0,159102.0,357151.0,255126.0,343687.0,263847.0
2026-04-14 18:14:41.694386,837092,1609507975315363,5575285173,0.687104,-0.040992,0.269376,-0.23625,3.98125,-12.08375,-10.968,25.528002,14.232,eccentric,4,7.0,159102.0,357151.0,255126.0,343687.0,263847.0
2026-04-14 18:14:41.700586,837093,1609507975324290,5575293895,0.687104,-0.040992,0.269376,0.20125,3.78,-11.6375,-10.968,25.528002,14.232,eccentric,4,7.0,159102.0,357151.0,255126.0,343687.0,263847.0
2026-04-14 18:14:41.716892,837094,1609507975338814,5575308815,0.685152,-0.0488,0.394304,-0.51625,5.71375,-11.45375,-12.064,26.080002,15.616001,eccentric,4,7.0,159102.0,357151.0,255126.0,343687.0,263847.0
2026-04-14 18:14:41.749925,837105,1609507975347769,5575318116,0.685152,-0.0488,0.394304,-2.87,7.60375,-9.14375,-12.064,26.080002,15.616001,eccentric,4,7.0,158212.0,354973.0,254158.0,341787.0,262989.0
2026-04-14 18:14:41.753003,837106,1609507975362410,5575331080,0.706624,-0.109312,0.154208,-3.17625,7.49875,-6.44875,-11.000001,25.432001,14.952001,eccentric,4,7.0,158212.0,354973.0,254158.0,341787.0,262989.0
2026-04-14 18:14:41.755029,837107,1609507975371760,5575341868,0.728096,-0.005856,0.421632,-2.555,6.13375,-4.025,-11.784,26.160002,15.976001,eccentric,4,7.0,158212.0,354973.0,254158.0,341787.0,262989.0
2026-04-14 18:14:41.758119,837108,1609507975380841,5575350595,0.728096,-0.005856,0.421632,-1.3125,4.9875,-3.57,-11.784,26.160002,15.976001,eccentric,4,7.0,158212.0,354973.0,254158.0,341787.0,262989.0
2026-04-14 18:14:41.805178,837109,1609507975395354,5575365489,0.657824,0.044896,0.462624,-2.47625,4.52375,-5.53,-12.240001,26.04,14.736001,eccentric,4,7.0,158212.0,354973.0,254158.0,341787.0,262989.0
2026-04-14 18:14:41.807686,837110,1609507975404271,5575374174,0.657824,0.044896,0.462624,-3.9375,6.2475,-8.645,-12.240001,26.04,14.736001,eccentric,4,7.0,158212.0,354973.0,254158.0,341787.0,262989.0
2026-04-14 18:14:41.810655,837111,1609507975418765,5575389085,0.687104,-0.044896,0.435296,-6.27375,8.40875,-11.55875,-11.576,25.792002,15.800001,eccentric,4,7.0,158212.0,354973.0,254158.0,341787.0,262989.0
2026-04-14 18:14:41.820742,837112,1609507975427716,5575397755,0.687104,-0.044896,0.435296,-5.94125,10.17625,-11.78625,-11.576,25.792002,15.800001,eccentric,4,7.0,158212.0,354973.0,254158.0,341787.0,262989.0
2026-04-14 18:14:41.822709,837113,1609507975442251,5575410630,0.671488,-0.056608,0.245952,-3.0975,10.22875,-11.20875,-10.688001,25.552002,14.592001,eccentric,4,7.0,158212.0,354973.0,254158.0,341787.0,262989.0
2026-04-14 18:14:41.853773,837124,1609507975451602,5575421478,0.671488,-0.00976,0.298656,-2.24875,8.51375,-9.8175,-10.688001,25.552002,14.592001,eccentric,4,7.0,159258.0,355126.0,255315.0,342023.0,263923.0
2026-04-14 18:14:41.854911,837125,1609507975460656,5575430248,0.671488,-0.00976,0.298656,-3.0975,7.49,-9.2225,-11.280001,25.512001,15.240001,eccentric,4,7.0,159258.0,355126.0,255315.0,342023.0,263923.0
2026-04-14 18:14:41.858063,837126,1609507975475206,5575445177,0.753472,-0.00976,0.488,-6.25625,7.56875,-10.87625,-11.096001,25.464,14.68,eccentric,4,7.0,159258.0,355126.0,255315.0,342023.0,263923.0
2026-04-14 18:14:41.860580,837127,1609507975484245,5575453932,0.753472,-0.00976,0.488,-8.435,10.01,-13.69375,-11.096001,25.464,14.68,eccentric,4,7.0,159258.0,355126.0,255315.0,342023.0,263923.0
2026-04-14 18:14:41.875665,837128,1609507975498751,5575468970,0.774944,-0.076128,0.37088,-6.60625,13.27375,-16.24875,-11.432,25.528002,16.904001,eccentric,4,7.0,159258.0,355126.0,255315.0,342023.0,263923.0
2026-04-14 18:14:41.885678,837129,1609507975507712,5575477665,0.774944,-0.076128,0.37088,-3.28125,14.41125,-16.5725,-11.432,25.528002,16.904001,eccentric,4,7.0,159258.0,355126.0,255315.0,342023.0,263923.0
2026-04-14 18:14:41.894419,837130,1609507975516645,5575486344,0.755424,-0.115168,0.22448,-1.505,13.83375,-13.90375,-11.360001,25.688002,14.872001,eccentric,4,7.0,159258.0,355126.0,255315.0,342023.0,263923.0
2026-04-14 18:14:41.909436,837131,1609507975531339,5575501269,0.755424,-0.115168,0.22448,-1.505,12.55625,-11.165,-11.360001,25.688002,14.872001,eccentric,4,7.0,159258.0,355126.0,255315.0,342023.0,263923.0
2026-04-14 18:14:41.918157,837132,1609507975540789,5575509987,0.749568,0.015616,0.509472,-2.9925,12.45125,-9.94,-11.192,25.496,14.904,eccentric,4,7.0,159258.0,355126.0,255315.0,342023.0,263923.0
2026-04-14 18:14:41.951299,837143,1609507975555831,5575525363,0.80032,-0.0488,0.415776,-4.3225,13.99125,-10.9025,-11.616,25.992,16.024,eccentric,4,7.0,160276.0,355761.0,256251.0,342608.0,264583.0
2026-04-14 18:14:41.954221,837144,1609507975564826,5575534131,0.80032,-0.0488,0.415776,-4.375,15.82,-12.39875,-11.616,25.992,16.024,eccentric,4,7.0,160276.0,355761.0,256251.0,342608.0,264583.0
2026-04-14 18:14:41.956277,837145,1609507975573808,5575542856,0.796416,-0.113216,0.33184,-1.07625,16.8875,-12.11,-11.928,25.896002,15.904,eccentric,4,7.0,160276.0,355761.0,256251.0,342608.0,264583.0
2026-04-14 18:14:41.965325,837146,1609507975588328,5575557828,0.796416,-0.113216,0.33184,3.61375,15.61875,-10.8325,-11.928,25.896002,15.904,eccentric,4,7.0,160276.0,355761.0,256251.0,342608.0,264583.0
2026-04-14 18:14:41.975560,837147,1609507975597253,5575566525,0.813984,-0.072224,0.384544,6.16,15.21625,-9.28375,-11.248,25.584002,15.256001,eccentric,4,7.0,160276.0,355761.0,256251.0,342608.0,264583.0
2026-04-14 18:14:41.987617,837148,1609507975611762,5575581460,0.813984,-0.072224,0.384544,6.125,14.9275,-7.27125,-11.248,25.584002,15.256001,eccentric,4,7.0,160276.0,355761.0,256251.0,342608.0,264583.0
2026-04-14 18:14:41.997709,837149,1609507975620774,5575590201,0.76128,-0.040992,0.277184,4.3225,13.74625,-6.09,-11.400001,25.496,15.280001,eccentric,4,7.0,160276.0,355761.0,256251.0,342608.0,264583.0
2026-04-14 18:14:42.033002,837150,1609507975635303,5575605313,0.774944,0.005856,0.530944,6.44875,12.0225,-5.3375,-11.336,25.6,15.392001,eccentric,4,7.0,160276.0,355761.0,256251.0,342608.0,264583.0
2026-04-14 18:14:42.035261,837151,1609507975644245,5575613996,0.774944,0.005856,0.530944,8.75875,10.15,-5.27625,-11.336,25.6,15.392001,eccentric,4,7.0,160276.0,355761.0,256251.0,342608.0,264583.0
2026-04-14 18:14:42.065686,837162,1609507975653331,5575622768,0.757376,-0.025376,0.40016,10.03625,9.70375,-4.64625,-12.728001,26.072,15.728001,eccentric,4,7.0,157265.0,353969.0,252554.0,341085.0,261232.0
2026-04-14 18:14:42.068187,837163,1609507975667875,5575637757,0.757376,-0.025376,0.40016,9.5025,11.13,-3.885,-12.728001,26.072,15.728001,eccentric,4,7.0,157265.0,353969.0,252554.0,341085.0,261232.0
2026-04-14 18:14:42.070776,837164,1609507975676894,5575646453,0.716384,-0.005856,0.452864,5.915,14.1225,-2.89625,-12.784,26.064001,17.648,eccentric,4,7.0,157265.0,353969.0,252554.0,341085.0,261232.0
2026-04-14 18:14:42.072795,837165,1609507975691462,5575661448,0.716384,-0.005856,0.452864,6.4925,15.58375,-1.33875,-12.784,26.064001,17.648,eccentric,4,7.0,157265.0,353969.0,252554.0,341085.0,261232.0
2026-04-14 18:14:42.078188,837166,1609507975700415,5575670204,0.67344,-0.00976,0.230336,6.79,14.44625,0.2275,-12.464001,25.528002,14.896001,eccentric,4,7.0,157265.0,353969.0,252554.0,341085.0,261232.0
2026-04-14 18:14:42.086944,837167,1609507975709455,5575678909,0.67344,-0.00976,0.230336,6.85125,10.42125,2.485,-12.464001,25.528002,14.896001,eccentric,4,7.0,157265.0,353969.0,252554.0,341085.0,261232.0
2026-04-14 18:14:42.101496,837168,1609507975723979,5575693783,0.737856,0.02928,0.454816,9.54625,5.95,4.83875,-10.832001,25.320002,16.104,eccentric,4,7.0,157265.0,353969.0,252554.0,341085.0,261232.0
2026-04-14 18:14:42.109388,837169,1609507975733116,5575702496,0.737856,0.02928,0.314272,6.2125,1.72375,5.74875,-10.832001,25.320002,16.104,eccentric,4,7.0,157265.0,353969.0,252554.0,341085.0,261232.0
2026-04-14 18:14:42.126192,837170,1609507975747606,5575717409,0.689056,0.042944,0.316224,4.095,0.4025,5.15375,-10.664001,25.472002,18.792002,eccentric,4,7.0,157265.0,353969.0,252554.0,341085.0,261232.0
2026-04-14 18:14:42.200443,837181,1609507975756650,5575726164,0.724192,0.021472,0.407968,0.63,-0.62125,2.77375,-11.128,25.128,16.056002,eccentric,4,7.0,141301.0,347421.0,233776.0,335701.0,244246.0
2026-04-14 18:14:42.203156,837182,1609507975771228,5575741054,0.724192,0.021472,0.407968,-2.42375,-0.51625,0.16625,-11.128,25.128,16.056002,eccentric,4,7.0,141301.0,347421.0,233776.0,335701.0,244246.0
2026-04-14 18:14:42.205635,837183,1609507975780179,5575749766,0.732,0.02928,0.49776,-3.89375,0.60375,-3.115,-11.648001,25.208002,16.2,eccentric,4,7.0,141301.0,347421.0,233776.0,335701.0,244246.0
2026-04-14 18:14:42.208125,837184,1609507975789192,5575758522,0.732,0.02928,0.49776,-4.655,2.16125,-6.265,-11.648001,25.208002,16.2,eccentric,4,7.0,141301.0,347421.0,233776.0,335701.0,244246.0
2026-04-14 18:14:42.212633,837185,1609507975803697,5575773433,0.72224,0.01952,0.499712,-2.87,2.5725,-7.95375,-10.8,25.568,16.08,eccentric,4,7.0,141301.0,347421.0,233776.0,335701.0,244246.0
2026-04-14 18:14:42.213016,837186,1609507975812693,5575782137,0.72224,0.01952,0.499712,-3.19375,1.5225,-10.3425,-10.8,25.568,16.08,eccentric,4,7.0,141301.0,347421.0,233776.0,335701.0,244246.0
2026-04-14 18:14:42.215138,837187,1609507975827209,5575797072,0.720288,0.025376,0.249856,-0.6475,-0.175,-11.698751,-11.040001,25.584002,14.696001,eccentric,4,7.0,141301.0,347421.0,233776.0,335701.0,244246.0
2026-04-14 18:14:42.220659,837188,1609507975836157,5575805777,0.759328,0.01952,0.599264,-0.4725,-3.42125,-12.29375,-11.088,25.648,18.424002,eccentric,4,7.0,141301.0,347421.0,233776.0,335701.0,244246.0
2026-04-14 18:14:42.223478,837189,1609507975845134,5575814473,0.759328,0.01952,0.599264,-5.7925,-5.06625,-12.20625,-11.088,25.648,18.424002,eccentric,4,7.0,141301.0,347421.0,233776.0,335701.0,244246.0
2026-04-14 18:14:42.254272,837200,1609507975859785,5575829662,0.749568,0.054656,0.544608,-8.09375,-2.14375,-12.5825,-12.400001,25.608002,16.320002,eccentric,4,7.0,147280.0,350073.0,240982.0,337928.0,251071.0
2026-04-14 18:14:42.256528,837201,1609507975868823,5575838350,0.749568,0.054656,0.544608,-7.74375,2.72125,-15.2075,-12.400001,25.608002,16.320002,eccentric,4,7.0,147280.0,350073.0,240982.0,337928.0,251071.0
2026-04-14 18:14:42.260685,837202,1609507975883371,5575853210,0.782752,0.005856,0.425536,-1.26,4.78625,-16.178751,-13.048,25.848001,17.328001,eccentric,4,7.0,147280.0,350073.0,240982.0,337928.0,251071.0
2026-04-14 18:14:42.269413,837203,1609507975892442,5575862074,0.782752,0.005856,0.425536,3.00125,3.47375,-16.3625,-13.048,25.848001,17.328001,eccentric,4,7.0,147280.0,350073.0,240982.0,337928.0,251071.0
2026-04-14 18:14:42.287697,837204,1609507975906946,5575876997,0.796416,0.072224,0.552416,3.99875,2.45875,-14.37625,-11.544001,25.592001,16.424002,eccentric,4,7.0,147280.0,350073.0,240982.0,337928.0,251071.0
2026-04-14 18:14:42.294393,837205,1609507975915857,5575885675,0.776896,0.111264,0.509472,4.68125,2.1,-14.4725,-11.960001,25.04,17.248001,eccentric,4,7.0,147280.0,350073.0,240982.0,337928.0,251071.0
2026-04-14 18:14:42.303157,837206,1609507975924921,5575894360,0.776896,0.111264,0.509472,1.6975,0.98875,-16.905,-11.960001,25.04,17.248001,eccentric,4,7.0,147280.0,350073.0,240982.0,337928.0,251071.0
2026-04-14 18:14:42.318681,837207,1609507975939435,5575909308,0.730048,0.109312,0.528992,-0.77875,1.60125,-17.42125,-12.632001,25.656002,17.736,eccentric,4,7.0,147280.0,350073.0,240982.0,337928.0,251071.0
2026-04-14 18:14:42.325499,837208,1609507975948415,5575917993,0.730048,0.109312,0.528992,-0.23625,3.36875,-19.32875,-12.632001,25.656002,17.736,eccentric,4,7.0,147280.0,350073.0,240982.0,337928.0,251071.0
2026-04-14 18:14:42.353099,837219,1609507975963032,5575932973,0.85888,0.091744,0.525088,6.23875,5.285,-21.28,-12.864,25.432001,17.688002,eccentric,4,7.0,157771.0,352588.0,253414.0,339848.0,262368.0
2026-04-14 18:14:42.355503,837220,1609507975972124,5575941685,0.85888,0.091744,0.525088,10.36875,4.1125,-21.69125,-12.864,25.432001,17.688002,eccentric,4,7.0,157771.0,352588.0,253414.0,339848.0,262368.0
2026-04-14 18:14:42.360654,837221,1609507975981102,5575950429,0.84912,0.167872,0.544608,10.64,0.4375,-19.285,-13.064001,25.36,18.048,eccentric,4,7.0,157771.0,352588.0,253414.0,339848.0,262368.0
2026-04-14 18:14:42.373156,837222,1609507975995622,5575965379,0.831552,0.162016,0.538752,11.34,-2.70375,-17.6225,-12.56,24.792002,14.776001,eccentric,4,7.0,157771.0,352588.0,253414.0,339848.0,262368.0
2026-04-14 18:14:42.382736,837223,1609507976004542,5575974060,0.831552,0.162016,0.538752,7.9275,-2.0825,-18.865,-12.56,24.792002,14.776001,eccentric,4,7.0,157771.0,352588.0,253414.0,339848.0,262368.0
2026-04-14 18:14:42.396911,837224,1609507976019027,5575988962,0.874496,0.171776,0.534848,-0.0875,0.90125,-21.25375,-12.888001,25.256,17.44,eccentric,4,7.0,157771.0,352588.0,253414.0,339848.0,262368.0
2026-04-14 18:14:42.409017,837225,1609507976027969,5575997707,0.874496,0.171776,0.534848,-2.03875,3.63125,-23.345,-12.888001,25.256,17.44,eccentric,4,7.0,157771.0,352588.0,253414.0,339848.0,262368.0
2026-04-14 18:14:42.418953,837226,1609507976042457,5576012608,0.950624,0.05856,0.558272,4.03375,3.92875,-21.76125,-14.512001,25.088001,18.432001,eccentric,4,7.0,157771.0,352588.0,253414.0,339848.0,262368.0
2026-04-14 18:14:42.452596,837237,1609507976051588,5576021341,0.950624,0.05856,0.558272,6.895,3.57875,-17.7275,-14.512001,25.088001,18.432001,eccentric,4,7.0,173006.0,353552.0,271722.0,340413.0,278040.0
2026-04-14 18:14:42.455062,837238,1609507976060815,5576030201,0.88816,0.122976,0.394304,6.475,5.17125,-13.825,-12.816001,24.608002,17.192001,eccentric,4,7.0,173006.0,353552.0,271722.0,340413.0,278040.0
2026-04-14 18:14:42.457454,837239,1609507976075437,5576045148,0.88816,0.216672,0.452864,3.01,6.3875,-12.15375,-12.816001,24.608002,17.192001,eccentric,4,7.0,173006.0,353552.0,271722.0,340413.0,278040.0
2026-04-14 18:14:42.461229,837240,1609507976084418,5576053877,0.831552,0.20496,0.452864,0.595,7.20125,-13.15125,-14.024001,25.088001,18.136002,eccentric,4,7.0,173006.0,353552.0,271722.0,340413.0,278040.0
2026-04-14 18:14:42.476564,837241,1609507976098894,5576068819,0.864736,0.081984,0.372832,0.77875,7.2975,-14.21,-13.048,24.328001,17.544,eccentric,4,7.0,173006.0,353552.0,271722.0,340413.0,278040.0
2026-04-14 18:14:42.484095,837242,1609507976107875,5576077579,0.864736,0.081984,0.372832,2.9575,5.31125,-14.21,-13.048,24.328001,17.544,eccentric,4,7.0,173006.0,353552.0,271722.0,340413.0,278040.0
2026-04-14 18:14:42.493915,837243,1609507976116807,5576086277,0.895968,0.085888,0.437248,5.67,3.21125,-11.235,-13.528001,24.648,18.776001,eccentric,4,7.0,173006.0,353552.0,271722.0,340413.0,278040.0
2026-04-14 18:14:42.521490,837244,1609507976131316,5576101251,0.895968,0.085888,0.437248,8.47,3.28125,-9.40625,-13.528001,24.648,18.776001,eccentric,4,7.0,173006.0,353552.0,271722.0,340413.0,278040.0
2026-04-14 18:14:42.546554,837245,1609507976140281,5576109961,0.944768,0.163968,0.69296,10.185,3.955,-8.47875,-13.888001,24.592001,17.296001,eccentric,4,7.0,173006.0,353552.0,271722.0,340413.0,278040.0
2026-04-14 18:14:42.596166,837256,1609507976155560,5576124975,0.944768,0.163968,0.69296,7.91,4.4975,-8.91625,-13.888001,24.592001,17.296001,eccentric,4,7.0,173986.0,353458.0,272583.0,340174.0,278523.0
2026-04-14 18:14:42.598746,837257,1609507976164582,5576133721,0.88816,0.15616,0.433344,6.93,4.17375,-9.9575,-14.112,24.44,16.768002,eccentric,4,7.0,173986.0,353458.0,272583.0,340174.0,278523.0
2026-04-14 18:14:42.601316,837258,1609507976173510,5576142412,0.88816,0.15616,0.433344,9.54625,1.47875,-10.675,-14.112,24.44,16.768002,eccentric,4,7.0,173986.0,353458.0,272583.0,340174.0,278523.0
2026-04-14 18:14:42.603833,837259,1609507976187993,5576157321,1.01504,0.062464,0.56608,11.31375,-2.03875,-9.0825,-14.288001,24.264002,18.744001,eccentric,4,7.0,173986.0,353458.0,272583.0,340174.0,278523.0
2026-04-14 18:14:42.607130,837260,1609507976196883,5576166016,0.944768,0.07808,0.447008,8.5925,-2.485,-6.58875,-14.208001,24.2,20.824001,eccentric,4,7.0,173986.0,353458.0,272583.0,340174.0,278523.0
2026-04-14 18:14:42.608742,837261,1609507976211458,5576181149,0.944768,0.07808,0.447008,4.83875,-0.53375,-4.62,-14.208001,24.2,20.824001,eccentric,4,7.0,173986.0,353458.0,272583.0,340174.0,278523.0
2026-04-14 18:14:42.611217,837262,1609507976220448,5576189829,0.935008,0.134688,0.46848,2.625,0.65625,-3.68375,-15.040001,24.52,19.808,eccentric,4,7.0,173986.0,353458.0,272583.0,340174.0,278523.0
2026-04-14 18:14:42.615247,837263,1609507976235018,5576204805,0.935008,0.134688,0.46848,4.38375,1.3475,-3.9375,-15.040001,24.52,19.808,eccentric,4,7.0,173986.0,353458.0,272583.0,340174.0,278523.0
2026-04-14 18:14:42.622680,837264,1609507976243986,5576213579,0.929152,0.080032,0.41968,10.36875,-0.1575,-4.41,-15.208001,24.376001,17.944,eccentric,4,7.0,173986.0,353458.0,272583.0,340174.0,278523.0
2026-04-14 18:14:42.681391,837275,1609507976253496,5576222301,0.929152,0.080032,0.41968,12.95,-3.64875,-4.34875,-15.208001,24.376001,17.944,eccentric,4,7.0,175588.0,353188.0,274575.0,339846.0,280197.0
2026-04-14 18:14:42.684374,837276,1609507976268524,5576237273,0.958432,0.134688,0.443104,10.63125,-5.775,-3.63125,-13.880001,23.752,17.984001,eccentric,4,7.0,175588.0,353188.0,274575.0,339846.0,280197.0
2026-04-14 18:14:42.686214,837277,1609507976277961,5576248093,0.931104,0.12688,0.564128,3.61375,-5.95,-3.56125,-14.400001,23.960001,20.448002,eccentric,4,7.0,175588.0,353188.0,274575.0,339846.0,280197.0
2026-04-14 18:14:42.689070,837278,1609507976286891,5576256800,0.931104,0.12688,0.564128,-1.79375,-4.75125,-2.8,-14.400001,23.960001,20.448002,eccentric,4,7.0,175588.0,353188.0,274575.0,339846.0,280197.0
2026-04-14 18:14:42.691752,837279,1609507976301407,5576269782,1.0248,0.122976,0.431392,-4.935,-3.85875,-2.26625,-14.408001,23.920002,18.736,eccentric,4,7.0,175588.0,353188.0,274575.0,339846.0,280197.0
2026-04-14 18:14:42.694296,837280,1609507976310650,5576280603,1.0248,0.122976,0.431392,-2.5025,-4.515,-2.58125,-14.408001,23.920002,18.736,eccentric,4,7.0,175588.0,353188.0,274575.0,339846.0,280197.0
2026-04-14 18:14:42.700541,837281,1609507976325228,5576293607,1.018944,0.10736,0.571936,1.365,-6.37875,-3.9025,-14.72,24.104002,18.296001,eccentric,4,7.0,175588.0,353188.0,274575.0,339846.0,280197.0
2026-04-14 18:14:42.711814,837282,1609507976334454,5576304375,1.018944,0.10736,0.571936,-1.44375,-6.4225,-4.38375,-14.72,24.104002,18.296001,eccentric,4,7.0,175588.0,353188.0,274575.0,339846.0,280197.0
2026-04-14 18:14:42.722759,837283,1609507976343404,5576313064,1.05408,0.05856,0.589504,-3.03625,-4.7075,-4.48,-14.592001,23.52,17.816,eccentric,4,7.0,175588.0,353188.0,274575.0,339846.0,280197.0
2026-04-14 18:14:42.754257,837294,1609507976358070,5576328170,1.01504,0.074176,0.3904,-5.81,-2.23125,-4.8825,-14.240001,23.272001,20.240002,eccentric,4,7.0,176447.0,353856.0,275481.0,340367.0,281028.0
2026-04-14 18:14:42.756953,837295,1609507976367124,5576336915,1.01504,0.074176,0.3904,-6.08125,-0.39375,-4.55875,-14.240001,23.272001,20.240002,eccentric,4,7.0,176447.0,353856.0,275481.0,340367.0,281028.0
2026-04-14 18:14:42.759441,837296,1609507976381727,5576351831,1.08336,0.12688,0.640256,-1.5925,-1.47,-4.69875,-14.320001,23.656002,17.608002,eccentric,4,7.0,176447.0,353856.0,275481.0,340367.0,281028.0
2026-04-14 18:14:42.766884,837297,1609507976390692,5576360548,1.08336,0.12688,0.640256,3.045,-4.165,-4.26125,-14.320001,23.656002,17.608002,eccentric,4,7.0,176447.0,353856.0,275481.0,340367.0,281028.0
2026-04-14 18:14:42.778707,837298,1609507976399610,5576369315,1.126304,0.046848,0.661728,4.165,-5.0925,-4.20875,-13.920001,23.256,17.84,eccentric,4,7.0,176447.0,353856.0,275481.0,340367.0,281028.0
2026-04-14 18:14:42.791779,837299,1609507976414234,5576384253,1.126304,0.046848,0.661728,-1.54875,-3.35125,-3.7275,-13.920001,23.256,17.84,eccentric,4,7.0,176447.0,353856.0,275481.0,340367.0,281028.0
2026-04-14 18:14:42.799149,837300,1609507976423246,5576392987,0.997472,0.124928,0.72224,-2.80875,-0.48125,-3.66625,-15.032001,23.888,17.992,eccentric,4,7.0,176447.0,353856.0,275481.0,340367.0,281028.0
2026-04-14 18:14:42.815113,837301,1609507976437834,5576407868,0.997472,0.109312,0.636352,-3.43875,1.54,-4.6725,-15.032001,23.888,17.992,eccentric,4,7.0,176447.0,353856.0,275481.0,340367.0,281028.0
2026-04-14 18:14:42.824205,837302,1609507976446839,5576416563,0.987712,0.122976,0.636352,0.58625,2.6425,-3.91125,-13.904,23.288002,16.960001,eccentric,4,7.0,176447.0,353856.0,275481.0,340367.0,281028.0
2026-04-14 18:14:42.854028,837313,1609507976461410,5576431520,0.950624,0.124928,0.423584,4.3925,1.58375,-3.38625,-13.896001,23.160002,17.992,eccentric,4,7.0,172405.0,353946.0,270673.0,340527.0,277168.0
2026-04-14 18:14:42.856763,837314,1609507976470386,5576440299,0.950624,0.124928,0.423584,6.36125,-2.2225,-3.00125,-13.896001,23.160002,17.992,eccentric,4,7.0,172405.0,353946.0,270673.0,340527.0,277168.0
2026-04-14 18:14:42.859448,837315,1609507976479322,5576449021,0.987712,0.160064,0.661728,6.20375,-4.80375,-2.93125,-14.328001,23.288002,16.376001,eccentric,4,7.0,172405.0,353946.0,270673.0,340527.0,277168.0
2026-04-14 18:14:42.891754,837316,1609507976493862,5576463905,0.987712,0.160064,0.661728,3.70125,-5.74875,-2.44125,-14.328001,23.288002,16.376001,eccentric,4,7.0,172405.0,353946.0,270673.0,340527.0,277168.0
2026-04-14 18:14:42.914385,837317,1609507976502812,5576472582,0.991616,0.138592,0.42944,2.625,-5.0225,-2.0825,-14.440001,23.496,19.024,eccentric,4,7.0,172405.0,353946.0,270673.0,340527.0,277168.0
2026-04-14 18:14:42.916913,837318,1609507976517315,5576487541,0.991616,0.138592,0.42944,2.93125,-4.6025,-2.205,-14.440001,23.496,19.024,eccentric,4,7.0,172405.0,353946.0,270673.0,340527.0,277168.0
2026-04-14 18:14:42.919411,837319,1609507976526260,5576496384,1.042368,0.124928,0.534848,4.22625,-5.3025,-1.82,-15.400001,23.568,20.664001,eccentric,4,7.0,172405.0,353946.0,270673.0,340527.0,277168.0
2026-04-14 18:14:42.921519,837320,1609507976540769,5576509252,1.05408,0.132736,0.642208,2.52875,-6.895,-1.95125,-14.912001,23.536001,18.76,eccentric,4,7.0,172405.0,353946.0,270673.0,340527.0,277168.0
2026-04-14 18:14:42.929364,837321,1609507976550059,5576520083,1.05408,0.132736,0.642208,0.4025,-6.93,-1.33875,-14.912001,23.536001,18.76,eccentric,4,7.0,172405.0,353946.0,270673.0,340527.0,277168.0
2026-04-14 18:14:42.959455,837332,1609507976559166,5576529333,0.93696,0.154208,0.495808,-2.1175,-5.95,-1.12875,-14.912001,23.552002,18.768002,eccentric,4,7.0,174788.0,354230.0,273661.0,340781.0,279700.0
2026-04-14 18:14:42.959873,837333,1609507976573791,5576542226,0.93696,0.154208,0.495808,-3.15875,-4.1125,-0.3675,-15.344001,23.552002,18.768002,eccentric,4,7.0,174788.0,354230.0,273661.0,340781.0,279700.0
2026-04-14 18:14:42.961409,837334,1609507976583360,5576552985,1.057984,0.138592,0.542656,-2.73,-1.5575,0.3325,-14.856001,23.688002,19.888,eccentric,4,7.0,174788.0,354230.0,273661.0,340781.0,279700.0
2026-04-14 18:14:42.971464,837335,1609507976592352,5576561671,1.057984,0.138592,0.542656,-2.30125,-1.56625,0.5775,-14.856001,23.688002,19.888,eccentric,4,7.0,174788.0,354230.0,273661.0,340781.0,279700.0
2026-04-14 18:14:42.983026,837336,1609507976606866,5576576678,1.011136,0.115168,0.406016,-2.0475,-5.45125,0.5425,-14.768001,23.608002,18.552,eccentric,4,7.0,174788.0,354230.0,273661.0,340781.0,279700.0
2026-04-14 18:14:42.995496,837337,1609507976615938,5576585387,1.011136,0.115168,0.406016,-3.33375,-8.28625,-0.69125,-14.768001,23.608002,18.552,eccentric,4,7.0,174788.0,354230.0,273661.0,340781.0,279700.0
2026-04-14 18:14:43.008096,837338,1609507976630466,5576600297,1.05408,0.130784,0.65392,-5.94125,-8.3125,-1.645,-14.928,23.472002,17.856,eccentric,4,7.0,174788.0,354230.0,273661.0,340781.0,279700.0
2026-04-14 18:14:43.018123,837339,1609507976639356,5576609005,0.991616,0.10736,0.482144,-7.55125,-6.09,-2.66,-14.928,23.472002,17.832,eccentric,4,7.0,174788.0,354230.0,273661.0,340781.0,279700.0
