pc_time,serial_num,sensor_ts,host_ts,ax,ay,az,gx,gy,gz,mx,my,mz,phase,rpe,weight_kg,ppg_a,ppg_b,ppg_c,ppg_d,ppg_e,ppg_f,ppg_g,ppg_h,ppg_i,ppg_j
2026-05-06 15:51:16.271270,422106,1609504939701319,2539613909,0.8784,-0.02928,0.16592,-9.8525,-6.055,3.85875,-40.432003,-18.400002,-80.048004,inter_set_rest,4,5.0,36008.0,45118.0,73392.0,99137.0,31771.0,52833.0,30505.0,55043.0,20622.0,18225.0
2026-05-06 15:51:16.274786,422107,1609504939710241,2539622669,0.8784,-0.02928,0.16592,-8.9075,-6.4575,3.0275,-40.432003,-18.400002,-80.048004,inter_set_rest,4,5.0,36008.0,45118.0,73392.0,99137.0,31771.0,52833.0,30505.0,55043.0,20622.0,18225.0
2026-05-06 15:51:16.276256,422108,1609504939719195,2539631394,0.8784,0.02928,0.179584,-2.5725,-7.0175,2.45875,-40.432003,-18.400002,-80.048004,inter_set_rest,4,5.0,36008.0,45118.0,73392.0,99137.0,31771.0,52833.0,30505.0,55043.0,20622.0,18225.0
2026-05-06 15:51:16.278639,422109,1609504939733758,2539646389,0.856928,0.02928,0.179584,4.47125,-7.3675,1.3475,-40.784,-21.304,-80.936005,inter_set_rest,4,5.0,36008.0,45118.0,73392.0,99137.0,31771.0,52833.0,30505.0,55043.0,20622.0,18225.0
2026-05-06 15:51:16.281329,422110,1609504939742734,2539655083,0.851072,-0.003904,0.206912,4.34,-7.0525,0.83125,-40.72,-18.168001,-80.536,inter_set_rest,4,5.0,36008.0,45118.0,73392.0,99137.0,31771.0,52833.0,30505.0,55043.0,20622.0,18225.0
2026-05-06 15:51:16.285285,422111,1609504939757293,2539670077,0.851072,-0.003904,0.206912,-1.72375,-6.545,0.2625,-40.72,-18.168001,-80.536,inter_set_rest,4,5.0,36008.0,45118.0,73392.0,99137.0,31771.0,52833.0,30505.0,55043.0,20622.0,18225.0
2026-05-06 15:51:16.286426,422112,1609504939766256,2539678831,0.847168,-0.060512,0.230336,-7.07875,-5.5125,0.69125,-41.288002,-21.632002,-79.248,inter_set_rest,4,5.0,36008.0,45118.0,73392.0,99137.0,31771.0,52833.0,30505.0,55043.0,20622.0,18225.0
2026-05-06 15:51:16.288649,422113,1609504939780794,2539691735,0.831552,-0.060512,0.18544,-10.08875,-5.92375,2.54625,-40.832,-19.456001,-79.456,inter_set_rest,4,5.0,36008.0,45118.0,73392.0,99137.0,31771.0,52833.0,30505.0,55043.0,20622.0,18225.0
2026-05-06 15:51:16.291222,422114,1609504939790241,2539702549,0.831552,-0.060512,0.18544,-10.08,-6.5625,3.43875,-40.832,-19.456001,-79.456,inter_set_rest,4,5.0,36008.0,45118.0,73392.0,99137.0,31771.0,52833.0,30505.0,55043.0,20622.0,18225.0
2026-05-06 15:51:16.318846,422125,1609504939799354,2539711384,0.831552,-0.060512,0.18544,-7.76125,-7.455,5.46,-40.832,-19.456001,-79.456,inter_set_rest,4,5.0,36430.0,45605.0,73619.0,99275.0,32075.0,53220.0,30591.0,55088.0,20750.0,18370.0
2026-05-06 15:51:16.321461,422126,1609504939813954,2539726360,0.827648,-0.015616,0.201056,-6.6675,-8.89875,7.7525,-40.296,-19.656,-78.928,inter_set_rest,4,5.0,36430.0,45605.0,73619.0,99275.0,32075.0,53220.0,30591.0,55088.0,20750.0,18370.0
2026-05-06 15:51:16.323899,422127,1609504939822939,2539735137,0.767136,-0.03904,0.144448,-10.22875,-9.31875,9.19625,-40.52,-19.496,-79.952,inter_set_rest,4,5.0,36430.0,45605.0,73619.0,99275.0,32075.0,53220.0,30591.0,55088.0,20750.0,18370.0
2026-05-06 15:51:16.337522,422128,1609504939837462,2539750120,0.767136,-0.03904,0.144448,-15.39125,-9.6775,11.78625,-40.52,-19.496,-79.952,inter_set_rest,4,5.0,36430.0,45605.0,73619.0,99275.0,32075.0,53220.0,30591.0,55088.0,20750.0,18370.0
2026-05-06 15:51:16.346434,422129,1609504939846415,2539758823,0.77104,-0.093696,0.132736,-20.2125,-10.675,14.0875,-40.608,-17.264,-80.608,inter_set_rest,4,5.0,36430.0,45605.0,73619.0,99275.0,32075.0,53220.0,30591.0,55088.0,20750.0,18370.0
2026-05-06 15:51:16.356450,422130,1609504939855774,2539767968,0.77104,-0.093696,0.132736,-21.74375,-11.795,17.15875,-40.608,-17.264,-80.608,inter_set_rest,4,5.0,36430.0,45605.0,73619.0,99275.0,32075.0,53220.0,30591.0,55088.0,20750.0,18370.0
2026-05-06 15:51:16.382749,422131,1609504939870423,2539782892,0.767136,-0.109312,0.111264,-21.245,-13.2825,19.5825,-40.424004,-17.408,-80.368004,inter_set_rest,4,5.0,36430.0,45605.0,73619.0,99275.0,32075.0,53220.0,30591.0,55088.0,20750.0,18370.0
2026-05-06 15:51:16.385249,422132,1609504939879352,2539791624,0.767136,-0.109312,0.111264,-18.61125,-15.02375,21.88375,-40.424004,-17.408,-80.368004,inter_set_rest,4,5.0,36430.0,45605.0,73619.0,99275.0,32075.0,53220.0,30591.0,55088.0,20750.0,18370.0
2026-05-06 15:51:16.425789,422143,1609504939893883,2539806566,0.747616,-0.10736,0.15616,-16.72125,-16.75625,25.68125,-40.552002,-16.992,-79.48801,inter_set_rest,4,5.0,36750.0,46231.0,74062.0,99729.0,32327.0,53798.0,30791.0,55314.0,20881.0,18609.0
2026-05-06 15:51:16.429957,422144,1609504939902889,2539815310,0.739808,-0.091744,0.162016,-17.35125,-18.6025,30.2225,-40.264004,-17.0,-81.32001,inter_set_rest,4,5.0,36750.0,46231.0,74062.0,99729.0,32327.0,53798.0,30791.0,55314.0,20881.0,18609.0
2026-05-06 15:51:16.432625,422145,1609504939911959,2539824156,0.739808,-0.091744,0.162016,-20.08125,-19.705,34.51,-40.264004,-17.0,-81.32001,inter_set_rest,4,5.0,36750.0,46231.0,74062.0,99729.0,32327.0,53798.0,30791.0,55314.0,20881.0,18609.0
2026-05-06 15:51:16.435056,422146,1609504939926486,2539839136,0.782752,-0.085888,0.140544,-23.4325,-19.6875,37.170002,-40.472,-16.176,-81.632,inter_set_rest,4,5.0,36750.0,46231.0,74062.0,99729.0,32327.0,53798.0,30791.0,55314.0,20881.0,18609.0
2026-05-06 15:51:16.437601,422147,1609504939935421,2539847895,0.782752,-0.085888,0.140544,-26.46875,-19.0925,37.695,-40.472,-16.176,-81.632,inter_set_rest,4,5.0,36750.0,46231.0,74062.0,99729.0,32327.0,53798.0,30791.0,55314.0,20881.0,18609.0
2026-05-06 15:51:16.451472,422148,1609504939949931,2539860869,0.79056,-0.13664,0.091744,-30.4325,-18.025,36.25125,-40.552002,-17.832,-80.54401,inter_set_rest,4,5.0,36750.0,46231.0,74062.0,99729.0,32327.0,53798.0,30791.0,55314.0,20881.0,18609.0
2026-05-06 15:51:16.460136,422149,1609504939959319,2539871690,0.79056,-0.13664,0.091744,-32.5325,-16.6425,35.48125,-40.552002,-17.832,-80.54401,inter_set_rest,4,5.0,36750.0,46231.0,74062.0,99729.0,32327.0,53798.0,30791.0,55314.0,20881.0,18609.0
2026-05-06 15:51:16.470232,422150,1609504939968252,2539880386,0.75152,-0.158112,0.124928,-31.22,-17.43875,36.18125,-40.656002,-16.384,-79.552,inter_set_rest,4,5.0,36750.0,46231.0,74062.0,99729.0,32327.0,53798.0,30791.0,55314.0,20881.0,18609.0
2026-05-06 15:51:16.483991,422151,1609504939982833,2539893683,0.786656,-0.12688,0.124928,-24.955,-19.04,39.655,-40.384003,-16.320002,-81.856,inter_set_rest,4,5.0,36750.0,46231.0,74062.0,99729.0,32327.0,53798.0,30791.0,55314.0,20881.0,18609.0
2026-05-06 15:51:16.497785,422152,1609504939992108,2539904464,0.786656,-0.12688,0.124928,-20.3,-20.95625,44.415,-40.384003,-16.320002,-81.856,inter_set_rest,4,5.0,36750.0,46231.0,74062.0,99729.0,32327.0,53798.0,30791.0,55314.0,20881.0,18609.0
2026-05-06 15:51:16.582758,422163,1609504940006752,2539917537,0.774944,-0.130784,0.072224,-21.7,-22.25125,48.16,-40.368,-14.504001,-82.4,inter_set_rest,4,5.0,36672.0,46456.0,74191.0,100008.0,32265.0,54040.0,30856.0,55493.0,20847.0,18683.0
2026-05-06 15:51:16.585110,422164,1609504940015968,2539928390,0.774944,-0.130784,0.072224,-26.25,-22.47875,47.81875,-40.368,-14.504001,-82.4,inter_set_rest,4,5.0,36672.0,46456.0,74191.0,100008.0,32265.0,54040.0,30856.0,55493.0,20847.0,18683.0
2026-05-06 15:51:16.587739,422165,1609504940024889,2539937121,0.718336,-0.124928,0.15616,-33.39875,-22.91625,46.76,-40.496002,-13.648001,-82.888,inter_set_rest,4,5.0,36672.0,46456.0,74191.0,100008.0,32265.0,54040.0,30856.0,55493.0,20847.0,18683.0
2026-05-06 15:51:16.590284,422166,1609504940039411,2539952093,0.718336,-0.124928,0.15616,-34.43125,-23.52,49.0875,-40.496002,-13.648001,-82.888,inter_set_rest,4,5.0,36672.0,46456.0,74191.0,100008.0,32265.0,54040.0,30856.0,55493.0,20847.0,18683.0
2026-05-06 15:51:16.592739,422167,1609504940048367,2539960811,0.735904,-0.187392,0.054656,-29.68875,-26.0925,51.66,-40.496002,-13.280001,-82.616005,inter_set_rest,4,5.0,36672.0,46456.0,74191.0,100008.0,32265.0,54040.0,30856.0,55493.0,20847.0,18683.0
2026-05-06 15:51:16.595199,422168,1609504940062975,2539975715,0.827648,-0.197152,0.066368,-25.87375,-28.2625,50.56625,-40.304,-12.696001,-83.52801,inter_set_rest,4,5.0,36672.0,46456.0,74191.0,100008.0,32265.0,54040.0,30856.0,55493.0,20847.0,18683.0
2026-05-06 15:51:16.600261,422169,1609504940072070,2539984513,0.827648,-0.197152,0.066368,-25.01625,-29.07625,49.3325,-40.304,-12.696001,-83.52801,inter_set_rest,4,5.0,36672.0,46456.0,74191.0,100008.0,32265.0,54040.0,30856.0,55493.0,20847.0,18683.0
2026-05-06 15:51:16.602792,422170,1609504940086601,2539997460,0.76128,-0.187392,0.11712,-25.43625,-27.13375,47.04,-40.384003,-11.824,-83.656006,inter_set_rest,4,5.0,36672.0,46456.0,74191.0,100008.0,32265.0,54040.0,30856.0,55493.0,20847.0,18683.0
2026-05-06 15:51:16.630886,422181,1609504940095951,2540008224,0.76128,-0.187392,0.11712,-24.6575,-25.5325,44.52875,-40.384003,-11.824,-83.656006,inter_set_rest,4,5.0,36290.0,46024.0,74070.0,99335.0,31973.0,53658.0,30779.0,55119.0,20654.0,18501.0
2026-05-06 15:51:16.632604,422182,1609504940105785,2540016999,0.774944,-0.1952,0.070272,-20.46625,-25.69875,44.8,-40.184002,-11.448001,-83.984,inter_set_rest,4,5.0,36290.0,46024.0,74070.0,99335.0,31973.0,53658.0,30779.0,55119.0,20654.0,18501.0
2026-05-06 15:51:16.635134,422183,1609504940115387,2540027915,0.774944,-0.1952,0.070272,-13.58,-27.62375,47.075,-40.184002,-11.448001,-83.984,inter_set_rest,4,5.0,36290.0,46024.0,74070.0,99335.0,31973.0,53658.0,30779.0,55119.0,20654.0,18501.0
2026-05-06 15:51:16.637615,422184,1609504940129972,2540040768,0.864736,-0.251808,-0.052704,-7.98875,-29.70625,48.16875,-39.944,-11.432,-84.880005,inter_set_rest,4,5.0,36290.0,46024.0,74070.0,99335.0,31973.0,53658.0,30779.0,55119.0,20654.0,18501.0
2026-05-06 15:51:16.642617,422185,1609504940139232,2540051546,0.864736,-0.251808,-0.052704,-9.10875,-30.380001,43.68875,-39.944,-11.432,-84.880005,inter_set_rest,4,5.0,36290.0,46024.0,74070.0,99335.0,31973.0,53658.0,30779.0,55119.0,20654.0,18501.0
2026-05-06 15:51:16.656518,422186,1609504940153802,2540066462,0.825696,-0.249856,0.072224,-14.14,-29.61875,35.9625,-39.984,-12.112,-83.712006,inter_set_rest,4,5.0,36290.0,46024.0,74070.0,99335.0,31973.0,53658.0,30779.0,55119.0,20654.0,18501.0
2026-05-06 15:51:16.662594,422187,1609504940162906,2540075201,0.815936,-0.257664,0.099552,-12.20625,-28.49,35.385,-39.984,-9.048,-85.864006,inter_set_rest,4,5.0,36290.0,46024.0,74070.0,99335.0,31973.0,53658.0,30779.0,55119.0,20654.0,18501.0
2026-05-06 15:51:16.671582,422188,1609504940171818,2540083910,0.815936,-0.257664,0.099552,-4.26125,-27.5625,38.701252,-39.816,-9.048,-85.864006,inter_set_rest,4,5.0,36290.0,46024.0,74070.0,99335.0,31973.0,53658.0,30779.0,55119.0,20654.0,18501.0
2026-05-06 15:51:16.687661,422189,1609504940186439,2540098811,0.792512,-0.31232,0.037088,-0.07875,-26.39,42.37625,-39.848003,-8.816,-85.576004,inter_set_rest,4,5.0,36290.0,46024.0,74070.0,99335.0,31973.0,53658.0,30779.0,55119.0,20654.0,18501.0
2026-05-06 15:51:16.696344,422190,1609504940195381,2540107561,0.792512,-0.31232,0.037088,-2.9225,-24.75375,43.225,-39.848003,-8.816,-85.576004,inter_set_rest,4,5.0,36290.0,46024.0,74070.0,99335.0,31973.0,53658.0,30779.0,55119.0,20654.0,18501.0
2026-05-06 15:51:16.729915,422201,1609504940210008,2540122505,0.8296,-0.255712,-0.031232,-5.06625,-23.0825,42.49,-39.352,-8.784,-85.96001,inter_set_rest,4,5.0,36404.0,46102.0,74373.0,99013.0,32107.0,53703.0,30956.0,54945.0,20711.0,18526.0
2026-05-06 15:51:16.732265,422202,1609504940219010,2540131297,0.8296,-0.255712,-0.031232,2.14375,-21.95375,42.245,-39.352,-8.784,-85.96001,inter_set_rest,4,5.0,36404.0,46102.0,74373.0,99013.0,32107.0,53703.0,30956.0,54945.0,20711.0,18526.0
2026-05-06 15:51:16.734858,422203,1609504940233512,2540146193,0.827648,-0.343552,0.052704,2.89625,-19.39,33.915,-39.752003,-7.632,-86.48,inter_set_rest,4,5.0,36404.0,46102.0,74373.0,99013.0,32107.0,53703.0,30956.0,54945.0,20711.0,18526.0
2026-05-06 15:51:16.743945,422204,1609504940242484,2540155109,0.827648,-0.343552,0.052704,-10.605001,-16.30125,24.7975,-39.752003,-7.632,-86.48,inter_set_rest,4,5.0,36404.0,46102.0,74373.0,99013.0,32107.0,53703.0,30956.0,54945.0,20711.0,18526.0
2026-05-06 15:51:16.752672,422205,1609504940251421,2540163904,0.753472,-0.329888,0.17568,-13.76375,-13.440001,26.52125,-39.576,-10.416,-85.840004,inter_set_rest,4,5.0,36404.0,46102.0,74373.0,99013.0,32107.0,53703.0,30956.0,54945.0,20711.0,18526.0
2026-05-06 15:51:16.766469,422206,1609504940265910,2540176775,0.720288,-0.382592,0.035136,-8.5575,-11.725,30.94,-39.456,-6.480001,-86.952,inter_set_rest,4,5.0,36404.0,46102.0,74373.0,99013.0,32107.0,53703.0,30956.0,54945.0,20711.0,18526.0
2026-05-06 15:51:16.780259,422207,1609504940275222,2540187575,0.720288,-0.382592,0.035136,-0.315,-10.94625,32.1475,-39.456,-6.480001,-86.952,inter_set_rest,4,5.0,36404.0,46102.0,74373.0,99013.0,32107.0,53703.0,30956.0,54945.0,20711.0,18526.0
2026-05-06 15:51:16.790250,422208,1609504940289817,2540202521,0.788608,-0.329888,-0.001952,8.2775,-9.695,32.05125,-38.920002,-5.728,-86.888,inter_set_rest,4,5.0,36404.0,46102.0,74373.0,99013.0,32107.0,53703.0,30956.0,54945.0,20711.0,18526.0
2026-05-06 15:51:16.823684,422219,1609504940299301,2540211296,0.788608,-0.329888,-0.001952,15.8725,-8.5925,30.94875,-38.920002,-5.728,-86.888,inter_set_rest,4,5.0,36684.0,46261.0,74689.0,98749.0,32347.0,53776.0,31096.0,54713.0,20860.0,18568.0
2026-05-06 15:51:16.825223,422220,1609504940308501,2540220143,0.77104,-0.27328,-0.015616,15.53125,-4.01625,25.52375,-39.432003,-5.648,-86.840004,inter_set_rest,4,5.0,36684.0,46261.0,74689.0,98749.0,32347.0,53776.0,31096.0,54713.0,20860.0,18568.0
2026-05-06 15:51:16.827373,422221,1609504940323103,2540235150,0.77104,-0.27328,-0.015616,11.917501,0.28875,18.48,-39.432003,-5.648,-86.840004,inter_set_rest,4,5.0,36684.0,46261.0,74689.0,98749.0,32347.0,53776.0,31096.0,54713.0,20860.0,18568.0
2026-05-06 15:51:16.831139,422222,1609504940332039,2540243913,0.792512,-0.413824,0.152256,-4.69875,4.38375,8.26,-39.544003,-6.664001,-86.01601,inter_set_rest,4,5.0,36684.0,46261.0,74689.0,98749.0,32347.0,53776.0,31096.0,54713.0,20860.0,18568.0
2026-05-06 15:51:16.872635,422223,1609504940346656,2540258828,0.730048,-0.464576,0.121024,-16.52875,5.95,12.2325,-39.728,-4.336,-86.936005,inter_set_rest,4,5.0,36684.0,46261.0,74689.0,98749.0,32347.0,53776.0,31096.0,54713.0,20860.0,18568.0
2026-05-06 15:51:16.897658,422224,1609504940355601,2540267538,0.730048,-0.464576,0.121024,-13.9825,8.61,16.23125,-39.728,-4.336,-86.936005,inter_set_rest,4,5.0,36684.0,46261.0,74689.0,98749.0,32347.0,53776.0,31096.0,54713.0,20860.0,18568.0
2026-05-06 15:51:16.922578,422225,1609504940364618,2540276275,0.79056,-0.372832,0.031232,3.77125,7.70875,12.38125,-39.728,-4.224,-89.352005,inter_set_rest,4,5.0,36684.0,46261.0,74689.0,98749.0,32347.0,53776.0,31096.0,54713.0,20860.0,18568.0
2026-05-06 15:51:16.947800,422226,1609504940379072,2540291242,0.79056,-0.372832,0.031232,10.43,8.96,12.4425,-39.728,-4.224,-89.352005,inter_set_rest,4,5.0,36684.0,46261.0,74689.0,98749.0,32347.0,53776.0,31096.0,54713.0,20860.0,18568.0
2026-05-06 15:51:16.954014,422227,1609504940387987,2540299968,0.884256,-0.318176,0.011712,18.06875,9.205,4.89125,-40.352,-3.872,-86.824005,inter_set_rest,4,5.0,36684.0,46261.0,74689.0,98749.0,32347.0,53776.0,31096.0,54713.0,20860.0,18568.0
2026-05-06 15:51:16.981502,422238,1609504940402651,2540314979,0.884256,-0.318176,0.011712,7.28875,11.585,-3.6925,-40.352,-3.872,-86.824005,inter_set_rest,4,5.0,36730.0,46158.0,74562.0,98373.0,32350.0,53608.0,31019.0,54445.0,20846.0,18459.0
2026-05-06 15:51:16.983929,422239,1609504940411657,2540323671,0.833504,-0.337696,0.040992,-8.21625,13.615,-10.85,-40.472,-4.504,-85.94401,inter_set_rest,4,5.0,36730.0,46158.0,74562.0,98373.0,32350.0,53608.0,31019.0,54445.0,20846.0,18459.0
2026-05-06 15:51:16.986508,422240,1609504940426153,2540338554,0.825696,-0.402112,0.187392,-19.3725,13.9825,-15.93375,-40.816,-4.328,-87.008,inter_set_rest,4,5.0,36730.0,46158.0,74562.0,98373.0,32350.0,53608.0,31019.0,54445.0,20846.0,18459.0
2026-05-06 15:51:16.988797,422241,1609504940435184,2540347400,0.825696,-0.402112,0.187392,-28.49,13.93,-19.59125,-40.816,-4.328,-87.008,inter_set_rest,4,5.0,36730.0,46158.0,74562.0,98373.0,32350.0,53608.0,31019.0,54445.0,20846.0,18459.0
2026-05-06 15:51:16.991520,422242,1609504940444128,2540356147,0.825696,-0.402112,0.187392,-21.93625,14.9975,-19.6175,-40.816,-4.328,-87.008,inter_set_rest,4,5.0,36730.0,46158.0,74562.0,98373.0,32350.0,53608.0,31019.0,54445.0,20846.0,18459.0
2026-05-06 15:51:16.993970,422243,1609504940458624,2540371055,0.845216,-0.445056,0.140544,-9.5725,15.35625,-18.69875,-40.84,-4.184,-86.032005,inter_set_rest,4,5.0,36730.0,46158.0,74562.0,98373.0,32350.0,53608.0,31019.0,54445.0,20846.0,18459.0
2026-05-06 15:51:16.998786,422244,1609504940467568,2540379805,0.923296,-0.353312,0.081984,11.4625,16.1175,-18.69,-41.424004,-5.344,-85.36,inter_set_rest,4,5.0,36730.0,46158.0,74562.0,98373.0,32350.0,53608.0,31019.0,54445.0,20846.0,18459.0
2026-05-06 15:51:17.003690,422245,1609504940482072,2540394795,0.923296,-0.353312,0.081984,29.21625,14.93625,-20.93,-41.424004,-5.344,-85.36,inter_set_rest,4,5.0,36730.0,46158.0,74562.0,98373.0,32350.0,53608.0,31019.0,54445.0,20846.0,18459.0
2026-05-06 15:51:17.003783,422246,1609504940491027,2540403574,0.950624,-0.259616,0.076128,32.375,15.68,-24.3775,-41.872,-5.632,-85.20801,inter_set_rest,4,5.0,36730.0,46158.0,74562.0,98373.0,32350.0,53608.0,31019.0,54445.0,20846.0,18459.0
2026-05-06 15:51:17.037626,422257,1609504940505950,2540418587,0.981856,-0.314272,0.197152,24.2375,17.815,-29.18125,-42.048,-4.152,-86.37601,inter_set_rest,4,5.0,37022.0,46713.0,74991.0,98524.0,32609.0,54098.0,31220.0,54449.0,20954.0,18635.0
2026-05-06 15:51:17.040130,422258,1609504940514988,2540427502,0.981856,-0.314272,0.197152,6.5625,19.46875,-33.80125,-42.048,-4.152,-86.37601,inter_set_rest,4,5.0,37022.0,46713.0,74991.0,98524.0,32609.0,54098.0,31220.0,54449.0,20954.0,18635.0
2026-05-06 15:51:17.042670,422259,1609504940523986,2540436250,0.981856,-0.314272,0.197152,-6.5625,20.4225,-34.13375,-42.048,-4.152,-86.37601,inter_set_rest,4,5.0,37022.0,46713.0,74991.0,98524.0,32609.0,54098.0,31220.0,54449.0,20954.0,18635.0
2026-05-06 15:51:17.047719,422260,1609504940538530,2540451248,1.11264,-0.378688,0.109312,-12.775,21.4025,-36.96875,-42.68,-6.472,-82.79201,inter_set_rest,4,5.0,37022.0,46713.0,74991.0,98524.0,32609.0,54098.0,31220.0,54449.0,20954.0,18635.0
2026-05-06 15:51:17.050299,422261,1609504940547465,2540459954,1.175104,-0.36112,0.109312,-9.2575,20.51,-40.36375,-43.504,-7.624001,-83.58401,inter_set_rest,4,5.0,37022.0,46713.0,74991.0,98524.0,32609.0,54098.0,31220.0,54449.0,20954.0,18635.0
2026-05-06 15:51:17.063907,422262,1609504940561982,2540472858,1.175104,-0.36112,0.109312,1.12875,18.20875,-41.2475,-43.504,-7.624001,-83.58401,inter_set_rest,4,5.0,37022.0,46713.0,74991.0,98524.0,32609.0,54098.0,31220.0,54449.0,20954.0,18635.0
2026-05-06 15:51:17.072758,422263,1609504940571288,2540483666,1.114592,-0.337696,0.173728,4.9,16.625,-41.25625,-43.352,-5.632,-85.576004,inter_set_rest,4,5.0,37022.0,46713.0,74991.0,98524.0,32609.0,54098.0,31220.0,54449.0,20954.0,18635.0
2026-05-06 15:51:17.081438,422264,1609504940580281,2540492359,1.114592,-0.337696,0.173728,4.83875,15.07625,-39.03375,-43.352,-5.632,-85.576004,inter_set_rest,4,5.0,37022.0,46713.0,74991.0,98524.0,32609.0,54098.0,31220.0,54449.0,20954.0,18635.0
2026-05-06 15:51:17.094860,422265,1609504940594807,2540507327,1.09312,-0.33184,0.208864,-0.14,14.105001,-38.5,-43.368004,-6.072001,-85.32001,inter_set_rest,4,5.0,37022.0,46713.0,74991.0,98524.0,32609.0,54098.0,31220.0,54449.0,20954.0,18635.0
2026-05-06 15:51:17.124864,422276,1609504940603941,2540516127,1.09312,-0.33184,0.208864,-5.67875,12.76625,-38.8675,-43.368004,-6.072001,-85.32001,inter_set_rest,4,5.0,36633.0,46152.0,74756.0,98687.0,32362.0,53669.0,31118.0,54652.0,20849.0,18487.0
2026-05-06 15:51:17.127381,422277,1609504940618638,2540531191,1.208288,-0.329888,0.054656,-3.63125,11.480001,-36.925,-43.624,-7.8,-83.952,inter_set_rest,4,5.0,36633.0,46152.0,74756.0,98687.0,32362.0,53669.0,31118.0,54652.0,20849.0,18487.0
2026-05-06 15:51:17.129878,422278,1609504940627557,2540539903,1.255136,-0.355264,0.0976,2.765,9.8,-34.22125,-43.976,-8.056001,-84.616005,inter_set_rest,4,5.0,36633.0,46152.0,74756.0,98687.0,32362.0,53669.0,31118.0,54652.0,20849.0,18487.0
2026-05-06 15:51:17.136468,422279,1609504940636504,2540548718,1.255136,-0.355264,0.0976,4.26125,8.67125,-31.5,-43.976,-8.056001,-84.616005,inter_set_rest,4,5.0,36633.0,46152.0,74756.0,98687.0,32362.0,53669.0,31118.0,54652.0,20849.0,18487.0
2026-05-06 15:51:17.155238,422280,1609504940650998,2540563659,1.159488,-0.306464,0.124928,-6.51875,8.75,-28.60375,-44.440002,-7.992001,-84.52801,inter_set_rest,4,5.0,36633.0,46152.0,74756.0,98687.0,32362.0,53669.0,31118.0,54652.0,20849.0,18487.0
2026-05-06 15:51:17.161510,422281,1609504940659930,2540572375,1.159488,-0.306464,0.124928,-11.2175,8.05875,-25.41,-44.440002,-7.992001,-84.52801,inter_set_rest,4,5.0,36633.0,46152.0,74756.0,98687.0,32362.0,53669.0,31118.0,54652.0,20849.0,18487.0
2026-05-06 15:51:17.194888,422282,1609504940674538,2540587272,1.143872,-0.306464,0.152256,-12.34625,5.76625,-23.02125,-43.976,-6.472,-85.144005,inter_set_rest,4,5.0,36633.0,46152.0,74756.0,98687.0,32362.0,53669.0,31118.0,54652.0,20849.0,18487.0
2026-05-06 15:51:17.197600,422283,1609504940683614,2540596037,1.143872,-0.306464,0.152256,-8.81125,3.68375,-19.495,-43.976,-6.472,-85.144005,inter_set_rest,4,5.0,36633.0,46152.0,74756.0,98687.0,32362.0,53669.0,31118.0,54652.0,20849.0,18487.0
2026-05-06 15:51:17.200113,422284,1609504940698095,2540608888,1.116544,-0.32208,0.115168,-1.81125,1.77625,-14.2625,-44.376003,-6.784,-85.37601,inter_set_rest,4,5.0,36633.0,46152.0,74756.0,98687.0,32362.0,53669.0,31118.0,54652.0,20849.0,18487.0
2026-05-06 15:51:17.230185,422295,1609504940707484,2540619829,1.069696,-0.277184,0.052704,-0.1225,-0.105,-10.3775,-44.344,-7.232,-85.73601,inter_set_rest,4,5.0,36201.0,45820.0,74466.0,98531.0,32042.0,53354.0,30979.0,54630.0,20682.0,18360.0
2026-05-06 15:51:17.232771,422296,1609504940716559,2540628587,1.069696,-0.277184,0.052704,-0.0525,-2.4325,-5.425,-44.344,-7.232,-85.73601,inter_set_rest,4,5.0,36201.0,45820.0,74466.0,98531.0,32042.0,53354.0,30979.0,54630.0,20682.0,18360.0
2026-05-06 15:51:17.235294,422297,1609504940731138,2540643632,1.036512,-0.281088,0.10736,-4.50625,-4.06,-2.00375,-44.440002,-7.096,-85.352005,inter_set_rest,4,5.0,36201.0,45820.0,74466.0,98531.0,32042.0,53354.0,30979.0,54630.0,20682.0,18360.0
2026-05-06 15:51:17.262591,422298,1609504940740093,2540652364,1.036512,-0.281088,0.10736,-11.40125,-4.585,-1.56625,-44.440002,-7.096,-85.352005,inter_set_rest,4,5.0,36201.0,45820.0,74466.0,98531.0,32042.0,53354.0,30979.0,54630.0,20682.0,18360.0
2026-05-06 15:51:17.288324,422299,1609504940754610,2540667269,0.968192,-0.300608,0.081984,-13.58875,-4.87375,0.9625,-44.176003,-6.856,-85.54401,inter_set_rest,4,5.0,36201.0,45820.0,74466.0,98531.0,32042.0,53354.0,30979.0,54630.0,20682.0,18360.0
2026-05-06 15:51:17.297704,422300,1609504940763537,2540675979,0.968192,-0.300608,0.081984,-10.43,-6.15125,3.31625,-44.176003,-6.856,-85.54401,inter_set_rest,4,5.0,36201.0,45820.0,74466.0,98531.0,32042.0,53354.0,30979.0,54630.0,20682.0,18360.0
2026-05-06 15:51:17.300183,422301,1609504940772468,2540684686,0.923296,-0.275232,0.072224,-5.31125,-6.79,4.10375,-43.928,-6.656,-85.37601,inter_set_rest,4,5.0,36201.0,45820.0,74466.0,98531.0,32042.0,53354.0,30979.0,54630.0,20682.0,18360.0
2026-05-06 15:51:17.302757,422302,1609504940786967,2540699589,0.923296,-0.228384,0.066368,-0.3325,-6.81625,4.97,-43.928,-6.656,-85.37601,inter_set_rest,4,5.0,36201.0,45820.0,74466.0,98531.0,32042.0,53354.0,30979.0,54630.0,20682.0,18360.0
2026-05-06 15:51:17.305161,422303,1609504940796055,2540708332,0.882304,-0.228384,0.066368,0.6125,-7.1575,5.3725,-44.376003,-6.584,-86.712006,inter_set_rest,4,5.0,36201.0,45820.0,74466.0,98531.0,32042.0,53354.0,30979.0,54630.0,20682.0,18360.0
2026-05-06 15:51:17.340309,422314,1609504940810688,2540723366,0.827648,-0.22448,0.040992,-2.31,-6.83375,5.9325,-43.68,-8.552,-84.47201,inter_set_rest,4,5.0,36313.0,45981.0,74553.0,98351.0,32153.0,53547.0,31025.0,54514.0,20779.0,18445.0
2026-05-06 15:51:17.342788,422315,1609504940819738,2540732080,0.827648,-0.22448,0.040992,-7.42875,-6.27375,5.18875,-43.68,-8.552,-84.47201,inter_set_rest,4,5.0,36313.0,45981.0,74553.0,98351.0,32153.0,53547.0,31025.0,54514.0,20779.0,18445.0
2026-05-06 15:51:17.345084,422316,1609504940828741,2540740811,0.825696,-0.265472,0.064416,-9.555,-5.5475,4.55875,-43.624,-8.656,-84.48,inter_set_rest,4,5.0,36313.0,45981.0,74553.0,98351.0,32153.0,53547.0,31025.0,54514.0,20779.0,18445.0
2026-05-06 15:51:17.347750,422317,1609504940843283,2540755853,0.825696,-0.265472,0.064416,-9.52875,-4.8475,4.31375,-43.624,-8.656,-84.48,inter_set_rest,4,5.0,36313.0,45981.0,74553.0,98351.0,32153.0,53547.0,31025.0,54514.0,20779.0,18445.0
2026-05-06 15:51:17.354041,422318,1609504940852204,2540764563,0.817888,-0.275232,0.085888,-4.69875,-4.55875,4.48,-44.000004,-8.616,-84.664,inter_set_rest,4,5.0,36313.0,45981.0,74553.0,98351.0,32153.0,53547.0,31025.0,54514.0,20779.0,18445.0
2026-05-06 15:51:17.367626,422319,1609504940866804,2540779470,0.817888,-0.275232,0.085888,3.15875,-4.1825,4.59375,-44.000004,-8.616,-84.664,inter_set_rest,4,5.0,36313.0,45981.0,74553.0,98351.0,32153.0,53547.0,31025.0,54514.0,20779.0,18445.0
2026-05-06 15:51:17.376219,422320,1609504940875760,2540788195,0.843264,-0.257664,0.023424,7.6825,-3.47375,4.3575,-43.784,-6.896,-84.26401,inter_set_rest,4,5.0,36313.0,45981.0,74553.0,98351.0,32153.0,53547.0,31025.0,54514.0,20779.0,18445.0
2026-05-06 15:51:17.398860,422321,1609504940890346,2540801110,0.806176,-0.22448,0.050752,8.51375,-2.30125,4.08625,-44.08,-7.712,-84.80801,inter_set_rest,4,5.0,36313.0,45981.0,74553.0,98351.0,32153.0,53547.0,31025.0,54514.0,20779.0,18445.0
2026-05-06 15:51:17.429848,422332,1609504940899552,2540812378,0.806176,-0.22448,0.050752,7.02625,-1.2425,3.47375,-44.08,-7.712,-84.80801,inter_set_rest,4,5.0,36367.0,46284.0,74672.0,98356.0,32214.0,53824.0,31088.0,54485.0,20841.0,18585.0
2026-05-06 15:51:17.432294,422333,1609504940908628,2540821171,0.81008,-0.265472,0.070272,5.41625,-0.42875,2.30125,-43.72,-6.192,-84.896,inter_set_rest,4,5.0,36367.0,46284.0,74672.0,98356.0,32214.0,53824.0,31088.0,54485.0,20841.0,18585.0
2026-05-06 15:51:17.437610,422334,1609504940923232,2540834093,0.81008,-0.265472,0.070272,4.2,-0.28,0.9975,-43.72,-6.192,-84.896,inter_set_rest,4,5.0,36367.0,46284.0,74672.0,98356.0,32214.0,53824.0,31088.0,54485.0,20841.0,18585.0
2026-05-06 15:51:17.442604,422335,1609504940932763,2540844933,0.8296,-0.279136,0.105408,4.61125,0.28875,-0.0875,-43.68,-5.784,-85.976006,inter_set_rest,4,5.0,36367.0,46284.0,74672.0,98356.0,32214.0,53824.0,31088.0,54485.0,20841.0,18585.0
2026-05-06 15:51:17.445036,422336,1609504940941704,2540853651,0.8296,-0.279136,0.105408,5.45125,0.46375,0.21,-43.68,-5.784,-85.976006,inter_set_rest,4,5.0,36367.0,46284.0,74672.0,98356.0,32214.0,53824.0,31088.0,54485.0,20841.0,18585.0
2026-05-06 15:51:17.458898,422337,1609504940956435,2540868662,0.84912,-0.277184,0.080032,6.57125,0.67375,1.6975,-43.752003,-7.616,-84.79201,inter_set_rest,4,5.0,36367.0,46284.0,74672.0,98356.0,32214.0,53824.0,31088.0,54485.0,20841.0,18585.0
2026-05-06 15:51:17.465138,422338,1609504940965406,2540877419,0.84912,-0.277184,0.080032,7.93625,0.84,1.39125,-43.752003,-7.616,-84.79201,inter_set_rest,4,5.0,36367.0,46284.0,74672.0,98356.0,32214.0,53824.0,31088.0,54485.0,20841.0,18585.0
2026-05-06 15:51:17.498949,422339,1609504940979902,2540892363,0.843264,-0.296704,0.05856,8.21625,1.3475,0.595,-44.104004,-7.2,-84.32001,inter_set_rest,4,5.0,36367.0,46284.0,74672.0,98356.0,32214.0,53824.0,31088.0,54485.0,20841.0,18585.0
2026-05-06 15:51:17.526560,422340,1609504940988818,2540901062,0.860832,-0.314272,0.066368,8.2425,1.855,1.1375,-44.104004,-5.152,-85.592,inter_set_rest,4,5.0,36367.0,46284.0,74672.0,98356.0,32214.0,53824.0,31088.0,54485.0,20841.0,18585.0
2026-05-06 15:51:17.556660,422351,1609504941003384,2540916153,0.860832,-0.314272,0.066368,8.25125,2.555,1.12,-43.552002,-5.304,-85.592,inter_set_rest,4,5.0,36112.0,45922.0,74228.0,97679.0,31949.0,53431.0,30825.0,54086.0,20682.0,18418.0
2026-05-06 15:51:17.559509,422352,1609504941012409,2540925005,0.854976,-0.296704,0.113216,9.17,3.395,1.015,-43.72,-5.8,-85.504005,inter_set_rest,4,5.0,36112.0,45922.0,74228.0,97679.0,31949.0,53431.0,30825.0,54086.0,20682.0,18418.0
2026-05-06 15:51:17.561248,422353,1609504941021412,2540933741,0.854976,-0.296704,0.113216,9.1,3.43,1.53125,-43.72,-5.8,-85.504005,inter_set_rest,4,5.0,36112.0,45922.0,74228.0,97679.0,31949.0,53431.0,30825.0,54086.0,20682.0,18418.0
2026-05-06 15:51:17.566270,422354,1609504941035989,2540948706,0.870592,-0.304512,0.12688,9.205,3.73625,0.84,-43.696003,-4.784,-85.392006,inter_set_rest,4,5.0,36112.0,45922.0,74228.0,97679.0,31949.0,53431.0,30825.0,54086.0,20682.0,18418.0
2026-05-06 15:51:17.568461,422355,1609504941044933,2540957472,0.870592,-0.304512,0.12688,9.75625,3.87625,0.245,-43.696003,-4.784,-85.392006,inter_set_rest,4,5.0,36112.0,45922.0,74228.0,97679.0,31949.0,53431.0,30825.0,54086.0,20682.0,18418.0
2026-05-06 15:51:17.571016,422356,1609504941059461,2540970432,0.870592,-0.298656,0.148352,8.82,3.63125,-0.245,-44.048,-8.536,-83.22401,inter_set_rest,4,5.0,36112.0,45922.0,74228.0,97679.0,31949.0,53431.0,30825.0,54086.0,20682.0,18418.0
2026-05-06 15:51:17.573488,422357,1609504941068921,2540981230,0.870592,-0.298656,0.099552,7.60375,3.26375,-1.16375,-44.048,-8.536,-83.22401,inter_set_rest,4,5.0,36112.0,45922.0,74228.0,97679.0,31949.0,53431.0,30825.0,54086.0,20682.0,18418.0
2026-05-06 15:51:17.577175,422358,1609504941077842,2540989941,0.882304,-0.320128,0.099552,7.175,3.01,-1.98625,-44.064003,-8.128,-84.272,inter_set_rest,4,5.0,36112.0,45922.0,74228.0,97679.0,31949.0,53431.0,30825.0,54086.0,20682.0,18418.0
2026-05-06 15:51:17.616429,422359,1609504941092381,2541004897,0.88816,-0.324032,0.144448,6.615,2.98375,-2.23125,-44.192,-5.12,-85.152,inter_set_rest,4,5.0,36112.0,45922.0,74228.0,97679.0,31949.0,53431.0,30825.0,54086.0,20682.0,18418.0
2026-05-06 15:51:17.697761,422370,1609504941101311,2541013623,0.88816,-0.324032,0.144448,6.92125,3.31625,-2.33625,-44.192,-5.12,-85.152,inter_set_rest,4,5.0,35755.0,45455.0,73849.0,97257.0,31684.0,53061.0,30623.0,53853.0,20532.0,18257.0
2026-05-06 15:51:17.700222,422371,1609504941115863,2541028561,0.86864,-0.306464,0.138592,7.44625,3.87625,-2.695,-43.960003,-4.464,-85.448006,inter_set_rest,4,5.0,35755.0,45455.0,73849.0,97257.0,31684.0,53061.0,30623.0,53853.0,20532.0,18257.0
2026-05-06 15:51:17.702754,422372,1609504941124817,2541037255,0.86864,-0.306464,0.138592,8.95125,3.5875,-3.29,-43.960003,-4.464,-85.448006,inter_set_rest,4,5.0,35755.0,45455.0,73849.0,97257.0,31684.0,53061.0,30623.0,53853.0,20532.0,18257.0
2026-05-06 15:51:17.705276,422373,1609504941139333,2541050154,0.85888,-0.277184,0.128832,10.36875,3.45625,-3.8675,-43.888,-4.616,-85.504005,inter_set_rest,4,5.0,35755.0,45455.0,73849.0,97257.0,31684.0,53061.0,30623.0,53853.0,20532.0,18257.0
2026-05-06 15:51:17.707754,422374,1609504941148618,2541060984,0.85888,-0.277184,0.128832,10.36,3.08875,-3.73625,-43.888,-4.616,-85.504005,inter_set_rest,4,5.0,35755.0,45455.0,73849.0,97257.0,31684.0,53061.0,30623.0,53853.0,20532.0,18257.0
2026-05-06 15:51:17.710027,422375,1609504941157538,2541069685,0.872544,-0.279136,0.169824,8.54,2.70375,-4.40125,-44.128002,-6.296001,-84.448006,inter_set_rest,4,5.0,35755.0,45455.0,73849.0,97257.0,31684.0,53061.0,30623.0,53853.0,20532.0,18257.0
2026-05-06 15:51:17.712508,422376,1609504941172029,2541084644,0.872544,-0.30256,0.10736,6.36125,2.72125,-5.13625,-44.112003,-4.952,-85.52801,inter_set_rest,4,5.0,35755.0,45455.0,73849.0,97257.0,31684.0,53061.0,30623.0,53853.0,20532.0,18257.0
2026-05-06 15:51:17.714869,422377,1609504941180965,2541093393,0.872544,-0.30256,0.10736,4.48,2.75625,-5.635,-44.112003,-4.952,-85.52801,inter_set_rest,4,5.0,35755.0,45455.0,73849.0,97257.0,31684.0,53061.0,30623.0,53853.0,20532.0,18257.0
2026-05-06 15:51:17.717630,422378,1609504941195632,2541106418,0.866688,-0.28304,0.152256,3.15875,3.01,-6.46625,-43.952003,-4.392,-85.104004,inter_set_rest,4,5.0,35755.0,45455.0,73849.0,97257.0,31684.0,53061.0,30623.0,53853.0,20532.0,18257.0
2026-05-06 15:51:17.748913,422389,1609504941205777,2541117332,0.866688,-0.28304,0.152256,4.445,2.42375,-6.41375,-43.952003,-4.392,-85.104004,inter_set_rest,4,5.0,35454.0,44976.0,73612.0,96977.0,31472.0,52655.0,30537.0,53749.0,20448.0,18102.0
2026-05-06 15:51:17.749926,422390,1609504941214801,2541126118,0.854976,-0.257664,0.148352,6.71125,1.435,-6.36125,-44.776,-8.592,-82.304,inter_set_rest,4,5.0,35454.0,44976.0,73612.0,96977.0,31472.0,52655.0,30537.0,53749.0,20448.0,18102.0
2026-05-06 15:51:17.753427,422391,1609504941229373,2541141220,0.854976,-0.257664,0.148352,8.015,0.07,-7.0875,-44.776,-8.592,-82.304,inter_set_rest,4,5.0,35454.0,44976.0,73612.0,96977.0,31472.0,52655.0,30537.0,53749.0,20448.0,18102.0
2026-05-06 15:51:17.755140,422392,1609504941238419,2541149970,0.890112,-0.267424,0.103456,9.61625,-1.3825,-6.67625,-44.384003,-7.488,-84.75201,inter_set_rest,4,5.0,35454.0,44976.0,73612.0,96977.0,31472.0,52655.0,30537.0,53749.0,20448.0,18102.0
2026-05-06 15:51:17.757601,422393,1609504941252938,2541164966,0.919392,-0.279136,0.095648,9.7825,-1.9075,-6.825,-44.416,-7.400001,-83.776,inter_set_rest,4,5.0,35454.0,44976.0,73612.0,96977.0,31472.0,52655.0,30537.0,53749.0,20448.0,18102.0
2026-05-06 15:51:17.763940,422394,1609504941261875,2541173672,0.919392,-0.279136,0.095648,8.67125,-1.47875,-6.90375,-44.416,-7.400001,-83.776,inter_set_rest,4,5.0,35454.0,44976.0,73612.0,96977.0,31472.0,52655.0,30537.0,53749.0,20448.0,18102.0
2026-05-06 15:51:17.770049,422395,1609504941270828,2541182411,0.919392,-0.271328,0.121024,5.06625,-1.05,-6.4225,-44.416,-7.400001,-87.872,inter_set_rest,4,5.0,35454.0,44976.0,73612.0,96977.0,31472.0,52655.0,30537.0,53749.0,20448.0,18102.0
2026-05-06 15:51:17.794085,422396,1609504941285361,2541197375,0.890112,-0.271328,0.121024,3.395,-1.96,-6.37,-44.136,-4.368,-86.11201,inter_set_rest,4,5.0,35454.0,44976.0,73612.0,96977.0,31472.0,52655.0,30537.0,53749.0,20448.0,18102.0
2026-05-06 15:51:17.796604,422397,1609504941294442,2541206097,0.890112,-0.277184,0.119072,5.0575,-2.8875,-6.475,-44.144,-4.216,-85.296005,inter_set_rest,4,5.0,35454.0,44976.0,73612.0,96977.0,31472.0,52655.0,30537.0,53749.0,20448.0,18102.0
2026-05-06 15:51:17.827691,422408,1609504941309173,2541221396,0.890112,-0.277184,0.119072,7.315,-3.185,-5.705,-44.144,-4.216,-85.296005,inter_set_rest,4,5.0,35275.0,44682.0,73499.0,96611.0,31272.0,52459.0,30466.0,53555.0,20338.0,18010.0
2026-05-06 15:51:17.830269,422409,1609504941318195,2541230244,0.925248,-0.286944,0.124928,9.6075,-3.8675,-5.3375,-44.160004,-5.728,-84.20801,inter_set_rest,4,5.0,35275.0,44682.0,73499.0,96611.0,31272.0,52459.0,30466.0,53555.0,20338.0,18010.0
2026-05-06 15:51:17.832674,422410,1609504941327179,2541239045,0.925248,-0.286944,0.124928,10.77125,-3.7625,-4.73375,-44.160004,-5.728,-84.20801,inter_set_rest,4,5.0,35275.0,44682.0,73499.0,96611.0,31272.0,52459.0,30466.0,53555.0,20338.0,18010.0
2026-05-06 15:51:17.841371,422411,1609504941341703,2541254069,0.940864,-0.290848,0.11712,11.57625,-3.57,-3.87625,-44.120003,-5.936,-84.968,inter_set_rest,4,5.0,35275.0,44682.0,73499.0,96611.0,31272.0,52459.0,30466.0,53555.0,20338.0,18010.0
2026-05-06 15:51:17.852354,422412,1609504941350664,2541262823,0.940864,-0.290848,0.11712,12.95875,-3.14125,-3.4475,-44.120003,-5.936,-84.968,inter_set_rest,4,5.0,35275.0,44682.0,73499.0,96611.0,31272.0,52459.0,30466.0,53555.0,20338.0,18010.0
2026-05-06 15:51:17.866544,422413,1609504941365208,2541277774,0.911584,-0.284992,0.140544,13.55375,-3.26375,-3.605,-43.992,-3.704,-86.304,inter_set_rest,4,5.0,35275.0,44682.0,73499.0,96611.0,31272.0,52459.0,30466.0,53555.0,20338.0,18010.0
2026-05-06 15:51:17.875095,422414,1609504941374127,2541286606,0.880352,-0.27328,0.101504,14.9275,-2.94,-3.325,-44.072002,-3.36,-85.44,inter_set_rest,4,5.0,35275.0,44682.0,73499.0,96611.0,31272.0,52459.0,30466.0,53555.0,20338.0,18010.0
2026-05-06 15:51:17.888987,422415,1609504941388635,2541299470,0.880352,-0.27328,0.101504,15.75,-2.4325,-3.29875,-44.072002,-3.36,-85.44,inter_set_rest,4,5.0,35275.0,44682.0,73499.0,96611.0,31272.0,52459.0,30466.0,53555.0,20338.0,18010.0
2026-05-06 15:51:17.902752,422416,1609504941397907,2541310304,0.884256,-0.279136,0.081984,16.07375,-1.04125,-2.66875,-43.872,-4.968,-85.504005,inter_set_rest,4,5.0,35275.0,44682.0,73499.0,96611.0,31272.0,52459.0,30466.0,53555.0,20338.0,18010.0
2026-05-06 15:51:17.933229,422428,1609504941407101,2541319109,0.884256,-0.279136,0.081984,15.846251,0.02625,-2.59875,-43.872,-4.968,-85.504005,inter_set_rest,4,5.0,35374.0,44656.0,73590.0,96302.0,31317.0,52420.0,30533.0,53404.0,20348.0,17976.0
2026-05-06 15:51:17.935567,422429,1609504941421785,2541334199,0.86864,-0.279136,0.074176,16.24875,1.56625,-2.6425,-44.064003,-3.528,-85.328,inter_set_rest,4,5.0,35374.0,44656.0,73590.0,96302.0,31317.0,52420.0,30533.0,53404.0,20348.0,17976.0
2026-05-06 15:51:17.937393,422430,1609504941430803,2541342990,0.86864,-0.279136,0.074176,16.555,2.5725,-2.77375,-44.064003,-3.528,-85.328,inter_set_rest,4,5.0,35374.0,44656.0,73590.0,96302.0,31317.0,52420.0,30533.0,53404.0,20348.0,17976.0
2026-05-06 15:51:17.946421,422431,1609504941445317,2541357883,0.86864,-0.296704,0.08784,18.235,4.31375,-3.47375,-44.24,-2.824,-85.176,inter_set_rest,4,5.0,35374.0,44656.0,73590.0,96302.0,31317.0,52420.0,30533.0,53404.0,20348.0,17976.0
2026-05-06 15:51:17.958992,422432,1609504941454270,2541366755,0.864736,-0.290848,0.103456,20.65875,5.7925,-4.235,-43.528004,-3.136,-86.296005,inter_set_rest,4,5.0,35374.0,44656.0,73590.0,96302.0,31317.0,52420.0,30533.0,53404.0,20348.0,17976.0
2026-05-06 15:51:17.962615,422433,1609504941463180,2541375485,0.864736,-0.290848,0.103456,22.4525,7.105,-4.80375,-43.528004,-3.136,-86.296005,inter_set_rest,4,5.0,35374.0,44656.0,73590.0,96302.0,31317.0,52420.0,30533.0,53404.0,20348.0,17976.0
2026-05-06 15:51:17.997573,422434,1609504941477683,2541390406,0.843264,-0.251808,0.128832,24.66625,8.295,-5.20625,-44.464,-4.224,-84.216,inter_set_rest,4,5.0,35374.0,44656.0,73590.0,96302.0,31317.0,52420.0,30533.0,53404.0,20348.0,17976.0
2026-05-06 15:51:18.022570,422435,1609504941486639,2541399140,0.843264,-0.251808,0.128832,25.3925,9.26625,-5.22375,-44.464,-4.224,-84.216,inter_set_rest,4,5.0,35374.0,44656.0,73590.0,96302.0,31317.0,52420.0,30533.0,53404.0,20348.0,17976.0
2026-05-06 15:51:18.047485,422436,1609504941501124,2541411971,0.827648,-0.228384,0.111264,24.272501,10.675,-7.21875,-44.056004,-2.6,-85.032005,inter_set_rest,4,5.0,35374.0,44656.0,73590.0,96302.0,31317.0,52420.0,30533.0,53404.0,20348.0,17976.0
2026-05-06 15:51:18.095102,422447,1609504941510543,2541422863,0.827648,-0.228384,0.111264,22.6975,11.480001,-7.9975,-44.056004,-2.6,-85.032005,inter_set_rest,4,5.0,35697.0,44873.0,73945.0,96271.0,31650.0,52654.0,30724.0,53370.0,20522.0,18090.0
2026-05-06 15:51:18.100222,422448,1609504941519476,2541431580,0.833504,-0.279136,0.089792,23.63375,11.87375,-9.68625,-44.256,-2.384,-84.12,inter_set_rest,4,5.0,35697.0,44873.0,73945.0,96271.0,31650.0,52654.0,30724.0,53370.0,20522.0,18090.0
2026-05-06 15:51:18.102633,422449,1609504941534065,2541446517,0.851072,-0.28304,0.134688,25.43625,12.34625,-11.10375,-44.384003,-2.272,-83.28001,inter_set_rest,4,5.0,35697.0,44873.0,73945.0,96271.0,31650.0,52654.0,30724.0,53370.0,20522.0,18090.0
2026-05-06 15:51:18.105079,422450,1609504941542993,2541455220,0.851072,-0.28304,0.134688,29.63625,12.67,-11.13875,-44.384003,-2.272,-83.28001,inter_set_rest,4,5.0,35697.0,44873.0,73945.0,96271.0,31650.0,52654.0,30724.0,53370.0,20522.0,18090.0
2026-05-06 15:51:18.107628,422451,1609504941557576,2541470164,0.83936,-0.232288,0.11712,31.911251,13.58,-11.655,-44.800003,-2.136,-84.304,inter_set_rest,4,5.0,35697.0,44873.0,73945.0,96271.0,31650.0,52654.0,30724.0,53370.0,20522.0,18090.0
2026-05-06 15:51:18.111703,422452,1609504941566505,2541478945,0.83936,-0.232288,0.11712,33.87125,14.1225,-12.22375,-44.800003,-2.136,-84.304,inter_set_rest,4,5.0,35697.0,44873.0,73945.0,96271.0,31650.0,52654.0,30724.0,53370.0,20522.0,18090.0
2026-05-06 15:51:18.112460,422453,1609504941581020,2541491864,0.860832,-0.21472,0.152256,34.65,15.7325,-12.50375,-44.648003,-1.8,-83.984,inter_set_rest,4,5.0,35697.0,44873.0,73945.0,96271.0,31650.0,52654.0,30724.0,53370.0,20522.0,18090.0
2026-05-06 15:51:18.117459,422454,1609504941590607,2541502736,0.860832,-0.21472,0.152256,34.0025,17.325,-14.1925,-44.648003,-1.8,-83.984,inter_set_rest,4,5.0,35697.0,44873.0,73945.0,96271.0,31650.0,52654.0,30724.0,53370.0,20522.0,18090.0
2026-05-06 15:51:18.117547,422455,1609504941599595,2541511487,0.835456,-0.218624,0.177632,34.78125,17.7275,-15.295,-44.640003,-1.736,-83.69601,inter_set_rest,4,5.0,35697.0,44873.0,73945.0,96271.0,31650.0,52654.0,30724.0,53370.0,20522.0,18090.0
2026-05-06 15:51:18.172363,422466,1609504941614619,2541526495,0.84912,-0.22448,0.210816,36.79375,18.31375,-15.575,-45.472004,-3.328,-81.64001,inter_set_rest,4,5.0,35553.0,44609.0,73588.0,96015.0,31500.0,52322.0,30542.0,53195.0,20488.0,17988.0
2026-05-06 15:51:18.174862,422467,1609504941623640,2541535280,0.84912,-0.22448,0.210816,37.24,18.935,-15.9075,-45.472004,-3.328,-81.64001,inter_set_rest,4,5.0,35553.0,44609.0,73588.0,96015.0,31500.0,52322.0,30542.0,53195.0,20488.0,17988.0
2026-05-06 15:51:18.177383,422468,1609504941632801,2541544057,0.84912,-0.22448,0.210816,35.55125,20.545,-15.4,-45.472004,-3.328,-81.64001,inter_set_rest,4,5.0,35553.0,44609.0,73588.0,96015.0,31500.0,52322.0,30542.0,53195.0,20488.0,17988.0
2026-05-06 15:51:18.180237,422469,1609504941647343,2541559071,0.853024,-0.220576,0.208864,33.1625,22.70625,-14.595,-45.448,-2.904,-81.54401,inter_set_rest,4,5.0,35553.0,44609.0,73588.0,96015.0,31500.0,52322.0,30542.0,53195.0,20488.0,17988.0
2026-05-06 15:51:18.182731,422470,1609504941656297,2541567815,0.866688,-0.22448,0.249856,31.87625,25.90875,-14.533751,-45.464,-1.12,-82.26401,inter_set_rest,4,5.0,35553.0,44609.0,73588.0,96015.0,31500.0,52322.0,30542.0,53195.0,20488.0,17988.0
2026-05-06 15:51:18.185266,422471,1609504941670817,2541582731,0.866688,-0.22448,0.249856,34.18625,27.50125,-14.84875,-45.464,-1.12,-82.26401,inter_set_rest,4,5.0,35553.0,44609.0,73588.0,96015.0,31500.0,52322.0,30542.0,53195.0,20488.0,17988.0
2026-05-06 15:51:18.187755,422472,1609504941679741,2541591440,0.886208,-0.203008,0.25376,40.74875,27.36125,-14.14,-45.832,-0.784,-81.84801,inter_set_rest,4,5.0,35553.0,44609.0,73588.0,96015.0,31500.0,52322.0,30542.0,53195.0,20488.0,17988.0
2026-05-06 15:51:18.196582,422473,1609504941694311,2541606399,0.8784,-0.162016,0.249856,49.90125,25.655,-12.46,-45.832,-0.632,-82.184006,inter_set_rest,4,5.0,35553.0,44609.0,73588.0,96015.0,31500.0,52322.0,30542.0,53195.0,20488.0,17988.0
2026-05-06 15:51:18.202747,422474,1609504941703230,2541615146,0.8784,-0.162016,0.249856,54.888752,23.24875,-11.2525,-45.888,-0.632,-82.184006,inter_set_rest,4,5.0,35553.0,44609.0,73588.0,96015.0,31500.0,52322.0,30542.0,53195.0,20488.0,17988.0
2026-05-06 15:51:18.230086,422485,1609504941712427,2541623907,0.8784,-0.162016,0.249856,53.83875,20.755,-11.445,-45.888,-0.632,-82.184006,inter_set_rest,4,5.0,35201.0,44163.0,72858.0,96064.0,31176.0,51989.0,30206.0,53237.0,20347.0,17929.0
2026-05-06 15:51:18.232666,422486,1609504941727003,2541638868,0.85888,-0.121024,0.28304,49.525,18.5325,-11.57625,-45.968002,-0.296,-81.248,inter_set_rest,4,5.0,35201.0,44163.0,72858.0,96064.0,31176.0,51989.0,30206.0,53237.0,20347.0,17929.0
2026-05-06 15:51:18.236498,422487,1609504941736078,2541647594,0.901824,-0.12688,0.255712,45.1325,15.9775,-10.92,-46.104004,-0.168,-80.856,inter_set_rest,4,5.0,35201.0,44163.0,72858.0,96064.0,31176.0,51989.0,30206.0,53237.0,20347.0,17929.0
2026-05-06 15:51:18.252690,422488,1609504941750592,2541662529,0.901824,-0.12688,0.255712,42.67375,13.37,-9.94,-46.104004,-0.168,-80.856,inter_set_rest,4,5.0,35201.0,44163.0,72858.0,96064.0,31176.0,51989.0,30206.0,53237.0,20347.0,17929.0
2026-05-06 15:51:18.259023,422489,1609504941759488,2541671348,0.933056,-0.189344,0.245952,39.935,10.9375,-11.83,-46.072002,-0.344,-80.424,inter_set_rest,4,5.0,35201.0,44163.0,72858.0,96064.0,31176.0,51989.0,30206.0,53237.0,20347.0,17929.0
2026-05-06 15:51:18.267749,422490,1609504941768437,2541680113,0.933056,-0.189344,0.245952,38.8325,8.82,-13.50125,-46.072002,-0.344,-80.424,inter_set_rest,4,5.0,35201.0,44163.0,72858.0,96064.0,31176.0,51989.0,30206.0,53237.0,20347.0,17929.0
2026-05-06 15:51:18.289007,422491,1609504941783120,2541695117,0.899872,-0.171776,0.279136,39.62875,5.83625,-11.22625,-45.984,0.336,-79.736,inter_set_rest,4,5.0,35201.0,44163.0,72858.0,96064.0,31176.0,51989.0,30206.0,53237.0,20347.0,17929.0
2026-05-06 15:51:18.292730,422492,1609504941792044,2541703813,0.899872,-0.171776,0.279136,41.25625,4.9,-8.68875,-45.984,0.336,-79.736,inter_set_rest,4,5.0,35201.0,44163.0,72858.0,96064.0,31176.0,51989.0,30206.0,53237.0,20347.0,17929.0
2026-05-06 15:51:18.331315,422503,1609504941806565,2541718713,0.890112,-0.115168,0.279136,42.35,4.2525,-7.805,-46.208004,0.16,-80.496,inter_set_rest,4,5.0,34834.0,43511.0,72298.0,95671.0,30832.0,51414.0,29933.0,53122.0,20167.0,17701.0
2026-05-06 15:51:18.333872,422504,1609504941816253,2541727442,0.923296,-0.064416,0.304512,42.53375,3.45625,-4.89125,-46.176003,-0.76,-78.592,inter_set_rest,4,5.0,34834.0,43511.0,72298.0,95671.0,30832.0,51414.0,29933.0,53122.0,20167.0,17701.0
2026-05-06 15:51:18.336471,422505,1609504941825729,2541738317,0.923296,-0.064416,0.304512,37.96625,3.2375,-2.80875,-46.176003,-0.76,-78.592,inter_set_rest,4,5.0,34834.0,43511.0,72298.0,95671.0,30832.0,51414.0,29933.0,53122.0,20167.0,17701.0
2026-05-06 15:51:18.338881,422506,1609504941840309,2541751177,0.903776,-0.124928,0.286944,32.6725,4.5675,-3.2725,-46.376003,0.048,-80.4,inter_set_rest,4,5.0,34834.0,43511.0,72298.0,95671.0,30832.0,51414.0,29933.0,53122.0,20167.0,17701.0
2026-05-06 15:51:18.363960,422507,1609504941849747,2541761966,0.903776,-0.124928,0.286944,28.1225,6.57125,-4.095,-46.376003,0.048,-80.4,inter_set_rest,4,5.0,34834.0,43511.0,72298.0,95671.0,30832.0,51414.0,29933.0,53122.0,20167.0,17701.0
2026-05-06 15:51:18.388988,422508,1609504941864198,2541776877,0.884256,-0.167872,0.281088,25.1825,7.79625,-4.1125,-46.144,1.072,-80.11201,inter_set_rest,4,5.0,34834.0,43511.0,72298.0,95671.0,30832.0,51414.0,29933.0,53122.0,20167.0,17701.0
2026-05-06 15:51:18.408847,422509,1609504941873194,2541785585,0.884256,-0.167872,0.281088,27.1775,9.0125,-2.79125,-46.144,1.072,-80.11201,inter_set_rest,4,5.0,34834.0,43511.0,72298.0,95671.0,30832.0,51414.0,29933.0,53122.0,20167.0,17701.0
2026-05-06 15:51:18.411269,422510,1609504941882131,2541794327,0.899872,-0.140544,0.286944,31.2375,9.555,-1.25125,-46.112003,1.488,-79.704,inter_set_rest,4,5.0,34834.0,43511.0,72298.0,95671.0,30832.0,51414.0,29933.0,53122.0,20167.0,17701.0
2026-05-06 15:51:18.413649,422511,1609504941896669,2541809402,0.884256,-0.109312,0.261568,33.11875,9.44125,0.18375,-46.248,2.304,-80.68,inter_set_rest,4,5.0,34834.0,43511.0,72298.0,95671.0,30832.0,51414.0,29933.0,53122.0,20167.0,17701.0
2026-05-06 15:51:18.441204,422522,1609504941905628,2541818589,0.884256,-0.109312,0.261568,34.53625,10.50875,1.72375,-46.248,2.304,-80.68,inter_set_rest,4,5.0,35098.0,43486.0,72481.0,95601.0,30949.0,51393.0,30007.0,53059.0,20192.0,17655.0
2026-05-06 15:51:18.443896,422523,1609504941920218,2541831624,0.890112,-0.109312,0.294752,32.0775,11.78625,1.9075,-46.504,2.192,-78.912,inter_set_rest,4,5.0,35098.0,43486.0,72481.0,95601.0,30949.0,51393.0,30007.0,53059.0,20192.0,17655.0
2026-05-06 15:51:18.446425,422524,1609504941929141,2541840386,0.890112,-0.109312,0.294752,27.685,13.3875,1.6975,-46.504,2.192,-78.912,inter_set_rest,4,5.0,35098.0,43486.0,72481.0,95601.0,30949.0,51393.0,30007.0,53059.0,20192.0,17655.0
2026-05-06 15:51:18.448831,422525,1609504941938635,2541851220,0.862784,-0.115168,0.269376,25.47125,14.98875,1.995,-46.368004,2.256,-77.912,inter_set_rest,4,5.0,35098.0,43486.0,72481.0,95601.0,30949.0,51393.0,30007.0,53059.0,20192.0,17655.0
2026-05-06 15:51:18.452642,422526,1609504941953144,2541864125,0.862784,-0.115168,0.269376,21.8575,16.00375,1.9775,-46.368004,2.256,-77.912,inter_set_rest,4,5.0,35098.0,43486.0,72481.0,95601.0,30949.0,51393.0,30007.0,53059.0,20192.0,17655.0
2026-05-06 15:51:18.466414,422527,1609504941962741,2541874937,0.853024,-0.132736,0.236192,18.62,17.29875,1.505,-46.632004,0.888,-77.54401,inter_set_rest,4,5.0,35098.0,43486.0,72481.0,95601.0,30949.0,51393.0,30007.0,53059.0,20192.0,17655.0
2026-05-06 15:51:18.479024,422528,1609504941977276,2541889896,0.853024,-0.138592,0.279136,18.43625,18.22625,1.65375,-46.832,2.736,-78.448006,inter_set_rest,4,5.0,35098.0,43486.0,72481.0,95601.0,30949.0,51393.0,30007.0,53059.0,20192.0,17655.0
2026-05-06 15:51:18.491287,422529,1609504941986246,2541898652,0.853024,-0.138592,0.279136,17.99,19.50375,2.38875,-46.832,2.736,-78.448006,inter_set_rest,4,5.0,35098.0,43486.0,72481.0,95601.0,30949.0,51393.0,30007.0,53059.0,20192.0,17655.0
2026-05-06 15:51:18.499172,422530,1609504941995192,2541907356,0.853024,-0.138592,0.279136,18.38375,21.735,3.42125,-46.832,2.736,-78.448006,inter_set_rest,4,5.0,35098.0,43486.0,72481.0,95601.0,30949.0,51393.0,30007.0,53059.0,20192.0,17655.0
2026-05-06 15:51:18.535178,422541,1609504942010272,2541922361,0.786656,-0.113216,0.318176,16.49375,23.31875,3.6575,-46.648003,3.072,-77.90401,inter_set_rest,4,5.0,35495.0,43884.0,72818.0,95696.0,31258.0,51716.0,30174.0,53053.0,20373.0,17800.0
2026-05-06 15:51:18.537723,422542,1609504942019307,2541931181,0.786656,-0.103456,0.290848,12.85375,24.01,3.1675,-46.736004,2.976,-77.504005,inter_set_rest,4,5.0,35495.0,43884.0,72818.0,95696.0,31258.0,51716.0,30174.0,53053.0,20373.0,17800.0
2026-05-06 15:51:18.540243,422543,1609504942033984,2541946134,0.786656,-0.103456,0.290848,10.465,23.16125,2.14375,-46.736004,2.976,-77.504005,inter_set_rest,4,5.0,35495.0,43884.0,72818.0,95696.0,31258.0,51716.0,30174.0,53053.0,20373.0,17800.0
2026-05-06 15:51:18.542784,422544,1609504942042946,2541954865,0.825696,-0.099552,0.197152,11.7775,20.41375,-0.39375,-46.584003,2.928,-77.456,inter_set_rest,4,5.0,35495.0,43884.0,72818.0,95696.0,31258.0,51716.0,30174.0,53053.0,20373.0,17800.0
2026-05-06 15:51:18.552692,422545,1609504942051982,2541963567,0.825696,-0.099552,0.197152,15.91625,16.0825,-4.095,-46.584003,2.928,-77.456,inter_set_rest,4,5.0,35495.0,43884.0,72818.0,95696.0,31258.0,51716.0,30174.0,53053.0,20373.0,17800.0
2026-05-06 15:51:18.566356,422546,1609504942066504,2541978531,0.81984,-0.095648,0.281088,21.63875,11.22625,-6.83375,-46.776,2.784,-77.136,inter_set_rest,4,5.0,35495.0,43884.0,72818.0,95696.0,31258.0,51716.0,30174.0,53053.0,20373.0,17800.0
2026-05-06 15:51:18.575265,422547,1609504942075575,2541987258,0.81984,-0.095648,0.281088,25.2875,6.64125,-9.02125,-46.776,2.784,-77.136,inter_set_rest,4,5.0,35495.0,43884.0,72818.0,95696.0,31258.0,51716.0,30174.0,53053.0,20373.0,17800.0
2026-05-06 15:51:18.591742,422548,1609504942090033,2542002187,0.788608,-0.12688,0.25376,25.61125,4.0075,-11.480001,-47.184002,3.016,-75.600006,inter_set_rest,4,5.0,35495.0,43884.0,72818.0,95696.0,31258.0,51716.0,30174.0,53053.0,20373.0,17800.0
2026-05-06 15:51:18.600208,422549,1609504942098931,2542010889,0.812032,-0.06832,0.308416,25.69,3.12375,-11.47125,-46.832,3.664,-76.536,inter_set_rest,4,5.0,35495.0,43884.0,72818.0,95696.0,31258.0,51716.0,30174.0,53053.0,20373.0,17800.0
2026-05-06 15:51:18.634012,422560,1609504942108007,2542019880,0.812032,-0.06832,0.308416,27.02,4.2525,-10.05375,-46.832,3.664,-76.536,inter_set_rest,4,5.0,35008.0,43628.0,72517.0,94940.0,30889.0,51418.0,30052.0,52554.0,20221.0,17713.0
2026-05-06 15:51:18.636615,422561,1609504942122571,2542034936,0.841312,-0.052704,0.343552,23.73875,4.3925,-10.47375,-46.896004,1.392,-75.736,inter_set_rest,4,5.0,35008.0,43628.0,72517.0,94940.0,30889.0,51418.0,30052.0,52554.0,20221.0,17713.0
2026-05-06 15:51:18.639125,422562,1609504942131554,2542043626,0.841312,-0.052704,0.343552,16.10875,5.3025,-12.81,-46.896004,1.392,-75.736,inter_set_rest,4,5.0,35008.0,43628.0,72517.0,94940.0,30889.0,51418.0,30052.0,52554.0,20221.0,17713.0
2026-05-06 15:51:18.647762,422563,1609504942146148,2542058632,0.841312,-0.105408,0.316224,9.765,5.81875,-13.16,-46.800003,1.144,-75.672005,inter_set_rest,4,5.0,35008.0,43628.0,72517.0,94940.0,30889.0,51418.0,30052.0,52554.0,20221.0,17713.0
2026-05-06 15:51:18.656565,422564,1609504942155061,2542067346,0.841312,-0.105408,0.316224,3.5175,7.49,-11.76,-46.800003,1.144,-75.672005,inter_set_rest,4,5.0,35008.0,43628.0,72517.0,94940.0,30889.0,51418.0,30052.0,52554.0,20221.0,17713.0
2026-05-06 15:51:18.670273,422565,1609504942169529,2542082263,0.85888,-0.140544,0.296704,2.93125,10.185,-10.386251,-46.832,3.024,-76.632,inter_set_rest,4,5.0,35008.0,43628.0,72517.0,94940.0,30889.0,51418.0,30052.0,52554.0,20221.0,17713.0
2026-05-06 15:51:18.680159,422566,1609504942178454,2542090992,0.853024,-0.083936,0.320128,5.74875,12.92375,-10.36875,-47.152,1.384,-74.856,inter_set_rest,4,5.0,35008.0,43628.0,72517.0,94940.0,30889.0,51418.0,30052.0,52554.0,20221.0,17713.0
2026-05-06 15:51:18.689198,422567,1609504942187643,2542099859,0.853024,-0.083936,0.320128,11.55875,14.44625,-10.71875,-47.152,1.384,-74.856,inter_set_rest,4,5.0,35008.0,43628.0,72517.0,94940.0,30889.0,51418.0,30052.0,52554.0,20221.0,17713.0
2026-05-06 15:51:18.702421,422568,1609504942202150,2542114854,0.823744,-0.054656,0.378688,17.325,15.1375,-11.06,-47.24,3.352,-76.456,inter_set_rest,4,5.0,35008.0,43628.0,72517.0,94940.0,30889.0,51418.0,30052.0,52554.0,20221.0,17713.0
2026-05-06 15:51:18.836330,422579,1609504942211600,2542123622,0.823744,-0.054656,0.378688,19.92375,16.03,-13.50125,-47.24,3.352,-76.456,inter_set_rest,4,5.0,34296.0,43050.0,72166.0,94169.0,30334.0,50767.0,29884.0,52049.0,19906.0,17391.0
2026-05-06 15:51:18.838588,422580,1609504942226191,2542138667,0.843264,-0.113216,0.304512,20.72875,16.6775,-15.96875,-47.528004,3.168,-75.504005,inter_set_rest,4,5.0,34296.0,43050.0,72166.0,94169.0,30334.0,50767.0,29884.0,52049.0,19906.0,17391.0
2026-05-06 15:51:18.841186,422581,1609504942235102,2542147361,0.843264,-0.113216,0.304512,21.595,18.99625,-16.86125,-47.528004,3.168,-75.504005,inter_set_rest,4,5.0,34296.0,43050.0,72166.0,94169.0,30334.0,50767.0,29884.0,52049.0,19906.0,17391.0
2026-05-06 15:51:18.843864,422582,1609504942244024,2542156082,0.886208,-0.08784,0.376736,22.37375,21.6125,-16.58125,-47.480003,2.776,-75.096,inter_set_rest,4,5.0,34296.0,43050.0,72166.0,94169.0,30334.0,50767.0,29884.0,52049.0,19906.0,17391.0
2026-05-06 15:51:18.846470,422583,1609504942258531,2542171001,0.8784,-0.037088,0.392352,22.1375,23.72125,-15.085,-47.480003,3.168,-75.952,inter_set_rest,4,5.0,34296.0,43050.0,72166.0,94169.0,30334.0,50767.0,29884.0,52049.0,19906.0,17391.0
2026-05-06 15:51:18.848890,422584,1609504942267633,2542179825,0.8784,-0.037088,0.392352,21.07875,26.0575,-15.56625,-47.816,3.168,-75.952,inter_set_rest,4,5.0,34296.0,43050.0,72166.0,94169.0,30334.0,50767.0,29884.0,52049.0,19906.0,17391.0
2026-05-06 15:51:18.851488,422585,1609504942282167,2542194778,0.860832,-0.099552,0.472384,20.04625,28.37625,-18.96125,-47.88,1.416,-73.11201,inter_set_rest,4,5.0,34296.0,43050.0,72166.0,94169.0,30334.0,50767.0,29884.0,52049.0,19906.0,17391.0
2026-05-06 15:51:18.853869,422586,1609504942291119,2542203552,0.860832,-0.099552,0.472384,18.8125,32.025,-23.7125,-47.88,1.416,-73.11201,inter_set_rest,4,5.0,34296.0,43050.0,72166.0,94169.0,30334.0,50767.0,29884.0,52049.0,19906.0,17391.0
2026-05-06 15:51:18.856441,422587,1609504942305577,2542216407,0.841312,-0.105408,0.4392,17.31625,35.35,-26.90625,-48.232002,2.592,-73.096,inter_set_rest,4,5.0,34296.0,43050.0,72166.0,94169.0,30334.0,50767.0,29884.0,52049.0,19906.0,17391.0
2026-05-06 15:51:18.886267,422598,1609504942314995,2542227403,0.841312,-0.105408,0.4392,19.08375,38.22875,-26.76625,-48.232002,2.592,-73.096,inter_set_rest,4,5.0,33964.0,42679.0,72077.0,93695.0,29963.0,50408.0,29820.0,51695.0,19723.0,17246.0
2026-05-06 15:51:18.888863,422599,1609504942323952,2542236126,0.825696,-0.081984,0.374784,20.81625,41.90375,-25.445,-48.608,1.624,-72.648,inter_set_rest,4,5.0,33964.0,42679.0,72077.0,93695.0,29963.0,50408.0,29820.0,51695.0,19723.0,17246.0
2026-05-06 15:51:18.895032,422600,1609504942338561,2542251096,0.825696,-0.081984,0.472384,19.80125,46.06,-25.025,-48.608,1.624,-72.648,inter_set_rest,4,5.0,33964.0,42679.0,72077.0,93695.0,29963.0,50408.0,29820.0,51695.0,19723.0,17246.0
2026-05-06 15:51:18.901316,422601,1609504942347624,2542259862,0.80032,-0.044896,0.472384,19.0575,49.595,-25.54125,-48.912003,0.296,-71.152,inter_set_rest,4,5.0,33964.0,42679.0,72077.0,93695.0,29963.0,50408.0,29820.0,51695.0,19723.0,17246.0
2026-05-06 15:51:18.903856,422602,1609504942362153,2542274898,0.753472,-0.031232,0.50752,15.365,52.1675,-27.46625,-49.632004,-1.224,-69.36,inter_set_rest,4,5.0,33964.0,42679.0,72077.0,93695.0,29963.0,50408.0,29820.0,51695.0,19723.0,17246.0
2026-05-06 15:51:18.906472,422603,1609504942371184,2542283718,0.753472,-0.031232,0.50752,15.417501,53.71625,-31.15875,-49.632004,-1.224,-69.36,inter_set_rest,4,5.0,33964.0,42679.0,72077.0,93695.0,29963.0,50408.0,29820.0,51695.0,19723.0,17246.0
2026-05-06 15:51:18.908961,422604,1609504942380133,2542292463,0.767136,-0.044896,0.4392,14.70875,56.28875,-35.34125,-50.032,-2.736,-68.352005,inter_set_rest,4,5.0,33964.0,42679.0,72077.0,93695.0,29963.0,50408.0,29820.0,51695.0,19723.0,17246.0
2026-05-06 15:51:18.911350,422605,1609504942394722,2542307437,0.767136,-0.044896,0.4392,17.26375,59.3425,-39.20875,-50.032,-2.736,-68.352005,inter_set_rest,4,5.0,33964.0,42679.0,72077.0,93695.0,29963.0,50408.0,29820.0,51695.0,19723.0,17246.0
2026-05-06 15:51:18.913979,422606,1609504942403719,2542316158,0.778848,-0.025376,0.534848,21.315,62.34375,-40.87125,-49.848003,0.192,-69.456,inter_set_rest,4,5.0,33964.0,42679.0,72077.0,93695.0,29963.0,50408.0,29820.0,51695.0,19723.0,17246.0
2026-05-06 15:51:18.941590,422617,1609504942418493,2542331257,0.778848,-0.025376,0.534848,22.16375,64.16375,-41.53625,-49.848003,0.192,-69.456,inter_set_rest,4,5.0,33784.0,42516.0,72065.0,93661.0,29836.0,50230.0,29834.0,51633.0,19658.0,17181.0
2026-05-06 15:51:18.944038,422618,1609504942427545,2542339975,0.716384,-0.08784,0.564128,18.69875,65.38875,-44.0475,-50.328003,-2.072,-68.552,inter_set_rest,4,5.0,33784.0,42516.0,72065.0,93661.0,29836.0,50230.0,29834.0,51633.0,19658.0,17181.0
2026-05-06 15:51:18.946600,422619,1609504942436513,2542348776,0.716384,-0.08784,0.564128,17.9725,66.73625,-46.19125,-50.328003,-2.072,-68.552,inter_set_rest,4,5.0,33784.0,42516.0,72065.0,93661.0,29836.0,50230.0,29834.0,51633.0,19658.0,17181.0
2026-05-06 15:51:18.952789,422620,1609504942451060,2542363731,0.706624,-0.046848,0.548512,16.28375,68.08375,-46.48,-50.792004,-3.048,-66.200005,inter_set_rest,4,5.0,33784.0,42516.0,72065.0,93661.0,29836.0,50230.0,29834.0,51633.0,19658.0,17181.0
2026-05-06 15:51:18.961585,422621,1609504942459985,2542372454,0.77104,0.099552,0.542656,18.83875,69.1075,-46.87375,-50.792004,-3.048,-65.096,inter_set_rest,4,5.0,33784.0,42516.0,72065.0,93661.0,29836.0,50230.0,29834.0,51633.0,19658.0,17181.0
2026-05-06 15:51:18.976513,422622,1609504942474469,2542385307,0.77104,0.099552,0.542656,28.875,69.308754,-48.08125,-50.784004,-3.568,-65.096,inter_set_rest,4,5.0,33784.0,42516.0,72065.0,93661.0,29836.0,50230.0,29834.0,51633.0,19658.0,17181.0
2026-05-06 15:51:18.983855,422623,1609504942483774,2542396168,0.677344,0.072224,0.569984,34.85125,68.075,-50.33,-51.08,-2.464,-65.384,inter_set_rest,4,5.0,33784.0,42516.0,72065.0,93661.0,29836.0,50230.0,29834.0,51633.0,19658.0,17181.0
2026-05-06 15:51:19.000024,422624,1609504942498353,2542409110,0.677344,0.072224,0.569984,28.69125,65.30125,-54.8975,-51.08,-2.464,-65.384,inter_set_rest,4,5.0,33784.0,42516.0,72065.0,93661.0,29836.0,50230.0,29834.0,51633.0,19658.0,17181.0
2026-05-06 15:51:19.008781,422625,1609504942507566,2542419891,0.626592,0.03904,0.612928,19.95,62.93875,-56.88375,-50.872,-3.856,-65.392006,inter_set_rest,4,5.0,33784.0,42516.0,72065.0,93661.0,29836.0,50230.0,29834.0,51633.0,19658.0,17181.0
2026-05-06 15:51:19.036556,422636,1609504942516701,2542428751,0.626592,0.03904,0.612928,15.35625,61.32875,-56.30625,-50.872,-3.856,-65.392006,inter_set_rest,4,5.0,33759.0,42482.0,72115.0,93749.0,29780.0,50177.0,29854.0,51644.0,19647.0,17172.0
2026-05-06 15:51:19.038986,422637,1609504942531285,2542443715,0.679296,0.128832,0.562176,18.725,60.795002,-56.2625,-51.216003,-4.712,-63.016003,inter_set_rest,4,5.0,33759.0,42482.0,72115.0,93749.0,29780.0,50177.0,29854.0,51644.0,19647.0,17172.0
2026-05-06 15:51:19.041538,422638,1609504942540268,2542452449,0.679296,0.206912,0.6344,29.6275,60.01625,-56.2625,-51.216003,-4.712,-63.016003,inter_set_rest,4,5.0,33759.0,42482.0,72115.0,93749.0,29780.0,50177.0,29854.0,51644.0,19647.0,17172.0
2026-05-06 15:51:19.057310,422639,1609504942554781,2542467368,0.616832,0.212768,0.6344,36.28625,56.32375,-56.7525,-51.512,-5.736,-62.296,inter_set_rest,4,5.0,33759.0,42482.0,72115.0,93749.0,29780.0,50177.0,29854.0,51644.0,19647.0,17172.0
2026-05-06 15:51:19.071471,422640,1609504942563769,2542476219,0.511424,0.189344,0.675392,35.09625,49.49875,-59.255,-51.528004,-6.696,-61.88,inter_set_rest,4,5.0,33759.0,42482.0,72115.0,93749.0,29780.0,50177.0,29854.0,51644.0,19647.0,17172.0
2026-05-06 15:51:19.073925,422641,1609504942572733,2542485038,0.511424,0.189344,0.675392,32.4275,40.7575,-61.5125,-51.528004,-6.696,-61.88,inter_set_rest,4,5.0,33759.0,42482.0,72115.0,93749.0,29780.0,50177.0,29854.0,51644.0,19647.0,17172.0
2026-05-06 15:51:19.098975,422642,1609504942587261,2542499990,0.509472,0.187392,0.661728,26.897501,33.7925,-58.40625,-51.104004,-7.64,-61.192,inter_set_rest,4,5.0,33759.0,42482.0,72115.0,93749.0,29780.0,50177.0,29854.0,51644.0,19647.0,17172.0
2026-05-06 15:51:19.123771,422643,1609504942596323,2542508769,0.509472,0.187392,0.661728,22.75,32.54125,-54.6875,-51.104004,-7.64,-61.192,inter_set_rest,4,5.0,33759.0,42482.0,72115.0,93749.0,29780.0,50177.0,29854.0,51644.0,19647.0,17172.0
2026-05-06 15:51:19.140719,422644,1609504942610835,2542521607,0.62464,0.255712,0.66368,26.94125,34.29125,-55.34375,-51.096,-8.152,-60.936005,inter_set_rest,4,5.0,33759.0,42482.0,72115.0,93749.0,29780.0,50177.0,29854.0,51644.0,19647.0,17172.0
2026-05-06 15:51:19.165098,422655,1609504942620557,2542532567,0.62464,0.255712,0.772992,31.955,35.83125,-56.035,-51.096,-8.152,-60.936005,inter_set_rest,4,5.0,33817.0,42597.0,72201.0,94541.0,29848.0,50276.0,29919.0,51954.0,19691.0,17222.0
2026-05-06 15:51:19.167565,422656,1609504942629518,2542541334,0.528992,0.271328,0.767136,36.75875,34.107502,-55.15125,-51.592003,-8.928,-59.928,inter_set_rest,4,5.0,33817.0,42597.0,72201.0,94541.0,29848.0,50276.0,29919.0,51954.0,19691.0,17222.0
2026-05-06 15:51:19.170178,422657,1609504942644010,2542556413,0.488,0.261568,0.720288,35.25375,30.84375,-56.56875,-51.688004,-9.384001,-59.928,inter_set_rest,4,5.0,33817.0,42597.0,72201.0,94541.0,29848.0,50276.0,29919.0,51954.0,19691.0,17222.0
2026-05-06 15:51:19.172710,422658,1609504942653145,2542565165,0.488,0.261568,0.720288,29.8725,28.525,-57.25125,-51.688004,-9.384001,-59.928,inter_set_rest,4,5.0,33817.0,42597.0,72201.0,94541.0,29848.0,50276.0,29919.0,51954.0,19691.0,17222.0
2026-05-06 15:51:19.175210,422659,1609504942667667,2542580164,0.64416,0.38064,0.665632,32.1825,28.56875,-50.715,-51.608,-11.208,-59.808002,inter_set_rest,4,5.0,33817.0,42597.0,72201.0,94541.0,29848.0,50276.0,29919.0,51954.0,19691.0,17222.0
2026-05-06 15:51:19.177637,422660,1609504942676707,2542588952,0.64416,0.38064,0.665632,34.34375,31.675,-45.03625,-51.608,-11.208,-59.808002,inter_set_rest,4,5.0,33817.0,42597.0,72201.0,94541.0,29848.0,50276.0,29919.0,51954.0,19691.0,17222.0
2026-05-06 15:51:19.186472,422661,1609504942685770,2542597689,0.59536,0.398208,0.732,32.38375,35.09625,-48.8075,-51.416004,-11.240001,-59.048004,inter_set_rest,4,5.0,33817.0,42597.0,72201.0,94541.0,29848.0,50276.0,29919.0,51954.0,19691.0,17222.0
2026-05-06 15:51:19.209003,422662,1609504942700263,2542612646,0.59536,0.398208,0.732,25.235,37.10875,-55.88625,-51.416004,-11.240001,-59.048004,inter_set_rest,4,5.0,33817.0,42597.0,72201.0,94541.0,29848.0,50276.0,29919.0,51954.0,19691.0,17222.0
2026-05-06 15:51:19.211501,422663,1609504942709202,2542621365,0.528992,0.298656,0.79056,19.88875,36.4875,-56.8925,-51.488003,-13.264001,-57.656002,inter_set_rest,4,5.0,33817.0,42597.0,72201.0,94541.0,29848.0,50276.0,29919.0,51954.0,19691.0,17222.0
2026-05-06 15:51:19.243909,422674,1609504942723825,2542636544,0.642208,0.404064,0.681248,22.67125,34.3525,-53.22625,-51.488003,-16.488,-57.520004,inter_set_rest,4,5.0,33893.0,42772.0,72472.0,95810.0,29926.0,50426.0,30052.0,52593.0,19733.0,17265.0
2026-05-06 15:51:19.244858,422675,1609504942732776,2542645271,0.642208,0.404064,0.681248,33.0575,33.3375,-46.7075,-51.488003,-16.488,-57.520004,inter_set_rest,4,5.0,33893.0,42772.0,72472.0,95810.0,29926.0,50426.0,30052.0,52593.0,19733.0,17265.0
2026-05-06 15:51:19.247411,422676,1609504942747443,2542658209,0.667584,0.462624,0.677344,33.08375,34.65,-43.77625,-51.36,-13.352,-57.512,inter_set_rest,4,5.0,33893.0,42772.0,72472.0,95810.0,29926.0,50426.0,30052.0,52593.0,19733.0,17265.0
2026-05-06 15:51:19.256241,422677,1609504942756799,2542669028,0.667584,0.462624,0.677344,27.86875,35.90125,-44.905,-51.36,-13.352,-57.512,inter_set_rest,4,5.0,33893.0,42772.0,72472.0,95810.0,29926.0,50426.0,30052.0,52593.0,19733.0,17265.0
2026-05-06 15:51:19.265194,422678,1609504942765829,2542677769,0.534848,0.366976,0.70272,17.115,36.68,-47.46875,-50.656002,-13.920001,-57.112003,inter_set_rest,4,5.0,33893.0,42772.0,72472.0,95810.0,29926.0,50426.0,30052.0,52593.0,19733.0,17265.0
2026-05-06 15:51:19.299039,422679,1609504942780341,2542692745,0.534848,0.366976,0.70272,6.755,37.135,-46.47125,-50.656002,-13.920001,-57.112003,inter_set_rest,4,5.0,33893.0,42772.0,72472.0,95810.0,29926.0,50426.0,30052.0,52593.0,19733.0,17265.0
2026-05-06 15:51:19.301601,422680,1609504942789264,2542701441,0.538752,0.3904,0.753472,6.965,36.05,-42.28875,-50.904003,-15.120001,-55.024002,inter_set_rest,4,5.0,33893.0,42772.0,72472.0,95810.0,29926.0,50426.0,30052.0,52593.0,19733.0,17265.0
2026-05-06 15:51:19.305272,422681,1609504942803776,2542716361,0.54656,0.441152,0.661728,10.5,37.84375,-37.52,-50.664,-15.440001,-56.392002,inter_set_rest,4,5.0,33893.0,42772.0,72472.0,95810.0,29926.0,50426.0,30052.0,52593.0,19733.0,17265.0
2026-05-06 15:51:19.337447,422692,1609504942813255,2542725120,0.54656,0.441152,0.661728,18.17375,40.36375,-36.2775,-50.664,-15.440001,-56.392002,inter_set_rest,4,5.0,34049.0,42912.0,72686.0,96811.0,30056.0,50569.0,30179.0,53237.0,19799.0,17318.0
2026-05-06 15:51:19.338615,422693,1609504942822267,2542733945,0.54656,0.40992,0.6344,21.0525,42.51625,-38.745,-50.664,-15.440001,-56.392002,inter_set_rest,4,5.0,34049.0,42912.0,72686.0,96811.0,30056.0,50569.0,30179.0,53237.0,19799.0,17318.0
2026-05-06 15:51:19.341325,422694,1609504942836893,2542749009,0.501664,0.413824,0.6344,20.25625,44.695,-39.89125,-50.536003,-17.776001,-55.872,inter_set_rest,4,5.0,34049.0,42912.0,72686.0,96811.0,30056.0,50569.0,30179.0,53237.0,19799.0,17318.0
2026-05-06 15:51:19.344971,422695,1609504942845985,2542757764,0.476288,0.406016,0.65392,18.48875,45.35125,-37.51125,-49.888,-16.616001,-54.760002,inter_set_rest,4,5.0,34049.0,42912.0,72686.0,96811.0,30056.0,50569.0,30179.0,53237.0,19799.0,17318.0
2026-05-06 15:51:19.379029,422696,1609504942860500,2542773254,0.476288,0.406016,0.65392,12.355001,46.2875,-34.51875,-49.888,-16.616001,-54.760002,inter_set_rest,4,5.0,34049.0,42912.0,72686.0,96811.0,30056.0,50569.0,30179.0,53237.0,19799.0,17318.0
2026-05-06 15:51:19.381561,422697,1609504942869425,2542781973,0.456768,0.470432,0.70272,8.295,46.97,-34.44875,-49.912003,-16.856,-52.416004,inter_set_rest,4,5.0,34049.0,42912.0,72686.0,96811.0,30056.0,50569.0,30179.0,53237.0,19799.0,17318.0
2026-05-06 15:51:19.383971,422698,1609504942878365,2542790791,0.456768,0.470432,0.70272,4.7775,47.5125,-35.3325,-49.912003,-16.856,-52.416004,inter_set_rest,4,5.0,34049.0,42912.0,72686.0,96811.0,30056.0,50569.0,30179.0,53237.0,19799.0,17318.0
2026-05-06 15:51:19.392544,422699,1609504942892902,2542803664,0.402112,0.476288,0.708576,4.15625,49.62125,-35.90125,-49.904003,-17.296001,-53.416004,inter_set_rest,4,5.0,34049.0,42912.0,72686.0,96811.0,30056.0,50569.0,30179.0,53237.0,19799.0,17318.0
2026-05-06 15:51:19.402580,422700,1609504942902102,2542814484,0.402112,0.476288,0.708576,7.55125,51.52,-38.42125,-49.904003,-17.296001,-53.416004,inter_set_rest,4,5.0,34049.0,42912.0,72686.0,96811.0,30056.0,50569.0,30179.0,53237.0,19799.0,17318.0
2026-05-06 15:51:19.516213,422711,1609504942917356,2542829439,0.363072,0.443104,0.655872,10.94625,51.8875,-41.78125,-49.512,-18.2,-54.064003,inter_set_rest,4,5.0,34367.0,43202.0,72896.0,97262.0,30292.0,50772.0,30238.0,53397.0,19868.0,17372.0
2026-05-06 15:51:19.522991,422712,1609504942926362,2542838267,0.355264,0.40992,0.648064,14.6825,51.03875,-42.98,-49.416004,-19.088001,-52.512,inter_set_rest,4,5.0,34367.0,43202.0,72896.0,97262.0,30292.0,50772.0,30238.0,53397.0,19868.0,17372.0
2026-05-06 15:51:19.523077,422713,1609504942935277,2542847006,0.355264,0.40992,0.648064,9.94,50.39125,-40.36375,-49.416004,-19.088001,-52.512,inter_set_rest,4,5.0,34367.0,43202.0,72896.0,97262.0,30292.0,50772.0,30238.0,53397.0,19868.0,17372.0
2026-05-06 15:51:19.524627,422714,1609504942949781,2542861928,0.357216,0.495808,0.67344,4.9,48.825,-35.735,-48.800003,-19.184,-51.56,inter_set_rest,4,5.0,34367.0,43202.0,72896.0,97262.0,30292.0,50772.0,30238.0,53397.0,19868.0,17372.0
2026-05-06 15:51:19.526050,422715,1609504942958711,2542870644,0.357216,0.495808,0.67344,-1.67125,47.4425,-30.485,-48.800003,-19.184,-51.56,inter_set_rest,4,5.0,34367.0,43202.0,72896.0,97262.0,30292.0,50772.0,30238.0,53397.0,19868.0,17372.0
2026-05-06 15:51:19.528643,422716,1609504942973210,2542885553,0.318176,0.589504,0.728096,-8.68875,49.2625,-26.6175,-48.440002,-19.68,-50.896004,inter_set_rest,4,5.0,34367.0,43202.0,72896.0,97262.0,30292.0,50772.0,30238.0,53397.0,19868.0,17372.0
2026-05-06 15:51:19.531175,422717,1609504942982194,2542894270,0.318176,0.589504,0.728096,-33.53875,48.8775,-29.86375,-48.440002,-19.68,-50.896004,inter_set_rest,4,5.0,34367.0,43202.0,72896.0,97262.0,30292.0,50772.0,30238.0,53397.0,19868.0,17372.0
2026-05-06 15:51:19.533612,422718,1609504942991150,2542903064,0.259616,0.193248,0.804224,-42.4025,49.88375,-35.91,-48.072002,-19.688002,-51.328003,inter_set_rest,4,5.0,34367.0,43202.0,72896.0,97262.0,30292.0,50772.0,30238.0,53397.0,19868.0,17372.0
2026-05-06 15:51:19.536301,422719,1609504943005704,2542917981,0.216672,0.320128,0.511424,-3.45625,42.23625,-44.42375,-48.208004,-22.408,-46.896004,inter_set_rest,4,5.0,34367.0,43202.0,72896.0,97262.0,30292.0,50772.0,30238.0,53397.0,19868.0,17372.0
2026-05-06 15:51:19.566484,422730,1609504943015169,2542927238,0.216672,0.320128,0.511424,29.82875,43.39125,-42.18375,-48.208004,-22.408,-46.896004,inter_set_rest,4,5.0,34288.0,42934.0,72985.0,96555.0,30204.0,50531.0,30273.0,53282.0,19831.0,17295.0
2026-05-06 15:51:19.568916,422731,1609504943029855,2542942284,0.277184,0.0488,0.452864,19.73125,39.75125,-33.8275,-48.120003,-23.312,-47.128002,inter_set_rest,4,5.0,34288.0,42934.0,72985.0,96555.0,30204.0,50531.0,30273.0,53282.0,19831.0,17295.0
2026-05-06 15:51:19.571509,422732,1609504943039031,2542951180,0.277184,0.0488,0.452864,-7.42875,47.74,-26.4425,-48.120003,-23.312,-47.128002,inter_set_rest,4,5.0,34288.0,42934.0,72985.0,96555.0,30204.0,50531.0,30273.0,53282.0,19831.0,17295.0
2026-05-06 15:51:19.573927,422733,1609504943048365,2542959941,0.28304,0.109312,0.423584,2.3275,39.64625,-24.33375,-47.448,-24.792002,-46.008003,inter_set_rest,4,5.0,34288.0,42934.0,72985.0,96555.0,30204.0,50531.0,30273.0,53282.0,19831.0,17295.0
2026-05-06 15:51:19.576503,422734,1609504943063047,2542974983,0.28304,0.109312,0.423584,-13.69375,52.5525,-26.18,-47.448,-24.792002,-46.008003,inter_set_rest,4,5.0,34288.0,42934.0,72985.0,96555.0,30204.0,50531.0,30273.0,53282.0,19831.0,17295.0
2026-05-06 15:51:19.578932,422735,1609504943072070,2542983745,0.222528,0.080032,0.335744,-8.39125,45.85,-30.23125,-47.280003,-24.752,-45.632004,inter_set_rest,4,5.0,34288.0,42934.0,72985.0,96555.0,30204.0,50531.0,30273.0,53282.0,19831.0,17295.0
2026-05-06 15:51:19.587527,422736,1609504943086546,2542998724,0.203008,0.203008,0.240096,-8.42625,51.24875,-29.8375,-46.512,-23.52,-44.624,inter_set_rest,4,5.0,34288.0,42934.0,72985.0,96555.0,30204.0,50531.0,30273.0,53282.0,19831.0,17295.0
2026-05-06 15:51:19.596584,422737,1609504943095458,2543007425,0.203008,0.203008,0.240096,3.75375,50.5575,-28.4375,-46.512,-23.52,-44.624,inter_set_rest,4,5.0,34288.0,42934.0,72985.0,96555.0,30204.0,50531.0,30273.0,53282.0,19831.0,17295.0
2026-05-06 15:51:19.605253,422738,1609504943104369,2543016171,0.203008,0.406016,0.443104,-0.76125,45.9725,-25.3225,-46.512,-23.52,-44.624,inter_set_rest,4,5.0,34288.0,42934.0,72985.0,96555.0,30204.0,50531.0,30273.0,53282.0,19831.0,17295.0
2026-05-06 15:51:19.638928,422749,1609504943119224,2543031288,0.236192,0.417728,0.443104,18.03375,50.70625,-25.54125,-46.256,-23.696001,-45.752003,inter_set_rest,4,5.0,33631.0,42738.0,72203.0,94455.0,29716.0,50515.0,29881.0,52386.0,19639.0,17341.0
2026-05-06 15:51:19.641528,422750,1609504943128460,2543040124,0.228384,0.441152,0.69296,-16.19625,44.2225,-24.9375,-46.048,-24.000002,-44.816,inter_set_rest,4,5.0,33631.0,42738.0,72203.0,94455.0,29716.0,50515.0,29881.0,52386.0,19639.0,17341.0
2026-05-06 15:51:19.644036,422751,1609504943143024,2543055108,0.228384,0.441152,0.69296,-15.846251,44.91375,-25.22625,-46.048,-24.000002,-44.816,inter_set_rest,4,5.0,33631.0,42738.0,72203.0,94455.0,29716.0,50515.0,29881.0,52386.0,19639.0,17341.0
2026-05-06 15:51:19.652617,422752,1609504943152082,2543063872,0.228384,0.493856,0.65392,-4.8125,39.08625,-25.5325,-45.944004,-24.096,-43.768,inter_set_rest,4,5.0,33631.0,42738.0,72203.0,94455.0,29716.0,50515.0,29881.0,52386.0,19639.0,17341.0
2026-05-06 15:51:19.661434,422753,1609504943161048,2543072602,0.228384,0.493856,0.65392,-9.24,41.71125,-28.735,-45.944004,-24.096,-43.768,inter_set_rest,4,5.0,33631.0,42738.0,72203.0,94455.0,29716.0,50515.0,29881.0,52386.0,19639.0,17341.0
2026-05-06 15:51:19.695257,422754,1609504943175523,2543087553,0.150304,0.366976,0.815936,-12.06625,39.66375,-32.99625,-45.168003,-22.896002,-44.544003,inter_set_rest,4,5.0,33631.0,42738.0,72203.0,94455.0,29716.0,50515.0,29881.0,52386.0,19639.0,17341.0
2026-05-06 15:51:19.697720,422755,1609504943184436,2543096275,0.150304,0.366976,0.815936,-17.07125,40.92375,-31.21125,-45.168003,-22.896002,-44.544003,inter_set_rest,4,5.0,33631.0,42738.0,72203.0,94455.0,29716.0,50515.0,29881.0,52386.0,19639.0,17341.0
2026-05-06 15:51:19.700238,422756,1609504943199006,2543111239,0.109312,0.353312,0.794464,-17.75375,41.55375,-29.6625,-44.960003,-22.84,-46.344,inter_set_rest,4,5.0,33631.0,42738.0,72203.0,94455.0,29716.0,50515.0,29881.0,52386.0,19639.0,17341.0
2026-05-06 15:51:19.709012,422757,1609504943208204,2543119977,0.121024,0.462624,0.733952,-23.07375,38.52625,-27.09,-44.768,-26.400002,-41.552002,inter_set_rest,4,5.0,33631.0,42738.0,72203.0,94455.0,29716.0,50515.0,29881.0,52386.0,19639.0,17341.0
2026-05-06 15:51:19.741421,422768,1609504943222845,2543134982,0.121024,0.462624,0.733952,-18.5675,39.8825,-23.58125,-44.768,-26.400002,-41.552002,inter_set_rest,4,5.0,32604.0,42901.0,70164.0,93158.0,28896.0,51007.0,28897.0,51850.0,19221.0,17543.0
2026-05-06 15:51:19.743682,422769,1609504943231902,2543143670,0.115168,0.521184,0.657824,-14.7,38.31625,-21.91,-43.912003,-23.376001,-42.944,inter_set_rest,4,5.0,32604.0,42901.0,70164.0,93158.0,28896.0,51007.0,28897.0,51850.0,19221.0,17543.0
2026-05-06 15:51:19.746434,422770,1609504943240841,2543152397,0.115168,0.521184,0.657824,-31.185,42.945,-26.845,-43.912003,-23.376001,-42.944,inter_set_rest,4,5.0,32604.0,42901.0,70164.0,93158.0,28896.0,51007.0,28897.0,51850.0,19221.0,17543.0
2026-05-06 15:51:19.755179,422771,1609504943255400,2543167363,0.050752,0.423584,0.778848,-31.815,37.555,-27.44875,-43.504,-23.456001,-42.24,inter_set_rest,4,5.0,32604.0,42901.0,70164.0,93158.0,28896.0,51007.0,28897.0,51850.0,19221.0,17543.0
2026-05-06 15:51:19.768979,422772,1609504943264354,2543176074,0.050752,0.423584,0.778848,-16.87,41.23875,-27.125,-43.504,-23.456001,-42.24,inter_set_rest,4,5.0,32604.0,42901.0,70164.0,93158.0,28896.0,51007.0,28897.0,51850.0,19221.0,17543.0
2026-05-06 15:51:19.782721,422773,1609504943278911,2543191106,0.040992,0.407968,0.90768,-19.39,37.44125,-26.0925,-43.320004,-24.152,-39.416,inter_set_rest,4,5.0,32604.0,42901.0,70164.0,93158.0,28896.0,51007.0,28897.0,51850.0,19221.0,17543.0
2026-05-06 15:51:19.788970,422774,1609504943287853,2543199821,0.080032,0.525088,0.745664,3.3775,37.66875,-20.9475,-42.600002,-23.832,-41.488003,inter_set_rest,4,5.0,32604.0,42901.0,70164.0,93158.0,28896.0,51007.0,28897.0,51850.0,19221.0,17543.0
2026-05-06 15:51:19.802747,422775,1609504943302360,2543214742,0.080032,0.525088,0.745664,-1.00625,39.935,-19.45125,-42.600002,-23.832,-41.488003,inter_set_rest,4,5.0,32604.0,42901.0,70164.0,93158.0,28896.0,51007.0,28897.0,51850.0,19221.0,17543.0
2026-05-06 15:51:19.833855,422776,1609504943311329,2543223497,-0.01952,0.472384,0.86864,-12.8975,39.29625,-23.5375,-42.296,-24.264002,-40.816,inter_set_rest,4,5.0,32604.0,42901.0,70164.0,93158.0,28896.0,51007.0,28897.0,51850.0,19221.0,17543.0
2026-05-06 15:51:19.902584,422787,1609504943320466,2543232305,-0.01952,0.472384,0.86864,9.905,38.56125,-32.80375,-42.296,-24.264002,-40.816,inter_set_rest,4,5.0,32522.0,43803.0,68359.0,93177.0,28904.0,52040.0,28060.0,51810.0,19277.0,18021.0
2026-05-06 15:51:19.905045,422788,1609504943335027,2543247251,-0.062464,0.456768,0.94672,3.43,36.44375,-27.36125,-42.384003,-23.880001,-40.584003,inter_set_rest,4,5.0,32522.0,43803.0,68359.0,93177.0,28904.0,52040.0,28060.0,51810.0,19277.0,18021.0
2026-05-06 15:51:19.909403,422789,1609504943343980,2543255988,-0.062464,0.456768,0.94672,2.1875,31.38625,-14.23625,-42.384003,-23.880001,-40.584003,inter_set_rest,4,5.0,32522.0,43803.0,68359.0,93177.0,28904.0,52040.0,28060.0,51810.0,19277.0,18021.0
2026-05-06 15:51:19.911018,422790,1609504943358467,2543270880,-0.005856,0.51728,0.983808,22.68,28.13125,-13.78125,-41.928,-24.512001,-40.280003,inter_set_rest,4,5.0,32522.0,43803.0,68359.0,93177.0,28904.0,52040.0,28060.0,51810.0,19277.0,18021.0
2026-05-06 15:51:19.912522,422791,1609504943367462,2543279596,0.040992,0.56608,0.95648,33.6,25.5675,-15.33875,-42.192,-28.576002,-38.344,inter_set_rest,4,5.0,32522.0,43803.0,68359.0,93177.0,28904.0,52040.0,28060.0,51810.0,19277.0,18021.0
2026-05-06 15:51:19.914898,422792,1609504943376357,2543288283,0.040992,0.56608,0.95648,36.42625,24.31625,-8.715,-42.192,-28.576002,-38.344,inter_set_rest,4,5.0,32522.0,43803.0,68359.0,93177.0,28904.0,52040.0,28060.0,51810.0,19277.0,18021.0
2026-05-06 15:51:19.917608,422793,1609504943390893,2543303286,0.005856,0.525088,0.813984,43.93375,20.772501,-6.11625,-41.696003,-24.960001,-40.488003,inter_set_rest,4,5.0,32522.0,43803.0,68359.0,93177.0,28904.0,52040.0,28060.0,51810.0,19277.0,18021.0
2026-05-06 15:51:19.920120,422794,1609504943399882,2543312067,0.005856,0.525088,0.813984,40.41625,21.11375,-8.16375,-41.696003,-24.960001,-40.488003,inter_set_rest,4,5.0,32522.0,43803.0,68359.0,93177.0,28904.0,52040.0,28060.0,51810.0,19277.0,18021.0
2026-05-06 15:51:19.950041,422805,1609504943414468,2543327447,0.011712,0.499712,0.886208,31.12375,19.460001,-10.115,-41.504,-25.296001,-40.480003,inter_set_rest,4,5.0,32605.0,42251.0,69764.0,91944.0,28905.0,50276.0,28739.0,51138.0,19231.0,17254.0
2026-05-06 15:51:19.952376,422806,1609504943423494,2543336222,0.011712,0.499712,0.886208,36.70625,17.94625,-8.79375,-41.504,-25.296001,-40.480003,inter_set_rest,4,5.0,32605.0,42251.0,69764.0,91944.0,28905.0,50276.0,28739.0,51138.0,19231.0,17254.0
2026-05-06 15:51:19.954936,422807,1609504943438114,2543349142,0.060512,0.564128,0.749568,47.81,18.025,-4.5675,-41.256,-26.032001,-39.68,inter_set_rest,4,5.0,32605.0,42251.0,69764.0,91944.0,28905.0,50276.0,28739.0,51138.0,19231.0,17254.0
2026-05-06 15:51:19.957426,422808,1609504943447457,2543359933,0.06832,0.587552,0.769088,49.3675,18.26125,-3.465,-41.256,-28.080002,-40.336002,inter_set_rest,4,5.0,32605.0,42251.0,69764.0,91944.0,28905.0,50276.0,28739.0,51138.0,19231.0,17254.0
2026-05-06 15:51:19.959842,422809,1609504943456385,2543368734,0.06832,0.587552,0.769088,47.39,19.0925,-6.2125,-41.24,-27.608002,-40.336002,inter_set_rest,4,5.0,32605.0,42251.0,69764.0,91944.0,28905.0,50276.0,28739.0,51138.0,19231.0,17254.0
2026-05-06 15:51:19.973901,422810,1609504943471065,2543383690,0.035136,0.622688,0.739808,44.16125,19.8625,-9.38,-41.176003,-28.088001,-39.824,inter_set_rest,4,5.0,32605.0,42251.0,69764.0,91944.0,28905.0,50276.0,28739.0,51138.0,19231.0,17254.0
2026-05-06 15:51:19.980214,422811,1609504943480133,2543392371,0.035136,0.622688,0.739808,37.59875,20.3,-10.22,-41.176003,-28.088001,-39.824,inter_set_rest,4,5.0,32605.0,42251.0,69764.0,91944.0,28905.0,50276.0,28739.0,51138.0,19231.0,17254.0
2026-05-06 15:51:20.013846,422812,1609504943494632,2543407315,0.01952,0.681248,0.743712,33.3025,20.895,-10.395,-41.000004,-28.744001,-39.480003,inter_set_rest,4,5.0,32605.0,42251.0,69764.0,91944.0,28905.0,50276.0,28739.0,51138.0,19231.0,17254.0
2026-05-06 15:51:20.016412,422813,1609504943503566,2543416020,0.01952,0.681248,0.743712,28.18375,21.27125,-8.23375,-41.000004,-28.744001,-39.480003,inter_set_rest,4,5.0,32605.0,42251.0,69764.0,91944.0,28905.0,50276.0,28739.0,51138.0,19231.0,17254.0
2026-05-06 15:51:20.018851,422814,1609504943512479,2543424735,0.007808,0.681248,0.737856,20.991251,21.20125,-7.7875,-40.264004,-27.376001,-40.52,inter_set_rest,4,5.0,32605.0,42251.0,69764.0,91944.0,28905.0,50276.0,28739.0,51138.0,19231.0,17254.0
2026-05-06 15:51:20.050269,422825,1609504943527132,2543439811,0.007808,0.681248,0.737856,15.575,21.0175,-8.715,-40.264004,-27.376001,-40.52,inter_set_rest,4,5.0,33827.0,42626.0,72105.0,93936.0,29764.0,50302.0,29829.0,51780.0,19617.0,17225.0
2026-05-06 15:51:20.052753,422826,1609504943536089,2543448601,0.02928,0.685152,0.75152,9.94,20.9825,-8.98625,-40.656002,-27.056002,-39.336002,inter_set_rest,4,5.0,33827.0,42626.0,72105.0,93936.0,29764.0,50302.0,29829.0,51780.0,19617.0,17225.0
2026-05-06 15:51:20.055270,422827,1609504943550649,2543461468,0.01952,0.665632,0.7808,1.05,21.035,-9.26625,-40.376003,-30.520002,-37.688004,inter_set_rest,4,5.0,33827.0,42626.0,72105.0,93936.0,29764.0,50302.0,29829.0,51780.0,19617.0,17225.0
2026-05-06 15:51:20.085275,422828,1609504943560050,2543472276,0.01952,0.665632,0.7808,-6.11625,20.5975,-10.1325,-40.376003,-30.520002,-37.688004,inter_set_rest,4,5.0,33827.0,42626.0,72105.0,93936.0,29764.0,50302.0,29829.0,51780.0,19617.0,17225.0
2026-05-06 15:51:20.091522,422829,1609504943569007,2543481042,0.01952,0.64416,0.757376,-10.03625,21.18375,-9.948751,-40.136,-26.896002,-40.616,inter_set_rest,4,5.0,33827.0,42626.0,72105.0,93936.0,29764.0,50302.0,29829.0,51780.0,19617.0,17225.0
2026-05-06 15:51:20.092192,422830,1609504943583497,2543495957,0.01952,0.64416,0.757376,-15.18125,21.56875,-7.7175,-40.136,-26.896002,-40.616,inter_set_rest,4,5.0,33827.0,42626.0,72105.0,93936.0,29764.0,50302.0,29829.0,51780.0,19617.0,17225.0
2026-05-06 15:51:20.092667,422831,1609504943592446,2543504652,0.023424,0.61488,0.796416,-21.1225,22.47875,-6.09875,-39.944,-27.064001,-39.184002,inter_set_rest,4,5.0,33827.0,42626.0,72105.0,93936.0,29764.0,50302.0,29829.0,51780.0,19617.0,17225.0
2026-05-06 15:51:20.108854,422832,1609504943606972,2543519719,0.023424,0.61488,0.796416,-29.1375,23.2575,-7.2975,-39.944,-27.064001,-39.184002,inter_set_rest,4,5.0,33827.0,42626.0,72105.0,93936.0,29764.0,50302.0,29829.0,51780.0,19617.0,17225.0
2026-05-06 15:51:20.147697,422844,1609504943615885,2543528678,-0.011712,0.59536,0.778848,-35.25375,23.555,-8.9075,-39.992,-27.088001,-39.184002,inter_set_rest,4,5.0,32920.0,41926.0,71250.0,92393.0,28991.0,49863.0,29376.0,51340.0,19211.0,17021.0
2026-05-06 15:51:20.150254,422845,1609504943630583,2543541575,-0.021472,0.591456,0.763232,-41.16875,23.8175,-7.21875,-39.440002,-27.632002,-36.984,inter_set_rest,4,5.0,32920.0,41926.0,71250.0,92393.0,28991.0,49863.0,29376.0,51340.0,19211.0,17021.0
2026-05-06 15:51:20.152779,422846,1609504943640252,2543552471,-0.021472,0.591456,0.763232,-45.75375,24.4475,-4.13875,-39.440002,-27.632002,-36.984,inter_set_rest,4,5.0,32920.0,41926.0,71250.0,92393.0,28991.0,49863.0,29376.0,51340.0,19211.0,17021.0
2026-05-06 15:51:20.155278,422847,1609504943649228,2543561226,-0.011712,0.519232,0.796416,-37.975,26.4075,-7.84,-39.128002,-25.608002,-36.552002,inter_set_rest,4,5.0,32920.0,41926.0,71250.0,92393.0,28991.0,49863.0,29376.0,51340.0,19211.0,17021.0
2026-05-06 15:51:20.166597,422848,1609504943663842,2543576160,-0.011712,0.519232,0.796416,-39.55,28.2275,-15.6975,-39.128002,-25.608002,-36.552002,inter_set_rest,4,5.0,32920.0,41926.0,71250.0,92393.0,28991.0,49863.0,29376.0,51340.0,19211.0,17021.0
2026-05-06 15:51:20.172773,422849,1609504943672804,2543584874,-0.074176,0.573888,0.81984,-49.37625,29.98625,-17.38625,-38.56,-25.712002,-36.464,inter_set_rest,4,5.0,32920.0,41926.0,71250.0,92393.0,28991.0,49863.0,29376.0,51340.0,19211.0,17021.0
2026-05-06 15:51:20.203844,422850,1609504943687276,2543599798,-0.074176,0.573888,0.81984,-55.107502,30.73875,-11.261251,-38.56,-25.712002,-36.464,inter_set_rest,4,5.0,32920.0,41926.0,71250.0,92393.0,28991.0,49863.0,29376.0,51340.0,19211.0,17021.0
2026-05-06 15:51:20.228859,422851,1609504943696185,2543608490,-0.060512,0.544608,0.866688,-32.6375,30.49375,-7.5425,-38.424004,-24.728,-37.04,inter_set_rest,4,5.0,32920.0,41926.0,71250.0,92393.0,28991.0,49863.0,29376.0,51340.0,19211.0,17021.0
2026-05-06 15:51:20.241293,422852,1609504943705162,2543617166,-0.060512,0.544608,0.866688,-28.58625,29.4175,-12.29375,-38.424004,-24.728,-37.04,inter_set_rest,4,5.0,32920.0,41926.0,71250.0,92393.0,28991.0,49863.0,29376.0,51340.0,19211.0,17021.0
2026-05-06 15:51:20.271562,422863,1609504943719741,2543632133,-0.080032,0.528992,0.806176,-46.76,28.9625,-13.65,-38.256,-24.496,-35.624,inter_set_rest,4,5.0,32596.0,43822.0,68179.0,92880.0,28889.0,52195.0,27958.0,51610.0,19231.0,18072.0
2026-05-06 15:51:20.274009,422864,1609504943728775,2543640941,-0.080032,0.528992,0.806176,-42.81375,29.8375,-12.50375,-38.256,-24.496,-35.624,inter_set_rest,4,5.0,32596.0,43822.0,68179.0,92880.0,28889.0,52195.0,27958.0,51610.0,19231.0,18072.0
2026-05-06 15:51:20.276586,422865,1609504943743248,2543655855,-0.109312,0.472384,0.845216,-50.085,31.64875,-11.55875,-37.832,-24.264002,-34.760002,inter_set_rest,4,5.0,32596.0,43822.0,68179.0,92880.0,28889.0,52195.0,27958.0,51610.0,19231.0,18072.0
2026-05-06 15:51:20.280683,422866,1609504943752232,2543664609,-0.148352,0.411872,0.972096,-59.94625,33.62625,-15.58375,-37.704002,-25.224,-32.864002,inter_set_rest,4,5.0,32596.0,43822.0,68179.0,92880.0,28889.0,52195.0,27958.0,51610.0,19231.0,18072.0
2026-05-06 15:51:20.281219,422867,1609504943761253,2543673349,-0.148352,0.411872,0.972096,-52.94625,33.55625,-15.627501,-37.704002,-25.224,-32.864002,inter_set_rest,4,5.0,32596.0,43822.0,68179.0,92880.0,28889.0,52195.0,27958.0,51610.0,19231.0,18072.0
2026-05-06 15:51:20.286379,422868,1609504943775934,2543688299,-0.113216,0.454816,0.892064,-36.91625,32.03375,-9.94,-37.096,-25.408,-32.544003,inter_set_rest,4,5.0,32596.0,43822.0,68179.0,92880.0,28889.0,52195.0,27958.0,51610.0,19231.0,18072.0
2026-05-06 15:51:20.286464,422869,1609504943784917,2543697039,-0.113216,0.454816,0.892064,-20.8425,31.036251,-7.46375,-37.096,-25.408,-32.544003,inter_set_rest,4,5.0,32596.0,43822.0,68179.0,92880.0,28889.0,52195.0,27958.0,51610.0,19231.0,18072.0
2026-05-06 15:51:20.307639,422870,1609504943799403,2543712037,-0.105408,0.470432,0.831552,-15.58375,31.59625,-6.16875,-36.640003,-25.224,-31.928001,inter_set_rest,4,5.0,32596.0,43822.0,68179.0,92880.0,28889.0,52195.0,27958.0,51610.0,19231.0,18072.0
2026-05-06 15:51:20.310088,422871,1609504943808359,2543720737,-0.105408,0.470432,0.831552,-11.4275,33.32,-4.3925,-36.640003,-25.224,-31.928001,inter_set_rest,4,5.0,32596.0,43822.0,68179.0,92880.0,28889.0,52195.0,27958.0,51610.0,19231.0,18072.0
2026-05-06 15:51:20.343970,422882,1609504943823040,2543734160,-0.109312,0.443104,0.91744,-22.0675,34.79,-6.27375,-36.816,-23.096,-33.800003,inter_set_rest,4,5.0,32816.0,45462.0,65113.0,93835.0,29096.0,54013.0,26561.0,52007.0,19383.0,18860.0
2026-05-06 15:51:20.346616,422883,1609504943832351,2543745042,-0.085888,0.38064,0.874496,-30.45875,35.13125,-9.345,-35.984,-23.424002,-32.184002,inter_set_rest,4,5.0,32816.0,45462.0,65113.0,93835.0,29096.0,54013.0,26561.0,52007.0,19383.0,18860.0
2026-05-06 15:51:20.349056,422884,1609504943841288,2543753782,-0.085888,0.38064,0.874496,-25.515,34.43125,-8.68875,-35.984,-23.424002,-32.184002,inter_set_rest,4,5.0,32816.0,45462.0,65113.0,93835.0,29096.0,54013.0,26561.0,52007.0,19383.0,18860.0
2026-05-06 15:51:20.360287,422885,1609504943855811,2543766715,-0.025376,0.47824,0.716384,-15.02375,36.98625,-7.21875,-35.624,-23.36,-31.392002,inter_set_rest,4,5.0,32816.0,45462.0,65113.0,93835.0,29096.0,54013.0,26561.0,52007.0,19383.0,18860.0
2026-05-06 15:51:20.368780,422886,1609504943865244,2543777469,-0.025376,0.47824,0.716384,-3.03625,40.81,-8.715,-35.624,-23.36,-31.392002,inter_set_rest,4,5.0,32816.0,45462.0,65113.0,93835.0,29096.0,54013.0,26561.0,52007.0,19383.0,18860.0
2026-05-06 15:51:20.379880,422887,1609504943879912,2543792480,-0.154208,0.33184,0.872544,-19.52125,46.0075,-10.9725,-35.104,-23.736002,-31.296001,inter_set_rest,4,5.0,32816.0,45462.0,65113.0,93835.0,29096.0,54013.0,26561.0,52007.0,19383.0,18860.0
2026-05-06 15:51:20.388577,422888,1609504943888902,2543801211,-0.154208,0.33184,0.872544,-14.62125,47.285,-14.06125,-35.104,-23.736002,-31.296001,inter_set_rest,4,5.0,32816.0,45462.0,65113.0,93835.0,29096.0,54013.0,26561.0,52007.0,19383.0,18860.0
2026-05-06 15:51:20.397600,422889,1609504943897826,2543809899,-0.132736,0.374784,0.991616,-15.96875,44.09125,-9.4325,-34.448,-23.44,-30.464,inter_set_rest,4,5.0,32816.0,45462.0,65113.0,93835.0,29096.0,54013.0,26561.0,52007.0,19383.0,18860.0
2026-05-06 15:51:20.431580,422890,1609504943912331,2543824840,-0.080032,0.443104,0.847168,-13.72875,40.46875,-6.3175,-33.984,-23.216002,-31.256002,inter_set_rest,4,5.0,32816.0,45462.0,65113.0,93835.0,29096.0,54013.0,26561.0,52007.0,19383.0,18860.0
2026-05-06 15:51:20.465188,422901,1609504943921860,2543833681,-0.080032,0.443104,0.847168,3.68375,41.46625,-15.05,-33.984,-23.216002,-31.256002,inter_set_rest,4,5.0,33112.0,45696.0,64982.0,93838.0,29306.0,54272.0,26522.0,51999.0,19527.0,19032.0
2026-05-06 15:51:20.467459,422902,1609504943936387,2543848661,-0.1952,0.44896,0.864736,4.3225,42.875,-18.366251,-33.304,-23.528002,-30.288002,inter_set_rest,4,5.0,33112.0,45696.0,64982.0,93838.0,29306.0,54272.0,26522.0,51999.0,19527.0,19032.0
2026-05-06 15:51:20.470109,422903,1609504943945410,2543857460,-0.1952,0.44896,0.864736,-5.0925,45.00125,-23.47625,-33.304,-23.528002,-30.288002,inter_set_rest,4,5.0,33112.0,45696.0,64982.0,93838.0,29306.0,54272.0,26522.0,51999.0,19527.0,19032.0
2026-05-06 15:51:20.472623,422904,1609504943954414,2543866196,-0.290848,0.368928,0.913536,-15.295,44.31,-24.0275,-32.760002,-24.944,-28.352001,inter_set_rest,4,5.0,33112.0,45696.0,64982.0,93838.0,29306.0,54272.0,26522.0,51999.0,19527.0,19032.0
2026-05-06 15:51:20.475082,422905,1609504943969165,2543881125,-0.290848,0.368928,0.913536,-22.6275,41.02875,-13.6325,-32.760002,-24.944,-28.352001,inter_set_rest,4,5.0,33112.0,45696.0,64982.0,93838.0,29306.0,54272.0,26522.0,51999.0,19527.0,19032.0
2026-05-06 15:51:20.477431,422906,1609504943978252,2543889844,-0.16592,0.4392,0.948672,-17.15875,38.115,-8.198751,-32.464,-24.752,-28.272001,inter_set_rest,4,5.0,33112.0,45696.0,64982.0,93838.0,29306.0,54272.0,26522.0,51999.0,19527.0,19032.0
2026-05-06 15:51:20.516406,422907,1609504943992732,2543904765,-0.152256,0.433344,0.90768,-5.34625,37.80875,-12.1275,-31.840002,-23.256,-28.568,inter_set_rest,4,5.0,33112.0,45696.0,64982.0,93838.0,29306.0,54272.0,26522.0,51999.0,19527.0,19032.0
2026-05-06 15:51:20.518673,422908,1609504944001647,2543913476,-0.152256,0.433344,0.90768,-6.055,36.89875,-20.0375,-31.840002,-23.256,-28.568,inter_set_rest,4,5.0,33112.0,45696.0,64982.0,93838.0,29306.0,54272.0,26522.0,51999.0,19527.0,19032.0
2026-05-06 15:51:20.521300,422909,1609504944010636,2543922175,-0.152256,0.433344,0.90768,-16.45,37.89625,-21.49,-31.840002,-23.256,-28.568,inter_set_rest,4,5.0,33112.0,45696.0,64982.0,93838.0,29306.0,54272.0,26522.0,51999.0,19527.0,19032.0
2026-05-06 15:51:20.593862,422920,1609504944025300,2543937435,-0.199104,0.40992,0.827648,2.625,38.52625,-30.065,-31.128002,-23.776001,-27.176,inter_set_rest,4,5.0,33858.0,45667.0,65900.0,93791.0,29934.0,54136.0,26951.0,51938.0,19862.0,18997.0
2026-05-06 15:51:20.606699,422921,1609504944034315,2543946244,-0.286944,0.325984,0.815936,4.9525,43.54875,-39.80375,-30.728,-26.952002,-25.992,inter_set_rest,4,5.0,33858.0,45667.0,65900.0,93791.0,29934.0,54136.0,26951.0,51938.0,19862.0,18997.0
2026-05-06 15:51:20.608975,422922,1609504944048829,2543961227,-0.286944,0.325984,0.815936,-8.0675,42.90125,-43.49625,-30.728,-26.952002,-25.992,inter_set_rest,4,5.0,33858.0,45667.0,65900.0,93791.0,29934.0,54136.0,26951.0,51938.0,19862.0,18997.0
2026-05-06 15:51:20.611505,422923,1609504944057755,2543969927,-0.318176,0.3416,0.872544,-1.23375,41.62375,-44.86125,-29.968002,-27.000002,-25.512001,inter_set_rest,4,5.0,33858.0,45667.0,65900.0,93791.0,29934.0,54136.0,26951.0,51938.0,19862.0,18997.0
2026-05-06 15:51:20.614030,422924,1609504944072279,2543984885,-0.349408,0.36112,0.884256,0.77,39.73375,-43.88125,-29.968002,-24.376001,-26.392002,inter_set_rest,4,5.0,33858.0,45667.0,65900.0,93791.0,29934.0,54136.0,26951.0,51938.0,19862.0,18997.0
2026-05-06 15:51:20.616669,422925,1609504944081208,2543993610,-0.349408,0.36112,0.884256,2.73875,35.945,-43.3825,-29.552002,-24.376001,-26.392002,inter_set_rest,4,5.0,33858.0,45667.0,65900.0,93791.0,29934.0,54136.0,26951.0,51938.0,19862.0,18997.0
2026-05-06 15:51:20.619002,422926,1609504944090255,2544002476,-0.349408,0.36112,0.884256,16.6775,39.305,-46.22625,-29.552002,-24.376001,-26.392002,inter_set_rest,4,5.0,33858.0,45667.0,65900.0,93791.0,29934.0,54136.0,26951.0,51938.0,19862.0,18997.0
2026-05-06 15:51:20.621603,422927,1609504944104748,2544017412,-0.378688,0.40016,0.882304,26.53,41.545002,-53.10375,-28.504002,-25.344002,-26.976002,inter_set_rest,4,5.0,33858.0,45667.0,65900.0,93791.0,29934.0,54136.0,26951.0,51938.0,19862.0,18997.0
2026-05-06 15:51:20.623919,422928,1609504944113686,2544026094,-0.396256,0.306464,0.827648,35.44625,42.9275,-58.77375,-27.864002,-26.744001,-27.28,inter_set_rest,4,5.0,33858.0,45667.0,65900.0,93791.0,29934.0,54136.0,26951.0,51938.0,19862.0,18997.0
2026-05-06 15:51:20.651518,422939,1609504944128574,2544041110,-0.396256,0.306464,0.827648,44.42375,45.75375,-62.79875,-27.864002,-26.744001,-27.28,inter_set_rest,4,5.0,35189.0,42992.0,70025.0,92582.0,30769.0,50855.0,28875.0,51239.0,20118.0,17487.0
2026-05-06 15:51:20.654009,422940,1609504944137738,2544049904,-0.425536,0.31232,0.726144,49.8925,48.08125,-66.77125,-26.752,-28.512001,-27.192001,inter_set_rest,4,5.0,35189.0,42992.0,70025.0,92582.0,30769.0,50855.0,28875.0,51239.0,20118.0,17487.0
2026-05-06 15:51:20.656390,422941,1609504944146678,2544058722,-0.425536,0.31232,0.726144,49.48125,50.732502,-68.83625,-26.752,-28.512001,-27.192001,inter_set_rest,4,5.0,35189.0,42992.0,70025.0,92582.0,30769.0,50855.0,28875.0,51239.0,20118.0,17487.0
2026-05-06 15:51:20.662364,422942,1609504944161246,2544073647,-0.388448,0.374784,0.796416,47.69625,56.11375,-62.37875,-26.152,-28.984001,-27.152,inter_set_rest,4,5.0,35189.0,42992.0,70025.0,92582.0,30769.0,50855.0,28875.0,51239.0,20118.0,17487.0
2026-05-06 15:51:20.671169,422943,1609504944170348,2544082370,-0.388448,0.374784,0.796416,60.20875,59.7625,-47.60875,-26.152,-28.984001,-27.152,inter_set_rest,4,5.0,35189.0,42992.0,70025.0,92582.0,30769.0,50855.0,28875.0,51239.0,20118.0,17487.0
2026-05-06 15:51:20.685161,422944,1609504944184867,2544097326,-0.525088,0.398208,0.568032,64.33875,66.045,-43.11125,-24.536001,-29.840002,-25.144001,inter_set_rest,4,5.0,35189.0,42992.0,70025.0,92582.0,30769.0,50855.0,28875.0,51239.0,20118.0,17487.0
2026-05-06 15:51:20.693896,422945,1609504944193776,2544106035,-0.577792,0.474336,0.691008,55.20375,62.36125,-43.81125,-23.952002,-34.168003,-22.808,inter_set_rest,4,5.0,35189.0,42992.0,70025.0,92582.0,30769.0,50855.0,28875.0,51239.0,20118.0,17487.0
2026-05-06 15:51:20.725289,422946,1609504944202695,2544114778,-0.577792,0.474336,0.691008,64.995,60.1125,-42.32375,-23.952002,-34.168003,-22.808,inter_set_rest,4,5.0,35189.0,42992.0,70025.0,92582.0,30769.0,50855.0,28875.0,51239.0,20118.0,17487.0
2026-05-06 15:51:20.727702,422947,1609504944217173,2544129671,-0.626592,0.45872,0.56608,66.35125,64.82,-43.53125,-23.000002,-31.560001,-26.528002,inter_set_rest,4,5.0,35189.0,42992.0,70025.0,92582.0,30769.0,50855.0,28875.0,51239.0,20118.0,17487.0
2026-05-06 15:51:20.755091,422958,1609504944226397,2544138627,-0.626592,0.45872,0.56608,45.71875,64.3825,-39.5675,-23.000002,-31.560001,-26.528002,inter_set_rest,4,5.0,42975.0,47467.0,75466.0,100856.0,37331.0,54461.0,31478.0,54998.0,23378.0,18712.0
2026-05-06 15:51:20.757617,422959,1609504944240968,2544153656,-0.62464,0.620736,0.6344,46.4275,60.515,-29.75,-21.864,-33.872,-25.328001,inter_set_rest,4,5.0,42975.0,47467.0,75466.0,100856.0,37331.0,54461.0,31478.0,54998.0,23378.0,18712.0
2026-05-06 15:51:20.760135,422960,1609504944249946,2544162404,-0.62464,0.620736,0.6344,53.26125,64.2075,-29.12875,-21.864,-33.872,-25.328001,inter_set_rest,4,5.0,42975.0,47467.0,75466.0,100856.0,37331.0,54461.0,31478.0,54998.0,23378.0,18712.0
2026-05-06 15:51:20.763883,422961,1609504944264466,2544175296,-0.685152,0.57584,0.601216,45.12375,59.5875,-39.06,-21.2,-35.24,-25.504002,inter_set_rest,4,5.0,42975.0,47467.0,75466.0,100856.0,37331.0,54461.0,31478.0,54998.0,23378.0,18712.0
2026-05-06 15:51:20.776575,422962,1609504944273803,2544186068,-0.687104,0.589504,0.636352,47.11,50.93375,-46.68125,-20.712002,-34.984,-26.856,inter_set_rest,4,5.0,42975.0,47467.0,75466.0,100856.0,37331.0,54461.0,31478.0,54998.0,23378.0,18712.0
2026-05-06 15:51:20.782704,422963,1609504944282725,2544194802,-0.687104,0.589504,0.636352,40.11,48.3525,-45.605,-20.712002,-34.984,-26.856,inter_set_rest,4,5.0,42975.0,47467.0,75466.0,100856.0,37331.0,54461.0,31478.0,54998.0,23378.0,18712.0
2026-05-06 15:51:20.816588,422964,1609504944297212,2544209710,-0.671488,0.720288,0.65392,29.39125,43.085,-36.32125,-20.096,-35.480003,-27.000002,inter_set_rest,4,5.0,42975.0,47467.0,75466.0,100856.0,37331.0,54461.0,31478.0,54998.0,23378.0,18712.0
2026-05-06 15:51:20.819024,422965,1609504944306125,2544218590,-0.671488,0.720288,0.65392,30.3275,40.92375,-30.70375,-20.096,-35.480003,-27.000002,inter_set_rest,4,5.0,42975.0,47467.0,75466.0,100856.0,37331.0,54461.0,31478.0,54998.0,23378.0,18712.0
2026-05-06 15:51:20.846508,422976,1609504944320753,2544233546,-0.675392,0.64416,0.618784,28.93625,38.465,-32.36625,-19.240002,-34.392002,-25.888,inter_set_rest,4,5.0,45887.0,51060.0,78857.0,106499.0,40281.0,57701.0,33228.0,57820.0,24934.0,19962.0
2026-05-06 15:51:20.848877,422977,1609504944329974,2544242445,-0.675392,0.64416,0.618784,10.4125,33.81,-38.22,-19.240002,-34.392002,-25.888,inter_set_rest,4,5.0,45887.0,51060.0,78857.0,106499.0,40281.0,57701.0,33228.0,57820.0,24934.0,19962.0
2026-05-06 15:51:20.851509,422978,1609504944338984,2544251292,-0.67344,0.642208,0.661728,-6.335,28.49875,-41.195,-18.92,-36.056004,-24.696001,inter_set_rest,4,5.0,45887.0,51060.0,78857.0,106499.0,40281.0,57701.0,33228.0,57820.0,24934.0,19962.0
2026-05-06 15:51:20.853930,422979,1609504944353595,2544266282,-0.67344,0.642208,0.61488,-20.553751,26.4425,-39.3925,-18.92,-36.056004,-24.696001,inter_set_rest,4,5.0,45887.0,51060.0,78857.0,106499.0,40281.0,57701.0,33228.0,57820.0,24934.0,19962.0
2026-05-06 15:51:20.862690,422980,1609504944362568,2544275031,-0.675392,0.554368,0.610976,-29.715,26.241251,-29.56625,-18.696001,-37.264,-22.088001,inter_set_rest,4,5.0,45887.0,51060.0,78857.0,106499.0,40281.0,57701.0,33228.0,57820.0,24934.0,19962.0
2026-05-06 15:51:20.878987,422981,1609504944377083,2544287875,-0.665632,0.591456,0.620736,-27.88625,27.76375,-23.82625,-17.448,-33.592003,-25.328001,inter_set_rest,4,5.0,45887.0,51060.0,78857.0,106499.0,40281.0,57701.0,33228.0,57820.0,24934.0,19962.0
2026-05-06 15:51:20.887839,422982,1609504944386289,2544298743,-0.665632,0.591456,0.620736,-28.69125,29.4525,-24.7975,-17.448,-33.592003,-25.328001,inter_set_rest,4,5.0,45887.0,51060.0,78857.0,106499.0,40281.0,57701.0,33228.0,57820.0,24934.0,19962.0
2026-05-06 15:51:20.896627,422983,1609504944395202,2544307529,-0.739808,0.488,0.558272,-26.97625,29.26,-33.075,-17.048,-33.760002,-24.504002,inter_set_rest,4,5.0,45887.0,51060.0,78857.0,106499.0,40281.0,57701.0,33228.0,57820.0,24934.0,19962.0
2026-05-06 15:51:20.936624,422984,1609504944409708,2544322448,-0.739808,0.488,0.558272,-20.055,26.74,-38.6225,-17.048,-33.760002,-24.504002,inter_set_rest,4,5.0,45887.0,51060.0,78857.0,106499.0,40281.0,57701.0,33228.0,57820.0,24934.0,19962.0
2026-05-06 15:51:20.961342,422985,1609504944418810,2544331150,-0.737856,0.489952,0.55632,-21.665,25.06,-32.5675,-16.44,-33.312,-24.752,inter_set_rest,4,5.0,45887.0,51060.0,78857.0,106499.0,40281.0,57701.0,33228.0,57820.0,24934.0,19962.0
2026-05-06 15:51:21.028902,422996,1609504944433379,2544346094,-0.737856,0.489952,0.55632,-19.53875,23.8525,-30.28375,-16.44,-33.312,-24.752,inter_set_rest,4,5.0,45156.0,49716.0,79232.0,106674.0,39938.0,56505.0,33369.0,58249.0,24944.0,19571.0
2026-05-06 15:51:21.031404,422997,1609504944442301,2544354780,-0.67344,0.579744,0.51728,-14.595,30.205,-27.1425,-15.976001,-33.016003,-24.296001,inter_set_rest,4,5.0,45156.0,49716.0,79232.0,106674.0,39938.0,56505.0,33369.0,58249.0,24944.0,19571.0
2026-05-06 15:51:21.033934,422998,1609504944456788,2544367630,-0.720288,0.388448,0.560224,-25.7425,24.92,-28.9975,-15.320001,-32.688,-23.176,inter_set_rest,4,5.0,45156.0,49716.0,79232.0,106674.0,39938.0,56505.0,33369.0,58249.0,24944.0,19571.0
2026-05-06 15:51:21.036452,422999,1609504944466078,2544378430,-0.720288,0.388448,0.560224,-43.3125,21.428751,-29.82,-15.320001,-32.688,-23.176,inter_set_rest,4,5.0,45156.0,49716.0,79232.0,106674.0,39938.0,56505.0,33369.0,58249.0,24944.0,19571.0
2026-05-06 15:51:21.038908,423000,1609504944475026,2544387121,-0.776896,0.437248,0.603168,-35.0525,29.6975,-27.545,-15.320001,-32.688,-24.480001,inter_set_rest,4,5.0,45156.0,49716.0,79232.0,106674.0,39938.0,56505.0,33369.0,58249.0,24944.0,19571.0
2026-05-06 15:51:21.041485,423001,1609504944489530,2544402004,-0.776896,0.437248,0.603168,-28.735,26.53,-35.1925,-15.000001,-32.16,-24.480001,inter_set_rest,4,5.0,45156.0,49716.0,79232.0,106674.0,39938.0,56505.0,33369.0,58249.0,24944.0,19571.0
2026-05-06 15:51:21.043869,423002,1609504944498467,2544410741,-0.802272,0.413824,0.589504,-22.19875,26.99375,-39.9175,-14.296001,-32.456,-22.824001,inter_set_rest,4,5.0,45156.0,49716.0,79232.0,106674.0,39938.0,56505.0,33369.0,58249.0,24944.0,19571.0
2026-05-06 15:51:21.046407,423003,1609504944512954,2544425681,-0.802272,0.413824,0.589504,-26.13625,23.616251,-40.74875,-14.296001,-32.456,-22.824001,inter_set_rest,4,5.0,45156.0,49716.0,79232.0,106674.0,39938.0,56505.0,33369.0,58249.0,24944.0,19571.0
2026-05-06 15:51:21.077578,423014,1609504944521937,2544434576,-0.815936,0.339648,0.69296,-31.54375,19.565,-46.34,-13.608001,-31.912,-22.52,inter_set_rest,4,5.0,44271.0,48750.0,78681.0,105884.0,39430.0,55724.0,33068.0,58017.0,24737.0,19251.0
2026-05-06 15:51:21.079979,423015,1609504944536466,2544447591,-0.81008,0.3416,0.626592,-23.77375,17.89375,-46.2,-13.040001,-31.824001,-21.920002,inter_set_rest,4,5.0,44271.0,48750.0,78681.0,105884.0,39430.0,55724.0,33068.0,58017.0,24737.0,19251.0
2026-05-06 15:51:21.082549,423016,1609504944545781,2544458394,-0.81008,0.3416,0.626592,-15.3475,22.645,-43.9425,-13.040001,-31.824001,-21.920002,inter_set_rest,4,5.0,44271.0,48750.0,78681.0,105884.0,39430.0,55724.0,33068.0,58017.0,24737.0,19251.0
2026-05-06 15:51:21.085192,423017,1609504944554840,2544467153,-0.81008,0.3416,0.626592,-18.865,22.855,-45.82375,-13.040001,-31.824001,-21.920002,inter_set_rest,4,5.0,44271.0,48750.0,78681.0,105884.0,39430.0,55724.0,33068.0,58017.0,24737.0,19251.0
2026-05-06 15:51:21.087511,423018,1609504944569426,2544482168,-0.83936,0.33184,0.667584,-19.985,21.02625,-46.92625,-12.248,-31.744001,-22.808,inter_set_rest,4,5.0,44271.0,48750.0,78681.0,105884.0,39430.0,55724.0,33068.0,58017.0,24737.0,19251.0
2026-05-06 15:51:21.089978,423019,1609504944578403,2544490950,-0.835456,0.35136,0.696864,-22.39125,21.07,-46.48875,-11.488001,-32.032,-21.616001,inter_set_rest,4,5.0,44271.0,48750.0,78681.0,105884.0,39430.0,55724.0,33068.0,58017.0,24737.0,19251.0
2026-05-06 15:51:21.092522,423020,1609504944593026,2544503846,-0.835456,0.35136,0.696864,-14.2975,20.60625,-45.45625,-11.488001,-32.032,-21.616001,inter_set_rest,4,5.0,44271.0,48750.0,78681.0,105884.0,39430.0,55724.0,33068.0,58017.0,24737.0,19251.0
2026-05-06 15:51:21.106551,423021,1609504944602329,2544514758,-0.837408,0.298656,0.610976,-14.69125,21.647501,-44.47625,-11.416,-33.784,-20.368,inter_set_rest,4,5.0,44271.0,48750.0,78681.0,105884.0,39430.0,55724.0,33068.0,58017.0,24737.0,19251.0
2026-05-06 15:51:21.112708,423022,1609504944611289,2544523496,-0.837408,0.298656,0.610976,-10.8325,19.17125,-43.70625,-11.416,-33.784,-20.368,inter_set_rest,4,5.0,44271.0,48750.0,78681.0,105884.0,39430.0,55724.0,33068.0,58017.0,24737.0,19251.0
2026-05-06 15:51:21.151552,423033,1609504944626084,2544536883,-0.81008,0.27328,0.59536,-9.21375,18.96125,-46.20875,-10.992001,-33.624,-20.232,inter_set_rest,4,5.0,44328.0,48803.0,78654.0,105880.0,39630.0,55690.0,33027.0,58003.0,24836.0,19215.0
2026-05-06 15:51:21.154053,423034,1609504944635465,2544547690,-0.81008,0.27328,0.59536,-5.87125,16.6425,-50.18125,-10.992001,-33.624,-20.232,inter_set_rest,4,5.0,44328.0,48803.0,78654.0,105880.0,39630.0,55690.0,33027.0,58003.0,24836.0,19215.0
2026-05-06 15:51:21.156518,423035,1609504944644514,2544556584,-0.808128,0.294752,0.55632,7.63875,17.6225,-52.3425,-9.792001,-33.808002,-20.152,inter_set_rest,4,5.0,44328.0,48803.0,78654.0,105880.0,39630.0,55690.0,33027.0,58003.0,24836.0,19215.0
2026-05-06 15:51:21.158997,423036,1609504944659090,2544571579,-0.874496,0.318176,0.569984,3.33375,20.01125,-51.2925,-9.368,-33.728,-20.080002,inter_set_rest,4,5.0,44328.0,48803.0,78654.0,105880.0,39630.0,55690.0,33027.0,58003.0,24836.0,19215.0
2026-05-06 15:51:21.172709,423037,1609504944668110,2544580305,-0.874496,0.318176,0.569984,-8.636251,17.64875,-44.03,-9.368,-33.728,-20.080002,inter_set_rest,4,5.0,44328.0,48803.0,78654.0,105880.0,39630.0,55690.0,33027.0,58003.0,24836.0,19215.0
2026-05-06 15:51:21.185364,423038,1609504944682658,2544595299,-0.864736,0.349408,0.558272,-7.11375,17.0975,-42.84,-8.648001,-31.872002,-20.872002,inter_set_rest,4,5.0,44328.0,48803.0,78654.0,105880.0,39630.0,55690.0,33027.0,58003.0,24836.0,19215.0
2026-05-06 15:51:21.194081,423039,1609504944691600,2544604001,-0.864736,0.349408,0.558272,0.37625,18.4625,-45.71,-8.648001,-31.872002,-20.872002,inter_set_rest,4,5.0,44328.0,48803.0,78654.0,105880.0,39630.0,55690.0,33027.0,58003.0,24836.0,19215.0
2026-05-06 15:51:21.207688,423040,1609504944706107,2544616997,-0.903776,0.337696,0.603168,1.04125,17.535,-46.97875,-8.64,-33.864002,-19.824001,inter_set_rest,4,5.0,44328.0,48803.0,78654.0,105880.0,39630.0,55690.0,33027.0,58003.0,24836.0,19215.0
2026-05-06 15:51:21.217735,423041,1609504944715439,2544627778,-0.903776,0.337696,0.603168,1.42625,14.0175,-44.49375,-8.64,-33.864002,-19.824001,inter_set_rest,4,5.0,44328.0,48803.0,78654.0,105880.0,39630.0,55690.0,33027.0,58003.0,24836.0,19215.0
2026-05-06 15:51:21.250075,423052,1609504944724693,2544636469,-0.9272,0.339648,0.532896,-2.6425,13.72,-38.29875,-7.488,-32.128002,-20.464,inter_set_rest,4,5.0,44303.0,49122.0,78354.0,105671.0,39698.0,55922.0,32829.0,57803.0,24803.0,19217.0
2026-05-06 15:51:21.252617,423053,1609504944739495,2544651441,-0.925248,0.314272,0.554368,-10.49125,10.0625,-34.57125,-7.648,-31.912,-20.616001,inter_set_rest,4,5.0,44303.0,49122.0,78354.0,105671.0,39698.0,55922.0,32829.0,57803.0,24803.0,19217.0
2026-05-06 15:51:21.255179,423054,1609504944748595,2544660238,-0.925248,0.314272,0.554368,-13.4925,9.5375,-27.3525,-7.648,-31.912,-20.616001,inter_set_rest,4,5.0,44303.0,49122.0,78354.0,105671.0,39698.0,55922.0,32829.0,57803.0,24803.0,19217.0
2026-05-06 15:51:21.257724,423055,1609504944757527,2544668957,-0.919392,0.306464,0.568032,-13.13375,7.8925,-21.7525,-7.392,-31.600002,-19.712002,inter_set_rest,4,5.0,44303.0,49122.0,78354.0,105671.0,39698.0,55922.0,32829.0,57803.0,24803.0,19217.0
2026-05-06 15:51:21.299808,423056,1609504944772144,2544683882,-0.919392,0.306464,0.568032,-12.46,5.635,-19.005,-7.392,-31.600002,-19.712002,inter_set_rest,4,5.0,44303.0,49122.0,78354.0,105671.0,39698.0,55922.0,32829.0,57803.0,24803.0,19217.0
2026-05-06 15:51:21.323874,423057,1609504944781121,2544692584,-0.890112,0.281088,0.601216,-14.74375,3.64,-17.42125,-7.04,-32.232002,-20.864,inter_set_rest,4,5.0,44303.0,49122.0,78354.0,105671.0,39698.0,55922.0,32829.0,57803.0,24803.0,19217.0
2026-05-06 15:51:21.333881,423058,1609504944795616,2544707600,-0.890112,0.281088,0.601216,-11.698751,2.38875,-17.9025,-7.04,-32.232002,-20.864,inter_set_rest,4,5.0,44303.0,49122.0,78354.0,105671.0,39698.0,55922.0,32829.0,57803.0,24803.0,19217.0
2026-05-06 15:51:21.336464,423059,1609504944804524,2544716318,-0.894016,0.275232,0.610976,-10.08,2.45,-17.955,-6.736001,-31.624,-20.76,inter_set_rest,4,5.0,44303.0,49122.0,78354.0,105671.0,39698.0,55922.0,32829.0,57803.0,24803.0,19217.0
2026-05-06 15:51:21.338891,423060,1609504944819021,2544731335,-0.903776,0.26352,0.5368,-5.915,1.81125,-16.96625,-6.984,-31.336002,-20.576,inter_set_rest,4,5.0,44303.0,49122.0,78354.0,105671.0,39698.0,55922.0,32829.0,57803.0,24803.0,19217.0
2026-05-06 15:51:21.402340,423071,1609504944828413,2544740238,-0.903776,0.26352,0.5368,-5.215,2.1875,-16.40625,-6.984,-31.336002,-20.576,inter_set_rest,4,5.0,44334.0,48951.0,78125.0,105819.0,39789.0,55727.0,32692.0,57920.0,24867.0,19126.0
2026-05-06 15:51:21.404802,423072,1609504944837407,2544748962,-0.903776,0.245952,0.589504,-4.62875,1.47,-16.4675,-6.984,-31.336002,-20.576,inter_set_rest,4,5.0,44334.0,48951.0,78125.0,105819.0,39789.0,55727.0,32692.0,57920.0,24867.0,19126.0
2026-05-06 15:51:21.407546,423073,1609504944852004,2544763884,-0.903776,0.245952,0.589504,-2.52875,0.035,-16.82625,-6.784,-31.536001,-18.608002,inter_set_rest,4,5.0,44334.0,48951.0,78125.0,105819.0,39789.0,55727.0,32692.0,57920.0,24867.0,19126.0
2026-05-06 15:51:21.410108,423074,1609504944860951,2544772583,-0.894016,0.255712,0.583648,-2.0475,-1.00625,-14.21875,-6.736001,-31.984001,-20.560001,inter_set_rest,4,5.0,44334.0,48951.0,78125.0,105819.0,39789.0,55727.0,32692.0,57920.0,24867.0,19126.0
2026-05-06 15:51:21.412597,423075,1609504944875501,2544787484,-0.894016,0.255712,0.583648,-6.9825,-2.77375,-9.9925,-6.736001,-31.984001,-20.560001,inter_set_rest,4,5.0,44334.0,48951.0,78125.0,105819.0,39789.0,55727.0,32692.0,57920.0,24867.0,19126.0
2026-05-06 15:51:21.415092,423076,1609504944884435,2544796270,-0.880352,0.257664,0.630496,-11.15625,-3.82375,-8.435,-6.728,-31.640001,-20.584002,inter_set_rest,4,5.0,44334.0,48951.0,78125.0,105819.0,39789.0,55727.0,32692.0,57920.0,24867.0,19126.0
2026-05-06 15:51:21.417594,423077,1609504944893534,2544805079,-0.880352,0.257664,0.630496,-9.275,-4.66375,-9.2225,-6.728,-31.640001,-20.584002,inter_set_rest,4,5.0,44334.0,48951.0,78125.0,105819.0,39789.0,55727.0,32692.0,57920.0,24867.0,19126.0
2026-05-06 15:51:21.420113,423078,1609504944908104,2544820087,-0.864736,0.220576,0.638304,-7.72625,-4.75125,-11.2875,-6.376,-31.736002,-20.384,inter_set_rest,4,5.0,44334.0,48951.0,78125.0,105819.0,39789.0,55727.0,32692.0,57920.0,24867.0,19126.0
2026-05-06 15:51:21.422578,423079,1609504944917130,2544828815,-0.864736,0.220576,0.638304,-5.66125,-5.1975,-10.3775,-6.376,-31.736002,-20.384,inter_set_rest,4,5.0,44334.0,48951.0,78125.0,105819.0,39789.0,55727.0,32692.0,57920.0,24867.0,19126.0
2026-05-06 15:51:21.450247,423090,1609504944932114,2544843880,-0.870592,0.212768,0.607072,-1.995,-4.3925,-9.68625,-6.616,-33.112003,-20.160002,inter_set_rest,4,5.0,44361.0,48602.0,77621.0,105764.0,39824.0,55466.0,32522.0,57967.0,24932.0,19040.0
2026-05-06 15:51:21.452656,423091,1609504944941193,2544852683,-0.847168,0.18544,0.609024,-5.69625,-3.56125,-6.5975,-6.960001,-33.120003,-19.192001,inter_set_rest,4,5.0,44361.0,48602.0,77621.0,105764.0,39824.0,55466.0,32522.0,57967.0,24932.0,19040.0
2026-05-06 15:51:21.455268,423092,1609504944950136,2544861630,-0.847168,0.18544,0.609024,-3.885,-3.5,-7.035,-6.960001,-33.120003,-19.192001,inter_set_rest,4,5.0,44361.0,48602.0,77621.0,105764.0,39824.0,55466.0,32522.0,57967.0,24932.0,19040.0
2026-05-06 15:51:21.468983,423093,1609504944964658,2544876672,-0.833504,0.177632,0.609024,-2.35375,-4.62,-9.0475,-6.72,-33.008003,-19.592001,inter_set_rest,4,5.0,44361.0,48602.0,77621.0,105764.0,39824.0,55466.0,32522.0,57967.0,24932.0,19040.0
2026-05-06 15:51:21.472747,423094,1609504944973579,2544885405,-0.833504,0.177632,0.609024,-1.65375,-6.0375,-9.91375,-6.72,-33.008003,-19.592001,inter_set_rest,4,5.0,44361.0,48602.0,77621.0,105764.0,39824.0,55466.0,32522.0,57967.0,24932.0,19040.0
2026-05-06 15:51:21.498983,423095,1609504944988077,2544900338,-0.866688,0.183488,0.60512,-0.06125,-6.50125,-9.31875,-6.432,-31.664001,-20.616001,inter_set_rest,4,5.0,44361.0,48602.0,77621.0,105764.0,39824.0,55466.0,32522.0,57967.0,24932.0,19040.0
2026-05-06 15:51:21.501149,423096,1609504944997008,2544908995,-0.866688,0.183488,0.60512,1.015,-7.18375,-6.29125,-6.432,-31.664001,-20.616001,inter_set_rest,4,5.0,44361.0,48602.0,77621.0,105764.0,39824.0,55466.0,32522.0,57967.0,24932.0,19040.0
2026-05-06 15:51:21.514884,423097,1609504945011556,2544923898,-0.817888,0.189344,0.620736,-5.01375,-6.60625,-4.52375,-7.032001,-31.672,-20.44,inter_set_rest,4,5.0,44361.0,48602.0,77621.0,105764.0,39824.0,55466.0,32522.0,57967.0,24932.0,19040.0
2026-05-06 15:51:21.521541,423098,1609504945020508,2544932659,-0.843264,0.191296,0.603168,-5.145,-5.5125,-6.1075,-6.912,-31.632002,-18.36,inter_set_rest,4,5.0,44361.0,48602.0,77621.0,105764.0,39824.0,55466.0,32522.0,57967.0,24932.0,19040.0
2026-05-06 15:51:21.550237,423109,1609504945030044,2544941448,-0.843264,0.191296,0.603168,-6.01125,-4.585,-4.83875,-6.912,-31.632002,-18.36,inter_set_rest,4,5.0,44354.0,48276.0,77182.0,105395.0,39812.0,55189.0,32334.0,57815.0,24958.0,18924.0
2026-05-06 15:51:21.552777,423110,1609504945044655,2544956410,-0.821792,0.181536,0.640256,-5.85375,-6.62375,-4.4975,-7.16,-31.256002,-20.576,inter_set_rest,4,5.0,44354.0,48276.0,77182.0,105395.0,39812.0,55189.0,32334.0,57815.0,24958.0,18924.0
2026-05-06 15:51:21.555268,423111,1609504945053632,2544965188,-0.821792,0.181536,0.640256,-8.575,-7.14875,-3.8675,-7.16,-31.256002,-20.576,inter_set_rest,4,5.0,44354.0,48276.0,77182.0,105395.0,39812.0,55189.0,32334.0,57815.0,24958.0,18924.0
2026-05-06 15:51:21.569002,423112,1609504945068163,2544980194,-0.821792,0.181536,0.6344,-4.76875,-7.23625,-4.935,-6.832,-31.728,-20.728,inter_set_rest,4,5.0,44354.0,48276.0,77182.0,105395.0,39812.0,55189.0,32334.0,57815.0,24958.0,18924.0
2026-05-06 15:51:21.580997,423113,1609504945077080,2544988908,-0.821792,0.181536,0.6344,-0.63,-8.2775,-6.62375,-6.832,-31.728,-20.728,inter_set_rest,4,5.0,44354.0,48276.0,77182.0,105395.0,39812.0,55189.0,32334.0,57815.0,24958.0,18924.0
2026-05-06 15:51:21.588148,423114,1609504945086166,2544997607,-0.835456,0.222528,0.587552,1.05,-7.5075,-4.725,-6.920001,-31.512001,-20.640001,inter_set_rest,4,5.0,44354.0,48276.0,77182.0,105395.0,39812.0,55189.0,32334.0,57815.0,24958.0,18924.0
2026-05-06 15:51:21.600189,423115,1609504945100701,2545012653,-0.813984,0.226432,0.60512,0.34125,-7.245,-3.22,-7.344,-32.144,-21.144001,inter_set_rest,4,5.0,44354.0,48276.0,77182.0,105395.0,39812.0,55189.0,32334.0,57815.0,24958.0,18924.0
2026-05-06 15:51:21.608731,423116,1609504945109775,2545021446,-0.813984,0.226432,0.60512,5.17125,-8.23375,-4.3225,-7.344,-32.144,-21.144001,inter_set_rest,4,5.0,44354.0,48276.0,77182.0,105395.0,39812.0,55189.0,32334.0,57815.0,24958.0,18924.0
2026-05-06 15:51:21.642657,423117,1609504945124199,2545036423,-0.83936,0.242048,0.57584,5.005,-8.1375,-4.97875,-7.416,-33.144,-19.944,inter_set_rest,4,5.0,44354.0,48276.0,77182.0,105395.0,39812.0,55189.0,32334.0,57815.0,24958.0,18924.0
2026-05-06 15:51:21.746571,423128,1609504945133203,2545045245,-0.83936,0.242048,0.57584,1.96,-8.89,-3.31625,-7.416,-33.144,-19.944,inter_set_rest,4,5.0,44205.0,47860.0,76566.0,105183.0,39729.0,54903.0,32060.0,57717.0,24938.0,18826.0
2026-05-06 15:51:21.749000,423129,1609504945147757,2545060211,-0.806176,0.23424,0.6344,-1.61875,-9.42375,-1.89875,-7.504,-31.640001,-20.944,inter_set_rest,4,5.0,44205.0,47860.0,76566.0,105183.0,39729.0,54903.0,32060.0,57717.0,24938.0,18826.0
2026-05-06 15:51:21.751463,423130,1609504945156713,2545068935,-0.806176,0.23424,0.6344,0.0,-9.77375,-2.23125,-7.504,-31.640001,-20.944,inter_set_rest,4,5.0,44205.0,47860.0,76566.0,105183.0,39729.0,54903.0,32060.0,57717.0,24938.0,18826.0
2026-05-06 15:51:21.753697,423131,1609504945165680,2545077633,-0.831552,0.265472,0.607072,0.4375,-8.23375,-1.12875,-7.264,-31.688002,-20.792002,inter_set_rest,4,5.0,44205.0,47860.0,76566.0,105183.0,39729.0,54903.0,32060.0,57717.0,24938.0,18826.0
2026-05-06 15:51:21.756283,423132,1609504945180237,2545092767,-0.80032,0.242048,0.603168,-1.2775,-5.62625,0.16625,-7.264,-31.688002,-18.664001,inter_set_rest,4,5.0,44205.0,47860.0,76566.0,105183.0,39729.0,54903.0,32060.0,57717.0,24938.0,18826.0
2026-05-06 15:51:21.758788,423133,1609504945189157,2545101459,-0.802272,0.242048,0.603168,-1.18125,-6.2825,-1.91625,-7.736001,-34.832,-18.664001,inter_set_rest,4,5.0,44205.0,47860.0,76566.0,105183.0,39729.0,54903.0,32060.0,57717.0,24938.0,18826.0
2026-05-06 15:51:21.761272,423134,1609504945203653,2545116397,-0.81984,0.245952,0.579744,0.245,-5.6175,-2.6075,-7.704001,-31.952002,-20.52,inter_set_rest,4,5.0,44205.0,47860.0,76566.0,105183.0,39729.0,54903.0,32060.0,57717.0,24938.0,18826.0
2026-05-06 15:51:21.763689,423135,1609504945212581,2545125088,-0.81984,0.245952,0.579744,0.5075,-5.60875,0.02625,-7.704001,-31.952002,-20.52,inter_set_rest,4,5.0,44205.0,47860.0,76566.0,105183.0,39729.0,54903.0,32060.0,57717.0,24938.0,18826.0
2026-05-06 15:51:21.791161,423146,1609504945227565,2545140363,-0.81984,0.242048,0.601216,-1.88125,-6.8775,1.21625,-7.832,-31.752,-20.464,inter_set_rest,4,5.0,44185.0,47508.0,75875.0,104661.0,39620.0,54546.0,31746.0,57423.0,24926.0,18708.0
2026-05-06 15:51:21.793538,423147,1609504945236562,2545149092,-0.81984,0.242048,0.601216,-1.11125,-7.07875,0.49875,-7.832,-31.752,-20.464,inter_set_rest,4,5.0,44185.0,47508.0,75875.0,104661.0,39620.0,54546.0,31746.0,57423.0,24926.0,18708.0
2026-05-06 15:51:21.796095,423148,1609504945245537,2545157781,-0.827648,0.25376,0.61488,-2.9225,-7.7,1.09375,-7.656,-32.056,-20.968,inter_set_rest,4,5.0,44185.0,47508.0,75875.0,104661.0,39620.0,54546.0,31746.0,57423.0,24926.0,18708.0
2026-05-06 15:51:21.798572,423149,1609504945260278,2545172710,-0.827648,0.25376,0.61488,-6.43125,-8.295,-0.58625,-7.656,-32.056,-20.968,inter_set_rest,4,5.0,44185.0,47508.0,75875.0,104661.0,39620.0,54546.0,31746.0,57423.0,24926.0,18708.0
2026-05-06 15:51:21.801139,423150,1609504945269317,2545181522,-0.837408,0.245952,0.616832,-5.34625,-6.86875,0.20125,-8.328,-32.104,-19.240002,inter_set_rest,4,5.0,44185.0,47508.0,75875.0,104661.0,39620.0,54546.0,31746.0,57423.0,24926.0,18708.0
2026-05-06 15:51:21.803554,423151,1609504945283927,2545196511,-0.782752,0.255712,0.677344,-5.62625,-8.6275,0.63875,-8.496,-33.584003,-19.720001,inter_set_rest,4,5.0,44185.0,47508.0,75875.0,104661.0,39620.0,54546.0,31746.0,57423.0,24926.0,18708.0
2026-05-06 15:51:21.806434,423152,1609504945292970,2545205226,-0.782752,0.255712,0.677344,-6.23875,-7.84875,1.16375,-8.496,-33.584003,-19.720001,inter_set_rest,4,5.0,44185.0,47508.0,75875.0,104661.0,39620.0,54546.0,31746.0,57423.0,24926.0,18708.0
2026-05-06 15:51:21.808727,423153,1609504945301977,2545213933,-0.782752,0.23424,0.691008,-6.18625,-7.875,0.28,-8.440001,-33.536003,-18.04,inter_set_rest,4,5.0,44185.0,47508.0,75875.0,104661.0,39620.0,54546.0,31746.0,57423.0,24926.0,18708.0
2026-05-06 15:51:21.817671,423154,1609504945316496,2545228946,-0.782752,0.23424,0.691008,-4.26125,-7.805,-0.09625,-8.440001,-33.536003,-18.04,inter_set_rest,4,5.0,44185.0,47508.0,75875.0,104661.0,39620.0,54546.0,31746.0,57423.0,24926.0,18708.0
2026-05-06 15:51:21.826516,423155,1609504945325413,2545237677,-0.786656,0.232288,0.628544,-2.80875,-7.49875,0.2625,-8.392,-31.656002,-21.256,inter_set_rest,4,5.0,44185.0,47508.0,75875.0,104661.0,39620.0,54546.0,31746.0,57423.0,24926.0,18708.0
2026-05-06 15:51:21.853709,423166,1609504945340101,2545252771,-0.786656,0.232288,0.628544,-2.54625,-7.84875,-1.12875,-8.392,-31.656002,-21.256,inter_set_rest,4,5.0,44020.0,47174.0,74836.0,104146.0,39363.0,54258.0,31227.0,57134.0,24818.0,18599.0
2026-05-06 15:51:21.856555,423167,1609504945349062,2545261582,-0.788608,0.230336,0.650016,-1.33,-7.1925,-0.5075,-8.76,-34.24,-19.312,inter_set_rest,4,5.0,44020.0,47174.0,74836.0,104146.0,39363.0,54258.0,31227.0,57134.0,24818.0,18599.0
2026-05-06 15:51:21.859057,423168,1609504945358053,2545270329,-0.788608,0.230336,0.650016,0.95375,-7.44625,-1.60125,-8.76,-34.24,-19.312,inter_set_rest,4,5.0,44020.0,47174.0,74836.0,104146.0,39363.0,54258.0,31227.0,57134.0,24818.0,18599.0
2026-05-06 15:51:21.892652,423169,1609504945372704,2545285252,-0.798368,0.236192,0.640256,1.7675,-7.42875,-2.4675,-8.808001,-35.04,-18.704,inter_set_rest,4,5.0,44020.0,47174.0,74836.0,104146.0,39363.0,54258.0,31227.0,57134.0,24818.0,18599.0
2026-05-06 15:51:21.895022,423170,1609504945381738,2545294022,-0.798368,0.222528,0.685152,2.19625,-7.315,-2.31875,-8.808001,-35.04,-21.904001,inter_set_rest,4,5.0,44020.0,47174.0,74836.0,104146.0,39363.0,54258.0,31227.0,57134.0,24818.0,18599.0
2026-05-06 15:51:21.897616,423171,1609504945396218,2545308922,-0.772992,0.222528,0.685152,1.7325,-7.2275,-2.4675,-8.664001,-32.168003,-21.904001,inter_set_rest,4,5.0,44020.0,47174.0,74836.0,104146.0,39363.0,54258.0,31227.0,57134.0,24818.0,18599.0
2026-05-06 15:51:21.906487,423172,1609504945405164,2545317625,-0.802272,0.232288,0.665632,1.68875,-6.50125,-3.00125,-8.84,-31.848001,-21.056002,inter_set_rest,4,5.0,44020.0,47174.0,74836.0,104146.0,39363.0,54258.0,31227.0,57134.0,24818.0,18599.0
2026-05-06 15:51:21.921636,423173,1609504945419686,2545330593,-0.802272,0.232288,0.665632,1.33,-6.23,-3.29875,-8.84,-31.848001,-21.056002,inter_set_rest,4,5.0,44020.0,47174.0,74836.0,104146.0,39363.0,54258.0,31227.0,57134.0,24818.0,18599.0
2026-05-06 15:51:21.952745,423184,1609504945429556,2545341463,-0.808128,0.228384,0.648064,1.54,-6.545,-3.63125,-8.784,-32.144,-20.464,inter_set_rest,4,5.0,43949.0,47176.0,74358.0,104042.0,39294.0,54302.0,31012.0,57093.0,24784.0,18634.0
2026-05-06 15:51:21.955212,423185,1609504945438610,2545350361,-0.808128,0.228384,0.648064,2.24875,-6.5275,-3.15,-8.784,-32.144,-20.464,inter_set_rest,4,5.0,43949.0,47176.0,74358.0,104042.0,39294.0,54302.0,31012.0,57093.0,24784.0,18634.0
2026-05-06 15:51:21.957783,423186,1609504945453226,2545365351,-0.794464,0.222528,0.626592,5.1975,-5.95,-3.28125,-8.728001,-33.848003,-20.096,inter_set_rest,4,5.0,43949.0,47176.0,74358.0,104042.0,39294.0,54302.0,31012.0,57093.0,24784.0,18634.0
2026-05-06 15:51:21.966681,423187,1609504945462157,2545374079,-0.794464,0.218624,0.655872,7.30625,-5.32,-4.41,-8.728001,-33.848003,-20.096,inter_set_rest,4,5.0,43949.0,47176.0,74358.0,104042.0,39294.0,54302.0,31012.0,57093.0,24784.0,18634.0
2026-05-06 15:51:21.972250,423188,1609504945471220,2545382800,-0.7808,0.218624,0.655872,7.44625,-6.0375,-5.39,-9.088,-33.800003,-17.960001,inter_set_rest,4,5.0,43949.0,47176.0,74358.0,104042.0,39294.0,54302.0,31012.0,57093.0,24784.0,18634.0
2026-05-06 15:51:22.005265,423189,1609504945485699,2545397709,-0.776896,0.20496,0.655872,7.8925,-6.46625,-5.85375,-8.944,-31.744001,-21.784,inter_set_rest,4,5.0,43949.0,47176.0,74358.0,104042.0,39294.0,54302.0,31012.0,57093.0,24784.0,18634.0
2026-05-06 15:51:22.007766,423190,1609504945494591,2545406490,-0.776896,0.20496,0.655872,7.7175,-6.685,-5.6,-8.944,-31.744001,-21.784,inter_set_rest,4,5.0,43949.0,47176.0,74358.0,104042.0,39294.0,54302.0,31012.0,57093.0,24784.0,18634.0
2026-05-06 15:51:22.010241,423191,1609504945509063,2545421400,-0.769088,0.210816,0.685152,7.49875,-6.43125,-4.55,-9.360001,-32.392002,-21.672,inter_set_rest,4,5.0,43949.0,47176.0,74358.0,104042.0,39294.0,54302.0,31012.0,57093.0,24784.0,18634.0
2026-05-06 15:51:22.041568,423192,1609504945518041,2545430147,-0.769088,0.210816,0.685152,7.74375,-6.125,-3.22,-9.360001,-32.392002,-21.672,inter_set_rest,4,5.0,43949.0,47176.0,74358.0,104042.0,39294.0,54302.0,31012.0,57093.0,24784.0,18634.0
2026-05-06 15:51:22.100109,423203,1609504945532762,2545445116,-0.778848,0.238144,0.657824,9.0475,-5.705,-2.56375,-9.072001,-33.024002,-21.456001,inter_set_rest,4,5.0,43956.0,47143.0,73977.0,103755.0,39261.0,54287.0,30821.0,56915.0,24748.0,18623.0
2026-05-06 15:51:22.102617,423204,1609504945541828,2545453900,-0.778848,0.238144,0.657824,11.2875,-4.48875,-1.82875,-9.072001,-33.024002,-21.456001,inter_set_rest,4,5.0,43956.0,47143.0,73977.0,103755.0,39261.0,54287.0,30821.0,56915.0,24748.0,18623.0
2026-05-06 15:51:22.105130,423205,1609504945550798,2545462629,-0.796416,0.22448,0.636352,11.96125,-4.89125,-2.2925,-9.552,-33.176003,-24.576,inter_set_rest,4,5.0,43956.0,47143.0,73977.0,103755.0,39261.0,54287.0,30821.0,56915.0,24748.0,18623.0
2026-05-06 15:51:22.107656,423206,1609504945565287,2545477535,-0.802272,0.226432,0.610976,13.41375,-4.78625,-2.6075,-9.312,-33.168003,-22.224,inter_set_rest,4,5.0,43956.0,47143.0,73977.0,103755.0,39261.0,54287.0,30821.0,56915.0,24748.0,18623.0
2026-05-06 15:51:22.110147,423207,1609504945574348,2545486336,-0.802272,0.226432,0.610976,13.4925,-5.32875,-3.01,-9.312,-33.168003,-22.224,inter_set_rest,4,5.0,43956.0,47143.0,73977.0,103755.0,39261.0,54287.0,30821.0,56915.0,24748.0,18623.0
2026-05-06 15:51:22.112658,423208,1609504945588945,2545501316,-0.772992,0.245952,0.642208,12.2325,-7.11375,-3.1325,-9.544001,-33.136,-22.552002,inter_set_rest,4,5.0,43956.0,47143.0,73977.0,103755.0,39261.0,54287.0,30821.0,56915.0,24748.0,18623.0
2026-05-06 15:51:22.115242,423209,1609504945598016,2545510094,-0.772992,0.245952,0.642208,11.7075,-6.81625,-2.765,-9.544001,-33.136,-22.552002,inter_set_rest,4,5.0,43956.0,47143.0,73977.0,103755.0,39261.0,54287.0,30821.0,56915.0,24748.0,18623.0
2026-05-06 15:51:22.117720,423210,1609504945606978,2545518829,-0.796416,0.26352,0.659776,9.58125,-7.595,-2.84375,-9.84,-35.312,-21.064001,inter_set_rest,4,5.0,43956.0,47143.0,73977.0,103755.0,39261.0,54287.0,30821.0,56915.0,24748.0,18623.0
2026-05-06 15:51:22.121558,423211,1609504945621653,2545533784,-0.796416,0.26352,0.659776,8.54,-6.39625,-1.28625,-9.84,-35.312,-21.064001,inter_set_rest,4,5.0,43956.0,47143.0,73977.0,103755.0,39261.0,54287.0,30821.0,56915.0,24748.0,18623.0
2026-05-06 15:51:22.159417,423222,1609504945631195,2545542731,-0.7808,0.277184,0.6344,9.835,-5.53,-0.25375,-9.648001,-35.280003,-21.624,inter_set_rest,4,5.0,43870.0,47061.0,73816.0,103418.0,39130.0,54208.0,30763.0,56750.0,24682.0,18590.0
2026-05-06 15:51:22.162271,423223,1609504945645756,2545557801,-0.786656,0.236192,0.659776,9.10875,-5.6525,-1.3475,-10.016001,-35.688004,-21.36,inter_set_rest,4,5.0,43870.0,47061.0,73816.0,103418.0,39130.0,54208.0,30763.0,56750.0,24682.0,18590.0
2026-05-06 15:51:22.163565,423224,1609504945654695,2545566556,-0.786656,0.236192,0.659776,10.2025,-6.08125,-2.44125,-10.016001,-35.688004,-21.36,inter_set_rest,4,5.0,43870.0,47061.0,73816.0,103418.0,39130.0,54208.0,30763.0,56750.0,24682.0,18590.0
2026-05-06 15:51:22.166220,423225,1609504945663732,2545575263,-0.786656,0.257664,0.65392,12.43375,-6.8425,-3.6225,-10.016001,-35.688004,-21.36,inter_set_rest,4,5.0,43870.0,47061.0,73816.0,103418.0,39130.0,54208.0,30763.0,56750.0,24682.0,18590.0
2026-05-06 15:51:22.177385,423226,1609504945678305,2545590259,-0.792512,0.257664,0.65392,14.41125,-5.4075,-4.50625,-10.088,-35.944,-20.624,inter_set_rest,4,5.0,43870.0,47061.0,73816.0,103418.0,39130.0,54208.0,30763.0,56750.0,24682.0,18590.0
2026-05-06 15:51:22.188949,423227,1609504945687373,2545598979,-0.77104,0.26352,0.675392,15.16375,-5.41625,-4.76,-10.016001,-34.264,-22.832,inter_set_rest,4,5.0,43870.0,47061.0,73816.0,103418.0,39130.0,54208.0,30763.0,56750.0,24682.0,18590.0
2026-05-06 15:51:22.205234,423228,1609504945701923,2545613957,-0.77104,0.26352,0.675392,14.035,-4.9875,-4.48875,-10.016001,-34.264,-22.832,inter_set_rest,4,5.0,43870.0,47061.0,73816.0,103418.0,39130.0,54208.0,30763.0,56750.0,24682.0,18590.0
2026-05-06 15:51:22.211430,423229,1609504945710849,2545622676,-0.79056,0.277184,0.646112,12.66125,-4.55,-3.955,-9.936001,-34.176003,-21.2,inter_set_rest,4,5.0,43870.0,47061.0,73816.0,103418.0,39130.0,54208.0,30763.0,56750.0,24682.0,18590.0
2026-05-06 15:51:22.236503,423230,1609504945725331,2545637683,-0.782752,0.240096,0.659776,12.29375,-3.87625,-3.85875,-9.6,-34.544003,-20.560001,inter_set_rest,4,5.0,43870.0,47061.0,73816.0,103418.0,39130.0,54208.0,30763.0,56750.0,24682.0,18590.0
2026-05-06 15:51:22.263748,423241,1609504945734400,2545646437,-0.782752,0.240096,0.659776,11.06875,-4.41875,-3.78,-9.6,-34.544003,-20.560001,inter_set_rest,4,5.0,43856.0,47024.0,73591.0,103129.0,39110.0,54183.0,30675.0,56610.0,24679.0,18589.0
2026-05-06 15:51:22.266432,423242,1609504945743467,2545655152,-0.782752,0.240096,0.659776,12.25,-4.375,-4.515,-9.6,-34.544003,-20.560001,inter_set_rest,4,5.0,43856.0,47024.0,73591.0,103129.0,39110.0,54183.0,30675.0,56610.0,24679.0,18589.0
2026-05-06 15:51:22.268846,423243,1609504945758023,2545670215,-0.784704,0.255712,0.698816,16.485,-4.89125,-5.9325,-9.864,-36.832,-22.688002,inter_set_rest,4,5.0,43856.0,47024.0,73591.0,103129.0,39110.0,54183.0,30675.0,56610.0,24679.0,18589.0
2026-05-06 15:51:22.271452,423244,1609504945767071,2545678982,-0.81008,0.347456,0.69296,19.55625,-3.08,-6.51875,-10.512,-37.312,-22.800001,inter_set_rest,4,5.0,43856.0,47024.0,73591.0,103129.0,39110.0,54183.0,30675.0,56610.0,24679.0,18589.0
2026-05-06 15:51:22.285152,423245,1609504945781646,2545693892,-0.81008,0.347456,0.69296,22.33875,-4.6725,-6.3175,-10.512,-37.312,-22.800001,inter_set_rest,4,5.0,43856.0,47024.0,73591.0,103129.0,39110.0,54183.0,30675.0,56610.0,24679.0,18589.0
2026-05-06 15:51:22.291675,423246,1609504945790718,2545702756,-0.823744,0.290848,0.769088,22.49625,0.91875,-1.9075,-10.376,-37.664,-23.272001,inter_set_rest,4,5.0,43856.0,47024.0,73591.0,103129.0,39110.0,54183.0,30675.0,56610.0,24679.0,18589.0
2026-05-06 15:51:22.300248,423247,1609504945799642,2545711481,-0.823744,0.290848,0.769088,9.8,-7.8225,-0.8225,-10.376,-37.664,-23.272001,inter_set_rest,4,5.0,43856.0,47024.0,73591.0,103129.0,39110.0,54183.0,30675.0,56610.0,24679.0,18589.0
2026-05-06 15:51:22.314018,423248,1609504945814277,2545726461,-0.808128,0.191296,0.691008,16.9925,-1.9075,-0.805,-9.816001,-36.224003,-24.272001,inter_set_rest,4,5.0,43856.0,47024.0,73591.0,103129.0,39110.0,54183.0,30675.0,56610.0,24679.0,18589.0
2026-05-06 15:51:22.327683,423249,1609504945823348,2545735192,-0.808128,0.191296,0.691008,22.645,-4.41875,-3.0275,-9.816001,-36.224003,-24.272001,inter_set_rest,4,5.0,43856.0,47024.0,73591.0,103129.0,39110.0,54183.0,30675.0,56610.0,24679.0,18589.0
2026-05-06 15:51:22.357420,423260,1609504945837976,2545750256,-0.77104,0.238144,0.620736,22.93375,-0.86625,4.0425,-10.128,-36.568,-24.368002,inter_set_rest,4,5.0,43768.0,46776.0,73844.0,101926.0,38920.0,53864.0,30745.0,55920.0,24548.0,18415.0
2026-05-06 15:51:22.359801,423261,1609504945846935,2545759042,-0.765184,0.271328,0.630496,30.54625,0.21,2.94875,-10.344001,-39.784,-23.6,inter_set_rest,4,5.0,43768.0,46776.0,73844.0,101926.0,38920.0,53864.0,30745.0,55920.0,24548.0,18415.0
2026-05-06 15:51:22.362369,423262,1609504945855885,2545768268,-0.765184,0.271328,0.630496,33.34625,0.56,2.9925,-10.344001,-39.784,-23.6,inter_set_rest,4,5.0,43768.0,46776.0,73844.0,101926.0,38920.0,53864.0,30745.0,55920.0,24548.0,18415.0
2026-05-06 15:51:22.368573,423263,1609504945870442,2545781212,-0.7808,0.308416,0.62464,35.2625,1.42625,3.24625,-10.896001,-40.84,-23.168001,inter_set_rest,4,5.0,43768.0,46776.0,73844.0,101926.0,38920.0,53864.0,30745.0,55920.0,24548.0,18415.0
2026-05-06 15:51:22.382581,423264,1609504945879626,2545791990,-0.7808,0.308416,0.62464,36.5225,1.05875,1.53125,-10.896001,-40.84,-23.168001,inter_set_rest,4,5.0,43768.0,46776.0,73844.0,101926.0,38920.0,53864.0,30745.0,55920.0,24548.0,18415.0
2026-05-06 15:51:22.407666,423265,1609504945894276,2545806988,-0.784704,0.333792,0.618784,37.47625,0.175,0.6125,-10.232,-38.232002,-25.864,inter_set_rest,4,5.0,43768.0,46776.0,73844.0,101926.0,38920.0,53864.0,30745.0,55920.0,24548.0,18415.0
2026-05-06 15:51:22.432620,423266,1609504945903203,2545815680,-0.784704,0.333792,0.618784,35.875,0.72625,-0.4725,-10.232,-38.232002,-25.864,inter_set_rest,4,5.0,43768.0,46776.0,73844.0,101926.0,38920.0,53864.0,30745.0,55920.0,24548.0,18415.0
2026-05-06 15:51:22.444275,423267,1609504945917736,2545828615,-0.77104,0.365024,0.650016,35.0875,0.91,-1.14625,-10.528001,-38.368,-26.056002,inter_set_rest,4,5.0,43768.0,46776.0,73844.0,101926.0,38920.0,53864.0,30745.0,55920.0,24548.0,18415.0
2026-05-06 15:51:22.446229,423268,1609504945927048,2545839387,-0.735904,0.38064,0.601216,38.03625,0.245,-1.715,-10.512,-39.064003,-24.856,inter_set_rest,4,5.0,43768.0,46776.0,73844.0,101926.0,38920.0,53864.0,30745.0,55920.0,24548.0,18415.0
2026-05-06 15:51:22.478846,423280,1609504945936141,2545848139,-0.735904,0.38064,0.601216,40.53875,-0.35,-4.2175,-10.512,-39.064003,-24.856,inter_set_rest,4,5.0,43842.0,46661.0,74799.0,100727.0,38876.0,53574.0,31165.0,55231.0,24423.0,18235.0
2026-05-06 15:51:22.481600,423281,1609504945950689,2545863110,-0.749568,0.384544,0.568032,33.4075,-0.7,-6.57125,-10.432,-39.320004,-26.840002,inter_set_rest,4,5.0,43842.0,46661.0,74799.0,100727.0,38876.0,53574.0,31165.0,55231.0,24423.0,18235.0
2026-05-06 15:51:22.484004,423282,1609504945959666,2545871881,-0.749568,0.384544,0.568032,31.54375,-1.51375,-8.8025,-10.432,-39.320004,-26.840002,inter_set_rest,4,5.0,43842.0,46661.0,74799.0,100727.0,38876.0,53574.0,31165.0,55231.0,24423.0,18235.0
2026-05-06 15:51:22.486595,423283,1609504945974345,2545886893,-0.763232,0.421632,0.612928,29.25125,-1.68,-8.5925,-10.632001,-41.456,-26.464,inter_set_rest,4,5.0,43842.0,46661.0,74799.0,100727.0,38876.0,53574.0,31165.0,55231.0,24423.0,18235.0
2026-05-06 15:51:22.489048,423284,1609504945983378,2545895960,-0.763232,0.421632,0.612928,28.53375,-2.275,-8.5225,-10.632001,-41.456,-26.464,inter_set_rest,4,5.0,43842.0,46661.0,74799.0,100727.0,38876.0,53574.0,31165.0,55231.0,24423.0,18235.0
2026-05-06 15:51:22.492551,423285,1609504945992452,2545904684,-0.774944,0.431392,0.610976,31.710001,-1.33875,-10.7625,-10.400001,-41.888,-27.032001,inter_set_rest,4,5.0,43842.0,46661.0,74799.0,100727.0,38876.0,53574.0,31165.0,55231.0,24423.0,18235.0
2026-05-06 15:51:22.527425,423286,1609504946006982,2545919578,-0.74176,0.433344,0.609024,27.62375,-0.5075,-10.08875,-10.504001,-40.952003,-28.032001,inter_set_rest,4,5.0,43842.0,46661.0,74799.0,100727.0,38876.0,53574.0,31165.0,55231.0,24423.0,18235.0
2026-05-06 15:51:22.528737,423287,1609504946015925,2545928297,-0.74176,0.433344,0.609024,30.05625,-0.175,-11.64625,-10.504001,-40.952003,-28.032001,inter_set_rest,4,5.0,43842.0,46661.0,74799.0,100727.0,38876.0,53574.0,31165.0,55231.0,24423.0,18235.0
2026-05-06 15:51:22.531347,423288,1609504946030386,2545941161,-0.757376,0.470432,0.610976,30.47625,-0.0525,-13.667501,-10.024,-40.752003,-28.232002,inter_set_rest,4,5.0,43842.0,46661.0,74799.0,100727.0,38876.0,53574.0,31165.0,55231.0,24423.0,18235.0
2026-05-06 15:51:22.561337,423299,1609504946039681,2545952021,-0.757376,0.470432,0.610976,26.3725,0.20125,-13.125,-10.024,-40.752003,-28.232002,inter_set_rest,4,5.0,44248.0,48101.0,76052.0,102067.0,39221.0,54968.0,31749.0,55845.0,24515.0,18747.0
2026-05-06 15:51:22.563968,423300,1609504946048932,2545960806,-0.788608,0.452864,0.589504,27.4575,-0.6825,-14.63,-10.360001,-44.536003,-26.592001,inter_set_rest,4,5.0,44248.0,48101.0,76052.0,102067.0,39221.0,54968.0,31749.0,55845.0,24515.0,18747.0
2026-05-06 15:51:22.566486,423301,1609504946063469,2545975754,-0.788608,0.452864,0.589504,24.92,-0.7525,-14.315001,-10.360001,-44.536003,-26.592001,inter_set_rest,4,5.0,44248.0,48101.0,76052.0,102067.0,39221.0,54968.0,31749.0,55845.0,24515.0,18747.0
2026-05-06 15:51:22.575212,423302,1609504946072455,2545984437,-0.786656,0.472384,0.573888,23.37125,-1.015,-10.99,-10.032001,-45.328003,-27.544,inter_set_rest,4,5.0,44248.0,48101.0,76052.0,102067.0,39221.0,54968.0,31749.0,55845.0,24515.0,18747.0
2026-05-06 15:51:22.588965,423303,1609504946086975,2545999407,-0.77104,0.484096,0.571936,22.8025,-0.6475,-8.3475,-10.032001,-45.328003,-30.752,inter_set_rest,4,5.0,44248.0,48101.0,76052.0,102067.0,39221.0,54968.0,31749.0,55845.0,24515.0,18747.0
2026-05-06 15:51:22.597764,423304,1609504946095935,2546008141,-0.769088,0.484096,0.571936,22.77625,0.69125,-6.53625,-10.144,-41.936,-30.752,inter_set_rest,4,5.0,44248.0,48101.0,76052.0,102067.0,39221.0,54968.0,31749.0,55845.0,24515.0,18747.0
2026-05-06 15:51:22.611509,423305,1609504946110433,2546023124,-0.769088,0.482144,0.5368,20.615,1.28625,-4.33125,-9.984,-43.312,-28.472002,inter_set_rest,4,5.0,44248.0,48101.0,76052.0,102067.0,39221.0,54968.0,31749.0,55845.0,24515.0,18747.0
2026-05-06 15:51:22.644973,423306,1609504946119341,2546031817,-0.769088,0.482144,0.5368,22.14625,1.98625,-4.6025,-9.984,-43.312,-28.472002,inter_set_rest,4,5.0,44248.0,48101.0,76052.0,102067.0,39221.0,54968.0,31749.0,55845.0,24515.0,18747.0
2026-05-06 15:51:22.647380,423307,1609504946128309,2546040539,-0.769088,0.486048,0.528992,22.1725,2.065,-5.06625,-10.016001,-42.072002,-30.728,inter_set_rest,4,5.0,44248.0,48101.0,76052.0,102067.0,39221.0,54968.0,31749.0,55845.0,24515.0,18747.0
2026-05-06 15:51:22.677616,423318,1609504946143086,2546055610,-0.769088,0.486048,0.528992,19.27625,2.24,-2.84375,-10.016001,-42.072002,-30.728,inter_set_rest,4,5.0,44784.0,49640.0,77168.0,104072.0,39725.0,56403.0,32278.0,56813.0,24706.0,19272.0
2026-05-06 15:51:22.680204,423319,1609504946152018,2546064309,-0.76128,0.505568,0.560224,15.54875,2.72125,-1.32125,-9.928,-43.208,-29.792002,inter_set_rest,4,5.0,44784.0,49640.0,77168.0,104072.0,39725.0,56403.0,32278.0,56813.0,24706.0,19272.0
2026-05-06 15:51:22.682680,423320,1609504946166529,2546079232,-0.76128,0.505568,0.560224,10.535,1.5925,0.7175,-9.928,-43.208,-29.792002,inter_set_rest,4,5.0,44784.0,49640.0,77168.0,104072.0,39725.0,56403.0,32278.0,56813.0,24706.0,19272.0
2026-05-06 15:51:22.685131,423321,1609504946175493,2546087999,-0.763232,0.50752,0.552416,7.11375,1.12875,2.28375,-10.360001,-44.352,-28.528002,inter_set_rest,4,5.0,44784.0,49640.0,77168.0,104072.0,39725.0,56403.0,32278.0,56813.0,24706.0,19272.0
2026-05-06 15:51:22.687690,423322,1609504946184404,2546096814,-0.763232,0.50752,0.552416,9.2575,0.3675,2.1875,-10.360001,-44.352,-28.528002,inter_set_rest,4,5.0,44784.0,49640.0,77168.0,104072.0,39725.0,56403.0,32278.0,56813.0,24706.0,19272.0
2026-05-06 15:51:22.701581,423323,1609504946199059,2546111751,-0.765184,0.503616,0.59536,8.21625,-0.21,0.14875,-10.248,-45.816,-28.032001,inter_set_rest,4,5.0,44784.0,49640.0,77168.0,104072.0,39725.0,56403.0,32278.0,56813.0,24706.0,19272.0
2026-05-06 15:51:22.710321,423324,1609504946208047,2546120473,-0.735904,0.486048,0.577792,5.52125,-0.42875,-0.34125,-10.248,-42.752003,-30.216002,inter_set_rest,4,5.0,44784.0,49640.0,77168.0,104072.0,39725.0,56403.0,32278.0,56813.0,24706.0,19272.0
2026-05-06 15:51:22.723871,423325,1609504946222609,2546133392,-0.735904,0.486048,0.577792,2.94,-0.3675,0.4725,-10.64,-42.752003,-30.216002,inter_set_rest,4,5.0,44784.0,49640.0,77168.0,104072.0,39725.0,56403.0,32278.0,56813.0,24706.0,19272.0
2026-05-06 15:51:22.812669,423336,1609504946231843,2546144193,-0.737856,0.470432,0.573888,0.9975,0.88375,0.39375,-10.112,-42.792004,-30.352001,inter_set_rest,4,5.0,45050.0,50293.0,77879.0,105596.0,40012.0,56999.0,32613.0,57619.0,24823.0,19518.0
2026-05-06 15:51:22.815009,423337,1609504946240857,2546152968,-0.737856,0.470432,0.573888,-1.49625,1.785,-0.28875,-10.112,-42.792004,-30.352001,inter_set_rest,4,5.0,45050.0,50293.0,77879.0,105596.0,40012.0,56999.0,32613.0,57619.0,24823.0,19518.0
2026-05-06 15:51:22.820729,423338,1609504946255393,2546167975,-0.753472,0.452864,0.568032,-3.40375,1.68,-0.6125,-10.032001,-44.856003,-29.824001,inter_set_rest,4,5.0,45050.0,50293.0,77879.0,105596.0,40012.0,56999.0,32613.0,57619.0,24823.0,19518.0
2026-05-06 15:51:22.820821,423339,1609504946264317,2546176677,-0.753472,0.452864,0.568032,-3.9375,2.30125,-1.18125,-10.032001,-44.856003,-29.824001,inter_set_rest,4,5.0,45050.0,50293.0,77879.0,105596.0,40012.0,56999.0,32613.0,57619.0,24823.0,19518.0
2026-05-06 15:51:22.823284,423340,1609504946278833,2546189664,-0.76128,0.447008,0.571936,-4.36625,2.73,-1.3475,-10.112,-42.872,-30.04,inter_set_rest,4,5.0,45050.0,50293.0,77879.0,105596.0,40012.0,56999.0,32613.0,57619.0,24823.0,19518.0
2026-05-06 15:51:22.825062,423341,1609504946288160,2546200507,-0.76128,0.447008,0.59536,-5.43375,2.66,-1.785,-10.112,-42.872,-30.04,inter_set_rest,4,5.0,45050.0,50293.0,77879.0,105596.0,40012.0,56999.0,32613.0,57619.0,24823.0,19518.0
2026-05-06 15:51:22.827523,423342,1609504946302652,2546213413,-0.755424,0.437248,0.59536,-6.06375,3.4125,-2.17875,-10.128,-43.184002,-29.528002,inter_set_rest,4,5.0,45050.0,50293.0,77879.0,105596.0,40012.0,56999.0,32613.0,57619.0,24823.0,19518.0
2026-05-06 15:51:22.830104,423343,1609504946311898,2546224255,-0.774944,0.431392,0.55632,-6.6675,3.80625,-2.4675,-10.152,-44.728,-29.248001,inter_set_rest,4,5.0,45050.0,50293.0,77879.0,105596.0,40012.0,56999.0,32613.0,57619.0,24823.0,19518.0
2026-05-06 15:51:22.832578,423344,1609504946320832,2546232963,-0.774944,0.431392,0.55632,-6.5625,3.885,-3.43875,-10.152,-44.728,-29.248001,inter_set_rest,4,5.0,45050.0,50293.0,77879.0,105596.0,40012.0,56999.0,32613.0,57619.0,24823.0,19518.0
2026-05-06 15:51:22.860263,423355,1609504946335793,2546247977,-0.821792,0.753472,0.372832,-6.53625,4.1475,-5.4425,-10.256001,-42.448,-29.792002,inter_set_rest,4,5.0,45310.0,49981.0,77748.0,105516.0,40197.0,56703.0,32578.0,57590.0,24950.0,19435.0
2026-05-06 15:51:22.862723,423356,1609504946344872,2546256790,-0.821792,0.753472,0.372832,-8.5225,8.98625,-6.2825,-10.256001,-42.448,-29.792002,inter_set_rest,4,5.0,45310.0,49981.0,77748.0,105516.0,40197.0,56703.0,32578.0,57590.0,24950.0,19435.0
2026-05-06 15:51:22.865275,423357,1609504946359418,2546271861,-0.806176,0.71248,0.792512,-39.6725,8.53125,3.07125,-9.944,-41.976,-29.248001,inter_set_rest,4,5.0,45310.0,49981.0,77748.0,105516.0,40197.0,56703.0,32578.0,57590.0,24950.0,19435.0
2026-05-06 15:51:22.867730,423358,1609504946368389,2546280630,-0.806176,0.71248,0.792512,-41.755,-12.10125,-8.68,-9.944,-41.976,-29.248001,inter_set_rest,4,5.0,45310.0,49981.0,77748.0,105516.0,40197.0,56703.0,32578.0,57590.0,24950.0,19435.0
2026-05-06 15:51:22.879039,423359,1609504946377334,2546289422,-0.782752,0.324032,0.603168,-55.99125,-0.2275,-17.64,-9.792001,-41.688004,-28.672,inter_set_rest,4,5.0,45310.0,49981.0,77748.0,105516.0,40197.0,56703.0,32578.0,57590.0,24950.0,19435.0
2026-05-06 15:51:22.892779,423360,1609504946391847,2546304342,-0.7808,0.257664,0.59536,-53.19125,-5.7575,-31.01875,-9.176001,-41.432003,-28.760002,inter_set_rest,4,5.0,45310.0,49981.0,77748.0,105516.0,40197.0,56703.0,32578.0,57590.0,24950.0,19435.0
2026-05-06 15:51:22.901596,423361,1609504946400846,2546313107,-0.7808,0.257664,0.59536,-28.3675,-1.11125,-30.59,-9.176001,-41.432003,-28.760002,inter_set_rest,4,5.0,45310.0,49981.0,77748.0,105516.0,40197.0,56703.0,32578.0,57590.0,24950.0,19435.0
2026-05-06 15:51:22.916379,423362,1609504946415321,2546328022,-0.757376,0.35136,0.591456,-22.1375,1.47875,-17.5175,-9.424001,-42.944,-27.488,inter_set_rest,4,5.0,45310.0,49981.0,77748.0,105516.0,40197.0,56703.0,32578.0,57590.0,24950.0,19435.0
2026-05-06 15:51:22.928626,423363,1609504946424324,2546336766,-0.757376,0.35136,0.591456,-20.36125,0.53375,-13.92125,-9.424001,-42.944,-27.488,inter_set_rest,4,5.0,45310.0,49981.0,77748.0,105516.0,40197.0,56703.0,32578.0,57590.0,24950.0,19435.0
2026-05-06 15:51:22.957661,423374,1609504946433453,2546345519,-0.812032,0.288896,0.622688,-19.71375,-0.385,-18.5325,-8.744,-40.800003,-28.000002,inter_set_rest,4,5.0,44967.0,49197.0,76972.0,104433.0,39857.0,55929.0,32195.0,56976.0,24861.0,19149.0
2026-05-06 15:51:22.960182,423375,1609504946448028,2546360598,-0.812032,0.288896,0.622688,-19.022501,-0.07875,-18.24375,-8.744,-40.800003,-28.000002,inter_set_rest,4,5.0,44967.0,49197.0,76972.0,104433.0,39857.0,55929.0,32195.0,56976.0,24861.0,19149.0
2026-05-06 15:51:22.962714,423376,1609504946456983,2546369322,-0.79056,0.316224,0.597312,-12.3375,0.98,-13.16875,-8.696,-42.384003,-27.296001,inter_set_rest,4,5.0,44967.0,49197.0,76972.0,104433.0,39857.0,55929.0,32195.0,56976.0,24861.0,19149.0
2026-05-06 15:51:22.972762,423377,1609504946471569,2546384252,-0.792512,0.316224,0.612928,-13.1075,0.98,-9.24875,-8.824,-41.920002,-26.816002,inter_set_rest,4,5.0,44967.0,49197.0,76972.0,104433.0,39857.0,55929.0,32195.0,56976.0,24861.0,19149.0
2026-05-06 15:51:22.981640,423378,1609504946480470,2546392969,-0.792512,0.316224,0.612928,-16.695,1.00625,-7.97125,-8.824,-41.920002,-26.816002,inter_set_rest,4,5.0,44967.0,49197.0,76972.0,104433.0,39857.0,55929.0,32195.0,56976.0,24861.0,19149.0
2026-05-06 15:51:22.995304,423379,1609504946495141,2546405888,-0.788608,0.343552,0.62464,-18.4975,1.05875,-5.36375,-9.04,-40.216003,-27.792002,inter_set_rest,4,5.0,44967.0,49197.0,76972.0,104433.0,39857.0,55929.0,32195.0,56976.0,24861.0,19149.0
2026-05-06 15:51:23.009029,423380,1609504946504467,2546416700,-0.788608,0.343552,0.62464,-17.115,1.4,-2.94,-9.04,-40.216003,-27.792002,inter_set_rest,4,5.0,44967.0,49197.0,76972.0,104433.0,39857.0,55929.0,32195.0,56976.0,24861.0,19149.0
2026-05-06 15:51:23.012703,423381,1609504946513443,2546425485,-0.808128,0.37088,0.61488,-12.03125,2.1875,-2.03,-8.672001,-41.104,-27.704,inter_set_rest,4,5.0,44967.0,49197.0,76972.0,104433.0,39857.0,55929.0,32195.0,56976.0,24861.0,19149.0
2026-05-06 15:51:23.046448,423382,1609504946527928,2546440425,-0.808128,0.37088,0.61488,-3.64,1.5575,-3.3075,-8.672001,-41.104,-27.704,inter_set_rest,4,5.0,44967.0,49197.0,76972.0,104433.0,39857.0,55929.0,32195.0,56976.0,24861.0,19149.0
2026-05-06 15:51:23.076294,423393,1609504946537210,2546449180,-0.798368,0.36112,0.583648,-4.47125,1.54,-5.18875,-8.888001,-39.960003,-27.6,inter_set_rest,4,5.0,44825.0,49126.0,77283.0,104505.0,39727.0,55813.0,32314.0,57049.0,24790.0,19121.0
2026-05-06 15:51:23.078692,423394,1609504946551758,2546464244,-0.776896,0.345504,0.601216,-6.1775,1.05875,-6.48375,-8.832001,-40.176003,-28.328001,inter_set_rest,4,5.0,44825.0,49126.0,77283.0,104505.0,39727.0,55813.0,32314.0,57049.0,24790.0,19121.0
2026-05-06 15:51:23.081277,423395,1609504946560696,2546472963,-0.776896,0.345504,0.601216,-4.6725,0.595,-7.51625,-8.832001,-40.176003,-28.328001,inter_set_rest,4,5.0,44825.0,49126.0,77283.0,104505.0,39727.0,55813.0,32314.0,57049.0,24790.0,19121.0
2026-05-06 15:51:23.083597,423396,1609504946569853,2546481772,-0.776896,0.345504,0.601216,-0.42875,1.44375,-7.63875,-8.832001,-40.176003,-28.328001,inter_set_rest,4,5.0,44825.0,49126.0,77283.0,104505.0,39727.0,55813.0,32314.0,57049.0,24790.0,19121.0
2026-05-06 15:51:23.086123,423397,1609504946584534,2546496796,-0.776896,0.349408,0.6344,3.7625,2.66875,-7.805,-8.448,-40.304,-26.592001,inter_set_rest,4,5.0,44825.0,49126.0,77283.0,104505.0,39727.0,55813.0,32314.0,57049.0,24790.0,19121.0
2026-05-06 15:51:23.092367,423398,1609504946593514,2546505566,-0.792512,0.345504,0.59536,5.85375,2.75625,-8.1025,-8.352,-40.768,-26.800001,inter_set_rest,4,5.0,44825.0,49126.0,77283.0,104505.0,39727.0,55813.0,32314.0,57049.0,24790.0,19121.0
2026-05-06 15:51:23.137594,423399,1609504946608060,2546520522,-0.792512,0.345504,0.59536,8.96,3.2375,-7.14875,-8.352,-40.768,-26.800001,inter_set_rest,4,5.0,44825.0,49126.0,77283.0,104505.0,39727.0,55813.0,32314.0,57049.0,24790.0,19121.0
2026-05-06 15:51:23.162648,423400,1609504946617008,2546529221,-0.76128,0.183488,0.441152,10.823751,3.99875,-6.22125,-8.488001,-40.864002,-27.920002,inter_set_rest,4,5.0,44825.0,49126.0,77283.0,104505.0,39727.0,55813.0,32314.0,57049.0,24790.0,19121.0
2026-05-06 15:51:23.173995,423401,1609504946625915,2546538062,-0.76128,0.183488,0.441152,-3.80625,5.11875,-3.2725,-8.488001,-40.864002,-27.920002,inter_set_rest,4,5.0,44825.0,49126.0,77283.0,104505.0,39727.0,55813.0,32314.0,57049.0,24790.0,19121.0
2026-05-06 15:51:23.204902,423412,1609504946640627,2546553093,-0.847168,0.398208,0.607072,-7.1925,-1.07625,-7.2625,-8.312,-40.512,-27.952002,inter_set_rest,4,5.0,44614.0,48986.0,77436.0,104554.0,39538.0,55676.0,32351.0,57058.0,24662.0,19048.0
2026-05-06 15:51:23.207561,423413,1609504946649693,2546561843,-0.847168,0.398208,0.607072,4.48875,2.51125,-4.2175,-8.312,-40.512,-27.952002,inter_set_rest,4,5.0,44614.0,48986.0,77436.0,104554.0,39538.0,55676.0,32351.0,57058.0,24662.0,19048.0
2026-05-06 15:51:23.210040,423414,1609504946664272,2546576889,-0.843264,0.337696,0.56608,-1.86375,2.30125,-2.56375,-8.08,-40.888,-27.952002,inter_set_rest,4,5.0,44614.0,48986.0,77436.0,104554.0,39538.0,55676.0,32351.0,57058.0,24662.0,19048.0
2026-05-06 15:51:23.212384,423415,1609504946673376,2546585593,-0.84912,0.33184,0.61488,6.34375,1.67125,-4.05125,-8.120001,-40.768,-27.992,inter_set_rest,4,5.0,44614.0,48986.0,77436.0,104554.0,39538.0,55676.0,32351.0,57058.0,24662.0,19048.0
2026-05-06 15:51:23.214786,423416,1609504946687965,2546600546,-0.84912,0.33184,0.61488,7.21875,2.485,-3.91125,-8.120001,-40.768,-27.992,inter_set_rest,4,5.0,44614.0,48986.0,77436.0,104554.0,39538.0,55676.0,32351.0,57058.0,24662.0,19048.0
2026-05-06 15:51:23.217211,423417,1609504946696928,2546609321,-0.833504,0.314272,0.612928,1.35625,2.485,-2.065,-8.448,-41.224003,-28.04,inter_set_rest,4,5.0,44614.0,48986.0,77436.0,104554.0,39538.0,55676.0,32351.0,57058.0,24662.0,19048.0
2026-05-06 15:51:23.219805,423418,1609504946705955,2546618153,-0.833504,0.314272,0.612928,3.47375,2.1175,-1.05,-8.448,-41.224003,-28.04,inter_set_rest,4,5.0,44614.0,48986.0,77436.0,104554.0,39538.0,55676.0,32351.0,57058.0,24662.0,19048.0
2026-05-06 15:51:23.222390,423419,1609504946720490,2546633089,-0.821792,0.316224,0.57584,5.69625,1.0675,-2.02125,-8.432,-41.224003,-28.192001,inter_set_rest,4,5.0,44614.0,48986.0,77436.0,104554.0,39538.0,55676.0,32351.0,57058.0,24662.0,19048.0
2026-05-06 15:51:23.231409,423420,1609504946729429,2546641961,-0.821792,0.316224,0.57584,6.83375,0.72625,-1.84625,-8.432,-41.224003,-28.192001,inter_set_rest,4,5.0,44614.0,48986.0,77436.0,104554.0,39538.0,55676.0,32351.0,57058.0,24662.0,19048.0
2026-05-06 15:51:23.287698,423431,1609504946744017,2546655561,-0.81984,0.327936,0.577792,6.16875,0.35875,-0.77,-8.200001,-40.896004,-28.408,inter_set_rest,4,5.0,44483.0,48862.0,77518.0,104656.0,39484.0,55560.0,32376.0,57114.0,24636.0,18986.0
2026-05-06 15:51:23.294902,423432,1609504946753042,2546664330,-0.804224,0.343552,0.593408,7.81375,0.28,-1.54,-8.512,-41.416,-27.472002,inter_set_rest,4,5.0,44483.0,48862.0,77518.0,104656.0,39484.0,55560.0,32376.0,57114.0,24636.0,18986.0
2026-05-06 15:51:23.295038,423433,1609504946762035,2546673064,-0.804224,0.343552,0.593408,9.26625,0.79625,-1.89,-8.512,-41.416,-27.472002,inter_set_rest,4,5.0,44483.0,48862.0,77518.0,104656.0,39484.0,55560.0,32376.0,57114.0,24636.0,18986.0
2026-05-06 15:51:23.295110,423434,1609504946776788,2546687969,-0.792512,0.365024,0.607072,8.9775,1.18125,-1.49625,-8.328,-41.320004,-28.408,inter_set_rest,4,5.0,44483.0,48862.0,77518.0,104656.0,39484.0,55560.0,32376.0,57114.0,24636.0,18986.0
2026-05-06 15:51:23.297549,423435,1609504946786134,2546698777,-0.792512,0.365024,0.607072,8.56625,0.2275,-2.4675,-8.328,-41.320004,-28.408,inter_set_rest,4,5.0,44483.0,48862.0,77518.0,104656.0,39484.0,55560.0,32376.0,57114.0,24636.0,18986.0
2026-05-06 15:51:23.300115,423436,1609504946800655,2546711771,-0.7808,0.363072,0.591456,8.35625,-0.2975,-3.4475,-8.304001,-41.504,-28.864002,inter_set_rest,4,5.0,44483.0,48862.0,77518.0,104656.0,39484.0,55560.0,32376.0,57114.0,24636.0,18986.0
2026-05-06 15:51:23.313941,423437,1609504946809962,2546722569,-0.7808,0.363072,0.591456,7.70875,-0.7875,-5.38125,-8.304001,-41.504,-28.864002,inter_set_rest,4,5.0,44483.0,48862.0,77518.0,104656.0,39484.0,55560.0,32376.0,57114.0,24636.0,18986.0
2026-05-06 15:51:23.320228,423438,1609504946818890,2546731292,-0.798368,0.368928,0.552416,7.42875,-1.19875,-6.0725,-8.256001,-41.344,-28.784002,inter_set_rest,4,5.0,44483.0,48862.0,77518.0,104656.0,39484.0,55560.0,32376.0,57114.0,24636.0,18986.0
2026-05-06 15:51:23.334006,423439,1609504946833407,2546744184,-0.802272,0.394304,0.61488,5.81,-0.28,-6.25625,-8.304001,-41.640003,-29.52,inter_set_rest,4,5.0,44483.0,48862.0,77518.0,104656.0,39484.0,55560.0,32376.0,57114.0,24636.0,18986.0
2026-05-06 15:51:23.361137,423450,1609504946842807,2546755035,-0.802272,0.394304,0.61488,4.24375,0.2975,-6.92125,-8.304001,-41.640003,-29.52,inter_set_rest,4,5.0,44434.0,48765.0,77565.0,104737.0,39442.0,55479.0,32398.0,57185.0,24570.0,18941.0
2026-05-06 15:51:23.363837,423451,1609504946857429,2546770082,-0.806176,0.382592,0.587552,5.32875,0.105,-8.198751,-8.424001,-42.168003,-28.720001,inter_set_rest,4,5.0,44434.0,48765.0,77565.0,104737.0,39442.0,55479.0,32398.0,57185.0,24570.0,18941.0
2026-05-06 15:51:23.366561,423452,1609504946866446,2546778846,-0.806176,0.382592,0.587552,7.6825,-0.2275,-10.07125,-8.424001,-42.168003,-28.720001,inter_set_rest,4,5.0,44434.0,48765.0,77565.0,104737.0,39442.0,55479.0,32398.0,57185.0,24570.0,18941.0
2026-05-06 15:51:23.380033,423453,1609504946875550,2546787586,-0.80032,0.378688,0.589504,8.37375,-0.06125,-10.75375,-8.008,-42.160004,-29.048002,inter_set_rest,4,5.0,44434.0,48765.0,77565.0,104737.0,39442.0,55479.0,32398.0,57185.0,24570.0,18941.0
2026-05-06 15:51:23.393899,423454,1609504946890239,2546802521,-0.80032,0.378688,0.589504,9.40625,-0.63,-10.43875,-8.008,-42.160004,-29.048002,inter_set_rest,4,5.0,44434.0,48765.0,77565.0,104737.0,39442.0,55479.0,32398.0,57185.0,24570.0,18941.0
2026-05-06 15:51:23.400110,423455,1609504946899276,2546811253,-0.823744,0.3904,0.562176,5.52125,-0.00875,-9.625,-7.872,-41.888,-28.976002,inter_set_rest,4,5.0,44434.0,48765.0,77565.0,104737.0,39442.0,55479.0,32398.0,57185.0,24570.0,18941.0
2026-05-06 15:51:23.413913,423456,1609504946913795,2546826289,-0.821792,0.374784,0.568032,4.1125,-0.21875,-9.0825,-7.672,-42.248,-30.320002,inter_set_rest,4,5.0,44434.0,48765.0,77565.0,104737.0,39442.0,55479.0,32398.0,57185.0,24570.0,18941.0
2026-05-06 15:51:23.427587,423457,1609504946922758,2546834989,-0.821792,0.374784,0.568032,5.9325,-0.25375,-8.47,-7.672,-42.248,-30.320002,inter_set_rest,4,5.0,44434.0,48765.0,77565.0,104737.0,39442.0,55479.0,32398.0,57185.0,24570.0,18941.0
2026-05-06 15:51:23.431579,423458,1609504946931705,2546843737,-0.821792,0.374784,0.568032,7.8925,-0.7,-7.49875,-7.672,-42.248,-30.320002,inter_set_rest,4,5.0,44434.0,48765.0,77565.0,104737.0,39442.0,55479.0,32398.0,57185.0,24570.0,18941.0
2026-05-06 15:51:23.462764,423469,1609504946946543,2546858774,-0.831552,0.3904,0.548512,4.5325,-0.1925,-5.4775,-7.880001,-42.432003,-27.296001,inter_set_rest,4,5.0,44357.0,48719.0,77394.0,104902.0,39412.0,55457.0,32302.0,57236.0,24533.0,18887.0
2026-05-06 15:51:23.465254,423470,1609504946955622,2546867516,-0.83936,0.386496,0.558272,2.73875,-0.51625,-4.305,-8.120001,-44.248,-27.944002,inter_set_rest,4,5.0,44357.0,48719.0,77394.0,104902.0,39412.0,55457.0,32302.0,57236.0,24533.0,18887.0
2026-05-06 15:51:23.473277,423471,1609504946970268,2546882675,-0.83936,0.386496,0.558272,2.14375,-0.72625,-4.0075,-8.120001,-44.248,-27.944002,inter_set_rest,4,5.0,44357.0,48719.0,77394.0,104902.0,39412.0,55457.0,32302.0,57236.0,24533.0,18887.0
2026-05-06 15:51:23.481732,423472,1609504946979212,2546891394,-0.833504,0.384544,0.55632,1.56625,-1.365,-2.73875,-7.928001,-42.496002,-29.176,inter_set_rest,4,5.0,44357.0,48719.0,77394.0,104902.0,39412.0,55457.0,32302.0,57236.0,24533.0,18887.0
2026-05-06 15:51:23.513862,423473,1609504946988170,2546900154,-0.833504,0.384544,0.55632,-0.02625,-1.995,-1.60125,-7.928001,-42.496002,-29.176,inter_set_rest,4,5.0,44357.0,48719.0,77394.0,104902.0,39412.0,55457.0,32302.0,57236.0,24533.0,18887.0
2026-05-06 15:51:23.538957,423474,1609504947002696,2546915064,-0.813984,0.384544,0.54656,-0.56875,-2.24875,-0.69125,-7.968,-42.208,-29.136002,inter_set_rest,4,5.0,44357.0,48719.0,77394.0,104902.0,39412.0,55457.0,32302.0,57236.0,24533.0,18887.0
2026-05-06 15:51:23.545230,423475,1609504947011634,2546923762,-0.813984,0.384544,0.54656,-1.04125,-2.40625,0.5075,-7.968,-42.208,-29.136002,inter_set_rest,4,5.0,44357.0,48719.0,77394.0,104902.0,39412.0,55457.0,32302.0,57236.0,24533.0,18887.0
2026-05-06 15:51:23.547700,423476,1609504947026131,2546938675,-0.798368,0.376736,0.56608,-2.16125,-2.87875,1.3825,-8.304001,-42.368004,-29.552002,inter_set_rest,4,5.0,44357.0,48719.0,77394.0,104902.0,39412.0,55457.0,32302.0,57236.0,24533.0,18887.0
2026-05-06 15:51:23.550234,423477,1609504947035037,2546947377,-0.794464,0.376736,0.581696,-3.255,-2.4325,1.1725,-8.064,-42.384003,-29.032001,inter_set_rest,4,5.0,44357.0,48719.0,77394.0,104902.0,39412.0,55457.0,32302.0,57236.0,24533.0,18887.0
2026-05-06 15:51:23.577533,423488,1609504947049613,2546962387,-0.794464,0.376736,0.581696,-4.7075,-2.56375,1.61,-8.064,-42.384003,-29.032001,inter_set_rest,4,5.0,44314.0,48558.0,77220.0,104879.0,39318.0,55254.0,32205.0,57251.0,24498.0,18805.0
2026-05-06 15:51:23.580128,423489,1609504947058560,2546971202,-0.812032,0.388448,0.581696,-5.7925,-1.8025,1.575,-8.256001,-42.368004,-29.584002,inter_set_rest,4,5.0,44314.0,48558.0,77220.0,104879.0,39318.0,55254.0,32205.0,57251.0,24498.0,18805.0
2026-05-06 15:51:23.583267,423490,1609504947067519,2546979954,-0.812032,0.388448,0.581696,-5.5475,-1.645,1.14625,-8.256001,-42.368004,-29.584002,inter_set_rest,4,5.0,44314.0,48558.0,77220.0,104879.0,39318.0,55254.0,32205.0,57251.0,24498.0,18805.0
2026-05-06 15:51:23.589961,423491,1609504947082052,2546992931,-0.778848,0.372832,0.571936,-5.39,-1.505,0.14,-8.184,-41.832,-29.2,inter_set_rest,4,5.0,44314.0,48558.0,77220.0,104879.0,39318.0,55254.0,32205.0,57251.0,24498.0,18805.0
2026-05-06 15:51:23.591141,423492,1609504947091374,2547003795,-0.778848,0.372832,0.571936,-5.32,-1.855,0.56,-8.184,-41.832,-29.2,inter_set_rest,4,5.0,44314.0,48558.0,77220.0,104879.0,39318.0,55254.0,32205.0,57251.0,24498.0,18805.0
2026-05-06 15:51:23.608734,423493,1609504947105957,2547016714,-0.788608,0.3904,0.589504,-5.075,-1.61,0.69125,-8.256001,-42.584003,-28.472002,inter_set_rest,4,5.0,44314.0,48558.0,77220.0,104879.0,39318.0,55254.0,32205.0,57251.0,24498.0,18805.0
2026-05-06 15:51:23.617622,423494,1609504947115287,2547027514,-0.81008,0.38064,0.548512,-4.165,-1.51375,-0.6125,-8.192,-42.176003,-29.424002,inter_set_rest,4,5.0,44314.0,48558.0,77220.0,104879.0,39318.0,55254.0,32205.0,57251.0,24498.0,18805.0
2026-05-06 15:51:23.623889,423495,1609504947124248,2547036233,-0.81008,0.38064,0.548512,-3.87625,-2.09125,-1.8025,-8.192,-42.176003,-29.424002,inter_set_rest,4,5.0,44314.0,48558.0,77220.0,104879.0,39318.0,55254.0,32205.0,57251.0,24498.0,18805.0
2026-05-06 15:51:23.662572,423506,1609504947138730,2547051495,-0.792512,0.388448,0.59536,-2.98375,-2.87875,-1.5925,-8.192,-42.224003,-29.480001,inter_set_rest,4,5.0,44360.0,48507.0,77343.0,104913.0,39384.0,55207.0,32264.0,57323.0,24550.0,18807.0
2026-05-06 15:51:23.666789,423507,1609504947147747,2547060331,-0.792512,0.388448,0.59536,-2.59,-2.275,-1.4175,-8.192,-42.224003,-29.480001,inter_set_rest,4,5.0,44360.0,48507.0,77343.0,104913.0,39384.0,55207.0,32264.0,57323.0,24550.0,18807.0
2026-05-06 15:51:23.667953,423508,1609504947162271,2547073249,-0.774944,0.372832,0.603168,-2.51125,-1.8725,-1.715,-8.656,-43.832,-27.408,inter_set_rest,4,5.0,44360.0,48507.0,77343.0,104913.0,39384.0,55207.0,32264.0,57323.0,24550.0,18807.0
2026-05-06 15:51:23.671638,423509,1609504947171842,2547084107,-0.774944,0.372832,0.603168,-2.07375,-1.54875,-2.38875,-8.656,-43.832,-27.408,inter_set_rest,4,5.0,44360.0,48507.0,77343.0,104913.0,39384.0,55207.0,32264.0,57323.0,24550.0,18807.0
2026-05-06 15:51:23.680119,423510,1609504947180860,2547092846,-0.796416,0.384544,0.597312,-1.81125,-0.79625,-2.9575,-8.368,-43.952003,-27.472002,inter_set_rest,4,5.0,44360.0,48507.0,77343.0,104913.0,39384.0,55207.0,32264.0,57323.0,24550.0,18807.0
2026-05-06 15:51:23.705247,423511,1609504947195447,2547107780,-0.778848,0.38064,0.607072,-1.39125,-1.05875,-2.8875,-8.368,-42.128002,-31.112001,inter_set_rest,4,5.0,44360.0,48507.0,77343.0,104913.0,39384.0,55207.0,32264.0,57323.0,24550.0,18807.0
2026-05-06 15:51:23.707745,423512,1609504947204489,2547116524,-0.778848,0.38064,0.607072,-0.6125,-0.84,-3.115,-8.416,-42.128002,-31.112001,inter_set_rest,4,5.0,44360.0,48507.0,77343.0,104913.0,39384.0,55207.0,32264.0,57323.0,24550.0,18807.0
2026-05-06 15:51:23.721564,423513,1609504947219022,2547131403,-0.786656,0.378688,0.591456,0.56875,-0.84875,-3.84125,-8.544001,-45.264004,-27.632002,inter_set_rest,4,5.0,44360.0,48507.0,77343.0,104913.0,39384.0,55207.0,32264.0,57323.0,24550.0,18807.0
2026-05-06 15:51:23.727599,423514,1609504947227934,2547140145,-0.786656,0.378688,0.591456,1.8725,-0.7525,-4.48875,-8.544001,-45.264004,-27.632002,inter_set_rest,4,5.0,44360.0,48507.0,77343.0,104913.0,39384.0,55207.0,32264.0,57323.0,24550.0,18807.0
2026-05-06 15:51:23.766407,423525,1609504947242958,2547155146,-0.798368,0.38064,0.560224,0.7875,-0.67375,-3.75375,-8.0,-43.960003,-28.600002,inter_set_rest,4,5.0,44368.0,48486.0,77354.0,104897.0,39359.0,55224.0,32281.0,57313.0,24544.0,18801.0
2026-05-06 15:51:23.768587,423526,1609504947251984,2547163921,-0.798368,0.38064,0.560224,0.62125,-1.12875,-3.03625,-8.0,-43.960003,-28.600002,inter_set_rest,4,5.0,44368.0,48486.0,77354.0,104897.0,39359.0,55224.0,32281.0,57313.0,24544.0,18801.0
2026-05-06 15:51:23.771114,423527,1609504947260980,2547172698,-0.815936,0.392352,0.562176,1.21625,-0.91,-3.03625,-8.6,-42.312,-29.648,inter_set_rest,4,5.0,44368.0,48486.0,77354.0,104897.0,39359.0,55224.0,32281.0,57313.0,24544.0,18801.0
2026-05-06 15:51:23.774892,423528,1609504947275596,2547187765,-0.815936,0.386496,0.587552,0.42,-0.945,-2.68625,-8.6,-42.312,-29.648,inter_set_rest,4,5.0,44368.0,48486.0,77354.0,104897.0,39359.0,55224.0,32281.0,57313.0,24544.0,18801.0
2026-05-06 15:51:23.788880,423529,1609504947284618,2547196489,-0.782752,0.386496,0.587552,-0.385,-1.5225,-2.45875,-8.272,-43.320004,-28.024002,inter_set_rest,4,5.0,44368.0,48486.0,77354.0,104897.0,39359.0,55224.0,32281.0,57313.0,24544.0,18801.0
2026-05-06 15:51:23.806570,423530,1609504947299171,2547211407,-0.786656,0.38064,0.554368,-0.7,-1.65375,-2.38875,-8.424001,-43.912003,-28.472002,inter_set_rest,4,5.0,44368.0,48486.0,77354.0,104897.0,39359.0,55224.0,32281.0,57313.0,24544.0,18801.0
2026-05-06 15:51:23.809031,423531,1609504947308181,2547220140,-0.786656,0.38064,0.554368,0.14875,-1.14625,-2.79125,-8.424001,-43.912003,-28.472002,inter_set_rest,4,5.0,44368.0,48486.0,77354.0,104897.0,39359.0,55224.0,32281.0,57313.0,24544.0,18801.0
2026-05-06 15:51:23.817734,423532,1609504947317099,2547228939,-0.798368,0.394304,0.577792,-0.46375,-1.575,-2.7475,-8.6,-43.816,-28.920002,inter_set_rest,4,5.0,44368.0,48486.0,77354.0,104897.0,39359.0,55224.0,32281.0,57313.0,24544.0,18801.0
2026-05-06 15:51:23.852013,423533,1609504947331688,2547243861,-0.798368,0.394304,0.577792,-1.2425,-1.02375,-2.065,-8.6,-43.816,-28.920002,inter_set_rest,4,5.0,44368.0,48486.0,77354.0,104897.0,39359.0,55224.0,32281.0,57313.0,24544.0,18801.0
2026-05-06 15:51:23.958843,423544,1609504947340938,2547252859,-0.804224,0.398208,0.59536,-0.91,-1.05,-1.93375,-8.68,-42.704002,-29.320002,inter_set_rest,4,5.0,44382.0,48443.0,77392.0,104958.0,39390.0,55172.0,32291.0,57340.0,24564.0,18821.0
2026-05-06 15:51:23.961258,423545,1609504947355497,2547267865,-0.804224,0.398208,0.59536,-1.0325,-1.07625,-2.38875,-8.68,-42.704002,-29.320002,inter_set_rest,4,5.0,44382.0,48443.0,77392.0,104958.0,39390.0,55172.0,32291.0,57340.0,24564.0,18821.0
2026-05-06 15:51:23.963845,423546,1609504947364424,2547276566,-0.812032,0.394304,0.56608,-1.925,-1.085,-2.2925,-8.360001,-42.440002,-29.912,inter_set_rest,4,5.0,44382.0,48443.0,77392.0,104958.0,39390.0,55172.0,32291.0,57340.0,24564.0,18821.0
2026-05-06 15:51:23.966426,423547,1609504947373354,2547285273,-0.812032,0.394304,0.56608,-1.53125,-0.7175,-2.6425,-8.360001,-42.440002,-29.912,inter_set_rest,4,5.0,44382.0,48443.0,77392.0,104958.0,39390.0,55172.0,32291.0,57340.0,24564.0,18821.0
2026-05-06 15:51:23.968699,423548,1609504947387860,2547300192,-0.817888,0.3904,0.55632,-0.84,-1.3475,-3.36,-8.440001,-42.664,-29.52,inter_set_rest,4,5.0,44382.0,48443.0,77392.0,104958.0,39390.0,55172.0,32291.0,57340.0,24564.0,18821.0
2026-05-06 15:51:23.971435,423549,1609504947396782,2547309066,-0.808128,0.384544,0.56608,-0.8575,-1.5925,-3.9375,-8.440001,-42.664,-29.920002,inter_set_rest,4,5.0,44382.0,48443.0,77392.0,104958.0,39390.0,55172.0,32291.0,57340.0,24564.0,18821.0
2026-05-06 15:51:23.973885,423550,1609504947411300,2547324014,-0.808128,0.384544,0.56608,-0.245,-1.575,-4.03375,-8.416,-42.424004,-29.920002,inter_set_rest,4,5.0,44382.0,48443.0,77392.0,104958.0,39390.0,55172.0,32291.0,57340.0,24564.0,18821.0
2026-05-06 15:51:23.976471,423551,1609504947420242,2547332851,-0.80032,0.384544,0.601216,0.28875,-1.89,-3.6225,-8.472,-42.600002,-29.336,inter_set_rest,4,5.0,44382.0,48443.0,77392.0,104958.0,39390.0,55172.0,32291.0,57340.0,24564.0,18821.0
2026-05-06 15:51:23.978810,423552,1609504947434757,2547345703,-0.80032,0.384544,0.601216,0.525,-1.89875,-3.22875,-8.472,-42.600002,-29.336,inter_set_rest,4,5.0,44382.0,48443.0,77392.0,104958.0,39390.0,55172.0,32291.0,57340.0,24564.0,18821.0
2026-05-06 15:51:24.006417,423563,1609504947444296,2547356516,-0.794464,0.384544,0.599264,-0.51625,-1.51375,-2.70375,-8.488001,-43.416,-28.288002,inter_set_rest,4,5.0,44416.0,48421.0,77446.0,105028.0,39461.0,55203.0,32318.0,57429.0,24624.0,18846.0
2026-05-06 15:51:24.008805,423564,1609504947453298,2547365245,-0.794464,0.384544,0.599264,-1.1375,-1.47,-2.79125,-8.488001,-43.416,-28.288002,inter_set_rest,4,5.0,44416.0,48421.0,77446.0,105028.0,39461.0,55203.0,32318.0,57429.0,24624.0,18846.0
2026-05-06 15:51:24.011383,423565,1609504947467873,2547380257,-0.796416,0.368928,0.583648,-1.19,-1.3125,-2.7475,-8.552,-44.648003,-28.312002,inter_set_rest,4,5.0,44416.0,48421.0,77446.0,105028.0,39461.0,55203.0,32318.0,57429.0,24624.0,18846.0
2026-05-06 15:51:24.017515,423566,1609504947476936,2547388980,-0.796416,0.368928,0.569984,-1.19875,-1.715,-2.59875,-8.552,-44.648003,-28.312002,inter_set_rest,4,5.0,44416.0,48421.0,77446.0,105028.0,39461.0,55203.0,32318.0,57429.0,24624.0,18846.0
2026-05-06 15:51:24.019980,423567,1609504947491560,2547403978,-0.806176,0.384544,0.569984,-1.3475,-1.61,-2.0825,-8.264,-43.008003,-28.920002,inter_set_rest,4,5.0,44416.0,48421.0,77446.0,105028.0,39461.0,55203.0,32318.0,57429.0,24624.0,18846.0
2026-05-06 15:51:24.022375,423568,1609504947500486,2547412695,-0.804224,0.384544,0.573888,-0.4025,-1.4875,-2.24875,-8.224,-43.504,-29.560001,inter_set_rest,4,5.0,44416.0,48421.0,77446.0,105028.0,39461.0,55203.0,32318.0,57429.0,24624.0,18846.0
2026-05-06 15:51:24.024922,423569,1609504947509490,2547421425,-0.804224,0.384544,0.573888,0.41125,-1.54,-2.4675,-8.224,-43.504,-29.560001,inter_set_rest,4,5.0,44416.0,48421.0,77446.0,105028.0,39461.0,55203.0,32318.0,57429.0,24624.0,18846.0
2026-05-06 15:51:24.027338,423570,1609504947524178,2547436347,-0.808128,0.394304,0.587552,0.74375,-1.505,-2.73875,-8.616,-42.888,-29.496002,inter_set_rest,4,5.0,44416.0,48421.0,77446.0,105028.0,39461.0,55203.0,32318.0,57429.0,24624.0,18846.0
2026-05-06 15:51:24.033634,423571,1609504947533356,2547445157,-0.808128,0.394304,0.587552,0.56,-1.1375,-2.49375,-8.616,-42.888,-29.496002,inter_set_rest,4,5.0,44416.0,48421.0,77446.0,105028.0,39461.0,55203.0,32318.0,57429.0,24624.0,18846.0
2026-05-06 15:51:24.064804,423582,1609504947548012,2547460252,-0.813984,0.386496,0.54656,0.77,-0.98,-2.5375,-8.552,-44.840004,-29.112001,inter_set_rest,4,5.0,44311.0,48325.0,77315.0,104843.0,39354.0,55119.0,32274.0,57325.0,24573.0,18793.0
2026-05-06 15:51:24.067261,423583,1609504947556964,2547469072,-0.813984,0.386496,0.54656,0.245,-1.365,-2.2225,-8.552,-44.840004,-29.112001,inter_set_rest,4,5.0,44311.0,48325.0,77315.0,104843.0,39354.0,55119.0,32274.0,57325.0,24573.0,18793.0
2026-05-06 15:51:24.069805,423584,1609504947565976,2547477853,-0.802272,0.38064,0.544608,0.07875,-0.9975,-1.82875,-8.704,-46.232002,-29.424002,inter_set_rest,4,5.0,44311.0,48325.0,77315.0,104843.0,39354.0,55119.0,32274.0,57325.0,24573.0,18793.0
2026-05-06 15:51:24.081419,423585,1609504947580660,2547492889,-0.812032,0.392352,0.54656,0.035,-1.35625,-1.2775,-8.848001,-44.248,-28.784002,inter_set_rest,4,5.0,44311.0,48325.0,77315.0,104843.0,39354.0,55119.0,32274.0,57325.0,24573.0,18793.0
2026-05-06 15:51:24.090089,423586,1609504947589675,2547501644,-0.812032,0.392352,0.54656,-0.4375,-1.68875,-1.47,-8.848001,-44.248,-28.784002,inter_set_rest,4,5.0,44311.0,48325.0,77315.0,104843.0,39354.0,55119.0,32274.0,57325.0,24573.0,18793.0
2026-05-06 15:51:24.106510,423587,1609504947604319,2547516575,-0.794464,0.3904,0.577792,-0.6125,-1.68875,-1.74125,-8.504001,-44.384003,-28.928001,inter_set_rest,4,5.0,44311.0,48325.0,77315.0,104843.0,39354.0,55119.0,32274.0,57325.0,24573.0,18793.0
2026-05-06 15:51:24.115238,423588,1609504947613408,2547525323,-0.794464,0.3904,0.577792,-0.2625,-2.14375,-2.14375,-8.504001,-44.384003,-28.928001,inter_set_rest,4,5.0,44311.0,48325.0,77315.0,104843.0,39354.0,55119.0,32274.0,57325.0,24573.0,18793.0
2026-05-06 15:51:24.121565,423589,1609504947622478,2547534105,-0.784704,0.398208,0.601216,-0.35,-1.89,-2.44125,-8.76,-43.328003,-29.568,inter_set_rest,4,5.0,44311.0,48325.0,77315.0,104843.0,39354.0,55119.0,32274.0,57325.0,24573.0,18793.0
2026-05-06 15:51:24.154980,423590,1609504947636988,2547549034,-0.784704,0.398208,0.601216,1.04125,-1.4875,-3.0275,-8.76,-43.328003,-29.568,inter_set_rest,4,5.0,44311.0,48325.0,77315.0,104843.0,39354.0,55119.0,32274.0,57325.0,24573.0,18793.0
2026-05-06 15:51:24.182605,423601,1609504947646073,2547557875,-0.794464,0.394304,0.577792,0.97125,-1.39125,-2.94875,-8.704,-42.84,-29.704,inter_set_rest,4,5.0,44227.0,48252.0,77178.0,104703.0,39237.0,55030.0,32198.0,57252.0,24530.0,18769.0
2026-05-06 15:51:24.185173,423602,1609504947660602,2547572794,-0.80032,0.3904,0.548512,0.13125,-1.40875,-2.5725,-8.808001,-42.68,-29.904001,inter_set_rest,4,5.0,44227.0,48252.0,77178.0,104703.0,39237.0,55030.0,32198.0,57252.0,24530.0,18769.0
2026-05-06 15:51:24.187727,423603,1609504947669717,2547581561,-0.80032,0.3904,0.548512,-0.6475,-1.21625,-2.1,-8.808001,-42.68,-29.904001,inter_set_rest,4,5.0,44227.0,48252.0,77178.0,104703.0,39237.0,55030.0,32198.0,57252.0,24530.0,18769.0
2026-05-06 15:51:24.190052,423604,1609504947684414,2547596562,-0.776896,0.398208,0.612928,-1.05875,-1.645,-1.95125,-8.792001,-42.672,-29.528002,inter_set_rest,4,5.0,44227.0,48252.0,77178.0,104703.0,39237.0,55030.0,32198.0,57252.0,24530.0,18769.0
2026-05-06 15:51:24.192692,423605,1609504947693365,2547605370,-0.776896,0.398208,0.612928,-0.07,-1.89,-2.38875,-8.792001,-42.672,-29.528002,inter_set_rest,4,5.0,44227.0,48252.0,77178.0,104703.0,39237.0,55030.0,32198.0,57252.0,24530.0,18769.0
2026-05-06 15:51:24.206394,423606,1609504947702295,2547614191,-0.792512,0.398208,0.59536,0.18375,-1.505,-2.68625,-8.936001,-42.976,-29.992,inter_set_rest,4,5.0,44227.0,48252.0,77178.0,104703.0,39237.0,55030.0,32198.0,57252.0,24530.0,18769.0
2026-05-06 15:51:24.220102,423607,1609504947716856,2547629100,-0.792512,0.398208,0.59536,-0.875,-0.97125,-2.31875,-8.936001,-42.976,-29.992,inter_set_rest,4,5.0,44227.0,48252.0,77178.0,104703.0,39237.0,55030.0,32198.0,57252.0,24530.0,18769.0
2026-05-06 15:51:24.245157,423608,1609504947725925,2547637842,-0.792512,0.392352,0.552416,-1.61,-0.77,-1.6975,-8.896001,-43.280003,-30.072,inter_set_rest,4,5.0,44227.0,48252.0,77178.0,104703.0,39237.0,55030.0,32198.0,57252.0,24530.0,18769.0
2026-05-06 15:51:24.305287,423619,1609504947740420,2547652884,-0.784704,0.394304,0.569984,-1.58375,-0.41125,-1.42625,-8.744,-42.768,-30.912,inter_set_rest,4,5.0,44227.0,48268.0,77177.0,104714.0,39245.0,55068.0,32172.0,57296.0,24546.0,18790.0
2026-05-06 15:51:24.307775,423620,1609504947749442,2547661589,-0.784704,0.394304,0.569984,-1.72375,-0.37625,-0.97125,-8.744,-42.768,-30.912,inter_set_rest,4,5.0,44227.0,48268.0,77177.0,104714.0,39245.0,55068.0,32172.0,57296.0,24546.0,18790.0
2026-05-06 15:51:24.310350,423621,1609504947758403,2547670357,-0.784704,0.394304,0.569984,-2.10875,-0.39375,-1.1025,-8.744,-42.768,-30.912,inter_set_rest,4,5.0,44227.0,48268.0,77177.0,104714.0,39245.0,55068.0,32172.0,57296.0,24546.0,18790.0
2026-05-06 15:51:24.312821,423622,1609504947772964,2547685353,-0.778848,0.396256,0.597312,-2.40625,-0.46375,-0.875,-8.856,-42.72,-28.160002,inter_set_rest,4,5.0,44227.0,48268.0,77177.0,104714.0,39245.0,55068.0,32172.0,57296.0,24546.0,18790.0
2026-05-06 15:51:24.318580,423623,1609504947781884,2547694095,-0.806176,0.40016,0.544608,-2.975,-0.07,-0.74375,-8.88,-42.848003,-29.880001,inter_set_rest,4,5.0,44227.0,48268.0,77177.0,104714.0,39245.0,55068.0,32172.0,57296.0,24546.0,18790.0
2026-05-06 15:51:24.318981,423624,1609504947796498,2547709060,-0.806176,0.40016,0.544608,-3.85875,-0.41125,0.28,-8.88,-42.848003,-29.880001,inter_set_rest,4,5.0,44227.0,48268.0,77177.0,104714.0,39245.0,55068.0,32172.0,57296.0,24546.0,18790.0
2026-05-06 15:51:24.320068,423625,1609504947805570,2547717818,-0.798368,0.402112,0.573888,-4.41875,-0.74375,1.09375,-9.168,-44.536003,-28.304,inter_set_rest,4,5.0,44227.0,48268.0,77177.0,104714.0,39245.0,55068.0,32172.0,57296.0,24546.0,18790.0
2026-05-06 15:51:24.322552,423626,1609504947820088,2547732840,-0.806176,0.398208,0.564128,-4.83875,-0.86625,1.12875,-9.168,-44.352,-28.584002,inter_set_rest,4,5.0,44227.0,48268.0,77177.0,104714.0,39245.0,55068.0,32172.0,57296.0,24546.0,18790.0
2026-05-06 15:51:24.331318,423627,1609504947829058,2547741641,-0.806176,0.398208,0.564128,-4.47125,-0.98875,0.98,-9.064,-44.352,-28.584002,inter_set_rest,4,5.0,44227.0,48268.0,77177.0,104714.0,39245.0,55068.0,32172.0,57296.0,24546.0,18790.0
2026-05-06 15:51:24.340153,423628,1609504947837981,2547750367,-0.806176,0.398208,0.564128,-4.75125,-0.7175,1.32125,-9.064,-44.352,-28.584002,inter_set_rest,4,5.0,44227.0,48268.0,77177.0,104714.0,39245.0,55068.0,32172.0,57296.0,24546.0,18790.0
2026-05-06 15:51:24.367643,423639,1609504947852772,2547765558,-0.806176,0.394304,0.564128,-5.36375,-1.12,1.56625,-9.024,-42.352,-28.648,inter_set_rest,4,5.0,44262.0,48280.0,77122.0,104670.0,39300.0,55083.0,32184.0,57252.0,24586.0,18830.0
2026-05-06 15:51:24.370159,423640,1609504947861721,2547774355,-0.788608,0.398208,0.583648,-5.74875,-1.0675,1.855,-9.568001,-46.016003,-27.000002,inter_set_rest,4,5.0,44262.0,48280.0,77122.0,104670.0,39300.0,55083.0,32184.0,57252.0,24586.0,18830.0
2026-05-06 15:51:24.376516,423641,1609504947876305,2547787226,-0.788608,0.398208,0.583648,-5.76625,-1.3475,1.435,-9.568001,-46.016003,-27.000002,inter_set_rest,4,5.0,44262.0,48280.0,77122.0,104670.0,39300.0,55083.0,32184.0,57252.0,24586.0,18830.0
2026-05-06 15:51:24.390293,423642,1609504947885904,2547798011,-0.786656,0.398208,0.589504,-5.285,-0.84875,1.28625,-9.424001,-43.144,-29.512001,inter_set_rest,4,5.0,44262.0,48280.0,77122.0,104670.0,39300.0,55083.0,32184.0,57252.0,24586.0,18830.0
2026-05-06 15:51:24.393984,423643,1609504947894848,2547806773,-0.786656,0.398208,0.589504,-4.66375,-0.665,0.48125,-9.424001,-43.144,-29.512001,inter_set_rest,4,5.0,44262.0,48280.0,77122.0,104670.0,39300.0,55083.0,32184.0,57252.0,24586.0,18830.0
2026-05-06 15:51:24.427473,423644,1609504947909376,2547821791,-0.788608,0.398208,0.587552,-4.095,-0.35,0.25375,-9.480001,-42.488003,-29.944002,inter_set_rest,4,5.0,44262.0,48280.0,77122.0,104670.0,39300.0,55083.0,32184.0,57252.0,24586.0,18830.0
2026-05-06 15:51:24.432593,423645,1609504947918295,2547830483,-0.788608,0.398208,0.587552,-3.9375,-0.56875,0.5775,-9.480001,-42.488003,-29.944002,inter_set_rest,4,5.0,44262.0,48280.0,77122.0,104670.0,39300.0,55083.0,32184.0,57252.0,24586.0,18830.0
2026-05-06 15:51:24.435180,423646,1609504947932811,2547845358,-0.80032,0.396256,0.554368,-4.52375,-0.67375,0.34125,-9.408,-42.088,-32.024002,inter_set_rest,4,5.0,44262.0,48280.0,77122.0,104670.0,39300.0,55083.0,32184.0,57252.0,24586.0,18830.0
2026-05-06 15:51:24.466612,423657,1609504947941742,2547854138,-0.784704,0.394304,0.571936,-4.8125,-1.00625,0.0875,-9.472,-43.760002,-29.600002,inter_set_rest,4,5.0,44246.0,48297.0,77087.0,104581.0,39297.0,55137.0,32190.0,57234.0,24611.0,18854.0
2026-05-06 15:51:24.468999,423658,1609504947950685,2547862905,-0.784704,0.394304,0.571936,-3.52625,-1.5225,-0.595,-9.472,-43.760002,-29.600002,inter_set_rest,4,5.0,44246.0,48297.0,77087.0,104581.0,39297.0,55137.0,32190.0,57234.0,24611.0,18854.0
2026-05-06 15:51:24.471590,423659,1609504947965322,2547877858,-0.788608,0.3904,0.54656,-1.9075,-1.2075,-1.25125,-9.416,-44.312,-28.400002,inter_set_rest,4,5.0,44246.0,48297.0,77087.0,104581.0,39297.0,55137.0,32190.0,57234.0,24611.0,18854.0
2026-05-06 15:51:24.474024,423660,1609504947974396,2547886662,-0.788608,0.3904,0.54656,-1.25125,-1.1725,-2.0475,-9.416,-44.312,-28.400002,inter_set_rest,4,5.0,44246.0,48297.0,77087.0,104581.0,39297.0,55137.0,32190.0,57234.0,24611.0,18854.0
2026-05-06 15:51:24.507546,423661,1609504947988884,2547901577,-0.792512,0.40016,0.597312,-1.0675,-0.34125,-2.065,-9.352,-44.072002,-28.568,inter_set_rest,4,5.0,44246.0,48297.0,77087.0,104581.0,39297.0,55137.0,32190.0,57234.0,24611.0,18854.0
2026-05-06 15:51:24.510276,423662,1609504947997792,2547910296,-0.792512,0.40016,0.597312,-2.3275,-0.525,-1.65375,-9.352,-44.072002,-28.568,inter_set_rest,4,5.0,44246.0,48297.0,77087.0,104581.0,39297.0,55137.0,32190.0,57234.0,24611.0,18854.0
2026-05-06 15:51:24.512676,423663,1609504948012266,2547923117,-0.79056,0.394304,0.56608,-3.15875,-0.76125,-1.1375,-9.264001,-42.512,-29.768002,inter_set_rest,4,5.0,44246.0,48297.0,77087.0,104581.0,39297.0,55137.0,32190.0,57234.0,24611.0,18854.0
2026-05-06 15:51:24.521532,423664,1609504948021561,2547933958,-0.776896,0.392352,0.583648,-2.8175,-0.5425,-1.25125,-9.264001,-42.616,-29.376001,inter_set_rest,4,5.0,44246.0,48297.0,77087.0,104581.0,39297.0,55137.0,32190.0,57234.0,24611.0,18854.0
2026-05-06 15:51:24.538856,423665,1609504948030509,2547942693,-0.776896,0.392352,0.583648,-2.49375,-0.90125,-1.4175,-9.408,-42.616,-29.376001,inter_set_rest,4,5.0,44246.0,48297.0,77087.0,104581.0,39297.0,55137.0,32190.0,57234.0,24611.0,18854.0
2026-05-06 15:51:24.637439,423677,1609504948045116,2547957668,-0.774944,0.396256,0.597312,-2.5725,-0.62125,-1.6625,-9.536,-42.440002,-29.824001,inter_set_rest,4,5.0,44242.0,48321.0,77069.0,104586.0,39310.0,55179.0,32174.0,57218.0,24621.0,18888.0
2026-05-06 15:51:24.651394,423678,1609504948054225,2547966407,-0.774944,0.396256,0.597312,-3.03625,-0.48125,-1.39125,-9.536,-42.440002,-29.824001,inter_set_rest,4,5.0,44242.0,48321.0,77069.0,104586.0,39310.0,55179.0,32174.0,57218.0,24621.0,18888.0
2026-05-06 15:51:24.653900,423679,1609504948068735,2547981445,-0.782752,0.386496,0.56608,-3.3775,-0.735,-1.3475,-9.544001,-42.160004,-29.312002,inter_set_rest,4,5.0,44242.0,48321.0,77069.0,104586.0,39310.0,55179.0,32174.0,57218.0,24621.0,18888.0
2026-05-06 15:51:24.656536,423680,1609504948077718,2547990232,-0.782752,0.386496,0.56608,-4.01625,-0.77875,-1.00625,-9.544001,-42.160004,-29.312002,inter_set_rest,4,5.0,44242.0,48321.0,77069.0,104586.0,39310.0,55179.0,32174.0,57218.0,24621.0,18888.0
2026-05-06 15:51:24.659018,423681,1609504948086731,2547998986,-0.80032,0.404064,0.581696,-4.13,-0.735,-0.5425,-9.264001,-42.976,-29.296001,inter_set_rest,4,5.0,44242.0,48321.0,77069.0,104586.0,39310.0,55179.0,32174.0,57218.0,24621.0,18888.0
2026-05-06 15:51:24.661501,423682,1609504948101508,2548013934,-0.80032,0.404064,0.5856,-3.6575,-0.84,-0.84875,-9.264001,-42.976,-29.296001,inter_set_rest,4,5.0,44242.0,48321.0,77069.0,104586.0,39310.0,55179.0,32174.0,57218.0,24621.0,18888.0
2026-05-06 15:51:24.664032,423683,1609504948110472,2548022699,-0.784704,0.396256,0.5856,-2.87,-1.02375,-1.95125,-9.712001,-42.4,-29.760002,inter_set_rest,4,5.0,44242.0,48321.0,77069.0,104586.0,39310.0,55179.0,32174.0,57218.0,24621.0,18888.0
2026-05-06 15:51:24.666585,423684,1609504948124982,2548037617,-0.798368,0.40016,0.554368,-1.9775,-1.0675,-2.31,-9.456,-42.488003,-29.656002,inter_set_rest,4,5.0,44242.0,48321.0,77069.0,104586.0,39310.0,55179.0,32174.0,57218.0,24621.0,18888.0
2026-05-06 15:51:24.669008,423685,1609504948134088,2548046337,-0.798368,0.40016,0.554368,-1.16375,-0.9275,-2.73875,-9.456,-42.488003,-29.656002,inter_set_rest,4,5.0,44242.0,48321.0,77069.0,104586.0,39310.0,55179.0,32174.0,57218.0,24621.0,18888.0
2026-05-06 15:51:24.698669,423696,1609504948148800,2548059630,-0.772992,0.40016,0.599264,-0.28875,-0.70875,-2.82625,-9.72,-42.232002,-29.944002,inter_set_rest,4,5.0,44182.0,48252.0,76926.0,104278.0,39238.0,55089.0,32117.0,57068.0,24560.0,18854.0
2026-05-06 15:51:24.699330,423697,1609504948158058,2548070429,-0.772992,0.40016,0.599264,0.245,-0.39375,-2.84375,-9.72,-42.232002,-29.944002,inter_set_rest,4,5.0,44182.0,48252.0,76926.0,104278.0,39238.0,55089.0,32117.0,57068.0,24560.0,18854.0
2026-05-06 15:51:24.702247,423698,1609504948167173,2548079215,-0.792512,0.40992,0.591456,-0.175,-0.2275,-3.08,-9.304001,-42.52,-29.984001,inter_set_rest,4,5.0,44182.0,48252.0,76926.0,104278.0,39238.0,55089.0,32117.0,57068.0,24560.0,18854.0
2026-05-06 15:51:24.703877,423699,1609504948181743,2548094274,-0.792512,0.40992,0.591456,0.1225,-0.21875,-2.98375,-9.304001,-42.52,-29.984001,inter_set_rest,4,5.0,44182.0,48252.0,76926.0,104278.0,39238.0,55089.0,32117.0,57068.0,24560.0,18854.0
2026-05-06 15:51:24.706497,423700,1609504948190712,2548103004,-0.782752,0.404064,0.581696,-0.09625,-0.42,-3.43,-9.648001,-42.472,-29.384,inter_set_rest,4,5.0,44182.0,48252.0,76926.0,104278.0,39238.0,55089.0,32117.0,57068.0,24560.0,18854.0
2026-05-06 15:51:24.708861,423701,1609504948205239,2548116009,-0.774944,0.407968,0.610976,0.385,-0.525,-3.64875,-9.288,-42.496002,-29.472002,inter_set_rest,4,5.0,44182.0,48252.0,76926.0,104278.0,39238.0,55089.0,32117.0,57068.0,24560.0,18854.0
2026-05-06 15:51:24.717645,423702,1609504948214508,2548126899,-0.774944,0.407968,0.610976,0.18375,-0.00875,-3.80625,-9.288,-42.496002,-29.472002,inter_set_rest,4,5.0,44182.0,48252.0,76926.0,104278.0,39238.0,55089.0,32117.0,57068.0,24560.0,18854.0
2026-05-06 15:51:24.723860,423703,1609504948223452,2548135615,-0.796416,0.40992,0.569984,-0.315,0.1225,-3.71,-9.240001,-42.256,-31.736002,inter_set_rest,4,5.0,44182.0,48252.0,76926.0,104278.0,39238.0,55089.0,32117.0,57068.0,24560.0,18854.0
2026-05-06 15:51:24.747731,423704,1609504948237935,2548150559,-0.796416,0.40992,0.569984,-0.7175,0.3675,-3.8675,-9.240001,-42.256,-31.736002,inter_set_rest,4,5.0,44182.0,48252.0,76926.0,104278.0,39238.0,55089.0,32117.0,57068.0,24560.0,18854.0
2026-05-06 15:51:24.777478,423715,1609504948247282,2548159343,-0.786656,0.407968,0.579744,-0.97125,0.385,-3.29875,-9.432,-43.04,-29.904001,inter_set_rest,4,5.0,44132.0,48176.0,76811.0,104107.0,39133.0,55002.0,32041.0,56934.0,24524.0,18822.0
2026-05-06 15:51:24.780040,423716,1609504948256456,2548168171,-0.786656,0.407968,0.579744,-1.11125,0.32375,-3.115,-9.432,-43.04,-29.904001,inter_set_rest,4,5.0,44132.0,48176.0,76811.0,104107.0,39133.0,55002.0,32041.0,56934.0,24524.0,18822.0
2026-05-06 15:51:24.783677,423717,1609504948271049,2548183267,-0.7808,0.404064,0.589504,-1.56625,0.1575,-2.765,-9.56,-44.280003,-28.544,inter_set_rest,4,5.0,44132.0,48176.0,76811.0,104107.0,39133.0,55002.0,32041.0,56934.0,24524.0,18822.0
2026-05-06 15:51:24.784959,423718,1609504948279987,2548191980,-0.7808,0.404064,0.589504,-1.6975,-0.13125,-3.05375,-9.56,-44.280003,-28.544,inter_set_rest,4,5.0,44132.0,48176.0,76811.0,104107.0,39133.0,55002.0,32041.0,56934.0,24524.0,18822.0
2026-05-06 15:51:24.798888,423719,1609504948294541,2548206956,-0.792512,0.406016,0.581696,-2.45875,-0.4375,-3.07125,-9.512,-44.2,-28.368002,inter_set_rest,4,5.0,44132.0,48176.0,76811.0,104107.0,39133.0,55002.0,32041.0,56934.0,24524.0,18822.0
2026-05-06 15:51:24.802603,423720,1609504948303503,2548215707,-0.786656,0.407968,0.601216,-2.23125,-0.5425,-2.7475,-9.512,-42.152,-29.576002,inter_set_rest,4,5.0,44132.0,48176.0,76811.0,104107.0,39133.0,55002.0,32041.0,56934.0,24524.0,18822.0
2026-05-06 15:51:24.836557,423721,1609504948318038,2548230680,-0.786656,0.407968,0.601216,-2.65125,-0.70875,-2.8,-9.344001,-42.4,-29.576002,inter_set_rest,4,5.0,44132.0,48176.0,76811.0,104107.0,39133.0,55002.0,32041.0,56934.0,24524.0,18822.0
2026-05-06 15:51:24.839009,423722,1609504948326947,2548239374,-0.796416,0.406016,0.560224,-2.38875,-0.65625,-3.40375,-9.456,-42.168003,-29.744001,inter_set_rest,4,5.0,44132.0,48176.0,76811.0,104107.0,39133.0,55002.0,32041.0,56934.0,24524.0,18822.0
2026-05-06 15:51:24.841593,423723,1609504948335988,2548248177,-0.796416,0.406016,0.560224,-2.44125,-0.60375,-3.2025,-9.456,-42.168003,-29.744001,inter_set_rest,4,5.0,44132.0,48176.0,76811.0,104107.0,39133.0,55002.0,32041.0,56934.0,24524.0,18822.0
2026-05-06 15:51:24.871634,423734,1609504948350606,2548263160,-0.79056,0.402112,0.56608,-2.12625,-0.04375,-2.555,-9.632001,-43.888,-28.224,inter_set_rest,4,5.0,44140.0,48187.0,76896.0,104182.0,39150.0,55065.0,32089.0,56979.0,24534.0,18846.0
2026-05-06 15:51:24.874016,423735,1609504948359816,2548271881,-0.79056,0.402112,0.56608,-1.8375,0.105,-2.82625,-9.632001,-43.888,-28.224,inter_set_rest,4,5.0,44140.0,48187.0,76896.0,104182.0,39150.0,55065.0,32089.0,56979.0,24534.0,18846.0
2026-05-06 15:51:24.879222,423736,1609504948374355,2548286817,-0.786656,0.406016,0.587552,-1.54875,0.245,-2.82625,-9.6,-46.08,-27.736002,inter_set_rest,4,5.0,44140.0,48187.0,76896.0,104182.0,39150.0,55065.0,32089.0,56979.0,24534.0,18846.0
2026-05-06 15:51:24.885629,423737,1609504948383566,2548295546,-0.786656,0.406016,0.587552,-1.2075,0.44625,-3.0275,-9.6,-46.08,-27.736002,inter_set_rest,4,5.0,44140.0,48187.0,76896.0,104182.0,39150.0,55065.0,32089.0,56979.0,24534.0,18846.0
2026-05-06 15:51:24.893835,423738,1609504948392518,2548304289,-0.776896,0.398208,0.581696,-1.25125,-0.035,-2.905,-9.52,-45.664,-28.344002,inter_set_rest,4,5.0,44140.0,48187.0,76896.0,104182.0,39150.0,55065.0,32089.0,56979.0,24534.0,18846.0
2026-05-06 15:51:24.907435,423739,1609504948407063,2548319230,-0.772992,0.392352,0.589504,-1.33875,0.5425,-3.35125,-9.168,-42.68,-29.528002,inter_set_rest,4,5.0,44140.0,48187.0,76896.0,104182.0,39150.0,55065.0,32089.0,56979.0,24534.0,18846.0
2026-05-06 15:51:24.916350,423740,1609504948416046,2548327998,-0.772992,0.392352,0.589504,-1.6975,0.8925,-3.19375,-9.168,-42.68,-29.528002,inter_set_rest,4,5.0,44140.0,48187.0,76896.0,104182.0,39150.0,55065.0,32089.0,56979.0,24534.0,18846.0
2026-05-06 15:51:24.950276,423741,1609504948430570,2548342940,-0.788608,0.394304,0.562176,-2.42375,0.6475,-3.2725,-9.8,-44.024002,-28.928001,inter_set_rest,4,5.0,44140.0,48187.0,76896.0,104182.0,39150.0,55065.0,32089.0,56979.0,24534.0,18846.0
2026-05-06 15:51:24.952757,423742,1609504948439500,2548351661,-0.788608,0.394304,0.562176,-2.2225,0.77,-2.86125,-9.8,-44.024002,-28.928001,inter_set_rest,4,5.0,44140.0,48187.0,76896.0,104182.0,39150.0,55065.0,32089.0,56979.0,24534.0,18846.0
2026-05-06 15:51:25.045209,423753,1609504948454051,2548366752,-0.778848,0.398208,0.618784,-2.65125,0.63,-2.59875,-9.296001,-42.760002,-29.624,inter_set_rest,4,5.0,44124.0,48186.0,76891.0,104141.0,39181.0,55060.0,32092.0,56959.0,24552.0,18846.0
2026-05-06 15:51:25.047596,423754,1609504948463001,2548375517,-0.778848,0.398208,0.618784,-2.61625,0.04375,-2.51125,-9.296001,-42.760002,-29.624,inter_set_rest,4,5.0,44124.0,48186.0,76891.0,104141.0,39181.0,55060.0,32092.0,56959.0,24552.0,18846.0
2026-05-06 15:51:25.049972,423755,1609504948471951,2548384241,-0.79056,0.402112,0.591456,-1.9425,0.1575,-2.7825,-9.016001,-42.432003,-30.104002,inter_set_rest,4,5.0,44124.0,48186.0,76891.0,104141.0,39181.0,55060.0,32092.0,56959.0,24552.0,18846.0
2026-05-06 15:51:25.052464,423756,1609504948486749,2548399297,-0.782752,0.398208,0.60512,-1.67125,0.0175,-3.78875,-9.56,-44.304,-28.672,inter_set_rest,4,5.0,44124.0,48186.0,76891.0,104141.0,39181.0,55060.0,32092.0,56959.0,24552.0,18846.0
2026-05-06 15:51:25.055041,423757,1609504948495768,2548408007,-0.782752,0.398208,0.60512,-1.1025,-0.0175,-3.47375,-9.56,-44.304,-28.672,inter_set_rest,4,5.0,44124.0,48186.0,76891.0,104141.0,39181.0,55060.0,32092.0,56959.0,24552.0,18846.0
2026-05-06 15:51:25.057490,423758,1609504948510425,2548422936,-0.80032,0.40016,0.560224,-1.1725,-0.04375,-3.17625,-9.296001,-42.648003,-29.952002,inter_set_rest,4,5.0,44124.0,48186.0,76891.0,104141.0,39181.0,55060.0,32092.0,56959.0,24552.0,18846.0
2026-05-06 15:51:25.060154,423759,1609504948519354,2548431623,-0.80032,0.40016,0.560224,-1.225,0.65625,-3.1675,-9.296001,-42.648003,-29.952002,inter_set_rest,4,5.0,44124.0,48186.0,76891.0,104141.0,39181.0,55060.0,32092.0,56959.0,24552.0,18846.0
2026-05-06 15:51:25.064869,423760,1609504948528308,2548440381,-0.798368,0.404064,0.571936,-0.77,0.97125,-3.45625,-9.440001,-42.824,-29.600002,inter_set_rest,4,5.0,44124.0,48186.0,76891.0,104141.0,39181.0,55060.0,32092.0,56959.0,24552.0,18846.0
2026-05-06 15:51:25.067409,423761,1609504948542875,2548455425,-0.798368,0.404064,0.571936,-0.595,1.09375,-3.50875,-9.440001,-42.824,-29.600002,inter_set_rest,4,5.0,44124.0,48186.0,76891.0,104141.0,39181.0,55060.0,32092.0,56959.0,24552.0,18846.0
2026-05-06 15:51:25.095043,423772,1609504948551952,2548464177,-0.80032,0.407968,0.581696,-0.60375,0.35875,-3.49125,-9.744,-45.872,-27.488,inter_set_rest,4,5.0,44119.0,48172.0,76949.0,104095.0,39158.0,55056.0,32091.0,56935.0,24525.0,18828.0
2026-05-06 15:51:25.097515,423773,1609504948566582,2548479189,-0.794464,0.407968,0.583648,-0.74375,0.20125,-3.49125,-9.400001,-44.944,-29.568,inter_set_rest,4,5.0,44119.0,48172.0,76949.0,104095.0,39158.0,55056.0,32091.0,56935.0,24525.0,18828.0
2026-05-06 15:51:25.100067,423774,1609504948575713,2548487960,-0.794464,0.407968,0.583648,-0.3325,0.385,-3.96375,-9.400001,-44.944,-29.568,inter_set_rest,4,5.0,44119.0,48172.0,76949.0,104095.0,39158.0,55056.0,32091.0,56935.0,24525.0,18828.0
2026-05-06 15:51:25.102617,423775,1609504948590369,2548502964,-0.794464,0.40016,0.562176,-0.37625,0.60375,-3.80625,-9.544001,-45.336002,-28.992,inter_set_rest,4,5.0,44119.0,48172.0,76949.0,104095.0,39158.0,55056.0,32091.0,56935.0,24525.0,18828.0
2026-05-06 15:51:25.105049,423776,1609504948599337,2548511686,-0.794464,0.40016,0.562176,-1.2425,0.5775,-3.08,-9.544001,-45.336002,-28.992,inter_set_rest,4,5.0,44119.0,48172.0,76949.0,104095.0,39158.0,55056.0,32091.0,56935.0,24525.0,18828.0
2026-05-06 15:51:25.108752,423777,1609504948608361,2548520433,-0.792512,0.404064,0.579744,-1.8375,0.6475,-2.8175,-9.344001,-44.456,-28.616001,inter_set_rest,4,5.0,44119.0,48172.0,76949.0,104095.0,39158.0,55056.0,32091.0,56935.0,24525.0,18828.0
2026-05-06 15:51:25.122602,423778,1609504948622857,2548535400,-0.792512,0.404064,0.579744,-1.4525,0.21,-3.05375,-9.344001,-44.456,-28.616001,inter_set_rest,4,5.0,44119.0,48172.0,76949.0,104095.0,39158.0,55056.0,32091.0,56935.0,24525.0,18828.0
2026-05-06 15:51:25.131549,423779,1609504948631792,2548544120,-0.804224,0.406016,0.542656,-1.4875,0.23625,-3.07125,-9.288,-42.816,-29.992,inter_set_rest,4,5.0,44119.0,48172.0,76949.0,104095.0,39158.0,55056.0,32091.0,56935.0,24525.0,18828.0
2026-05-06 15:51:25.173811,423790,1609504948646342,2548559078,-0.778848,0.398208,0.589504,-0.84,0.525,-3.82375,-8.984,-42.440002,-30.256,inter_set_rest,4,5.0,44142.0,48210.0,76972.0,104113.0,39182.0,55075.0,32121.0,56940.0,24556.0,18848.0
2026-05-06 15:51:25.175039,423791,1609504948655381,2548567877,-0.778848,0.398208,0.589504,-0.805,0.6825,-3.66625,-8.984,-42.440002,-30.256,inter_set_rest,4,5.0,44142.0,48210.0,76972.0,104113.0,39182.0,55075.0,32121.0,56940.0,24556.0,18848.0
2026-05-06 15:51:25.177554,423792,1609504948664374,2548576694,-0.778848,0.398208,0.589504,-1.04125,0.37625,-3.5,-8.984,-42.440002,-30.256,inter_set_rest,4,5.0,44142.0,48210.0,76972.0,104113.0,39182.0,55075.0,32121.0,56940.0,24556.0,18848.0
2026-05-06 15:51:25.205181,423793,1609504948678882,2548589666,-0.784704,0.404064,0.597312,-1.32125,0.455,-3.36,-9.208,-42.576,-28.904001,inter_set_rest,4,5.0,44142.0,48210.0,76972.0,104113.0,39182.0,55075.0,32121.0,56940.0,24556.0,18848.0
2026-05-06 15:51:25.207727,423794,1609504948688127,2548600482,-0.802272,0.402112,0.540704,-1.40875,0.42875,-3.01875,-8.944,-42.576,-29.240002,inter_set_rest,4,5.0,44142.0,48210.0,76972.0,104113.0,39182.0,55075.0,32121.0,56940.0,24556.0,18848.0
2026-05-06 15:51:25.210227,423795,1609504948702733,2548615407,-0.802272,0.402112,0.540704,-1.435,0.69125,-3.0625,-8.944,-42.576,-29.240002,inter_set_rest,4,5.0,44142.0,48210.0,76972.0,104113.0,39182.0,55075.0,32121.0,56940.0,24556.0,18848.0
2026-05-06 15:51:25.212448,423796,1609504948711657,2548624114,-0.782752,0.396256,0.568032,-1.3475,0.2625,-3.1675,-9.184,-43.112003,-29.952002,inter_set_rest,4,5.0,44142.0,48210.0,76972.0,104113.0,39182.0,55075.0,32121.0,56940.0,24556.0,18848.0
2026-05-06 15:51:25.221471,423797,1609504948720731,2548632870,-0.782752,0.396256,0.568032,-1.32125,0.805,-2.94875,-9.184,-43.112003,-29.952002,inter_set_rest,4,5.0,44142.0,48210.0,76972.0,104113.0,39182.0,55075.0,32121.0,56940.0,24556.0,18848.0
2026-05-06 15:51:25.255176,423798,1609504948735237,2548647788,-0.798368,0.406016,0.57584,-0.875,0.37625,-2.91375,-8.736,-42.896004,-29.936,inter_set_rest,4,5.0,44142.0,48210.0,76972.0,104113.0,39182.0,55075.0,32121.0,56940.0,24556.0,18848.0
2026-05-06 15:51:25.257743,423799,1609504948744186,2548656502,-0.798368,0.406016,0.57584,-0.41125,-0.32375,-3.14125,-8.736,-42.896004,-29.936,inter_set_rest,4,5.0,44142.0,48210.0,76972.0,104113.0,39182.0,55075.0,32121.0,56940.0,24556.0,18848.0
2026-05-06 15:51:25.291113,423810,1609504948758758,2548671473,-0.802272,0.40992,0.573888,-0.3325,-0.28875,-3.3425,-9.232,-42.752003,-30.12,inter_set_rest,4,5.0,44092.0,48120.0,76938.0,103993.0,39138.0,54978.0,32106.0,56886.0,24528.0,18813.0
2026-05-06 15:51:25.293517,423811,1609504948767782,2548680227,-0.788608,0.396256,0.56608,-0.37625,0.0525,-3.8675,-9.176001,-42.648003,-31.928001,inter_set_rest,4,5.0,44092.0,48120.0,76938.0,103993.0,39138.0,54978.0,32106.0,56886.0,24528.0,18813.0
2026-05-06 15:51:25.296195,423812,1609504948782410,2548693175,-0.788608,0.396256,0.56608,-0.34125,-0.1575,-3.91125,-9.176001,-42.648003,-31.928001,inter_set_rest,4,5.0,44092.0,48120.0,76938.0,103993.0,39138.0,54978.0,32106.0,56886.0,24528.0,18813.0
2026-05-06 15:51:25.298507,423813,1609504948791649,2548703985,-0.80032,0.40992,0.581696,-0.35,-0.245,-3.3425,-9.360001,-44.368004,-28.488,inter_set_rest,4,5.0,44092.0,48120.0,76938.0,103993.0,39138.0,54978.0,32106.0,56886.0,24528.0,18813.0
2026-05-06 15:51:25.301087,423814,1609504948800591,2548712728,-0.80032,0.40992,0.581696,-0.63,-0.46375,-3.15,-9.360001,-44.368004,-28.488,inter_set_rest,4,5.0,44092.0,48120.0,76938.0,103993.0,39138.0,54978.0,32106.0,56886.0,24528.0,18813.0
2026-05-06 15:51:25.314830,423815,1609504948815132,2548727682,-0.79056,0.396256,0.55632,-0.7175,-0.1925,-3.115,-9.160001,-43.912003,-30.000002,inter_set_rest,4,5.0,44092.0,48120.0,76938.0,103993.0,39138.0,54978.0,32106.0,56886.0,24528.0,18813.0
2026-05-06 15:51:25.347404,423816,1609504948824052,2548736388,-0.79056,0.396256,0.55632,-1.12,-0.7875,-3.3775,-9.160001,-43.912003,-30.000002,inter_set_rest,4,5.0,44092.0,48120.0,76938.0,103993.0,39138.0,54978.0,32106.0,56886.0,24528.0,18813.0
2026-05-06 15:51:25.372538,423817,1609504948838563,2548751300,-0.80032,0.398208,0.542656,-0.63,-1.19875,-3.87625,-9.296001,-42.960003,-29.920002,inter_set_rest,4,5.0,44092.0,48120.0,76938.0,103993.0,39138.0,54978.0,32106.0,56886.0,24528.0,18813.0
2026-05-06 15:51:25.411166,423828,1609504948847475,2548760054,-0.769088,0.394304,0.579744,-0.21875,-1.42625,-4.235,-9.296001,-42.960003,-34.072002,inter_set_rest,4,5.0,44030.0,48055.0,76806.0,103929.0,39056.0,54942.0,32026.0,56840.0,24470.0,18785.0
2026-05-06 15:51:25.413506,423829,1609504948862317,2548773276,-0.774944,0.394304,0.579744,1.015,-0.49,-4.515,-9.360001,-42.728,-34.072002,inter_set_rest,4,5.0,44030.0,48055.0,76806.0,103929.0,39056.0,54942.0,32026.0,56840.0,24470.0,18785.0
2026-05-06 15:51:25.416069,423830,1609504948872059,2548784212,-0.80032,0.40016,0.5368,0.595,-0.035,-4.1825,-9.168,-43.24,-29.928001,inter_set_rest,4,5.0,44030.0,48055.0,76806.0,103929.0,39056.0,54942.0,32026.0,56840.0,24470.0,18785.0
2026-05-06 15:51:25.418459,423831,1609504948881019,2548792904,-0.80032,0.40016,0.5368,0.84875,0.21875,-3.92,-9.168,-43.24,-29.928001,inter_set_rest,4,5.0,44030.0,48055.0,76806.0,103929.0,39056.0,54942.0,32026.0,56840.0,24470.0,18785.0
2026-05-06 15:51:25.421007,423832,1609504948895576,2548808105,-0.796416,0.40016,0.552416,0.8575,0.04375,-4.06875,-9.360001,-43.000004,-30.192001,inter_set_rest,4,5.0,44030.0,48055.0,76806.0,103929.0,39056.0,54942.0,32026.0,56840.0,24470.0,18785.0
2026-05-06 15:51:25.423471,423833,1609504948904595,2548816945,-0.796416,0.40016,0.552416,-0.11375,-0.035,-3.92875,-9.360001,-43.000004,-30.192001,inter_set_rest,4,5.0,44030.0,48055.0,76806.0,103929.0,39056.0,54942.0,32026.0,56840.0,24470.0,18785.0
2026-05-06 15:51:25.426063,423834,1609504948913555,2548825767,-0.798368,0.406016,0.55632,-0.41125,-0.13125,-3.71875,-9.04,-43.296,-30.152002,inter_set_rest,4,5.0,44030.0,48055.0,76806.0,103929.0,39056.0,54942.0,32026.0,56840.0,24470.0,18785.0
2026-05-06 15:51:25.428476,423835,1609504948928178,2548840709,-0.778848,0.398208,0.587552,-0.06125,0.07,-3.57,-9.04,-41.248,-28.600002,inter_set_rest,4,5.0,44030.0,48055.0,76806.0,103929.0,39056.0,54942.0,32026.0,56840.0,24470.0,18785.0
2026-05-06 15:51:25.442351,423836,1609504948937378,2548849518,-0.778848,0.398208,0.587552,0.4025,-0.0875,-4.47125,-8.816,-42.976,-28.600002,inter_set_rest,4,5.0,44030.0,48055.0,76806.0,103929.0,39056.0,54942.0,32026.0,56840.0,24470.0,18785.0
2026-05-06 15:51:25.473870,423847,1609504948952625,2548864642,-0.794464,0.40992,0.597312,0.53375,0.21875,-4.75125,-9.080001,-42.864002,-29.880001,inter_set_rest,4,5.0,44015.0,48103.0,76841.0,104010.0,39082.0,54974.0,32045.0,56880.0,24486.0,18812.0
2026-05-06 15:51:25.476116,423848,1609504948961714,2548873356,-0.794464,0.40992,0.597312,0.37625,-0.00875,-4.3925,-9.080001,-42.864002,-29.880001,inter_set_rest,4,5.0,44015.0,48103.0,76841.0,104010.0,39082.0,54974.0,32045.0,56880.0,24486.0,18812.0
2026-05-06 15:51:25.481384,423849,1609504948970643,2548882149,-0.79056,0.413824,0.5856,0.07875,0.83125,-4.0775,-9.160001,-44.392002,-29.016,inter_set_rest,4,5.0,44015.0,48103.0,76841.0,104010.0,39082.0,54974.0,32045.0,56880.0,24486.0,18812.0
2026-05-06 15:51:25.487632,423850,1609504948985426,2548897445,-0.79056,0.413824,0.5856,0.49875,0.84875,-4.73375,-9.160001,-44.392002,-29.016,inter_set_rest,4,5.0,44015.0,48103.0,76841.0,104010.0,39082.0,54974.0,32045.0,56880.0,24486.0,18812.0
2026-05-06 15:51:25.493604,423851,1609504948994839,2548906427,-0.80032,0.413824,0.583648,0.14875,0.245,-5.0925,-9.136001,-45.320004,-28.480001,inter_set_rest,4,5.0,44015.0,48103.0,76841.0,104010.0,39082.0,54974.0,32045.0,56880.0,24486.0,18812.0
2026-05-06 15:51:25.502378,423852,1609504949003777,2548915166,-0.80032,0.413824,0.583648,0.5425,0.805,-5.11875,-9.136001,-45.320004,-28.480001,inter_set_rest,4,5.0,44015.0,48103.0,76841.0,104010.0,39082.0,54974.0,32045.0,56880.0,24486.0,18812.0
2026-05-06 15:51:25.536458,423853,1609504949018278,2548930263,-0.80032,0.40992,0.554368,0.81375,0.77875,-4.69875,-8.704,-43.2,-30.104002,inter_set_rest,4,5.0,44015.0,48103.0,76841.0,104010.0,39082.0,54974.0,32045.0,56880.0,24486.0,18812.0
2026-05-06 15:51:25.538888,423854,1609504949027319,2548938965,-0.80032,0.40992,0.554368,0.95375,0.455,-4.8825,-8.704,-43.2,-30.104002,inter_set_rest,4,5.0,44015.0,48103.0,76841.0,104010.0,39082.0,54974.0,32045.0,56880.0,24486.0,18812.0
2026-05-06 15:51:25.542637,423855,1609504949041831,2548953866,-0.79056,0.40992,0.57584,0.875,0.7175,-5.25,-8.448,-43.488003,-31.664001,inter_set_rest,4,5.0,44015.0,48103.0,76841.0,104010.0,39082.0,54974.0,32045.0,56880.0,24486.0,18812.0
2026-05-06 15:51:25.573824,423866,1609504949051092,2548962981,-0.788608,0.40992,0.589504,0.20125,0.7875,-4.97875,-8.856,-44.904003,-31.440002,inter_set_rest,4,5.0,43988.0,48053.0,76896.0,103922.0,39051.0,54908.0,32070.0,56839.0,24461.0,18775.0
2026-05-06 15:51:25.576459,423867,1609504949065676,2548978063,-0.788608,0.40992,0.589504,-0.06125,0.74375,-4.655,-8.856,-44.904003,-31.440002,inter_set_rest,4,5.0,43988.0,48053.0,76896.0,103922.0,39051.0,54908.0,32070.0,56839.0,24461.0,18775.0
2026-05-06 15:51:25.582670,423868,1609504949074721,2548986814,-0.798368,0.406016,0.552416,-0.00875,0.6825,-4.445,-8.968,-46.912003,-28.032001,inter_set_rest,4,5.0,43988.0,48053.0,76896.0,103922.0,39051.0,54908.0,32070.0,56839.0,24461.0,18775.0
2026-05-06 15:51:25.585175,423869,1609504949083700,2548995543,-0.798368,0.406016,0.552416,-0.7,0.875,-4.27,-8.968,-46.912003,-28.032001,inter_set_rest,4,5.0,43988.0,48053.0,76896.0,103922.0,39051.0,54908.0,32070.0,56839.0,24461.0,18775.0
2026-05-06 15:51:25.598973,423870,1609504949098404,2549010485,-0.804224,0.417728,0.569984,-1.05,0.4725,-4.0775,-8.776,-43.376003,-30.344002,inter_set_rest,4,5.0,43988.0,48053.0,76896.0,103922.0,39051.0,54908.0,32070.0,56839.0,24461.0,18775.0
2026-05-06 15:51:25.607787,423871,1609504949107492,2549019267,-0.804224,0.417728,0.569984,-0.93625,0.455,-4.3225,-8.776,-43.376003,-30.344002,inter_set_rest,4,5.0,43988.0,48053.0,76896.0,103922.0,39051.0,54908.0,32070.0,56839.0,24461.0,18775.0
2026-05-06 15:51:25.642997,423872,1609504949121994,2549034215,-0.804224,0.411872,0.548512,-0.2625,0.4375,-4.6375,-8.816,-44.016003,-29.048002,inter_set_rest,4,5.0,43988.0,48053.0,76896.0,103922.0,39051.0,54908.0,32070.0,56839.0,24461.0,18775.0
2026-05-06 15:51:25.643643,423873,1609504949130986,2549042935,-0.806176,0.413824,0.579744,-0.42,0.76125,-4.50625,-8.424001,-43.608,-30.272001,inter_set_rest,4,5.0,43988.0,48053.0,76896.0,103922.0,39051.0,54908.0,32070.0,56839.0,24461.0,18775.0
2026-05-06 15:51:25.649459,423874,1609504949139912,2549051691,-0.806176,0.413824,0.579744,-0.2625,0.49,-4.62875,-8.424001,-43.608,-30.272001,inter_set_rest,4,5.0,43988.0,48053.0,76896.0,103922.0,39051.0,54908.0,32070.0,56839.0,24461.0,18775.0
2026-05-06 15:51:25.673857,423885,1609504949154608,2549066686,-0.788608,0.404064,0.583648,-0.69125,0.3325,-4.305,-8.192,-43.88,-30.608002,inter_set_rest,4,5.0,43974.0,48012.0,76903.0,103901.0,39035.0,54867.0,32074.0,56843.0,24442.0,18748.0
2026-05-06 15:51:25.676628,423886,1609504949163587,2549075512,-0.788608,0.404064,0.583648,-1.12875,0.1925,-3.98125,-8.192,-43.88,-30.608002,inter_set_rest,4,5.0,43974.0,48012.0,76903.0,103901.0,39035.0,54867.0,32074.0,56843.0,24442.0,18748.0
2026-05-06 15:51:25.686397,423887,1609504949178107,2549090426,-0.812032,0.404064,0.540704,-2.205,0.4025,-3.92875,-8.480001,-43.816,-30.36,inter_set_rest,4,5.0,43974.0,48012.0,76903.0,103901.0,39035.0,54867.0,32074.0,56843.0,24442.0,18748.0
2026-05-06 15:51:25.689031,423888,1609504949187176,2549099171,-0.812032,0.404064,0.540704,-2.8875,0.63,-3.68375,-8.480001,-43.816,-30.36,inter_set_rest,4,5.0,43974.0,48012.0,76903.0,103901.0,39035.0,54867.0,32074.0,56843.0,24442.0,18748.0
2026-05-06 15:51:25.714043,423889,1609504949196245,2549107903,-0.792512,0.40016,0.568032,-3.0975,0.13125,-3.33375,-8.248,-43.528004,-30.376001,inter_set_rest,4,5.0,43974.0,48012.0,76903.0,103901.0,39035.0,54867.0,32074.0,56843.0,24442.0,18748.0
2026-05-06 15:51:25.738899,423890,1609504949210689,2549122850,-0.802272,0.402112,0.558272,-2.87,-0.0525,-3.19375,-8.664001,-42.992,-30.512001,inter_set_rest,4,5.0,43974.0,48012.0,76903.0,103901.0,39035.0,54867.0,32074.0,56843.0,24442.0,18748.0
2026-05-06 15:51:25.750205,423891,1609504949219609,2549131563,-0.802272,0.402112,0.558272,-2.135,-0.42,-3.8675,-8.664001,-42.992,-30.512001,inter_set_rest,4,5.0,43974.0,48012.0,76903.0,103901.0,39035.0,54867.0,32074.0,56843.0,24442.0,18748.0
2026-05-06 15:51:25.752653,423892,1609504949234093,2549146478,-0.788608,0.394304,0.581696,-2.3275,-0.27125,-4.17375,-8.312,-43.328003,-30.504002,inter_set_rest,4,5.0,43974.0,48012.0,76903.0,103901.0,39035.0,54867.0,32074.0,56843.0,24442.0,18748.0
2026-05-06 15:51:25.755200,423893,1609504949242971,2549155242,-0.788608,0.394304,0.581696,-2.24875,-0.175,-3.61375,-8.312,-43.328003,-30.504002,inter_set_rest,4,5.0,43974.0,48012.0,76903.0,103901.0,39035.0,54867.0,32074.0,56843.0,24442.0,18748.0
2026-05-06 15:51:25.785095,423904,1609504949257616,2549170356,-0.798368,0.40016,0.569984,-2.1875,-0.44625,-3.185,-8.376,-43.648003,-30.168001,inter_set_rest,4,5.0,43982.0,48023.0,76956.0,103965.0,39072.0,54892.0,32089.0,56865.0,24462.0,18756.0
2026-05-06 15:51:25.787637,423905,1609504949266681,2549179118,-0.798368,0.40016,0.569984,-3.01875,-0.49,-2.8175,-8.376,-43.648003,-30.168001,inter_set_rest,4,5.0,43982.0,48023.0,76956.0,103965.0,39072.0,54892.0,32089.0,56865.0,24462.0,18756.0
2026-05-06 15:51:25.792669,423906,1609504949275695,2549187864,-0.81984,0.40016,0.5368,-3.63125,-0.46375,-2.66,-8.632,-45.04,-28.952002,inter_set_rest,4,5.0,43982.0,48023.0,76956.0,103965.0,39072.0,54892.0,32089.0,56865.0,24462.0,18756.0
2026-05-06 15:51:25.795064,423907,1609504949290333,2549202946,-0.81984,0.40016,0.599264,-2.28375,-0.5425,-2.9575,-8.632,-45.04,-28.952002,inter_set_rest,4,5.0,43982.0,48023.0,76956.0,103965.0,39072.0,54892.0,32089.0,56865.0,24462.0,18756.0
2026-05-06 15:51:25.801508,423908,1609504949299234,2549211659,-0.798368,0.404064,0.593408,-1.68875,-0.34125,-3.29,-8.656,-44.976,-28.112001,inter_set_rest,4,5.0,43982.0,48023.0,76956.0,103965.0,39072.0,54892.0,32089.0,56865.0,24462.0,18756.0
2026-05-06 15:51:25.815242,423909,1609504949313727,2549224598,-0.806176,0.404064,0.542656,-1.11125,-0.525,-3.28125,-8.480001,-43.656002,-30.904001,inter_set_rest,4,5.0,43982.0,48023.0,76956.0,103965.0,39072.0,54892.0,32089.0,56865.0,24462.0,18756.0
2026-05-06 15:51:25.845129,423910,1609504949323023,2549235376,-0.806176,0.404064,0.542656,-0.77,-0.48125,-3.22,-8.480001,-43.656002,-30.904001,inter_set_rest,4,5.0,43982.0,48023.0,76956.0,103965.0,39072.0,54892.0,32089.0,56865.0,24462.0,18756.0
2026-05-06 15:51:25.847616,423911,1609504949337541,2549248339,-0.788608,0.407968,0.603168,0.02625,-0.48125,-3.80625,-8.384001,-43.576,-30.496002,inter_set_rest,4,5.0,43982.0,48023.0,76956.0,103965.0,39072.0,54892.0,32089.0,56865.0,24462.0,18756.0
2026-05-06 15:51:25.850116,423912,1609504949346777,2549259089,-0.788608,0.407968,0.603168,-0.0525,-0.51625,-4.4975,-8.384001,-43.576,-30.496002,inter_set_rest,4,5.0,43982.0,48023.0,76956.0,103965.0,39072.0,54892.0,32089.0,56865.0,24462.0,18756.0
2026-05-06 15:51:25.880151,423923,1609504949355888,2549267939,-0.808128,0.407968,0.552416,-0.16625,-0.77,-4.33125,-8.472,-43.552002,-30.256,inter_set_rest,4,5.0,43966.0,47959.0,76828.0,103813.0,39052.0,54830.0,32030.0,56773.0,24441.0,18739.0
2026-05-06 15:51:25.882550,423924,1609504949370572,2549282899,-0.808128,0.407968,0.552416,-0.56875,-0.95375,-4.15625,-8.472,-43.552002,-30.256,inter_set_rest,4,5.0,43966.0,47959.0,76828.0,103813.0,39052.0,54830.0,32030.0,56773.0,24441.0,18739.0
2026-05-06 15:51:25.885204,423925,1609504949379537,2549291703,-0.812032,0.407968,0.558272,-0.8225,-0.72625,-3.955,-8.512,-43.408,-30.44,inter_set_rest,4,5.0,43966.0,47959.0,76828.0,103813.0,39052.0,54830.0,32030.0,56773.0,24441.0,18739.0
2026-05-06 15:51:25.901509,423926,1609504949394039,2549306632,-0.796416,0.402112,0.57584,-0.9275,-0.67375,-4.06,-8.856,-43.464,-30.824001,inter_set_rest,4,5.0,43966.0,47959.0,76828.0,103813.0,39052.0,54830.0,32030.0,56773.0,24441.0,18739.0
2026-05-06 15:51:25.904040,423927,1609504949402960,2549315434,-0.796416,0.402112,0.57584,-1.085,-0.58625,-3.70125,-8.856,-43.464,-30.824001,inter_set_rest,4,5.0,43966.0,47959.0,76828.0,103813.0,39052.0,54830.0,32030.0,56773.0,24441.0,18739.0
2026-05-06 15:51:25.912568,423928,1609504949411915,2549324143,-0.808128,0.404064,0.562176,-1.51375,-0.62125,-3.82375,-8.856,-44.984,-29.408,inter_set_rest,4,5.0,43966.0,47959.0,76828.0,103813.0,39052.0,54830.0,32030.0,56773.0,24441.0,18739.0
2026-05-06 15:51:25.926197,423929,1609504949426457,2549339118,-0.808128,0.404064,0.562176,-1.53125,-0.42,-3.31625,-8.664001,-44.984,-29.408,inter_set_rest,4,5.0,43966.0,47959.0,76828.0,103813.0,39052.0,54830.0,32030.0,56773.0,24441.0,18739.0
2026-05-06 15:51:25.940023,423930,1609504949435388,2549347828,-0.792512,0.40016,0.560224,-1.88125,-0.42,-3.045,-8.6,-43.184002,-30.36,inter_set_rest,4,5.0,43966.0,47959.0,76828.0,103813.0,39052.0,54830.0,32030.0,56773.0,24441.0,18739.0
2026-05-06 15:51:25.953865,423931,1609504949449881,2549360683,-0.792512,0.40016,0.560224,-1.505,-0.60375,-3.29875,-8.6,-43.184002,-30.36,inter_set_rest,4,5.0,43966.0,47959.0,76828.0,103813.0,39052.0,54830.0,32030.0,56773.0,24441.0,18739.0
2026-05-06 15:51:25.981807,423942,1609504949459168,2549371574,-0.798368,0.404064,0.558272,-0.91,-0.3675,-3.64875,-8.608001,-43.864002,-30.328001,inter_set_rest,4,5.0,43950.0,47916.0,76647.0,103726.0,38959.0,54734.0,31948.0,56687.0,24388.0,18702.0
2026-05-06 15:51:25.984008,423943,1609504949468374,2549380382,-0.798368,0.404064,0.558272,-0.34125,-0.70875,-3.57,-8.608001,-43.864002,-30.328001,inter_set_rest,4,5.0,43950.0,47916.0,76647.0,103726.0,38959.0,54734.0,31948.0,56687.0,24388.0,18702.0
2026-05-06 15:51:25.986583,423944,1609504949482993,2549395378,-0.798368,0.402112,0.550464,-1.1375,-0.805,-3.52625,-8.928,-45.728,-29.696001,inter_set_rest,4,5.0,43950.0,47916.0,76647.0,103726.0,38959.0,54734.0,31948.0,56687.0,24388.0,18702.0
2026-05-06 15:51:25.992726,423945,1609504949491968,2549404155,-0.798368,0.402112,0.550464,-1.4875,-0.7,-3.115,-8.928,-45.728,-29.696001,inter_set_rest,4,5.0,43950.0,47916.0,76647.0,103726.0,38959.0,54734.0,31948.0,56687.0,24388.0,18702.0
2026-05-06 15:51:26.010244,423946,1609504949506534,2549419063,-0.81008,0.406016,0.550464,-2.5375,-0.63,-2.82625,-8.56,-43.160004,-29.928001,inter_set_rest,4,5.0,43950.0,47916.0,76647.0,103726.0,38959.0,54734.0,31948.0,56687.0,24388.0,18702.0
2026-05-06 15:51:26.016591,423947,1609504949515475,2549427808,-0.806176,0.407968,0.552416,-3.01,-0.945,-2.19625,-8.488001,-43.696003,-30.520002,inter_set_rest,4,5.0,43950.0,47916.0,76647.0,103726.0,38959.0,54734.0,31948.0,56687.0,24388.0,18702.0
2026-05-06 15:51:26.030839,423948,1609504949529956,2549440732,-0.806176,0.407968,0.552416,-2.9225,-0.62125,-2.3275,-8.488001,-43.696003,-30.520002,inter_set_rest,4,5.0,43950.0,47916.0,76647.0,103726.0,38959.0,54734.0,31948.0,56687.0,24388.0,18702.0
2026-05-06 15:51:26.043820,423949,1609504949539199,2549451552,-0.81008,0.407968,0.552416,-2.42375,-0.39375,-2.555,-8.8,-44.968002,-29.2,inter_set_rest,4,5.0,43950.0,47916.0,76647.0,103726.0,38959.0,54734.0,31948.0,56687.0,24388.0,18702.0
2026-05-06 15:51:26.050116,423950,1609504949548155,2549460296,-0.81008,0.407968,0.552416,-2.45,-0.46375,-3.07125,-8.8,-44.968002,-29.2,inter_set_rest,4,5.0,43950.0,47916.0,76647.0,103726.0,38959.0,54734.0,31948.0,56687.0,24388.0,18702.0
2026-05-06 15:51:26.144952,423961,1609504949562954,2549475315,-0.802272,0.406016,0.56608,-2.2925,-0.58625,-3.5,-8.320001,-43.728,-30.336002,inter_set_rest,4,5.0,43908.0,47919.0,76713.0,103769.0,38973.0,54725.0,31987.0,56711.0,24374.0,18693.0
2026-05-06 15:51:26.147645,423962,1609504949571920,2549484022,-0.802272,0.406016,0.56608,-2.205,-0.8925,-3.535,-8.320001,-43.728,-30.336002,inter_set_rest,4,5.0,43908.0,47919.0,76713.0,103769.0,38973.0,54725.0,31987.0,56711.0,24374.0,18693.0
2026-05-06 15:51:26.150112,423963,1609504949586434,2549498952,-0.794464,0.404064,0.587552,-2.33625,-0.56875,-3.5175,-8.568001,-43.160004,-30.640001,inter_set_rest,4,5.0,43908.0,47919.0,76713.0,103769.0,38973.0,54725.0,31987.0,56711.0,24374.0,18693.0
2026-05-06 15:51:26.152641,423964,1609504949595339,2549507784,-0.80032,0.394304,0.534848,-2.3975,-0.58625,-3.01,-8.696,-43.144,-30.36,inter_set_rest,4,5.0,43908.0,47919.0,76713.0,103769.0,38973.0,54725.0,31987.0,56711.0,24374.0,18693.0
2026-05-06 15:51:26.155160,423965,1609504949604236,2549516527,-0.80032,0.394304,0.534848,-2.96625,-0.595,-3.05375,-8.696,-43.144,-30.36,inter_set_rest,4,5.0,43908.0,47919.0,76713.0,103769.0,38973.0,54725.0,31987.0,56711.0,24374.0,18693.0
2026-05-06 15:51:26.157653,423966,1609504949618743,2549531432,-0.81008,0.406016,0.583648,-2.73875,-0.32375,-2.45875,-8.784,-43.488003,-30.296001,inter_set_rest,4,5.0,43908.0,47919.0,76713.0,103769.0,38973.0,54725.0,31987.0,56711.0,24374.0,18693.0
2026-05-06 15:51:26.160213,423967,1609504949627683,2549540197,-0.81008,0.406016,0.583648,-3.10625,-0.21875,-2.17,-8.784,-43.488003,-30.296001,inter_set_rest,4,5.0,43908.0,47919.0,76713.0,103769.0,38973.0,54725.0,31987.0,56711.0,24374.0,18693.0
2026-05-06 15:51:26.162659,423968,1609504949642251,2549553082,-0.80032,0.402112,0.564128,-3.29875,-0.5075,-2.17,-8.504001,-43.704002,-30.616001,inter_set_rest,4,5.0,43908.0,47919.0,76713.0,103769.0,38973.0,54725.0,31987.0,56711.0,24374.0,18693.0
2026-05-06 15:51:26.190239,423979,1609504949651580,2549564067,-0.80032,0.402112,0.564128,-3.43,-0.5425,-1.84625,-8.504001,-43.704002,-30.616001,inter_set_rest,4,5.0,43889.0,47895.0,76659.0,103751.0,38970.0,54707.0,31964.0,56692.0,24391.0,18681.0
2026-05-06 15:51:26.192728,423980,1609504949660832,2549572782,-0.804224,0.396256,0.540704,-3.1675,-0.63875,-2.12625,-8.616,-43.744003,-29.496002,inter_set_rest,4,5.0,43889.0,47895.0,76659.0,103751.0,38970.0,54707.0,31964.0,56692.0,24391.0,18681.0
2026-05-06 15:51:26.195191,423981,1609504949675411,2549587789,-0.796416,0.406016,0.591456,-4.01625,-0.91875,-2.24,-8.616,-43.456,-30.896002,inter_set_rest,4,5.0,43889.0,47895.0,76659.0,103751.0,38970.0,54707.0,31964.0,56692.0,24391.0,18681.0
2026-05-06 15:51:26.197750,423982,1609504949684306,2549596571,-0.796416,0.406016,0.591456,-2.52,-1.19875,-2.77375,-8.616,-43.456,-30.896002,inter_set_rest,4,5.0,43889.0,47895.0,76659.0,103751.0,38970.0,54707.0,31964.0,56692.0,24391.0,18681.0
2026-05-06 15:51:26.200265,423983,1609504949698835,2549611479,-0.81008,0.40016,0.554368,-2.47625,-1.19875,-3.2725,-8.496,-43.248,-30.304,inter_set_rest,4,5.0,43889.0,47895.0,76659.0,103751.0,38970.0,54707.0,31964.0,56692.0,24391.0,18681.0
2026-05-06 15:51:26.209027,423984,1609504949707826,2549620273,-0.81008,0.40016,0.554368,-1.84625,-1.2425,-3.36,-8.496,-43.248,-30.304,inter_set_rest,4,5.0,43889.0,47895.0,76659.0,103751.0,38970.0,54707.0,31964.0,56692.0,24391.0,18681.0
2026-05-06 15:51:26.225621,423985,1609504949722337,2549633155,-0.804224,0.402112,0.568032,-1.4175,-1.11125,-3.26375,-8.816,-43.744003,-30.840002,inter_set_rest,4,5.0,43889.0,47895.0,76659.0,103751.0,38970.0,54707.0,31964.0,56692.0,24391.0,18681.0
2026-05-06 15:51:26.232514,423986,1609504949731595,2549643923,-0.804224,0.402112,0.568032,-1.3825,-0.84875,-3.36,-8.816,-43.744003,-30.840002,inter_set_rest,4,5.0,43889.0,47895.0,76659.0,103751.0,38970.0,54707.0,31964.0,56692.0,24391.0,18681.0
2026-05-06 15:51:26.241203,423987,1609504949740624,2549652700,-0.808128,0.402112,0.542656,-0.90125,-0.735,-3.4125,-8.84,-43.656002,-30.528002,inter_set_rest,4,5.0,43889.0,47895.0,76659.0,103751.0,38970.0,54707.0,31964.0,56692.0,24391.0,18681.0
2026-05-06 15:51:26.277582,423998,1609504949755772,2549667723,-0.796416,0.40016,0.558272,-0.81375,-0.98875,-3.5,-8.304001,-43.328003,-30.28,inter_set_rest,4,5.0,43885.0,47863.0,76631.0,103727.0,38927.0,54665.0,31947.0,56675.0,24363.0,18656.0
2026-05-06 15:51:26.280244,423999,1609504949764815,2549676470,-0.796416,0.40016,0.558272,-1.47,-0.88375,-3.31625,-8.304001,-43.328003,-30.28,inter_set_rest,4,5.0,43885.0,47863.0,76631.0,103727.0,38927.0,54665.0,31947.0,56675.0,24363.0,18656.0
2026-05-06 15:51:26.282748,424000,1609504949773812,2549685324,-0.796416,0.40016,0.558272,-1.575,-0.7525,-3.61375,-8.304001,-43.328003,-30.28,inter_set_rest,4,5.0,43885.0,47863.0,76631.0,103727.0,38927.0,54665.0,31947.0,56675.0,24363.0,18656.0
2026-05-06 15:51:26.289002,424001,1609504949788399,2549700325,-0.802272,0.398208,0.548512,-1.44375,-0.6125,-3.3075,-8.912001,-44.704002,-30.936,inter_set_rest,4,5.0,43885.0,47863.0,76631.0,103727.0,38927.0,54665.0,31947.0,56675.0,24363.0,18656.0
2026-05-06 15:51:26.297777,424002,1609504949797341,2549709024,-0.782752,0.398208,0.583648,-2.16125,-0.4025,-3.07125,-8.632,-43.168003,-30.352001,inter_set_rest,4,5.0,43885.0,47863.0,76631.0,103727.0,38927.0,54665.0,31947.0,56675.0,24363.0,18656.0
2026-05-06 15:51:26.313851,424003,1609504949811892,2549723980,-0.782752,0.398208,0.583648,-2.9225,-0.84875,-2.35375,-8.632,-43.168003,-30.352001,inter_set_rest,4,5.0,43885.0,47863.0,76631.0,103727.0,38927.0,54665.0,31947.0,56675.0,24363.0,18656.0
2026-05-06 15:51:26.322990,424004,1609504949820825,2549732734,-0.798368,0.404064,0.583648,-2.16125,-0.9975,-2.3625,-8.480001,-43.608,-30.480001,inter_set_rest,4,5.0,43885.0,47863.0,76631.0,103727.0,38927.0,54665.0,31947.0,56675.0,24363.0,18656.0
2026-05-06 15:51:26.337608,424005,1609504949835327,2549747642,-0.794464,0.398208,0.5856,-1.925,-0.525,-2.72125,-8.752001,-43.544003,-30.392002,inter_set_rest,4,5.0,43885.0,47863.0,76631.0,103727.0,38927.0,54665.0,31947.0,56675.0,24363.0,18656.0
2026-05-06 15:51:26.346387,424006,1609504949844232,2549756386,-0.794464,0.398208,0.5856,-2.45875,-0.49,-2.1525,-8.752001,-43.544003,-30.392002,inter_set_rest,4,5.0,43885.0,47863.0,76631.0,103727.0,38927.0,54665.0,31947.0,56675.0,24363.0,18656.0
2026-05-06 15:51:26.379977,424017,1609504949853165,2549765390,-0.794464,0.398208,0.5856,-2.8175,-0.4025,-1.575,-8.752001,-43.544003,-30.392002,inter_set_rest,4,5.0,43881.0,47871.0,76601.0,103729.0,38954.0,54659.0,31944.0,56660.0,24393.0,18663.0
2026-05-06 15:51:26.382430,424018,1609504949867815,2549780341,-0.792512,0.402112,0.579744,-3.33375,-0.58625,-1.33,-8.792001,-43.368004,-30.016,inter_set_rest,4,5.0,43881.0,47871.0,76601.0,103729.0,38954.0,54659.0,31944.0,56660.0,24393.0,18663.0
2026-05-06 15:51:26.385104,424019,1609504949876780,2549789078,-0.81008,0.406016,0.562176,-2.79125,-1.02375,-1.65375,-8.784,-46.632004,-28.28,inter_set_rest,4,5.0,43881.0,47871.0,76601.0,103729.0,38954.0,54659.0,31944.0,56660.0,24393.0,18663.0
2026-05-06 15:51:26.391435,424020,1609504949891337,2549804084,-0.81008,0.406016,0.562176,-2.49375,-0.6825,-2.37125,-8.784,-46.632004,-28.28,inter_set_rest,4,5.0,43881.0,47871.0,76601.0,103729.0,38954.0,54659.0,31944.0,56660.0,24393.0,18663.0
2026-05-06 15:51:26.405128,424021,1609504949900246,2549812868,-0.792512,0.40992,0.59536,-2.275,-0.72625,-2.21375,-8.752001,-43.928,-30.496002,inter_set_rest,4,5.0,43881.0,47871.0,76601.0,103729.0,38954.0,54659.0,31944.0,56660.0,24393.0,18663.0
2026-05-06 15:51:26.413852,424022,1609504949914755,2549825719,-0.792512,0.40992,0.59536,-2.1175,-0.60375,-2.5025,-8.752001,-43.928,-30.496002,inter_set_rest,4,5.0,43881.0,47871.0,76601.0,103729.0,38954.0,54659.0,31944.0,56660.0,24393.0,18663.0
2026-05-06 15:51:26.460217,424023,1609504949924208,2549836512,-0.798368,0.411872,0.573888,-1.8375,-0.74375,-2.33625,-8.64,-43.456,-30.712002,inter_set_rest,4,5.0,43881.0,47871.0,76601.0,103729.0,38954.0,54659.0,31944.0,56660.0,24393.0,18663.0
2026-05-06 15:51:26.487753,424024,1609504949933277,2549845285,-0.798368,0.411872,0.573888,-1.39125,-0.88375,-2.79125,-8.64,-43.456,-30.712002,inter_set_rest,4,5.0,43881.0,47871.0,76601.0,103729.0,38954.0,54659.0,31944.0,56660.0,24393.0,18663.0
2026-05-06 15:51:26.505321,424025,1609504949947774,2549860284,-0.798368,0.411872,0.581696,-1.46125,-0.56,-3.2375,-8.552,-43.416,-30.328001,inter_set_rest,4,5.0,43881.0,47871.0,76601.0,103729.0,38954.0,54659.0,31944.0,56660.0,24393.0,18663.0
2026-05-06 15:51:26.536446,424036,1609504949957280,2549869079,-0.798368,0.40992,0.577792,-1.54,-0.51625,-2.87,-8.712001,-43.592003,-30.800001,inter_set_rest,4,5.0,43839.0,47800.0,76497.0,103573.0,38884.0,54532.0,31839.0,56552.0,24336.0,18614.0
2026-05-06 15:51:26.538827,424037,1609504949966267,2549877806,-0.798368,0.40992,0.577792,-1.65375,-0.30625,-2.8175,-8.712001,-43.592003,-30.800001,inter_set_rest,4,5.0,43839.0,47800.0,76497.0,103573.0,38884.0,54532.0,31839.0,56552.0,24336.0,18614.0
2026-05-06 15:51:26.541453,424038,1609504949980790,2549892761,-0.792512,0.404064,0.571936,-1.95125,-0.28,-2.765,-8.472,-43.24,-30.344002,inter_set_rest,4,5.0,43839.0,47800.0,76497.0,103573.0,38884.0,54532.0,31839.0,56552.0,24336.0,18614.0
2026-05-06 15:51:26.543650,424039,1609504949989686,2549901480,-0.792512,0.404064,0.571936,-2.38875,-1.04125,-2.695,-8.472,-43.24,-30.344002,inter_set_rest,4,5.0,43839.0,47800.0,76497.0,103573.0,38884.0,54532.0,31839.0,56552.0,24336.0,18614.0
2026-05-06 15:51:26.546491,424040,1609504950004264,2549916422,-0.80032,0.404064,0.569984,-2.6075,-1.00625,-2.38,-8.584001,-43.336002,-30.512001,inter_set_rest,4,5.0,43839.0,47800.0,76497.0,103573.0,38884.0,54532.0,31839.0,56552.0,24336.0,18614.0
2026-05-06 15:51:26.548940,424041,1609504950013187,2549925159,-0.80032,0.404064,0.569984,-2.96625,-0.9975,-2.19625,-8.584001,-43.336002,-30.512001,inter_set_rest,4,5.0,43839.0,47800.0,76497.0,103573.0,38884.0,54532.0,31839.0,56552.0,24336.0,18614.0
2026-05-06 15:51:26.551531,424042,1609504950027841,2549940196,-0.804224,0.40016,0.564128,-3.66625,-0.63875,-1.925,-8.352,-43.504,-30.296001,inter_set_rest,4,5.0,43839.0,47800.0,76497.0,103573.0,38884.0,54532.0,31839.0,56552.0,24336.0,18614.0
2026-05-06 15:51:26.553930,424043,1609504950036872,2549948978,-0.80032,0.402112,0.57584,-4.17375,-1.02375,-1.39125,-8.464001,-43.536003,-30.176,inter_set_rest,4,5.0,43839.0,47800.0,76497.0,103573.0,38884.0,54532.0,31839.0,56552.0,24336.0,18614.0
2026-05-06 15:51:26.556515,424044,1609504950045842,2549957702,-0.80032,0.402112,0.57584,-4.4625,-1.02375,-1.365,-8.464001,-43.536003,-30.176,inter_set_rest,4,5.0,43839.0,47800.0,76497.0,103573.0,38884.0,54532.0,31839.0,56552.0,24336.0,18614.0
2026-05-06 15:51:26.583977,424055,1609504950060509,2549972843,-0.80032,0.396256,0.568032,-4.36625,-1.09375,-1.40875,-8.584001,-45.224003,-29.376001,inter_set_rest,4,5.0,43744.0,47768.0,76393.0,103538.0,38798.0,54487.0,31792.0,56520.0,24272.0,18586.0
2026-05-06 15:51:26.586600,424056,1609504950069595,2549981627,-0.80032,0.396256,0.568032,-3.64875,-1.015,-1.8025,-8.584001,-45.224003,-29.376001,inter_set_rest,4,5.0,43744.0,47768.0,76393.0,103538.0,38798.0,54487.0,31792.0,56520.0,24272.0,18586.0
2026-05-06 15:51:26.592792,424057,1609504950084154,2549996785,-0.81008,0.394304,0.54656,-3.5875,-1.47875,-1.81125,-8.896001,-45.208004,-29.336,inter_set_rest,4,5.0,43744.0,47768.0,76393.0,103538.0,38798.0,54487.0,31792.0,56520.0,24272.0,18586.0
2026-05-06 15:51:26.595126,424058,1609504950093119,2550005500,-0.81008,0.394304,0.54656,-3.605,-1.47,-1.86375,-8.896001,-45.208004,-29.336,inter_set_rest,4,5.0,43744.0,47768.0,76393.0,103538.0,38798.0,54487.0,31792.0,56520.0,24272.0,18586.0
2026-05-06 15:51:26.603968,424059,1609504950102119,2550014198,-0.808128,0.394304,0.55632,-3.66625,-1.18125,-1.33,-9.096001,-45.4,-29.144001,inter_set_rest,4,5.0,43744.0,47768.0,76393.0,103538.0,38798.0,54487.0,31792.0,56520.0,24272.0,18586.0
2026-05-06 15:51:26.617724,424060,1609504950116647,2550029177,-0.808128,0.394304,0.597312,-3.63125,-1.09375,-1.81125,-9.096001,-45.4,-29.144001,inter_set_rest,4,5.0,43744.0,47768.0,76393.0,103538.0,38798.0,54487.0,31792.0,56520.0,24272.0,18586.0
2026-05-06 15:51:26.626432,424061,1609504950125709,2550037888,-0.79056,0.40016,0.597312,-2.6425,-0.595,-2.21375,-8.792001,-44.672,-30.008001,inter_set_rest,4,5.0,43744.0,47768.0,76393.0,103538.0,38798.0,54487.0,31792.0,56520.0,24272.0,18586.0
2026-05-06 15:51:26.648910,424062,1609504950140205,2550052795,-0.796416,0.402112,0.593408,-1.4875,-0.63875,-2.51125,-8.56,-43.584003,-30.136002,inter_set_rest,4,5.0,43744.0,47768.0,76393.0,103538.0,38798.0,54487.0,31792.0,56520.0,24272.0,18586.0
2026-05-06 15:51:26.651401,424063,1609504950149142,2550061516,-0.796416,0.402112,0.593408,-0.8925,-0.63,-2.75625,-8.56,-43.584003,-30.136002,inter_set_rest,4,5.0,43744.0,47768.0,76393.0,103538.0,38798.0,54487.0,31792.0,56520.0,24272.0,18586.0
2026-05-06 15:51:26.679984,424074,1609504950163748,2550076566,-0.80032,0.40016,0.560224,-0.97125,-0.21875,-2.9225,-8.864,-43.728,-30.504002,inter_set_rest,4,5.0,43765.0,47764.0,76355.0,103565.0,38795.0,54475.0,31764.0,56539.0,24298.0,18608.0
2026-05-06 15:51:26.683110,424075,1609504950172753,2550085313,-0.80032,0.40016,0.560224,-1.60125,-0.35875,-2.82625,-8.864,-43.728,-30.504002,inter_set_rest,4,5.0,43765.0,47764.0,76355.0,103565.0,38795.0,54475.0,31764.0,56539.0,24298.0,18608.0
2026-05-06 15:51:26.685541,424076,1609504950181723,2550094042,-0.80032,0.402112,0.560224,-1.4,-0.9975,-2.695,-8.84,-46.36,-28.208002,inter_set_rest,4,5.0,43765.0,47764.0,76355.0,103565.0,38795.0,54475.0,31764.0,56539.0,24298.0,18608.0
2026-05-06 15:51:26.698565,424077,1609504950196266,2550107037,-0.80032,0.402112,0.560224,-1.435,-1.09375,-2.87875,-8.84,-46.36,-28.208002,inter_set_rest,4,5.0,43765.0,47764.0,76355.0,103565.0,38795.0,54475.0,31764.0,56539.0,24298.0,18608.0
2026-05-06 15:51:26.706220,424078,1609504950205446,2550117832,-0.792512,0.407968,0.5856,-1.00625,-1.37375,-2.9575,-8.848001,-44.152,-31.04,inter_set_rest,4,5.0,43765.0,47764.0,76355.0,103565.0,38795.0,54475.0,31764.0,56539.0,24298.0,18608.0
2026-05-06 15:51:26.719871,424079,1609504950220063,2550132820,-0.794464,0.407968,0.583648,-1.05875,-1.0675,-3.115,-8.864,-43.184002,-30.488,inter_set_rest,4,5.0,43765.0,47764.0,76355.0,103565.0,38795.0,54475.0,31764.0,56539.0,24298.0,18608.0
2026-05-06 15:51:26.730096,424080,1609504950228991,2550141556,-0.794464,0.407968,0.583648,-1.61,-1.3475,-2.96625,-8.864,-43.184002,-30.488,inter_set_rest,4,5.0,43765.0,47764.0,76355.0,103565.0,38795.0,54475.0,31764.0,56539.0,24298.0,18608.0
2026-05-06 15:51:26.738912,424081,1609504950238012,2550150286,-0.794464,0.402112,0.573888,-2.2575,-1.56625,-2.7475,-8.864,-43.184002,-28.880001,inter_set_rest,4,5.0,43765.0,47764.0,76355.0,103565.0,38795.0,54475.0,31764.0,56539.0,24298.0,18608.0
2026-05-06 15:51:26.762718,424082,1609504950252512,2550165209,-0.786656,0.402112,0.573888,-2.7475,-1.37375,-2.0475,-8.856,-44.800003,-28.880001,inter_set_rest,4,5.0,43765.0,47764.0,76355.0,103565.0,38795.0,54475.0,31764.0,56539.0,24298.0,18608.0
2026-05-06 15:51:26.817623,424094,1609504950261647,2550174165,-0.796416,0.406016,0.560224,-3.29875,-1.5925,-1.07625,-8.808001,-43.824,-30.384,inter_set_rest,4,5.0,43754.0,47728.0,76302.0,103545.0,38767.0,54446.0,31727.0,56493.0,24293.0,18587.0
2026-05-06 15:51:26.842723,424095,1609504950276182,2550187079,-0.796416,0.406016,0.560224,-4.1475,-1.33,-1.0325,-8.808001,-43.824,-30.384,inter_set_rest,4,5.0,43754.0,47728.0,76302.0,103545.0,38767.0,54446.0,31727.0,56493.0,24293.0,18587.0
2026-05-06 15:51:26.861579,424096,1609504950285642,2550197873,-0.798368,0.404064,0.550464,-4.26125,-1.4175,-1.18125,-9.024,-44.704002,-27.048,inter_set_rest,4,5.0,43754.0,47728.0,76302.0,103545.0,38767.0,54446.0,31727.0,56493.0,24293.0,18587.0
2026-05-06 15:51:26.864022,424097,1609504950294695,2550206636,-0.798368,0.404064,0.550464,-3.70125,-1.505,-1.33,-9.024,-44.704002,-27.048,inter_set_rest,4,5.0,43754.0,47728.0,76302.0,103545.0,38767.0,54446.0,31727.0,56493.0,24293.0,18587.0
2026-05-06 15:51:26.866578,424098,1609504950309297,2550221663,-0.788608,0.411872,0.593408,-3.535,-1.35625,-1.47875,-8.848001,-45.016003,-29.688002,inter_set_rest,4,5.0,43754.0,47728.0,76302.0,103545.0,38767.0,54446.0,31727.0,56493.0,24293.0,18587.0
2026-05-06 15:51:26.869048,424099,1609504950318245,2550230389,-0.788608,0.411872,0.573888,-3.0275,-1.225,-1.5575,-8.848001,-45.016003,-29.688002,inter_set_rest,4,5.0,43754.0,47728.0,76302.0,103545.0,38767.0,54446.0,31727.0,56493.0,24293.0,18587.0
2026-05-06 15:51:26.873076,424100,1609504950332736,2550245285,-0.808128,0.415776,0.573888,-2.6425,-0.98875,-2.17,-8.768001,-43.320004,-30.080002,inter_set_rest,4,5.0,43754.0,47728.0,76302.0,103545.0,38767.0,54446.0,31727.0,56493.0,24293.0,18587.0
2026-05-06 15:51:26.873606,424101,1609504950341666,2550253974,-0.788608,0.407968,0.573888,-2.135,-0.7,-1.98625,-8.792001,-43.112003,-30.336002,inter_set_rest,4,5.0,43754.0,47728.0,76302.0,103545.0,38767.0,54446.0,31727.0,56493.0,24293.0,18587.0
2026-05-06 15:51:26.879193,424102,1609504950356167,2550266956,-0.788608,0.407968,0.573888,-1.33,-0.32375,-2.70375,-8.792001,-43.112003,-30.336002,inter_set_rest,4,5.0,43754.0,47728.0,76302.0,103545.0,38767.0,54446.0,31727.0,56493.0,24293.0,18587.0
2026-05-06 15:51:26.903864,424113,1609504950365373,2550277815,-0.806176,0.411872,0.573888,-1.4875,-0.4375,-3.03625,-9.016001,-43.912003,-30.208002,inter_set_rest,4,5.0,43724.0,47719.0,76227.0,103510.0,38754.0,54443.0,31706.0,56502.0,24266.0,18587.0
2026-05-06 15:51:26.906439,424114,1609504950374477,2550286579,-0.806176,0.411872,0.573888,-1.82875,-0.25375,-3.045,-9.016001,-43.912003,-30.208002,inter_set_rest,4,5.0,43724.0,47719.0,76227.0,103510.0,38754.0,54443.0,31706.0,56502.0,24266.0,18587.0
2026-05-06 15:51:26.908939,424115,1609504950389200,2550301618,-0.792512,0.404064,0.552416,-2.09125,-0.3325,-2.9925,-8.784,-45.992,-29.408,inter_set_rest,4,5.0,43724.0,47719.0,76227.0,103510.0,38754.0,54443.0,31706.0,56502.0,24266.0,18587.0
2026-05-06 15:51:26.911418,424116,1609504950398193,2550310399,-0.792512,0.404064,0.552416,-2.6775,-0.58625,-2.84375,-8.784,-45.992,-29.408,inter_set_rest,4,5.0,43724.0,47719.0,76227.0,103510.0,38754.0,54443.0,31706.0,56502.0,24266.0,18587.0
2026-05-06 15:51:26.913826,424117,1609504950412737,2550325419,-0.782752,0.396256,0.571936,-3.3075,-0.65625,-2.94,-9.072001,-46.4,-29.152002,inter_set_rest,4,5.0,43724.0,47719.0,76227.0,103510.0,38754.0,54443.0,31706.0,56502.0,24266.0,18587.0
2026-05-06 15:51:26.922745,424118,1609504950421814,2550334136,-0.788608,0.396256,0.568032,-3.64875,-0.77875,-2.52,-8.976001,-44.904003,-29.240002,inter_set_rest,4,5.0,43724.0,47719.0,76227.0,103510.0,38754.0,54443.0,31706.0,56502.0,24266.0,18587.0
2026-05-06 15:51:26.931629,424119,1609504950430757,2550342867,-0.788608,0.396256,0.568032,-4.50625,-0.77875,-2.00375,-8.976001,-44.904003,-29.240002,inter_set_rest,4,5.0,43724.0,47719.0,76227.0,103510.0,38754.0,54443.0,31706.0,56502.0,24266.0,18587.0
2026-05-06 15:51:26.945100,424120,1609504950445273,2550357811,-0.806176,0.40016,0.55632,-4.71625,-1.21625,-1.63625,-9.112,-45.000004,-29.600002,inter_set_rest,4,5.0,43724.0,47719.0,76227.0,103510.0,38754.0,54443.0,31706.0,56502.0,24266.0,18587.0
2026-05-06 15:51:26.955225,424121,1609504950454188,2550366518,-0.806176,0.40016,0.55632,-5.0925,-1.295,-1.6625,-9.112,-45.000004,-29.600002,inter_set_rest,4,5.0,43724.0,47719.0,76227.0,103510.0,38754.0,54443.0,31706.0,56502.0,24266.0,18587.0
2026-05-06 15:51:26.982526,424132,1609504950468859,2550381581,-0.80032,0.406016,0.591456,-4.36625,-1.23375,-1.6975,-8.72,-43.888,-30.432001,inter_set_rest,4,5.0,43714.0,47723.0,76229.0,103540.0,38736.0,54434.0,31697.0,56507.0,24267.0,18590.0
2026-05-06 15:51:26.985069,424133,1609504950477893,2550390376,-0.80032,0.406016,0.591456,-3.75375,-1.12,-1.86375,-8.72,-43.888,-30.432001,inter_set_rest,4,5.0,43714.0,47723.0,76229.0,103540.0,38736.0,54434.0,31697.0,56507.0,24267.0,18590.0
2026-05-06 15:51:26.991423,424134,1609504950492520,2550403281,-0.788608,0.40016,0.601216,-2.7475,-0.6125,-2.3975,-9.024,-44.976,-29.344002,inter_set_rest,4,5.0,43714.0,47723.0,76229.0,103540.0,38736.0,54434.0,31697.0,56507.0,24267.0,18590.0
2026-05-06 15:51:27.007657,424135,1609504950501736,2550414139,-0.786656,0.402112,0.593408,-1.86375,-1.11125,-2.65125,-9.264001,-43.024002,-30.456001,inter_set_rest,4,5.0,43714.0,47723.0,76229.0,103540.0,38736.0,54434.0,31697.0,56507.0,24267.0,18590.0
2026-05-06 15:51:27.009967,424136,1609504950510665,2550422840,-0.786656,0.402112,0.593408,-0.93625,-1.26875,-2.84375,-9.264001,-43.024002,-30.456001,inter_set_rest,4,5.0,43714.0,47723.0,76229.0,103540.0,38736.0,54434.0,31697.0,56507.0,24267.0,18590.0
2026-05-06 15:51:27.043917,424137,1609504950525144,2550437806,-0.81008,0.40992,0.581696,-0.28,-1.05875,-3.01875,-9.232,-44.952003,-28.744001,inter_set_rest,4,5.0,43714.0,47723.0,76229.0,103540.0,38736.0,54434.0,31697.0,56507.0,24267.0,18590.0
2026-05-06 15:51:27.046557,424138,1609504950534068,2550446521,-0.81008,0.40992,0.581696,-0.53375,-0.84,-2.80875,-9.232,-44.952003,-28.744001,inter_set_rest,4,5.0,43714.0,47723.0,76229.0,103540.0,38736.0,54434.0,31697.0,56507.0,24267.0,18590.0
2026-05-06 15:51:27.049004,424139,1609504950548599,2550459457,-0.776896,0.404064,0.603168,-1.1375,-0.86625,-2.70375,-8.848001,-43.4,-30.584002,inter_set_rest,4,5.0,43714.0,47723.0,76229.0,103540.0,38736.0,54434.0,31697.0,56507.0,24267.0,18590.0
2026-05-06 15:51:27.082310,424150,1609504950558040,2550470320,-0.776896,0.404064,0.603168,-1.19875,-0.9975,-2.58125,-8.848001,-43.4,-30.584002,inter_set_rest,4,5.0,43604.0,47615.0,75956.0,103250.0,38618.0,54292.0,31567.0,56328.0,24194.0,18532.0
2026-05-06 15:51:27.084843,424151,1609504950567477,2550479126,-0.784704,0.398208,0.56608,-1.4525,-0.8575,-2.19625,-9.144,-43.56,-29.576002,inter_set_rest,4,5.0,43604.0,47615.0,75956.0,103250.0,38618.0,54292.0,31567.0,56328.0,24194.0,18532.0
2026-05-06 15:51:27.087299,424152,1609504950582050,2550494169,-0.80032,0.404064,0.542656,-2.66875,-0.97125,-1.88125,-8.952001,-44.960003,-29.984001,inter_set_rest,4,5.0,43604.0,47615.0,75956.0,103250.0,38618.0,54292.0,31567.0,56328.0,24194.0,18532.0
2026-05-06 15:51:27.089795,424153,1609504950591014,2550502896,-0.80032,0.404064,0.542656,-3.21125,-0.90125,-1.12,-8.952001,-44.960003,-29.984001,inter_set_rest,4,5.0,43604.0,47615.0,75956.0,103250.0,38618.0,54292.0,31567.0,56328.0,24194.0,18532.0
2026-05-06 15:51:27.125201,424154,1609504950605527,2550517855,-0.794464,0.411872,0.601216,-3.66625,-0.97125,-0.8575,-9.144,-44.384003,-28.968002,inter_set_rest,4,5.0,43604.0,47615.0,75956.0,103250.0,38618.0,54292.0,31567.0,56328.0,24194.0,18532.0
2026-05-06 15:51:27.127543,424155,1609504950614419,2550526536,-0.794464,0.411872,0.601216,-3.605,-0.8575,-1.0325,-9.144,-44.384003,-28.968002,inter_set_rest,4,5.0,43604.0,47615.0,75956.0,103250.0,38618.0,54292.0,31567.0,56328.0,24194.0,18532.0
2026-05-06 15:51:27.131551,424156,1609504950623335,2550535248,-0.776896,0.40016,0.597312,-3.465,-1.12,-1.2075,-9.072001,-43.000004,-30.032001,inter_set_rest,4,5.0,43604.0,47615.0,75956.0,103250.0,38618.0,54292.0,31567.0,56328.0,24194.0,18532.0
2026-05-06 15:51:27.137731,424157,1609504950638137,2550550299,-0.776896,0.40016,0.597312,-3.0275,-1.365,-1.54875,-9.072001,-43.000004,-30.032001,inter_set_rest,4,5.0,43604.0,47615.0,75956.0,103250.0,38618.0,54292.0,31567.0,56328.0,24194.0,18532.0
2026-05-06 15:51:27.154189,424158,1609504950647151,2550559164,-0.802272,0.40016,0.542656,-3.57875,-1.65375,-1.53125,-8.776,-43.408,-30.208002,inter_set_rest,4,5.0,43604.0,47615.0,75956.0,103250.0,38618.0,54292.0,31567.0,56328.0,24194.0,18532.0
2026-05-06 15:51:27.231379,424169,1609504950662302,2550574468,-0.794464,0.406016,0.589504,-3.6225,-1.56625,-1.5925,-9.048,-43.08,-30.456001,inter_set_rest,4,5.0,43542.0,47600.0,75911.0,103267.0,38544.0,54284.0,31522.0,56316.0,24178.0,18519.0
2026-05-06 15:51:27.233933,424170,1609504950671334,2550583417,-0.794464,0.406016,0.589504,-2.87875,-1.81125,-2.02125,-9.048,-43.08,-30.456001,inter_set_rest,4,5.0,43542.0,47600.0,75911.0,103267.0,38544.0,54284.0,31522.0,56316.0,24178.0,18519.0
2026-05-06 15:51:27.236500,424171,1609504950680250,2550592170,-0.794464,0.406016,0.589504,-1.98625,-1.89,-1.86375,-9.048,-43.08,-30.456001,inter_set_rest,4,5.0,43542.0,47600.0,75911.0,103267.0,38544.0,54284.0,31522.0,56316.0,24178.0,18519.0
2026-05-06 15:51:27.239003,424172,1609504950694771,2550607151,-0.80032,0.402112,0.558272,-0.95375,-1.8725,-1.68,-8.904,-43.344,-29.976002,inter_set_rest,4,5.0,43542.0,47600.0,75911.0,103267.0,38544.0,54284.0,31522.0,56316.0,24178.0,18519.0
2026-05-06 15:51:27.241493,424173,1609504950703757,2550615887,-0.778848,0.402112,0.583648,-0.93625,-1.68875,-1.35625,-9.064,-43.288002,-30.400002,inter_set_rest,4,5.0,43542.0,47600.0,75911.0,103267.0,38544.0,54284.0,31522.0,56316.0,24178.0,18519.0
2026-05-06 15:51:27.243834,424174,1609504950718245,2550630789,-0.778848,0.402112,0.583648,-2.6075,-1.5925,-0.9975,-9.064,-43.288002,-30.400002,inter_set_rest,4,5.0,43542.0,47600.0,75911.0,103267.0,38544.0,54284.0,31522.0,56316.0,24178.0,18519.0
2026-05-06 15:51:27.247021,424175,1609504950727352,2550639529,-0.794464,0.398208,0.54656,-2.73875,-1.855,-1.26875,-9.288,-47.288002,-28.104002,inter_set_rest,4,5.0,43542.0,47600.0,75911.0,103267.0,38544.0,54284.0,31522.0,56316.0,24178.0,18519.0
2026-05-06 15:51:27.248708,424176,1609504950736297,2550648293,-0.794464,0.398208,0.54656,-2.3275,-1.575,-1.3125,-9.288,-47.288002,-28.104002,inter_set_rest,4,5.0,43542.0,47600.0,75911.0,103267.0,38544.0,54284.0,31522.0,56316.0,24178.0,18519.0
2026-05-06 15:51:27.251574,424177,1609504950750907,2550663215,-0.788608,0.402112,0.571936,-2.73,-1.4,-1.25125,-8.904,-45.08,-29.256,inter_set_rest,4,5.0,43542.0,47600.0,75911.0,103267.0,38544.0,54284.0,31522.0,56316.0,24178.0,18519.0
2026-05-06 15:51:27.287677,424188,1609504950760254,2550672010,-0.788608,0.402112,0.571936,-2.8175,-1.37375,-1.225,-8.904,-45.08,-29.256,inter_set_rest,4,5.0,43562.0,47609.0,75833.0,103261.0,38571.0,54297.0,31515.0,56331.0,24167.0,18534.0
2026-05-06 15:51:27.290254,424189,1609504950774877,2550687117,-0.794464,0.40992,0.579744,-2.905,-1.51375,-1.37375,-9.120001,-44.528004,-29.504002,inter_set_rest,4,5.0,43562.0,47609.0,75833.0,103261.0,38571.0,54297.0,31515.0,56331.0,24167.0,18534.0
2026-05-06 15:51:27.292744,424190,1609504950783886,2550695836,-0.79056,0.404064,0.568032,-2.49375,-1.35625,-1.56625,-9.52,-45.216003,-30.36,inter_set_rest,4,5.0,43562.0,47609.0,75833.0,103261.0,38571.0,54297.0,31515.0,56331.0,24167.0,18534.0
2026-05-06 15:51:27.295191,424191,1609504950792985,2550704573,-0.79056,0.404064,0.568032,-1.5225,-1.365,-2.07375,-9.52,-45.216003,-30.36,inter_set_rest,4,5.0,43562.0,47609.0,75833.0,103261.0,38571.0,54297.0,31515.0,56331.0,24167.0,18534.0
2026-05-06 15:51:27.308952,424192,1609504950807537,2550719507,-0.80032,0.411872,0.573888,-0.81375,-1.05,-2.5375,-9.200001,-44.736004,-29.032001,inter_set_rest,4,5.0,43562.0,47609.0,75833.0,103261.0,38571.0,54297.0,31515.0,56331.0,24167.0,18534.0
2026-05-06 15:51:27.317757,424193,1609504950816613,2550728250,-0.80032,0.411872,0.573888,-1.25125,-0.98875,-1.95125,-9.200001,-44.736004,-29.032001,inter_set_rest,4,5.0,43562.0,47609.0,75833.0,103261.0,38571.0,54297.0,31515.0,56331.0,24167.0,18534.0
2026-05-06 15:51:27.331552,424194,1609504950831168,2550743148,-0.798368,0.413824,0.560224,-1.4525,-0.65625,-1.72375,-9.224,-43.248,-30.408,inter_set_rest,4,5.0,43562.0,47609.0,75833.0,103261.0,38571.0,54297.0,31515.0,56331.0,24167.0,18534.0
2026-05-06 15:51:27.341858,424195,1609504950840110,2550751923,-0.798368,0.413824,0.560224,-2.205,-0.76125,-1.5925,-9.224,-43.248,-30.408,inter_set_rest,4,5.0,43562.0,47609.0,75833.0,103261.0,38571.0,54297.0,31515.0,56331.0,24167.0,18534.0
2026-05-06 15:51:27.373854,424196,1609504950854632,2550766860,-0.786656,0.411872,0.573888,-2.5725,-0.95375,-1.6975,-9.368,-44.056004,-28.896002,inter_set_rest,4,5.0,43562.0,47609.0,75833.0,103261.0,38571.0,54297.0,31515.0,56331.0,24167.0,18534.0
2026-05-06 15:51:27.401459,424207,1609504950864049,2550775686,-0.798368,0.413824,0.550464,-2.3975,-1.3825,-1.68875,-9.304001,-43.576,-30.336002,inter_set_rest,4,5.0,43528.0,47588.0,75766.0,103184.0,38530.0,54266.0,31441.0,56280.0,24139.0,18519.0
2026-05-06 15:51:27.404038,424208,1609504950873127,2550784465,-0.798368,0.413824,0.550464,-2.205,-1.225,-1.5925,-9.304001,-43.576,-30.336002,inter_set_rest,4,5.0,43528.0,47588.0,75766.0,103184.0,38530.0,54266.0,31441.0,56280.0,24139.0,18519.0
2026-05-06 15:51:27.406540,424209,1609504950887748,2550799503,-0.794464,0.413824,0.564128,-3.115,-1.05,-1.5225,-9.400001,-43.456,-30.192001,inter_set_rest,4,5.0,43528.0,47588.0,75766.0,103184.0,38530.0,54266.0,31441.0,56280.0,24139.0,18519.0
2026-05-06 15:51:27.408972,424210,1609504950896766,2550808272,-0.794464,0.413824,0.564128,-2.4675,-0.8925,-1.4525,-9.400001,-43.456,-30.192001,inter_set_rest,4,5.0,43528.0,47588.0,75766.0,103184.0,38530.0,54266.0,31441.0,56280.0,24139.0,18519.0
2026-05-06 15:51:27.411484,424211,1609504950911270,2550823199,-0.776896,0.413824,0.5856,-2.4325,-0.46375,-1.77625,-9.52,-43.096,-30.160002,inter_set_rest,4,5.0,43528.0,47588.0,75766.0,103184.0,38530.0,54266.0,31441.0,56280.0,24139.0,18519.0
2026-05-06 15:51:27.420243,424212,1609504950920221,2550831932,-0.776896,0.413824,0.5856,-1.70625,-0.7525,-1.95125,-9.52,-43.096,-30.160002,inter_set_rest,4,5.0,43528.0,47588.0,75766.0,103184.0,38530.0,54266.0,31441.0,56280.0,24139.0,18519.0
2026-05-06 15:51:27.429018,424213,1609504950929204,2550840702,-0.784704,0.413824,0.55632,-1.295,-0.5425,-2.00375,-9.456,-43.4,-30.184002,inter_set_rest,4,5.0,43528.0,47588.0,75766.0,103184.0,38530.0,54266.0,31441.0,56280.0,24139.0,18519.0
2026-05-06 15:51:27.462612,424214,1609504950943707,2550855769,-0.788608,0.406016,0.550464,-1.40875,-0.21875,-2.1175,-9.320001,-43.272003,-28.216002,inter_set_rest,4,5.0,43528.0,47588.0,75766.0,103184.0,38530.0,54266.0,31441.0,56280.0,24139.0,18519.0
2026-05-06 15:51:27.465019,424215,1609504950952630,2550864485,-0.788608,0.406016,0.550464,-2.28375,-0.105,-1.81125,-9.320001,-43.272003,-28.216002,inter_set_rest,4,5.0,43528.0,47588.0,75766.0,103184.0,38530.0,54266.0,31441.0,56280.0,24139.0,18519.0
2026-05-06 15:51:27.496521,424226,1609504950967343,2550879688,-0.772992,0.40992,0.581696,-2.65125,0.14,-1.70625,-9.264001,-43.4,-30.352001,inter_set_rest,4,5.0,43500.0,47573.0,75725.0,103106.0,38487.0,54239.0,31422.0,56240.0,24119.0,18535.0
2026-05-06 15:51:27.498725,424227,1609504950976348,2550888494,-0.772992,0.40992,0.581696,-3.5875,0.11375,-1.61875,-9.264001,-43.4,-30.352001,inter_set_rest,4,5.0,43500.0,47573.0,75725.0,103106.0,38487.0,54239.0,31422.0,56240.0,24119.0,18535.0
2026-05-06 15:51:27.501277,424228,1609504950985304,2550897236,-0.778848,0.407968,0.568032,-2.6425,0.25375,-2.03,-9.360001,-45.032,-28.528002,inter_set_rest,4,5.0,43500.0,47573.0,75725.0,103106.0,38487.0,54239.0,31422.0,56240.0,24119.0,18535.0
2026-05-06 15:51:27.503901,424229,1609504950999945,2550912169,-0.778848,0.407968,0.568032,-1.63625,0.09625,-2.555,-9.360001,-45.032,-28.528002,inter_set_rest,4,5.0,43500.0,47573.0,75725.0,103106.0,38487.0,54239.0,31422.0,56240.0,24119.0,18535.0
2026-05-06 15:51:27.509959,424230,1609504951008990,2550920896,-0.794464,0.407968,0.542656,-1.6975,0.18375,-2.79125,-9.376,-45.048,-28.368002,inter_set_rest,4,5.0,43500.0,47573.0,75725.0,103106.0,38487.0,54239.0,31422.0,56240.0,24119.0,18535.0
2026-05-06 15:51:27.523960,424231,1609504951023493,2550935908,-0.794464,0.407968,0.564128,-2.2225,0.44625,-2.84375,-9.376,-45.048,-28.368002,inter_set_rest,4,5.0,43500.0,47573.0,75725.0,103106.0,38487.0,54239.0,31422.0,56240.0,24119.0,18535.0
2026-05-06 15:51:27.552582,424232,1609504951032459,2550944622,-0.786656,0.402112,0.564128,-2.63375,-0.04375,-2.835,-9.536,-44.808002,-28.616001,inter_set_rest,4,5.0,43500.0,47573.0,75725.0,103106.0,38487.0,54239.0,31422.0,56240.0,24119.0,18535.0
2026-05-06 15:51:27.580283,424233,1609504951046930,2550959642,-0.776896,0.404064,0.593408,-2.54625,-0.4725,-2.17875,-9.608001,-42.856003,-30.36,inter_set_rest,4,5.0,43500.0,47573.0,75725.0,103106.0,38487.0,54239.0,31422.0,56240.0,24119.0,18535.0
2026-05-06 15:51:27.582755,424234,1609504951055846,2550968347,-0.776896,0.404064,0.593408,-2.5025,-0.4375,-2.625,-9.608001,-42.856003,-30.36,inter_set_rest,4,5.0,43500.0,47573.0,75725.0,103106.0,38487.0,54239.0,31422.0,56240.0,24119.0,18535.0
2026-05-06 15:51:27.610325,424245,1609504951065408,2550977172,-0.794464,0.407968,0.548512,-1.49625,-0.6125,-3.1675,-9.464001,-43.384003,-31.072002,inter_set_rest,4,5.0,43488.0,47533.0,75718.0,103049.0,38506.0,54266.0,31449.0,56204.0,24130.0,18516.0
2026-05-06 15:51:27.612727,424246,1609504951080072,2550992194,-0.794464,0.407968,0.548512,-1.6275,-0.81375,-3.115,-9.464001,-43.384003,-31.072002,inter_set_rest,4,5.0,43488.0,47533.0,75718.0,103049.0,38506.0,54266.0,31449.0,56204.0,24130.0,18516.0
2026-05-06 15:51:27.615280,424247,1609504951089075,2551000909,-0.784704,0.407968,0.56608,-1.96,-0.69125,-2.75625,-9.672001,-43.352,-30.192001,inter_set_rest,4,5.0,43488.0,47533.0,75718.0,103049.0,38506.0,54266.0,31449.0,56204.0,24130.0,18516.0
2026-05-06 15:51:27.617748,424248,1609504951103716,2551016039,-0.784704,0.407968,0.56608,-1.785,-0.5425,-2.94,-9.672001,-43.352,-30.192001,inter_set_rest,4,5.0,43488.0,47533.0,75718.0,103049.0,38506.0,54266.0,31449.0,56204.0,24130.0,18516.0
2026-05-06 15:51:27.623816,424249,1609504951112678,2551024794,-0.794464,0.411872,0.581696,-1.18125,-0.21875,-3.59625,-9.624001,-44.568,-29.016,inter_set_rest,4,5.0,43488.0,47533.0,75718.0,103049.0,38506.0,54266.0,31449.0,56204.0,24130.0,18516.0
2026-05-06 15:51:27.624196,424250,1609504951121628,2551033503,-0.794464,0.411872,0.581696,-1.295,-0.595,-3.675,-9.624001,-44.568,-29.016,inter_set_rest,4,5.0,43488.0,47533.0,75718.0,103049.0,38506.0,54266.0,31449.0,56204.0,24130.0,18516.0
2026-05-06 15:51:27.656422,424251,1609504951136110,2551048424,-0.788608,0.406016,0.583648,-1.4,-0.67375,-3.22875,-9.504001,-44.968002,-29.208002,inter_set_rest,4,5.0,43488.0,47533.0,75718.0,103049.0,38506.0,54266.0,31449.0,56204.0,24130.0,18516.0
2026-05-06 15:51:27.658864,424252,1609504951145076,2551057192,-0.784704,0.40992,0.589504,-1.645,-0.25375,-2.485,-9.360001,-42.976,-31.960001,inter_set_rest,4,5.0,43488.0,47533.0,75718.0,103049.0,38506.0,54266.0,31449.0,56204.0,24130.0,18516.0
2026-05-06 15:51:27.661402,424253,1609504951159638,2551072132,-0.784704,0.40992,0.589504,-2.7475,-0.88375,-1.75875,-9.360001,-42.976,-31.960001,inter_set_rest,4,5.0,43488.0,47533.0,75718.0,103049.0,38506.0,54266.0,31449.0,56204.0,24130.0,18516.0
2026-05-06 15:51:27.691592,424264,1609504951168749,2551080918,-0.786656,0.404064,0.560224,-2.9225,-0.60375,-1.35625,-9.336,-43.312,-30.384,inter_set_rest,4,5.0,43409.0,47453.0,75561.0,102804.0,38362.0,54092.0,31320.0,56040.0,24045.0,18438.0
2026-05-06 15:51:27.693828,424265,1609504951177920,2551089801,-0.786656,0.404064,0.560224,-3.325,0.105,-1.1375,-9.336,-43.312,-30.384,inter_set_rest,4,5.0,43409.0,47453.0,75561.0,102804.0,38362.0,54092.0,31320.0,56040.0,24045.0,18438.0
2026-05-06 15:51:27.696554,424266,1609504951192542,2551104731,-0.80032,0.421632,0.56608,-3.05375,0.32375,-0.7525,-9.472,-43.136,-30.392002,inter_set_rest,4,5.0,43409.0,47453.0,75561.0,102804.0,38362.0,54092.0,31320.0,56040.0,24045.0,18438.0
2026-05-06 15:51:27.702754,424267,1609504951201528,2551113449,-0.80032,0.421632,0.56608,-2.54625,-0.18375,-0.8225,-9.472,-43.136,-30.392002,inter_set_rest,4,5.0,43409.0,47453.0,75561.0,102804.0,38362.0,54092.0,31320.0,56040.0,24045.0,18438.0
2026-05-06 15:51:27.736442,424268,1609504951216066,2551128349,-0.792512,0.421632,0.60512,-2.0825,-0.0875,-1.54,-9.544001,-43.248,-30.536001,inter_set_rest,4,5.0,43409.0,47453.0,75561.0,102804.0,38362.0,54092.0,31320.0,56040.0,24045.0,18438.0
2026-05-06 15:51:27.738867,424269,1609504951224991,2551137064,-0.792512,0.421632,0.587552,-0.77875,-0.35875,-2.275,-9.544001,-43.248,-30.536001,inter_set_rest,4,5.0,43409.0,47453.0,75561.0,102804.0,38362.0,54092.0,31320.0,56040.0,24045.0,18438.0
2026-05-06 15:51:27.766522,424270,1609504951239531,2551151962,-0.782752,0.415776,0.587552,0.34125,-0.21875,-2.87875,-9.240001,-43.056004,-30.096,inter_set_rest,4,5.0,43409.0,47453.0,75561.0,102804.0,38362.0,54092.0,31320.0,56040.0,24045.0,18438.0
2026-05-06 15:51:27.768989,424271,1609504951248506,2551160692,-0.763232,0.41968,0.603168,0.98,-0.27125,-3.07125,-9.6,-43.08,-30.472002,inter_set_rest,4,5.0,43409.0,47453.0,75561.0,102804.0,38362.0,54092.0,31320.0,56040.0,24045.0,18438.0
2026-05-06 15:51:27.771625,424272,1609504951257442,2551169390,-0.763232,0.41968,0.603168,-0.58625,-0.525,-2.47625,-9.6,-43.08,-30.472002,inter_set_rest,4,5.0,43409.0,47453.0,75561.0,102804.0,38362.0,54092.0,31320.0,56040.0,24045.0,18438.0
2026-05-06 15:51:27.801524,424283,1609504951272001,2551184415,-0.774944,0.41968,0.593408,-0.98,-0.60375,-2.73875,-9.392,-43.576,-30.248001,inter_set_rest,4,5.0,43378.0,47456.0,75541.0,102744.0,38343.0,54072.0,31323.0,56005.0,24021.0,18434.0
2026-05-06 15:51:27.806231,424284,1609504951281089,2551193173,-0.774944,0.41968,0.593408,-1.4525,-0.7175,-3.56125,-9.392,-43.576,-30.248001,inter_set_rest,4,5.0,43378.0,47456.0,75541.0,102744.0,38343.0,54072.0,31323.0,56005.0,24021.0,18434.0
2026-05-06 15:51:27.806712,424285,1609504951295681,2551208139,-0.7808,0.417728,0.5856,-2.49375,-0.83125,-3.43875,-9.792001,-44.992,-29.048002,inter_set_rest,4,5.0,43378.0,47456.0,75541.0,102744.0,38343.0,54072.0,31323.0,56005.0,24021.0,18434.0
2026-05-06 15:51:27.808760,424286,1609504951304667,2551216842,-0.7808,0.417728,0.5856,-2.5725,-0.90125,-3.2725,-9.792001,-44.992,-29.048002,inter_set_rest,4,5.0,43378.0,47456.0,75541.0,102744.0,38343.0,54072.0,31323.0,56005.0,24021.0,18434.0
2026-05-06 15:51:27.814142,424287,1609504951313694,2551225598,-0.772992,0.40992,0.609024,-3.08875,-1.00625,-3.9025,-9.912001,-45.112003,-28.856,inter_set_rest,4,5.0,43378.0,47456.0,75541.0,102744.0,38343.0,54072.0,31323.0,56005.0,24021.0,18434.0
2026-05-06 15:51:27.846494,424288,1609504951328287,2551240575,-0.788608,0.404064,0.558272,-2.86125,-1.40875,-3.99,-9.872001,-43.096,-30.312002,inter_set_rest,4,5.0,43378.0,47456.0,75541.0,102744.0,38343.0,54072.0,31323.0,56005.0,24021.0,18434.0
2026-05-06 15:51:27.848982,424289,1609504951337309,2551249273,-0.788608,0.404064,0.558272,-3.045,-0.98,-3.66625,-9.872001,-43.096,-30.312002,inter_set_rest,4,5.0,43378.0,47456.0,75541.0,102744.0,38343.0,54072.0,31323.0,56005.0,24021.0,18434.0
2026-05-06 15:51:27.852661,424290,1609504951351813,2551264217,-0.798368,0.407968,0.573888,-2.8,-1.26875,-3.36875,-9.592,-43.088,-30.376001,inter_set_rest,4,5.0,43378.0,47456.0,75541.0,102744.0,38343.0,54072.0,31323.0,56005.0,24021.0,18434.0
2026-05-06 15:51:27.861526,424291,1609504951360739,2551272972,-0.798368,0.407968,0.573888,-2.975,-0.98,-2.98375,-9.592,-43.088,-30.376001,inter_set_rest,4,5.0,43378.0,47456.0,75541.0,102744.0,38343.0,54072.0,31323.0,56005.0,24021.0,18434.0
2026-05-06 15:51:27.891574,424302,1609504951375372,2551288153,-0.784704,0.398208,0.573888,-2.47625,-0.72625,-2.93125,-9.808001,-45.384003,-30.056002,inter_set_rest,4,5.0,43350.0,47410.0,75574.0,102738.0,38322.0,54054.0,31330.0,56021.0,24015.0,18419.0
2026-05-06 15:51:27.893973,424303,1609504951384328,2551296911,-0.784704,0.398208,0.573888,-2.16125,-0.81375,-2.9225,-9.808001,-45.384003,-30.056002,inter_set_rest,4,5.0,43350.0,47410.0,75574.0,102738.0,38322.0,54054.0,31330.0,56021.0,24015.0,18419.0
2026-05-06 15:51:27.918730,424304,1609504951393418,2551305647,-0.788608,0.407968,0.599264,-2.275,-0.69125,-2.37125,-9.84,-46.784,-27.048,inter_set_rest,4,5.0,43350.0,47410.0,75574.0,102738.0,38322.0,54054.0,31330.0,56021.0,24015.0,18419.0
2026-05-06 15:51:27.943826,424305,1609504951408088,2551320592,-0.798368,0.413824,0.562176,-2.38,-0.60375,-1.6275,-9.728001,-43.384003,-30.448002,inter_set_rest,4,5.0,43350.0,47410.0,75574.0,102738.0,38322.0,54054.0,31330.0,56021.0,24015.0,18419.0
2026-05-06 15:51:27.953988,424306,1609504951416991,2551329285,-0.798368,0.413824,0.562176,-2.47625,-0.3325,-1.26875,-9.728001,-43.384003,-30.448002,inter_set_rest,4,5.0,43350.0,47410.0,75574.0,102738.0,38322.0,54054.0,31330.0,56021.0,24015.0,18419.0
2026-05-06 15:51:27.956557,424307,1609504951431625,2551344350,-0.778848,0.413824,0.599264,-1.93375,-0.525,-1.5225,-9.96,-44.568,-29.368002,inter_set_rest,4,5.0,43350.0,47410.0,75574.0,102738.0,38322.0,54054.0,31330.0,56021.0,24015.0,18419.0
2026-05-06 15:51:27.959079,424308,1609504951440594,2551353081,-0.778848,0.413824,0.599264,-1.3475,-0.5425,-1.365,-9.96,-44.568,-29.368002,inter_set_rest,4,5.0,43350.0,47410.0,75574.0,102738.0,38322.0,54054.0,31330.0,56021.0,24015.0,18419.0
2026-05-06 15:51:27.961531,424309,1609504951449586,2551361796,-0.794464,0.41968,0.562176,-1.51375,-0.4725,-1.49625,-9.584001,-42.904003,-30.344002,inter_set_rest,4,5.0,43350.0,47410.0,75574.0,102738.0,38322.0,54054.0,31330.0,56021.0,24015.0,18419.0
2026-05-06 15:51:27.992783,424320,1609504951464147,2551376917,-0.794464,0.41968,0.562176,-1.4175,-0.28875,-1.81125,-9.584001,-42.904003,-30.344002,inter_set_rest,4,5.0,43293.0,47369.0,75536.0,102682.0,38280.0,53993.0,31324.0,55986.0,24003.0,18404.0
2026-05-06 15:51:27.995097,424321,1609504951473167,2551385747,-0.767136,0.404064,0.581696,-1.365,-0.56875,-2.1,-9.816001,-44.256,-30.632002,inter_set_rest,4,5.0,43293.0,47369.0,75536.0,102682.0,38280.0,53993.0,31324.0,55986.0,24003.0,18404.0
2026-05-06 15:51:27.999977,424322,1609504951487708,2551398714,-0.774944,0.413824,0.587552,-2.49375,-0.5425,-1.96,-9.76,-44.000004,-30.752,inter_set_rest,4,5.0,43293.0,47369.0,75536.0,102682.0,38280.0,53993.0,31324.0,55986.0,24003.0,18404.0
2026-05-06 15:51:28.000502,424323,1609504951497196,2551409488,-0.774944,0.413824,0.587552,-3.815,-0.13125,-1.65375,-9.76,-44.000004,-30.752,inter_set_rest,4,5.0,43293.0,47369.0,75536.0,102682.0,38280.0,53993.0,31324.0,55986.0,24003.0,18404.0
2026-05-06 15:51:28.010236,424324,1609504951506208,2551418242,-0.774944,0.413824,0.587552,-4.2175,-0.14875,-1.89875,-9.76,-44.000004,-30.752,inter_set_rest,4,5.0,43293.0,47369.0,75536.0,102682.0,38280.0,53993.0,31324.0,55986.0,24003.0,18404.0
2026-05-06 15:51:28.040110,424325,1609504951520862,2551433281,-0.765184,0.40992,0.597312,-4.0075,-0.37625,-2.54625,-9.6,-45.152,-28.344002,inter_set_rest,4,5.0,43293.0,47369.0,75536.0,102682.0,38280.0,53993.0,31324.0,55986.0,24003.0,18404.0
2026-05-06 15:51:28.042995,424326,1609504951529799,2551441982,-0.778848,0.413824,0.603168,-3.36,-0.48125,-2.86125,-9.568001,-44.68,-29.304,inter_set_rest,4,5.0,43293.0,47369.0,75536.0,102682.0,38280.0,53993.0,31324.0,55986.0,24003.0,18404.0
2026-05-06 15:51:28.045127,424327,1609504951544291,2551456861,-0.778848,0.413824,0.603168,-2.87,-0.4375,-3.26375,-9.568001,-44.68,-29.304,inter_set_rest,4,5.0,43293.0,47369.0,75536.0,102682.0,38280.0,53993.0,31324.0,55986.0,24003.0,18404.0
2026-05-06 15:51:28.054024,424328,1609504951553247,2551465631,-0.794464,0.40992,0.550464,-1.47,-0.63,-3.17625,-9.56,-46.528004,-29.144001,inter_set_rest,4,5.0,43293.0,47369.0,75536.0,102682.0,38280.0,53993.0,31324.0,55986.0,24003.0,18404.0
2026-05-06 15:51:28.087717,424339,1609504951568230,2551480625,-0.794464,0.411872,0.540704,1.93375,-0.65625,-3.80625,-9.56,-43.648003,-28.776001,inter_set_rest,4,5.0,43232.0,47288.0,75519.0,102708.0,38245.0,53944.0,31317.0,55994.0,23998.0,18397.0
2026-05-06 15:51:28.093824,424340,1609504951577226,2551489363,-0.794464,0.411872,0.540704,1.82,-0.76125,-3.71875,-9.488001,-43.648003,-28.776001,inter_set_rest,4,5.0,43232.0,47288.0,75519.0,102708.0,38245.0,53944.0,31317.0,55994.0,23998.0,18397.0
2026-05-06 15:51:28.096308,424341,1609504951586348,2551498096,-0.794464,0.411872,0.540704,-1.8025,-0.48125,-2.7125,-9.488001,-43.648003,-28.776001,inter_set_rest,4,5.0,43232.0,47288.0,75519.0,102708.0,38245.0,53944.0,31317.0,55994.0,23998.0,18397.0
2026-05-06 15:51:28.103836,424342,1609504951601014,2551513121,-0.77104,0.404064,0.587552,-1.435,-0.72625,-2.8,-9.712001,-45.216003,-31.432001,inter_set_rest,4,5.0,43232.0,47288.0,75519.0,102708.0,38245.0,53944.0,31317.0,55994.0,23998.0,18397.0
2026-05-06 15:51:28.111329,424343,1609504951609969,2551521859,-0.784704,0.40992,0.60512,-0.83125,-0.41125,-2.765,-9.608001,-43.288002,-28.312002,inter_set_rest,4,5.0,43232.0,47288.0,75519.0,102708.0,38245.0,53944.0,31317.0,55994.0,23998.0,18397.0
2026-05-06 15:51:28.127447,424344,1609504951624471,2551536792,-0.784704,0.40992,0.60512,0.455,-0.67375,-2.5725,-9.608001,-43.288002,-28.312002,inter_set_rest,4,5.0,43232.0,47288.0,75519.0,102708.0,38245.0,53944.0,31317.0,55994.0,23998.0,18397.0
2026-05-06 15:51:28.133943,424345,1609504951633414,2551545507,-0.792512,0.417728,0.571936,1.3825,-0.97125,-2.205,-9.68,-43.656002,-30.208002,inter_set_rest,4,5.0,43232.0,47288.0,75519.0,102708.0,38245.0,53944.0,31317.0,55994.0,23998.0,18397.0
2026-05-06 15:51:28.142703,424346,1609504951642362,2551554207,-0.792512,0.417728,0.571936,-1.5575,-0.51625,-1.6625,-9.68,-43.656002,-30.208002,inter_set_rest,4,5.0,43232.0,47288.0,75519.0,102708.0,38245.0,53944.0,31317.0,55994.0,23998.0,18397.0
2026-05-06 15:51:28.176590,424347,1609504951656835,2551569120,-0.786656,0.40016,0.560224,-2.07375,-0.60375,-1.9075,-9.576,-43.144,-30.528002,inter_set_rest,4,5.0,43232.0,47288.0,75519.0,102708.0,38245.0,53944.0,31317.0,55994.0,23998.0,18397.0
2026-05-06 15:51:28.207311,424358,1609504951666325,2551578131,-0.786656,0.40016,0.560224,-2.02125,-0.35,-2.51125,-9.576,-43.144,-30.528002,inter_set_rest,4,5.0,43216.0,47299.0,75514.0,102738.0,38260.0,53983.0,31295.0,56021.0,23981.0,18412.0
2026-05-06 15:51:28.209756,424359,1609504951681146,2551593090,-0.784704,0.41968,0.599264,-0.91,-0.595,-2.31875,-9.64,-43.896004,-31.184002,inter_set_rest,4,5.0,43216.0,47299.0,75514.0,102738.0,38260.0,53983.0,31295.0,56021.0,23981.0,18412.0
2026-05-06 15:51:28.212397,424360,1609504951690319,2551601859,-0.772992,0.413824,0.581696,0.2975,-0.49,-2.59875,-9.792001,-46.264004,-28.576002,inter_set_rest,4,5.0,43216.0,47299.0,75514.0,102738.0,38260.0,53983.0,31295.0,56021.0,23981.0,18412.0
2026-05-06 15:51:28.214708,424361,1609504951699261,2551610576,-0.772992,0.413824,0.581696,0.6125,-0.23625,-3.17625,-9.792001,-46.264004,-28.576002,inter_set_rest,4,5.0,43216.0,47299.0,75514.0,102738.0,38260.0,53983.0,31295.0,56021.0,23981.0,18412.0
2026-05-06 15:51:28.217354,424362,1609504951713776,2551625556,-0.755424,0.402112,0.577792,0.88375,-0.27125,-3.9375,-9.864,-43.432003,-30.624,inter_set_rest,4,5.0,43216.0,47299.0,75514.0,102738.0,38260.0,53983.0,31295.0,56021.0,23981.0,18412.0
2026-05-06 15:51:28.221445,424363,1609504951722763,2551634308,-0.755424,0.402112,0.577792,0.91,0.0525,-4.0775,-9.864,-43.432003,-30.624,inter_set_rest,4,5.0,43216.0,47299.0,75514.0,102738.0,38260.0,53983.0,31295.0,56021.0,23981.0,18412.0
2026-05-06 15:51:28.255157,424364,1609504951737255,2551649222,-0.79056,0.41968,0.55632,0.90125,0.25375,-3.815,-9.544001,-45.536003,-29.328001,inter_set_rest,4,5.0,43216.0,47299.0,75514.0,102738.0,38260.0,53983.0,31295.0,56021.0,23981.0,18412.0
2026-05-06 15:51:28.257742,424365,1609504951746205,2551657913,-0.79056,0.41968,0.55632,0.48125,0.14,-3.78,-9.544001,-45.536003,-29.328001,inter_set_rest,4,5.0,43216.0,47299.0,75514.0,102738.0,38260.0,53983.0,31295.0,56021.0,23981.0,18412.0
2026-05-06 15:51:28.260225,424366,1609504951755124,2551666616,-0.79056,0.41968,0.542656,0.13125,0.0875,-3.99875,-9.664001,-43.904003,-30.616001,inter_set_rest,4,5.0,43216.0,47299.0,75514.0,102738.0,38260.0,53983.0,31295.0,56021.0,23981.0,18412.0
2026-05-06 15:51:28.352578,424377,1609504951769950,2551681661,-0.798368,0.423584,0.548512,-0.34125,0.46375,-4.01625,-9.608001,-44.952003,-29.472002,inter_set_rest,4,5.0,43180.0,47211.0,75367.0,102423.0,38163.0,53826.0,31207.0,55850.0,23910.0,18301.0
2026-05-06 15:51:28.354918,424378,1609504951779020,2551690393,-0.798368,0.423584,0.548512,-0.93625,0.93625,-4.33125,-9.608001,-44.952003,-29.472002,inter_set_rest,4,5.0,43180.0,47211.0,75367.0,102423.0,38163.0,53826.0,31207.0,55850.0,23910.0,18301.0
2026-05-06 15:51:28.357639,424379,1609504951793559,2551705361,-0.772992,0.421632,0.599264,-1.5225,1.4875,-4.06,-9.744,-43.376003,-30.720001,inter_set_rest,4,5.0,43180.0,47211.0,75367.0,102423.0,38163.0,53826.0,31207.0,55850.0,23910.0,18301.0
2026-05-06 15:51:28.361754,424380,1609504951802478,2551714045,-0.772992,0.421632,0.599264,-1.35625,2.24,-4.0075,-9.744,-43.376003,-30.720001,inter_set_rest,4,5.0,43180.0,47211.0,75367.0,102423.0,38163.0,53826.0,31207.0,55850.0,23910.0,18301.0
2026-05-06 15:51:28.362455,424381,1609504951816980,2551729029,-0.786656,0.423584,0.591456,-0.67375,3.43,-3.91125,-9.592,-43.512,-30.352001,inter_set_rest,4,5.0,43180.0,47211.0,75367.0,102423.0,38163.0,53826.0,31207.0,55850.0,23910.0,18301.0
2026-05-06 15:51:28.368589,424382,1609504951825916,2551737751,-0.786656,0.423584,0.591456,0.07,3.71,-4.12125,-9.592,-43.512,-30.352001,inter_set_rest,4,5.0,43180.0,47211.0,75367.0,102423.0,38163.0,53826.0,31207.0,55850.0,23910.0,18301.0
2026-05-06 15:51:28.368677,424383,1609504951834863,2551746436,-0.79056,0.41968,0.581696,0.32375,3.52625,-3.84125,-9.408,-43.448,-30.184002,inter_set_rest,4,5.0,43180.0,47211.0,75367.0,102423.0,38163.0,53826.0,31207.0,55850.0,23910.0,18301.0
2026-05-06 15:51:28.371131,424384,1609504951849375,2551761417,-0.79056,0.41968,0.581696,-0.51625,3.40375,-3.54375,-9.408,-43.448,-30.184002,inter_set_rest,4,5.0,43180.0,47211.0,75367.0,102423.0,38163.0,53826.0,31207.0,55850.0,23910.0,18301.0
2026-05-06 15:51:28.372299,424385,1609504951858359,2551770231,-0.776896,0.40992,0.571936,-1.6275,3.5175,-3.2375,-9.352,-46.512,-28.512001,inter_set_rest,4,5.0,43180.0,47211.0,75367.0,102423.0,38163.0,53826.0,31207.0,55850.0,23910.0,18301.0
2026-05-06 15:51:28.427600,424396,1609504951873070,2551785587,-0.796416,0.415776,0.57584,-2.80875,3.54375,-2.75625,-9.584001,-47.488003,-28.080002,inter_set_rest,4,5.0,43208.0,47212.0,75431.0,102301.0,38190.0,53814.0,31278.0,55776.0,23934.0,18297.0
2026-05-06 15:51:28.430267,424397,1609504951882043,2551794345,-0.796416,0.415776,0.57584,-3.1325,2.37125,-2.98375,-9.584001,-47.488003,-28.080002,inter_set_rest,4,5.0,43208.0,47212.0,75431.0,102301.0,38190.0,53814.0,31278.0,55776.0,23934.0,18297.0
2026-05-06 15:51:28.432742,424398,1609504951891157,2551803049,-0.80032,0.40992,0.550464,-3.40375,2.40625,-2.70375,-9.608001,-43.432003,-28.04,inter_set_rest,4,5.0,43208.0,47212.0,75431.0,102301.0,38190.0,53814.0,31278.0,55776.0,23934.0,18297.0
2026-05-06 15:51:28.439037,424399,1609504951905646,2551817979,-0.80032,0.40992,0.550464,-3.38625,1.47875,-2.45875,-9.608001,-43.432003,-28.04,inter_set_rest,4,5.0,43208.0,47212.0,75431.0,102301.0,38190.0,53814.0,31278.0,55776.0,23934.0,18297.0
2026-05-06 15:51:28.441593,424400,1609504951914708,2551826700,-0.7808,0.40992,0.579744,-2.24875,0.98875,-2.065,-9.336,-43.584003,-30.632002,inter_set_rest,4,5.0,43208.0,47212.0,75431.0,102301.0,38190.0,53814.0,31278.0,55776.0,23934.0,18297.0
2026-05-06 15:51:28.443985,424401,1609504951929282,2551841646,-0.7808,0.40992,0.579744,-1.93375,0.55125,-2.1525,-9.336,-43.584003,-30.632002,inter_set_rest,4,5.0,43208.0,47212.0,75431.0,102301.0,38190.0,53814.0,31278.0,55776.0,23934.0,18297.0
2026-05-06 15:51:28.446576,424402,1609504951938212,2551850364,-0.794464,0.40992,0.542656,-2.1875,-0.2975,-2.45,-9.368,-45.04,-30.944002,inter_set_rest,4,5.0,43208.0,47212.0,75431.0,102301.0,38190.0,53814.0,31278.0,55776.0,23934.0,18297.0
2026-05-06 15:51:28.456208,424403,1609504951952681,2551865304,-0.79056,0.40992,0.569984,-2.44125,-0.56,-2.4325,-9.64,-45.184002,-29.696001,inter_set_rest,4,5.0,43208.0,47212.0,75431.0,102301.0,38190.0,53814.0,31278.0,55776.0,23934.0,18297.0
2026-05-06 15:51:28.463138,424404,1609504951961692,2551874103,-0.79056,0.40992,0.569984,-3.0975,-0.56875,-2.24,-9.64,-45.184002,-29.696001,inter_set_rest,4,5.0,43208.0,47212.0,75431.0,102301.0,38190.0,53814.0,31278.0,55776.0,23934.0,18297.0
2026-05-06 15:51:28.489868,424415,1609504951970830,2551882886,-0.79056,0.404064,0.568032,-3.325,-0.91,-1.9775,-9.64,-45.184002,-31.744001,inter_set_rest,4,5.0,43218.0,47190.0,75565.0,102386.0,38200.0,53793.0,31316.0,55826.0,23932.0,18268.0
2026-05-06 15:51:28.492286,424416,1609504951985437,2551897833,-0.786656,0.404064,0.568032,-3.00125,-0.84875,-2.1525,-9.328,-43.920002,-30.800001,inter_set_rest,4,5.0,43218.0,47190.0,75565.0,102386.0,38200.0,53793.0,31316.0,55826.0,23932.0,18268.0
2026-05-06 15:51:28.494742,424417,1609504951994368,2551906633,-0.798368,0.413824,0.571936,-3.535,-0.9975,-2.1175,-9.368,-44.696003,-30.616001,inter_set_rest,4,5.0,43218.0,47190.0,75565.0,102386.0,38200.0,53793.0,31316.0,55826.0,23932.0,18268.0
2026-05-06 15:51:28.508916,424418,1609504952008880,2551921553,-0.798368,0.413824,0.571936,-3.31625,-0.79625,-2.135,-9.368,-44.696003,-30.616001,inter_set_rest,4,5.0,43218.0,47190.0,75565.0,102386.0,38200.0,53793.0,31316.0,55826.0,23932.0,18268.0
2026-05-06 15:51:28.518932,424419,1609504952017786,2551930293,-0.788608,0.413824,0.5856,-3.12375,-0.49,-2.17,-9.408,-44.032,-30.720001,inter_set_rest,4,5.0,43218.0,47190.0,75565.0,102386.0,38200.0,53793.0,31316.0,55826.0,23932.0,18268.0
2026-05-06 15:51:28.527676,424420,1609504952026862,2551939030,-0.788608,0.413824,0.5856,-2.1175,0.00875,-2.30125,-9.408,-44.032,-30.720001,inter_set_rest,4,5.0,43218.0,47190.0,75565.0,102386.0,38200.0,53793.0,31316.0,55826.0,23932.0,18268.0
2026-05-06 15:51:28.541472,424421,1609504952041561,2551954059,-0.798368,0.421632,0.577792,-1.70625,0.25375,-2.66875,-9.376,-43.280003,-30.552002,inter_set_rest,4,5.0,43218.0,47190.0,75565.0,102386.0,38200.0,53793.0,31316.0,55826.0,23932.0,18268.0
2026-05-06 15:51:28.553960,424422,1609504952050640,2551962772,-0.798368,0.421632,0.577792,-0.79625,0.30625,-2.61625,-9.376,-43.280003,-30.552002,inter_set_rest,4,5.0,43218.0,47190.0,75565.0,102386.0,38200.0,53793.0,31316.0,55826.0,23932.0,18268.0
2026-05-06 15:51:28.595097,424433,1609504952065326,2551978237,-0.788608,0.421632,0.579744,-0.56875,0.0,-2.6075,-9.096001,-43.512,-30.416002,inter_set_rest,4,5.0,43173.0,47174.0,75574.0,102390.0,38190.0,53748.0,31332.0,55833.0,23931.0,18274.0
2026-05-06 15:51:28.597704,424434,1609504952074342,2551986978,-0.788608,0.421632,0.599264,-1.49625,0.0,-2.80875,-9.392,-43.792004,-30.656002,inter_set_rest,4,5.0,43173.0,47174.0,75574.0,102390.0,38190.0,53748.0,31332.0,55833.0,23931.0,18274.0
2026-05-06 15:51:28.600225,424435,1609504952089018,2551999963,-0.788608,0.421632,0.599264,-2.24875,-0.0875,-2.59,-9.392,-43.792004,-30.656002,inter_set_rest,4,5.0,43173.0,47174.0,75574.0,102390.0,38190.0,53748.0,31332.0,55833.0,23931.0,18274.0
2026-05-06 15:51:28.602738,424436,1609504952098537,2552010812,-0.79056,0.421632,0.560224,-2.275,-0.23625,-2.8,-9.264001,-43.440002,-29.096,inter_set_rest,4,5.0,43173.0,47174.0,75574.0,102390.0,38190.0,53748.0,31332.0,55833.0,23931.0,18274.0
2026-05-06 15:51:28.608864,424437,1609504952107499,2552019540,-0.79056,0.421632,0.560224,-2.05625,-0.04375,-2.84375,-9.264001,-43.440002,-29.096,inter_set_rest,4,5.0,43173.0,47174.0,75574.0,102390.0,38190.0,53748.0,31332.0,55833.0,23931.0,18274.0
2026-05-06 15:51:28.621588,424438,1609504952121999,2552034454,-0.788608,0.423584,0.57584,-2.03,0.735,-3.21125,-9.248,-44.904003,-29.032001,inter_set_rest,4,5.0,43173.0,47174.0,75574.0,102390.0,38190.0,53748.0,31332.0,55833.0,23931.0,18274.0
2026-05-06 15:51:28.656426,424439,1609504952131032,2552043218,-0.788608,0.423584,0.57584,-0.93625,1.18125,-3.77125,-9.248,-44.904003,-29.032001,inter_set_rest,4,5.0,43173.0,47174.0,75574.0,102390.0,38190.0,53748.0,31332.0,55833.0,23931.0,18274.0
2026-05-06 15:51:28.681587,424440,1609504952145537,2552058169,-0.798368,0.421632,0.562176,-1.19,1.225,-3.31625,-9.384001,-44.176003,-30.464,inter_set_rest,4,5.0,43173.0,47174.0,75574.0,102390.0,38190.0,53748.0,31332.0,55833.0,23931.0,18274.0
2026-05-06 15:51:28.706629,424441,1609504952154458,2552066842,-0.804224,0.421632,0.550464,-2.31875,1.02375,-2.45875,-9.56,-43.144,-30.640001,inter_set_rest,4,5.0,43173.0,47174.0,75574.0,102390.0,38190.0,53748.0,31332.0,55833.0,23931.0,18274.0
2026-05-06 15:51:28.715278,424442,1609504952163374,2552075548,-0.804224,0.421632,0.550464,-3.15,0.3325,-2.1175,-9.56,-43.144,-30.640001,inter_set_rest,4,5.0,43173.0,47174.0,75574.0,102390.0,38190.0,53748.0,31332.0,55833.0,23931.0,18274.0
2026-05-06 15:51:28.745076,424453,1609504952177918,2552090532,-0.7808,0.415776,0.571936,-3.64875,0.595,-2.625,-9.216001,-43.728,-30.736002,inter_set_rest,4,5.0,43194.0,47175.0,75559.0,102381.0,38225.0,53761.0,31346.0,55842.0,23942.0,18255.0
2026-05-06 15:51:28.749056,424454,1609504952186844,2552099245,-0.7808,0.415776,0.571936,-2.93125,0.0175,-3.15875,-9.216001,-43.728,-30.736002,inter_set_rest,4,5.0,43194.0,47175.0,75559.0,102381.0,38225.0,53761.0,31346.0,55842.0,23942.0,18255.0
2026-05-06 15:51:28.750370,424455,1609504952201521,2552114217,-0.776896,0.415776,0.568032,-2.79125,-0.11375,-3.22,-9.448001,-43.52,-30.696001,inter_set_rest,4,5.0,43194.0,47175.0,75559.0,102381.0,38225.0,53761.0,31346.0,55842.0,23942.0,18255.0
2026-05-06 15:51:28.753023,424456,1609504952210471,2552122927,-0.776896,0.415776,0.568032,-1.72375,0.00875,-3.885,-9.448001,-43.52,-30.696001,inter_set_rest,4,5.0,43194.0,47175.0,75559.0,102381.0,38225.0,53761.0,31346.0,55842.0,23942.0,18255.0
2026-05-06 15:51:28.754917,424457,1609504952219484,2552131644,-0.796416,0.425536,0.560224,-0.88375,-0.06125,-3.84125,-9.472,-43.448,-31.544,inter_set_rest,4,5.0,43194.0,47175.0,75559.0,102381.0,38225.0,53761.0,31346.0,55842.0,23942.0,18255.0
2026-05-06 15:51:28.757576,424458,1609504952234122,2552146615,-0.784704,0.421632,0.568032,-0.7175,0.3675,-3.92,-9.464001,-46.976,-30.744001,inter_set_rest,4,5.0,43194.0,47175.0,75559.0,102381.0,38225.0,53761.0,31346.0,55842.0,23942.0,18255.0
2026-05-06 15:51:28.760210,424459,1609504952243071,2552155457,-0.784704,0.421632,0.568032,-0.97125,0.3675,-4.03375,-9.464001,-46.976,-30.744001,inter_set_rest,4,5.0,43194.0,47175.0,75559.0,102381.0,38225.0,53761.0,31346.0,55842.0,23942.0,18255.0
2026-05-06 15:51:28.766482,424460,1609504952257596,2552168378,-0.7808,0.40992,0.560224,-1.155,0.13125,-3.745,-9.776,-45.712,-29.384,inter_set_rest,4,5.0,43194.0,47175.0,75559.0,102381.0,38225.0,53761.0,31346.0,55842.0,23942.0,18255.0
2026-05-06 15:51:28.796510,424471,1609504952266815,2552179377,-0.7808,0.40992,0.560224,-2.44125,0.14875,-3.33375,-9.776,-45.712,-29.384,inter_set_rest,4,5.0,43245.0,47161.0,75612.0,102405.0,38268.0,53751.0,31361.0,55866.0,23974.0,18271.0
2026-05-06 15:51:28.798922,424472,1609504952281488,2552192342,-0.79056,0.421632,0.581696,-2.94,0.1225,-2.9225,-9.152,-45.144,-29.304,inter_set_rest,4,5.0,43245.0,47161.0,75612.0,102405.0,38268.0,53751.0,31361.0,55866.0,23974.0,18271.0
2026-05-06 15:51:28.801556,424473,1609504952290853,2552203151,-0.79056,0.421632,0.581696,-3.64875,0.0,-2.3625,-9.152,-45.144,-29.304,inter_set_rest,4,5.0,43245.0,47161.0,75612.0,102405.0,38268.0,53751.0,31361.0,55866.0,23974.0,18271.0
2026-05-06 15:51:28.803955,424474,1609504952299809,2552211887,-0.79056,0.421632,0.601216,-3.535,0.0875,-2.72125,-9.52,-45.184002,-29.224,inter_set_rest,4,5.0,43245.0,47161.0,75612.0,102405.0,38268.0,53751.0,31361.0,55866.0,23974.0,18271.0
2026-05-06 15:51:28.817574,424475,1609504952314376,2552226833,-0.80032,0.415776,0.552416,-2.7125,0.07875,-3.07125,-9.144,-43.320004,-30.048002,inter_set_rest,4,5.0,43245.0,47161.0,75612.0,102405.0,38268.0,53751.0,31361.0,55866.0,23974.0,18271.0
2026-05-06 15:51:28.823972,424476,1609504952323305,2552235609,-0.80032,0.415776,0.552416,-2.26625,0.18375,-2.96625,-9.144,-43.320004,-30.048002,inter_set_rest,4,5.0,43245.0,47161.0,75612.0,102405.0,38268.0,53751.0,31361.0,55866.0,23974.0,18271.0
2026-05-06 15:51:28.848449,424477,1609504952337779,2552250523,-0.786656,0.411872,0.571936,-1.61875,0.21,-3.52625,-9.064,-43.608,-30.336002,inter_set_rest,4,5.0,43245.0,47161.0,75612.0,102405.0,38268.0,53751.0,31361.0,55866.0,23974.0,18271.0
2026-05-06 15:51:28.850900,424478,1609504952346708,2552259326,-0.786656,0.411872,0.571936,-0.9625,0.4375,-4.1125,-9.064,-43.608,-30.336002,inter_set_rest,4,5.0,43245.0,47161.0,75612.0,102405.0,38268.0,53751.0,31361.0,55866.0,23974.0,18271.0
2026-05-06 15:51:28.858979,424479,1609504952355632,2552268024,-0.7808,0.407968,0.591456,-0.455,0.77,-4.2525,-8.992001,-43.872,-30.472002,inter_set_rest,4,5.0,43245.0,47161.0,75612.0,102405.0,38268.0,53751.0,31361.0,55866.0,23974.0,18271.0
2026-05-06 15:51:28.897760,424490,1609504952370368,2552282981,-0.7808,0.407968,0.591456,-0.16625,0.69125,-3.91125,-8.992001,-43.872,-30.472002,inter_set_rest,4,5.0,43182.0,47068.0,75442.0,102198.0,38174.0,53642.0,31249.0,55722.0,23908.0,18165.0
2026-05-06 15:51:28.900280,424491,1609504952379444,2552291759,-0.786656,0.402112,0.54656,-0.90125,0.56,-4.13875,-8.968,-44.336002,-30.680002,inter_set_rest,4,5.0,43182.0,47068.0,75442.0,102198.0,38174.0,53642.0,31249.0,55722.0,23908.0,18165.0
2026-05-06 15:51:28.902767,424492,1609504952393997,2552306705,-0.786656,0.407968,0.571936,-1.56625,0.805,-3.40375,-8.968,-44.336002,-30.232002,inter_set_rest,4,5.0,43182.0,47068.0,75442.0,102198.0,38174.0,53642.0,31249.0,55722.0,23908.0,18165.0
2026-05-06 15:51:28.905261,424493,1609504952402996,2552315411,-0.782752,0.407968,0.571936,-1.89875,0.77,-3.1675,-8.792001,-43.52,-30.232002,inter_set_rest,4,5.0,43182.0,47068.0,75442.0,102198.0,38174.0,53642.0,31249.0,55722.0,23908.0,18165.0
2026-05-06 15:51:28.911531,424494,1609504952412146,2552324126,-0.782752,0.407968,0.571936,-2.12625,1.05875,-3.0975,-8.792001,-43.52,-30.232002,inter_set_rest,4,5.0,43182.0,47068.0,75442.0,102198.0,38174.0,53642.0,31249.0,55722.0,23908.0,18165.0
2026-05-06 15:51:28.939527,424495,1609504952426628,2552339073,-0.792512,0.411872,0.552416,-1.8375,0.91,-3.03625,-8.808001,-43.640003,-30.648,inter_set_rest,4,5.0,43182.0,47068.0,75442.0,102198.0,38174.0,53642.0,31249.0,55722.0,23908.0,18165.0
2026-05-06 15:51:28.940409,424496,1609504952435565,2552347794,-0.79056,0.421632,0.603168,-1.18125,0.76125,-2.695,-8.856,-43.56,-29.008001,inter_set_rest,4,5.0,43182.0,47068.0,75442.0,102198.0,38174.0,53642.0,31249.0,55722.0,23908.0,18165.0
2026-05-06 15:51:28.953829,424497,1609504952450081,2552362764,-0.79056,0.421632,0.603168,-0.8225,0.67375,-3.64,-8.856,-43.56,-29.008001,inter_set_rest,4,5.0,43182.0,47068.0,75442.0,102198.0,38174.0,53642.0,31249.0,55722.0,23908.0,18165.0
2026-05-06 15:51:28.960118,424498,1609504952458983,2552371544,-0.792512,0.411872,0.568032,0.0175,0.67375,-3.8325,-9.152,-44.136,-30.352001,inter_set_rest,4,5.0,43182.0,47068.0,75442.0,102198.0,38174.0,53642.0,31249.0,55722.0,23908.0,18165.0
2026-05-06 15:51:28.996439,424510,1609504952473602,2552385005,-0.792512,0.411872,0.568032,-0.49,0.55125,-3.77125,-9.152,-44.136,-30.352001,inter_set_rest,4,5.0,43129.0,47060.0,75402.0,102190.0,38105.0,53580.0,31238.0,55728.0,23890.0,18164.0
2026-05-06 15:51:29.024369,424511,1609504952482681,2552393831,-0.81008,0.415776,0.542656,-0.8925,0.32375,-3.38625,-8.8,-43.856003,-29.920002,inter_set_rest,4,5.0,43129.0,47060.0,75402.0,102190.0,38105.0,53580.0,31238.0,55728.0,23890.0,18164.0
2026-05-06 15:51:29.051522,424512,1609504952492291,2552404665,-0.81008,0.415776,0.542656,-1.70625,0.27125,-3.00125,-8.8,-43.856003,-29.920002,inter_set_rest,4,5.0,43129.0,47060.0,75402.0,102190.0,38105.0,53580.0,31238.0,55728.0,23890.0,18164.0
2026-05-06 15:51:29.076481,424513,1609504952506802,2552417574,-0.782752,0.406016,0.56608,-1.505,0.2625,-3.22875,-9.152,-44.480003,-30.784002,inter_set_rest,4,5.0,43129.0,47060.0,75402.0,102190.0,38105.0,53580.0,31238.0,55728.0,23890.0,18164.0
2026-05-06 15:51:29.090123,424514,1609504952516018,2552428379,-0.813984,0.413824,0.5368,-1.91625,0.2275,-3.395,-9.04,-43.952003,-28.472002,inter_set_rest,4,5.0,43129.0,47060.0,75402.0,102190.0,38105.0,53580.0,31238.0,55728.0,23890.0,18164.0
2026-05-06 15:51:29.092620,424515,1609504952530568,2552443304,-0.813984,0.413824,0.5368,-3.07125,0.42875,-2.94,-9.04,-43.952003,-28.472002,inter_set_rest,4,5.0,43129.0,47060.0,75402.0,102190.0,38105.0,53580.0,31238.0,55728.0,23890.0,18164.0
2026-05-06 15:51:29.095160,424516,1609504952539660,2552452044,-0.784704,0.407968,0.560224,-2.9925,0.44625,-2.8525,-9.0,-43.528004,-30.616001,inter_set_rest,4,5.0,43129.0,47060.0,75402.0,102190.0,38105.0,53580.0,31238.0,55728.0,23890.0,18164.0
2026-05-06 15:51:29.097692,424517,1609504952548565,2552460761,-0.784704,0.407968,0.560224,-1.7325,0.34125,-2.84375,-9.0,-43.528004,-30.616001,inter_set_rest,4,5.0,43129.0,47060.0,75402.0,102190.0,38105.0,53580.0,31238.0,55728.0,23890.0,18164.0
2026-05-06 15:51:29.100108,424518,1609504952563144,2552475687,-0.806176,0.413824,0.54656,-0.63875,0.07875,-3.7625,-9.016001,-43.552002,-30.696001,inter_set_rest,4,5.0,43129.0,47060.0,75402.0,102190.0,38105.0,53580.0,31238.0,55728.0,23890.0,18164.0
2026-05-06 15:51:29.128388,424529,1609504952572635,2552484510,-0.806176,0.413824,0.54656,-0.20125,0.11375,-4.43625,-9.016001,-43.552002,-30.696001,inter_set_rest,4,5.0,43146.0,47043.0,75420.0,102241.0,38144.0,53575.0,31237.0,55773.0,23896.0,18180.0
2026-05-06 15:51:29.130244,424530,1609504952587206,2552499448,-0.80032,0.413824,0.55632,0.1925,0.14,-4.29625,-8.76,-43.624,-30.424002,inter_set_rest,4,5.0,43146.0,47043.0,75420.0,102241.0,38144.0,53575.0,31237.0,55773.0,23896.0,18180.0
2026-05-06 15:51:29.132624,424531,1609504952596129,2552508142,-0.786656,0.415776,0.5856,-0.06125,-0.14,-4.2875,-8.848001,-43.864002,-31.800001,inter_set_rest,4,5.0,43146.0,47043.0,75420.0,102241.0,38144.0,53575.0,31237.0,55773.0,23896.0,18180.0
2026-05-06 15:51:29.135117,424532,1609504952605050,2552516947,-0.786656,0.415776,0.5856,-0.09625,-0.11375,-4.12125,-8.848001,-43.864002,-31.800001,inter_set_rest,4,5.0,43146.0,47043.0,75420.0,102241.0,38144.0,53575.0,31237.0,55773.0,23896.0,18180.0
2026-05-06 15:51:29.137602,424533,1609504952619688,2552531893,-0.788608,0.423584,0.599264,0.0525,-0.09625,-3.78875,-9.032001,-45.88,-29.592001,inter_set_rest,4,5.0,43146.0,47043.0,75420.0,102241.0,38144.0,53575.0,31237.0,55773.0,23896.0,18180.0
2026-05-06 15:51:29.140084,424534,1609504952628654,2552540646,-0.788608,0.423584,0.599264,0.14875,-0.21875,-3.71875,-9.032001,-45.88,-29.592001,inter_set_rest,4,5.0,43146.0,47043.0,75420.0,102241.0,38144.0,53575.0,31237.0,55773.0,23896.0,18180.0
2026-05-06 15:51:29.142616,424535,1609504952643325,2552555624,-0.792512,0.411872,0.528992,0.0175,-0.455,-3.745,-8.904,-44.984,-32.664,inter_set_rest,4,5.0,43146.0,47043.0,75420.0,102241.0,38144.0,53575.0,31237.0,55773.0,23896.0,18180.0
2026-05-06 15:51:29.153894,424536,1609504952652415,2552564378,-0.792512,0.411872,0.528992,-0.62125,-0.07875,-3.80625,-8.904,-44.984,-32.664,inter_set_rest,4,5.0,43146.0,47043.0,75420.0,102241.0,38144.0,53575.0,31237.0,55773.0,23896.0,18180.0
2026-05-06 15:51:29.162503,424537,1609504952661460,2552573116,-0.80032,0.423584,0.550464,-1.49625,0.28,-3.0275,-9.096001,-44.096,-30.712002,inter_set_rest,4,5.0,43146.0,47043.0,75420.0,102241.0,38144.0,53575.0,31237.0,55773.0,23896.0,18180.0
2026-05-06 15:51:29.193916,424548,1609504952676068,2552588268,-0.80032,0.417728,0.569984,-1.70625,-0.09625,-2.625,-9.096001,-44.096,-30.712002,inter_set_rest,4,5.0,43136.0,46980.0,75380.0,102235.0,38153.0,53539.0,31202.0,55757.0,23887.0,18138.0
2026-05-06 15:51:29.196445,424549,1609504952685044,2552597086,-0.776896,0.417728,0.569984,-2.0125,-0.32375,-2.2925,-9.112,-45.568,-30.008001,inter_set_rest,4,5.0,43136.0,46980.0,75380.0,102235.0,38153.0,53539.0,31202.0,55757.0,23887.0,18138.0
2026-05-06 15:51:29.200014,424550,1609504952699536,2552612015,-0.808128,0.423584,0.55632,-2.1875,-0.37625,-2.8525,-9.328,-46.872,-28.528002,inter_set_rest,4,5.0,43136.0,46980.0,75380.0,102235.0,38153.0,53539.0,31202.0,55757.0,23887.0,18138.0
2026-05-06 15:51:29.208697,424551,1609504952708481,2552620758,-0.808128,0.423584,0.55632,-1.79375,-0.1925,-2.87875,-9.328,-46.872,-28.528002,inter_set_rest,4,5.0,43136.0,46980.0,75380.0,102235.0,38153.0,53539.0,31202.0,55757.0,23887.0,18138.0
2026-05-06 15:51:29.222577,424552,1609504952717576,2552629481,-0.788608,0.417728,0.5856,-1.89875,0.0525,-3.045,-9.248,-47.088,-28.832,inter_set_rest,4,5.0,43136.0,46980.0,75380.0,102235.0,38153.0,53539.0,31202.0,55757.0,23887.0,18138.0
2026-05-06 15:51:29.236454,424553,1609504952732259,2552644460,-0.788608,0.417728,0.5856,-2.31,0.035,-2.9225,-9.248,-47.088,-28.832,inter_set_rest,4,5.0,43136.0,46980.0,75380.0,102235.0,38153.0,53539.0,31202.0,55757.0,23887.0,18138.0
2026-05-06 15:51:29.242609,424554,1609504952741362,2552653184,-0.80032,0.427488,0.579744,-2.24875,-0.105,-2.8875,-8.728001,-43.872,-31.04,inter_set_rest,4,5.0,43136.0,46980.0,75380.0,102235.0,38153.0,53539.0,31202.0,55757.0,23887.0,18138.0
2026-05-06 15:51:29.266434,424555,1609504952755861,2552668183,-0.80032,0.427488,0.579744,-2.72125,-0.3675,-2.30125,-8.728001,-43.872,-31.04,inter_set_rest,4,5.0,43136.0,46980.0,75380.0,102235.0,38153.0,53539.0,31202.0,55757.0,23887.0,18138.0
2026-05-06 15:51:29.268982,424556,1609504952764852,2552676931,-0.796416,0.421632,0.57584,-3.325,-0.02625,-2.70375,-8.96,-43.52,-31.832,inter_set_rest,4,5.0,43136.0,46980.0,75380.0,102235.0,38153.0,53539.0,31202.0,55757.0,23887.0,18138.0
2026-05-06 15:51:29.296590,424567,1609504952779431,2552692052,-0.794464,0.413824,0.56608,-2.7125,0.09625,-2.59,-9.152,-46.064003,-29.776001,inter_set_rest,4,5.0,43150.0,46987.0,75392.0,102291.0,38159.0,53533.0,31238.0,55776.0,23896.0,18125.0
2026-05-06 15:51:29.298992,424568,1609504952788430,2552700868,-0.794464,0.413824,0.56608,-2.835,0.02625,-2.5375,-9.152,-46.064003,-29.776001,inter_set_rest,4,5.0,43150.0,46987.0,75392.0,102291.0,38159.0,53533.0,31238.0,55776.0,23896.0,18125.0
2026-05-06 15:51:29.301583,424569,1609504952797370,2552709594,-0.794464,0.417728,0.589504,-3.31625,0.0525,-2.4675,-9.024,-45.656002,-29.52,inter_set_rest,4,5.0,43150.0,46987.0,75392.0,102291.0,38159.0,53533.0,31238.0,55776.0,23896.0,18125.0
2026-05-06 15:51:29.316024,424570,1609504952811911,2552724541,-0.794464,0.417728,0.589504,-2.96625,0.035,-2.6075,-9.024,-45.656002,-29.52,inter_set_rest,4,5.0,43150.0,46987.0,75392.0,102291.0,38159.0,53533.0,31238.0,55776.0,23896.0,18125.0
2026-05-06 15:51:29.323902,424571,1609504952820862,2552733239,-0.81008,0.415776,0.54656,-2.905,0.02625,-2.38875,-8.864,-44.232002,-30.760002,inter_set_rest,4,5.0,43150.0,46987.0,75392.0,102291.0,38159.0,53533.0,31238.0,55776.0,23896.0,18125.0
2026-05-06 15:51:29.337401,424572,1609504952835435,2552746247,-0.81008,0.415776,0.54656,-2.975,-0.00875,-2.4325,-8.864,-44.232002,-30.760002,inter_set_rest,4,5.0,43150.0,46987.0,75392.0,102291.0,38159.0,53533.0,31238.0,55776.0,23896.0,18125.0
2026-05-06 15:51:29.344886,424573,1609504952844698,2552757053,-0.784704,0.406016,0.560224,-3.14125,0.2625,-2.75625,-8.896001,-43.832,-30.376001,inter_set_rest,4,5.0,43150.0,46987.0,75392.0,102291.0,38159.0,53533.0,31238.0,55776.0,23896.0,18125.0
2026-05-06 15:51:29.353699,424574,1609504952853601,2552765757,-0.784704,0.406016,0.560224,-3.3075,-0.11375,-2.59875,-8.896001,-43.832,-30.376001,inter_set_rest,4,5.0,43150.0,46987.0,75392.0,102291.0,38159.0,53533.0,31238.0,55776.0,23896.0,18125.0
2026-05-06 15:51:29.393924,424575,1609504952868269,2552780652,-0.798368,0.413824,0.544608,-2.96625,-0.14875,-2.37125,-9.112,-43.504,-30.512001,inter_set_rest,4,5.0,43150.0,46987.0,75392.0,102291.0,38159.0,53533.0,31238.0,55776.0,23896.0,18125.0
2026-05-06 15:51:29.451463,424586,1609504952877370,2552789623,-0.798368,0.413824,0.579744,-2.79125,-0.34125,-2.61625,-9.112,-43.504,-30.512001,inter_set_rest,4,5.0,43165.0,46986.0,75449.0,102349.0,38194.0,53509.0,31252.0,55805.0,23921.0,18136.0
2026-05-06 15:51:29.453921,424587,1609504952891976,2552804664,-0.792512,0.413824,0.579744,-2.345,-0.44625,-2.82625,-8.608001,-43.896004,-30.824001,inter_set_rest,4,5.0,43165.0,46986.0,75449.0,102349.0,38194.0,53509.0,31252.0,55805.0,23921.0,18136.0
2026-05-06 15:51:29.456494,424588,1609504952900906,2552813369,-0.798368,0.415776,0.571936,-1.74125,-0.07875,-3.08,-9.152,-43.504,-31.176,inter_set_rest,4,5.0,43165.0,46986.0,75449.0,102349.0,38194.0,53509.0,31252.0,55805.0,23921.0,18136.0
2026-05-06 15:51:29.458785,424589,1609504952915396,2552826315,-0.798368,0.415776,0.571936,-1.995,-0.04375,-2.70375,-9.152,-43.504,-31.176,inter_set_rest,4,5.0,43165.0,46986.0,75449.0,102349.0,38194.0,53509.0,31252.0,55805.0,23921.0,18136.0
2026-05-06 15:51:29.461492,424590,1609504952924757,2552837080,-0.802272,0.421632,0.579744,-1.53125,0.27125,-2.5375,-9.008,-43.712,-30.640001,inter_set_rest,4,5.0,43165.0,46986.0,75449.0,102349.0,38194.0,53509.0,31252.0,55805.0,23921.0,18136.0
2026-05-06 15:51:29.463826,424591,1609504952933671,2552845777,-0.802272,0.421632,0.579744,-1.63625,0.35875,-2.58125,-9.008,-43.712,-30.640001,inter_set_rest,4,5.0,43165.0,46986.0,75449.0,102349.0,38194.0,53509.0,31252.0,55805.0,23921.0,18136.0
2026-05-06 15:51:29.466525,424592,1609504952948372,2552860776,-0.81008,0.421632,0.562176,-1.05,0.105,-3.07125,-9.192,-44.456,-29.864002,inter_set_rest,4,5.0,43165.0,46986.0,75449.0,102349.0,38194.0,53509.0,31252.0,55805.0,23921.0,18136.0
2026-05-06 15:51:29.468935,424593,1609504952957350,2552869506,-0.81008,0.421632,0.562176,-0.5425,-0.02625,-3.40375,-9.192,-44.456,-29.864002,inter_set_rest,4,5.0,43165.0,46986.0,75449.0,102349.0,38194.0,53509.0,31252.0,55805.0,23921.0,18136.0
2026-05-06 15:51:29.499917,424604,1609504952971861,2552884425,-0.802272,0.425536,0.573888,-0.27125,-0.04375,-3.7625,-9.216001,-45.448,-31.640001,inter_set_rest,4,5.0,43127.0,46924.0,75267.0,102151.0,38120.0,53443.0,31154.0,55690.0,23884.0,18084.0
2026-05-06 15:51:29.503934,424605,1609504952980891,2552893233,-0.81008,0.417728,0.538752,0.00875,-0.0525,-3.9725,-8.68,-44.328003,-30.696001,inter_set_rest,4,5.0,43127.0,46924.0,75267.0,102151.0,38120.0,53443.0,31154.0,55690.0,23884.0,18084.0
2026-05-06 15:51:29.504856,424606,1609504952990000,2552902020,-0.81008,0.417728,0.538752,0.4025,0.18375,-4.48,-8.68,-44.328003,-30.696001,inter_set_rest,4,5.0,43127.0,46924.0,75267.0,102151.0,38120.0,53443.0,31154.0,55690.0,23884.0,18084.0
2026-05-06 15:51:29.507570,424607,1609504953004546,2552917020,-0.786656,0.40992,0.552416,0.315,0.5425,-3.99,-8.656,-43.808002,-31.096,inter_set_rest,4,5.0,43127.0,46924.0,75267.0,102151.0,38120.0,53443.0,31154.0,55690.0,23884.0,18084.0
2026-05-06 15:51:29.516424,424608,1609504953013467,2552925773,-0.786656,0.40992,0.552416,-0.21875,0.32375,-3.7975,-8.656,-43.808002,-31.096,inter_set_rest,4,5.0,43127.0,46924.0,75267.0,102151.0,38120.0,53443.0,31154.0,55690.0,23884.0,18084.0
2026-05-06 15:51:29.530160,424609,1609504953027954,2552940665,-0.79056,0.41968,0.587552,-0.70875,0.27125,-3.4825,-9.080001,-45.152,-29.880001,inter_set_rest,4,5.0,43127.0,46924.0,75267.0,102151.0,38120.0,53443.0,31154.0,55690.0,23884.0,18084.0
2026-05-06 15:51:29.538894,424610,1609504953036865,2552949398,-0.79056,0.41968,0.587552,-1.18125,-0.07,-2.835,-9.080001,-45.152,-29.880001,inter_set_rest,4,5.0,43127.0,46924.0,75267.0,102151.0,38120.0,53443.0,31154.0,55690.0,23884.0,18084.0
2026-05-06 15:51:29.552723,424611,1609504953051525,2552962343,-0.804224,0.415776,0.534848,-2.0125,-0.11375,-2.63375,-8.864,-43.816,-30.336002,inter_set_rest,4,5.0,43127.0,46924.0,75267.0,102151.0,38120.0,53443.0,31154.0,55690.0,23884.0,18084.0
2026-05-06 15:51:29.561466,424612,1609504953060864,2552973126,-0.81008,0.421632,0.540704,-2.10875,0.07875,-2.65125,-9.032001,-43.688004,-30.880001,inter_set_rest,4,5.0,43127.0,46924.0,75267.0,102151.0,38120.0,53443.0,31154.0,55690.0,23884.0,18084.0
2026-05-06 15:51:29.570238,424613,1609504953069818,2552981861,-0.81008,0.421632,0.540704,-3.01875,0.2275,-2.52875,-9.032001,-43.688004,-30.880001,inter_set_rest,4,5.0,43127.0,46924.0,75267.0,102151.0,38120.0,53443.0,31154.0,55690.0,23884.0,18084.0
2026-05-06 15:51:29.599902,424624,1609504953084594,2552996870,-0.80032,0.425536,0.577792,-3.4475,0.4375,-2.23125,-8.784,-43.576,-30.672,inter_set_rest,4,5.0,43082.0,46890.0,75220.0,102145.0,38084.0,53389.0,31113.0,55678.0,23847.0,18076.0
2026-05-06 15:51:29.602921,424625,1609504953093607,2553005638,-0.80032,0.425536,0.577792,-3.07125,0.00875,-1.9075,-8.784,-43.576,-30.672,inter_set_rest,4,5.0,43082.0,46890.0,75220.0,102145.0,38084.0,53389.0,31113.0,55678.0,23847.0,18076.0
2026-05-06 15:51:29.608859,424626,1609504953108134,2553020773,-0.792512,0.41968,0.581696,-2.6425,-0.105,-2.00375,-8.928,-44.248,-29.760002,inter_set_rest,4,5.0,43082.0,46890.0,75220.0,102145.0,38084.0,53389.0,31113.0,55678.0,23847.0,18076.0
2026-05-06 15:51:29.617622,424627,1609504953117102,2553029489,-0.792512,0.41968,0.581696,-1.96875,-0.14,-2.2225,-8.928,-44.248,-29.760002,inter_set_rest,4,5.0,43082.0,46890.0,75220.0,102145.0,38084.0,53389.0,31113.0,55678.0,23847.0,18076.0
2026-05-06 15:51:29.631138,424628,1609504953126053,2553038206,-0.786656,0.407968,0.558272,-2.47625,-0.14875,-2.24,-9.168,-44.920002,-28.2,inter_set_rest,4,5.0,43082.0,46890.0,75220.0,102145.0,38084.0,53389.0,31113.0,55678.0,23847.0,18076.0
2026-05-06 15:51:29.640265,424629,1609504953140758,2553053127,-0.806176,0.40992,0.532896,-2.96625,0.07875,-2.09125,-8.84,-43.68,-30.504002,inter_set_rest,4,5.0,43082.0,46890.0,75220.0,102145.0,38084.0,53389.0,31113.0,55678.0,23847.0,18076.0
2026-05-06 15:51:29.654011,424630,1609504953149772,2553061868,-0.806176,0.40992,0.532896,-2.9225,-0.21875,-2.07375,-8.84,-43.68,-30.504002,inter_set_rest,4,5.0,43082.0,46890.0,75220.0,102145.0,38084.0,53389.0,31113.0,55678.0,23847.0,18076.0
2026-05-06 15:51:29.693479,424631,1609504953164344,2553076788,-0.804224,0.421632,0.5856,-3.63125,-0.56,-1.65375,-8.792001,-43.456,-31.04,inter_set_rest,4,5.0,43082.0,46890.0,75220.0,102145.0,38084.0,53389.0,31113.0,55678.0,23847.0,18076.0
2026-05-06 15:51:29.720158,424642,1609504953173300,2553085469,-0.804224,0.421632,0.5856,-3.36875,-0.25375,-1.79375,-8.792001,-43.456,-31.04,inter_set_rest,4,5.0,43080.0,46882.0,75220.0,102194.0,38100.0,53381.0,31149.0,55732.0,23857.0,18072.0
2026-05-06 15:51:29.722648,424643,1609504953183235,2553094287,-0.786656,0.40992,0.564128,-2.8,-0.16625,-1.74125,-9.008,-43.840004,-30.864002,inter_set_rest,4,5.0,43080.0,46882.0,75220.0,102194.0,38100.0,53381.0,31149.0,55732.0,23857.0,18072.0
2026-05-06 15:51:29.725163,424644,1609504953198244,2553109195,-0.786656,0.40992,0.564128,-2.5375,-0.07875,-2.19625,-9.008,-43.840004,-30.864002,inter_set_rest,4,5.0,43080.0,46882.0,75220.0,102194.0,38100.0,53381.0,31149.0,55732.0,23857.0,18072.0
2026-05-06 15:51:29.727586,424645,1609504953207691,2553120078,-0.788608,0.417728,0.581696,-1.70625,-0.28,-2.2575,-9.080001,-46.872,-28.840002,inter_set_rest,4,5.0,43080.0,46882.0,75220.0,102194.0,38100.0,53381.0,31149.0,55732.0,23857.0,18072.0
2026-05-06 15:51:29.730025,424646,1609504953216630,2553128824,-0.788608,0.417728,0.581696,-1.1025,-0.1225,-2.63375,-9.080001,-46.872,-28.840002,inter_set_rest,4,5.0,43080.0,46882.0,75220.0,102194.0,38100.0,53381.0,31149.0,55732.0,23857.0,18072.0
2026-05-06 15:51:29.732724,424647,1609504953231211,2553143716,-0.794464,0.413824,0.530944,-0.6825,-0.60375,-2.61625,-9.192,-47.2,-28.672,inter_set_rest,4,5.0,43080.0,46882.0,75220.0,102194.0,38100.0,53381.0,31149.0,55732.0,23857.0,18072.0
2026-05-06 15:51:29.757771,424648,1609504953240171,2553152466,-0.794464,0.425536,0.57584,-0.67375,-0.53375,-2.44125,-9.192,-47.2,-28.672,inter_set_rest,4,5.0,43080.0,46882.0,75220.0,102194.0,38100.0,53381.0,31149.0,55732.0,23857.0,18072.0
2026-05-06 15:51:29.783025,424649,1609504953254602,2553165365,-0.796416,0.425536,0.57584,-1.11125,-0.6825,-2.42375,-8.856,-45.384003,-31.816002,inter_set_rest,4,5.0,43080.0,46882.0,75220.0,102194.0,38100.0,53381.0,31149.0,55732.0,23857.0,18072.0
2026-05-06 15:51:29.802631,424650,1609504953263790,2553176196,-0.808128,0.425536,0.538752,-1.88125,-0.9625,-2.695,-9.04,-43.352,-30.808,inter_set_rest,4,5.0,43080.0,46882.0,75220.0,102194.0,38100.0,53381.0,31149.0,55732.0,23857.0,18072.0
2026-05-06 15:51:29.805105,424651,1609504953272884,2553184934,-0.808128,0.425536,0.538752,-1.855,-1.09375,-2.44125,-9.04,-43.352,-30.808,inter_set_rest,4,5.0,43080.0,46882.0,75220.0,102194.0,38100.0,53381.0,31149.0,55732.0,23857.0,18072.0
2026-05-06 15:51:29.832732,424662,1609504953287398,2553199971,-0.804224,0.423584,0.5368,-2.37125,-1.39125,-2.07375,-8.872001,-44.024002,-30.856,inter_set_rest,4,5.0,43071.0,46862.0,75191.0,102164.0,38052.0,53380.0,31097.0,55713.0,23868.0,18085.0
2026-05-06 15:51:29.835259,424663,1609504953296335,2553208706,-0.804224,0.423584,0.5368,-3.07125,-1.25125,-1.79375,-8.872001,-44.024002,-30.856,inter_set_rest,4,5.0,43071.0,46862.0,75191.0,102164.0,38052.0,53380.0,31097.0,55713.0,23868.0,18085.0
2026-05-06 15:51:29.837749,424664,1609504953310886,2553223618,-0.798368,0.425536,0.548512,-3.03625,-1.25125,-1.9425,-8.976001,-43.440002,-30.664001,inter_set_rest,4,5.0,43071.0,46862.0,75191.0,102164.0,38052.0,53380.0,31097.0,55713.0,23868.0,18085.0
2026-05-06 15:51:29.840099,424665,1609504953320000,2553232423,-0.798368,0.425536,0.548512,-3.50875,-1.3475,-1.96,-8.976001,-43.440002,-30.664001,inter_set_rest,4,5.0,43071.0,46862.0,75191.0,102164.0,38052.0,53380.0,31097.0,55713.0,23868.0,18085.0
2026-05-06 15:51:29.842717,424666,1609504953334627,2553247403,-0.80032,0.423584,0.542656,-2.91375,-1.5225,-2.38875,-8.848001,-44.320004,-32.872,inter_set_rest,4,5.0,43071.0,46862.0,75191.0,102164.0,38052.0,53380.0,31097.0,55713.0,23868.0,18085.0
2026-05-06 15:51:29.845070,424667,1609504953343596,2553256105,-0.796416,0.423584,0.550464,-2.47625,-1.54,-2.7825,-9.160001,-43.440002,-30.896002,inter_set_rest,4,5.0,43071.0,46862.0,75191.0,102164.0,38052.0,53380.0,31097.0,55713.0,23868.0,18085.0
2026-05-06 15:51:29.853921,424668,1609504953352656,2553264872,-0.796416,0.423584,0.550464,-2.70375,-1.26875,-2.695,-9.160001,-43.440002,-30.896002,inter_set_rest,4,5.0,43071.0,46862.0,75191.0,102164.0,38052.0,53380.0,31097.0,55713.0,23868.0,18085.0
2026-05-06 15:51:29.867769,424669,1609504953367147,2553279834,-0.776896,0.417728,0.568032,-2.835,-1.6275,-2.63375,-9.096001,-46.872,-28.712002,inter_set_rest,4,5.0,43071.0,46862.0,75191.0,102164.0,38052.0,53380.0,31097.0,55713.0,23868.0,18085.0
2026-05-06 15:51:29.901346,424680,1609504953376622,2553288682,-0.776896,0.417728,0.568032,-3.85,-1.49625,-2.35375,-9.096001,-46.872,-28.712002,inter_set_rest,4,5.0,43092.0,46858.0,75158.0,102204.0,38085.0,53379.0,31089.0,55723.0,23858.0,18093.0
2026-05-06 15:51:29.903619,424681,1609504953391209,2553303885,-0.794464,0.40992,0.542656,-4.62,-1.645,-2.5025,-9.400001,-47.248,-28.608002,inter_set_rest,4,5.0,43092.0,46858.0,75158.0,102204.0,38085.0,53379.0,31089.0,55723.0,23858.0,18093.0
2026-05-06 15:51:29.906320,424682,1609504953400180,2553312657,-0.794464,0.40992,0.542656,-5.50375,-1.785,-2.02125,-9.400001,-47.248,-28.608002,inter_set_rest,4,5.0,43092.0,46858.0,75158.0,102204.0,38085.0,53379.0,31089.0,55723.0,23858.0,18093.0
2026-05-06 15:51:29.909840,424683,1609504953409062,2553321389,-0.813984,0.421632,0.558272,-5.6175,-1.715,-1.6625,-9.184,-43.72,-31.080002,inter_set_rest,4,5.0,43092.0,46858.0,75158.0,102204.0,38085.0,53379.0,31089.0,55723.0,23858.0,18093.0
2026-05-06 15:51:29.943858,424684,1609504953423712,2553336331,-0.794464,0.421632,0.5856,-3.91125,-1.4,-1.47875,-9.160001,-43.728,-30.336002,inter_set_rest,4,5.0,43092.0,46858.0,75158.0,102204.0,38085.0,53379.0,31089.0,55723.0,23858.0,18093.0
2026-05-06 15:51:29.946553,424685,1609504953432715,2553345053,-0.794464,0.421632,0.5856,-1.88125,-0.86625,-2.135,-9.160001,-43.728,-30.336002,inter_set_rest,4,5.0,43092.0,46858.0,75158.0,102204.0,38085.0,53379.0,31089.0,55723.0,23858.0,18093.0
2026-05-06 15:51:29.948878,424686,1609504953447198,2553357950,-0.798368,0.425536,0.569984,-0.665,-0.63,-2.9225,-9.400001,-43.528004,-30.480001,inter_set_rest,4,5.0,43092.0,46858.0,75158.0,102204.0,38085.0,53379.0,31089.0,55723.0,23858.0,18093.0
2026-05-06 15:51:29.957742,424687,1609504953456420,2553368766,-0.798368,0.425536,0.569984,-0.63875,-0.21875,-3.3425,-9.400001,-43.528004,-30.480001,inter_set_rest,4,5.0,43092.0,46858.0,75158.0,102204.0,38085.0,53379.0,31089.0,55723.0,23858.0,18093.0
2026-05-06 15:51:29.966679,424688,1609504953465335,2553377512,-0.802272,0.423584,0.562176,-0.8575,-0.37625,-3.19375,-8.912001,-44.128002,-30.720001,inter_set_rest,4,5.0,43092.0,46858.0,75158.0,102204.0,38085.0,53379.0,31089.0,55723.0,23858.0,18093.0
2026-05-06 15:51:30.005247,424699,1609504953480203,2553392478,-0.802272,0.423584,0.562176,-1.65375,-0.23625,-2.4325,-8.912001,-44.128002,-30.720001,inter_set_rest,4,5.0,43079.0,46864.0,75117.0,102176.0,38072.0,53392.0,31086.0,55760.0,23885.0,18116.0
2026-05-06 15:51:30.007775,424700,1609504953489164,2553401298,-0.806176,0.41968,0.530944,-2.835,-0.42,-1.54,-9.232,-45.392002,-29.872002,inter_set_rest,4,5.0,43079.0,46864.0,75117.0,102176.0,38072.0,53392.0,31086.0,55760.0,23885.0,18116.0
2026-05-06 15:51:30.010276,424701,1609504953503737,2553416212,-0.813984,0.423584,0.523136,-3.35125,-0.5775,-1.19875,-8.784,-45.808002,-27.52,inter_set_rest,4,5.0,43079.0,46864.0,75117.0,102176.0,38072.0,53392.0,31086.0,55760.0,23885.0,18116.0
2026-05-06 15:51:30.014069,424702,1609504953512905,2553425084,-0.813984,0.423584,0.523136,-3.56125,-1.1025,-1.1725,-8.784,-45.808002,-27.52,inter_set_rest,4,5.0,43079.0,46864.0,75117.0,102176.0,38072.0,53392.0,31086.0,55760.0,23885.0,18116.0
2026-05-06 15:51:30.022788,424703,1609504953522087,2553433910,-0.813984,0.423584,0.523136,-3.36875,-1.26,-1.61,-8.784,-45.808002,-27.52,inter_set_rest,4,5.0,43079.0,46864.0,75117.0,102176.0,38072.0,53392.0,31086.0,55760.0,23885.0,18116.0
2026-05-06 15:51:30.036619,424704,1609504953536578,2553448843,-0.806176,0.413824,0.55632,-2.5375,-1.2775,-2.1525,-9.392,-43.792004,-28.888,inter_set_rest,4,5.0,43079.0,46864.0,75117.0,102176.0,38072.0,53392.0,31086.0,55760.0,23885.0,18116.0
2026-05-06 15:51:30.050245,424705,1609504953545591,2553457609,-0.802272,0.415776,0.554368,-2.8525,-1.54,-1.93375,-9.320001,-43.736004,-30.880001,inter_set_rest,4,5.0,43079.0,46864.0,75117.0,102176.0,38072.0,53392.0,31086.0,55760.0,23885.0,18116.0
2026-05-06 15:51:30.067487,424706,1609504953560064,2553472543,-0.802272,0.415776,0.554368,-3.815,-1.505,-1.58375,-9.320001,-43.736004,-30.880001,inter_set_rest,4,5.0,43079.0,46864.0,75117.0,102176.0,38072.0,53392.0,31086.0,55760.0,23885.0,18116.0
2026-05-06 15:51:30.069829,424707,1609504953568987,2553481317,-0.788608,0.41968,0.60512,-3.85875,-1.68,-1.505,-9.152,-43.496002,-30.736002,inter_set_rest,4,5.0,43079.0,46864.0,75117.0,102176.0,38072.0,53392.0,31086.0,55760.0,23885.0,18116.0
2026-05-06 15:51:30.146572,424718,1609504953583778,2553496330,-0.798368,0.411872,0.573888,-3.84125,-1.72375,-1.51375,-9.152,-44.176003,-27.920002,inter_set_rest,4,5.0,42991.0,46766.0,75025.0,102105.0,37989.0,53308.0,31009.0,55693.0,23833.0,18060.0
2026-05-06 15:51:30.162353,424719,1609504953592774,2553505235,-0.798368,0.411872,0.573888,-2.94,-1.70625,-2.37125,-9.152,-44.176003,-27.920002,inter_set_rest,4,5.0,42991.0,46766.0,75025.0,102105.0,37989.0,53308.0,31009.0,55693.0,23833.0,18060.0
2026-05-06 15:51:30.163639,424720,1609504953601751,2553514033,-0.798368,0.411872,0.573888,-1.8375,-1.3825,-2.6775,-9.152,-44.176003,-27.920002,inter_set_rest,4,5.0,42991.0,46766.0,75025.0,102105.0,37989.0,53308.0,31009.0,55693.0,23833.0,18060.0
2026-05-06 15:51:30.165188,424721,1609504953616235,2553528925,-0.796416,0.411872,0.571936,-1.00625,-1.0675,-3.15875,-9.56,-45.064003,-29.768002,inter_set_rest,4,5.0,42991.0,46766.0,75025.0,102105.0,37989.0,53308.0,31009.0,55693.0,23833.0,18060.0
2026-05-06 15:51:30.167734,424722,1609504953625164,2553537642,-0.794464,0.415776,0.571936,0.035,-1.16375,-3.535,-9.256001,-43.920002,-28.528002,inter_set_rest,4,5.0,42991.0,46766.0,75025.0,102105.0,37989.0,53308.0,31009.0,55693.0,23833.0,18060.0
2026-05-06 15:51:30.170103,424723,1609504953639644,2553550480,-0.794464,0.415776,0.571936,0.5425,-1.3475,-3.43,-9.256001,-43.920002,-28.528002,inter_set_rest,4,5.0,42991.0,46766.0,75025.0,102105.0,37989.0,53308.0,31009.0,55693.0,23833.0,18060.0
2026-05-06 15:51:30.172649,424724,1609504953648920,2553561260,-0.788608,0.415776,0.554368,0.455,-0.79625,-3.465,-9.256001,-44.312,-30.968002,inter_set_rest,4,5.0,42991.0,46766.0,75025.0,102105.0,37989.0,53308.0,31009.0,55693.0,23833.0,18060.0
2026-05-06 15:51:30.175109,424725,1609504953657920,2553569920,-0.788608,0.415776,0.554368,0.6475,-1.30375,-3.92875,-9.256001,-44.312,-30.968002,inter_set_rest,4,5.0,42991.0,46766.0,75025.0,102105.0,37989.0,53308.0,31009.0,55693.0,23833.0,18060.0
2026-05-06 15:51:30.177489,424726,1609504953672475,2553584913,-0.794464,0.417728,0.54656,0.27125,-1.58375,-4.05125,-9.136001,-43.552002,-30.952002,inter_set_rest,4,5.0,42991.0,46766.0,75025.0,102105.0,37989.0,53308.0,31009.0,55693.0,23833.0,18060.0
2026-05-06 15:51:30.205123,424737,1609504953681580,2553593658,-0.794464,0.417728,0.54656,-0.42,-1.46125,-4.17375,-9.136001,-43.552002,-30.952002,inter_set_rest,4,5.0,42922.0,46702.0,74977.0,101950.0,37870.0,53214.0,30967.0,55601.0,23758.0,17996.0
2026-05-06 15:51:30.211478,424738,1609504953696305,2553608673,-0.794464,0.411872,0.534848,-1.3825,-1.785,-5.0225,-9.304001,-44.224003,-30.704002,inter_set_rest,4,5.0,42922.0,46702.0,74977.0,101950.0,37870.0,53214.0,30967.0,55601.0,23758.0,17996.0
2026-05-06 15:51:30.213939,424739,1609504953705258,2553617429,-0.776896,0.411872,0.56608,-1.25125,-2.0475,-5.5125,-9.392,-43.648003,-31.192001,inter_set_rest,4,5.0,42922.0,46702.0,74977.0,101950.0,37870.0,53214.0,30967.0,55601.0,23758.0,17996.0
2026-05-06 15:51:30.216507,424740,1609504953714221,2553626160,-0.776896,0.411872,0.56608,0.18375,-2.68625,-5.36375,-9.392,-43.648003,-31.192001,inter_set_rest,4,5.0,42922.0,46702.0,74977.0,101950.0,37870.0,53214.0,30967.0,55601.0,23758.0,17996.0
2026-05-06 15:51:30.232767,424741,1609504953728711,2553641185,-0.763232,0.40992,0.587552,2.135,-2.485,-5.69625,-8.928,-45.424004,-30.160002,inter_set_rest,4,5.0,42922.0,46702.0,74977.0,101950.0,37870.0,53214.0,30967.0,55601.0,23758.0,17996.0
2026-05-06 15:51:30.239038,424742,1609504953737622,2553649898,-0.763232,0.40992,0.587552,5.7925,-2.3625,-5.7925,-8.928,-45.424004,-30.160002,inter_set_rest,4,5.0,42922.0,46702.0,74977.0,101950.0,37870.0,53214.0,30967.0,55601.0,23758.0,17996.0
2026-05-06 15:51:30.260228,424743,1609504953752178,2553664921,-0.7808,0.42944,0.579744,4.4275,-2.17875,-4.865,-8.984,-43.432003,-31.088001,inter_set_rest,4,5.0,42922.0,46702.0,74977.0,101950.0,37870.0,53214.0,30967.0,55601.0,23758.0,17996.0
2026-05-06 15:51:30.262631,424744,1609504953761269,2553673634,-0.7808,0.42944,0.579744,1.7325,-2.1,-4.45375,-8.984,-43.432003,-31.088001,inter_set_rest,4,5.0,42922.0,46702.0,74977.0,101950.0,37870.0,53214.0,30967.0,55601.0,23758.0,17996.0
2026-05-06 15:51:30.276432,424745,1609504953775735,2553686541,-0.77104,0.41968,0.589504,0.27125,-2.0125,-4.45375,-9.088,-44.056004,-30.832,inter_set_rest,4,5.0,42922.0,46702.0,74977.0,101950.0,37870.0,53214.0,30967.0,55601.0,23758.0,17996.0
2026-05-06 15:51:30.332660,424756,1609504953785018,2553697382,-0.786656,0.417728,0.532896,0.53375,-2.1,-4.375,-9.120001,-45.600002,-29.304,inter_set_rest,4,5.0,42956.0,46713.0,74908.0,101953.0,37909.0,53239.0,30951.0,55632.0,23756.0,18001.0
2026-05-06 15:51:30.335024,424757,1609504953794019,2553706142,-0.786656,0.417728,0.532896,0.23625,-2.3625,-4.03375,-9.120001,-45.600002,-29.304,inter_set_rest,4,5.0,42956.0,46713.0,74908.0,101953.0,37909.0,53239.0,30951.0,55632.0,23756.0,18001.0
2026-05-06 15:51:30.337482,424758,1609504953808562,2553721117,-0.7808,0.41968,0.54656,-1.46125,-2.24875,-2.77375,-9.384001,-45.768,-30.912,inter_set_rest,4,5.0,42956.0,46713.0,74908.0,101953.0,37909.0,53239.0,30951.0,55632.0,23756.0,18001.0
2026-05-06 15:51:30.340002,424759,1609504953817510,2553729805,-0.7808,0.41968,0.54656,-2.765,-2.28375,-2.38875,-9.384001,-45.768,-30.912,inter_set_rest,4,5.0,42956.0,46713.0,74908.0,101953.0,37909.0,53239.0,30951.0,55632.0,23756.0,18001.0
2026-05-06 15:51:30.342630,424760,1609504953832024,2553744693,-0.767136,0.423584,0.60512,-4.13875,-2.12625,-1.82875,-9.208,-44.160004,-31.520002,inter_set_rest,4,5.0,42956.0,46713.0,74908.0,101953.0,37909.0,53239.0,30951.0,55632.0,23756.0,18001.0
2026-05-06 15:51:30.345216,424761,1609504953840960,2553753454,-0.767136,0.423584,0.60512,-4.26125,-2.03875,-1.8725,-9.208,-44.160004,-31.520002,inter_set_rest,4,5.0,42956.0,46713.0,74908.0,101953.0,37909.0,53239.0,30951.0,55632.0,23756.0,18001.0
2026-05-06 15:51:30.351557,424762,1609504953849916,2553762343,-0.784704,0.41968,0.550464,-4.31375,-1.93375,-1.4525,-9.704,-47.216003,-28.592001,inter_set_rest,4,5.0,42956.0,46713.0,74908.0,101953.0,37909.0,53239.0,30951.0,55632.0,23756.0,18001.0
2026-05-06 15:51:30.365033,424763,1609504953864434,2553775220,-0.784704,0.41968,0.550464,-4.06,-1.8025,-1.4875,-9.704,-47.216003,-28.592001,inter_set_rest,4,5.0,42956.0,46713.0,74908.0,101953.0,37909.0,53239.0,30951.0,55632.0,23756.0,18001.0
2026-05-06 15:51:30.373874,424764,1609504953873798,2553786084,-0.776896,0.431392,0.59536,-4.5325,-2.23125,-1.21625,-9.480001,-45.128002,-30.560001,inter_set_rest,4,5.0,42956.0,46713.0,74908.0,101953.0,37909.0,53239.0,30951.0,55632.0,23756.0,18001.0
2026-05-06 15:51:30.401545,424775,1609504953888548,2553801195,-0.769088,0.421632,0.57584,-4.61125,-2.24875,-0.91,-9.056001,-43.68,-31.12,inter_set_rest,4,5.0,42967.0,46706.0,74918.0,102051.0,37904.0,53256.0,30936.0,55720.0,23780.0,18036.0
2026-05-06 15:51:30.403950,424776,1609504953897581,2553809906,-0.769088,0.421632,0.57584,-4.76,-1.86375,-0.58625,-9.056001,-43.68,-31.12,inter_set_rest,4,5.0,42967.0,46706.0,74918.0,102051.0,37904.0,53256.0,30936.0,55720.0,23780.0,18036.0
2026-05-06 15:51:30.406585,424777,1609504953906679,2553818729,-0.788608,0.427488,0.56608,-5.4075,-1.575,-0.34125,-9.088,-44.04,-28.320002,inter_set_rest,4,5.0,42967.0,46706.0,74918.0,102051.0,37904.0,53256.0,30936.0,55720.0,23780.0,18036.0
2026-05-06 15:51:30.429059,424778,1609504953921150,2553833647,-0.788608,0.427488,0.56608,-4.865,-1.53125,-0.41125,-9.088,-44.04,-28.320002,inter_set_rest,4,5.0,42967.0,46706.0,74918.0,102051.0,37904.0,53256.0,30936.0,55720.0,23780.0,18036.0
2026-05-06 15:51:30.431594,424779,1609504953930073,2553842388,-0.798368,0.423584,0.538752,-4.69,-1.015,-0.42,-9.76,-45.384003,-29.632002,inter_set_rest,4,5.0,42967.0,46706.0,74918.0,102051.0,37904.0,53256.0,30936.0,55720.0,23780.0,18036.0
2026-05-06 15:51:30.465146,424780,1609504953944755,2553857310,-0.798368,0.423584,0.538752,-4.655,-1.1375,-0.6475,-9.76,-45.384003,-29.632002,inter_set_rest,4,5.0,42967.0,46706.0,74918.0,102051.0,37904.0,53256.0,30936.0,55720.0,23780.0,18036.0
2026-05-06 15:51:30.467494,424781,1609504953953692,2553866076,-0.792512,0.417728,0.554368,-4.6725,-1.09375,-0.56875,-9.624001,-43.808002,-29.712002,inter_set_rest,4,5.0,42967.0,46706.0,74918.0,102051.0,37904.0,53256.0,30936.0,55720.0,23780.0,18036.0
2026-05-06 15:51:30.492593,424782,1609504953968177,2553878925,-0.79056,0.423584,0.581696,-4.6025,-0.60375,-0.97125,-8.912001,-43.688004,-30.784002,inter_set_rest,4,5.0,42967.0,46706.0,74918.0,102051.0,37904.0,53256.0,30936.0,55720.0,23780.0,18036.0
2026-05-06 15:51:30.557601,424793,1609504953977393,2553889772,-0.79056,0.423584,0.581696,-3.885,-0.7525,-0.945,-8.912001,-43.688004,-30.784002,inter_set_rest,4,5.0,42934.0,46696.0,74880.0,102116.0,37880.0,53254.0,30926.0,55750.0,23773.0,18056.0
2026-05-06 15:51:30.559996,424794,1609504953986394,2553898502,-0.788608,0.41968,0.593408,-3.4825,-1.0325,-1.42625,-9.432,-43.816,-31.528002,inter_set_rest,4,5.0,42934.0,46696.0,74880.0,102116.0,37880.0,53254.0,30926.0,55750.0,23773.0,18056.0
2026-05-06 15:51:30.562623,424795,1609504954000906,2553913456,-0.788608,0.41968,0.593408,-2.7475,-0.41125,-2.02125,-9.432,-43.816,-31.528002,inter_set_rest,4,5.0,42934.0,46696.0,74880.0,102116.0,37880.0,53254.0,30926.0,55750.0,23773.0,18056.0
2026-05-06 15:51:30.565144,424796,1609504954009802,2553922156,-0.778848,0.406016,0.589504,-2.45,-0.34125,-1.8725,-9.464001,-43.712,-31.104002,inter_set_rest,4,5.0,42934.0,46696.0,74880.0,102116.0,37880.0,53254.0,30926.0,55750.0,23773.0,18056.0
2026-05-06 15:51:30.567586,424797,1609504954024335,2553937087,-0.778848,0.406016,0.589504,-2.17,-0.00875,-2.0825,-9.464001,-43.712,-31.104002,inter_set_rest,4,5.0,42934.0,46696.0,74880.0,102116.0,37880.0,53254.0,30926.0,55750.0,23773.0,18056.0
2026-05-06 15:51:30.570108,424798,1609504954033313,2553945784,-0.80032,0.407968,0.542656,-1.54875,0.3675,-2.2575,-9.072001,-44.224003,-31.088001,inter_set_rest,4,5.0,42934.0,46696.0,74880.0,102116.0,37880.0,53254.0,30926.0,55750.0,23773.0,18056.0
2026-05-06 15:51:30.572643,424799,1609504954047910,2553958666,-0.776896,0.404064,0.57584,-1.3475,0.46375,-2.0475,-9.504001,-43.768,-29.768002,inter_set_rest,4,5.0,42934.0,46696.0,74880.0,102116.0,37880.0,53254.0,30926.0,55750.0,23773.0,18056.0
2026-05-06 15:51:30.575224,424800,1609504954057113,2553969519,-0.776896,0.404064,0.57584,-1.18125,0.21875,-2.2575,-9.504001,-43.768,-29.768002,inter_set_rest,4,5.0,42934.0,46696.0,74880.0,102116.0,37880.0,53254.0,30926.0,55750.0,23773.0,18056.0
2026-05-06 15:51:30.577563,424801,1609504954066057,2553978243,-0.776896,0.404064,0.57584,-0.35875,0.56875,-2.52875,-9.504001,-43.768,-29.768002,inter_set_rest,4,5.0,42934.0,46696.0,74880.0,102116.0,37880.0,53254.0,30926.0,55750.0,23773.0,18056.0
2026-05-06 15:51:30.605199,424812,1609504954081028,2553993218,-0.798368,0.407968,0.562176,-0.32375,0.3325,-2.7825,-9.608001,-43.864002,-31.552002,inter_set_rest,4,5.0,42922.0,46699.0,74845.0,102081.0,37893.0,53272.0,30939.0,55761.0,23770.0,18075.0
2026-05-06 15:51:30.607618,424813,1609504954090133,2554002046,-0.79056,0.407968,0.56608,-0.21875,0.49,-2.94,-9.624001,-44.152,-29.872002,inter_set_rest,4,5.0,42922.0,46699.0,74845.0,102081.0,37893.0,53272.0,30939.0,55761.0,23770.0,18075.0
2026-05-06 15:51:30.609894,424814,1609504954099077,2554010811,-0.79056,0.407968,0.56608,-0.44625,0.63875,-2.31,-9.624001,-44.152,-29.872002,inter_set_rest,4,5.0,42922.0,46699.0,74845.0,102081.0,37893.0,53272.0,30939.0,55761.0,23770.0,18075.0
2026-05-06 15:51:30.616250,424815,1609504954113709,2554025844,-0.788608,0.41968,0.599264,-0.21875,0.7175,-1.995,-9.56,-45.608,-29.328001,inter_set_rest,4,5.0,42922.0,46699.0,74845.0,102081.0,37893.0,53272.0,30939.0,55761.0,23770.0,18075.0
2026-05-06 15:51:30.622457,424816,1609504954122716,2554034572,-0.788608,0.41968,0.599264,0.58625,0.72625,-2.3975,-9.56,-45.608,-29.328001,inter_set_rest,4,5.0,42922.0,46699.0,74845.0,102081.0,37893.0,53272.0,30939.0,55761.0,23770.0,18075.0
2026-05-06 15:51:30.651140,424817,1609504954137181,2554049490,-0.782752,0.41968,0.589504,0.95375,0.35875,-2.7825,-9.424001,-44.472004,-30.880001,inter_set_rest,4,5.0,42922.0,46699.0,74845.0,102081.0,37893.0,53272.0,30939.0,55761.0,23770.0,18075.0
2026-05-06 15:51:30.651276,424818,1609504954146052,2554058194,-0.782752,0.41968,0.589504,1.25125,-0.02625,-2.73,-9.424001,-44.472004,-30.880001,inter_set_rest,4,5.0,42922.0,46699.0,74845.0,102081.0,37893.0,53272.0,30939.0,55761.0,23770.0,18075.0
2026-05-06 15:51:30.681563,424819,1609504954160568,2554073086,-0.792512,0.427488,0.56608,1.8025,-0.3325,-2.63375,-9.528001,-43.648003,-31.096,inter_set_rest,4,5.0,42922.0,46699.0,74845.0,102081.0,37893.0,53272.0,30939.0,55761.0,23770.0,18075.0
2026-05-06 15:51:30.684017,424820,1609504954169470,2554081854,-0.796416,0.42944,0.564128,2.1525,-0.385,-3.2725,-9.440001,-43.928,-31.208002,inter_set_rest,4,5.0,42922.0,46699.0,74845.0,102081.0,37893.0,53272.0,30939.0,55761.0,23770.0,18075.0
2026-05-06 15:51:30.711564,424831,1609504954178412,2554091055,-0.796416,0.42944,0.564128,2.10875,-0.65625,-3.185,-9.440001,-43.928,-31.208002,inter_set_rest,4,5.0,42881.0,46630.0,74835.0,101951.0,37832.0,53200.0,30910.0,55681.0,23750.0,18026.0
2026-05-06 15:51:30.714016,424832,1609504954193017,2554103969,-0.778848,0.433344,0.579744,2.24,-0.6475,-2.93125,-9.536,-44.032,-31.064001,inter_set_rest,4,5.0,42881.0,46630.0,74835.0,101951.0,37832.0,53200.0,30910.0,55681.0,23750.0,18026.0
2026-05-06 15:51:30.716474,424833,1609504954202521,2554114794,-0.778848,0.433344,0.579744,2.6775,-0.63,-3.10625,-9.536,-44.032,-31.064001,inter_set_rest,4,5.0,42881.0,46630.0,74835.0,101951.0,37832.0,53200.0,30910.0,55681.0,23750.0,18026.0
2026-05-06 15:51:30.718986,424834,1609504954217074,2554129771,-0.792512,0.435296,0.54656,2.80875,-0.83125,-3.5875,-9.856001,-44.528004,-31.2,inter_set_rest,4,5.0,42881.0,46630.0,74835.0,101951.0,37832.0,53200.0,30910.0,55681.0,23750.0,18026.0
2026-05-06 15:51:30.727701,424835,1609504954225999,2554138544,-0.792512,0.435296,0.54656,1.60125,-1.14625,-3.42125,-9.856001,-44.528004,-31.2,inter_set_rest,4,5.0,42881.0,46630.0,74835.0,101951.0,37832.0,53200.0,30910.0,55681.0,23750.0,18026.0
2026-05-06 15:51:30.736515,424836,1609504954234932,2554147285,-0.774944,0.433344,0.558272,0.76125,-1.085,-2.8175,-9.888001,-44.056004,-33.128002,inter_set_rest,4,5.0,42881.0,46630.0,74835.0,101951.0,37832.0,53200.0,30910.0,55681.0,23750.0,18026.0
2026-05-06 15:51:30.749890,424837,1609504954249461,2554160277,-0.769088,0.431392,0.560224,-0.07875,-1.2075,-2.44125,-9.424001,-43.752003,-32.960003,inter_set_rest,4,5.0,42881.0,46630.0,74835.0,101951.0,37832.0,53200.0,30910.0,55681.0,23750.0,18026.0
2026-05-06 15:51:30.758606,424838,1609504954258730,2554171090,-0.769088,0.431392,0.560224,-1.16375,-1.1725,-2.23125,-9.424001,-43.752003,-32.960003,inter_set_rest,4,5.0,42881.0,46630.0,74835.0,101951.0,37832.0,53200.0,30910.0,55681.0,23750.0,18026.0
2026-05-06 15:51:30.772548,424839,1609504954273260,2554184017,-0.778848,0.437248,0.577792,-1.5225,-1.37375,-2.38,-9.952001,-45.296,-30.544,inter_set_rest,4,5.0,42881.0,46630.0,74835.0,101951.0,37832.0,53200.0,30910.0,55681.0,23750.0,18026.0
2026-05-06 15:51:30.806604,424850,1609504954283111,2554194899,-0.778848,0.437248,0.577792,-2.51125,-1.2775,-1.8025,-9.952001,-45.296,-30.544,inter_set_rest,4,5.0,42809.0,46598.0,74688.0,101867.0,37749.0,53118.0,30833.0,55618.0,23698.0,17987.0
2026-05-06 15:51:30.809018,424851,1609504954292296,2554203627,-0.772992,0.433344,0.587552,-2.7825,-1.47,-1.47875,-9.792001,-46.128002,-30.272001,inter_set_rest,4,5.0,42809.0,46598.0,74688.0,101867.0,37749.0,53118.0,30833.0,55618.0,23698.0,17987.0
2026-05-06 15:51:30.813846,424852,1609504954306866,2554218707,-0.772992,0.433344,0.587552,-3.0275,-1.435,-1.3825,-9.792001,-46.128002,-30.272001,inter_set_rest,4,5.0,42809.0,46598.0,74688.0,101867.0,37749.0,53118.0,30833.0,55618.0,23698.0,17987.0
2026-05-06 15:51:30.816381,424853,1609504954315798,2554227416,-0.786656,0.443104,0.581696,-2.80875,-1.5925,-1.505,-9.688001,-45.624,-30.656002,inter_set_rest,4,5.0,42809.0,46598.0,74688.0,101867.0,37749.0,53118.0,30833.0,55618.0,23698.0,17987.0
2026-05-06 15:51:30.855134,424854,1609504954330309,2554242376,-0.7808,0.445056,0.579744,-2.54625,-1.6625,-1.2425,-9.744,-43.896004,-31.664001,inter_set_rest,4,5.0,42809.0,46598.0,74688.0,101867.0,37749.0,53118.0,30833.0,55618.0,23698.0,17987.0
2026-05-06 15:51:30.880241,424855,1609504954339354,2554251123,-0.7808,0.445056,0.579744,-2.8175,-1.1725,-1.085,-9.744,-43.896004,-31.664001,inter_set_rest,4,5.0,42809.0,46598.0,74688.0,101867.0,37749.0,53118.0,30833.0,55618.0,23698.0,17987.0
2026-05-06 15:51:30.891592,424856,1609504954348272,2554259807,-0.7808,0.445056,0.525088,-2.6775,-1.25125,-1.155,-9.744,-43.896004,-31.664001,inter_set_rest,4,5.0,42809.0,46598.0,74688.0,101867.0,37749.0,53118.0,30833.0,55618.0,23698.0,17987.0
2026-05-06 15:51:30.893808,424857,1609504954362743,2554274704,-0.794464,0.435296,0.525088,-2.94875,-1.18125,-0.95375,-9.776,-43.968002,-32.032,inter_set_rest,4,5.0,42809.0,46598.0,74688.0,101867.0,37749.0,53118.0,30833.0,55618.0,23698.0,17987.0
2026-05-06 15:51:30.896403,424858,1609504954371678,2554283466,-0.792512,0.435296,0.538752,-4.025,-1.09375,-0.5075,-9.912001,-43.968002,-31.184002,inter_set_rest,4,5.0,42809.0,46598.0,74688.0,101867.0,37749.0,53118.0,30833.0,55618.0,23698.0,17987.0
2026-05-06 15:51:30.923884,424869,1609504954386357,2554298563,-0.792512,0.435296,0.538752,-4.27,-1.33875,0.175,-9.912001,-43.968002,-31.184002,inter_set_rest,4,5.0,42792.0,46614.0,74691.0,101971.0,37765.0,53140.0,30840.0,55699.0,23713.0,18030.0
2026-05-06 15:51:30.928012,424870,1609504954395283,2554307329,-0.77104,0.435296,0.569984,-3.885,-1.14625,-0.175,-9.744,-44.08,-31.520002,inter_set_rest,4,5.0,42792.0,46614.0,74691.0,101971.0,37765.0,53140.0,30840.0,55699.0,23713.0,18030.0
2026-05-06 15:51:30.928691,424871,1609504954409989,2554322362,-0.776896,0.425536,0.550464,-3.70125,-1.02375,-0.63875,-9.84,-45.512,-30.536001,inter_set_rest,4,5.0,42792.0,46614.0,74691.0,101971.0,37765.0,53140.0,30840.0,55699.0,23713.0,18030.0
2026-05-06 15:51:30.931276,424872,1609504954418990,2554331132,-0.776896,0.425536,0.550464,-4.29625,-1.2075,-1.09375,-9.84,-45.512,-30.536001,inter_set_rest,4,5.0,42792.0,46614.0,74691.0,101971.0,37765.0,53140.0,30840.0,55699.0,23713.0,18030.0
2026-05-06 15:51:30.936899,424873,1609504954427906,2554339831,-0.776896,0.425536,0.550464,-5.6,-1.505,-0.88375,-9.84,-45.512,-30.536001,inter_set_rest,4,5.0,42792.0,46614.0,74691.0,101971.0,37765.0,53140.0,30840.0,55699.0,23713.0,18030.0
2026-05-06 15:51:30.965174,424874,1609504954442593,2554354782,-0.774944,0.427488,0.597312,-6.4225,-1.39125,-0.1225,-10.200001,-45.432003,-32.064003,inter_set_rest,4,5.0,42792.0,46614.0,74691.0,101971.0,37765.0,53140.0,30840.0,55699.0,23713.0,18030.0
2026-05-06 15:51:30.967718,424875,1609504954451527,2554363558,-0.765184,0.41968,0.609024,-5.9325,-1.35625,-0.18375,-9.944,-43.728,-31.240002,inter_set_rest,4,5.0,42792.0,46614.0,74691.0,101971.0,37765.0,53140.0,30840.0,55699.0,23713.0,18030.0
2026-05-06 15:51:30.970227,424876,1609504954466006,2554378468,-0.765184,0.41968,0.609024,-6.48375,-1.70625,-0.56875,-9.944,-43.728,-31.240002,inter_set_rest,4,5.0,42792.0,46614.0,74691.0,101971.0,37765.0,53140.0,30840.0,55699.0,23713.0,18030.0
2026-05-06 15:51:30.976491,424877,1609504954474958,2554387196,-0.778848,0.413824,0.564128,-6.37,-1.365,-0.3675,-10.024,-43.824,-31.152002,inter_set_rest,4,5.0,42792.0,46614.0,74691.0,101971.0,37765.0,53140.0,30840.0,55699.0,23713.0,18030.0
2026-05-06 15:51:31.007763,424888,1609504954489596,2554402291,-0.778848,0.41968,0.61488,-5.495,-0.56875,-0.69125,-10.024,-43.824,-31.152002,inter_set_rest,4,5.0,42810.0,46608.0,74636.0,102026.0,37769.0,53206.0,30814.0,55727.0,23718.0,18061.0
2026-05-06 15:51:31.010309,424889,1609504954498572,2554411043,-0.769088,0.41968,0.61488,-4.80375,-0.21875,-1.0325,-10.160001,-45.304,-30.304,inter_set_rest,4,5.0,42810.0,46608.0,74636.0,102026.0,37769.0,53206.0,30814.0,55727.0,23718.0,18061.0
2026-05-06 15:51:31.012781,424890,1609504954507632,2554419856,-0.769088,0.41968,0.61488,-3.36,0.0,-1.4175,-10.160001,-45.304,-30.304,inter_set_rest,4,5.0,42810.0,46608.0,74636.0,102026.0,37769.0,53206.0,30814.0,55727.0,23718.0,18061.0
2026-05-06 15:51:31.030554,424891,1609504954522240,2554434851,-0.77104,0.421632,0.603168,-2.30125,0.70875,-2.05625,-10.368,-46.736004,-28.528002,inter_set_rest,4,5.0,42810.0,46608.0,74636.0,102026.0,37769.0,53206.0,30814.0,55727.0,23718.0,18061.0
2026-05-06 15:51:31.033903,424892,1609504954531158,2554443549,-0.763232,0.42944,0.60512,-0.49875,0.63875,-3.01875,-10.056001,-43.768,-31.408,inter_set_rest,4,5.0,42810.0,46608.0,74636.0,102026.0,37769.0,53206.0,30814.0,55727.0,23718.0,18061.0
2026-05-06 15:51:31.047380,424893,1609504954545804,2554458468,-0.763232,0.42944,0.60512,0.6475,0.84,-3.4125,-10.056001,-43.768,-31.408,inter_set_rest,4,5.0,42810.0,46608.0,74636.0,102026.0,37769.0,53206.0,30814.0,55727.0,23718.0,18061.0
2026-05-06 15:51:31.056501,424894,1609504954554746,2554467219,-0.77104,0.433344,0.583648,1.25125,0.49875,-4.095,-9.936001,-43.840004,-31.400002,inter_set_rest,4,5.0,42810.0,46608.0,74636.0,102026.0,37769.0,53206.0,30814.0,55727.0,23718.0,18061.0
2026-05-06 15:51:31.065198,424895,1609504954563734,2554475934,-0.77104,0.433344,0.583648,0.21,0.35,-4.165,-9.936001,-43.840004,-31.400002,inter_set_rest,4,5.0,42810.0,46608.0,74636.0,102026.0,37769.0,53206.0,30814.0,55727.0,23718.0,18061.0
2026-05-06 15:51:31.098988,424896,1609504954578245,2554490853,-0.763232,0.421632,0.558272,-0.35875,0.0875,-3.815,-9.904,-43.88,-31.28,inter_set_rest,4,5.0,42810.0,46608.0,74636.0,102026.0,37769.0,53206.0,30814.0,55727.0,23718.0,18061.0
2026-05-06 15:51:31.131441,424908,1609504954587297,2554499701,-0.763232,0.421632,0.558272,-1.42625,0.5775,-3.57,-9.904,-43.88,-31.28,inter_set_rest,4,5.0,42792.0,46624.0,74661.0,101938.0,37756.0,53215.0,30845.0,55690.0,23711.0,18064.0
2026-05-06 15:51:31.133829,424909,1609504954601785,2554512759,-0.79056,0.431392,0.544608,-2.345,0.5425,-2.6075,-9.68,-44.432003,-31.248001,inter_set_rest,4,5.0,42792.0,46624.0,74661.0,101938.0,37756.0,53215.0,30845.0,55690.0,23711.0,18064.0
2026-05-06 15:51:31.136411,424910,1609504954611386,2554523600,-0.802272,0.4392,0.558272,-2.52,0.56,-2.8525,-10.104,-45.456,-29.904001,inter_set_rest,4,5.0,42792.0,46624.0,74661.0,101938.0,37756.0,53215.0,30845.0,55690.0,23711.0,18064.0
2026-05-06 15:51:31.138773,424911,1609504954620361,2554532409,-0.802272,0.4392,0.558272,-1.91625,0.595,-2.8875,-10.104,-45.456,-29.904001,inter_set_rest,4,5.0,42792.0,46624.0,74661.0,101938.0,37756.0,53215.0,30845.0,55690.0,23711.0,18064.0
2026-05-06 15:51:31.141456,424912,1609504954635052,2554547419,-0.798368,0.433344,0.544608,-1.32125,0.77875,-2.87,-10.152,-45.168003,-30.048002,inter_set_rest,4,5.0,42792.0,46624.0,74661.0,101938.0,37756.0,53215.0,30845.0,55690.0,23711.0,18064.0
2026-05-06 15:51:31.143664,424913,1609504954644124,2554556195,-0.798368,0.433344,0.544608,-0.035,0.7,-3.4825,-10.152,-45.168003,-30.048002,inter_set_rest,4,5.0,42792.0,46624.0,74661.0,101938.0,37756.0,53215.0,30845.0,55690.0,23711.0,18064.0
2026-05-06 15:51:31.160188,424914,1609504954658636,2554571116,-0.796416,0.433344,0.548512,0.88375,0.2275,-3.8325,-9.944,-45.68,-30.168001,inter_set_rest,4,5.0,42792.0,46624.0,74661.0,101938.0,37756.0,53215.0,30845.0,55690.0,23711.0,18064.0
2026-05-06 15:51:31.168940,424915,1609504954667557,2554579832,-0.796416,0.433344,0.548512,1.09375,0.805,-3.745,-9.944,-45.68,-30.168001,inter_set_rest,4,5.0,42792.0,46624.0,74661.0,101938.0,37756.0,53215.0,30845.0,55690.0,23711.0,18064.0
2026-05-06 15:51:31.177601,424916,1609504954676478,2554588715,-0.796416,0.437248,0.56608,0.595,0.25375,-3.78,-10.032001,-44.984,-30.152002,inter_set_rest,4,5.0,42792.0,46624.0,74661.0,101938.0,37756.0,53215.0,30845.0,55690.0,23711.0,18064.0
2026-05-06 15:51:31.251578,424927,1609504954691092,2554603766,-0.796416,0.441152,0.587552,0.175,-0.07875,-3.54375,-10.032001,-44.984,-30.152002,inter_set_rest,4,5.0,42781.0,46597.0,74711.0,101914.0,37744.0,53166.0,30861.0,55671.0,23718.0,18038.0
2026-05-06 15:51:31.266564,424928,1609504954700264,2554612514,-0.772992,0.441152,0.587552,-0.5425,-0.4375,-2.9575,-10.016001,-47.088,-28.712002,inter_set_rest,4,5.0,42781.0,46597.0,74711.0,101914.0,37744.0,53166.0,30861.0,55671.0,23718.0,18038.0
2026-05-06 15:51:31.268987,424929,1609504954714880,2554627536,-0.792512,0.435296,0.534848,-1.54,-0.55125,-2.42375,-9.568001,-43.824,-31.096,inter_set_rest,4,5.0,42781.0,46597.0,74711.0,101914.0,37744.0,53166.0,30861.0,55671.0,23718.0,18038.0
2026-05-06 15:51:31.271600,424930,1609504954723819,2554636235,-0.792512,0.435296,0.534848,-2.45,-0.4025,-1.68,-9.568001,-43.824,-31.096,inter_set_rest,4,5.0,42781.0,46597.0,74711.0,101914.0,37744.0,53166.0,30861.0,55671.0,23718.0,18038.0
2026-05-06 15:51:31.274008,424931,1609504954738318,2554649115,-0.776896,0.427488,0.542656,-3.73625,-0.32375,-1.37375,-10.032001,-43.856003,-30.656002,inter_set_rest,4,5.0,42781.0,46597.0,74711.0,101914.0,37744.0,53166.0,30861.0,55671.0,23718.0,18038.0
2026-05-06 15:51:31.276598,424932,1609504954747540,2554659915,-0.776896,0.427488,0.542656,-4.97875,-0.805,-0.5425,-10.032001,-43.856003,-30.656002,inter_set_rest,4,5.0,42781.0,46597.0,74711.0,101914.0,37744.0,53166.0,30861.0,55671.0,23718.0,18038.0
2026-05-06 15:51:31.278812,424933,1609504954756426,2554668819,-0.778848,0.437248,0.59536,-4.97,-1.4525,-0.65625,-10.016001,-44.472004,-31.28,inter_set_rest,4,5.0,42781.0,46597.0,74711.0,101914.0,37744.0,53166.0,30861.0,55671.0,23718.0,18038.0
2026-05-06 15:51:31.281552,424934,1609504954770964,2554681728,-0.778848,0.437248,0.59536,-4.40125,-1.79375,-1.085,-10.016001,-44.472004,-31.28,inter_set_rest,4,5.0,42781.0,46597.0,74711.0,101914.0,37744.0,53166.0,30861.0,55671.0,23718.0,18038.0
2026-05-06 15:51:31.283992,424935,1609504954780196,2554692572,-0.7808,0.435296,0.581696,-3.9375,-1.505,-1.44375,-9.728001,-45.744003,-31.856,inter_set_rest,4,5.0,42781.0,46597.0,74711.0,101914.0,37744.0,53166.0,30861.0,55671.0,23718.0,18038.0
2026-05-06 15:51:31.311171,424946,1609504954794919,2554705711,-0.784704,0.435296,0.548512,-2.86125,-1.11125,-2.03,-9.832001,-44.280003,-31.2,inter_set_rest,4,5.0,42756.0,46555.0,74652.0,101883.0,37779.0,53158.0,30817.0,55684.0,23710.0,18024.0
2026-05-06 15:51:31.313727,424947,1609504954804235,2554716549,-0.784704,0.435296,0.548512,-1.9775,-0.8225,-2.28375,-9.832001,-44.280003,-31.2,inter_set_rest,4,5.0,42756.0,46555.0,74652.0,101883.0,37779.0,53158.0,30817.0,55684.0,23710.0,18024.0
2026-05-06 15:51:31.316418,424948,1609504954813284,2554725252,-0.79056,0.4392,0.57584,-1.3475,-0.76125,-3.29875,-10.096001,-44.256,-30.632002,inter_set_rest,4,5.0,42756.0,46555.0,74652.0,101883.0,37779.0,53158.0,30817.0,55684.0,23710.0,18024.0
2026-05-06 15:51:31.330073,424949,1609504954827851,2554740242,-0.79056,0.4392,0.57584,-0.91875,-0.90125,-3.99,-10.096001,-44.256,-30.632002,inter_set_rest,4,5.0,42756.0,46555.0,74652.0,101883.0,37779.0,53158.0,30817.0,55684.0,23710.0,18024.0
2026-05-06 15:51:31.338884,424950,1609504954836767,2554748969,-0.7808,0.4392,0.583648,-0.63875,-0.90125,-4.165,-9.92,-44.440002,-30.016,inter_set_rest,4,5.0,42756.0,46555.0,74652.0,101883.0,37779.0,53158.0,30817.0,55684.0,23710.0,18024.0
2026-05-06 15:51:31.353985,424951,1609504954851292,2554763934,-0.7808,0.4392,0.583648,-0.48125,-0.3325,-4.12125,-9.92,-44.440002,-30.016,inter_set_rest,4,5.0,42756.0,46555.0,74652.0,101883.0,37779.0,53158.0,30817.0,55684.0,23710.0,18024.0
2026-05-06 15:51:31.362730,424952,1609504954860222,2554772750,-0.782752,0.445056,0.597312,-0.20125,0.21,-4.33125,-10.040001,-45.56,-28.232002,inter_set_rest,4,5.0,42756.0,46555.0,74652.0,101883.0,37779.0,53158.0,30817.0,55684.0,23710.0,18024.0
2026-05-06 15:51:31.371581,424953,1609504954869138,2554781501,-0.782752,0.445056,0.597312,0.315,0.51625,-4.76,-10.040001,-45.56,-28.232002,inter_set_rest,4,5.0,42756.0,46555.0,74652.0,101883.0,37779.0,53158.0,30817.0,55684.0,23710.0,18024.0
2026-05-06 15:51:31.385218,424954,1609504954883681,2554794450,-0.792512,0.445056,0.564128,0.39375,0.32375,-4.9175,-9.712001,-44.320004,-31.416002,inter_set_rest,4,5.0,42756.0,46555.0,74652.0,101883.0,37779.0,53158.0,30817.0,55684.0,23710.0,18024.0
2026-05-06 15:51:31.412615,424965,1609504954893399,2554805302,-0.7808,0.445056,0.593408,0.665,0.49,-4.59375,-9.824,-45.440002,-33.168003,inter_set_rest,4,5.0,42659.0,46466.0,74564.0,101657.0,37615.0,53050.0,30775.0,55540.0,23637.0,17972.0
2026-05-06 15:51:31.415189,424966,1609504954908084,2554820310,-0.7808,0.445056,0.593408,0.16625,0.79625,-4.71625,-9.824,-45.440002,-33.168003,inter_set_rest,4,5.0,42659.0,46466.0,74564.0,101657.0,37615.0,53050.0,30775.0,55540.0,23637.0,17972.0
2026-05-06 15:51:31.417617,424967,1609504954917024,2554829030,-0.7808,0.437248,0.568032,-0.39375,0.735,-4.6025,-10.088,-46.088,-30.408,inter_set_rest,4,5.0,42659.0,46466.0,74564.0,101657.0,37615.0,53050.0,30775.0,55540.0,23637.0,17972.0
2026-05-06 15:51:31.426477,424968,1609504954925979,2554837749,-0.7808,0.437248,0.568032,-0.98,0.28,-4.69,-10.088,-46.088,-30.408,inter_set_rest,4,5.0,42659.0,46466.0,74564.0,101657.0,37615.0,53050.0,30775.0,55540.0,23637.0,17972.0
2026-05-06 15:51:31.461482,424969,1609504954940484,2554852756,-0.772992,0.427488,0.560224,-1.32125,0.00875,-4.76875,-9.888001,-45.584003,-30.272001,inter_set_rest,4,5.0,42659.0,46466.0,74564.0,101657.0,37615.0,53050.0,30775.0,55540.0,23637.0,17972.0
2026-05-06 15:51:31.463752,424970,1609504954949422,2554861492,-0.772992,0.427488,0.560224,-1.26875,-0.46375,-5.06625,-9.888001,-45.584003,-30.272001,inter_set_rest,4,5.0,42659.0,46466.0,74564.0,101657.0,37615.0,53050.0,30775.0,55540.0,23637.0,17972.0
2026-05-06 15:51:31.466311,424971,1609504954963995,2554876379,-0.782752,0.433344,0.560224,-2.09125,-0.20125,-4.62,-9.848001,-44.408,-31.392002,inter_set_rest,4,5.0,42659.0,46466.0,74564.0,101657.0,37615.0,53050.0,30775.0,55540.0,23637.0,17972.0
2026-05-06 15:51:31.475140,424972,1609504954972974,2554885139,-0.782752,0.433344,0.591456,-2.59875,0.09625,-4.6375,-9.848001,-44.408,-31.392002,inter_set_rest,4,5.0,42659.0,46466.0,74564.0,101657.0,37615.0,53050.0,30775.0,55540.0,23637.0,17972.0
2026-05-06 15:51:31.508866,424983,1609504954988013,2554900168,-0.776896,0.433344,0.591456,-2.8,-0.23625,-4.4625,-9.936001,-46.456,-30.608002,inter_set_rest,4,5.0,42666.0,46458.0,74579.0,101647.0,37647.0,53018.0,30801.0,55550.0,23625.0,17940.0
2026-05-06 15:51:31.511277,424984,1609504954997003,2554908972,-0.79056,0.431392,0.552416,-2.2925,-0.2275,-4.3575,-9.808001,-46.72,-29.192001,inter_set_rest,4,5.0,42666.0,46458.0,74579.0,101647.0,37647.0,53018.0,30801.0,55550.0,23625.0,17940.0
2026-05-06 15:51:31.513751,424985,1609504955005996,2554917700,-0.79056,0.431392,0.552416,-2.51125,-0.18375,-4.865,-9.808001,-46.72,-29.192001,inter_set_rest,4,5.0,42666.0,46458.0,74579.0,101647.0,37647.0,53018.0,30801.0,55550.0,23625.0,17940.0
2026-05-06 15:51:31.522659,424986,1609504955020554,2554932708,-0.77104,0.427488,0.593408,-2.03875,-0.5775,-4.96125,-10.184,-47.640003,-28.688002,inter_set_rest,4,5.0,42666.0,46458.0,74579.0,101647.0,37647.0,53018.0,30801.0,55550.0,23625.0,17940.0
2026-05-06 15:51:31.531528,424987,1609504955029489,2554941442,-0.77104,0.427488,0.593408,-1.26,-0.70875,-5.53875,-10.184,-47.640003,-28.688002,inter_set_rest,4,5.0,42666.0,46458.0,74579.0,101647.0,37647.0,53018.0,30801.0,55550.0,23625.0,17940.0
2026-05-06 15:51:31.545339,424988,1609504955044148,2554956433,-0.772992,0.427488,0.597312,-0.13125,-0.9625,-5.7225,-9.816001,-44.488003,-31.632002,inter_set_rest,4,5.0,42666.0,46458.0,74579.0,101647.0,37647.0,53018.0,30801.0,55550.0,23625.0,17940.0
2026-05-06 15:51:31.553975,424989,1609504955053282,2554965137,-0.772992,0.427488,0.597312,1.23375,-1.12,-5.4425,-9.816001,-44.488003,-31.632002,inter_set_rest,4,5.0,42666.0,46458.0,74579.0,101647.0,37647.0,53018.0,30801.0,55550.0,23625.0,17940.0
2026-05-06 15:51:31.562705,424990,1609504955062266,2554973876,-0.772992,0.431392,0.577792,-0.6125,-1.085,-4.10375,-9.496,-44.08,-30.408,inter_set_rest,4,5.0,42666.0,46458.0,74579.0,101647.0,37647.0,53018.0,30801.0,55550.0,23625.0,17940.0
2026-05-06 15:51:31.592753,424991,1609504955076767,2554988818,-0.774944,0.417728,0.579744,-2.45,-0.84,-3.92875,-9.616,-44.408,-31.472002,inter_set_rest,4,5.0,42666.0,46458.0,74579.0,101647.0,37647.0,53018.0,30801.0,55550.0,23625.0,17940.0
2026-05-06 15:51:31.683859,425002,1609504955085873,2554997527,-0.774944,0.417728,0.579744,-2.17,-0.76125,-4.78625,-9.616,-44.408,-31.472002,inter_set_rest,4,5.0,42672.0,46452.0,74604.0,101685.0,37652.0,52991.0,30813.0,55556.0,23649.0,17935.0
2026-05-06 15:51:31.684496,425003,1609504955100454,2555012460,-0.7808,0.423584,0.542656,-1.575,-0.7,-4.725,-9.496,-43.848003,-31.608002,inter_set_rest,4,5.0,42672.0,46452.0,74604.0,101685.0,37652.0,52991.0,30813.0,55556.0,23649.0,17935.0
2026-05-06 15:51:31.687033,425004,1609504955109433,2555021185,-0.7808,0.423584,0.542656,-1.155,-0.7,-4.26125,-9.496,-43.848003,-31.608002,inter_set_rest,4,5.0,42672.0,46452.0,74604.0,101685.0,37652.0,52991.0,30813.0,55556.0,23649.0,17935.0
2026-05-06 15:51:31.688699,425005,1609504955118376,2555029920,-0.778848,0.425536,0.56608,-1.0325,-0.69125,-4.26125,-9.320001,-44.696003,-31.704002,inter_set_rest,4,5.0,42672.0,46452.0,74604.0,101685.0,37652.0,52991.0,30813.0,55556.0,23649.0,17935.0
2026-05-06 15:51:31.691264,425006,1609504955133019,2555044870,-0.778848,0.425536,0.56608,-1.5225,-0.35,-4.41875,-9.320001,-44.696003,-31.704002,inter_set_rest,4,5.0,42672.0,46452.0,74604.0,101685.0,37652.0,52991.0,30813.0,55556.0,23649.0,17935.0
2026-05-06 15:51:31.693598,425007,1609504955141924,2555053582,-0.767136,0.417728,0.560224,-1.4175,-0.35,-4.0075,-9.56,-43.88,-30.208002,inter_set_rest,4,5.0,42672.0,46452.0,74604.0,101685.0,37652.0,52991.0,30813.0,55556.0,23649.0,17935.0
2026-05-06 15:51:31.696340,425008,1609504955156566,2555068492,-0.782752,0.431392,0.5856,-2.45,-0.28,-3.57,-9.664001,-44.296,-31.320002,inter_set_rest,4,5.0,42672.0,46452.0,74604.0,101685.0,37652.0,52991.0,30813.0,55556.0,23649.0,17935.0
2026-05-06 15:51:31.698746,425009,1609504955165529,2555077266,-0.782752,0.431392,0.5856,-3.22875,-0.035,-3.6225,-9.664001,-44.296,-31.320002,inter_set_rest,4,5.0,42672.0,46452.0,74604.0,101685.0,37652.0,52991.0,30813.0,55556.0,23649.0,17935.0
2026-05-06 15:51:31.701183,425010,1609504955180067,2555092182,-0.792512,0.42944,0.544608,-3.43,-0.14,-3.325,-9.496,-43.920002,-31.248001,inter_set_rest,4,5.0,42672.0,46452.0,74604.0,101685.0,37652.0,52991.0,30813.0,55556.0,23649.0,17935.0
2026-05-06 15:51:31.728996,425021,1609504955189766,2555101406,-0.792512,0.42944,0.544608,-3.40375,-0.14,-3.40375,-9.496,-43.920002,-31.248001,inter_set_rest,4,5.0,42689.0,46421.0,74612.0,101686.0,37676.0,52973.0,30825.0,55565.0,23648.0,17912.0
2026-05-06 15:51:31.731597,425022,1609504955198868,2555110266,-0.776896,0.427488,0.579744,-3.395,-0.09625,-3.675,-9.152,-43.856003,-31.536001,inter_set_rest,4,5.0,42689.0,46421.0,74612.0,101686.0,37676.0,52973.0,30825.0,55565.0,23648.0,17912.0
2026-05-06 15:51:31.737539,425023,1609504955213452,2555125247,-0.776896,0.427488,0.579744,-3.31625,-0.105,-4.095,-9.152,-43.856003,-31.536001,inter_set_rest,4,5.0,42689.0,46421.0,74612.0,101686.0,37676.0,52973.0,30825.0,55565.0,23648.0,17912.0
2026-05-06 15:51:31.740092,425024,1609504955222484,2555134007,-0.763232,0.423584,0.593408,-2.86125,0.37625,-4.26125,-9.528001,-44.160004,-30.904001,inter_set_rest,4,5.0,42689.0,46421.0,74612.0,101686.0,37676.0,52973.0,30825.0,55565.0,23648.0,17912.0
2026-05-06 15:51:31.742346,425025,1609504955231453,2555142698,-0.763232,0.423584,0.593408,-2.625,0.2975,-4.795,-9.528001,-44.160004,-30.904001,inter_set_rest,4,5.0,42689.0,46421.0,74612.0,101686.0,37676.0,52973.0,30825.0,55565.0,23648.0,17912.0
2026-05-06 15:51:31.744958,425026,1609504955246020,2555157703,-0.778848,0.427488,0.583648,-2.905,0.455,-4.75125,-9.424001,-44.04,-31.440002,inter_set_rest,4,5.0,42689.0,46421.0,74612.0,101686.0,37676.0,52973.0,30825.0,55565.0,23648.0,17912.0
2026-05-06 15:51:31.758925,425027,1609504955254973,2555166468,-0.778848,0.427488,0.568032,-2.73875,0.44625,-5.13625,-9.424001,-44.04,-31.440002,inter_set_rest,4,5.0,42689.0,46421.0,74612.0,101686.0,37676.0,52973.0,30825.0,55565.0,23648.0,17912.0
2026-05-06 15:51:31.776181,425028,1609504955269462,2555181520,-0.784704,0.423584,0.573888,-2.905,0.32375,-5.81875,-9.528001,-45.280003,-29.352001,inter_set_rest,4,5.0,42689.0,46421.0,74612.0,101686.0,37676.0,52973.0,30825.0,55565.0,23648.0,17912.0
2026-05-06 15:51:31.779479,425029,1609504955278400,2555190237,-0.774944,0.41968,0.593408,-2.7825,0.3325,-5.32875,-9.432,-44.120003,-31.072002,inter_set_rest,4,5.0,42689.0,46421.0,74612.0,101686.0,37676.0,52973.0,30825.0,55565.0,23648.0,17912.0
2026-05-06 15:51:31.809911,425040,1609504955293080,2555205271,-0.774944,0.41968,0.593408,-3.395,0.63,-4.52375,-9.432,-44.120003,-31.072002,inter_set_rest,4,5.0,42728.0,46440.0,74674.0,101716.0,37713.0,52974.0,30843.0,55603.0,23659.0,17912.0
2026-05-06 15:51:31.812461,425041,1609504955302047,2555214088,-0.784704,0.415776,0.554368,-3.115,0.175,-4.375,-9.232,-46.184002,-31.248001,inter_set_rest,4,5.0,42728.0,46440.0,74674.0,101716.0,37713.0,52974.0,30843.0,55603.0,23659.0,17912.0
2026-05-06 15:51:31.814921,425042,1609504955311085,2555222816,-0.784704,0.415776,0.554368,-2.93125,0.6125,-4.54125,-9.232,-46.184002,-31.248001,inter_set_rest,4,5.0,42728.0,46440.0,74674.0,101716.0,37713.0,52974.0,30843.0,55603.0,23659.0,17912.0
2026-05-06 15:51:31.828860,425043,1609504955325725,2555237779,-0.794464,0.415776,0.544608,-2.38875,0.6125,-5.3025,-9.184,-44.672,-31.28,inter_set_rest,4,5.0,42728.0,46440.0,74674.0,101716.0,37713.0,52974.0,30843.0,55603.0,23659.0,17912.0
2026-05-06 15:51:31.837708,425044,1609504955334847,2555246527,-0.794464,0.415776,0.544608,-2.54625,0.81375,-4.795,-9.184,-44.672,-31.28,inter_set_rest,4,5.0,42728.0,46440.0,74674.0,101716.0,37713.0,52974.0,30843.0,55603.0,23659.0,17912.0
2026-05-06 15:51:31.851497,425045,1609504955349317,2555261623,-0.786656,0.41968,0.593408,-2.9225,0.62125,-4.62875,-9.736,-47.056004,-28.944002,inter_set_rest,4,5.0,42728.0,46440.0,74674.0,101716.0,37713.0,52974.0,30843.0,55603.0,23659.0,17912.0
2026-05-06 15:51:31.860325,425046,1609504955358304,2555270337,-0.798368,0.417728,0.573888,-2.555,0.6125,-4.6025,-8.984,-44.232002,-31.872002,inter_set_rest,4,5.0,42728.0,46440.0,74674.0,101716.0,37713.0,52974.0,30843.0,55603.0,23659.0,17912.0
2026-05-06 15:51:31.870326,425047,1609504955367201,2555279050,-0.798368,0.417728,0.573888,-2.0125,0.79625,-4.50625,-8.984,-44.232002,-31.872002,inter_set_rest,4,5.0,42728.0,46440.0,74674.0,101716.0,37713.0,52974.0,30843.0,55603.0,23659.0,17912.0
2026-05-06 15:51:31.881778,425048,1609504955381696,2555294001,-0.792512,0.404064,0.540704,-1.4525,1.04125,-4.40125,-9.016001,-45.336002,-30.144001,inter_set_rest,4,5.0,42728.0,46440.0,74674.0,101716.0,37713.0,52974.0,30843.0,55603.0,23659.0,17912.0
2026-05-06 15:51:31.912664,425059,1609504955391099,2555302817,-0.792512,0.404064,0.540704,-1.575,0.65625,-4.75125,-9.016001,-45.336002,-30.144001,inter_set_rest,4,5.0,42760.0,46422.0,74709.0,101720.0,37757.0,52975.0,30858.0,55626.0,23699.0,17913.0
2026-05-06 15:51:31.915059,425060,1609504955405833,2555317973,-0.802272,0.423584,0.57584,-1.3825,0.65625,-3.9375,-9.256001,-44.216003,-31.736002,inter_set_rest,4,5.0,42760.0,46422.0,74709.0,101720.0,37757.0,52975.0,30858.0,55626.0,23699.0,17913.0
2026-05-06 15:51:31.917577,425061,1609504955415069,2555326819,-0.802272,0.423584,0.57584,-1.6975,0.65625,-3.36,-9.256001,-44.216003,-31.736002,inter_set_rest,4,5.0,42760.0,46422.0,74709.0,101720.0,37757.0,52975.0,30858.0,55626.0,23699.0,17913.0
2026-05-06 15:51:31.923969,425062,1609504955424018,2555335568,-0.80032,0.41968,0.548512,-1.68,0.56,-3.465,-9.576,-45.384003,-30.088001,inter_set_rest,4,5.0,42760.0,46422.0,74709.0,101720.0,37757.0,52975.0,30858.0,55626.0,23699.0,17913.0
2026-05-06 15:51:31.964330,425063,1609504955438598,2555350580,-0.796416,0.417728,0.564128,-1.4525,0.525,-3.78875,-9.208,-45.296,-32.016003,inter_set_rest,4,5.0,42760.0,46422.0,74709.0,101720.0,37757.0,52975.0,30858.0,55626.0,23699.0,17913.0
2026-05-06 15:51:31.988877,425064,1609504955447529,2555359263,-0.796416,0.417728,0.564128,-0.84,0.18375,-3.9025,-9.208,-45.296,-32.016003,inter_set_rest,4,5.0,42760.0,46422.0,74709.0,101720.0,37757.0,52975.0,30858.0,55626.0,23699.0,17913.0
2026-05-06 15:51:32.013947,425065,1609504955462029,2555374176,-0.802272,0.417728,0.542656,-0.42875,0.455,-4.165,-9.240001,-44.192,-31.496002,inter_set_rest,4,5.0,42760.0,46422.0,74709.0,101720.0,37757.0,52975.0,30858.0,55626.0,23699.0,17913.0
2026-05-06 15:51:32.021575,425066,1609504955470957,2555382879,-0.802272,0.417728,0.542656,0.56,0.7175,-3.745,-9.240001,-44.192,-31.496002,inter_set_rest,4,5.0,42760.0,46422.0,74709.0,101720.0,37757.0,52975.0,30858.0,55626.0,23699.0,17913.0
2026-05-06 15:51:32.023903,425067,1609504955485624,2555397804,-0.796416,0.417728,0.55632,0.98875,0.65625,-3.5525,-8.888001,-44.024002,-31.288002,inter_set_rest,4,5.0,42760.0,46422.0,74709.0,101720.0,37757.0,52975.0,30858.0,55626.0,23699.0,17913.0
2026-05-06 15:51:32.057428,425078,1609504955494773,2555406590,-0.796416,0.417728,0.55632,0.83125,0.53375,-2.98375,-8.888001,-44.024002,-31.288002,inter_set_rest,4,5.0,42666.0,46332.0,74614.0,101593.0,37677.0,52859.0,30793.0,55547.0,23619.0,17861.0
2026-05-06 15:51:32.059965,425079,1609504955503838,2555415358,-0.788608,0.427488,0.593408,0.09625,0.44625,-3.045,-8.824,-44.592003,-31.416002,inter_set_rest,4,5.0,42666.0,46332.0,74614.0,101593.0,37677.0,52859.0,30793.0,55547.0,23619.0,17861.0
2026-05-06 15:51:32.062582,425080,1609504955518335,2555430306,-0.782752,0.423584,0.583648,0.00875,0.51625,-3.465,-8.8,-44.576,-32.144,inter_set_rest,4,5.0,42666.0,46332.0,74614.0,101593.0,37677.0,52859.0,30793.0,55547.0,23619.0,17861.0
2026-05-06 15:51:32.065076,425081,1609504955527244,2555439058,-0.782752,0.423584,0.583648,-0.07,0.69125,-3.66625,-8.8,-44.576,-32.144,inter_set_rest,4,5.0,42666.0,46332.0,74614.0,101593.0,37677.0,52859.0,30793.0,55547.0,23619.0,17861.0
2026-05-06 15:51:32.067606,425082,1609504955541978,2555454084,-0.798368,0.425536,0.571936,-0.14875,0.63,-3.4825,-8.672001,-44.272003,-31.752,inter_set_rest,4,5.0,42666.0,46332.0,74614.0,101593.0,37677.0,52859.0,30793.0,55547.0,23619.0,17861.0
2026-05-06 15:51:32.070092,425083,1609504955551008,2555462801,-0.798368,0.425536,0.571936,-0.6475,0.20125,-3.12375,-8.672001,-44.272003,-31.752,inter_set_rest,4,5.0,42666.0,46332.0,74614.0,101593.0,37677.0,52859.0,30793.0,55547.0,23619.0,17861.0
2026-05-06 15:51:32.072627,425084,1609504955560061,2555471507,-0.79056,0.425536,0.581696,-1.2075,-0.14875,-2.63375,-8.912001,-46.576004,-30.344002,inter_set_rest,4,5.0,42666.0,46332.0,74614.0,101593.0,37677.0,52859.0,30793.0,55547.0,23619.0,17861.0
2026-05-06 15:51:32.075044,425085,1609504955574569,2555486422,-0.79056,0.425536,0.581696,-1.75875,-0.175,-2.3625,-8.912001,-46.576004,-30.344002,inter_set_rest,4,5.0,42666.0,46332.0,74614.0,101593.0,37677.0,52859.0,30793.0,55547.0,23619.0,17861.0
2026-05-06 15:51:32.083886,425086,1609504955583686,2555495170,-0.79056,0.421632,0.560224,-2.0125,0.0875,-2.5725,-8.92,-46.120003,-30.696001,inter_set_rest,4,5.0,42666.0,46332.0,74614.0,101593.0,37677.0,52859.0,30793.0,55547.0,23619.0,17861.0
2026-05-06 15:51:32.117737,425097,1609504955598247,2555510184,-0.784704,0.421632,0.577792,-1.53125,-0.00875,-2.7475,-8.92,-44.072002,-30.344002,inter_set_rest,4,5.0,42647.0,46313.0,74606.0,101648.0,37650.0,52838.0,30822.0,55565.0,23624.0,17832.0
2026-05-06 15:51:32.120236,425098,1609504955607247,2555518925,-0.784704,0.421632,0.577792,-1.435,-0.175,-2.975,-9.128,-44.488003,-30.344002,inter_set_rest,4,5.0,42647.0,46313.0,74606.0,101648.0,37650.0,52838.0,30822.0,55565.0,23624.0,17832.0
2026-05-06 15:51:32.122705,425099,1609504955621781,2555533905,-0.786656,0.425536,0.587552,-1.81125,-0.16625,-2.61625,-8.976001,-45.968002,-30.576002,inter_set_rest,4,5.0,42647.0,46313.0,74606.0,101648.0,37650.0,52838.0,30822.0,55565.0,23624.0,17832.0
2026-05-06 15:51:32.131558,425100,1609504955630871,2555542633,-0.786656,0.425536,0.587552,-2.73,-0.2625,-1.72375,-8.976001,-45.968002,-30.576002,inter_set_rest,4,5.0,42647.0,46313.0,74606.0,101648.0,37650.0,52838.0,30822.0,55565.0,23624.0,17832.0
2026-05-06 15:51:32.142693,425101,1609504955639858,2555551377,-0.782752,0.421632,0.581696,-2.7825,0.11375,-1.39125,-9.288,-46.424004,-30.600002,inter_set_rest,4,5.0,42647.0,46313.0,74606.0,101648.0,37650.0,52838.0,30822.0,55565.0,23624.0,17832.0
2026-05-06 15:51:32.154592,425102,1609504955654362,2555566298,-0.782752,0.421632,0.581696,-3.07125,-0.21,-1.65375,-9.288,-46.424004,-30.600002,inter_set_rest,4,5.0,42647.0,46313.0,74606.0,101648.0,37650.0,52838.0,30822.0,55565.0,23624.0,17832.0
2026-05-06 15:51:32.165157,425103,1609504955663324,2555575024,-0.796416,0.431392,0.577792,-3.22,-0.245,-1.3825,-8.968,-46.136,-30.232002,inter_set_rest,4,5.0,42647.0,46313.0,74606.0,101648.0,37650.0,52838.0,30822.0,55565.0,23624.0,17832.0
2026-05-06 15:51:32.181272,425104,1609504955677807,2555589972,-0.796416,0.431392,0.577792,-2.91375,-0.11375,-1.4875,-8.968,-46.136,-30.232002,inter_set_rest,4,5.0,42647.0,46313.0,74606.0,101648.0,37650.0,52838.0,30822.0,55565.0,23624.0,17832.0
2026-05-06 15:51:32.187371,425105,1609504955686726,2555598718,-0.79056,0.425536,0.583648,-2.0825,-0.58625,-2.0475,-9.184,-46.496002,-32.768,inter_set_rest,4,5.0,42647.0,46313.0,74606.0,101648.0,37650.0,52838.0,30822.0,55565.0,23624.0,17832.0
2026-05-06 15:51:32.217813,425116,1609504955695781,2555607595,-0.79056,0.425536,0.583648,-2.17,-0.49,-2.5025,-9.184,-46.496002,-32.768,inter_set_rest,4,5.0,42681.0,46313.0,74645.0,101729.0,37662.0,52826.0,30846.0,55643.0,23647.0,17860.0
2026-05-06 15:51:32.246425,425117,1609504955710478,2555622595,-0.798368,0.421632,0.548512,-1.60125,-0.2625,-2.345,-9.008,-44.536003,-31.456001,inter_set_rest,4,5.0,42681.0,46313.0,74645.0,101729.0,37662.0,52826.0,30846.0,55643.0,23647.0,17860.0
2026-05-06 15:51:32.247485,425118,1609504955719472,2555631360,-0.778848,0.41968,0.568032,-1.015,-0.245,-2.66875,-8.968,-44.120003,-31.600002,inter_set_rest,4,5.0,42681.0,46313.0,74645.0,101729.0,37662.0,52826.0,30846.0,55643.0,23647.0,17860.0
2026-05-06 15:51:32.250046,425119,1609504955734087,2555646319,-0.778848,0.41968,0.568032,-1.2075,-0.2275,-2.56375,-8.968,-44.120003,-31.600002,inter_set_rest,4,5.0,42681.0,46313.0,74645.0,101729.0,37662.0,52826.0,30846.0,55643.0,23647.0,17860.0
2026-05-06 15:51:32.252698,425120,1609504955743170,2555655017,-0.80032,0.423584,0.525088,-1.30375,-0.37625,-2.73,-9.088,-44.584003,-31.672,inter_set_rest,4,5.0,42681.0,46313.0,74645.0,101729.0,37662.0,52826.0,30846.0,55643.0,23647.0,17860.0
2026-05-06 15:51:32.258950,425121,1609504955757688,2555670196,-0.80032,0.423584,0.525088,-1.785,-0.4375,-2.31875,-9.088,-44.584003,-31.672,inter_set_rest,4,5.0,42681.0,46313.0,74645.0,101729.0,37662.0,52826.0,30846.0,55643.0,23647.0,17860.0
2026-05-06 15:51:32.267769,425122,1609504955766612,2555678930,-0.798368,0.433344,0.569984,-1.785,-0.4375,-1.79375,-9.216001,-45.992,-31.632002,inter_set_rest,4,5.0,42681.0,46313.0,74645.0,101729.0,37662.0,52826.0,30846.0,55643.0,23647.0,17860.0
2026-05-06 15:51:32.281616,425123,1609504955775575,2555687652,-0.798368,0.433344,0.569984,-2.3625,-0.49,-1.8025,-9.216001,-45.992,-31.632002,inter_set_rest,4,5.0,42681.0,46313.0,74645.0,101729.0,37662.0,52826.0,30846.0,55643.0,23647.0,17860.0
2026-05-06 15:51:32.368883,425134,1609504955790778,2555702814,-0.792512,0.425536,0.548512,-2.68625,-0.51625,-1.645,-8.808001,-44.072002,-31.512001,inter_set_rest,4,5.0,42638.0,46262.0,74657.0,101724.0,37673.0,52817.0,30825.0,55619.0,23652.0,17829.0
2026-05-06 15:51:32.371513,425135,1609504955799838,2555711609,-0.796416,0.425536,0.542656,-2.86125,-0.455,-1.39125,-8.808001,-45.968002,-30.176,inter_set_rest,4,5.0,42638.0,46262.0,74657.0,101724.0,37673.0,52817.0,30825.0,55619.0,23652.0,17829.0
2026-05-06 15:51:32.373959,425136,1609504955808809,2555720363,-0.796416,0.425536,0.542656,-3.40375,-0.58625,-1.2425,-9.216001,-45.968002,-30.176,inter_set_rest,4,5.0,42638.0,46262.0,74657.0,101724.0,37673.0,52817.0,30825.0,55619.0,23652.0,17829.0
2026-05-06 15:51:32.376524,425137,1609504955823302,2555735291,-0.806176,0.431392,0.54656,-3.14125,-0.56,-1.47875,-9.328,-44.104004,-31.608002,inter_set_rest,4,5.0,42638.0,46262.0,74657.0,101724.0,37673.0,52817.0,30825.0,55619.0,23652.0,17829.0
2026-05-06 15:51:32.379026,425138,1609504955832228,2555743998,-0.806176,0.431392,0.54656,-2.695,-0.63,-1.75,-9.328,-44.104004,-31.608002,inter_set_rest,4,5.0,42638.0,46262.0,74657.0,101724.0,37673.0,52817.0,30825.0,55619.0,23652.0,17829.0
2026-05-06 15:51:32.381577,425139,1609504955846772,2555759037,-0.798368,0.423584,0.519232,-3.03625,-0.70875,-1.54,-9.104,-44.600002,-33.808002,inter_set_rest,4,5.0,42638.0,46262.0,74657.0,101724.0,37673.0,52817.0,30825.0,55619.0,23652.0,17829.0
2026-05-06 15:51:32.384040,425140,1609504955855733,2555767766,-0.798368,0.423584,0.519232,-2.3625,-0.41125,-1.8375,-9.104,-44.600002,-33.808002,inter_set_rest,4,5.0,42638.0,46262.0,74657.0,101724.0,37673.0,52817.0,30825.0,55619.0,23652.0,17829.0
2026-05-06 15:51:32.386585,425141,1609504955870232,2555782709,-0.788608,0.425536,0.56608,-2.38,-0.56875,-1.82875,-9.032001,-44.424004,-31.288002,inter_set_rest,4,5.0,42638.0,46262.0,74657.0,101724.0,37673.0,52817.0,30825.0,55619.0,23652.0,17829.0
2026-05-06 15:51:32.389020,425142,1609504955879232,2555791430,-0.788608,0.425536,0.56608,-2.52,-0.21875,-1.70625,-9.032001,-44.424004,-31.288002,inter_set_rest,4,5.0,42638.0,46262.0,74657.0,101724.0,37673.0,52817.0,30825.0,55619.0,23652.0,17829.0
2026-05-06 15:51:32.391371,425143,1609504955888187,2555800299,-0.784704,0.41968,0.552416,-2.93125,-0.42875,-1.785,-9.392,-44.264004,-30.872002,inter_set_rest,4,5.0,42638.0,46262.0,74657.0,101724.0,37673.0,52817.0,30825.0,55619.0,23652.0,17829.0
2026-05-06 15:51:32.424534,425154,1609504955902798,2555815317,-0.81008,0.435296,0.571936,-3.26375,-0.63,-1.47875,-9.376,-44.272003,-31.624,inter_set_rest,4,5.0,42652.0,46282.0,74673.0,101784.0,37690.0,52815.0,30865.0,55685.0,23662.0,17860.0
2026-05-06 15:51:32.426392,425155,1609504955911892,2555824072,-0.81008,0.435296,0.571936,-3.535,-0.595,-1.33875,-9.376,-44.272003,-31.624,inter_set_rest,4,5.0,42652.0,46282.0,74673.0,101784.0,37690.0,52815.0,30865.0,55685.0,23662.0,17860.0
2026-05-06 15:51:32.428743,425156,1609504955926680,2555839053,-0.802272,0.423584,0.54656,-3.57875,-0.70875,-1.51375,-9.304001,-45.136,-30.104002,inter_set_rest,4,5.0,42652.0,46282.0,74673.0,101784.0,37690.0,52815.0,30865.0,55685.0,23662.0,17860.0
2026-05-06 15:51:32.437397,425157,1609504955935739,2555847805,-0.802272,0.423584,0.54656,-3.63125,-0.77875,-1.8025,-9.304001,-45.136,-30.104002,inter_set_rest,4,5.0,42652.0,46282.0,74673.0,101784.0,37690.0,52815.0,30865.0,55685.0,23662.0,17860.0
2026-05-06 15:51:32.446426,425158,1609504955944686,2555856590,-0.806176,0.427488,0.548512,-3.0625,-1.155,-1.86375,-9.128,-44.728,-31.456001,inter_set_rest,4,5.0,42652.0,46282.0,74673.0,101784.0,37690.0,52815.0,30865.0,55685.0,23662.0,17860.0
2026-05-06 15:51:32.459939,425159,1609504955959180,2555871515,-0.806176,0.427488,0.548512,-2.63375,-0.49,-1.79375,-9.128,-44.728,-31.456001,inter_set_rest,4,5.0,42652.0,46282.0,74673.0,101784.0,37690.0,52815.0,30865.0,55685.0,23662.0,17860.0
2026-05-06 15:51:32.468974,425160,1609504955968102,2555880368,-0.792512,0.433344,0.5856,-1.8375,-0.4725,-1.785,-9.248,-44.024002,-32.280003,inter_set_rest,4,5.0,42652.0,46282.0,74673.0,101784.0,37690.0,52815.0,30865.0,55685.0,23662.0,17860.0
2026-05-06 15:51:32.505122,425161,1609504955982587,2555895260,-0.784704,0.425536,0.56608,-0.88375,-0.665,-2.26625,-9.344001,-44.048,-30.808,inter_set_rest,4,5.0,42652.0,46282.0,74673.0,101784.0,37690.0,52815.0,30865.0,55685.0,23662.0,17860.0
2026-05-06 15:51:32.532576,425172,1609504955992106,2555904024,-0.784704,0.425536,0.56608,-1.5575,-0.595,-1.86375,-9.344001,-44.048,-30.808,inter_set_rest,4,5.0,42685.0,46269.0,74720.0,101844.0,37716.0,52831.0,30892.0,55748.0,23686.0,17876.0
2026-05-06 15:51:32.541262,425173,1609504956006805,2555918969,-0.782752,0.42944,0.55632,-1.51375,-0.58625,-1.96875,-9.384001,-44.160004,-31.512001,inter_set_rest,4,5.0,42685.0,46269.0,74720.0,101844.0,37716.0,52831.0,30892.0,55748.0,23686.0,17876.0
2026-05-06 15:51:32.541392,425174,1609504956015751,2555927784,-0.782752,0.42944,0.55632,-1.715,-0.8225,-2.12625,-9.384001,-44.160004,-31.512001,inter_set_rest,4,5.0,42685.0,46269.0,74720.0,101844.0,37716.0,52831.0,30892.0,55748.0,23686.0,17876.0
2026-05-06 15:51:32.541467,425175,1609504956024767,2555936547,-0.788608,0.431392,0.554368,-3.4825,-1.12875,-1.7325,-9.360001,-43.872,-31.504002,inter_set_rest,4,5.0,42685.0,46269.0,74720.0,101844.0,37716.0,52831.0,30892.0,55748.0,23686.0,17876.0
2026-05-06 15:51:32.543270,425176,1609504956039281,2555951461,-0.788608,0.431392,0.554368,-4.725,-0.91875,-1.4525,-9.360001,-43.872,-31.504002,inter_set_rest,4,5.0,42685.0,46269.0,74720.0,101844.0,37716.0,52831.0,30892.0,55748.0,23686.0,17876.0
2026-05-06 15:51:32.548901,425177,1609504956048249,2555960229,-0.788608,0.431392,0.56608,-5.01375,-0.97125,-0.9975,-9.496,-44.048,-32.04,inter_set_rest,4,5.0,42685.0,46269.0,74720.0,101844.0,37716.0,52831.0,30892.0,55748.0,23686.0,17876.0
2026-05-06 15:51:32.582689,425178,1609504956062788,2555975179,-0.778848,0.435296,0.577792,-4.59375,-1.23375,-0.9275,-9.6,-44.016003,-31.552002,inter_set_rest,4,5.0,42685.0,46269.0,74720.0,101844.0,37716.0,52831.0,30892.0,55748.0,23686.0,17876.0
2026-05-06 15:51:32.585184,425179,1609504956071715,2555983884,-0.778848,0.435296,0.577792,-3.96375,-1.3125,-1.2425,-9.6,-44.016003,-31.552002,inter_set_rest,4,5.0,42685.0,46269.0,74720.0,101844.0,37716.0,52831.0,30892.0,55748.0,23686.0,17876.0
2026-05-06 15:51:32.587754,425180,1609504956080653,2555992621,-0.778848,0.435296,0.577792,-2.9575,-1.04125,-1.00625,-9.6,-44.016003,-31.552002,inter_set_rest,4,5.0,42685.0,46269.0,74720.0,101844.0,37716.0,52831.0,30892.0,55748.0,23686.0,17876.0
2026-05-06 15:51:32.618978,425191,1609504956095354,2556007657,-0.792512,0.433344,0.552416,-1.855,-1.4,-1.82875,-9.584001,-43.736004,-32.856003,inter_set_rest,4,5.0,42670.0,46237.0,74608.0,101783.0,37703.0,52785.0,30830.0,55694.0,23692.0,17870.0
2026-05-06 15:51:32.623773,425192,1609504956104588,2556016481,-0.776896,0.425536,0.583648,-1.085,-1.58375,-2.19625,-9.544001,-45.768,-30.384,inter_set_rest,4,5.0,42670.0,46237.0,74608.0,101783.0,37703.0,52785.0,30830.0,55694.0,23692.0,17870.0
2026-05-06 15:51:32.624289,425193,1609504956119174,2556031466,-0.776896,0.425536,0.583648,-1.4,-1.435,-1.88125,-9.544001,-45.768,-30.384,inter_set_rest,4,5.0,42670.0,46237.0,74608.0,101783.0,37703.0,52785.0,30830.0,55694.0,23692.0,17870.0
2026-05-06 15:51:32.630759,425194,1609504956128212,2556040209,-0.7808,0.431392,0.581696,-2.2225,-1.39125,-1.28625,-9.568001,-45.808002,-30.072,inter_set_rest,4,5.0,42670.0,46237.0,74608.0,101783.0,37703.0,52785.0,30830.0,55694.0,23692.0,17870.0
2026-05-06 15:51:32.636095,425195,1609504956137153,2556048950,-0.7808,0.431392,0.581696,-3.1325,-1.6975,-1.11125,-9.568001,-45.808002,-30.072,inter_set_rest,4,5.0,42670.0,46237.0,74608.0,101783.0,37703.0,52785.0,30830.0,55694.0,23692.0,17870.0
2026-05-06 15:51:32.670194,425196,1609504956151662,2556063851,-0.77104,0.431392,0.5856,-4.27875,-1.72375,-0.41125,-9.472,-44.256,-31.448002,inter_set_rest,4,5.0,42670.0,46237.0,74608.0,101783.0,37703.0,52785.0,30830.0,55694.0,23692.0,17870.0
2026-05-06 15:51:32.672756,425197,1609504956160623,2556072585,-0.77104,0.431392,0.5856,-5.5475,-1.225,-0.35,-9.472,-44.256,-31.448002,inter_set_rest,4,5.0,42670.0,46237.0,74608.0,101783.0,37703.0,52785.0,30830.0,55694.0,23692.0,17870.0
2026-05-06 15:51:32.697757,425198,1609504956175117,2556087569,-0.786656,0.41968,0.564128,-6.97375,-1.3475,0.175,-9.472,-43.896004,-31.552002,inter_set_rest,4,5.0,42670.0,46237.0,74608.0,101783.0,37703.0,52785.0,30830.0,55694.0,23692.0,17870.0
2026-05-06 15:51:32.726355,425199,1609504956184034,2556096285,-0.806176,0.415776,0.538752,-7.42875,-1.39125,1.3825,-9.704,-43.760002,-32.088,inter_set_rest,4,5.0,42670.0,46237.0,74608.0,101783.0,37703.0,52785.0,30830.0,55694.0,23692.0,17870.0
2026-05-06 15:51:32.770192,425210,1609504956198626,2556111279,-0.806176,0.415776,0.538752,-7.945,-1.33,1.8025,-9.704,-43.760002,-32.088,inter_set_rest,4,5.0,42638.0,46228.0,74459.0,101785.0,37653.0,52789.0,30738.0,55713.0,23663.0,17865.0
2026-05-06 15:51:32.772751,425211,1609504956207570,2556120057,-0.81984,0.421632,0.542656,-7.56,-1.32125,2.44125,-9.52,-44.280003,-31.232002,inter_set_rest,4,5.0,42638.0,46228.0,74459.0,101785.0,37653.0,52789.0,30738.0,55713.0,23663.0,17865.0
2026-05-06 15:51:32.775197,425212,1609504956216628,2556128764,-0.81984,0.421632,0.542656,-6.53625,-1.23375,2.68625,-9.52,-44.280003,-31.232002,inter_set_rest,4,5.0,42638.0,46228.0,74459.0,101785.0,37653.0,52789.0,30738.0,55713.0,23663.0,17865.0
2026-05-06 15:51:32.777598,425213,1609504956231193,2556143719,-0.788608,0.421632,0.593408,-5.425,-0.9275,2.3275,-9.992001,-43.664,-31.208002,inter_set_rest,4,5.0,42638.0,46228.0,74459.0,101785.0,37653.0,52789.0,30738.0,55713.0,23663.0,17865.0
2026-05-06 15:51:32.780250,425214,1609504956240739,2556152515,-0.788608,0.421632,0.593408,-4.025,-0.62125,2.49375,-9.992001,-43.664,-31.208002,inter_set_rest,4,5.0,42638.0,46228.0,74459.0,101785.0,37653.0,52789.0,30738.0,55713.0,23663.0,17865.0
2026-05-06 15:51:32.785237,425215,1609504956255328,2556167489,-0.786656,0.415776,0.569984,-2.79125,-0.48125,2.6425,-9.96,-43.728,-32.288002,inter_set_rest,4,5.0,42638.0,46228.0,74459.0,101785.0,37653.0,52789.0,30738.0,55713.0,23663.0,17865.0
2026-05-06 15:51:32.787665,425216,1609504956264420,2556176261,-0.782752,0.415776,0.56608,-2.84375,-0.0525,3.42125,-10.264001,-45.480003,-28.312002,inter_set_rest,4,5.0,42638.0,46228.0,74459.0,101785.0,37653.0,52789.0,30738.0,55713.0,23663.0,17865.0
2026-05-06 15:51:32.790350,425217,1609504956273340,2556185029,-0.782752,0.415776,0.56608,-3.50875,0.23625,4.27875,-10.264001,-45.480003,-28.312002,inter_set_rest,4,5.0,42638.0,46228.0,74459.0,101785.0,37653.0,52789.0,30738.0,55713.0,23663.0,17865.0
2026-05-06 15:51:32.792559,425218,1609504956287867,2556200046,-0.7808,0.423584,0.550464,-3.255,0.09625,5.17125,-10.104,-44.896004,-31.432001,inter_set_rest,4,5.0,42638.0,46228.0,74459.0,101785.0,37653.0,52789.0,30738.0,55713.0,23663.0,17865.0
2026-05-06 15:51:32.823882,425229,1609504956297128,2556208848,-0.7808,0.423584,0.550464,-2.84375,-0.07,4.97875,-10.104,-44.896004,-31.432001,inter_set_rest,4,5.0,42573.0,46267.0,74309.0,101828.0,37622.0,52888.0,30675.0,55735.0,23684.0,17931.0
2026-05-06 15:51:32.826483,425230,1609504956311686,2556223863,-0.774944,0.425536,0.573888,-1.855,0.20125,4.8475,-10.352,-44.816,-31.312002,inter_set_rest,4,5.0,42573.0,46267.0,74309.0,101828.0,37622.0,52888.0,30675.0,55735.0,23684.0,17931.0
2026-05-06 15:51:32.828879,425231,1609504956320640,2556232550,-0.774944,0.425536,0.573888,-1.5225,0.70875,4.4625,-10.352,-44.816,-31.312002,inter_set_rest,4,5.0,42573.0,46267.0,74309.0,101828.0,37622.0,52888.0,30675.0,55735.0,23684.0,17931.0
2026-05-06 15:51:32.835126,425232,1609504956335171,2556247682,-0.776896,0.425536,0.548512,-1.365,1.09375,4.19125,-10.008,-44.072002,-30.896002,inter_set_rest,4,5.0,42573.0,46267.0,74309.0,101828.0,37622.0,52888.0,30675.0,55735.0,23684.0,17931.0
2026-05-06 15:51:32.848964,425233,1609504956344182,2556256402,-0.763232,0.431392,0.562176,-0.9275,1.435,3.91125,-10.320001,-43.888,-31.144001,inter_set_rest,4,5.0,42573.0,46267.0,74309.0,101828.0,37622.0,52888.0,30675.0,55735.0,23684.0,17931.0
2026-05-06 15:51:32.855247,425234,1609504956353114,2556265107,-0.763232,0.431392,0.562176,0.35,1.72375,3.15,-10.320001,-43.888,-31.144001,inter_set_rest,4,5.0,42573.0,46267.0,74309.0,101828.0,37622.0,52888.0,30675.0,55735.0,23684.0,17931.0
2026-05-06 15:51:32.885012,425235,1609504956367617,2556280141,-0.769088,0.427488,0.532896,1.05,1.3825,1.6275,-10.368,-43.808002,-31.576002,inter_set_rest,4,5.0,42573.0,46267.0,74309.0,101828.0,37622.0,52888.0,30675.0,55735.0,23684.0,17931.0
2026-05-06 15:51:32.887659,425236,1609504956376588,2556288854,-0.769088,0.427488,0.532896,1.1725,2.0125,0.83125,-10.368,-43.808002,-31.576002,inter_set_rest,4,5.0,42573.0,46267.0,74309.0,101828.0,37622.0,52888.0,30675.0,55735.0,23684.0,17931.0
2026-05-06 15:51:32.918513,425247,1609504956391072,2556304064,-0.774944,0.445056,0.5856,1.79375,2.1525,0.02625,-10.200001,-43.792004,-31.552002,inter_set_rest,4,5.0,42535.0,46219.0,74277.0,101684.0,37580.0,52842.0,30718.0,55650.0,23659.0,17931.0
2026-05-06 15:51:32.921065,425248,1609504956400065,2556312812,-0.774944,0.445056,0.5856,1.60125,1.93375,-0.6475,-10.200001,-43.792004,-31.552002,inter_set_rest,4,5.0,42535.0,46219.0,74277.0,101684.0,37580.0,52842.0,30718.0,55650.0,23659.0,17931.0
2026-05-06 15:51:32.926464,425249,1609504956409188,2556321609,-0.778848,0.441152,0.548512,2.1,1.9775,-1.49625,-10.464001,-45.976,-30.248001,inter_set_rest,4,5.0,42535.0,46219.0,74277.0,101684.0,37580.0,52842.0,30718.0,55650.0,23659.0,17931.0
2026-05-06 15:51:32.928845,425250,1609504956423756,2556334578,-0.778848,0.441152,0.564128,2.975,2.17875,-2.52,-10.464001,-45.976,-30.248001,inter_set_rest,4,5.0,42535.0,46219.0,74277.0,101684.0,37580.0,52842.0,30718.0,55650.0,23659.0,17931.0
2026-05-06 15:51:32.935140,425251,1609504956433073,2556345365,-0.772992,0.450912,0.573888,3.9375,2.03875,-3.38625,-10.392,-45.912003,-28.368002,inter_set_rest,4,5.0,42535.0,46219.0,74277.0,101684.0,37580.0,52842.0,30718.0,55650.0,23659.0,17931.0
2026-05-06 15:51:32.956545,425252,1609504956447684,2556360280,-0.767136,0.441152,0.5368,4.62,1.855,-4.38375,-10.312,-44.112003,-31.560001,inter_set_rest,4,5.0,42535.0,46219.0,74277.0,101684.0,37580.0,52842.0,30718.0,55650.0,23659.0,17931.0
2026-05-06 15:51:32.958964,425253,1609504956456691,2556369021,-0.767136,0.441152,0.5368,4.80375,1.47875,-4.96125,-10.312,-44.112003,-31.560001,inter_set_rest,4,5.0,42535.0,46219.0,74277.0,101684.0,37580.0,52842.0,30718.0,55650.0,23659.0,17931.0
2026-05-06 15:51:32.967553,425254,1609504956465627,2556377777,-0.788608,0.452864,0.530944,4.7075,1.19,-5.31125,-10.376,-44.096,-30.160002,inter_set_rest,4,5.0,42535.0,46219.0,74277.0,101684.0,37580.0,52842.0,30718.0,55650.0,23659.0,17931.0
2026-05-06 15:51:32.981447,425255,1609504956480129,2556392700,-0.788608,0.452864,0.530944,3.08,0.72625,-5.2325,-10.376,-44.096,-30.160002,inter_set_rest,4,5.0,42535.0,46219.0,74277.0,101684.0,37580.0,52842.0,30718.0,55650.0,23659.0,17931.0
2026-05-06 15:51:32.990235,425256,1609504956489041,2556401438,-0.796416,0.466528,0.51728,2.40625,0.2975,-5.0925,-10.392,-43.848003,-31.576002,inter_set_rest,4,5.0,42535.0,46219.0,74277.0,101684.0,37580.0,52842.0,30718.0,55650.0,23659.0,17931.0
2026-05-06 15:51:33.017404,425267,1609504956503717,2556416446,-0.796416,0.466528,0.51728,2.345,0.2275,-5.06625,-10.392,-43.848003,-31.576002,inter_set_rest,4,5.0,42523.0,46194.0,74416.0,101514.0,37582.0,52780.0,30760.0,55571.0,23590.0,17856.0
2026-05-06 15:51:33.019792,425268,1609504956512758,2556425190,-0.767136,0.466528,0.57584,1.5225,0.14,-5.39875,-10.304001,-47.392002,-29.304,inter_set_rest,4,5.0,42523.0,46194.0,74416.0,101514.0,37582.0,52780.0,30760.0,55571.0,23590.0,17856.0
2026-05-06 15:51:33.026099,425269,1609504956527272,2556438079,-0.792512,0.472384,0.540704,0.86625,-0.16625,-4.76875,-10.224001,-47.608,-30.392002,inter_set_rest,4,5.0,42523.0,46194.0,74416.0,101514.0,37582.0,52780.0,30760.0,55571.0,23590.0,17856.0
2026-05-06 15:51:33.037605,425270,1609504956536561,2556448849,-0.792512,0.472384,0.540704,0.20125,-0.72625,-4.3225,-10.224001,-47.608,-30.392002,inter_set_rest,4,5.0,42523.0,46194.0,74416.0,101514.0,37582.0,52780.0,30760.0,55571.0,23590.0,17856.0
2026-05-06 15:51:33.065222,425271,1609504956545535,2556457558,-0.786656,0.472384,0.544608,-0.9625,-1.2425,-2.91375,-10.192,-46.088,-30.784002,inter_set_rest,4,5.0,42523.0,46194.0,74416.0,101514.0,37582.0,52780.0,30760.0,55571.0,23590.0,17856.0
2026-05-06 15:51:33.090531,425272,1609504956560047,2556472516,-0.786656,0.472384,0.544608,-2.47625,-1.4525,-2.09125,-10.192,-46.088,-30.784002,inter_set_rest,4,5.0,42523.0,46194.0,74416.0,101514.0,37582.0,52780.0,30760.0,55571.0,23590.0,17856.0
2026-05-06 15:51:33.115108,425273,1609504956568960,2556481214,-0.782752,0.46848,0.540704,-3.9025,-1.82875,-1.155,-10.288,-44.36,-31.480001,inter_set_rest,4,5.0,42523.0,46194.0,74416.0,101514.0,37582.0,52780.0,30760.0,55571.0,23590.0,17856.0
2026-05-06 15:51:33.122614,425274,1609504956583452,2556496118,-0.782752,0.46848,0.540704,-4.48,-2.1875,-0.41125,-10.288,-44.36,-31.480001,inter_set_rest,4,5.0,42523.0,46194.0,74416.0,101514.0,37582.0,52780.0,30760.0,55571.0,23590.0,17856.0
2026-05-06 15:51:33.152557,425285,1609504956592360,2556505195,-0.784704,0.464576,0.558272,-5.57375,-2.03875,0.455,-10.328,-44.488003,-31.888002,inter_set_rest,4,5.0,42499.0,46169.0,74468.0,101664.0,37569.0,52784.0,30783.0,55659.0,23635.0,17893.0
2026-05-06 15:51:33.155095,425286,1609504956606964,2556518064,-0.794464,0.46848,0.554368,-6.44,-2.065,0.53375,-10.384001,-43.976,-31.792002,inter_set_rest,4,5.0,42499.0,46169.0,74468.0,101664.0,37569.0,52784.0,30783.0,55659.0,23635.0,17893.0
2026-05-06 15:51:33.157578,425287,1609504956616243,2556528818,-0.794464,0.46848,0.554368,-6.4575,-2.12625,0.84,-10.384001,-43.976,-31.792002,inter_set_rest,4,5.0,42499.0,46169.0,74468.0,101664.0,37569.0,52784.0,30783.0,55659.0,23635.0,17893.0
2026-05-06 15:51:33.160030,425288,1609504956625299,2556537536,-0.794464,0.46848,0.554368,-6.93875,-1.89875,1.30375,-10.384001,-43.976,-31.792002,inter_set_rest,4,5.0,42499.0,46169.0,74468.0,101664.0,37569.0,52784.0,30783.0,55659.0,23635.0,17893.0
2026-05-06 15:51:33.162527,425289,1609504956639812,2556552586,-0.786656,0.46848,0.56608,-7.34125,-2.42375,1.6975,-10.336,-43.896004,-31.464,inter_set_rest,4,5.0,42499.0,46169.0,74468.0,101664.0,37569.0,52784.0,30783.0,55659.0,23635.0,17893.0
2026-05-06 15:51:33.164986,425290,1609504956648878,2556561359,-0.769088,0.450912,0.562176,-7.3675,-2.52,1.575,-10.504001,-44.152,-31.784002,inter_set_rest,4,5.0,42499.0,46169.0,74468.0,101664.0,37569.0,52784.0,30783.0,55659.0,23635.0,17893.0
2026-05-06 15:51:33.167298,425291,1609504956663445,2556574223,-0.769088,0.450912,0.562176,-7.35,-2.415,0.91875,-10.504001,-44.152,-31.784002,inter_set_rest,4,5.0,42499.0,46169.0,74468.0,101664.0,37569.0,52784.0,30783.0,55659.0,23635.0,17893.0
2026-05-06 15:51:33.173966,425292,1609504956672753,2556585108,-0.769088,0.447008,0.573888,-7.49,-1.81125,0.90125,-10.536,-44.04,-30.576002,inter_set_rest,4,5.0,42499.0,46169.0,74468.0,101664.0,37569.0,52784.0,30783.0,55659.0,23635.0,17893.0
2026-05-06 15:51:33.183657,425293,1609504956681697,2556593902,-0.769088,0.447008,0.573888,-8.2075,-2.065,0.84875,-10.536,-44.04,-30.576002,inter_set_rest,4,5.0,42499.0,46169.0,74468.0,101664.0,37569.0,52784.0,30783.0,55659.0,23635.0,17893.0
2026-05-06 15:51:33.223968,425304,1609504956696902,2556608865,-0.753472,0.437248,0.597312,-9.073751,-2.10875,0.9275,-10.88,-44.008003,-31.232002,inter_set_rest,4,5.0,42472.0,46214.0,74370.0,101840.0,37590.0,52864.0,30737.0,55751.0,23657.0,17931.0
2026-05-06 15:51:33.226572,425305,1609504956706122,2556617649,-0.753472,0.437248,0.56608,-9.44125,-1.96,0.91,-10.88,-44.008003,-31.232002,inter_set_rest,4,5.0,42472.0,46214.0,74370.0,101840.0,37590.0,52864.0,30737.0,55751.0,23657.0,17931.0
2026-05-06 15:51:33.228838,425306,1609504956715198,2556626416,-0.782752,0.437248,0.56608,-8.9425,-2.09125,0.1575,-10.928,-47.680004,-32.416,inter_set_rest,4,5.0,42472.0,46214.0,74370.0,101840.0,37590.0,52864.0,30737.0,55751.0,23657.0,17931.0
2026-05-06 15:51:33.231573,425307,1609504956730161,2556641394,-0.772992,0.423584,0.564128,-8.82875,-1.58375,-0.14,-10.704,-45.648003,-30.320002,inter_set_rest,4,5.0,42472.0,46214.0,74370.0,101840.0,37590.0,52864.0,30737.0,55751.0,23657.0,17931.0
2026-05-06 15:51:33.240236,425308,1609504956739597,2556652228,-0.772992,0.423584,0.564128,-7.81375,-1.33875,-0.77875,-10.704,-45.648003,-30.320002,inter_set_rest,4,5.0,42472.0,46214.0,74370.0,101840.0,37590.0,52864.0,30737.0,55751.0,23657.0,17931.0
2026-05-06 15:51:33.253992,425309,1609504956748545,2556660948,-0.77104,0.431392,0.599264,-6.50125,-1.14625,-1.63625,-10.776001,-44.592003,-29.888,inter_set_rest,4,5.0,42472.0,46214.0,74370.0,101840.0,37590.0,52864.0,30737.0,55751.0,23657.0,17931.0
2026-05-06 15:51:33.262700,425310,1609504956763167,2556673919,-0.77104,0.431392,0.599264,-4.54125,-0.83125,-2.52,-10.776001,-44.592003,-29.888,inter_set_rest,4,5.0,42472.0,46214.0,74370.0,101840.0,37590.0,52864.0,30737.0,55751.0,23657.0,17931.0
2026-05-06 15:51:33.278135,425311,1609504956772374,2556684687,-0.782752,0.435296,0.59536,-3.045,-0.65625,-3.57875,-10.632001,-44.928,-31.344002,inter_set_rest,4,5.0,42472.0,46214.0,74370.0,101840.0,37590.0,52864.0,30737.0,55751.0,23657.0,17931.0
2026-05-06 15:51:33.289874,425312,1609504956786896,2556699644,-0.782752,0.423584,0.55632,-1.2775,-0.525,-4.66375,-10.632001,-44.928,-29.296001,inter_set_rest,4,5.0,42472.0,46214.0,74370.0,101840.0,37590.0,52864.0,30737.0,55751.0,23657.0,17931.0
2026-05-06 15:51:33.321406,425324,1609504956795867,2556708605,-0.776896,0.423584,0.55632,-0.42875,-0.315,-5.22375,-10.712001,-43.456,-30.680002,inter_set_rest,4,5.0,42397.0,46156.0,74216.0,101623.0,37443.0,52797.0,30667.0,55638.0,23604.0,17888.0
2026-05-06 15:51:33.323859,425325,1609504956810583,2556721633,-0.786656,0.431392,0.540704,0.42,-0.32375,-5.355,-10.368,-44.160004,-31.256002,inter_set_rest,4,5.0,42397.0,46156.0,74216.0,101623.0,37443.0,52797.0,30667.0,55638.0,23604.0,17888.0
2026-05-06 15:51:33.326453,425326,1609504956819842,2556732481,-0.786656,0.431392,0.540704,0.83125,-0.245,-4.97875,-10.368,-44.160004,-31.256002,inter_set_rest,4,5.0,42397.0,46156.0,74216.0,101623.0,37443.0,52797.0,30667.0,55638.0,23604.0,17888.0
2026-05-06 15:51:33.330130,425327,1609504956828762,2556741242,-0.794464,0.443104,0.554368,0.7525,0.245,-5.3375,-10.64,-43.688004,-31.000002,inter_set_rest,4,5.0,42397.0,46156.0,74216.0,101623.0,37443.0,52797.0,30667.0,55638.0,23604.0,17888.0
2026-05-06 15:51:33.343870,425328,1609504956843279,2556754138,-0.794464,0.443104,0.554368,1.2775,0.51625,-5.08375,-10.64,-43.688004,-31.000002,inter_set_rest,4,5.0,42397.0,46156.0,74216.0,101623.0,37443.0,52797.0,30667.0,55638.0,23604.0,17888.0
2026-05-06 15:51:33.353849,425329,1609504956852665,2556764956,-0.792512,0.44896,0.554368,1.855,0.60375,-4.48875,-10.648001,-43.832,-31.104002,inter_set_rest,4,5.0,42397.0,46156.0,74216.0,101623.0,37443.0,52797.0,30667.0,55638.0,23604.0,17888.0
2026-05-06 15:51:33.387589,425330,1609504956867222,2556779905,-0.792512,0.44896,0.54656,1.65375,0.77875,-4.0425,-10.648001,-43.832,-31.104002,inter_set_rest,4,5.0,42397.0,46156.0,74216.0,101623.0,37443.0,52797.0,30667.0,55638.0,23604.0,17888.0
2026-05-06 15:51:33.390121,425331,1609504956876180,2556788649,-0.778848,0.443104,0.54656,1.54,0.97125,-3.7275,-10.6,-43.944,-31.048002,inter_set_rest,4,5.0,42397.0,46156.0,74216.0,101623.0,37443.0,52797.0,30667.0,55638.0,23604.0,17888.0
2026-05-06 15:51:33.392631,425332,1609504956885104,2556797464,-0.778848,0.443104,0.54656,0.9275,0.6125,-3.2375,-10.6,-43.944,-31.048002,inter_set_rest,4,5.0,42397.0,46156.0,74216.0,101623.0,37443.0,52797.0,30667.0,55638.0,23604.0,17888.0
2026-05-06 15:51:33.486411,425343,1609504956899885,2556812432,-0.788608,0.452864,0.54656,0.84,0.9975,-3.0625,-10.616,-43.424004,-31.232002,inter_set_rest,4,5.0,42324.0,46135.0,74229.0,101517.0,37415.0,52733.0,30679.0,55587.0,23553.0,17870.0
2026-05-06 15:51:33.488833,425344,1609504956908850,2556821296,-0.76128,0.44896,0.5856,0.25375,1.085,-2.9225,-10.56,-45.616,-30.312002,inter_set_rest,4,5.0,42324.0,46135.0,74229.0,101517.0,37415.0,52733.0,30679.0,55587.0,23553.0,17870.0
2026-05-06 15:51:33.491414,425345,1609504956923533,2556836228,-0.76128,0.44896,0.5856,0.0175,0.60375,-2.835,-10.56,-45.616,-30.312002,inter_set_rest,4,5.0,42324.0,46135.0,74229.0,101517.0,37415.0,52733.0,30679.0,55587.0,23553.0,17870.0
2026-05-06 15:51:33.493671,425346,1609504956932529,2556844912,-0.772992,0.456768,0.591456,-0.23625,0.4725,-3.115,-10.8,-43.480003,-31.392002,inter_set_rest,4,5.0,42324.0,46135.0,74229.0,101517.0,37415.0,52733.0,30679.0,55587.0,23553.0,17870.0
2026-05-06 15:51:33.496451,425347,1609504956941509,2556853710,-0.772992,0.456768,0.591456,-0.55125,0.315,-2.91375,-10.8,-43.480003,-31.392002,inter_set_rest,4,5.0,42324.0,46135.0,74229.0,101517.0,37415.0,52733.0,30679.0,55587.0,23553.0,17870.0
2026-05-06 15:51:33.498892,425348,1609504956956026,2556868625,-0.7808,0.45872,0.577792,-0.46375,0.25375,-2.72125,-10.576,-43.816,-31.648,inter_set_rest,4,5.0,42324.0,46135.0,74229.0,101517.0,37415.0,52733.0,30679.0,55587.0,23553.0,17870.0
2026-05-06 15:51:33.528994,425349,1609504956964986,2556877354,-0.7808,0.45872,0.577792,-1.2775,0.315,-2.38,-10.576,-43.816,-31.648,inter_set_rest,4,5.0,42324.0,46135.0,74229.0,101517.0,37415.0,52733.0,30679.0,55587.0,23553.0,17870.0
2026-05-06 15:51:33.531537,425350,1609504956979466,2556890261,-0.784704,0.447008,0.519232,-1.63625,0.20125,-2.7475,-10.368,-43.928,-31.344002,inter_set_rest,4,5.0,42324.0,46135.0,74229.0,101517.0,37415.0,52733.0,30679.0,55587.0,23553.0,17870.0
2026-05-06 15:51:33.533990,425351,1609504956988835,2556901134,-0.792512,0.456768,0.54656,-1.4,0.13125,-2.66,-10.368,-46.784,-28.968002,inter_set_rest,4,5.0,42324.0,46135.0,74229.0,101517.0,37415.0,52733.0,30679.0,55587.0,23553.0,17870.0
2026-05-06 15:51:33.565175,425362,1609504956998059,2556909952,-0.792512,0.456768,0.54656,-1.88125,-0.32375,-2.66,-10.552,-46.784,-28.968002,inter_set_rest,4,5.0,42361.0,46137.0,74295.0,101524.0,37427.0,52734.0,30699.0,55594.0,23580.0,17884.0
2026-05-06 15:51:33.567931,425363,1609504957012626,2556924976,-0.7808,0.441152,0.534848,-1.8025,-0.77875,-3.24625,-10.56,-43.624,-31.496002,inter_set_rest,4,5.0,42361.0,46137.0,74295.0,101524.0,37427.0,52734.0,30699.0,55594.0,23580.0,17884.0
2026-05-06 15:51:33.569911,425364,1609504957021571,2556933708,-0.7808,0.441152,0.534848,-2.12625,-0.7,-3.4125,-10.56,-43.624,-31.496002,inter_set_rest,4,5.0,42361.0,46137.0,74295.0,101524.0,37427.0,52734.0,30699.0,55594.0,23580.0,17884.0
2026-05-06 15:51:33.572489,425365,1609504957036062,2556948631,-0.778848,0.452864,0.562176,-2.0825,-0.8225,-2.94875,-10.696,-44.016003,-29.080002,inter_set_rest,4,5.0,42361.0,46137.0,74295.0,101524.0,37427.0,52734.0,30699.0,55594.0,23580.0,17884.0
2026-05-06 15:51:33.574821,425366,1609504957045166,2556957379,-0.778848,0.452864,0.562176,-1.93375,-0.7525,-3.14125,-10.696,-44.016003,-29.080002,inter_set_rest,4,5.0,42361.0,46137.0,74295.0,101524.0,37427.0,52734.0,30699.0,55594.0,23580.0,17884.0
2026-05-06 15:51:33.577395,425367,1609504957059701,2556972404,-0.772992,0.445056,0.548512,-1.84625,-0.79625,-3.605,-10.376,-46.624,-30.752,inter_set_rest,4,5.0,42361.0,46137.0,74295.0,101524.0,37427.0,52734.0,30699.0,55594.0,23580.0,17884.0
2026-05-06 15:51:33.579971,425368,1609504957068643,2556981147,-0.772992,0.445056,0.54656,-1.5575,-0.84,-3.71875,-10.376,-46.624,-30.752,inter_set_rest,4,5.0,42361.0,46137.0,74295.0,101524.0,37427.0,52734.0,30699.0,55594.0,23580.0,17884.0
2026-05-06 15:51:33.582334,425369,1609504957077890,2556989897,-0.782752,0.452864,0.54656,-1.435,-1.05,-3.4475,-10.408001,-44.224003,-30.944002,inter_set_rest,4,5.0,42361.0,46137.0,74295.0,101524.0,37427.0,52734.0,30699.0,55594.0,23580.0,17884.0
2026-05-06 15:51:33.596402,425370,1609504957092469,2557004907,-0.767136,0.44896,0.573888,-1.82875,-0.81375,-3.08,-10.712001,-45.328003,-30.224,inter_set_rest,4,5.0,42361.0,46137.0,74295.0,101524.0,37427.0,52734.0,30699.0,55594.0,23580.0,17884.0
2026-05-06 15:51:33.630256,425381,1609504957101637,2557013707,-0.767136,0.44896,0.573888,-2.26625,-0.56875,-2.905,-10.712001,-45.328003,-30.224,inter_set_rest,4,5.0,42341.0,46081.0,74238.0,101474.0,37422.0,52684.0,30680.0,55612.0,23549.0,17845.0
2026-05-06 15:51:33.635075,425382,1609504957116267,2557028910,-0.782752,0.460672,0.581696,-2.8875,-0.83125,-2.66,-10.856001,-45.656002,-30.024002,inter_set_rest,4,5.0,42341.0,46081.0,74238.0,101474.0,37422.0,52684.0,30680.0,55612.0,23549.0,17845.0
2026-05-06 15:51:33.637759,425383,1609504957125273,2557037774,-0.782752,0.460672,0.581696,-3.22875,-0.7875,-2.625,-10.856001,-45.656002,-30.024002,inter_set_rest,4,5.0,42341.0,46081.0,74238.0,101474.0,37422.0,52684.0,30680.0,55612.0,23549.0,17845.0
2026-05-06 15:51:33.640252,425384,1609504957134204,2557046537,-0.7808,0.450912,0.532896,-3.395,-0.9275,-2.93125,-10.272,-45.616,-30.656002,inter_set_rest,4,5.0,42341.0,46081.0,74238.0,101474.0,37422.0,52684.0,30680.0,55612.0,23549.0,17845.0
2026-05-06 15:51:33.653668,425385,1609504957148867,2557061453,-0.7808,0.450912,0.532896,-3.26375,-0.945,-2.68625,-10.272,-45.616,-30.656002,inter_set_rest,4,5.0,42341.0,46081.0,74238.0,101474.0,37422.0,52684.0,30680.0,55612.0,23549.0,17845.0
2026-05-06 15:51:33.660253,425386,1609504957157940,2557070203,-0.776896,0.454816,0.55632,-2.84375,-0.98875,-3.05375,-10.424001,-44.440002,-32.32,inter_set_rest,4,5.0,42341.0,46081.0,74238.0,101474.0,37422.0,52684.0,30680.0,55612.0,23549.0,17845.0
2026-05-06 15:51:33.672604,425387,1609504957172504,2557085168,-0.774944,0.45872,0.591456,-2.94,-1.09375,-3.21125,-10.872001,-45.752003,-30.368002,inter_set_rest,4,5.0,42341.0,46081.0,74238.0,101474.0,37422.0,52684.0,30680.0,55612.0,23549.0,17845.0
2026-05-06 15:51:33.686466,425388,1609504957181431,2557093872,-0.774944,0.45872,0.591456,-3.2025,-1.04125,-2.87,-10.872001,-45.752003,-30.368002,inter_set_rest,4,5.0,42341.0,46081.0,74238.0,101474.0,37422.0,52684.0,30680.0,55612.0,23549.0,17845.0
2026-05-06 15:51:33.692631,425389,1609504957190368,2557102596,-0.767136,0.452864,0.591456,-3.1325,-1.085,-2.84375,-10.432,-43.856003,-30.904001,inter_set_rest,4,5.0,42341.0,46081.0,74238.0,101474.0,37422.0,52684.0,30680.0,55612.0,23549.0,17845.0
2026-05-06 15:51:33.723799,425400,1609504957205156,2557117885,-0.767136,0.452864,0.591456,-3.24625,-1.155,-3.19375,-10.432,-43.856003,-30.904001,inter_set_rest,4,5.0,42356.0,46068.0,74226.0,101522.0,37427.0,52699.0,30669.0,55629.0,23569.0,17863.0
2026-05-06 15:51:33.726260,425401,1609504957214132,2557126726,-0.763232,0.450912,0.603168,-3.605,-0.98875,-3.29875,-10.120001,-44.416,-31.024002,inter_set_rest,4,5.0,42356.0,46068.0,74226.0,101522.0,37427.0,52699.0,30669.0,55629.0,23569.0,17863.0
2026-05-06 15:51:33.728797,425402,1609504957228739,2557139661,-0.763232,0.450912,0.603168,-3.10625,-0.98875,-2.8525,-10.120001,-44.416,-31.024002,inter_set_rest,4,5.0,42356.0,46068.0,74226.0,101522.0,37427.0,52699.0,30669.0,55629.0,23569.0,17863.0
2026-05-06 15:51:33.742650,425403,1609504957238239,2557150497,-0.79056,0.447008,0.554368,-2.75625,-0.86625,-3.12375,-10.304001,-43.784,-30.856,inter_set_rest,4,5.0,42356.0,46068.0,74226.0,101522.0,37427.0,52699.0,30669.0,55629.0,23569.0,17863.0
2026-05-06 15:51:33.748798,425404,1609504957247216,2557159194,-0.79056,0.447008,0.554368,-2.65125,-0.665,-3.4475,-10.304001,-43.784,-30.856,inter_set_rest,4,5.0,42356.0,46068.0,74226.0,101522.0,37427.0,52699.0,30669.0,55629.0,23569.0,17863.0
2026-05-06 15:51:33.763901,425405,1609504957261718,2557174177,-0.776896,0.4392,0.560224,-2.3275,-0.245,-3.0625,-10.496,-46.168003,-29.976002,inter_set_rest,4,5.0,42356.0,46068.0,74226.0,101522.0,37427.0,52699.0,30669.0,55629.0,23569.0,17863.0
2026-05-06 15:51:33.772630,425406,1609504957270643,2557182886,-0.792512,0.445056,0.538752,-2.14375,-0.3325,-3.3425,-10.496,-46.168003,-30.376001,inter_set_rest,4,5.0,42356.0,46068.0,74226.0,101522.0,37427.0,52699.0,30669.0,55629.0,23569.0,17863.0
2026-05-06 15:51:33.800254,425407,1609504957285173,2557197903,-0.79056,0.445056,0.538752,-1.4875,-0.21,-3.885,-10.352,-45.456,-30.376001,inter_set_rest,4,5.0,42356.0,46068.0,74226.0,101522.0,37427.0,52699.0,30669.0,55629.0,23569.0,17863.0
2026-05-06 15:51:33.825246,425408,1609504957294094,2557206596,-0.774944,0.435296,0.548512,-1.46125,-0.9275,-4.0775,-10.128,-44.04,-31.080002,inter_set_rest,4,5.0,42356.0,46068.0,74226.0,101522.0,37427.0,52699.0,30669.0,55629.0,23569.0,17863.0
2026-05-06 15:51:33.861124,425419,1609504957308655,2557220160,-0.774944,0.435296,0.548512,-1.39125,-1.015,-3.68375,-10.128,-44.04,-31.080002,inter_set_rest,4,5.0,42320.0,46065.0,74223.0,101541.0,37442.0,52701.0,30655.0,55649.0,23559.0,17868.0
2026-05-06 15:51:33.863549,425420,1609504957317590,2557228920,-0.774944,0.445056,0.569984,-1.16375,-1.05875,-3.1675,-10.480001,-44.112003,-31.328001,inter_set_rest,4,5.0,42320.0,46065.0,74223.0,101541.0,37442.0,52701.0,30655.0,55649.0,23559.0,17868.0
2026-05-06 15:51:33.868588,425421,1609504957326555,2557237633,-0.774944,0.445056,0.569984,-0.98875,-0.91,-3.2375,-10.480001,-44.112003,-31.328001,inter_set_rest,4,5.0,42320.0,46065.0,74223.0,101541.0,37442.0,52701.0,30655.0,55649.0,23559.0,17868.0
2026-05-06 15:51:33.871152,425422,1609504957341356,2557252587,-0.759328,0.441152,0.59536,-1.2425,-0.9975,-3.45625,-10.096001,-44.856003,-31.2,inter_set_rest,4,5.0,42320.0,46065.0,74223.0,101541.0,37442.0,52701.0,30655.0,55649.0,23559.0,17868.0
2026-05-06 15:51:33.873727,425423,1609504957350319,2557261373,-0.759328,0.441152,0.59536,-1.2775,-0.3675,-3.47375,-10.096001,-44.856003,-31.2,inter_set_rest,4,5.0,42320.0,46065.0,74223.0,101541.0,37442.0,52701.0,30655.0,55649.0,23559.0,17868.0
2026-05-06 15:51:33.876432,425424,1609504957365430,2557276356,-0.7808,0.445056,0.5368,-1.11125,0.0175,-3.395,-10.552,-47.600002,-30.240002,inter_set_rest,4,5.0,42320.0,46065.0,74223.0,101541.0,37442.0,52701.0,30655.0,55649.0,23559.0,17868.0
2026-05-06 15:51:33.878846,425425,1609504957374779,2557287135,-0.765184,0.441152,0.56608,-0.5425,-0.0175,-3.9025,-10.128,-45.504,-30.392002,inter_set_rest,4,5.0,42320.0,46065.0,74223.0,101541.0,37442.0,52701.0,30655.0,55649.0,23559.0,17868.0
2026-05-06 15:51:33.885115,425426,1609504957383717,2557296067,-0.765184,0.441152,0.56608,-1.18125,-0.035,-3.66625,-10.128,-45.504,-30.392002,inter_set_rest,4,5.0,42320.0,46065.0,74223.0,101541.0,37442.0,52701.0,30655.0,55649.0,23559.0,17868.0
2026-05-06 15:51:33.934932,425437,1609504957398407,2557311055,-0.782752,0.450912,0.532896,-0.55125,0.1225,-3.99,-10.360001,-44.088,-30.432001,inter_set_rest,4,5.0,42363.0,46026.0,74254.0,101501.0,37452.0,52665.0,30656.0,55631.0,23564.0,17838.0
2026-05-06 15:51:33.937703,425438,1609504957407571,2557319823,-0.782752,0.450912,0.532896,-0.65625,0.35875,-4.2875,-10.360001,-44.088,-30.432001,inter_set_rest,4,5.0,42363.0,46026.0,74254.0,101501.0,37452.0,52665.0,30656.0,55631.0,23564.0,17838.0
2026-05-06 15:51:33.940202,425439,1609504957422119,2557334821,-0.769088,0.454816,0.5856,-0.23625,0.35875,-4.73375,-10.360001,-44.632004,-31.288002,inter_set_rest,4,5.0,42363.0,46026.0,74254.0,101501.0,37452.0,52665.0,30656.0,55631.0,23564.0,17838.0
2026-05-06 15:51:33.942691,425440,1609504957431126,2557343561,-0.769088,0.454816,0.5856,0.4025,0.14875,-5.08375,-10.360001,-44.632004,-31.288002,inter_set_rest,4,5.0,42363.0,46026.0,74254.0,101501.0,37452.0,52665.0,30656.0,55631.0,23564.0,17838.0
2026-05-06 15:51:33.945141,425441,1609504957440119,2557352335,-0.79056,0.45872,0.544608,0.63,0.2625,-5.13625,-10.376,-45.848003,-30.800001,inter_set_rest,4,5.0,42363.0,46026.0,74254.0,101501.0,37452.0,52665.0,30656.0,55631.0,23564.0,17838.0
2026-05-06 15:51:33.958956,425442,1609504957454636,2557367262,-0.778848,0.44896,0.569984,0.91,0.09625,-5.6525,-10.400001,-46.192,-30.680002,inter_set_rest,4,5.0,42363.0,46026.0,74254.0,101501.0,37452.0,52665.0,30656.0,55631.0,23564.0,17838.0
2026-05-06 15:51:33.966555,425443,1609504957463559,2557376094,-0.778848,0.44896,0.569984,0.77875,-0.09625,-5.97625,-10.400001,-46.192,-30.680002,inter_set_rest,4,5.0,42363.0,46026.0,74254.0,101501.0,37452.0,52665.0,30656.0,55631.0,23564.0,17838.0
2026-05-06 15:51:33.980288,425444,1609504957478276,2557391012,-0.792512,0.450912,0.564128,-0.09625,-0.0875,-5.67875,-10.232,-43.792004,-31.872002,inter_set_rest,4,5.0,42363.0,46026.0,74254.0,101501.0,37452.0,52665.0,30656.0,55631.0,23564.0,17838.0
2026-05-06 15:51:33.989039,425445,1609504957487251,2557399820,-0.792512,0.450912,0.564128,-1.1375,-0.595,-4.78625,-10.232,-43.792004,-31.872002,inter_set_rest,4,5.0,42363.0,46026.0,74254.0,101501.0,37452.0,52665.0,30656.0,55631.0,23564.0,17838.0
2026-05-06 15:51:33.997783,425446,1609504957496187,2557408530,-0.776896,0.4392,0.558272,-1.58375,-0.8575,-4.27,-10.312,-44.632004,-31.368002,inter_set_rest,4,5.0,42363.0,46026.0,74254.0,101501.0,37452.0,52665.0,30656.0,55631.0,23564.0,17838.0
2026-05-06 15:51:34.025095,425457,1609504957510867,2557423529,-0.776896,0.4392,0.558272,-2.00375,-0.44625,-3.85,-10.312,-44.632004,-31.368002,inter_set_rest,4,5.0,42265.0,45923.0,74066.0,101240.0,37308.0,52494.0,30535.0,55501.0,23480.0,17764.0
2026-05-06 15:51:34.027511,425458,1609504957519866,2557432348,-0.802272,0.443104,0.5368,-2.77375,-0.21875,-3.5525,-10.416,-47.664,-29.816002,inter_set_rest,4,5.0,42265.0,45923.0,74066.0,101240.0,37308.0,52494.0,30535.0,55501.0,23480.0,17764.0
2026-05-06 15:51:34.033947,425459,1609504957534445,2557445269,-0.79056,0.447008,0.577792,-2.6425,0.0875,-3.3775,-10.632001,-46.048,-31.392002,inter_set_rest,4,5.0,42265.0,45923.0,74066.0,101240.0,37308.0,52494.0,30535.0,55501.0,23480.0,17764.0
2026-05-06 15:51:34.047710,425460,1609504957543700,2557456195,-0.79056,0.447008,0.577792,-2.30125,-0.21,-2.68625,-10.632001,-46.048,-31.392002,inter_set_rest,4,5.0,42265.0,45923.0,74066.0,101240.0,37308.0,52494.0,30535.0,55501.0,23480.0,17764.0
2026-05-06 15:51:34.053974,425461,1609504957552655,2557464898,-0.79056,0.445056,0.550464,-1.925,-0.2275,-2.7475,-10.632001,-46.048,-32.256,inter_set_rest,4,5.0,42265.0,45923.0,74066.0,101240.0,37308.0,52494.0,30535.0,55501.0,23480.0,17764.0
2026-05-06 15:51:34.067694,425462,1609504957567201,2557479846,-0.788608,0.445056,0.550464,-2.02125,-0.21875,-2.68625,-10.384001,-44.072002,-32.256,inter_set_rest,4,5.0,42265.0,45923.0,74066.0,101240.0,37308.0,52494.0,30535.0,55501.0,23480.0,17764.0
2026-05-06 15:51:34.076473,425463,1609504957576100,2557488587,-0.772992,0.437248,0.54656,-2.0825,-0.83125,-2.91375,-10.088,-43.976,-31.728,inter_set_rest,4,5.0,42265.0,45923.0,74066.0,101240.0,37308.0,52494.0,30535.0,55501.0,23480.0,17764.0
2026-05-06 15:51:34.093771,425464,1609504957590582,2557501445,-0.772992,0.437248,0.54656,-1.46125,-0.805,-2.79125,-10.088,-43.976,-31.728,inter_set_rest,4,5.0,42265.0,45923.0,74066.0,101240.0,37308.0,52494.0,30535.0,55501.0,23480.0,17764.0
2026-05-06 15:51:34.127471,425475,1609504957599866,2557512306,-0.77104,0.4392,0.550464,-2.1525,-0.76125,-2.59,-10.592001,-45.944004,-30.664001,inter_set_rest,4,5.0,42222.0,45874.0,73982.0,101248.0,37281.0,52449.0,30514.0,55507.0,23457.0,17720.0
2026-05-06 15:51:34.130111,425476,1609504957609336,2557521043,-0.77104,0.4392,0.550464,-2.23125,-0.5425,-2.47625,-10.592001,-45.944004,-30.664001,inter_set_rest,4,5.0,42222.0,45874.0,73982.0,101248.0,37281.0,52449.0,30514.0,55507.0,23457.0,17720.0
2026-05-06 15:51:34.132611,425477,1609504957623960,2557536150,-0.772992,0.441152,0.554368,-2.52875,-0.28,-2.35375,-10.312,-45.792004,-30.584002,inter_set_rest,4,5.0,42222.0,45874.0,73982.0,101248.0,37281.0,52449.0,30514.0,55507.0,23457.0,17720.0
2026-05-06 15:51:34.135237,425478,1609504957632958,2557544894,-0.772992,0.441152,0.5856,-3.08,-0.51625,-2.07375,-10.312,-45.792004,-30.584002,inter_set_rest,4,5.0,42222.0,45874.0,73982.0,101248.0,37281.0,52449.0,30514.0,55507.0,23457.0,17720.0
2026-05-06 15:51:34.165181,425479,1609504957647565,2557559822,-0.774944,0.447008,0.5856,-3.01875,-0.74375,-1.9775,-10.552,-44.264004,-31.728,inter_set_rest,4,5.0,42222.0,45874.0,73982.0,101248.0,37281.0,52449.0,30514.0,55507.0,23457.0,17720.0
2026-05-06 15:51:34.190248,425480,1609504957656518,2557568536,-0.784704,0.445056,0.558272,-2.77375,-0.28875,-2.31875,-10.376,-44.320004,-31.672,inter_set_rest,4,5.0,42222.0,45874.0,73982.0,101248.0,37281.0,52449.0,30514.0,55507.0,23457.0,17720.0
2026-05-06 15:51:34.217069,425481,1609504957671029,2557583503,-0.784704,0.445056,0.558272,-2.16125,-0.49,-2.9925,-10.376,-44.320004,-31.672,inter_set_rest,4,5.0,42222.0,45874.0,73982.0,101248.0,37281.0,52449.0,30514.0,55507.0,23457.0,17720.0
2026-05-06 15:51:34.227507,425482,1609504957679950,2557592205,-0.769088,0.445056,0.591456,-2.1,-0.48125,-3.22875,-10.184,-44.184002,-31.784002,inter_set_rest,4,5.0,42222.0,45874.0,73982.0,101248.0,37281.0,52449.0,30514.0,55507.0,23457.0,17720.0
2026-05-06 15:51:34.230120,425483,1609504957689042,2557600952,-0.769088,0.445056,0.591456,-2.1175,-0.875,-3.57875,-10.184,-44.184002,-31.784002,inter_set_rest,4,5.0,42222.0,45874.0,73982.0,101248.0,37281.0,52449.0,30514.0,55507.0,23457.0,17720.0
2026-05-06 15:51:34.257764,425494,1609504957704179,2557616374,-0.776896,0.443104,0.568032,-2.065,-0.6825,-3.33375,-10.304001,-44.368004,-31.720001,inter_set_rest,4,5.0,42206.0,45851.0,73961.0,101241.0,37278.0,52426.0,30493.0,55493.0,23445.0,17729.0
2026-05-06 15:51:34.260312,425495,1609504957713157,2557625068,-0.776896,0.443104,0.568032,-2.28375,-0.84,-3.29,-10.304001,-44.368004,-31.720001,inter_set_rest,4,5.0,42206.0,45851.0,73961.0,101241.0,37278.0,52426.0,30493.0,55493.0,23445.0,17729.0
2026-05-06 15:51:34.262744,425496,1609504957727673,2557640059,-0.784704,0.4392,0.544608,-2.1525,-0.77875,-2.9225,-10.480001,-44.248,-32.512,inter_set_rest,4,5.0,42206.0,45851.0,73961.0,101241.0,37278.0,52426.0,30493.0,55493.0,23445.0,17729.0
2026-05-06 15:51:34.265272,425497,1609504957736837,2557648792,-0.782752,0.443104,0.564128,-2.2575,-0.84875,-3.28125,-10.472,-44.416,-30.616001,inter_set_rest,4,5.0,42206.0,45851.0,73961.0,101241.0,37278.0,52426.0,30493.0,55493.0,23445.0,17729.0
2026-05-06 15:51:34.267738,425498,1609504957745854,2557657552,-0.782752,0.443104,0.564128,-2.59,-0.90125,-2.7825,-10.472,-44.416,-30.616001,inter_set_rest,4,5.0,42206.0,45851.0,73961.0,101241.0,37278.0,52426.0,30493.0,55493.0,23445.0,17729.0
2026-05-06 15:51:34.270257,425499,1609504957760451,2557672524,-0.772992,0.443104,0.60512,-2.7825,-0.98,-2.7125,-10.744,-46.08,-30.520002,inter_set_rest,4,5.0,42206.0,45851.0,73961.0,101241.0,37278.0,52426.0,30493.0,55493.0,23445.0,17729.0
2026-05-06 15:51:34.272772,425500,1609504957769401,2557681290,-0.772992,0.443104,0.60512,-2.42375,-0.9975,-2.8175,-10.744,-46.08,-30.520002,inter_set_rest,4,5.0,42206.0,45851.0,73961.0,101241.0,37278.0,52426.0,30493.0,55493.0,23445.0,17729.0
2026-05-06 15:51:34.291432,425501,1609504957783958,2557696288,-0.7808,0.443104,0.57584,-2.44125,-1.19,-2.87,-10.344001,-45.552002,-30.352001,inter_set_rest,4,5.0,42206.0,45851.0,73961.0,101241.0,37278.0,52426.0,30493.0,55493.0,23445.0,17729.0
2026-05-06 15:51:34.293697,425502,1609504957792886,2557704977,-0.7808,0.443104,0.57584,-1.79375,-0.95375,-2.415,-10.344001,-45.552002,-30.352001,inter_set_rest,4,5.0,42206.0,45851.0,73961.0,101241.0,37278.0,52426.0,30493.0,55493.0,23445.0,17729.0
2026-05-06 15:51:34.327450,425513,1609504957802165,2557713693,-0.774944,0.435296,0.542656,-1.32125,-0.65625,-2.3975,-10.376,-43.944,-32.544003,inter_set_rest,4,5.0,42179.0,45824.0,73895.0,101215.0,37244.0,52394.0,30454.0,55472.0,23422.0,17686.0
2026-05-06 15:51:34.330145,425514,1609504957816860,2557728697,-0.774944,0.437248,0.554368,-1.25125,-0.665,-2.75625,-10.544001,-46.112003,-29.736002,inter_set_rest,4,5.0,42179.0,45824.0,73895.0,101215.0,37244.0,52394.0,30454.0,55472.0,23422.0,17686.0
2026-05-06 15:51:34.332656,425515,1609504957825943,2557737541,-0.774944,0.437248,0.554368,-1.42625,-0.63875,-2.54625,-10.544001,-46.112003,-29.736002,inter_set_rest,4,5.0,42179.0,45824.0,73895.0,101215.0,37244.0,52394.0,30454.0,55472.0,23422.0,17686.0
2026-05-06 15:51:34.341559,425516,1609504957840610,2557752472,-0.767136,0.435296,0.552416,-2.09125,-0.665,-2.555,-10.792001,-47.328003,-29.392002,inter_set_rest,4,5.0,42179.0,45824.0,73895.0,101215.0,37244.0,52394.0,30454.0,55472.0,23422.0,17686.0
2026-05-06 15:51:34.350247,425517,1609504957849537,2557761202,-0.767136,0.435296,0.552416,-2.6425,-0.8225,-2.28375,-10.792001,-47.328003,-29.392002,inter_set_rest,4,5.0,42179.0,45824.0,73895.0,101215.0,37244.0,52394.0,30454.0,55472.0,23422.0,17686.0
2026-05-06 15:51:34.358962,425518,1609504957858543,2557769900,-0.774944,0.443104,0.562176,-2.205,-0.74375,-2.6425,-10.456,-44.104004,-31.728,inter_set_rest,4,5.0,42179.0,45824.0,73895.0,101215.0,37244.0,52394.0,30454.0,55472.0,23422.0,17686.0
2026-05-06 15:51:34.372767,425519,1609504957873047,2557785012,-0.774944,0.443104,0.562176,-2.14375,-0.42875,-2.8525,-10.456,-44.104004,-31.728,inter_set_rest,4,5.0,42179.0,45824.0,73895.0,101215.0,37244.0,52394.0,30454.0,55472.0,23422.0,17686.0
2026-05-06 15:51:34.381591,425520,1609504957881983,2557793739,-0.769088,0.4392,0.554368,-2.49375,-0.53375,-2.485,-10.552,-44.096,-31.464,inter_set_rest,4,5.0,42179.0,45824.0,73895.0,101215.0,37244.0,52394.0,30454.0,55472.0,23422.0,17686.0
2026-05-06 15:51:34.404895,425521,1609504957896444,2557808721,-0.776896,0.447008,0.568032,-1.95125,-0.35,-2.73,-10.288,-43.824,-31.504002,inter_set_rest,4,5.0,42179.0,45824.0,73895.0,101215.0,37244.0,52394.0,30454.0,55472.0,23422.0,17686.0
2026-05-06 15:51:34.432387,425532,1609504957906071,2557817544,-0.776896,0.447008,0.568032,-2.03,-0.53375,-3.03625,-10.288,-43.824,-31.504002,inter_set_rest,4,5.0,42182.0,45815.0,73924.0,101228.0,37266.0,52375.0,30462.0,55486.0,23438.0,17684.0
2026-05-06 15:51:34.434945,425533,1609504957915073,2557826251,-0.776896,0.447008,0.57584,-2.14375,-0.88375,-2.9925,-10.288,-43.824,-31.504002,inter_set_rest,4,5.0,42182.0,45815.0,73924.0,101228.0,37266.0,52375.0,30462.0,55486.0,23438.0,17684.0
2026-05-06 15:51:34.437407,425534,1609504957930348,2557841263,-0.778848,0.445056,0.57584,-2.1875,-0.665,-3.26375,-10.56,-45.784,-28.088001,inter_set_rest,4,5.0,42182.0,45815.0,73924.0,101228.0,37266.0,52375.0,30462.0,55486.0,23438.0,17684.0
2026-05-06 15:51:34.441365,425535,1609504957939842,2557852191,-0.778848,0.4392,0.552416,-2.2225,-0.525,-3.3075,-10.776001,-46.312004,-30.504002,inter_set_rest,4,5.0,42182.0,45815.0,73924.0,101228.0,37266.0,52375.0,30462.0,55486.0,23438.0,17684.0
2026-05-06 15:51:34.450184,425536,1609504957949025,2557860963,-0.778848,0.4392,0.552416,-2.26625,-0.4025,-3.71,-10.776001,-46.312004,-30.504002,inter_set_rest,4,5.0,42182.0,45815.0,73924.0,101228.0,37266.0,52375.0,30462.0,55486.0,23438.0,17684.0
2026-05-06 15:51:34.463962,425537,1609504957963537,2557875929,-0.776896,0.445056,0.589504,-2.49375,-0.23625,-3.4125,-10.432,-43.896004,-31.504002,inter_set_rest,4,5.0,42182.0,45815.0,73924.0,101228.0,37266.0,52375.0,30462.0,55486.0,23438.0,17684.0
2026-05-06 15:51:34.477666,425538,1609504957972475,2557884648,-0.776896,0.445056,0.589504,-1.35625,-0.27125,-3.255,-10.432,-43.896004,-31.504002,inter_set_rest,4,5.0,42182.0,45815.0,73924.0,101228.0,37266.0,52375.0,30462.0,55486.0,23438.0,17684.0
2026-05-06 15:51:34.491607,425539,1609504957987080,2557899586,-0.784704,0.445056,0.544608,-1.32125,-0.37625,-3.05375,-10.192,-44.584003,-31.584002,inter_set_rest,4,5.0,42182.0,45815.0,73924.0,101228.0,37266.0,52375.0,30462.0,55486.0,23438.0,17684.0
2026-05-06 15:51:34.497698,425540,1609504957996107,2557908296,-0.784704,0.441152,0.534848,-0.9625,-0.0525,-3.45625,-10.192,-44.584003,-31.584002,inter_set_rest,4,5.0,42182.0,45815.0,73924.0,101228.0,37266.0,52375.0,30462.0,55486.0,23438.0,17684.0
2026-05-06 15:51:34.586586,425551,1609504958010638,2557923281,-0.786656,0.441152,0.534848,-0.84,-0.0175,-3.17625,-10.288,-44.36,-31.336002,inter_set_rest,4,5.0,42180.0,45817.0,73909.0,101241.0,37282.0,52366.0,30460.0,55493.0,23458.0,17703.0
2026-05-06 15:51:34.591680,425552,1609504958019654,2557932084,-0.79056,0.450912,0.544608,-1.02375,-0.2275,-2.94875,-10.6,-47.320004,-29.336,inter_set_rest,4,5.0,42180.0,45817.0,73909.0,101241.0,37282.0,52366.0,30460.0,55493.0,23458.0,17703.0
2026-05-06 15:51:34.592054,425553,1609504958028581,2557940786,-0.79056,0.450912,0.544608,-1.18125,-0.385,-2.9575,-10.6,-47.320004,-29.336,inter_set_rest,4,5.0,42180.0,45817.0,73909.0,101241.0,37282.0,52366.0,30460.0,55493.0,23458.0,17703.0
2026-05-06 15:51:34.593732,425554,1609504958043101,2557955706,-0.76128,0.456768,0.607072,-1.365,0.02625,-2.49375,-10.384001,-44.120003,-31.688002,inter_set_rest,4,5.0,42180.0,45817.0,73909.0,101241.0,37282.0,52366.0,30460.0,55493.0,23458.0,17703.0
2026-05-06 15:51:34.598234,425555,1609504958052050,2557964451,-0.76128,0.456768,0.607072,-0.84875,0.18375,-3.01,-10.384001,-44.120003,-31.688002,inter_set_rest,4,5.0,42180.0,45817.0,73909.0,101241.0,37282.0,52366.0,30460.0,55493.0,23458.0,17703.0
2026-05-06 15:51:34.601140,425556,1609504958066547,2557977328,-0.774944,0.44896,0.550464,-0.98875,0.11375,-3.15,-10.440001,-44.424004,-31.600002,inter_set_rest,4,5.0,42180.0,45817.0,73909.0,101241.0,37282.0,52366.0,30460.0,55493.0,23458.0,17703.0
2026-05-06 15:51:34.601229,425557,1609504958075732,2557988113,-0.774944,0.44896,0.550464,-1.39125,-0.41125,-2.9925,-10.440001,-44.424004,-31.600002,inter_set_rest,4,5.0,42180.0,45817.0,73909.0,101241.0,37282.0,52366.0,30460.0,55493.0,23458.0,17703.0
2026-05-06 15:51:34.603498,425558,1609504958084660,2557997003,-0.765184,0.454816,0.601216,-1.95125,-0.14,-2.96625,-10.904,-44.016003,-32.56,inter_set_rest,4,5.0,42180.0,45817.0,73909.0,101241.0,37282.0,52366.0,30460.0,55493.0,23458.0,17703.0
2026-05-06 15:51:34.606405,425559,1609504958099216,2558009978,-0.782752,0.456768,0.579744,-2.6075,-0.0875,-2.84375,-10.320001,-45.864002,-31.528002,inter_set_rest,4,5.0,42180.0,45817.0,73909.0,101241.0,37282.0,52366.0,30460.0,55493.0,23458.0,17703.0
2026-05-06 15:51:34.636511,425570,1609504958108693,2558020953,-0.782752,0.456768,0.579744,-2.975,-0.09625,-3.10625,-10.320001,-45.864002,-31.528002,inter_set_rest,4,5.0,42195.0,45794.0,73916.0,101241.0,37300.0,52375.0,30467.0,55508.0,23477.0,17699.0
2026-05-06 15:51:34.638903,425571,1609504958123222,2558035964,-0.786656,0.452864,0.562176,-3.045,-0.14875,-3.26375,-10.576,-46.056004,-31.016,inter_set_rest,4,5.0,42195.0,45794.0,73916.0,101241.0,37300.0,52375.0,30467.0,55508.0,23477.0,17699.0
2026-05-06 15:51:34.641573,425572,1609504958132235,2558044688,-0.786656,0.452864,0.562176,-2.40625,-0.11375,-3.47375,-10.576,-46.056004,-31.016,inter_set_rest,4,5.0,42195.0,45794.0,73916.0,101241.0,37300.0,52375.0,30467.0,55508.0,23477.0,17699.0
2026-05-06 15:51:34.645315,425573,1609504958146795,2558057568,-0.782752,0.450912,0.581696,-1.995,-0.21875,-3.78,-9.96,-44.480003,-31.840002,inter_set_rest,4,5.0,42195.0,45794.0,73916.0,101241.0,37300.0,52375.0,30467.0,55508.0,23477.0,17699.0
2026-05-06 15:51:34.659211,425574,1609504958156015,2558068372,-0.782752,0.450912,0.581696,-1.25125,-0.315,-3.5875,-9.96,-44.480003,-31.840002,inter_set_rest,4,5.0,42195.0,45794.0,73916.0,101241.0,37300.0,52375.0,30467.0,55508.0,23477.0,17699.0
2026-05-06 15:51:34.667774,425575,1609504958164981,2558077079,-0.774944,0.437248,0.558272,-0.95375,-0.04375,-3.92,-10.208,-44.144,-31.224,inter_set_rest,4,5.0,42195.0,45794.0,73916.0,101241.0,37300.0,52375.0,30467.0,55508.0,23477.0,17699.0
2026-05-06 15:51:34.681624,425576,1609504958179495,2558092084,-0.79056,0.435296,0.525088,-0.6125,-0.42875,-4.3575,-10.504001,-45.376003,-31.672,inter_set_rest,4,5.0,42195.0,45794.0,73916.0,101241.0,37300.0,52375.0,30467.0,55508.0,23477.0,17699.0
2026-05-06 15:51:34.688918,425577,1609504958188551,2558100828,-0.79056,0.435296,0.525088,-0.84,-0.1925,-4.17375,-10.504001,-45.376003,-31.672,inter_set_rest,4,5.0,42195.0,45794.0,73916.0,101241.0,37300.0,52375.0,30467.0,55508.0,23477.0,17699.0
2026-05-06 15:51:34.730158,425588,1609504958203050,2558115814,-0.774944,0.433344,0.554368,-1.4875,-0.25375,-3.68375,-10.184,-44.152,-31.664001,inter_set_rest,4,5.0,42121.0,45718.0,73732.0,101037.0,37190.0,52243.0,30356.0,55382.0,23399.0,17624.0
2026-05-06 15:51:34.732612,425589,1609504958212084,2558124547,-0.774944,0.433344,0.554368,-2.17875,-0.21875,-3.00125,-10.184,-44.152,-31.664001,inter_set_rest,4,5.0,42121.0,45718.0,73732.0,101037.0,37190.0,52243.0,30356.0,55382.0,23399.0,17624.0
2026-05-06 15:51:34.735219,425590,1609504958221146,2558133468,-0.778848,0.441152,0.577792,-2.93125,-0.1925,-2.4675,-10.248,-46.968002,-30.816002,inter_set_rest,4,5.0,42121.0,45718.0,73732.0,101037.0,37190.0,52243.0,30356.0,55382.0,23399.0,17624.0
2026-05-06 15:51:34.737715,425591,1609504958235774,2558148396,-0.778848,0.441152,0.577792,-2.98375,-0.2975,-2.31875,-10.248,-46.968002,-30.816002,inter_set_rest,4,5.0,42121.0,45718.0,73732.0,101037.0,37190.0,52243.0,30356.0,55382.0,23399.0,17624.0
2026-05-06 15:51:34.746553,425592,1609504958244861,2558157197,-0.77104,0.433344,0.55632,-2.7475,-0.315,-2.0825,-9.984,-46.280003,-31.168001,inter_set_rest,4,5.0,42121.0,45718.0,73732.0,101037.0,37190.0,52243.0,30356.0,55382.0,23399.0,17624.0
2026-05-06 15:51:34.760258,425593,1609504958259370,2558170155,-0.772992,0.443104,0.583648,-2.5725,-0.39375,-2.0125,-10.424001,-44.552002,-31.944002,inter_set_rest,4,5.0,42121.0,45718.0,73732.0,101037.0,37190.0,52243.0,30356.0,55382.0,23399.0,17624.0
2026-05-06 15:51:34.769038,425594,1609504958268622,2558180961,-0.772992,0.443104,0.583648,-2.14375,-0.46375,-2.4325,-10.424001,-44.552002,-31.944002,inter_set_rest,4,5.0,42121.0,45718.0,73732.0,101037.0,37190.0,52243.0,30356.0,55382.0,23399.0,17624.0
2026-05-06 15:51:34.779345,425595,1609504958277619,2558189699,-0.772992,0.443104,0.583648,-1.715,-0.56,-2.6775,-10.424001,-44.552002,-31.944002,inter_set_rest,4,5.0,42121.0,45718.0,73732.0,101037.0,37190.0,52243.0,30356.0,55382.0,23399.0,17624.0
2026-05-06 15:51:34.805106,425596,1609504958292161,2558204596,-0.782752,0.445056,0.56608,-1.95125,-0.56,-2.72125,-10.040001,-44.136,-32.464,inter_set_rest,4,5.0,42121.0,45718.0,73732.0,101037.0,37190.0,52243.0,30356.0,55382.0,23399.0,17624.0
2026-05-06 15:51:34.807579,425597,1609504958301072,2558213477,-0.774944,0.44896,0.583648,-1.9775,-0.42875,-2.44125,-10.344001,-44.112003,-31.448002,inter_set_rest,4,5.0,42121.0,45718.0,73732.0,101037.0,37190.0,52243.0,30356.0,55382.0,23399.0,17624.0
2026-05-06 15:51:34.837891,425608,1609504958315703,2558228474,-0.774944,0.44896,0.583648,-2.6075,-0.62125,-2.38,-10.344001,-44.112003,-31.448002,inter_set_rest,4,5.0,42091.0,45714.0,73745.0,101053.0,37166.0,52242.0,30362.0,55391.0,23402.0,17627.0
2026-05-06 15:51:34.840077,425609,1609504958324781,2558237345,-0.772992,0.447008,0.57584,-2.87,-0.5075,-2.65125,-10.272,-44.4,-31.576002,inter_set_rest,4,5.0,42091.0,45714.0,73745.0,101053.0,37166.0,52242.0,30362.0,55391.0,23402.0,17627.0
2026-05-06 15:51:34.842492,425610,1609504958339421,2558250286,-0.769088,0.441152,0.5856,-2.6775,-0.23625,-2.555,-10.256001,-44.192,-31.440002,inter_set_rest,4,5.0,42091.0,45714.0,73745.0,101053.0,37166.0,52242.0,30362.0,55391.0,23402.0,17627.0
2026-05-06 15:51:34.851288,425611,1609504958348772,2558261096,-0.769088,0.441152,0.5856,-2.61625,-0.00875,-2.7825,-10.256001,-44.192,-31.440002,inter_set_rest,4,5.0,42091.0,45714.0,73745.0,101053.0,37166.0,52242.0,30362.0,55391.0,23402.0,17627.0
2026-05-06 15:51:34.860256,425612,1609504958357723,2558269835,-0.769088,0.441152,0.5856,-2.6425,-0.51625,-2.905,-10.256001,-44.192,-31.440002,inter_set_rest,4,5.0,42091.0,45714.0,73745.0,101053.0,37166.0,52242.0,30362.0,55391.0,23402.0,17627.0
2026-05-06 15:51:34.873876,425613,1609504958372266,2558284768,-0.792512,0.447008,0.538752,-2.45,-0.455,-3.24625,-10.688001,-47.544003,-31.592001,inter_set_rest,4,5.0,42091.0,45714.0,73745.0,101053.0,37166.0,52242.0,30362.0,55391.0,23402.0,17627.0
2026-05-06 15:51:34.908900,425614,1609504958381183,2558293569,-0.763232,0.443104,0.601216,-2.17875,-0.09625,-3.4475,-10.512,-43.744003,-31.592001,inter_set_rest,4,5.0,42091.0,45714.0,73745.0,101053.0,37166.0,52242.0,30362.0,55391.0,23402.0,17627.0
2026-05-06 15:51:34.934011,425615,1609504958395645,2558306429,-0.763232,0.443104,0.601216,-1.75875,-0.04375,-3.395,-10.512,-43.744003,-31.592001,inter_set_rest,4,5.0,42091.0,45714.0,73745.0,101053.0,37166.0,52242.0,30362.0,55391.0,23402.0,17627.0
2026-05-06 15:51:34.967593,425626,1609504958404857,2558317365,-0.7808,0.450912,0.603168,-1.3825,-0.21875,-3.17625,-10.400001,-44.488003,-31.672,inter_set_rest,4,5.0,42127.0,45736.0,73806.0,101113.0,37195.0,52253.0,30396.0,55462.0,23400.0,17649.0
2026-05-06 15:51:34.970071,425627,1609504958414232,2558326219,-0.7808,0.450912,0.603168,-1.70625,-0.28875,-3.4475,-10.400001,-44.488003,-31.672,inter_set_rest,4,5.0,42127.0,45736.0,73806.0,101113.0,37195.0,52253.0,30396.0,55462.0,23400.0,17649.0
2026-05-06 15:51:34.972519,425628,1609504958428749,2558341128,-0.798368,0.44896,0.528992,-1.7675,-0.25375,-3.0625,-10.280001,-44.384003,-31.624,inter_set_rest,4,5.0,42127.0,45736.0,73806.0,101113.0,37195.0,52253.0,30396.0,55462.0,23400.0,17649.0
2026-05-06 15:51:34.974981,425629,1609504958437720,2558349852,-0.798368,0.44896,0.528992,-1.3125,-0.3675,-3.185,-10.280001,-44.384003,-31.624,inter_set_rest,4,5.0,42127.0,45736.0,73806.0,101113.0,37195.0,52253.0,30396.0,55462.0,23400.0,17649.0
2026-05-06 15:51:34.977680,425630,1609504958452240,2558364819,-0.784704,0.445056,0.5368,-1.0325,-0.4025,-3.35125,-10.400001,-44.032,-32.944,inter_set_rest,4,5.0,42127.0,45736.0,73806.0,101113.0,37195.0,52253.0,30396.0,55462.0,23400.0,17649.0
2026-05-06 15:51:34.981105,425631,1609504958461318,2558373706,-0.788608,0.454816,0.558272,-1.295,-0.51625,-3.0275,-10.320001,-45.904003,-30.960001,inter_set_rest,4,5.0,42127.0,45736.0,73806.0,101113.0,37195.0,52253.0,30396.0,55462.0,23400.0,17649.0
2026-05-06 15:51:34.982453,425632,1609504958470334,2558382456,-0.788608,0.454816,0.558272,-1.5925,-0.34125,-2.80875,-10.320001,-45.904003,-30.960001,inter_set_rest,4,5.0,42127.0,45736.0,73806.0,101113.0,37195.0,52253.0,30396.0,55462.0,23400.0,17649.0
2026-05-06 15:51:34.986190,425633,1609504958484827,2558397510,-0.772992,0.447008,0.552416,-1.65375,0.2275,-2.59,-10.328,-45.712,-29.968002,inter_set_rest,4,5.0,42127.0,45736.0,73806.0,101113.0,37195.0,52253.0,30396.0,55462.0,23400.0,17649.0
2026-05-06 15:51:34.994924,425634,1609504958493748,2558406316,-0.772992,0.447008,0.552416,-1.7675,-0.04375,-2.4325,-10.328,-45.712,-29.968002,inter_set_rest,4,5.0,42127.0,45736.0,73806.0,101113.0,37195.0,52253.0,30396.0,55462.0,23400.0,17649.0
2026-05-06 15:51:35.039009,425645,1609504958508360,2558419300,-0.776896,0.44896,0.554368,-1.925,-0.105,-2.58125,-10.376,-45.552002,-30.336002,inter_set_rest,4,5.0,42095.0,45687.0,73806.0,101110.0,37180.0,52230.0,30383.0,55436.0,23397.0,17629.0
2026-05-06 15:51:35.041599,425646,1609504958517869,2558430190,-0.776896,0.44896,0.554368,-2.05625,0.175,-2.3275,-10.376,-45.552002,-30.336002,inter_set_rest,4,5.0,42095.0,45687.0,73806.0,101110.0,37180.0,52230.0,30383.0,55436.0,23397.0,17629.0
2026-05-06 15:51:35.043938,425647,1609504958526889,2558438930,-0.763232,0.445056,0.583648,-2.695,0.25375,-2.3275,-10.264001,-44.608,-29.928001,inter_set_rest,4,5.0,42095.0,45687.0,73806.0,101110.0,37180.0,52230.0,30383.0,55436.0,23397.0,17629.0
2026-05-06 15:51:35.046579,425648,1609504958541488,2558453910,-0.778848,0.44896,0.568032,-2.75625,-0.21,-2.51125,-10.216001,-44.184002,-32.904003,inter_set_rest,4,5.0,42095.0,45687.0,73806.0,101110.0,37180.0,52230.0,30383.0,55436.0,23397.0,17629.0
2026-05-06 15:51:35.053750,425649,1609504958550480,2558462641,-0.778848,0.44896,0.568032,-3.08,-0.76125,-2.5375,-10.216001,-44.184002,-32.904003,inter_set_rest,4,5.0,42095.0,45687.0,73806.0,101110.0,37180.0,52230.0,30383.0,55436.0,23397.0,17629.0
2026-05-06 15:51:35.066371,425650,1609504958564979,2558477572,-0.774944,0.443104,0.571936,-3.31625,-0.42,-3.05375,-10.392,-45.888,-30.848001,inter_set_rest,4,5.0,42095.0,45687.0,73806.0,101110.0,37180.0,52230.0,30383.0,55436.0,23397.0,17629.0
2026-05-06 15:51:35.075125,425651,1609504958573917,2558486387,-0.774944,0.443104,0.571936,-3.31625,-0.14,-3.00125,-10.392,-45.888,-30.848001,inter_set_rest,4,5.0,42095.0,45687.0,73806.0,101110.0,37180.0,52230.0,30383.0,55436.0,23397.0,17629.0
2026-05-06 15:51:35.083884,425652,1609504958582876,2558495128,-0.782752,0.443104,0.569984,-3.2725,0.02625,-3.31625,-10.440001,-44.616,-31.584002,inter_set_rest,4,5.0,42095.0,45687.0,73806.0,101110.0,37180.0,52230.0,30383.0,55436.0,23397.0,17629.0
2026-05-06 15:51:35.097583,425653,1609504958597350,2558510098,-0.782752,0.443104,0.569984,-2.9925,0.06125,-3.17625,-10.440001,-44.616,-31.584002,inter_set_rest,4,5.0,42095.0,45687.0,73806.0,101110.0,37180.0,52230.0,30383.0,55436.0,23397.0,17629.0
2026-05-06 15:51:35.131227,425664,1609504958606336,2558518842,-0.772992,0.435296,0.564128,-3.15,0.4025,-3.115,-10.264001,-44.208004,-31.496002,inter_set_rest,4,5.0,42120.0,45690.0,73868.0,101145.0,37209.0,52220.0,30429.0,55507.0,23406.0,17635.0
2026-05-06 15:51:35.133608,425665,1609504958621507,2558533972,-0.76128,0.435296,0.591456,-2.6775,0.1225,-3.21125,-10.632001,-45.608,-30.632002,inter_set_rest,4,5.0,42120.0,45690.0,73868.0,101145.0,37209.0,52220.0,30429.0,55507.0,23406.0,17635.0
2026-05-06 15:51:35.136520,425666,1609504958630478,2558542743,-0.76128,0.435296,0.591456,-2.40625,-0.1225,-3.54375,-10.632001,-45.608,-30.632002,inter_set_rest,4,5.0,42120.0,45690.0,73868.0,101145.0,37209.0,52220.0,30429.0,55507.0,23406.0,17635.0
2026-05-06 15:51:35.147646,425667,1609504958645060,2558557756,-0.772992,0.4392,0.583648,-2.59,0.20125,-3.57,-10.080001,-45.656002,-30.568,inter_set_rest,4,5.0,42120.0,45690.0,73868.0,101145.0,37209.0,52220.0,30429.0,55507.0,23406.0,17635.0
2026-05-06 15:51:35.156442,425668,1609504958653981,2558566496,-0.772992,0.4392,0.583648,-2.38875,-0.14875,-3.14125,-10.080001,-45.656002,-30.568,inter_set_rest,4,5.0,42120.0,45690.0,73868.0,101145.0,37209.0,52220.0,30429.0,55507.0,23406.0,17635.0
2026-05-06 15:51:35.162401,425669,1609504958662957,2558575218,-0.7808,0.4392,0.558272,-2.2225,-0.1925,-2.9575,-10.336,-45.504,-30.336002,inter_set_rest,4,5.0,42120.0,45690.0,73868.0,101145.0,37209.0,52220.0,30429.0,55507.0,23406.0,17635.0
2026-05-06 15:51:35.196547,425670,1609504958677459,2558590216,-0.7808,0.4392,0.558272,-1.82875,-0.1225,-3.12375,-10.336,-45.504,-30.336002,inter_set_rest,4,5.0,42120.0,45690.0,73868.0,101145.0,37209.0,52220.0,30429.0,55507.0,23406.0,17635.0
2026-05-06 15:51:35.199007,425671,1609504958686362,2558598909,-0.786656,0.452864,0.571936,-1.32125,0.0875,-3.12375,-10.216001,-44.568,-31.584002,inter_set_rest,4,5.0,42120.0,45690.0,73868.0,101145.0,37209.0,52220.0,30429.0,55507.0,23406.0,17635.0
2026-05-06 15:51:35.201566,425672,1609504958701018,2558611879,-0.786656,0.4392,0.544608,-1.63625,0.1225,-3.12375,-10.216001,-44.568,-31.584002,inter_set_rest,4,5.0,42120.0,45690.0,73868.0,101145.0,37209.0,52220.0,30429.0,55507.0,23406.0,17635.0
2026-05-06 15:51:35.232763,425683,1609504958710992,2558622713,-0.778848,0.4392,0.544608,-1.70625,-0.23625,-3.0975,-10.032001,-44.056004,-31.832,inter_set_rest,4,5.0,42088.0,45699.0,73910.0,101188.0,37252.0,52217.0,30476.0,55533.0,23446.0,17629.0
2026-05-06 15:51:35.235268,425684,1609504958720209,2558631443,-0.778848,0.4392,0.544608,-1.86375,0.04375,-3.3425,-10.032001,-44.056004,-31.832,inter_set_rest,4,5.0,42088.0,45699.0,73910.0,101188.0,37252.0,52217.0,30476.0,55533.0,23446.0,17629.0
2026-05-06 15:51:35.241242,425685,1609504958735254,2558646441,-0.778848,0.447008,0.55632,-2.03875,0.27125,-3.15,-10.168,-43.952003,-32.992,inter_set_rest,4,5.0,42088.0,45699.0,73910.0,101188.0,37252.0,52217.0,30476.0,55533.0,23446.0,17629.0
2026-05-06 15:51:35.271398,425686,1609504958744746,2558657208,-0.782752,0.4392,0.542656,-1.60125,-0.0525,-3.465,-9.856001,-44.432003,-30.400002,inter_set_rest,4,5.0,42088.0,45699.0,73910.0,101188.0,37252.0,52217.0,30476.0,55533.0,23446.0,17629.0
2026-05-06 15:51:35.296546,425687,1609504958753722,2558665917,-0.782752,0.4392,0.542656,-2.2575,-0.06125,-3.325,-9.856001,-44.432003,-30.400002,inter_set_rest,4,5.0,42088.0,45699.0,73910.0,101188.0,37252.0,52217.0,30476.0,55533.0,23446.0,17629.0
2026-05-06 15:51:35.301512,425688,1609504958768211,2558680886,-0.782752,0.441152,0.532896,-1.91625,-0.0175,-3.47375,-9.608001,-44.032,-31.28,inter_set_rest,4,5.0,42088.0,45699.0,73910.0,101188.0,37252.0,52217.0,30476.0,55533.0,23446.0,17629.0
2026-05-06 15:51:35.303922,425689,1609504958777223,2558689573,-0.782752,0.441152,0.532896,-1.9425,0.07,-3.4825,-9.608001,-44.032,-31.28,inter_set_rest,4,5.0,42088.0,45699.0,73910.0,101188.0,37252.0,52217.0,30476.0,55533.0,23446.0,17629.0
2026-05-06 15:51:35.306527,425690,1609504958791736,2558704474,-0.778848,0.441152,0.560224,-2.12625,-0.04375,-3.395,-10.016001,-44.496002,-31.800001,inter_set_rest,4,5.0,42088.0,45699.0,73910.0,101188.0,37252.0,52217.0,30476.0,55533.0,23446.0,17629.0
2026-05-06 15:51:35.308979,425691,1609504958800738,2558713231,-0.778848,0.441152,0.560224,-1.84625,-0.37625,-3.4125,-10.016001,-44.496002,-31.800001,inter_set_rest,4,5.0,42088.0,45699.0,73910.0,101188.0,37252.0,52217.0,30476.0,55533.0,23446.0,17629.0
2026-05-06 15:51:35.338796,425703,1609504958810485,2558722145,-0.778848,0.447008,0.593408,-2.24,-0.07875,-3.465,-10.152,-44.136,-31.760002,inter_set_rest,4,5.0,42142.0,45664.0,73922.0,101152.0,37253.0,52204.0,30476.0,55520.0,23448.0,17618.0
2026-05-06 15:51:35.342300,425704,1609504958825052,2558737265,-0.778848,0.441152,0.55632,-1.58375,-0.2275,-3.0975,-10.432,-44.496002,-31.432001,inter_set_rest,4,5.0,42142.0,45664.0,73922.0,101152.0,37253.0,52204.0,30476.0,55520.0,23448.0,17618.0
2026-05-06 15:51:35.346126,425705,1609504958834008,2558746092,-0.778848,0.441152,0.55632,-1.2775,-0.2625,-3.38625,-10.432,-44.496002,-31.432001,inter_set_rest,4,5.0,42142.0,45664.0,73922.0,101152.0,37253.0,52204.0,30476.0,55520.0,23448.0,17618.0
2026-05-06 15:51:35.348604,425706,1609504958848579,2558761043,-0.774944,0.441152,0.589504,-0.945,0.07,-3.85,-9.992001,-44.52,-31.624,inter_set_rest,4,5.0,42142.0,45664.0,73922.0,101152.0,37253.0,52204.0,30476.0,55520.0,23448.0,17618.0
2026-05-06 15:51:35.362447,425707,1609504958857576,2558769759,-0.774944,0.441152,0.589504,-0.39375,-0.02625,-4.0775,-9.992001,-44.52,-31.624,inter_set_rest,4,5.0,42142.0,45664.0,73922.0,101152.0,37253.0,52204.0,30476.0,55520.0,23448.0,17618.0
2026-05-06 15:51:35.368999,425708,1609504958866583,2558778460,-0.784704,0.443104,0.560224,-0.77,-0.13125,-3.73625,-9.512,-44.736004,-31.608002,inter_set_rest,4,5.0,42142.0,45664.0,73922.0,101152.0,37253.0,52204.0,30476.0,55520.0,23448.0,17618.0
2026-05-06 15:51:35.382672,425709,1609504958881104,2558793409,-0.784704,0.443104,0.560224,-0.6825,-0.3325,-3.78875,-9.512,-44.736004,-31.608002,inter_set_rest,4,5.0,42142.0,45664.0,73922.0,101152.0,37253.0,52204.0,30476.0,55520.0,23448.0,17618.0
2026-05-06 15:51:35.391460,425710,1609504958890199,2558802157,-0.759328,0.433344,0.560224,-0.56875,-0.28,-3.9725,-9.816001,-44.760002,-30.392002,inter_set_rest,4,5.0,42142.0,45664.0,73922.0,101152.0,37253.0,52204.0,30476.0,55520.0,23448.0,17618.0
2026-05-06 15:51:35.434822,425711,1609504958904732,2558817085,-0.772992,0.441152,0.577792,-1.09375,0.11375,-3.885,-9.912001,-44.448,-30.560001,inter_set_rest,4,5.0,42142.0,45664.0,73922.0,101152.0,37253.0,52204.0,30476.0,55520.0,23448.0,17618.0
2026-05-06 15:51:35.476593,425722,1609504958913823,2558825953,-0.772992,0.441152,0.577792,-1.21625,0.44625,-3.5875,-9.912001,-44.448,-30.560001,inter_set_rest,4,5.0,42092.0,45598.0,73785.0,100969.0,37170.0,52097.0,30395.0,55419.0,23414.0,17571.0
2026-05-06 15:51:35.479042,425723,1609504958922808,2558834793,-0.772992,0.441152,0.579744,-1.4875,0.5075,-3.57875,-9.912001,-44.448,-32.608,inter_set_rest,4,5.0,42092.0,45598.0,73785.0,100969.0,37170.0,52097.0,30395.0,55419.0,23414.0,17571.0
2026-05-06 15:51:35.481591,425724,1609504958937343,2558849708,-0.767136,0.441152,0.579744,-1.95125,-0.02625,-3.19375,-9.96,-44.328003,-31.960001,inter_set_rest,4,5.0,42092.0,45598.0,73785.0,100969.0,37170.0,52097.0,30395.0,55419.0,23414.0,17571.0
2026-05-06 15:51:35.484013,425725,1609504958946255,2558858427,-0.7808,0.4392,0.540704,-1.96,-0.1225,-3.2725,-10.008,-44.392002,-31.816002,inter_set_rest,4,5.0,42092.0,45598.0,73785.0,100969.0,37170.0,52097.0,30395.0,55419.0,23414.0,17571.0
2026-05-06 15:51:35.486555,425726,1609504958960852,2558873361,-0.7808,0.4392,0.540704,-2.96625,0.035,-3.14125,-10.008,-44.392002,-31.816002,inter_set_rest,4,5.0,42092.0,45598.0,73785.0,100969.0,37170.0,52097.0,30395.0,55419.0,23414.0,17571.0
2026-05-06 15:51:35.489018,425727,1609504958969844,2558882248,-0.786656,0.44896,0.571936,-3.07125,-0.28875,-2.765,-9.856001,-46.24,-31.096,inter_set_rest,4,5.0,42092.0,45598.0,73785.0,100969.0,37170.0,52097.0,30395.0,55419.0,23414.0,17571.0
2026-05-06 15:51:35.491614,425728,1609504958984413,2558895180,-0.786656,0.443104,0.562176,-3.0975,-0.21,-2.4675,-10.120001,-46.04,-33.248,inter_set_rest,4,5.0,42092.0,45598.0,73785.0,100969.0,37170.0,52097.0,30395.0,55419.0,23414.0,17571.0
2026-05-06 15:51:35.493862,425729,1609504958993674,2558906002,-0.786656,0.443104,0.562176,-2.8,-0.06125,-2.73875,-10.120001,-46.04,-33.248,inter_set_rest,4,5.0,42092.0,45598.0,73785.0,100969.0,37170.0,52097.0,30395.0,55419.0,23414.0,17571.0
2026-05-06 15:51:35.507749,425730,1609504959002649,2558914717,-0.786656,0.443104,0.562176,-3.01875,0.0525,-2.58125,-10.120001,-46.04,-33.248,inter_set_rest,4,5.0,42092.0,45598.0,73785.0,100969.0,37170.0,52097.0,30395.0,55419.0,23414.0,17571.0
2026-05-06 15:51:35.535192,425741,1609504959017169,2558929703,-0.772992,0.437248,0.577792,-3.00125,0.28,-2.72125,-10.504001,-46.168003,-30.424002,inter_set_rest,4,5.0,42098.0,45608.0,73805.0,101021.0,37184.0,52116.0,30395.0,55430.0,23426.0,17566.0
2026-05-06 15:51:35.538094,425742,1609504959026174,2558938477,-0.778848,0.431392,0.542656,-2.91375,0.385,-2.5725,-9.848001,-44.56,-31.824001,inter_set_rest,4,5.0,42098.0,45608.0,73805.0,101021.0,37184.0,52116.0,30395.0,55430.0,23426.0,17566.0
2026-05-06 15:51:35.541155,425743,1609504959040874,2558953479,-0.778848,0.431392,0.542656,-2.44125,0.16625,-2.87875,-9.848001,-44.56,-31.824001,inter_set_rest,4,5.0,42098.0,45608.0,73805.0,101021.0,37184.0,52116.0,30395.0,55430.0,23426.0,17566.0
2026-05-06 15:51:35.549918,425744,1609504959049855,2558962367,-0.782752,0.443104,0.59536,-2.2225,0.3675,-2.9575,-10.240001,-43.88,-31.856,inter_set_rest,4,5.0,42098.0,45608.0,73805.0,101021.0,37184.0,52116.0,30395.0,55430.0,23426.0,17566.0
2026-05-06 15:51:35.565161,425745,1609504959058829,2558971102,-0.782752,0.443104,0.59536,-2.47625,0.58625,-3.08,-10.240001,-43.88,-31.856,inter_set_rest,4,5.0,42098.0,45608.0,73805.0,101021.0,37184.0,52116.0,30395.0,55430.0,23426.0,17566.0
2026-05-06 15:51:35.578955,425746,1609504959073316,2558985997,-0.7808,0.443104,0.597312,-1.86375,0.30625,-3.15875,-9.928,-44.576,-31.688002,inter_set_rest,4,5.0,42098.0,45608.0,73805.0,101021.0,37184.0,52116.0,30395.0,55430.0,23426.0,17566.0
2026-05-06 15:51:35.582722,425747,1609504959082265,2558994701,-0.7808,0.443104,0.597312,-1.77625,0.3675,-2.87,-9.928,-44.576,-31.688002,inter_set_rest,4,5.0,42098.0,45608.0,73805.0,101021.0,37184.0,52116.0,30395.0,55430.0,23426.0,17566.0
2026-05-06 15:51:35.596580,425748,1609504959096757,2559007601,-0.794464,0.447008,0.56608,-1.58375,0.34125,-3.4825,-10.160001,-44.480003,-32.568,inter_set_rest,4,5.0,42098.0,45608.0,73805.0,101021.0,37184.0,52116.0,30395.0,55430.0,23426.0,17566.0
2026-05-06 15:51:35.610308,425749,1609504959106038,2559018370,-0.788608,0.443104,0.538752,-0.93625,0.0,-3.80625,-9.84,-46.216003,-31.488,inter_set_rest,4,5.0,42098.0,45608.0,73805.0,101021.0,37184.0,52116.0,30395.0,55430.0,23426.0,17566.0
2026-05-06 15:51:35.691281,425760,1609504959120725,2559033419,-0.788608,0.443104,0.538752,-0.4375,0.16625,-4.31375,-9.84,-46.216003,-31.488,inter_set_rest,4,5.0,42100.0,45588.0,73832.0,101013.0,37223.0,52122.0,30426.0,55435.0,23436.0,17573.0
2026-05-06 15:51:35.693537,425761,1609504959129689,2559042159,-0.778848,0.445056,0.589504,-0.42,0.2975,-4.36625,-10.024,-44.272003,-31.784002,inter_set_rest,4,5.0,42100.0,45588.0,73832.0,101013.0,37223.0,52122.0,30426.0,55435.0,23436.0,17573.0
2026-05-06 15:51:35.696112,425762,1609504959138668,2559050882,-0.778848,0.445056,0.589504,-0.55125,0.37625,-3.6925,-10.024,-44.272003,-31.784002,inter_set_rest,4,5.0,42100.0,45588.0,73832.0,101013.0,37223.0,52122.0,30426.0,55435.0,23436.0,17573.0
2026-05-06 15:51:35.698831,425763,1609504959153292,2559065804,-0.79056,0.450912,0.562176,-1.3125,0.315,-3.57875,-10.176001,-46.072002,-30.472002,inter_set_rest,4,5.0,42100.0,45588.0,73832.0,101013.0,37223.0,52122.0,30426.0,55435.0,23436.0,17573.0
2026-05-06 15:51:35.701519,425764,1609504959162199,2559074588,-0.79056,0.450912,0.562176,-1.5925,0.06125,-3.24625,-10.176001,-46.072002,-30.472002,inter_set_rest,4,5.0,42100.0,45588.0,73832.0,101013.0,37223.0,52122.0,30426.0,55435.0,23436.0,17573.0
2026-05-06 15:51:35.703949,425765,1609504959176658,2559087445,-0.784704,0.441152,0.532896,-1.40875,-0.035,-3.5525,-10.112,-44.424004,-31.656002,inter_set_rest,4,5.0,42100.0,45588.0,73832.0,101013.0,37223.0,52122.0,30426.0,55435.0,23436.0,17573.0
2026-05-06 15:51:35.706542,425766,1609504959185895,2559098245,-0.776896,0.443104,0.571936,-1.60125,0.13125,-3.71,-10.048,-44.36,-29.960001,inter_set_rest,4,5.0,42100.0,45588.0,73832.0,101013.0,37223.0,52122.0,30426.0,55435.0,23436.0,17573.0
2026-05-06 15:51:35.710832,425767,1609504959194931,2559107030,-0.776896,0.443104,0.571936,-1.085,0.2275,-3.57,-10.048,-44.36,-29.960001,inter_set_rest,4,5.0,42100.0,45588.0,73832.0,101013.0,37223.0,52122.0,30426.0,55435.0,23436.0,17573.0
2026-05-06 15:51:35.736490,425778,1609504959209459,2559121927,-0.794464,0.44896,0.548512,-1.16375,0.34125,-3.3075,-9.936001,-44.632004,-32.120003,inter_set_rest,4,5.0,42091.0,45580.0,73836.0,100996.0,37214.0,52084.0,30418.0,55452.0,23424.0,17556.0
2026-05-06 15:51:35.738941,425779,1609504959218553,2559130746,-0.794464,0.44896,0.548512,-1.28625,0.35875,-3.465,-9.936001,-44.632004,-32.120003,inter_set_rest,4,5.0,42091.0,45580.0,73836.0,100996.0,37214.0,52084.0,30418.0,55452.0,23424.0,17556.0
2026-05-06 15:51:35.741418,425780,1609504959233100,2559145745,-0.7808,0.447008,0.560224,-1.785,0.21875,-3.80625,-10.016001,-44.256,-31.592001,inter_set_rest,4,5.0,42091.0,45580.0,73836.0,100996.0,37214.0,52084.0,30418.0,55452.0,23424.0,17556.0
2026-05-06 15:51:35.743705,425781,1609504959242051,2559154490,-0.7808,0.447008,0.560224,-1.68,-0.16625,-3.35125,-10.016001,-44.256,-31.592001,inter_set_rest,4,5.0,42091.0,45580.0,73836.0,100996.0,37214.0,52084.0,30418.0,55452.0,23424.0,17556.0
2026-05-06 15:51:35.752714,425782,1609504959251005,2559163211,-0.77104,0.443104,0.577792,-1.995,0.07,-3.5175,-10.080001,-45.192,-30.600002,inter_set_rest,4,5.0,42091.0,45580.0,73836.0,100996.0,37214.0,52084.0,30418.0,55452.0,23424.0,17556.0
2026-05-06 15:51:35.766599,425783,1609504959265567,2559178197,-0.776896,0.4392,0.548512,-2.30125,0.28,-2.98375,-10.080001,-45.728,-32.776,inter_set_rest,4,5.0,42091.0,45580.0,73836.0,100996.0,37214.0,52084.0,30418.0,55452.0,23424.0,17556.0
2026-05-06 15:51:35.776625,425784,1609504959274505,2559186921,-0.776896,0.4392,0.548512,-1.89875,0.42875,-3.19375,-10.192,-45.728,-32.776,inter_set_rest,4,5.0,42091.0,45580.0,73836.0,100996.0,37214.0,52084.0,30418.0,55452.0,23424.0,17556.0
2026-05-06 15:51:35.792573,425785,1609504959289022,2559199786,-0.794464,0.447008,0.54656,-2.205,0.245,-3.15,-9.656,-44.472004,-31.728,inter_set_rest,4,5.0,42091.0,45580.0,73836.0,100996.0,37214.0,52084.0,30418.0,55452.0,23424.0,17556.0
2026-05-06 15:51:35.799006,425786,1609504959298204,2559210623,-0.794464,0.447008,0.54656,-2.30125,0.07875,-3.2725,-9.656,-44.472004,-31.728,inter_set_rest,4,5.0,42091.0,45580.0,73836.0,100996.0,37214.0,52084.0,30418.0,55452.0,23424.0,17556.0
2026-05-06 15:51:35.837398,425797,1609504959313298,2559225648,-0.79056,0.443104,0.54656,-2.4325,0.20125,-3.42125,-10.136001,-45.944004,-30.688002,inter_set_rest,4,5.0,42071.0,45572.0,73844.0,101023.0,37239.0,52066.0,30451.0,55474.0,23434.0,17551.0
2026-05-06 15:51:35.840159,425798,1609504959322285,2559234532,-0.79056,0.443104,0.54656,-2.6425,0.2275,-2.975,-10.136001,-45.944004,-30.688002,inter_set_rest,4,5.0,42071.0,45572.0,73844.0,101023.0,37239.0,52066.0,30451.0,55474.0,23434.0,17551.0
2026-05-06 15:51:35.842658,425799,1609504959331395,2559243286,-0.798368,0.441152,0.530944,-2.40625,0.11375,-2.89625,-10.032001,-44.512,-31.760002,inter_set_rest,4,5.0,42071.0,45572.0,73844.0,101023.0,37239.0,52066.0,30451.0,55474.0,23434.0,17551.0
2026-05-06 15:51:35.848818,425800,1609504959345928,2559258202,-0.798368,0.435296,0.548512,-2.625,0.28,-3.40375,-10.032001,-44.512,-33.808002,inter_set_rest,4,5.0,42071.0,45572.0,73844.0,101023.0,37239.0,52066.0,30451.0,55474.0,23434.0,17551.0
2026-05-06 15:51:35.855188,425801,1609504959354862,2559266971,-0.782752,0.435296,0.548512,-2.51125,0.21,-3.1325,-9.952001,-44.456,-33.32,inter_set_rest,4,5.0,42071.0,45572.0,73844.0,101023.0,37239.0,52066.0,30451.0,55474.0,23434.0,17551.0
2026-05-06 15:51:35.878852,425802,1609504959369334,2559281882,-0.80032,0.443104,0.5368,-3.08,-0.04375,-2.70375,-9.872001,-44.088,-31.672,inter_set_rest,4,5.0,42071.0,45572.0,73844.0,101023.0,37239.0,52066.0,30451.0,55474.0,23434.0,17551.0
2026-05-06 15:51:35.881550,425803,1609504959378295,2559290582,-0.80032,0.443104,0.5368,-3.85,-0.11375,-2.49375,-9.872001,-44.088,-31.672,inter_set_rest,4,5.0,42071.0,45572.0,73844.0,101023.0,37239.0,52066.0,30451.0,55474.0,23434.0,17551.0
2026-05-06 15:51:35.890258,425804,1609504959387206,2559299306,-0.77104,0.431392,0.550464,-3.22,-0.07875,-2.14375,-10.080001,-46.120003,-31.968002,inter_set_rest,4,5.0,42071.0,45572.0,73844.0,101023.0,37239.0,52066.0,30451.0,55474.0,23434.0,17551.0
2026-05-06 15:51:35.905699,425805,1609504959401725,2559314245,-0.77104,0.431392,0.550464,-2.96625,0.28875,-2.21375,-10.080001,-46.120003,-31.968002,inter_set_rest,4,5.0,42071.0,45572.0,73844.0,101023.0,37239.0,52066.0,30451.0,55474.0,23434.0,17551.0
2026-05-06 15:51:35.937653,425816,1609504959410659,2559322954,-0.784704,0.441152,0.589504,-2.4325,0.665,-2.8175,-9.784,-44.584003,-31.496002,inter_set_rest,4,5.0,42136.0,45587.0,73867.0,101080.0,37269.0,52088.0,30456.0,55522.0,23467.0,17585.0
2026-05-06 15:51:35.940189,425817,1609504959425293,2559337976,-0.784704,0.441152,0.589504,-2.65125,-0.18375,-2.56375,-9.784,-44.584003,-31.496002,inter_set_rest,4,5.0,42136.0,45587.0,73867.0,101080.0,37269.0,52088.0,30456.0,55522.0,23467.0,17585.0
2026-05-06 15:51:35.942567,425818,1609504959434364,2559346809,-0.774944,0.431392,0.568032,-3.24625,-0.2625,-1.9075,-10.128,-46.152,-33.512,inter_set_rest,4,5.0,42136.0,45587.0,73867.0,101080.0,37269.0,52088.0,30456.0,55522.0,23467.0,17585.0
2026-05-06 15:51:35.951555,425819,1609504959448994,2559359781,-0.774944,0.433344,0.57584,-3.28125,-0.4375,-2.00375,-10.112,-45.784,-30.344002,inter_set_rest,4,5.0,42136.0,45587.0,73867.0,101080.0,37269.0,52088.0,30456.0,55522.0,23467.0,17585.0
2026-05-06 15:51:35.960198,425820,1609504959458327,2559370569,-0.774944,0.433344,0.57584,-2.7475,-0.4725,-2.3625,-10.112,-45.784,-30.344002,inter_set_rest,4,5.0,42136.0,45587.0,73867.0,101080.0,37269.0,52088.0,30456.0,55522.0,23467.0,17585.0
2026-05-06 15:51:35.968892,425821,1609504959467234,2559379276,-0.804224,0.445056,0.534848,-2.24,-0.56,-2.765,-10.112,-45.744003,-29.880001,inter_set_rest,4,5.0,42136.0,45587.0,73867.0,101080.0,37269.0,52088.0,30456.0,55522.0,23467.0,17585.0
2026-05-06 15:51:36.005408,425822,1609504959481725,2559394266,-0.804224,0.445056,0.534848,-1.8025,-0.67375,-2.77375,-9.688001,-45.744003,-29.880001,inter_set_rest,4,5.0,42136.0,45587.0,73867.0,101080.0,37269.0,52088.0,30456.0,55522.0,23467.0,17585.0
2026-05-06 15:51:36.027595,425823,1609504959490719,2559402970,-0.778848,0.441152,0.577792,-0.97125,-0.6825,-3.15875,-9.88,-44.128002,-31.640001,inter_set_rest,4,5.0,42136.0,45587.0,73867.0,101080.0,37269.0,52088.0,30456.0,55522.0,23467.0,17585.0
2026-05-06 15:51:36.045200,425824,1609504959505237,2559417916,-0.778848,0.441152,0.577792,-0.665,-0.4025,-3.29875,-9.88,-44.128002,-31.640001,inter_set_rest,4,5.0,42136.0,45587.0,73867.0,101080.0,37269.0,52088.0,30456.0,55522.0,23467.0,17585.0
2026-05-06 15:51:36.101483,425835,1609504959514647,2559426693,-0.792512,0.437248,0.523136,-0.93625,-0.245,-3.7625,-9.928,-44.464,-31.928001,inter_set_rest,4,5.0,42073.0,45509.0,73776.0,100940.0,37206.0,52002.0,30409.0,55445.0,23419.0,17536.0
2026-05-06 15:51:36.103783,425836,1609504959523652,2559435429,-0.792512,0.437248,0.523136,-0.56875,-0.875,-3.38625,-9.928,-44.464,-31.928001,inter_set_rest,4,5.0,42073.0,45509.0,73776.0,100940.0,37206.0,52002.0,30409.0,55445.0,23419.0,17536.0
2026-05-06 15:51:36.106298,425837,1609504959538183,2559450387,-0.786656,0.447008,0.571936,-0.74375,-0.63875,-3.185,-10.128,-44.440002,-31.608002,inter_set_rest,4,5.0,42073.0,45509.0,73776.0,100940.0,37206.0,52002.0,30409.0,55445.0,23419.0,17536.0
2026-05-06 15:51:36.108757,425838,1609504959547118,2559459119,-0.786656,0.447008,0.548512,-0.5775,-0.37625,-3.31625,-10.128,-44.440002,-31.608002,inter_set_rest,4,5.0,42073.0,45509.0,73776.0,100940.0,37206.0,52002.0,30409.0,55445.0,23419.0,17536.0
2026-05-06 15:51:36.111254,425839,1609504959561635,2559474094,-0.792512,0.447008,0.548512,-0.49,-0.35,-3.07125,-10.040001,-44.2,-30.096,inter_set_rest,4,5.0,42073.0,45509.0,73776.0,100940.0,37206.0,52002.0,30409.0,55445.0,23419.0,17536.0
2026-05-06 15:51:36.113507,425840,1609504959570634,2559482810,-0.792512,0.44896,0.558272,-0.63,-0.16625,-3.12375,-9.944,-44.376003,-31.672,inter_set_rest,4,5.0,42073.0,45509.0,73776.0,100940.0,37206.0,52002.0,30409.0,55445.0,23419.0,17536.0
2026-05-06 15:51:36.116173,425841,1609504959579617,2559491491,-0.792512,0.44896,0.558272,-1.015,-0.28875,-2.79125,-9.944,-44.376003,-31.672,inter_set_rest,4,5.0,42073.0,45509.0,73776.0,100940.0,37206.0,52002.0,30409.0,55445.0,23419.0,17536.0
2026-05-06 15:51:36.118715,425842,1609504959594107,2559506402,-0.774944,0.435296,0.548512,-1.89,-0.56875,-2.37125,-10.040001,-44.480003,-32.048,inter_set_rest,4,5.0,42073.0,45509.0,73776.0,100940.0,37206.0,52002.0,30409.0,55445.0,23419.0,17536.0
2026-05-06 15:51:36.121531,425843,1609504959603116,2559515339,-0.774944,0.435296,0.548512,-2.49375,-0.5075,-2.37125,-10.040001,-44.480003,-32.048,inter_set_rest,4,5.0,42073.0,45509.0,73776.0,100940.0,37206.0,52002.0,30409.0,55445.0,23419.0,17536.0
2026-05-06 15:51:36.151502,425854,1609504959617808,2559530368,-0.782752,0.437248,0.540704,-2.835,-0.77,-2.26625,-10.176001,-46.2,-30.728,inter_set_rest,4,5.0,42009.0,45460.0,73664.0,100819.0,37130.0,51907.0,30328.0,55357.0,23396.0,17495.0
2026-05-06 15:51:36.154007,425855,1609504959626816,2559539169,-0.782752,0.437248,0.540704,-2.9925,-0.67375,-2.135,-10.176001,-46.2,-30.728,inter_set_rest,4,5.0,42009.0,45460.0,73664.0,100819.0,37130.0,51907.0,30328.0,55357.0,23396.0,17495.0
2026-05-06 15:51:36.156584,425856,1609504959641555,2559554148,-0.788608,0.450912,0.583648,-2.30125,-0.665,-2.47625,-9.904,-46.056004,-31.848001,inter_set_rest,4,5.0,42009.0,45460.0,73664.0,100819.0,37130.0,51907.0,30328.0,55357.0,23396.0,17495.0
2026-05-06 15:51:36.159000,425857,1609504959650651,2559562881,-0.792512,0.44896,0.56608,-2.5725,-0.51625,-2.45,-10.184,-45.888,-29.936,inter_set_rest,4,5.0,42009.0,45460.0,73664.0,100819.0,37130.0,51907.0,30328.0,55357.0,23396.0,17495.0
2026-05-06 15:51:36.161498,425858,1609504959659640,2559571617,-0.792512,0.44896,0.56608,-2.555,-0.35,-2.4675,-10.184,-45.888,-29.936,inter_set_rest,4,5.0,42009.0,45460.0,73664.0,100819.0,37130.0,51907.0,30328.0,55357.0,23396.0,17495.0
2026-05-06 15:51:36.177611,425859,1609504959674152,2559586561,-0.782752,0.445056,0.573888,-2.72125,-0.175,-2.45,-10.104,-47.408,-29.616001,inter_set_rest,4,5.0,42009.0,45460.0,73664.0,100819.0,37130.0,51907.0,30328.0,55357.0,23396.0,17495.0
2026-05-06 15:51:36.183936,425860,1609504959683085,2559595314,-0.782752,0.445056,0.573888,-3.535,-0.77,-2.17875,-10.104,-47.408,-29.616001,inter_set_rest,4,5.0,42009.0,45460.0,73664.0,100819.0,37130.0,51907.0,30328.0,55357.0,23396.0,17495.0
2026-05-06 15:51:36.202610,425861,1609504959697849,2559610309,-0.782752,0.443104,0.550464,-3.6225,-0.665,-1.75,-10.168,-45.2,-31.968002,inter_set_rest,4,5.0,42009.0,45460.0,73664.0,100819.0,37130.0,51907.0,30328.0,55357.0,23396.0,17495.0
2026-05-06 15:51:36.208887,425862,1609504959706783,2559619074,-0.782752,0.443104,0.550464,-3.10625,-0.07875,-2.24875,-10.168,-45.2,-31.968002,inter_set_rest,4,5.0,42009.0,45460.0,73664.0,100819.0,37130.0,51907.0,30328.0,55357.0,23396.0,17495.0
2026-05-06 15:51:36.237727,425873,1609504959715889,2559627874,-0.798368,0.443104,0.548512,-2.66,-0.2625,-2.555,-10.104,-44.408,-31.864002,inter_set_rest,4,5.0,42002.0,45456.0,73713.0,100916.0,37153.0,51938.0,30374.0,55420.0,23400.0,17524.0
2026-05-06 15:51:36.240249,425874,1609504959730601,2559642852,-0.788608,0.445056,0.573888,-2.5725,-0.25375,-2.6775,-9.864,-44.184002,-31.552002,inter_set_rest,4,5.0,42002.0,45456.0,73713.0,100916.0,37153.0,51938.0,30374.0,55420.0,23400.0,17524.0
2026-05-06 15:51:36.242565,425875,1609504959739550,2559651628,-0.788608,0.445056,0.573888,-2.72125,-0.0875,-2.7825,-9.864,-44.184002,-31.552002,inter_set_rest,4,5.0,42002.0,45456.0,73713.0,100916.0,37153.0,51938.0,30374.0,55420.0,23400.0,17524.0
2026-05-06 15:51:36.256451,425876,1609504959754093,2559666593,-0.79056,0.443104,0.54656,-2.38875,-0.30625,-2.63375,-10.040001,-45.128002,-30.496002,inter_set_rest,4,5.0,42002.0,45456.0,73713.0,100916.0,37153.0,51938.0,30374.0,55420.0,23400.0,17524.0
2026-05-06 15:51:36.265203,425877,1609504959762987,2559675402,-0.79056,0.443104,0.54656,-2.1,-0.1575,-2.485,-10.040001,-45.128002,-30.496002,inter_set_rest,4,5.0,42002.0,45456.0,73713.0,100916.0,37153.0,51938.0,30374.0,55420.0,23400.0,17524.0
2026-05-06 15:51:36.275898,425878,1609504959771923,2559684148,-0.7808,0.450912,0.601216,-2.10875,-0.37625,-2.49375,-10.040001,-46.416,-30.984001,inter_set_rest,4,5.0,42002.0,45456.0,73713.0,100916.0,37153.0,51938.0,30374.0,55420.0,23400.0,17524.0
2026-05-06 15:51:36.287832,425879,1609504959786470,2559699209,-0.7808,0.450912,0.601216,-1.75875,-0.7525,-2.35375,-10.040001,-46.416,-30.984001,inter_set_rest,4,5.0,42002.0,45456.0,73713.0,100916.0,37153.0,51938.0,30374.0,55420.0,23400.0,17524.0
2026-05-06 15:51:36.296427,425880,1609504959795408,2559707992,-0.774944,0.4392,0.548512,-1.82,-1.0325,-2.7125,-9.76,-44.496002,-31.768002,inter_set_rest,4,5.0,42002.0,45456.0,73713.0,100916.0,37153.0,51938.0,30374.0,55420.0,23400.0,17524.0
2026-05-06 15:51:36.310142,425881,1609504959809908,2559720830,-0.776896,0.447008,0.57584,-1.81125,-0.6825,-2.6425,-9.864,-44.192,-32.72,inter_set_rest,4,5.0,42002.0,45456.0,73713.0,100916.0,37153.0,51938.0,30374.0,55420.0,23400.0,17524.0
2026-05-06 15:51:36.337777,425892,1609504959819399,2559731738,-0.776896,0.447008,0.57584,-2.065,-0.9975,-2.625,-9.864,-44.192,-32.72,inter_set_rest,4,5.0,41991.0,45424.0,73701.0,100878.0,37152.0,51914.0,30389.0,55419.0,23391.0,17495.0
2026-05-06 15:51:36.340259,425893,1609504959833973,2559746637,-0.772992,0.443104,0.569984,-2.695,-0.74375,-2.35375,-9.976001,-47.008003,-29.632002,inter_set_rest,4,5.0,41991.0,45424.0,73701.0,100878.0,37152.0,51914.0,30389.0,55419.0,23391.0,17495.0
2026-05-06 15:51:36.343860,425894,1609504959842993,2559755499,-0.772992,0.443104,0.569984,-2.7825,-0.42875,-2.1175,-9.976001,-47.008003,-29.632002,inter_set_rest,4,5.0,41991.0,45424.0,73701.0,100878.0,37152.0,51914.0,30389.0,55419.0,23391.0,17495.0
2026-05-06 15:51:36.390034,425895,1609504959851977,2559764242,-0.786656,0.450912,0.589504,-3.0625,-0.25375,-2.2575,-10.392,-46.072002,-31.04,inter_set_rest,4,5.0,41991.0,45424.0,73701.0,100878.0,37152.0,51914.0,30389.0,55419.0,23391.0,17495.0
2026-05-06 15:51:36.406569,425896,1609504959866478,2559779243,-0.786656,0.450912,0.589504,-2.9925,-0.49875,-2.31875,-10.392,-46.072002,-31.04,inter_set_rest,4,5.0,41991.0,45424.0,73701.0,100878.0,37152.0,51914.0,30389.0,55419.0,23391.0,17495.0
2026-05-06 15:51:36.408930,425897,1609504959875403,2559787936,-0.792512,0.443104,0.525088,-3.185,-0.65625,-2.4325,-9.688001,-44.184002,-31.856,inter_set_rest,4,5.0,41991.0,45424.0,73701.0,100878.0,37152.0,51914.0,30389.0,55419.0,23391.0,17495.0
2026-05-06 15:51:36.411544,425898,1609504959889927,2559800801,-0.792512,0.450912,0.569984,-3.255,-0.86625,-2.12625,-9.688001,-44.184002,-31.856,inter_set_rest,4,5.0,41991.0,45424.0,73701.0,100878.0,37152.0,51914.0,30389.0,55419.0,23391.0,17495.0
2026-05-06 15:51:36.413768,425899,1609504959899364,2559811603,-0.788608,0.450912,0.569984,-3.38625,-0.48125,-2.02125,-10.248,-44.344,-35.696003,inter_set_rest,4,5.0,41991.0,45424.0,73701.0,100878.0,37152.0,51914.0,30389.0,55419.0,23391.0,17495.0
2026-05-06 15:51:36.416555,425900,1609504959908286,2559820305,-0.788608,0.450912,0.569984,-2.89625,-0.35875,-2.82625,-10.248,-44.344,-35.696003,inter_set_rest,4,5.0,41991.0,45424.0,73701.0,100878.0,37152.0,51914.0,30389.0,55419.0,23391.0,17495.0
2026-05-06 15:51:36.443885,425911,1609504959923091,2559835303,-0.774944,0.447008,0.593408,-2.1175,-0.46375,-2.975,-9.912001,-44.752003,-30.920002,inter_set_rest,4,5.0,41975.0,45441.0,73696.0,100921.0,37123.0,51910.0,30363.0,55422.0,23384.0,17505.0
2026-05-06 15:51:36.446602,425912,1609504959932136,2559844097,-0.763232,0.433344,0.568032,-2.23125,-0.58625,-2.7825,-10.312,-45.464,-30.472002,inter_set_rest,4,5.0,41975.0,45441.0,73696.0,100921.0,37123.0,51910.0,30363.0,55422.0,23384.0,17505.0
2026-05-06 15:51:36.449022,425913,1609504959946746,2559859041,-0.763232,0.433344,0.568032,-2.1,-0.4725,-2.66,-10.312,-45.464,-30.472002,inter_set_rest,4,5.0,41975.0,45441.0,73696.0,100921.0,37123.0,51910.0,30363.0,55422.0,23384.0,17505.0
2026-05-06 15:51:36.457821,425914,1609504959955708,2559867901,-0.788608,0.441152,0.542656,-2.54625,-0.4025,-3.115,-10.408001,-45.952003,-30.632002,inter_set_rest,4,5.0,41975.0,45441.0,73696.0,100921.0,37123.0,51910.0,30363.0,55422.0,23384.0,17505.0
2026-05-06 15:51:36.466475,425915,1609504959964651,2559876633,-0.788608,0.441152,0.542656,-2.5025,-0.5425,-2.75625,-10.408001,-45.952003,-30.632002,inter_set_rest,4,5.0,41975.0,45441.0,73696.0,100921.0,37123.0,51910.0,30363.0,55422.0,23384.0,17505.0
2026-05-06 15:51:36.480123,425916,1609504959979123,2559891549,-0.776896,0.441152,0.583648,-2.52,-0.37625,-3.08,-9.752001,-44.424004,-31.400002,inter_set_rest,4,5.0,41975.0,45441.0,73696.0,100921.0,37123.0,51910.0,30363.0,55422.0,23384.0,17505.0
2026-05-06 15:51:36.488868,425917,1609504959988086,2559900283,-0.776896,0.441152,0.583648,-2.6425,-0.55125,-2.79125,-9.752001,-44.424004,-31.400002,inter_set_rest,4,5.0,41975.0,45441.0,73696.0,100921.0,37123.0,51910.0,30363.0,55422.0,23384.0,17505.0
2026-05-06 15:51:36.503863,425918,1609504960002601,2559915222,-0.79056,0.4392,0.5368,-2.84375,-0.27125,-2.66875,-9.848001,-44.248,-30.824001,inter_set_rest,4,5.0,41975.0,45441.0,73696.0,100921.0,37123.0,51910.0,30363.0,55422.0,23384.0,17505.0
2026-05-06 15:51:36.512739,425919,1609504960011666,2559923960,-0.7808,0.441152,0.577792,-3.0275,-0.07,-2.73,-10.424001,-47.440002,-28.944002,inter_set_rest,4,5.0,41975.0,45441.0,73696.0,100921.0,37123.0,51910.0,30363.0,55422.0,23384.0,17505.0
2026-05-06 15:51:36.539890,425930,1609504960026238,2559938954,-0.7808,0.441152,0.577792,-2.905,-0.42875,-2.59,-10.424001,-47.440002,-28.944002,inter_set_rest,4,5.0,41988.0,45431.0,73739.0,100960.0,37158.0,51922.0,30366.0,55452.0,23402.0,17511.0
2026-05-06 15:51:36.542314,425931,1609504960035214,2559947665,-0.79056,0.443104,0.54656,-3.00125,-0.735,-2.6425,-9.984,-44.728,-31.528002,inter_set_rest,4,5.0,41988.0,45431.0,73739.0,100960.0,37158.0,51922.0,30366.0,55452.0,23402.0,17511.0
2026-05-06 15:51:36.544820,425932,1609504960044182,2559956421,-0.79056,0.443104,0.54656,-2.765,-0.63875,-2.93125,-9.984,-44.728,-31.528002,inter_set_rest,4,5.0,41988.0,45431.0,73739.0,100960.0,37158.0,51922.0,30366.0,55452.0,23402.0,17511.0
2026-05-06 15:51:36.578686,425933,1609504960058691,2559971370,-0.794464,0.4392,0.532896,-2.58125,-0.4375,-3.05375,-10.008,-44.632004,-30.136002,inter_set_rest,4,5.0,41988.0,45431.0,73739.0,100960.0,37158.0,51922.0,30366.0,55452.0,23402.0,17511.0
2026-05-06 15:51:36.581146,425934,1609504960067607,2559980128,-0.794464,0.4392,0.532896,-2.3625,-0.11375,-2.89625,-10.008,-44.632004,-30.136002,inter_set_rest,4,5.0,41988.0,45431.0,73739.0,100960.0,37158.0,51922.0,30366.0,55452.0,23402.0,17511.0
2026-05-06 15:51:36.583841,425935,1609504960082301,2559995042,-0.782752,0.435296,0.530944,-2.7825,-0.175,-2.56375,-10.016001,-44.496002,-31.720001,inter_set_rest,4,5.0,41988.0,45431.0,73739.0,100960.0,37158.0,51922.0,30366.0,55452.0,23402.0,17511.0
2026-05-06 15:51:36.591457,425936,1609504960091382,2560003791,-0.782752,0.450912,0.57584,-3.2375,-0.39375,-2.21375,-10.016001,-44.496002,-31.720001,inter_set_rest,4,5.0,41988.0,45431.0,73739.0,100960.0,37158.0,51922.0,30366.0,55452.0,23402.0,17511.0
2026-05-06 15:51:36.607617,425937,1609504960100381,2560012531,-0.774944,0.441152,0.57584,-3.33375,-0.56875,-2.3275,-10.184,-46.160004,-31.672,inter_set_rest,4,5.0,41988.0,45431.0,73739.0,100960.0,37158.0,51922.0,30366.0,55452.0,23402.0,17511.0
2026-05-06 15:51:36.646447,425948,1609504960114890,2560027468,-0.792512,0.447008,0.562176,-2.7125,-0.98,-2.87,-9.992001,-44.144,-31.640001,inter_set_rest,4,5.0,41969.0,45446.0,73748.0,101007.0,37166.0,51913.0,30386.0,55502.0,23421.0,17518.0
2026-05-06 15:51:36.656159,425949,1609504960123911,2560036225,-0.792512,0.447008,0.562176,-2.10875,-1.09375,-2.905,-9.992001,-44.144,-31.640001,inter_set_rest,4,5.0,41969.0,45446.0,73748.0,101007.0,37166.0,51913.0,30386.0,55502.0,23421.0,17518.0
2026-05-06 15:51:36.656897,425950,1609504960138478,2560051256,-0.774944,0.447008,0.589504,-1.8025,-0.63,-2.72125,-10.136001,-45.904003,-31.960001,inter_set_rest,4,5.0,41969.0,45446.0,73748.0,101007.0,37166.0,51913.0,30386.0,55502.0,23421.0,17518.0
2026-05-06 15:51:36.656972,425951,1609504960147383,2560059983,-0.774944,0.447008,0.589504,-1.2425,-0.72625,-2.8525,-10.136001,-45.904003,-31.960001,inter_set_rest,4,5.0,41969.0,45446.0,73748.0,101007.0,37166.0,51913.0,30386.0,55502.0,23421.0,17518.0
2026-05-06 15:51:36.662610,425952,1609504960162124,2560072901,-0.772992,0.437248,0.564128,-0.88375,-0.67375,-3.36875,-9.864,-44.52,-31.672,inter_set_rest,4,5.0,41969.0,45446.0,73748.0,101007.0,37166.0,51913.0,30386.0,55502.0,23421.0,17518.0
2026-05-06 15:51:36.676364,425953,1609504960171382,2560083662,-0.772992,0.437248,0.564128,-0.60375,-0.35875,-4.03375,-9.864,-44.52,-31.672,inter_set_rest,4,5.0,41969.0,45446.0,73748.0,101007.0,37166.0,51913.0,30386.0,55502.0,23421.0,17518.0
2026-05-06 15:51:36.679904,425954,1609504960180356,2560092449,-0.7808,0.435296,0.540704,-0.00875,-0.49875,-4.24375,-10.392,-45.472004,-30.160002,inter_set_rest,4,5.0,41969.0,45446.0,73748.0,101007.0,37166.0,51913.0,30386.0,55502.0,23421.0,17518.0
2026-05-06 15:51:36.728895,425955,1609504960194859,2560107439,-0.7808,0.437248,0.534848,-0.6825,-0.67375,-3.57,-10.296001,-44.344,-31.520002,inter_set_rest,4,5.0,41969.0,45446.0,73748.0,101007.0,37166.0,51913.0,30386.0,55502.0,23421.0,17518.0
2026-05-06 15:51:36.753893,425956,1609504960203776,2560116143,-0.7808,0.437248,0.534848,-1.3125,-0.91875,-3.29,-10.296001,-44.344,-31.520002,inter_set_rest,4,5.0,41969.0,45446.0,73748.0,101007.0,37166.0,51913.0,30386.0,55502.0,23421.0,17518.0
2026-05-06 15:51:36.801564,425967,1609504960218760,2560129599,-0.772992,0.445056,0.583648,-1.79375,-0.62125,-2.80875,-9.8,-43.912003,-31.840002,inter_set_rest,4,5.0,41923.0,45338.0,73557.0,100746.0,37067.0,51780.0,30300.0,55334.0,23317.0,17436.0
2026-05-06 15:51:36.804086,425968,1609504960228286,2560140445,-0.772992,0.445056,0.583648,-2.00375,-0.70875,-2.58125,-9.8,-43.912003,-31.840002,inter_set_rest,4,5.0,41923.0,45338.0,73557.0,100746.0,37067.0,51780.0,30300.0,55334.0,23317.0,17436.0
2026-05-06 15:51:36.806566,425969,1609504960237216,2560149124,-0.776896,0.437248,0.558272,-2.1875,-0.81375,-2.47625,-10.176001,-44.320004,-31.616001,inter_set_rest,4,5.0,41923.0,45338.0,73557.0,100746.0,37067.0,51780.0,30300.0,55334.0,23317.0,17436.0
2026-05-06 15:51:36.811532,425970,1609504960251723,2560164036,-0.776896,0.437248,0.558272,-2.70375,-0.385,-2.2925,-10.176001,-44.320004,-31.616001,inter_set_rest,4,5.0,41923.0,45338.0,73557.0,100746.0,37067.0,51780.0,30300.0,55334.0,23317.0,17436.0
2026-05-06 15:51:36.816600,425971,1609504960260710,2560172769,-0.798368,0.443104,0.55632,-2.9575,-0.175,-2.26625,-9.992001,-44.248,-31.872002,inter_set_rest,4,5.0,41923.0,45338.0,73557.0,100746.0,37067.0,51780.0,30300.0,55334.0,23317.0,17436.0
2026-05-06 15:51:36.819008,425972,1609504960275181,2560187659,-0.786656,0.435296,0.540704,-3.38625,-0.25375,-1.925,-9.936001,-44.08,-31.824001,inter_set_rest,4,5.0,41923.0,45338.0,73557.0,100746.0,37067.0,51780.0,30300.0,55334.0,23317.0,17436.0
2026-05-06 15:51:36.821601,425973,1609504960284142,2560196382,-0.786656,0.435296,0.540704,-3.73625,-0.6125,-1.5225,-9.936001,-44.08,-31.824001,inter_set_rest,4,5.0,41923.0,45338.0,73557.0,100746.0,37067.0,51780.0,30300.0,55334.0,23317.0,17436.0
2026-05-06 15:51:36.823988,425974,1609504960293231,2560205151,-0.784704,0.443104,0.56608,-3.045,-0.5775,-1.8025,-9.936001,-45.392002,-30.576002,inter_set_rest,4,5.0,41923.0,45338.0,73557.0,100746.0,37067.0,51780.0,30300.0,55334.0,23317.0,17436.0
2026-05-06 15:51:36.826660,425975,1609504960307789,2560220174,-0.784704,0.443104,0.56608,-3.21125,-0.245,-2.205,-10.104,-45.392002,-30.576002,inter_set_rest,4,5.0,41923.0,45338.0,73557.0,100746.0,37067.0,51780.0,30300.0,55334.0,23317.0,17436.0
2026-05-06 15:51:36.853590,425986,1609504960316753,2560228942,-0.7808,0.4392,0.558272,-3.19375,-0.6125,-1.925,-9.976001,-45.72,-30.424002,inter_set_rest,4,5.0,41865.0,45306.0,73555.0,100765.0,37032.0,51758.0,30279.0,55338.0,23327.0,17443.0
2026-05-06 15:51:36.856159,425987,1609504960331889,2560243878,-0.7808,0.4392,0.558272,-2.765,-0.385,-2.40625,-9.976001,-45.72,-30.424002,inter_set_rest,4,5.0,41865.0,45306.0,73555.0,100765.0,37032.0,51758.0,30279.0,55338.0,23327.0,17443.0
2026-05-06 15:51:36.858602,425988,1609504960341031,2560252648,-0.79056,0.445056,0.548512,-2.835,-0.3325,-2.6075,-10.200001,-46.840004,-29.384,inter_set_rest,4,5.0,41865.0,45306.0,73555.0,100765.0,37032.0,51758.0,30279.0,55338.0,23327.0,17443.0
2026-05-06 15:51:36.861109,425989,1609504960350023,2560261407,-0.79056,0.445056,0.548512,-2.52875,-0.42875,-2.75625,-10.200001,-46.840004,-29.384,inter_set_rest,4,5.0,41865.0,45306.0,73555.0,100765.0,37032.0,51758.0,30279.0,55338.0,23327.0,17443.0
2026-05-06 15:51:36.864966,425990,1609504960364546,2560276352,-0.788608,0.44896,0.568032,-2.10875,-0.735,-2.98375,-10.112,-47.72,-29.224,inter_set_rest,4,5.0,41865.0,45306.0,73555.0,100765.0,37032.0,51758.0,30279.0,55338.0,23327.0,17443.0
2026-05-06 15:51:36.873888,425991,1609504960373467,2560285097,-0.788608,0.445056,0.5368,-2.45875,-0.4725,-3.2025,-10.112,-47.72,-29.224,inter_set_rest,4,5.0,41865.0,45306.0,73555.0,100765.0,37032.0,51758.0,30279.0,55338.0,23327.0,17443.0
2026-05-06 15:51:36.887681,425992,1609504960388101,2560300108,-0.798368,0.445056,0.5368,-2.1525,-0.455,-3.63125,-10.0,-44.296,-31.744001,inter_set_rest,4,5.0,41865.0,45306.0,73555.0,100765.0,37032.0,51758.0,30279.0,55338.0,23327.0,17443.0
2026-05-06 15:51:36.901536,425993,1609504960397047,2560308877,-0.767136,0.441152,0.5856,-1.54,-0.13125,-3.75375,-10.048,-44.256,-31.632002,inter_set_rest,4,5.0,41865.0,45306.0,73555.0,100765.0,37032.0,51758.0,30279.0,55338.0,23327.0,17443.0
2026-05-06 15:51:36.907643,425994,1609504960405964,2560317555,-0.767136,0.441152,0.5856,-1.26875,-0.00875,-3.8675,-10.048,-44.256,-31.632002,inter_set_rest,4,5.0,41865.0,45306.0,73555.0,100765.0,37032.0,51758.0,30279.0,55338.0,23327.0,17443.0
2026-05-06 15:51:36.944980,426005,1609504960421118,2560332929,-0.796416,0.445056,0.552416,-1.785,-0.035,-3.57875,-9.84,-44.992,-30.400002,inter_set_rest,4,5.0,41877.0,45327.0,73562.0,100770.0,37041.0,51768.0,30272.0,55339.0,23333.0,17447.0
2026-05-06 15:51:36.947562,426006,1609504960430384,2560341697,-0.796416,0.445056,0.552416,-1.4525,-0.48125,-3.3425,-9.84,-44.992,-30.400002,inter_set_rest,4,5.0,41877.0,45327.0,73562.0,100770.0,37041.0,51768.0,30272.0,55339.0,23333.0,17447.0
2026-05-06 15:51:36.950108,426007,1609504960444958,2560356691,-0.784704,0.443104,0.54656,-1.82875,-0.6125,-3.0975,-10.472,-46.440002,-30.304,inter_set_rest,4,5.0,41877.0,45327.0,73562.0,100770.0,37041.0,51768.0,30272.0,55339.0,23333.0,17447.0
2026-05-06 15:51:36.953917,426008,1609504960453871,2560365406,-0.784704,0.443104,0.534848,-1.4175,-0.63875,-2.8175,-10.472,-46.440002,-30.304,inter_set_rest,4,5.0,41877.0,45327.0,73562.0,100770.0,37041.0,51768.0,30272.0,55339.0,23333.0,17447.0
2026-05-06 15:51:36.967753,426009,1609504960462855,2560374309,-0.782752,0.441152,0.534848,-1.05,-0.53375,-2.6775,-10.144,-46.256,-30.176,inter_set_rest,4,5.0,41877.0,45327.0,73562.0,100770.0,37041.0,51768.0,30272.0,55339.0,23333.0,17447.0
2026-05-06 15:51:36.981450,426010,1609504960477350,2560389272,-0.772992,0.447008,0.589504,-1.40875,-0.37625,-2.5375,-9.752001,-46.160004,-30.584002,inter_set_rest,4,5.0,41877.0,45327.0,73562.0,100770.0,37041.0,51768.0,30272.0,55339.0,23333.0,17447.0
2026-05-06 15:51:36.987607,426011,1609504960486264,2560397957,-0.772992,0.447008,0.589504,-1.61875,-0.63875,-2.415,-9.752001,-46.160004,-30.584002,inter_set_rest,4,5.0,41877.0,45327.0,73562.0,100770.0,37041.0,51768.0,30272.0,55339.0,23333.0,17447.0
2026-05-06 15:51:37.001416,426012,1609504960500766,2560412841,-0.782752,0.441152,0.532896,-1.8025,-0.70875,-2.52,-9.72,-46.592003,-29.424002,inter_set_rest,4,5.0,41877.0,45327.0,73562.0,100770.0,37041.0,51768.0,30272.0,55339.0,23333.0,17447.0
2026-05-06 15:51:37.011545,426013,1609504960509669,2560421556,-0.782752,0.441152,0.532896,-2.135,-0.4375,-2.10875,-9.72,-46.592003,-29.424002,inter_set_rest,4,5.0,41877.0,45327.0,73562.0,100770.0,37041.0,51768.0,30272.0,55339.0,23333.0,17447.0
2026-05-06 15:51:37.045074,426024,1609504960524342,2560436645,-0.767136,0.445056,0.587552,-2.8175,-0.56,-1.86375,-9.512,-44.56,-31.520002,inter_set_rest,4,5.0,41827.0,45308.0,73529.0,100750.0,37045.0,51742.0,30282.0,55335.0,23337.0,17424.0
2026-05-06 15:51:37.047604,426025,1609504960533324,2560445407,-0.767136,0.445056,0.587552,-2.86125,-0.5775,-2.05625,-9.512,-44.56,-31.520002,inter_set_rest,4,5.0,41827.0,45308.0,73529.0,100750.0,37045.0,51742.0,30282.0,55335.0,23337.0,17424.0
2026-05-06 15:51:37.050104,426026,1609504960542313,2560454156,-0.769088,0.441152,0.562176,-2.96625,-0.51625,-2.2925,-9.952001,-47.984,-29.144001,inter_set_rest,4,5.0,41827.0,45308.0,73529.0,100750.0,37045.0,51742.0,30282.0,55335.0,23337.0,17424.0
2026-05-06 15:51:37.058968,426027,1609504960556863,2560469135,-0.767136,0.437248,0.579744,-2.44125,-0.84875,-2.5375,-9.84,-46.368004,-30.576002,inter_set_rest,4,5.0,41827.0,45308.0,73529.0,100750.0,37045.0,51742.0,30282.0,55335.0,23337.0,17424.0
2026-05-06 15:51:37.067751,426028,1609504960565777,2560477845,-0.767136,0.437248,0.579744,-2.3625,-0.455,-2.625,-9.84,-46.368004,-30.576002,inter_set_rest,4,5.0,41827.0,45308.0,73529.0,100750.0,37045.0,51742.0,30282.0,55335.0,23337.0,17424.0
2026-05-06 15:51:37.107758,426029,1609504960580282,2560492808,-0.79056,0.445056,0.550464,-2.765,-0.7,-2.5725,-10.200001,-45.928,-30.272001,inter_set_rest,4,5.0,41827.0,45308.0,73529.0,100750.0,37045.0,51742.0,30282.0,55335.0,23337.0,17424.0
2026-05-06 15:51:37.132448,426030,1609504960589206,2560501565,-0.79056,0.445056,0.550464,-2.79125,-0.5775,-2.66875,-10.200001,-45.928,-30.272001,inter_set_rest,4,5.0,41827.0,45308.0,73529.0,100750.0,37045.0,51742.0,30282.0,55335.0,23337.0,17424.0
2026-05-06 15:51:37.158705,426031,1609504960603660,2560514545,-0.7808,0.435296,0.552416,-2.75625,-0.37625,-2.975,-10.096001,-44.552002,-31.792002,inter_set_rest,4,5.0,41827.0,45308.0,73529.0,100750.0,37045.0,51742.0,30282.0,55335.0,23337.0,17424.0
2026-05-06 15:51:37.166449,426032,1609504960613132,2560525349,-0.7808,0.435296,0.552416,-2.7125,-0.41125,-3.2025,-10.096001,-44.552002,-31.792002,inter_set_rest,4,5.0,41827.0,45308.0,73529.0,100750.0,37045.0,51742.0,30282.0,55335.0,23337.0,17424.0
2026-05-06 15:51:37.200250,426043,1609504960622649,2560534061,-0.786656,0.443104,0.581696,-2.835,-0.32375,-3.19375,-9.912001,-45.136,-31.944002,inter_set_rest,4,5.0,41868.0,45280.0,73543.0,100771.0,37049.0,51739.0,30255.0,55357.0,23357.0,17422.0
2026-05-06 15:51:37.202760,426044,1609504960637202,2560548986,-0.774944,0.435296,0.583648,-2.9225,-0.51625,-2.77375,-10.072001,-44.312,-31.536001,inter_set_rest,4,5.0,41868.0,45280.0,73543.0,100771.0,37049.0,51739.0,30255.0,55357.0,23357.0,17422.0
2026-05-06 15:51:37.205052,426045,1609504960646106,2560557680,-0.774944,0.435296,0.583648,-2.94,-0.7,-2.21375,-10.072001,-44.312,-31.536001,inter_set_rest,4,5.0,41868.0,45280.0,73543.0,100771.0,37049.0,51739.0,30255.0,55357.0,23357.0,17422.0
2026-05-06 15:51:37.209334,426046,1609504960655005,2560566368,-0.774944,0.435296,0.583648,-2.70375,-0.28,-2.14375,-10.072001,-44.312,-31.536001,inter_set_rest,4,5.0,41868.0,45280.0,73543.0,100771.0,37049.0,51739.0,30255.0,55357.0,23357.0,17422.0
2026-05-06 15:51:37.209913,426047,1609504960669470,2560581280,-0.79056,0.437248,0.538752,-2.37125,-0.4025,-2.38,-9.944,-44.464,-31.456001,inter_set_rest,4,5.0,41868.0,45280.0,73543.0,100771.0,37049.0,51739.0,30255.0,55357.0,23357.0,17422.0
2026-05-06 15:51:37.212556,426048,1609504960678424,2560589960,-0.786656,0.445056,0.562176,-1.8025,-0.105,-2.5025,-10.032001,-44.24,-31.552002,inter_set_rest,4,5.0,41868.0,45280.0,73543.0,100771.0,37049.0,51739.0,30255.0,55357.0,23357.0,17422.0
2026-05-06 15:51:37.215080,426049,1609504960693001,2560604999,-0.786656,0.445056,0.562176,-1.32125,-0.1925,-2.5025,-10.032001,-44.24,-31.552002,inter_set_rest,4,5.0,41868.0,45280.0,73543.0,100771.0,37049.0,51739.0,30255.0,55357.0,23357.0,17422.0
2026-05-06 15:51:37.219820,426050,1609504960702125,2560613711,-0.772992,0.443104,0.581696,-1.42625,-0.49875,-2.7825,-10.0,-44.744003,-31.968002,inter_set_rest,4,5.0,41868.0,45280.0,73543.0,100771.0,37049.0,51739.0,30255.0,55357.0,23357.0,17422.0
2026-05-06 15:51:37.219915,426051,1609504960716656,2560628698,-0.778848,0.443104,0.55632,-1.3825,-0.27125,-3.0975,-10.008,-44.008003,-31.616001,inter_set_rest,4,5.0,41868.0,45280.0,73543.0,100771.0,37049.0,51739.0,30255.0,55357.0,23357.0,17422.0
2026-05-06 15:51:37.251499,426062,1609504960725716,2560637532,-0.778848,0.443104,0.55632,-1.30375,-0.105,-3.0975,-10.008,-44.008003,-31.616001,inter_set_rest,4,5.0,41853.0,45285.0,73501.0,100762.0,37072.0,51740.0,30287.0,55351.0,23360.0,17422.0
2026-05-06 15:51:37.253917,426063,1609504960734792,2560646271,-0.778848,0.443104,0.55632,-1.7325,-0.0175,-2.765,-10.008,-44.008003,-31.616001,inter_set_rest,4,5.0,41853.0,45285.0,73501.0,100762.0,37072.0,51740.0,30287.0,55351.0,23360.0,17422.0
2026-05-06 15:51:37.256562,426064,1609504960749297,2560661236,-0.79056,0.447008,0.55632,-2.38875,-0.18375,-2.09125,-10.112,-44.640003,-32.448,inter_set_rest,4,5.0,41853.0,45285.0,73501.0,100762.0,37072.0,51740.0,30287.0,55351.0,23360.0,17422.0
2026-05-06 15:51:37.258977,426065,1609504960758255,2560669955,-0.767136,0.445056,0.5856,-3.2375,-0.3325,-1.63625,-10.296001,-46.032,-31.232002,inter_set_rest,4,5.0,41853.0,45285.0,73501.0,100762.0,37072.0,51740.0,30287.0,55351.0,23360.0,17422.0
2026-05-06 15:51:37.292616,426066,1609504960772966,2560684956,-0.767136,0.445056,0.5856,-2.695,-0.8575,-2.12625,-10.296001,-46.032,-31.232002,inter_set_rest,4,5.0,41853.0,45285.0,73501.0,100762.0,37072.0,51740.0,30287.0,55351.0,23360.0,17422.0
2026-05-06 15:51:37.294913,426067,1609504960782034,2560693670,-0.778848,0.4392,0.554368,-2.205,-0.6125,-2.75625,-9.96,-44.128002,-31.928001,inter_set_rest,4,5.0,41853.0,45285.0,73501.0,100762.0,37072.0,51740.0,30287.0,55351.0,23360.0,17422.0
2026-05-06 15:51:37.297747,426068,1609504960790982,2560702409,-0.778848,0.4392,0.554368,-2.1875,-0.9625,-2.75625,-9.96,-44.128002,-31.928001,inter_set_rest,4,5.0,41853.0,45285.0,73501.0,100762.0,37072.0,51740.0,30287.0,55351.0,23360.0,17422.0
2026-05-06 15:51:37.306852,426069,1609504960805527,2560717350,-0.767136,0.447008,0.579744,-1.575,-0.63875,-2.68625,-10.288,-44.280003,-31.960001,inter_set_rest,4,5.0,41853.0,45285.0,73501.0,100762.0,37072.0,51740.0,30287.0,55351.0,23360.0,17422.0
2026-05-06 15:51:37.315081,426070,1609504960814451,2560726055,-0.767136,0.447008,0.579744,-1.07625,-0.58625,-2.96625,-10.288,-44.280003,-31.960001,inter_set_rest,4,5.0,41853.0,45285.0,73501.0,100762.0,37072.0,51740.0,30287.0,55351.0,23360.0,17422.0
2026-05-06 15:51:37.373936,426081,1609504960829434,2560741699,-0.7808,0.441152,0.538752,-0.63,-0.30625,-3.5175,-10.288,-44.336002,-30.624,inter_set_rest,4,5.0,41825.0,45254.0,73430.0,100634.0,37030.0,51686.0,30231.0,55292.0,23348.0,17385.0
2026-05-06 15:51:37.376580,426082,1609504960838563,2560750477,-0.765184,0.445056,0.597312,-0.23625,-0.07875,-3.70125,-10.032001,-44.256,-31.664001,inter_set_rest,4,5.0,41825.0,45254.0,73430.0,100634.0,37030.0,51686.0,30231.0,55292.0,23348.0,17385.0
2026-05-06 15:51:37.378911,426083,1609504960847513,2560759167,-0.765184,0.445056,0.597312,-0.69125,-0.37625,-3.87625,-10.032001,-44.256,-31.664001,inter_set_rest,4,5.0,41825.0,45254.0,73430.0,100634.0,37030.0,51686.0,30231.0,55292.0,23348.0,17385.0
2026-05-06 15:51:37.381592,426084,1609504960862059,2560774092,-0.772992,0.445056,0.581696,-0.91875,-0.6125,-3.77125,-9.928,-44.168003,-31.688002,inter_set_rest,4,5.0,41825.0,45254.0,73430.0,100634.0,37030.0,51686.0,30231.0,55292.0,23348.0,17385.0
2026-05-06 15:51:37.384011,426085,1609504960871052,2560782832,-0.772992,0.445056,0.581696,-1.21625,-0.5075,-3.745,-9.928,-44.168003,-31.688002,inter_set_rest,4,5.0,41825.0,45254.0,73430.0,100634.0,37030.0,51686.0,30231.0,55292.0,23348.0,17385.0
2026-05-06 15:51:37.386581,426086,1609504960885522,2560797775,-0.784704,0.441152,0.532896,-1.995,-0.805,-3.52625,-10.120001,-44.512,-31.720001,inter_set_rest,4,5.0,41825.0,45254.0,73430.0,100634.0,37030.0,51686.0,30231.0,55292.0,23348.0,17385.0
2026-05-06 15:51:37.396312,426087,1609504960894465,2560806508,-0.784704,0.441152,0.532896,-2.68625,-0.385,-2.93125,-10.120001,-44.512,-31.720001,inter_set_rest,4,5.0,41825.0,45254.0,73430.0,100634.0,37030.0,51686.0,30231.0,55292.0,23348.0,17385.0
2026-05-06 15:51:37.409552,426088,1609504960908978,2560821437,-0.788608,0.445056,0.534848,-2.58125,-0.42,-3.29875,-10.088,-44.144,-31.944002,inter_set_rest,4,5.0,41825.0,45254.0,73430.0,100634.0,37030.0,51686.0,30231.0,55292.0,23348.0,17385.0
2026-05-06 15:51:37.422337,426089,1609504960917917,2560830181,-0.774944,0.441152,0.57584,-2.30125,-0.25375,-3.4825,-10.088,-45.048,-30.480001,inter_set_rest,4,5.0,41825.0,45254.0,73430.0,100634.0,37030.0,51686.0,30231.0,55292.0,23348.0,17385.0
2026-05-06 15:51:37.508874,426101,1609504960927045,2560838947,-0.774944,0.441152,0.57584,-2.6775,-0.56,-2.975,-10.096001,-45.048,-30.480001,inter_set_rest,4,5.0,41770.0,45196.0,73312.0,100458.0,36928.0,51586.0,30124.0,55163.0,23276.0,17361.0
2026-05-06 15:51:37.511358,426102,1609504960941655,2560853934,-0.77104,0.4392,0.564128,-2.625,-0.4725,-2.86125,-10.456,-45.864002,-30.688002,inter_set_rest,4,5.0,41770.0,45196.0,73312.0,100458.0,36928.0,51586.0,30124.0,55163.0,23276.0,17361.0
2026-05-06 15:51:37.513851,426103,1609504960950636,2560862675,-0.77104,0.4392,0.564128,-2.79125,-0.1575,-2.21375,-10.456,-45.864002,-30.688002,inter_set_rest,4,5.0,41770.0,45196.0,73312.0,100458.0,36928.0,51586.0,30124.0,55163.0,23276.0,17361.0
2026-05-06 15:51:37.516440,426104,1609504960965105,2560877592,-0.772992,0.443104,0.57584,-3.07125,-0.3325,-1.82,-10.424001,-44.176003,-31.712002,inter_set_rest,4,5.0,41770.0,45196.0,73312.0,100458.0,36928.0,51586.0,30124.0,55163.0,23276.0,17361.0
2026-05-06 15:51:37.518809,426105,1609504960974004,2560886301,-0.772992,0.443104,0.57584,-2.975,-0.53375,-2.275,-10.424001,-44.176003,-31.712002,inter_set_rest,4,5.0,41770.0,45196.0,73312.0,100458.0,36928.0,51586.0,30124.0,55163.0,23276.0,17361.0
2026-05-06 15:51:37.521394,426106,1609504960988627,2560901242,-0.767136,0.441152,0.573888,-3.29875,-0.28875,-2.26625,-9.832001,-44.552002,-31.664001,inter_set_rest,4,5.0,41770.0,45196.0,73312.0,100458.0,36928.0,51586.0,30124.0,55163.0,23276.0,17361.0
2026-05-06 15:51:37.523915,426107,1609504960997538,2560910034,-0.767136,0.441152,0.573888,-2.835,-0.48125,-2.24875,-9.832001,-44.552002,-31.664001,inter_set_rest,4,5.0,41770.0,45196.0,73312.0,100458.0,36928.0,51586.0,30124.0,55163.0,23276.0,17361.0
2026-05-06 15:51:37.526467,426108,1609504961006457,2560918732,-0.784704,0.441152,0.554368,-2.8175,-0.34125,-2.14375,-10.128,-43.968002,-32.36,inter_set_rest,4,5.0,41770.0,45196.0,73312.0,100458.0,36928.0,51586.0,30124.0,55163.0,23276.0,17361.0
2026-05-06 15:51:37.556394,426119,1609504961020966,2560933861,-0.778848,0.435296,0.534848,-3.0625,-0.44625,-2.275,-10.456,-46.992,-29.496002,inter_set_rest,4,5.0,41765.0,45183.0,73339.0,100522.0,36940.0,51604.0,30145.0,55189.0,23272.0,17365.0
2026-05-06 15:51:37.558877,426120,1609504961030592,2560942791,-0.778848,0.435296,0.534848,-3.7275,-0.41125,-2.00375,-10.456,-46.992,-29.496002,inter_set_rest,4,5.0,41765.0,45183.0,73339.0,100522.0,36940.0,51604.0,30145.0,55189.0,23272.0,17365.0
2026-05-06 15:51:37.561358,426121,1609504961045144,2560957870,-0.767136,0.4392,0.599264,-3.2375,-0.175,-1.93375,-10.704,-47.672,-29.528002,inter_set_rest,4,5.0,41765.0,45183.0,73339.0,100522.0,36940.0,51604.0,30145.0,55189.0,23272.0,17365.0
2026-05-06 15:51:37.563631,426122,1609504961054075,2560966575,-0.767136,0.4392,0.599264,-2.77375,-0.21875,-2.33625,-10.704,-47.672,-29.528002,inter_set_rest,4,5.0,41765.0,45183.0,73339.0,100522.0,36940.0,51604.0,30145.0,55189.0,23272.0,17365.0
2026-05-06 15:51:37.566100,426123,1609504961063263,2560975290,-0.7808,0.441152,0.577792,-2.765,-0.315,-2.4675,-10.264001,-46.344,-30.256,inter_set_rest,4,5.0,41765.0,45183.0,73339.0,100522.0,36940.0,51604.0,30145.0,55189.0,23272.0,17365.0
2026-05-06 15:51:37.580193,426124,1609504961077739,2560990277,-0.7808,0.441152,0.577792,-3.0275,-0.21,-2.30125,-10.264001,-46.344,-30.256,inter_set_rest,4,5.0,41765.0,45183.0,73339.0,100522.0,36940.0,51604.0,30145.0,55189.0,23272.0,17365.0
2026-05-06 15:51:37.586434,426125,1609504961086669,2560998992,-0.786656,0.445056,0.57584,-2.80875,-0.30625,-1.9775,-10.040001,-44.768,-29.600002,inter_set_rest,4,5.0,41765.0,45183.0,73339.0,100522.0,36940.0,51604.0,30145.0,55189.0,23272.0,17365.0
2026-05-06 15:51:37.599809,426126,1609504961101161,2561011919,-0.784704,0.437248,0.538752,-2.86125,-0.41125,-1.84625,-10.384001,-45.592003,-30.768002,inter_set_rest,4,5.0,41765.0,45183.0,73339.0,100522.0,36940.0,51604.0,30145.0,55189.0,23272.0,17365.0
2026-05-06 15:51:37.613672,426127,1609504961110396,2561022700,-0.784704,0.437248,0.538752,-2.86125,-0.175,-2.0125,-10.384001,-45.592003,-30.768002,inter_set_rest,4,5.0,41765.0,45183.0,73339.0,100522.0,36940.0,51604.0,30145.0,55189.0,23272.0,17365.0
2026-05-06 15:51:37.620104,426128,1609504961119308,2561031423,-0.77104,0.437248,0.564128,-2.03875,-0.30625,-2.3975,-10.384001,-45.592003,-31.392002,inter_set_rest,4,5.0,41765.0,45183.0,73339.0,100522.0,36940.0,51604.0,30145.0,55189.0,23272.0,17365.0
2026-05-06 15:51:37.647747,426139,1609504961133973,2561046492,-0.77104,0.437248,0.564128,-1.575,-0.67375,-2.80875,-10.440001,-44.048,-31.392002,inter_set_rest,4,5.0,41728.0,45157.0,73305.0,100494.0,36920.0,51594.0,30137.0,55176.0,23266.0,17347.0
2026-05-06 15:51:37.650258,426140,1609504961143106,2561055319,-0.788608,0.441152,0.5368,-1.47,-0.37625,-2.765,-10.320001,-46.064003,-30.592001,inter_set_rest,4,5.0,41728.0,45157.0,73305.0,100494.0,36920.0,51594.0,30137.0,55176.0,23266.0,17347.0
2026-05-06 15:51:37.658999,426141,1609504961157718,2561070304,-0.788608,0.441152,0.5368,-1.70625,-0.35,-2.40625,-10.320001,-46.064003,-30.592001,inter_set_rest,4,5.0,41728.0,45157.0,73305.0,100494.0,36920.0,51594.0,30137.0,55176.0,23266.0,17347.0
2026-05-06 15:51:37.672751,426142,1609504961166654,2561079000,-0.784704,0.450912,0.571936,-2.56375,-0.67375,-2.02125,-10.264001,-44.144,-31.752,inter_set_rest,4,5.0,41728.0,45157.0,73305.0,100494.0,36920.0,51594.0,30137.0,55176.0,23266.0,17347.0
2026-05-06 15:51:37.686805,426143,1609504961181248,2561093930,-0.786656,0.450912,0.573888,-2.58125,-0.5775,-2.10875,-10.464001,-47.488003,-27.088001,inter_set_rest,4,5.0,41728.0,45157.0,73305.0,100494.0,36920.0,51594.0,30137.0,55176.0,23266.0,17347.0
2026-05-06 15:51:37.692439,426144,1609504961190229,2561102626,-0.786656,0.450912,0.573888,-2.63375,-0.42875,-2.135,-10.464001,-47.488003,-27.088001,inter_set_rest,4,5.0,41728.0,45157.0,73305.0,100494.0,36920.0,51594.0,30137.0,55176.0,23266.0,17347.0
2026-05-06 15:51:37.701239,426145,1609504961199152,2561111361,-0.786656,0.450912,0.573888,-2.59875,0.0525,-2.23125,-10.464001,-47.488003,-27.088001,inter_set_rest,4,5.0,41728.0,45157.0,73305.0,100494.0,36920.0,51594.0,30137.0,55176.0,23266.0,17347.0
2026-05-06 15:51:37.715098,426146,1609504961213801,2561126295,-0.772992,0.44896,0.5856,-2.14375,-0.18375,-2.205,-10.432,-46.864002,-30.352001,inter_set_rest,4,5.0,41728.0,45157.0,73305.0,100494.0,36920.0,51594.0,30137.0,55176.0,23266.0,17347.0
2026-05-06 15:51:37.746580,426157,1609504961222897,2561135071,-0.7808,0.441152,0.554368,-1.91625,-0.3325,-2.4325,-10.496,-44.136,-31.696001,inter_set_rest,4,5.0,41707.0,45153.0,73296.0,100475.0,36896.0,51550.0,30133.0,55170.0,23258.0,17346.0
2026-05-06 15:51:37.748977,426158,1609504961237560,2561150161,-0.7808,0.441152,0.554368,-2.0825,-0.41125,-2.42375,-10.496,-44.136,-31.696001,inter_set_rest,4,5.0,41707.0,45153.0,73296.0,100475.0,36896.0,51550.0,30133.0,55170.0,23258.0,17346.0
2026-05-06 15:51:37.751578,426159,1609504961246826,2561158949,-0.784704,0.44896,0.56608,-1.98625,-0.06125,-2.45,-10.344001,-44.144,-30.600002,inter_set_rest,4,5.0,41707.0,45153.0,73296.0,100475.0,36896.0,51550.0,30133.0,55170.0,23258.0,17346.0
2026-05-06 15:51:37.761556,426160,1609504961255788,2561167695,-0.784704,0.44896,0.56608,-1.39125,0.1225,-2.58125,-10.344001,-44.144,-30.600002,inter_set_rest,4,5.0,41707.0,45153.0,73296.0,100475.0,36896.0,51550.0,30133.0,55170.0,23258.0,17346.0
2026-05-06 15:51:37.786847,426161,1609504961270265,2561182629,-0.765184,0.441152,0.562176,-1.89,-0.25375,-2.6775,-10.568001,-46.160004,-30.160002,inter_set_rest,4,5.0,41707.0,45153.0,73296.0,100475.0,36896.0,51550.0,30133.0,55170.0,23258.0,17346.0
2026-05-06 15:51:37.787317,426162,1609504961279188,2561191343,-0.765184,0.441152,0.562176,-2.1175,-0.49875,-2.26625,-10.568001,-46.160004,-30.160002,inter_set_rest,4,5.0,41707.0,45153.0,73296.0,100475.0,36896.0,51550.0,30133.0,55170.0,23258.0,17346.0
2026-05-06 15:51:37.796440,426163,1609504961293699,2561206315,-0.765184,0.435296,0.542656,-2.66875,-0.735,-2.0475,-10.192,-44.008003,-31.904001,inter_set_rest,4,5.0,41707.0,45153.0,73296.0,100475.0,36896.0,51550.0,30133.0,55170.0,23258.0,17346.0
2026-05-06 15:51:37.802606,426164,1609504961302803,2561215099,-0.784704,0.447008,0.564128,-3.24625,-1.05,-2.00375,-10.304001,-44.304,-31.2,inter_set_rest,4,5.0,41707.0,45153.0,73296.0,100475.0,36896.0,51550.0,30133.0,55170.0,23258.0,17346.0
2026-05-06 15:51:37.816534,426165,1609504961311797,2561223816,-0.784704,0.447008,0.564128,-4.0075,-0.84875,-1.435,-10.304001,-44.304,-31.2,inter_set_rest,4,5.0,41707.0,45153.0,73296.0,100475.0,36896.0,51550.0,30133.0,55170.0,23258.0,17346.0
2026-05-06 15:51:37.894983,426176,1609504961327055,2561238775,-0.769088,0.441152,0.562176,-3.78,-0.8925,-1.5225,-10.744,-43.984,-31.632002,inter_set_rest,4,5.0,41702.0,45154.0,73275.0,100478.0,36916.0,51567.0,30114.0,55187.0,23274.0,17352.0
2026-05-06 15:51:37.897640,426177,1609504961336055,2561247627,-0.769088,0.441152,0.562176,-3.08,-0.62125,-2.45875,-10.744,-43.984,-31.632002,inter_set_rest,4,5.0,41702.0,45154.0,73275.0,100478.0,36916.0,51567.0,30114.0,55187.0,23274.0,17352.0
2026-05-06 15:51:37.900144,426178,1609504961350642,2561262523,-0.784704,0.443104,0.544608,-2.00375,-0.56875,-2.9575,-10.624001,-44.456,-31.432001,inter_set_rest,4,5.0,41702.0,45154.0,73275.0,100478.0,36916.0,51567.0,30114.0,55187.0,23274.0,17352.0
2026-05-06 15:51:37.902689,426179,1609504961359554,2561271381,-0.784704,0.443104,0.544608,-1.26,-0.595,-3.24625,-10.624001,-44.456,-31.432001,inter_set_rest,4,5.0,41702.0,45154.0,73275.0,100478.0,36916.0,51567.0,30114.0,55187.0,23274.0,17352.0
2026-05-06 15:51:37.905197,426180,1609504961368518,2561280211,-0.776896,0.450912,0.59536,-1.1725,-0.2275,-3.28125,-10.232,-44.184002,-31.624,inter_set_rest,4,5.0,41702.0,45154.0,73275.0,100478.0,36916.0,51567.0,30114.0,55187.0,23274.0,17352.0
2026-05-06 15:51:37.907646,426181,1609504961383034,2561295199,-0.759328,0.443104,0.589504,-1.25125,0.13125,-3.47375,-10.432,-43.992,-31.864002,inter_set_rest,4,5.0,41702.0,45154.0,73275.0,100478.0,36916.0,51567.0,30114.0,55187.0,23274.0,17352.0
2026-05-06 15:51:37.910284,426182,1609504961392067,2561303955,-0.759328,0.443104,0.589504,-1.32125,0.0525,-3.22875,-10.432,-43.992,-31.864002,inter_set_rest,4,5.0,41702.0,45154.0,73275.0,100478.0,36916.0,51567.0,30114.0,55187.0,23274.0,17352.0
2026-05-06 15:51:37.912700,426183,1609504961406624,2561318939,-0.776896,0.44896,0.564128,-1.54875,-0.175,-2.9575,-10.328,-44.232002,-31.400002,inter_set_rest,4,5.0,41702.0,45154.0,73275.0,100478.0,36916.0,51567.0,30114.0,55187.0,23274.0,17352.0
2026-05-06 15:51:37.916510,426184,1609504961415553,2561327683,-0.776896,0.44896,0.564128,-2.12625,-0.09625,-3.54375,-10.328,-44.232002,-31.400002,inter_set_rest,4,5.0,41702.0,45154.0,73275.0,100478.0,36916.0,51567.0,30114.0,55187.0,23274.0,17352.0
2026-05-06 15:51:37.950276,426195,1609504961430214,2561341069,-0.796416,0.447008,0.52704,-1.95125,-0.385,-3.29875,-10.336,-45.488003,-30.464,inter_set_rest,4,5.0,41715.0,45134.0,73287.0,100467.0,36926.0,51583.0,30155.0,55180.0,23264.0,17342.0
2026-05-06 15:51:37.952782,426196,1609504961439742,2561351906,-0.796416,0.447008,0.52704,-2.695,-0.42875,-2.91375,-10.336,-45.488003,-30.464,inter_set_rest,4,5.0,41715.0,45134.0,73287.0,100467.0,36926.0,51583.0,30155.0,55180.0,23264.0,17342.0
2026-05-06 15:51:37.955282,426197,1609504961448683,2561360652,-0.774944,0.437248,0.558272,-2.8,-0.30625,-2.58125,-10.56,-45.624,-29.088001,inter_set_rest,4,5.0,41715.0,45134.0,73287.0,100467.0,36926.0,51583.0,30155.0,55180.0,23264.0,17342.0
2026-05-06 15:51:37.963878,426198,1609504961463516,2561375663,-0.774944,0.44896,0.579744,-3.15875,-0.5075,-2.49375,-10.608001,-45.888,-29.920002,inter_set_rest,4,5.0,41715.0,45134.0,73287.0,100467.0,36926.0,51583.0,30155.0,55180.0,23264.0,17342.0
2026-05-06 15:51:37.974966,426199,1609504961472530,2561384374,-0.774944,0.44896,0.579744,-2.65125,-0.67375,-2.54625,-10.608001,-45.888,-29.920002,inter_set_rest,4,5.0,41715.0,45134.0,73287.0,100467.0,36926.0,51583.0,30155.0,55180.0,23264.0,17342.0
2026-05-06 15:51:38.005067,426200,1609504961487024,2561399282,-0.782752,0.450912,0.57584,-1.88125,-0.3325,-3.2725,-10.384001,-43.936,-31.424002,inter_set_rest,4,5.0,41715.0,45134.0,73287.0,100467.0,36926.0,51583.0,30155.0,55180.0,23264.0,17342.0
2026-05-06 15:51:38.007584,426201,1609504961495942,2561408007,-0.782752,0.450912,0.57584,-1.2425,-0.32375,-3.50875,-10.384001,-43.936,-31.424002,inter_set_rest,4,5.0,41715.0,45134.0,73287.0,100467.0,36926.0,51583.0,30155.0,55180.0,23264.0,17342.0
2026-05-06 15:51:38.010263,426202,1609504961504844,2561416740,-0.798368,0.454816,0.558272,-0.8925,-0.18375,-3.47375,-10.432,-44.656002,-31.528002,inter_set_rest,4,5.0,41715.0,45134.0,73287.0,100467.0,36926.0,51583.0,30155.0,55180.0,23264.0,17342.0
2026-05-06 15:51:38.023988,426203,1609504961519352,2561431687,-0.798368,0.454816,0.558272,-0.95375,-0.34125,-3.745,-10.432,-44.656002,-31.528002,inter_set_rest,4,5.0,41715.0,45134.0,73287.0,100467.0,36926.0,51583.0,30155.0,55180.0,23264.0,17342.0
2026-05-06 15:51:38.054656,426214,1609504961528503,2561440517,-0.7808,0.44896,0.571936,-0.72625,-0.30625,-4.08625,-10.136001,-44.000004,-31.640001,inter_set_rest,4,5.0,41662.0,45076.0,73132.0,100226.0,36814.0,51422.0,30034.0,55002.0,23217.0,17278.0
2026-05-06 15:51:38.055022,426215,1609504961543083,2561455442,-0.77104,0.4392,0.55632,-1.49625,-0.56875,-3.73625,-10.256001,-44.032,-31.808,inter_set_rest,4,5.0,41662.0,45076.0,73132.0,100226.0,36814.0,51422.0,30034.0,55002.0,23217.0,17278.0
2026-05-06 15:51:38.056381,426216,1609504961552120,2561464158,-0.77104,0.4392,0.55632,-1.5925,-0.42,-3.4475,-10.256001,-44.032,-31.808,inter_set_rest,4,5.0,41662.0,45076.0,73132.0,100226.0,36814.0,51422.0,30034.0,55002.0,23217.0,17278.0
2026-05-06 15:51:38.062443,426217,1609504961561082,2561472897,-0.77104,0.4392,0.55632,-1.77625,-1.015,-3.2725,-10.256001,-44.032,-31.808,inter_set_rest,4,5.0,41662.0,45076.0,73132.0,100226.0,36814.0,51422.0,30034.0,55002.0,23217.0,17278.0
2026-05-06 15:51:38.080086,426218,1609504961575605,2561487864,-0.769088,0.4392,0.558272,-1.91625,-0.7525,-3.03625,-10.096001,-43.992,-31.352001,inter_set_rest,4,5.0,41662.0,45076.0,73132.0,100226.0,36814.0,51422.0,30034.0,55002.0,23217.0,17278.0
2026-05-06 15:51:38.086445,426219,1609504961584546,2561496583,-0.782752,0.445056,0.577792,-2.17875,-0.46375,-3.15875,-10.592001,-43.944,-31.424002,inter_set_rest,4,5.0,41662.0,45076.0,73132.0,100226.0,36814.0,51422.0,30034.0,55002.0,23217.0,17278.0
2026-05-06 15:51:38.102738,426220,1609504961599039,2561511511,-0.782752,0.445056,0.577792,-2.31,-0.3675,-3.14125,-10.592001,-43.944,-31.424002,inter_set_rest,4,5.0,41662.0,45076.0,73132.0,100226.0,36814.0,51422.0,30034.0,55002.0,23217.0,17278.0
2026-05-06 15:51:38.109001,426221,1609504961607978,2561520284,-0.7808,0.435296,0.540704,-2.0825,-0.4375,-2.975,-10.504001,-44.344,-31.304,inter_set_rest,4,5.0,41662.0,45076.0,73132.0,100226.0,36814.0,51422.0,30034.0,55002.0,23217.0,17278.0
2026-05-06 15:51:38.130098,426222,1609504961622474,2561535192,-0.7808,0.435296,0.55632,-3.0625,-0.1225,-2.59,-10.504001,-44.344,-31.304,inter_set_rest,4,5.0,41662.0,45076.0,73132.0,100226.0,36814.0,51422.0,30034.0,55002.0,23217.0,17278.0
2026-05-06 15:51:38.157229,426233,1609504961631586,2561544017,-0.774944,0.4392,0.550464,-3.24625,-0.14875,-2.17,-10.216001,-44.336002,-31.376001,inter_set_rest,4,5.0,41548.0,45000.0,72960.0,100098.0,36746.0,51348.0,29982.0,54939.0,23159.0,17256.0
2026-05-06 15:51:38.159814,426234,1609504961640523,2561552773,-0.774944,0.4392,0.550464,-3.07125,-0.51625,-2.16125,-10.216001,-44.336002,-31.376001,inter_set_rest,4,5.0,41548.0,45000.0,72960.0,100098.0,36746.0,51348.0,29982.0,54939.0,23159.0,17256.0
2026-05-06 15:51:38.162592,426235,1609504961655134,2561567743,-0.763232,0.4392,0.59536,-3.10625,-0.06125,-2.09125,-10.304001,-44.312,-31.872002,inter_set_rest,4,5.0,41548.0,45000.0,72960.0,100098.0,36746.0,51348.0,29982.0,54939.0,23159.0,17256.0
2026-05-06 15:51:38.165100,426236,1609504961664195,2561576457,-0.786656,0.443104,0.540704,-2.7825,-0.06125,-2.1525,-10.056001,-44.104004,-30.872002,inter_set_rest,4,5.0,41548.0,45000.0,72960.0,100098.0,36746.0,51348.0,29982.0,54939.0,23159.0,17256.0
2026-05-06 15:51:38.181509,426237,1609504961678709,2561591424,-0.786656,0.443104,0.540704,-2.8175,-0.34125,-2.30125,-10.056001,-44.104004,-30.872002,inter_set_rest,4,5.0,41548.0,45000.0,72960.0,100098.0,36746.0,51348.0,29982.0,54939.0,23159.0,17256.0
2026-05-06 15:51:38.211531,426238,1609504961687690,2561600176,-0.774944,0.437248,0.562176,-2.66875,-0.525,-2.02125,-10.192,-45.896004,-31.952002,inter_set_rest,4,5.0,41548.0,45000.0,72960.0,100098.0,36746.0,51348.0,29982.0,54939.0,23159.0,17256.0
2026-05-06 15:51:38.236607,426239,1609504961702227,2561613042,-0.774944,0.437248,0.562176,-3.00125,-0.315,-2.4325,-10.192,-45.896004,-31.952002,inter_set_rest,4,5.0,41548.0,45000.0,72960.0,100098.0,36746.0,51348.0,29982.0,54939.0,23159.0,17256.0
2026-05-06 15:51:38.250797,426240,1609504961711490,2561623904,-0.782752,0.447008,0.568032,-2.9925,-0.48125,-2.24,-10.232,-44.424004,-33.176003,inter_set_rest,4,5.0,41548.0,45000.0,72960.0,100098.0,36746.0,51348.0,29982.0,54939.0,23159.0,17256.0
2026-05-06 15:51:38.252414,426241,1609504961720402,2561632599,-0.782752,0.447008,0.568032,-2.77375,-0.49875,-2.37125,-10.232,-44.424004,-33.176003,inter_set_rest,4,5.0,41548.0,45000.0,72960.0,100098.0,36746.0,51348.0,29982.0,54939.0,23159.0,17256.0
2026-05-06 15:51:38.282607,426252,1609504961735050,2561647581,-0.7808,0.445056,0.558272,-2.5725,-0.41125,-2.61625,-10.136001,-43.536003,-31.792002,inter_set_rest,4,5.0,41553.0,45002.0,72979.0,100162.0,36731.0,51379.0,29994.0,54930.0,23160.0,17256.0
2026-05-06 15:51:38.285162,426253,1609504961744056,2561656345,-0.778848,0.445056,0.57584,-1.9075,-0.3675,-2.8525,-10.136001,-45.584003,-30.056002,inter_set_rest,4,5.0,41553.0,45002.0,72979.0,100162.0,36731.0,51379.0,29994.0,54930.0,23160.0,17256.0
2026-05-06 15:51:38.287668,426254,1609504961758590,2561671263,-0.778848,0.445056,0.57584,-1.9775,-0.39375,-3.01,-10.544001,-45.72,-30.056002,inter_set_rest,4,5.0,41553.0,45002.0,72979.0,100162.0,36731.0,51379.0,29994.0,54930.0,23160.0,17256.0
2026-05-06 15:51:38.290157,426255,1609504961767760,2561680026,-0.774944,0.441152,0.56608,-2.2925,-0.55125,-3.14125,-10.368,-46.096,-30.2,inter_set_rest,4,5.0,41553.0,45002.0,72979.0,100162.0,36731.0,51379.0,29994.0,54930.0,23160.0,17256.0
2026-05-06 15:51:38.292705,426256,1609504961776780,2561688806,-0.774944,0.441152,0.56608,-2.31,-0.455,-3.115,-10.368,-46.096,-30.2,inter_set_rest,4,5.0,41553.0,45002.0,72979.0,100162.0,36731.0,51379.0,29994.0,54930.0,23160.0,17256.0
2026-05-06 15:51:38.295156,426257,1609504961791308,2561703744,-0.774944,0.441152,0.569984,-2.3275,-0.21,-2.75625,-10.536,-44.048,-31.400002,inter_set_rest,4,5.0,41553.0,45002.0,72979.0,100162.0,36731.0,51379.0,29994.0,54930.0,23160.0,17256.0
2026-05-06 15:51:38.301456,426258,1609504961800300,2561712487,-0.774944,0.441152,0.569984,-2.24,-0.4375,-2.98375,-10.536,-44.048,-31.400002,inter_set_rest,4,5.0,41553.0,45002.0,72979.0,100162.0,36731.0,51379.0,29994.0,54930.0,23160.0,17256.0
2026-05-06 15:51:38.335842,426259,1609504961814888,2561727427,-0.772992,0.443104,0.579744,-2.1175,-0.41125,-2.77375,-10.64,-44.224003,-31.800001,inter_set_rest,4,5.0,41553.0,45002.0,72979.0,100162.0,36731.0,51379.0,29994.0,54930.0,23160.0,17256.0
2026-05-06 15:51:38.337559,426260,1609504961823886,2561736191,-0.772992,0.443104,0.579744,-2.30125,-0.51625,-2.47625,-10.64,-44.224003,-31.800001,inter_set_rest,4,5.0,41553.0,45002.0,72979.0,100162.0,36731.0,51379.0,29994.0,54930.0,23160.0,17256.0
2026-05-06 15:51:38.364879,426271,1609504961832855,2561744948,-0.788608,0.447008,0.544608,-1.72375,-0.30625,-2.8,-10.448001,-43.832,-31.224,inter_set_rest,4,5.0,41528.0,44974.0,72934.0,100058.0,36707.0,51331.0,29924.0,54919.0,23133.0,17239.0
2026-05-06 15:51:38.367622,426272,1609504961847621,2561760098,-0.772992,0.450912,0.591456,-1.60125,-0.25375,-2.4325,-10.992001,-47.36,-29.336,inter_set_rest,4,5.0,41528.0,44974.0,72934.0,100058.0,36707.0,51331.0,29924.0,54919.0,23133.0,17239.0
2026-05-06 15:51:38.370129,426273,1609504961856600,2561768860,-0.772992,0.450912,0.591456,-1.49625,-0.315,-2.9575,-10.992001,-47.36,-29.336,inter_set_rest,4,5.0,41528.0,44974.0,72934.0,100058.0,36707.0,51331.0,29924.0,54919.0,23133.0,17239.0
2026-05-06 15:51:38.372622,426274,1609504961871077,2561783776,-0.79056,0.452864,0.538752,-1.9425,-0.35875,-3.45625,-10.256001,-47.512,-29.528002,inter_set_rest,4,5.0,41528.0,44974.0,72934.0,100058.0,36707.0,51331.0,29924.0,54919.0,23133.0,17239.0
2026-05-06 15:51:38.383968,426275,1609504961880062,2561792495,-0.79056,0.452864,0.538752,-1.42625,-0.2625,-2.84375,-10.256001,-47.512,-29.528002,inter_set_rest,4,5.0,41528.0,44974.0,72934.0,100058.0,36707.0,51331.0,29924.0,54919.0,23133.0,17239.0
2026-05-06 15:51:38.403879,426276,1609504961894704,2561807461,-0.763232,0.447008,0.581696,-1.9075,-0.4025,-2.72125,-10.464001,-44.136,-31.592001,inter_set_rest,4,5.0,41528.0,44974.0,72934.0,100058.0,36707.0,51331.0,29924.0,54919.0,23133.0,17239.0
2026-05-06 15:51:38.406333,426277,1609504961903640,2561816202,-0.763232,0.447008,0.581696,-2.24,-0.60375,-2.45,-10.464001,-44.136,-31.592001,inter_set_rest,4,5.0,41528.0,44974.0,72934.0,100058.0,36707.0,51331.0,29924.0,54919.0,23133.0,17239.0
2026-05-06 15:51:38.414972,426278,1609504961912590,2561824906,-0.77104,0.44896,0.59536,-2.7825,-0.63,-2.485,-10.128,-44.272003,-33.384003,inter_set_rest,4,5.0,41528.0,44974.0,72934.0,100058.0,36707.0,51331.0,29924.0,54919.0,23133.0,17239.0
2026-05-06 15:51:38.453802,426289,1609504961927205,2561839971,-0.765184,0.435296,0.571936,-3.1675,-0.35,-2.5025,-10.712001,-45.536003,-31.168001,inter_set_rest,4,5.0,41498.0,44960.0,72942.0,100051.0,36678.0,51315.0,29943.0,54914.0,23122.0,17219.0
2026-05-06 15:51:38.456415,426290,1609504961936206,2561848840,-0.765184,0.435296,0.571936,-3.115,-0.63,-2.4675,-10.712001,-45.536003,-31.168001,inter_set_rest,4,5.0,41498.0,44960.0,72942.0,100051.0,36678.0,51315.0,29943.0,54914.0,23122.0,17219.0
2026-05-06 15:51:38.458975,426291,1609504961950845,2561861757,-0.77104,0.433344,0.554368,-3.03625,-0.55125,-2.80875,-10.360001,-45.808002,-30.480001,inter_set_rest,4,5.0,41498.0,44960.0,72942.0,100051.0,36678.0,51315.0,29943.0,54914.0,23122.0,17219.0
2026-05-06 15:51:38.461494,426292,1609504961960399,2561872548,-0.77104,0.433344,0.554368,-2.75625,-0.55125,-2.77375,-10.360001,-45.808002,-30.480001,inter_set_rest,4,5.0,41498.0,44960.0,72942.0,100051.0,36678.0,51315.0,29943.0,54914.0,23122.0,17219.0
2026-05-06 15:51:38.470205,426293,1609504961969339,2561881267,-0.77104,0.441152,0.597312,-2.87,-0.25375,-2.7825,-10.704,-45.88,-30.560001,inter_set_rest,4,5.0,41498.0,44960.0,72942.0,100051.0,36678.0,51315.0,29943.0,54914.0,23122.0,17219.0
2026-05-06 15:51:38.485266,426294,1609504961983868,2561896332,-0.77104,0.441152,0.597312,-2.8175,-0.37625,-2.275,-10.704,-45.88,-30.560001,inter_set_rest,4,5.0,41498.0,44960.0,72942.0,100051.0,36678.0,51315.0,29943.0,54914.0,23122.0,17219.0
2026-05-06 15:51:38.493742,426295,1609504961992790,2561905056,-0.774944,0.443104,0.591456,-2.6425,-0.4725,-1.91625,-10.424001,-43.768,-31.080002,inter_set_rest,4,5.0,41498.0,44960.0,72942.0,100051.0,36678.0,51315.0,29943.0,54914.0,23122.0,17219.0
2026-05-06 15:51:38.527649,426296,1609504962007293,2561919962,-0.774944,0.443104,0.5856,-1.96,-0.63,-2.51125,-10.440001,-44.336002,-31.640001,inter_set_rest,4,5.0,41498.0,44960.0,72942.0,100051.0,36678.0,51315.0,29943.0,54914.0,23122.0,17219.0
2026-05-06 15:51:38.534021,426297,1609504962016234,2561928698,-0.774944,0.443104,0.5856,-1.855,-0.665,-3.12375,-10.440001,-44.336002,-31.640001,inter_set_rest,4,5.0,41498.0,44960.0,72942.0,100051.0,36678.0,51315.0,29943.0,54914.0,23122.0,17219.0
2026-05-06 15:51:38.534638,426298,1609504962025183,2561937426,-0.774944,0.443104,0.5856,-1.7325,-0.455,-2.6425,-10.440001,-44.336002,-31.640001,inter_set_rest,4,5.0,41498.0,44960.0,72942.0,100051.0,36678.0,51315.0,29943.0,54914.0,23122.0,17219.0
2026-05-06 15:51:38.645000,426309,1609504962039819,2561952473,-0.77104,0.441152,0.577792,-1.67125,-0.16625,-2.8525,-10.416,-44.288002,-31.608002,inter_set_rest,4,5.0,41523.0,44958.0,72945.0,100096.0,36703.0,51316.0,29965.0,54927.0,23158.0,17224.0
2026-05-06 15:51:38.647585,426310,1609504962048759,2561961205,-0.778848,0.4392,0.552416,-1.53125,-0.42875,-3.045,-10.064,-44.272003,-31.456001,inter_set_rest,4,5.0,41523.0,44958.0,72945.0,100096.0,36703.0,51316.0,29965.0,54927.0,23158.0,17224.0
2026-05-06 15:51:38.650180,426311,1609504962063491,2561976190,-0.778848,0.4392,0.552416,-1.435,-0.35,-3.255,-10.064,-44.272003,-31.456001,inter_set_rest,4,5.0,41523.0,44958.0,72945.0,100096.0,36703.0,51316.0,29965.0,54927.0,23158.0,17224.0
2026-05-06 15:51:38.652709,426312,1609504962072409,2561984908,-0.767136,0.443104,0.568032,-1.35625,0.02625,-2.72125,-10.0,-44.064003,-31.728,inter_set_rest,4,5.0,41523.0,44958.0,72945.0,100096.0,36703.0,51316.0,29965.0,54927.0,23158.0,17224.0
2026-05-06 15:51:38.655205,426313,1609504962086880,2561997764,-0.763232,0.445056,0.579744,-1.89,-0.1925,-2.6075,-10.528001,-44.256,-31.176,inter_set_rest,4,5.0,41523.0,44958.0,72945.0,100096.0,36703.0,51316.0,29965.0,54927.0,23158.0,17224.0
2026-05-06 15:51:38.657676,426314,1609504962096180,2562008567,-0.763232,0.445056,0.579744,-1.9425,-0.49875,-2.695,-10.528001,-44.256,-31.176,inter_set_rest,4,5.0,41523.0,44958.0,72945.0,100096.0,36703.0,51316.0,29965.0,54927.0,23158.0,17224.0
2026-05-06 15:51:38.660337,426315,1609504962105115,2562017298,-0.763232,0.445056,0.579744,-2.2575,-0.455,-2.6075,-10.528001,-44.256,-31.176,inter_set_rest,4,5.0,41523.0,44958.0,72945.0,100096.0,36703.0,51316.0,29965.0,54927.0,23158.0,17224.0
2026-05-06 15:51:38.662776,426316,1609504962119631,2562032341,-0.774944,0.443104,0.568032,-2.65125,-0.2625,-2.66875,-10.56,-44.288002,-32.496002,inter_set_rest,4,5.0,41523.0,44958.0,72945.0,100096.0,36703.0,51316.0,29965.0,54927.0,23158.0,17224.0
2026-05-06 15:51:38.693705,426327,1609504962129021,2562041072,-0.767136,0.443104,0.5856,-3.3075,-0.3675,-2.28375,-10.176001,-44.264004,-31.216002,inter_set_rest,4,5.0,41529.0,44961.0,72948.0,100111.0,36737.0,51326.0,29949.0,54950.0,23160.0,17237.0
2026-05-06 15:51:38.696506,426328,1609504962143608,2562056003,-0.767136,0.443104,0.5856,-3.36875,-0.76125,-1.995,-10.176001,-44.264004,-31.216002,inter_set_rest,4,5.0,41529.0,44961.0,72948.0,100111.0,36737.0,51326.0,29949.0,54950.0,23160.0,17237.0
2026-05-06 15:51:38.698926,426329,1609504962152844,2562064794,-0.782752,0.44896,0.569984,-3.2375,-0.5775,-2.14375,-10.096001,-44.472004,-31.656002,inter_set_rest,4,5.0,41529.0,44961.0,72948.0,100111.0,36737.0,51326.0,29949.0,54950.0,23160.0,17237.0
2026-05-06 15:51:38.701511,426330,1609504962161884,2562073535,-0.782752,0.44896,0.569984,-2.3975,-0.4725,-2.2575,-10.096001,-44.472004,-31.656002,inter_set_rest,4,5.0,41529.0,44961.0,72948.0,100111.0,36737.0,51326.0,29949.0,54950.0,23160.0,17237.0
2026-05-06 15:51:38.703930,426331,1609504962176439,2562088491,-0.79056,0.452864,0.583648,-1.65375,-0.455,-2.65125,-10.912001,-47.304,-29.488,inter_set_rest,4,5.0,41529.0,44961.0,72948.0,100111.0,36737.0,51326.0,29949.0,54950.0,23160.0,17237.0
2026-05-06 15:51:38.706522,426332,1609504962185429,2562097284,-0.79056,0.452864,0.583648,-1.75,-0.56875,-2.9925,-10.912001,-47.304,-29.488,inter_set_rest,4,5.0,41529.0,44961.0,72948.0,100111.0,36737.0,51326.0,29949.0,54950.0,23160.0,17237.0
2026-05-06 15:51:38.710433,426333,1609504962199925,2562112457,-0.77104,0.44896,0.609024,-0.74375,-0.55125,-3.1325,-10.536,-47.768,-29.376001,inter_set_rest,4,5.0,41529.0,44961.0,72948.0,100111.0,36737.0,51326.0,29949.0,54950.0,23160.0,17237.0
2026-05-06 15:51:38.711365,426334,1609504962208930,2562121195,-0.782752,0.443104,0.560224,0.07,-0.455,-3.22,-10.288,-43.992,-31.640001,inter_set_rest,4,5.0,41529.0,44961.0,72948.0,100111.0,36737.0,51326.0,29949.0,54950.0,23160.0,17237.0
2026-05-06 15:51:38.719900,426335,1609504962217934,2562129892,-0.782752,0.443104,0.560224,0.35,-0.74375,-3.73625,-10.288,-43.992,-31.640001,inter_set_rest,4,5.0,41529.0,44961.0,72948.0,100111.0,36737.0,51326.0,29949.0,54950.0,23160.0,17237.0
2026-05-06 15:51:38.753986,426346,1609504962232679,2562145100,-0.77104,0.443104,0.581696,-0.525,-0.42,-3.40375,-10.200001,-46.048,-30.664001,inter_set_rest,4,5.0,41445.0,44858.0,72797.0,99849.0,36630.0,51190.0,29860.0,54774.0,23099.0,17182.0
2026-05-06 15:51:38.756580,426347,1609504962241683,2562153931,-0.77104,0.443104,0.581696,-0.9625,-0.58625,-2.8525,-10.200001,-46.048,-30.664001,inter_set_rest,4,5.0,41445.0,44858.0,72797.0,99849.0,36630.0,51190.0,29860.0,54774.0,23099.0,17182.0
2026-05-06 15:51:38.759044,426348,1609504962256258,2562168901,-0.776896,0.447008,0.57584,-1.89,-0.5425,-2.7125,-10.384001,-44.968002,-30.776001,inter_set_rest,4,5.0,41445.0,44858.0,72797.0,99849.0,36630.0,51190.0,29860.0,54774.0,23099.0,17182.0
2026-05-06 15:51:38.767758,426349,1609504962265221,2562177675,-0.776896,0.447008,0.57584,-2.205,-0.595,-2.82625,-10.384001,-44.968002,-30.776001,inter_set_rest,4,5.0,41445.0,44858.0,72797.0,99849.0,36630.0,51190.0,29860.0,54774.0,23099.0,17182.0
2026-05-06 15:51:38.774002,426350,1609504962274177,2562186445,-0.782752,0.443104,0.540704,-2.485,-0.42875,-2.9225,-10.448001,-46.08,-30.712002,inter_set_rest,4,5.0,41445.0,44858.0,72797.0,99849.0,36630.0,51190.0,29860.0,54774.0,23099.0,17182.0
2026-05-06 15:51:38.799011,426351,1609504962288671,2562201392,-0.776896,0.44896,0.589504,-1.8025,-0.07,-3.15,-10.584001,-44.056004,-32.496002,inter_set_rest,4,5.0,41445.0,44858.0,72797.0,99849.0,36630.0,51190.0,29860.0,54774.0,23099.0,17182.0
2026-05-06 15:51:38.801827,426352,1609504962297588,2562210120,-0.776896,0.44896,0.589504,-1.5575,-0.4025,-3.1675,-10.584001,-44.056004,-32.496002,inter_set_rest,4,5.0,41445.0,44858.0,72797.0,99849.0,36630.0,51190.0,29860.0,54774.0,23099.0,17182.0
2026-05-06 15:51:38.814979,426353,1609504962312109,2562223054,-0.788608,0.445056,0.534848,-1.60125,-0.4725,-2.6775,-10.52,-46.152,-30.248001,inter_set_rest,4,5.0,41445.0,44858.0,72797.0,99849.0,36630.0,51190.0,29860.0,54774.0,23099.0,17182.0
2026-05-06 15:51:38.823802,426354,1609504962321491,2562233837,-0.788608,0.445056,0.534848,-2.415,-0.14,-2.24875,-10.52,-46.152,-30.248001,inter_set_rest,4,5.0,41445.0,44858.0,72797.0,99849.0,36630.0,51190.0,29860.0,54774.0,23099.0,17182.0
2026-05-06 15:51:38.852661,426365,1609504962336195,2562246996,-0.77104,0.450912,0.601216,-3.01875,-0.34125,-2.40625,-10.472,-44.944,-30.640001,inter_set_rest,4,5.0,41398.0,44843.0,72722.0,99797.0,36563.0,51131.0,29843.0,54743.0,23052.0,17167.0
2026-05-06 15:51:38.855200,426366,1609504962345777,2562257806,-0.77104,0.450912,0.601216,-2.72125,-0.35875,-1.9775,-10.472,-44.944,-30.640001,inter_set_rest,4,5.0,41398.0,44843.0,72722.0,99797.0,36563.0,51131.0,29843.0,54743.0,23052.0,17167.0
2026-05-06 15:51:38.857690,426367,1609504962354800,2562266537,-0.778848,0.450912,0.56608,-2.93125,-0.55125,-2.12625,-10.432,-44.216003,-31.232002,inter_set_rest,4,5.0,41398.0,44843.0,72722.0,99797.0,36563.0,51131.0,29843.0,54743.0,23052.0,17167.0
2026-05-06 15:51:38.871548,426368,1609504962369308,2562281519,-0.778848,0.443104,0.534848,-2.65125,-0.245,-2.45,-10.280001,-44.528004,-31.680002,inter_set_rest,4,5.0,41398.0,44843.0,72722.0,99797.0,36563.0,51131.0,29843.0,54743.0,23052.0,17167.0
2026-05-06 15:51:38.880087,426369,1609504962378342,2562290271,-0.778848,0.443104,0.534848,-2.91375,-0.0525,-2.42375,-10.280001,-44.528004,-31.680002,inter_set_rest,4,5.0,41398.0,44843.0,72722.0,99797.0,36563.0,51131.0,29843.0,54743.0,23052.0,17167.0
2026-05-06 15:51:38.893889,426370,1609504962392972,2562305329,-0.77104,0.443104,0.577792,-3.325,-0.2975,-1.995,-10.352,-44.056004,-31.896002,inter_set_rest,4,5.0,41398.0,44843.0,72722.0,99797.0,36563.0,51131.0,29843.0,54743.0,23052.0,17167.0
2026-05-06 15:51:38.906770,426371,1609504962402073,2562314043,-0.77104,0.443104,0.577792,-3.73625,-0.39375,-2.19625,-10.352,-44.056004,-31.896002,inter_set_rest,4,5.0,41398.0,44843.0,72722.0,99797.0,36563.0,51131.0,29843.0,54743.0,23052.0,17167.0
2026-05-06 15:51:38.912520,426372,1609504962411011,2562322761,-0.772992,0.441152,0.564128,-3.59625,-0.5425,-2.31,-10.160001,-44.160004,-31.808,inter_set_rest,4,5.0,41398.0,44843.0,72722.0,99797.0,36563.0,51131.0,29843.0,54743.0,23052.0,17167.0
2026-05-06 15:51:38.943874,426373,1609504962425527,2562337739,-0.772992,0.441152,0.564128,-2.93125,-0.69125,-3.03625,-10.160001,-44.160004,-31.808,inter_set_rest,4,5.0,41398.0,44843.0,72722.0,99797.0,36563.0,51131.0,29843.0,54743.0,23052.0,17167.0
2026-05-06 15:51:39.005490,426384,1609504962434594,2562346992,-0.774944,0.44896,0.599264,-2.6075,-0.65625,-3.2725,-10.544001,-44.24,-31.896002,inter_set_rest,4,5.0,41391.0,44818.0,72752.0,99856.0,36571.0,51160.0,29851.0,54787.0,23057.0,17160.0
2026-05-06 15:51:39.010146,426385,1609504962449148,2562359935,-0.79056,0.447008,0.57584,-2.8,-0.6125,-2.93125,-10.544001,-44.24,-29.744001,inter_set_rest,4,5.0,41391.0,44818.0,72752.0,99856.0,36571.0,51160.0,29851.0,54787.0,23057.0,17160.0
2026-05-06 15:51:39.012615,426386,1609504962458407,2562370735,-0.786656,0.447008,0.57584,-2.47625,-0.49,-3.0975,-10.632001,-44.04,-29.744001,inter_set_rest,4,5.0,41391.0,44818.0,72752.0,99856.0,36571.0,51160.0,29851.0,54787.0,23057.0,17160.0
2026-05-06 15:51:39.015084,426387,1609504962467361,2562379453,-0.786656,0.447008,0.57584,-2.00375,-0.5075,-3.12375,-10.632001,-44.04,-29.744001,inter_set_rest,4,5.0,41391.0,44818.0,72752.0,99856.0,36571.0,51160.0,29851.0,54787.0,23057.0,17160.0
2026-05-06 15:51:39.017595,426388,1609504962481838,2562394375,-0.76128,0.435296,0.568032,-1.575,-0.41125,-2.82625,-10.264001,-44.576,-31.704002,inter_set_rest,4,5.0,41391.0,44818.0,72752.0,99856.0,36571.0,51160.0,29851.0,54787.0,23057.0,17160.0
2026-05-06 15:51:39.020123,426389,1609504962490935,2562403125,-0.765184,0.433344,0.57584,-1.11125,-0.21,-3.0975,-10.320001,-45.904003,-27.568,inter_set_rest,4,5.0,41391.0,44818.0,72752.0,99856.0,36571.0,51160.0,29851.0,54787.0,23057.0,17160.0
2026-05-06 15:51:39.022563,426390,1609504962505573,2562418080,-0.765184,0.433344,0.57584,-1.015,-0.5425,-3.6925,-10.320001,-45.904003,-27.568,inter_set_rest,4,5.0,41391.0,44818.0,72752.0,99856.0,36571.0,51160.0,29851.0,54787.0,23057.0,17160.0
2026-05-06 15:51:39.025147,426391,1609504962514603,2562426821,-0.774944,0.4392,0.5368,-0.9975,-0.4025,-3.47375,-10.56,-47.328003,-29.512001,inter_set_rest,4,5.0,41391.0,44818.0,72752.0,99856.0,36571.0,51160.0,29851.0,54787.0,23057.0,17160.0
2026-05-06 15:51:39.027396,426392,1609504962523537,2562435574,-0.774944,0.4392,0.5368,-0.77875,-0.4025,-2.93125,-10.56,-47.328003,-29.512001,inter_set_rest,4,5.0,41391.0,44818.0,72752.0,99856.0,36571.0,51160.0,29851.0,54787.0,23057.0,17160.0
2026-05-06 15:51:39.058792,426403,1609504962538125,2562450636,-0.763232,0.441152,0.5856,-1.1375,-0.14,-3.0275,-10.608001,-47.672,-30.080002,inter_set_rest,4,5.0,41367.0,44774.0,72698.0,99755.0,36545.0,51118.0,29838.0,54749.0,23057.0,17129.0
2026-05-06 15:51:39.061572,426404,1609504962547082,2562459396,-0.763232,0.441152,0.5856,-1.5225,-0.0525,-3.12375,-10.608001,-47.672,-30.080002,inter_set_rest,4,5.0,41367.0,44774.0,72698.0,99755.0,36545.0,51118.0,29838.0,54749.0,23057.0,17129.0
2026-05-06 15:51:39.064014,426405,1609504962561585,2562472345,-0.77104,0.450912,0.593408,-1.8375,-0.3325,-2.56375,-10.88,-47.744003,-29.832,inter_set_rest,4,5.0,41367.0,44774.0,72698.0,99755.0,36545.0,51118.0,29838.0,54749.0,23057.0,17129.0
2026-05-06 15:51:39.072738,426406,1609504962570831,2562483176,-0.77104,0.445056,0.568032,-2.0475,-0.76125,-2.33625,-10.280001,-43.912003,-31.400002,inter_set_rest,4,5.0,41367.0,44774.0,72698.0,99755.0,36545.0,51118.0,29838.0,54749.0,23057.0,17129.0
2026-05-06 15:51:39.087636,426407,1609504962585387,2562498143,-0.77104,0.445056,0.568032,-2.1525,-0.4375,-2.3275,-10.280001,-43.912003,-31.400002,inter_set_rest,4,5.0,41367.0,44774.0,72698.0,99755.0,36545.0,51118.0,29838.0,54749.0,23057.0,17129.0
2026-05-06 15:51:39.095100,426408,1609504962594370,2562506844,-0.786656,0.447008,0.54656,-2.135,-0.44625,-2.52875,-10.216001,-44.352,-31.712002,inter_set_rest,4,5.0,41367.0,44774.0,72698.0,99755.0,36545.0,51118.0,29838.0,54749.0,23057.0,17129.0
2026-05-06 15:51:39.103891,426409,1609504962603368,2562515563,-0.786656,0.447008,0.54656,-2.4675,-0.8575,-2.40625,-10.216001,-44.352,-31.712002,inter_set_rest,4,5.0,41367.0,44774.0,72698.0,99755.0,36545.0,51118.0,29838.0,54749.0,23057.0,17129.0
2026-05-06 15:51:39.126469,426410,1609504962617859,2562530471,-0.769088,0.441152,0.571936,-2.7825,-0.77,-2.44125,-10.592001,-46.056004,-30.424002,inter_set_rest,4,5.0,41367.0,44774.0,72698.0,99755.0,36545.0,51118.0,29838.0,54749.0,23057.0,17129.0
2026-05-06 15:51:39.128863,426411,1609504962626778,2562539329,-0.769088,0.441152,0.571936,-3.05375,-0.51625,-2.065,-10.592001,-46.056004,-30.424002,inter_set_rest,4,5.0,41367.0,44774.0,72698.0,99755.0,36545.0,51118.0,29838.0,54749.0,23057.0,17129.0
2026-05-06 15:51:39.156573,426422,1609504962641474,2562552335,-0.784704,0.445056,0.544608,-2.65125,-0.37625,-2.17,-10.416,-44.168003,-31.744001,inter_set_rest,4,5.0,41373.0,44789.0,72701.0,99769.0,36548.0,51109.0,29800.0,54717.0,23052.0,17148.0
2026-05-06 15:51:39.159005,426423,1609504962650813,2562563248,-0.784704,0.445056,0.5368,-2.05625,-0.3675,-2.77375,-10.416,-46.04,-29.568,inter_set_rest,4,5.0,41373.0,44789.0,72701.0,99769.0,36548.0,51109.0,29800.0,54717.0,23052.0,17148.0
2026-05-06 15:51:39.161474,426424,1609504962659866,2562571959,-0.784704,0.445056,0.5368,-1.54,-0.3675,-2.68625,-10.432,-46.04,-29.568,inter_set_rest,4,5.0,41373.0,44789.0,72701.0,99769.0,36548.0,51109.0,29800.0,54717.0,23052.0,17148.0
2026-05-06 15:51:39.195081,426425,1609504962674387,2562586894,-0.757376,0.437248,0.564128,-1.75,-0.44625,-2.8175,-10.776001,-45.320004,-30.216002,inter_set_rest,4,5.0,41373.0,44789.0,72701.0,99769.0,36548.0,51109.0,29800.0,54717.0,23052.0,17148.0
2026-05-06 15:51:39.197655,426426,1609504962683392,2562595639,-0.757376,0.437248,0.564128,-2.17875,-0.77875,-2.415,-10.776001,-45.320004,-30.216002,inter_set_rest,4,5.0,41373.0,44789.0,72701.0,99769.0,36548.0,51109.0,29800.0,54717.0,23052.0,17148.0
2026-05-06 15:51:39.200099,426427,1609504962697823,2562610548,-0.778848,0.447008,0.579744,-2.51125,-0.5075,-2.61625,-10.416,-44.336002,-30.640001,inter_set_rest,4,5.0,41373.0,44789.0,72701.0,99769.0,36548.0,51109.0,29800.0,54717.0,23052.0,17148.0
2026-05-06 15:51:39.208901,426428,1609504962706735,2562619385,-0.778848,0.447008,0.579744,-3.05375,-0.74375,-2.765,-10.416,-44.336002,-30.640001,inter_set_rest,4,5.0,41373.0,44789.0,72701.0,99769.0,36548.0,51109.0,29800.0,54717.0,23052.0,17148.0
2026-05-06 15:51:39.217646,426429,1609504962715808,2562628111,-0.774944,0.452864,0.589504,-3.17625,-0.90125,-2.58125,-10.568001,-44.056004,-31.936,inter_set_rest,4,5.0,41373.0,44789.0,72701.0,99769.0,36548.0,51109.0,29800.0,54717.0,23052.0,17148.0
2026-05-06 15:51:39.256095,426440,1609504962730352,2562642937,-0.774944,0.452864,0.589504,-2.7125,-0.49,-3.0275,-10.568001,-44.056004,-31.936,inter_set_rest,4,5.0,41378.0,44777.0,72704.0,99810.0,36583.0,51116.0,29826.0,54735.0,23070.0,17157.0
2026-05-06 15:51:39.258935,426441,1609504962739303,2562651653,-0.788608,0.447008,0.548512,-2.91375,-0.3675,-2.94,-10.296001,-44.144,-33.256,inter_set_rest,4,5.0,41378.0,44777.0,72704.0,99810.0,36583.0,51116.0,29826.0,54735.0,23070.0,17157.0
2026-05-06 15:51:39.286303,426442,1609504962753938,2562666672,-0.7808,0.44896,0.544608,-2.1175,-0.37625,-2.58125,-10.328,-45.68,-30.600002,inter_set_rest,4,5.0,41378.0,44777.0,72704.0,99810.0,36583.0,51116.0,29826.0,54735.0,23070.0,17157.0
2026-05-06 15:51:39.311296,426443,1609504962762979,2562675397,-0.7808,0.44896,0.544608,-2.135,-0.1225,-3.045,-10.328,-45.68,-30.600002,inter_set_rest,4,5.0,41378.0,44777.0,72704.0,99810.0,36583.0,51116.0,29826.0,54735.0,23070.0,17157.0
2026-05-06 15:51:39.336584,426444,1609504962777477,2562688310,-0.778848,0.456768,0.577792,-1.925,0.23625,-3.17625,-10.368,-43.968002,-31.800001,inter_set_rest,4,5.0,41378.0,44777.0,72704.0,99810.0,36583.0,51116.0,29826.0,54735.0,23070.0,17157.0
2026-05-06 15:51:39.348935,426445,1609504962786739,2562699109,-0.778848,0.456768,0.577792,-2.31,-0.16625,-3.3425,-10.368,-43.968002,-31.800001,inter_set_rest,4,5.0,41378.0,44777.0,72704.0,99810.0,36583.0,51116.0,29826.0,54735.0,23070.0,17157.0
2026-05-06 15:51:39.351388,426446,1609504962795681,2562707855,-0.786656,0.452864,0.54656,-2.45,-0.48125,-3.12375,-10.584001,-44.096,-31.424002,inter_set_rest,4,5.0,41378.0,44777.0,72704.0,99810.0,36583.0,51116.0,29826.0,54735.0,23070.0,17157.0
2026-05-06 15:51:39.354035,426447,1609504962810160,2562722773,-0.786656,0.452864,0.54656,-1.84625,-0.42875,-3.03625,-10.584001,-44.096,-31.424002,inter_set_rest,4,5.0,41378.0,44777.0,72704.0,99810.0,36583.0,51116.0,29826.0,54735.0,23070.0,17157.0
2026-05-06 15:51:39.356596,426448,1609504962819185,2562731509,-0.769088,0.450912,0.57584,-2.2925,-0.23625,-3.24625,-10.64,-43.960003,-32.632,inter_set_rest,4,5.0,41378.0,44777.0,72704.0,99810.0,36583.0,51116.0,29826.0,54735.0,23070.0,17157.0
2026-05-06 15:51:39.383664,426459,1609504962834135,2562746474,-0.77104,0.450912,0.587552,-2.61625,-0.315,-2.8525,-10.288,-44.144,-33.448,inter_set_rest,4,5.0,41395.0,44805.0,72715.0,99842.0,36588.0,51132.0,29809.0,54773.0,23077.0,17174.0
2026-05-06 15:51:39.386118,426460,1609504962843173,2562755297,-0.77104,0.450912,0.587552,-2.49375,-0.28,-2.59875,-10.288,-44.144,-33.448,inter_set_rest,4,5.0,41395.0,44805.0,72715.0,99842.0,36588.0,51132.0,29809.0,54773.0,23077.0,17174.0
2026-05-06 15:51:39.388463,426461,1609504962852118,2562763998,-0.77104,0.450912,0.597312,-2.9925,0.035,-3.01875,-10.288,-44.144,-31.712002,inter_set_rest,4,5.0,41395.0,44805.0,72715.0,99842.0,36588.0,51132.0,29809.0,54773.0,23077.0,17174.0
2026-05-06 15:51:39.391062,426462,1609504962866664,2562778983,-0.774944,0.450912,0.597312,-2.7825,-0.09625,-3.10625,-10.032001,-44.344,-31.712002,inter_set_rest,4,5.0,41395.0,44805.0,72715.0,99842.0,36588.0,51132.0,29809.0,54773.0,23077.0,17174.0
2026-05-06 15:51:39.393465,426463,1609504962875641,2562787740,-0.772992,0.443104,0.573888,-2.5025,-0.14875,-3.36875,-10.504001,-44.04,-31.496002,inter_set_rest,4,5.0,41395.0,44805.0,72715.0,99842.0,36588.0,51132.0,29809.0,54773.0,23077.0,17174.0
2026-05-06 15:51:39.396110,426464,1609504962890208,2562802665,-0.772992,0.443104,0.573888,-1.79375,-0.035,-3.64,-10.504001,-44.04,-31.496002,inter_set_rest,4,5.0,41395.0,44805.0,72715.0,99842.0,36588.0,51132.0,29809.0,54773.0,23077.0,17174.0
2026-05-06 15:51:39.398556,426465,1609504962899212,2562811402,-0.79056,0.441152,0.542656,-1.05,-0.07,-4.235,-10.52,-43.872,-31.296001,inter_set_rest,4,5.0,41395.0,44805.0,72715.0,99842.0,36588.0,51132.0,29809.0,54773.0,23077.0,17174.0
2026-05-06 15:51:39.425155,426466,1609504962913740,2562826378,-0.778848,0.4392,0.562176,-0.02625,-0.09625,-4.235,-10.712001,-43.704002,-29.480001,inter_set_rest,4,5.0,41395.0,44805.0,72715.0,99842.0,36588.0,51132.0,29809.0,54773.0,23077.0,17174.0
2026-05-06 15:51:39.427622,426467,1609504962922745,2562835067,-0.778848,0.4392,0.562176,0.455,-0.035,-4.83875,-10.712001,-43.704002,-29.480001,inter_set_rest,4,5.0,41395.0,44805.0,72715.0,99842.0,36588.0,51132.0,29809.0,54773.0,23077.0,17174.0
2026-05-06 15:51:39.458999,426478,1609504962931669,2562843834,-0.778848,0.4392,0.562176,0.56875,-0.07875,-4.47125,-10.712001,-43.704002,-29.480001,inter_set_rest,4,5.0,41312.0,44668.0,72542.0,99511.0,36476.0,50993.0,29729.0,54558.0,23007.0,17072.0
2026-05-06 15:51:39.461546,426479,1609504962946304,2562858817,-0.774944,0.433344,0.54656,-0.1225,0.1925,-4.4625,-10.168,-45.848003,-29.840002,inter_set_rest,4,5.0,41312.0,44668.0,72542.0,99511.0,36476.0,50993.0,29729.0,54558.0,23007.0,17072.0
2026-05-06 15:51:39.464053,426480,1609504962955508,2562867714,-0.79056,0.435296,0.519232,-1.47875,0.1575,-4.31375,-10.64,-46.016003,-30.544,inter_set_rest,4,5.0,41312.0,44668.0,72542.0,99511.0,36476.0,50993.0,29729.0,54558.0,23007.0,17072.0
2026-05-06 15:51:39.472535,426481,1609504962970077,2562882714,-0.79056,0.435296,0.519232,-2.31,-0.28,-3.6925,-10.64,-46.016003,-30.544,inter_set_rest,4,5.0,41312.0,44668.0,72542.0,99511.0,36476.0,50993.0,29729.0,54558.0,23007.0,17072.0
2026-05-06 15:51:39.481331,426482,1609504962979149,2562891412,-0.765184,0.425536,0.558272,-2.9925,-0.39375,-3.38625,-10.216001,-44.4,-31.480001,inter_set_rest,4,5.0,41312.0,44668.0,72542.0,99511.0,36476.0,50993.0,29729.0,54558.0,23007.0,17072.0
2026-05-06 15:51:39.490110,426483,1609504962988065,2562900194,-0.765184,0.425536,0.558272,-3.33375,-0.315,-2.9925,-10.216001,-44.4,-31.480001,inter_set_rest,4,5.0,41312.0,44668.0,72542.0,99511.0,36476.0,50993.0,29729.0,54558.0,23007.0,17072.0
2026-05-06 15:51:39.503944,426484,1609504963002541,2562915105,-0.772992,0.431392,0.589504,-3.92875,-0.46375,-2.7125,-10.568001,-43.848003,-31.368002,inter_set_rest,4,5.0,41312.0,44668.0,72542.0,99511.0,36476.0,50993.0,29729.0,54558.0,23007.0,17072.0
2026-05-06 15:51:39.512681,426485,1609504963011494,2562923832,-0.772992,0.431392,0.589504,-3.36875,-0.7525,-2.555,-10.568001,-43.848003,-31.368002,inter_set_rest,4,5.0,41312.0,44668.0,72542.0,99511.0,36476.0,50993.0,29729.0,54558.0,23007.0,17072.0
2026-05-06 15:51:39.536501,426486,1609504963026024,2562938763,-0.77104,0.425536,0.548512,-3.22,-0.90125,-2.03,-10.584001,-45.640003,-30.416002,inter_set_rest,4,5.0,41312.0,44668.0,72542.0,99511.0,36476.0,50993.0,29729.0,54558.0,23007.0,17072.0
2026-05-06 15:51:39.563798,426497,1609504963035669,2562947529,-0.778848,0.42944,0.560224,-2.16125,-0.90125,-2.31875,-10.128,-44.224003,-30.288002,inter_set_rest,4,5.0,41279.0,44668.0,72539.0,99526.0,36436.0,50961.0,29745.0,54588.0,22977.0,17072.0
2026-05-06 15:51:39.571041,426498,1609504963044827,2562956347,-0.778848,0.42944,0.560224,-1.11125,-0.51625,-2.80875,-10.128,-44.224003,-30.288002,inter_set_rest,4,5.0,41279.0,44668.0,72539.0,99526.0,36436.0,50961.0,29745.0,54588.0,22977.0,17072.0
2026-05-06 15:51:39.571931,426499,1609504963059361,2562971266,-0.769088,0.435296,0.571936,-1.21625,-0.34125,-2.84375,-10.696,-47.616,-30.320002,inter_set_rest,4,5.0,41279.0,44668.0,72539.0,99526.0,36436.0,50961.0,29745.0,54588.0,22977.0,17072.0
2026-05-06 15:51:39.572023,426500,1609504963068321,2562979976,-0.769088,0.435296,0.571936,-1.8375,-0.3675,-2.6425,-10.696,-47.616,-30.320002,inter_set_rest,4,5.0,41279.0,44668.0,72539.0,99526.0,36436.0,50961.0,29745.0,54588.0,22977.0,17072.0
2026-05-06 15:51:39.585107,426501,1609504963082937,2562994979,-0.792512,0.450912,0.560224,-1.26875,-0.41125,-2.75625,-10.664001,-45.944004,-30.584002,inter_set_rest,4,5.0,41279.0,44668.0,72539.0,99526.0,36436.0,50961.0,29745.0,54588.0,22977.0,17072.0
2026-05-06 15:51:39.591465,426502,1609504963091869,2563003743,-0.792512,0.450912,0.560224,-1.6275,-0.4725,-2.38,-10.664001,-45.944004,-30.584002,inter_set_rest,4,5.0,41279.0,44668.0,72539.0,99526.0,36436.0,50961.0,29745.0,54588.0,22977.0,17072.0
2026-05-06 15:51:39.604983,426503,1609504963100864,2563012489,-0.759328,0.450912,0.616832,-1.40875,-0.67375,-2.555,-10.528001,-45.2,-30.768002,inter_set_rest,4,5.0,41279.0,44668.0,72539.0,99526.0,36436.0,50961.0,29745.0,54588.0,22977.0,17072.0
2026-05-06 15:51:39.618912,426504,1609504963115382,2563027422,-0.782752,0.450912,0.5368,-1.5575,-0.315,-2.31875,-10.496,-45.296,-32.016003,inter_set_rest,4,5.0,41279.0,44668.0,72539.0,99526.0,36436.0,50961.0,29745.0,54588.0,22977.0,17072.0
2026-05-06 15:51:39.627666,426505,1609504963124315,2563036140,-0.782752,0.450912,0.5368,-1.295,-0.35875,-2.5375,-10.496,-45.296,-32.016003,inter_set_rest,4,5.0,41279.0,44668.0,72539.0,99526.0,36436.0,50961.0,29745.0,54588.0,22977.0,17072.0
2026-05-06 15:51:39.707723,426517,1609504963139065,2563051166,-0.765184,0.452864,0.579744,-1.6275,-0.28875,-2.3625,-10.696,-45.808002,-30.144001,inter_set_rest,4,5.0,41285.0,44665.0,72587.0,99570.0,36450.0,50994.0,29759.0,54637.0,23008.0,17079.0
2026-05-06 15:51:39.710253,426518,1609504963148146,2563060245,-0.765184,0.452864,0.579744,-1.26875,-0.2975,-2.49375,-10.696,-45.808002,-30.144001,inter_set_rest,4,5.0,41285.0,44665.0,72587.0,99570.0,36450.0,50994.0,29759.0,54637.0,23008.0,17079.0
2026-05-06 15:51:39.712705,426519,1609504963162640,2563075249,-0.774944,0.454816,0.56608,-1.81125,-0.28,-2.555,-10.088,-44.752003,-31.704002,inter_set_rest,4,5.0,41285.0,44665.0,72587.0,99570.0,36450.0,50994.0,29759.0,54637.0,23008.0,17079.0
2026-05-06 15:51:39.715254,426520,1609504963171707,2563083980,-0.774944,0.454816,0.56608,-2.33625,-0.30625,-2.73875,-10.088,-44.752003,-31.704002,inter_set_rest,4,5.0,41285.0,44665.0,72587.0,99570.0,36450.0,50994.0,29759.0,54637.0,23008.0,17079.0
2026-05-06 15:51:39.717701,426521,1609504963180653,2563092674,-0.769088,0.447008,0.540704,-2.8875,-0.2625,-2.07375,-10.52,-44.072002,-31.448002,inter_set_rest,4,5.0,41285.0,44665.0,72587.0,99570.0,36450.0,50994.0,29759.0,54637.0,23008.0,17079.0
2026-05-06 15:51:39.720296,426522,1609504963195169,2563107663,-0.77104,0.454816,0.597312,-2.415,-0.16625,-2.47625,-10.344001,-44.128002,-29.576002,inter_set_rest,4,5.0,41285.0,44665.0,72587.0,99570.0,36450.0,50994.0,29759.0,54637.0,23008.0,17079.0
2026-05-06 15:51:39.722724,426523,1609504963204137,2563116370,-0.77104,0.454816,0.597312,-1.5575,0.1225,-3.15875,-10.344001,-44.128002,-29.576002,inter_set_rest,4,5.0,41285.0,44665.0,72587.0,99570.0,36450.0,50994.0,29759.0,54637.0,23008.0,17079.0
2026-05-06 15:51:39.725227,426524,1609504963218634,2563131290,-0.767136,0.44896,0.577792,-1.225,0.595,-3.56125,-10.52,-46.336002,-30.560001,inter_set_rest,4,5.0,41285.0,44665.0,72587.0,99570.0,36450.0,50994.0,29759.0,54637.0,23008.0,17079.0
2026-05-06 15:51:39.731559,426525,1609504963227571,2563140120,-0.767136,0.44896,0.577792,-1.505,0.93625,-3.84125,-10.52,-46.336002,-30.560001,inter_set_rest,4,5.0,41285.0,44665.0,72587.0,99570.0,36450.0,50994.0,29759.0,54637.0,23008.0,17079.0
2026-05-06 15:51:39.761357,426536,1609504963242228,2563153077,-0.76128,0.443104,0.589504,-1.68875,0.4375,-3.75375,-10.328,-44.392002,-31.688002,inter_set_rest,4,5.0,41276.0,44645.0,72594.0,99523.0,36475.0,50967.0,29782.0,54603.0,22996.0,17077.0
2026-05-06 15:51:39.763702,426537,1609504963251721,2563163974,-0.76128,0.443104,0.589504,-1.54,0.77,-3.87625,-10.328,-44.392002,-31.688002,inter_set_rest,4,5.0,41276.0,44645.0,72594.0,99523.0,36475.0,50967.0,29782.0,54603.0,22996.0,17077.0
2026-05-06 15:51:39.766432,426538,1609504963260871,2563172823,-0.763232,0.441152,0.581696,-1.40875,0.88375,-4.1475,-10.224001,-45.512,-30.352001,inter_set_rest,4,5.0,41276.0,44645.0,72594.0,99523.0,36475.0,50967.0,29782.0,54603.0,22996.0,17077.0
2026-05-06 15:51:39.780157,426539,1609504963275487,2563187769,-0.774944,0.437248,0.558272,-1.49625,0.8225,-3.8325,-10.224001,-45.512,-31.792002,inter_set_rest,4,5.0,41276.0,44645.0,72594.0,99523.0,36475.0,50967.0,29782.0,54603.0,22996.0,17077.0
2026-05-06 15:51:39.786462,426540,1609504963284468,2563196490,-0.774944,0.437248,0.558272,-1.05,0.72625,-4.445,-10.528001,-45.672,-31.792002,inter_set_rest,4,5.0,41276.0,44645.0,72594.0,99523.0,36475.0,50967.0,29782.0,54603.0,22996.0,17077.0
2026-05-06 15:51:39.792516,426541,1609504963293414,2563205245,-0.774944,0.437248,0.558272,-1.855,1.1375,-4.0075,-10.528001,-45.672,-31.792002,inter_set_rest,4,5.0,41276.0,44645.0,72594.0,99523.0,36475.0,50967.0,29782.0,54603.0,22996.0,17077.0
2026-05-06 15:51:39.826556,426542,1609504963307932,2563220216,-0.776896,0.435296,0.552416,-2.0125,1.23375,-3.465,-10.376,-44.216003,-31.688002,inter_set_rest,4,5.0,41276.0,44645.0,72594.0,99523.0,36475.0,50967.0,29782.0,54603.0,22996.0,17077.0
2026-05-06 15:51:39.829017,426543,1609504963316838,2563228940,-0.769088,0.435296,0.583648,-2.1,0.6475,-2.66,-10.136001,-44.632004,-32.344,inter_set_rest,4,5.0,41276.0,44645.0,72594.0,99523.0,36475.0,50967.0,29782.0,54603.0,22996.0,17077.0
2026-05-06 15:51:39.835048,426544,1609504963331334,2563243936,-0.769088,0.435296,0.583648,-2.19625,0.7175,-3.05375,-10.136001,-44.632004,-32.344,inter_set_rest,4,5.0,41276.0,44645.0,72594.0,99523.0,36475.0,50967.0,29782.0,54603.0,22996.0,17077.0
2026-05-06 15:51:39.865090,426555,1609504963340393,2563252695,-0.77104,0.435296,0.577792,-1.81125,0.7525,-3.5175,-10.52,-47.288002,-29.352001,inter_set_rest,4,5.0,41294.0,44632.0,72651.0,99484.0,36481.0,50981.0,29798.0,54601.0,23009.0,17080.0
2026-05-06 15:51:39.867647,426556,1609504963355051,2563267730,-0.77104,0.435296,0.577792,-1.88125,0.91875,-3.56125,-10.52,-47.288002,-29.352001,inter_set_rest,4,5.0,41294.0,44632.0,72651.0,99484.0,36481.0,50981.0,29798.0,54601.0,23009.0,17080.0
2026-05-06 15:51:39.870128,426557,1609504963364102,2563276464,-0.782752,0.441152,0.579744,-1.37375,0.81375,-3.47375,-10.336,-44.304,-31.440002,inter_set_rest,4,5.0,41294.0,44632.0,72651.0,99484.0,36481.0,50981.0,29798.0,54601.0,23009.0,17080.0
2026-05-06 15:51:39.873902,426558,1609504963373017,2563285199,-0.782752,0.441152,0.579744,-0.84875,0.56,-3.4125,-10.336,-44.304,-31.440002,inter_set_rest,4,5.0,41294.0,44632.0,72651.0,99484.0,36481.0,50981.0,29798.0,54601.0,23009.0,17080.0
2026-05-06 15:51:39.912745,426559,1609504963387549,2563300282,-0.788608,0.4392,0.52704,-0.42,1.015,-2.7825,-9.904,-44.528004,-31.584002,inter_set_rest,4,5.0,41294.0,44632.0,72651.0,99484.0,36481.0,50981.0,29798.0,54601.0,23009.0,17080.0
2026-05-06 15:51:39.927486,426560,1609504963396469,2563309054,-0.79056,0.441152,0.530944,-0.7,1.14625,-2.93125,-11.952001,-44.08,-31.408,inter_set_rest,4,5.0,41294.0,44632.0,72651.0,99484.0,36481.0,50981.0,29798.0,54601.0,23009.0,17080.0
2026-05-06 15:51:39.933662,426561,1609504963410974,2563321900,-0.79056,0.441152,0.530944,-0.86625,0.77875,-3.045,-10.68,-44.08,-31.408,inter_set_rest,4,5.0,41294.0,44632.0,72651.0,99484.0,36481.0,50981.0,29798.0,54601.0,23009.0,17080.0
2026-05-06 15:51:39.933816,426562,1609504963420347,2563332669,-0.769088,0.437248,0.564128,-1.5575,0.5425,-3.10625,-10.368,-44.000004,-31.880001,inter_set_rest,4,5.0,41294.0,44632.0,72651.0,99484.0,36481.0,50981.0,29798.0,54601.0,23009.0,17080.0
2026-05-06 15:51:39.934960,426563,1609504963429269,2563341373,-0.769088,0.437248,0.564128,-1.645,0.8575,-2.9225,-10.368,-44.000004,-31.880001,inter_set_rest,4,5.0,41294.0,44632.0,72651.0,99484.0,36481.0,50981.0,29798.0,54601.0,23009.0,17080.0
2026-05-06 15:51:39.966580,426574,1609504963444480,2563356472,-0.769088,0.443104,0.581696,-1.225,0.42,-2.8,-10.256001,-45.792004,-30.384,inter_set_rest,4,5.0,41322.0,44635.0,72664.0,99483.0,36509.0,50972.0,29835.0,54604.0,23043.0,17071.0
2026-05-06 15:51:39.969005,426575,1609504963453495,2563365244,-0.769088,0.443104,0.581696,-1.3825,0.41125,-2.75625,-10.256001,-45.792004,-30.384,inter_set_rest,4,5.0,41322.0,44635.0,72664.0,99483.0,36509.0,50972.0,29835.0,54604.0,23043.0,17071.0
2026-05-06 15:51:39.971544,426576,1609504963468036,2563380202,-0.79056,0.44896,0.568032,-1.51375,0.2975,-2.59,-10.016001,-44.840004,-31.696001,inter_set_rest,4,5.0,41322.0,44635.0,72664.0,99483.0,36509.0,50972.0,29835.0,54604.0,23043.0,17071.0
2026-05-06 15:51:39.977560,426577,1609504963477005,2563388927,-0.782752,0.441152,0.538752,-2.21375,0.21875,-2.33625,-10.016001,-44.328003,-32.736,inter_set_rest,4,5.0,41322.0,44635.0,72664.0,99483.0,36509.0,50972.0,29835.0,54604.0,23043.0,17071.0
2026-05-06 15:51:39.987723,426578,1609504963486141,2563397661,-0.782752,0.441152,0.538752,-2.0475,0.315,-2.40625,-10.080001,-44.328003,-32.736,inter_set_rest,4,5.0,41322.0,44635.0,72664.0,99483.0,36509.0,50972.0,29835.0,54604.0,23043.0,17071.0
2026-05-06 15:51:40.001548,426579,1609504963500671,2563412628,-0.776896,0.443104,0.558272,-1.60125,0.41125,-2.4325,-10.088,-45.504,-30.656002,inter_set_rest,4,5.0,41322.0,44635.0,72664.0,99483.0,36509.0,50972.0,29835.0,54604.0,23043.0,17071.0
2026-05-06 15:51:40.010293,426580,1609504963509626,2563421334,-0.776896,0.443104,0.558272,-1.42625,0.44625,-2.70375,-10.088,-45.504,-30.656002,inter_set_rest,4,5.0,41322.0,44635.0,72664.0,99483.0,36509.0,50972.0,29835.0,54604.0,23043.0,17071.0
2026-05-06 15:51:40.052624,426581,1609504963524211,2563436281,-0.776896,0.447008,0.56608,-0.8575,0.77,-3.0625,-10.232,-47.872,-31.592001,inter_set_rest,4,5.0,41322.0,44635.0,72664.0,99483.0,36509.0,50972.0,29835.0,54604.0,23043.0,17071.0
2026-05-06 15:51:40.077681,426582,1609504963533111,2563444981,-0.776896,0.447008,0.56608,-0.2625,0.6825,-3.21125,-10.232,-47.872,-31.592001,inter_set_rest,4,5.0,41322.0,44635.0,72664.0,99483.0,36509.0,50972.0,29835.0,54604.0,23043.0,17071.0
2026-05-06 15:51:40.113869,426593,1609504963547929,2563459927,-0.774944,0.450912,0.57584,-0.4725,0.7,-3.08875,-10.112,-44.352,-31.992,inter_set_rest,4,5.0,41305.0,44572.0,72647.0,99385.0,36493.0,50908.0,29834.0,54528.0,23027.0,17039.0
2026-05-06 15:51:40.116574,426594,1609504963556953,2563468710,-0.774944,0.450912,0.532896,-0.27125,0.3675,-3.03625,-10.112,-44.352,-31.992,inter_set_rest,4,5.0,41305.0,44572.0,72647.0,99385.0,36493.0,50908.0,29834.0,54528.0,23027.0,17039.0
2026-05-06 15:51:40.118979,426595,1609504963565896,2563477402,-0.782752,0.445056,0.532896,-0.0525,0.14875,-3.22875,-10.296001,-44.128002,-34.552002,inter_set_rest,4,5.0,41305.0,44572.0,72647.0,99385.0,36493.0,50908.0,29834.0,54528.0,23027.0,17039.0
2026-05-06 15:51:40.123694,426596,1609504963580369,2563492369,-0.786656,0.450912,0.540704,-0.55125,-0.09625,-2.9225,-9.992001,-44.416,-31.768002,inter_set_rest,4,5.0,41305.0,44572.0,72647.0,99385.0,36493.0,50908.0,29834.0,54528.0,23027.0,17039.0
2026-05-06 15:51:40.124020,426597,1609504963589292,2563501122,-0.786656,0.450912,0.540704,-1.3825,0.4025,-2.75625,-9.992001,-44.416,-31.768002,inter_set_rest,4,5.0,41305.0,44572.0,72647.0,99385.0,36493.0,50908.0,29834.0,54528.0,23027.0,17039.0
2026-05-06 15:51:40.126352,426598,1609504963603906,2563516134,-0.776896,0.445056,0.560224,-1.33875,0.65625,-3.00125,-10.440001,-46.216003,-31.016,inter_set_rest,4,5.0,41305.0,44572.0,72647.0,99385.0,36493.0,50908.0,29834.0,54528.0,23027.0,17039.0
2026-05-06 15:51:40.128747,426599,1609504963612977,2563524898,-0.776896,0.445056,0.560224,-2.0825,0.455,-2.5025,-10.440001,-46.216003,-31.016,inter_set_rest,4,5.0,41305.0,44572.0,72647.0,99385.0,36493.0,50908.0,29834.0,54528.0,23027.0,17039.0
2026-05-06 15:51:40.135133,426600,1609504963622133,2563533621,-0.776896,0.443104,0.5368,-2.61625,0.07,-2.9575,-10.232,-46.584003,-30.736002,inter_set_rest,4,5.0,41305.0,44572.0,72647.0,99385.0,36493.0,50908.0,29834.0,54528.0,23027.0,17039.0
2026-05-06 15:51:40.165195,426611,1609504963636989,2563548614,-0.776896,0.443104,0.5368,-2.5725,0.35875,-2.695,-10.232,-46.584003,-30.736002,inter_set_rest,4,5.0,41232.0,44506.0,72554.0,99239.0,36427.0,50803.0,29783.0,54446.0,22973.0,17001.0
2026-05-06 15:51:40.167506,426612,1609504963645980,2563557422,-0.776896,0.447008,0.573888,-2.59,0.5425,-2.8525,-9.824,-46.016003,-29.608002,inter_set_rest,4,5.0,41232.0,44506.0,72554.0,99239.0,36427.0,50803.0,29783.0,54446.0,22973.0,17001.0
2026-05-06 15:51:40.170196,426613,1609504963660687,2563572388,-0.776896,0.445056,0.579744,-2.63375,0.7525,-2.98375,-9.576,-44.416,-31.544,inter_set_rest,4,5.0,41232.0,44506.0,72554.0,99239.0,36427.0,50803.0,29783.0,54446.0,22973.0,17001.0
2026-05-06 15:51:40.172740,426614,1609504963669639,2563581124,-0.776896,0.445056,0.579744,-3.19375,0.7,-2.905,-9.576,-44.416,-31.544,inter_set_rest,4,5.0,41232.0,44506.0,72554.0,99239.0,36427.0,50803.0,29783.0,54446.0,22973.0,17001.0
2026-05-06 15:51:40.178973,426615,1609504963678577,2563589840,-0.786656,0.450912,0.573888,-3.0275,0.67375,-2.345,-9.576,-44.120003,-33.52,inter_set_rest,4,5.0,41232.0,44506.0,72554.0,99239.0,36427.0,50803.0,29783.0,54446.0,22973.0,17001.0
2026-05-06 15:51:40.195255,426616,1609504963693070,2563604864,-0.786656,0.450912,0.573888,-2.63375,0.76125,-2.7125,-10.096001,-44.120003,-33.52,inter_set_rest,4,5.0,41232.0,44506.0,72554.0,99239.0,36427.0,50803.0,29783.0,54446.0,22973.0,17001.0
2026-05-06 15:51:40.203890,426617,1609504963701981,2563613618,-0.798368,0.44896,0.554368,-2.275,0.42,-3.4125,-10.016001,-44.424004,-31.936,inter_set_rest,4,5.0,41232.0,44506.0,72554.0,99239.0,36427.0,50803.0,29783.0,54446.0,22973.0,17001.0
2026-05-06 15:51:40.225268,426618,1609504963716665,2563628623,-0.798368,0.44896,0.554368,-1.7675,0.4725,-3.605,-10.016001,-44.424004,-31.936,inter_set_rest,4,5.0,41232.0,44506.0,72554.0,99239.0,36427.0,50803.0,29783.0,54446.0,22973.0,17001.0
2026-05-06 15:51:40.227520,426619,1609504963725747,2563637347,-0.786656,0.4392,0.558272,-1.49625,0.56875,-3.89375,-10.072001,-44.4,-33.960003,inter_set_rest,4,5.0,41232.0,44506.0,72554.0,99239.0,36427.0,50803.0,29783.0,54446.0,22973.0,17001.0
2026-05-06 15:51:40.262670,426630,1609504963740788,2563652497,-0.772992,0.441152,0.583648,-1.9075,0.7875,-3.465,-9.768001,-45.04,-32.352,inter_set_rest,4,5.0,41207.0,44503.0,72626.0,99296.0,36429.0,50811.0,29803.0,54472.0,22989.0,17008.0
2026-05-06 15:51:40.267749,426631,1609504963749805,2563661415,-0.772992,0.441152,0.583648,-2.2225,0.7875,-3.22,-9.768001,-45.04,-32.352,inter_set_rest,4,5.0,41207.0,44503.0,72626.0,99296.0,36429.0,50811.0,29803.0,54472.0,22989.0,17008.0
2026-05-06 15:51:40.270250,426632,1609504963758726,2563670268,-0.772992,0.441152,0.530944,-1.9425,0.67375,-3.2025,-9.768001,-45.04,-32.352,inter_set_rest,4,5.0,41207.0,44503.0,72626.0,99296.0,36429.0,50811.0,29803.0,54472.0,22989.0,17008.0
2026-05-06 15:51:40.274007,426633,1609504963773239,2563685217,-0.786656,0.4392,0.530944,-1.5925,0.9625,-3.3775,-10.208,-46.024002,-30.080002,inter_set_rest,4,5.0,41207.0,44503.0,72626.0,99296.0,36429.0,50811.0,29803.0,54472.0,22989.0,17008.0
2026-05-06 15:51:40.282717,426634,1609504963782276,2563693939,-0.794464,0.447008,0.569984,-1.21625,1.1725,-3.71875,-9.952001,-44.608,-31.736002,inter_set_rest,4,5.0,41207.0,44503.0,72626.0,99296.0,36429.0,50811.0,29803.0,54472.0,22989.0,17008.0
2026-05-06 15:51:40.316372,426635,1609504963796759,2563708911,-0.794464,0.447008,0.569984,-0.98875,1.42625,-3.56125,-9.952001,-44.608,-31.736002,inter_set_rest,4,5.0,41207.0,44503.0,72626.0,99296.0,36429.0,50811.0,29803.0,54472.0,22989.0,17008.0
2026-05-06 15:51:40.318909,426636,1609504963805774,2563717605,-0.796416,0.443104,0.5368,-0.51625,1.28625,-3.28125,-9.624001,-44.312,-31.640001,inter_set_rest,4,5.0,41207.0,44503.0,72626.0,99296.0,36429.0,50811.0,29803.0,54472.0,22989.0,17008.0
2026-05-06 15:51:40.321238,426637,1609504963814694,2563726301,-0.796416,0.443104,0.5368,-0.0175,1.2775,-3.36875,-9.624001,-44.312,-31.640001,inter_set_rest,4,5.0,41207.0,44503.0,72626.0,99296.0,36429.0,50811.0,29803.0,54472.0,22989.0,17008.0
2026-05-06 15:51:40.330130,426638,1609504963829205,2563741238,-0.7808,0.443104,0.548512,0.81375,1.72375,-3.815,-9.672001,-44.776,-31.904001,inter_set_rest,4,5.0,41207.0,44503.0,72626.0,99296.0,36429.0,50811.0,29803.0,54472.0,22989.0,17008.0
2026-05-06 15:51:40.363872,426649,1609504963838294,2563749920,-0.7808,0.443104,0.548512,0.945,1.63625,-3.52625,-9.672001,-44.776,-31.904001,inter_set_rest,4,5.0,41183.0,44442.0,72642.0,99233.0,36415.0,50764.0,29821.0,54439.0,23004.0,16974.0
2026-05-06 15:51:40.366485,426650,1609504963853133,2563765185,-0.786656,0.456768,0.568032,0.56875,1.19875,-3.40375,-9.712001,-46.432003,-31.144001,inter_set_rest,4,5.0,41183.0,44442.0,72642.0,99233.0,36415.0,50764.0,29821.0,54439.0,23004.0,16974.0
2026-05-06 15:51:40.368954,426651,1609504963862074,2563773936,-0.763232,0.452864,0.579744,0.2975,0.90125,-3.535,-9.816001,-44.496002,-32.032,inter_set_rest,4,5.0,41183.0,44442.0,72642.0,99233.0,36415.0,50764.0,29821.0,54439.0,23004.0,16974.0
2026-05-06 15:51:40.374034,426652,1609504963871034,2563782745,-0.763232,0.452864,0.579744,-0.63875,1.1025,-4.0075,-9.816001,-44.496002,-32.032,inter_set_rest,4,5.0,41183.0,44442.0,72642.0,99233.0,36415.0,50764.0,29821.0,54439.0,23004.0,16974.0
2026-05-06 15:51:40.387743,426653,1609504963885667,2563797702,-0.79056,0.450912,0.525088,-0.91875,1.3475,-3.7625,-9.736,-44.800003,-32.312,inter_set_rest,4,5.0,41183.0,44442.0,72642.0,99233.0,36415.0,50764.0,29821.0,54439.0,23004.0,16974.0
2026-05-06 15:51:40.415694,426654,1609504963894737,2563806424,-0.79056,0.450912,0.525088,-0.74375,1.19,-4.17375,-9.736,-44.800003,-32.312,inter_set_rest,4,5.0,41183.0,44442.0,72642.0,99233.0,36415.0,50764.0,29821.0,54439.0,23004.0,16974.0
2026-05-06 15:51:40.440127,426655,1609504963909182,2563821347,-0.77104,0.454816,0.589504,-0.5075,1.19,-3.85,-9.8,-44.496002,-31.808,inter_set_rest,4,5.0,41183.0,44442.0,72642.0,99233.0,36415.0,50764.0,29821.0,54439.0,23004.0,16974.0
2026-05-06 15:51:40.446552,426656,1609504963918097,2563830101,-0.77104,0.454816,0.589504,-0.88375,1.51375,-3.54375,-9.8,-44.496002,-31.808,inter_set_rest,4,5.0,41183.0,44442.0,72642.0,99233.0,36415.0,50764.0,29821.0,54439.0,23004.0,16974.0
2026-05-06 15:51:40.448820,426657,1609504963932757,2563845126,-0.774944,0.447008,0.55632,-1.7325,1.19875,-3.68375,-9.536,-44.744003,-32.216003,inter_set_rest,4,5.0,41183.0,44442.0,72642.0,99233.0,36415.0,50764.0,29821.0,54439.0,23004.0,16974.0
2026-05-06 15:51:40.478689,426668,1609504963942207,2563853923,-0.784704,0.44896,0.554368,-2.0825,1.2075,-3.59625,-9.856001,-45.016003,-31.976002,inter_set_rest,4,5.0,41199.0,44434.0,72682.0,99191.0,36434.0,50715.0,29822.0,54428.0,22985.0,16952.0
2026-05-06 15:51:40.481152,426669,1609504963951253,2563862720,-0.784704,0.44896,0.554368,-2.16125,1.155,-3.71,-9.856001,-45.016003,-31.976002,inter_set_rest,4,5.0,41199.0,44434.0,72682.0,99191.0,36434.0,50715.0,29822.0,54428.0,22985.0,16952.0
2026-05-06 15:51:40.483718,426670,1609504963965800,2563877759,-0.786656,0.450912,0.56608,-2.4325,0.95375,-4.06,-9.744,-46.152,-30.648,inter_set_rest,4,5.0,41199.0,44434.0,72682.0,99191.0,36434.0,50715.0,29822.0,54428.0,22985.0,16952.0
2026-05-06 15:51:40.486391,426671,1609504963974871,2563886483,-0.786656,0.450912,0.56608,-2.24875,0.67375,-3.75375,-9.744,-46.152,-30.648,inter_set_rest,4,5.0,41199.0,44434.0,72682.0,99191.0,36434.0,50715.0,29822.0,54428.0,22985.0,16952.0
2026-05-06 15:51:40.489795,426672,1609504963989411,2563901428,-0.79056,0.452864,0.562176,-2.0475,0.595,-3.82375,-9.648001,-46.136,-30.232002,inter_set_rest,4,5.0,41199.0,44434.0,72682.0,99191.0,36434.0,50715.0,29822.0,54428.0,22985.0,16952.0
2026-05-06 15:51:40.500468,426673,1609504963998344,2563910173,-0.79056,0.452864,0.562176,-2.16125,0.9275,-4.2875,-9.648001,-46.136,-30.232002,inter_set_rest,4,5.0,41199.0,44434.0,72682.0,99191.0,36434.0,50715.0,29822.0,54428.0,22985.0,16952.0
2026-05-06 15:51:40.507605,426674,1609504964007379,2563919050,-0.788608,0.44896,0.568032,-2.14375,0.91875,-4.03375,-10.176001,-46.56,-30.240002,inter_set_rest,4,5.0,41199.0,44434.0,72682.0,99191.0,36434.0,50715.0,29822.0,54428.0,22985.0,16952.0
2026-05-06 15:51:40.552749,426675,1609504964021911,2563934046,-0.774944,0.4392,0.558272,-2.4325,0.74375,-4.05125,-9.768001,-44.968002,-31.672,inter_set_rest,4,5.0,41199.0,44434.0,72682.0,99191.0,36434.0,50715.0,29822.0,54428.0,22985.0,16952.0
2026-05-06 15:51:40.567737,426676,1609504964030837,2563942733,-0.774944,0.4392,0.558272,-2.2575,1.07625,-3.955,-9.768001,-44.968002,-31.672,inter_set_rest,4,5.0,41199.0,44434.0,72682.0,99191.0,36434.0,50715.0,29822.0,54428.0,22985.0,16952.0
2026-05-06 15:51:40.597755,426687,1609504964045446,2563957718,-0.79056,0.447008,0.552416,-2.09125,0.945,-3.43,-9.736,-44.744003,-31.784002,inter_set_rest,4,5.0,41228.0,44410.0,72713.0,99222.0,36468.0,50714.0,29861.0,54457.0,23028.0,16967.0
2026-05-06 15:51:40.600262,426688,1609504964054371,2563966465,-0.79056,0.447008,0.552416,-2.03875,0.6125,-3.73625,-9.736,-44.744003,-31.784002,inter_set_rest,4,5.0,41228.0,44410.0,72713.0,99222.0,36468.0,50714.0,29861.0,54457.0,23028.0,16967.0
2026-05-06 15:51:40.605843,426689,1609504964063298,2563975193,-0.784704,0.443104,0.55632,-2.4675,0.5075,-3.99,-9.304001,-44.448,-31.640001,inter_set_rest,4,5.0,41228.0,44410.0,72713.0,99222.0,36468.0,50714.0,29861.0,54457.0,23028.0,16967.0
2026-05-06 15:51:40.606195,426690,1609504964077901,2563990195,-0.784704,0.443104,0.55632,-2.52,0.63875,-4.31375,-9.304001,-44.448,-31.640001,inter_set_rest,4,5.0,41228.0,44410.0,72713.0,99222.0,36468.0,50714.0,29861.0,54457.0,23028.0,16967.0
2026-05-06 15:51:40.607434,426691,1609504964086844,2563998936,-0.794464,0.443104,0.544608,-2.52,0.2975,-4.55,-9.68,-45.864002,-30.504002,inter_set_rest,4,5.0,41228.0,44410.0,72713.0,99222.0,36468.0,50714.0,29861.0,54457.0,23028.0,16967.0
2026-05-06 15:51:40.613038,426692,1609504964101385,2564013870,-0.794464,0.441152,0.552416,-2.33625,0.07875,-4.025,-9.68,-45.864002,-30.504002,inter_set_rest,4,5.0,41228.0,44410.0,72713.0,99222.0,36468.0,50714.0,29861.0,54457.0,23028.0,16967.0
2026-05-06 15:51:40.613152,426693,1609504964110355,2564022655,-0.79056,0.441152,0.552416,-2.3625,0.245,-3.96375,-9.512,-46.376003,-32.512,inter_set_rest,4,5.0,41228.0,44410.0,72713.0,99222.0,36468.0,50714.0,29861.0,54457.0,23028.0,16967.0
2026-05-06 15:51:40.626247,426694,1609504964124853,2564035618,-0.796416,0.441152,0.542656,-2.56375,0.16625,-4.12125,-9.552,-44.536003,-31.888002,inter_set_rest,4,5.0,41228.0,44410.0,72713.0,99222.0,36468.0,50714.0,29861.0,54457.0,23028.0,16967.0
2026-05-06 15:51:40.634988,426695,1609504964134026,2564046409,-0.796416,0.441152,0.542656,-2.73875,0.23625,-3.96375,-9.552,-44.536003,-31.888002,inter_set_rest,4,5.0,41228.0,44410.0,72713.0,99222.0,36468.0,50714.0,29861.0,54457.0,23028.0,16967.0
2026-05-06 15:51:40.663967,426706,1609504964143531,2564055123,-0.796416,0.445056,0.548512,-2.9225,0.14875,-3.9025,-9.68,-46.576004,-30.176,inter_set_rest,4,5.0,41242.0,44410.0,72698.0,99224.0,36487.0,50691.0,29866.0,54467.0,23024.0,16960.0
2026-05-06 15:51:40.666423,426707,1609504964158207,2564070191,-0.796416,0.445056,0.548512,-2.205,-0.09625,-4.12125,-9.68,-46.576004,-30.176,inter_set_rest,4,5.0,41242.0,44410.0,72698.0,99224.0,36487.0,50691.0,29866.0,54467.0,23024.0,16960.0
2026-05-06 15:51:40.669018,426708,1609504964167220,2564078960,-0.792512,0.443104,0.558272,-1.12875,0.06125,-3.955,-9.456,-44.4,-32.168003,inter_set_rest,4,5.0,41242.0,44410.0,72698.0,99224.0,36487.0,50691.0,29866.0,54467.0,23024.0,16960.0
2026-05-06 15:51:40.682751,426709,1609504964181749,2564093924,-0.792512,0.443104,0.564128,-0.67375,0.04375,-4.06,-9.456,-44.4,-32.168003,inter_set_rest,4,5.0,41242.0,44410.0,72698.0,99224.0,36487.0,50691.0,29866.0,54467.0,23024.0,16960.0
2026-05-06 15:51:40.693917,426710,1609504964190754,2564102639,-0.786656,0.4392,0.564128,-0.665,-0.07,-4.13875,-9.272,-44.912003,-31.784002,inter_set_rest,4,5.0,41242.0,44410.0,72698.0,99224.0,36487.0,50691.0,29866.0,54467.0,23024.0,16960.0
2026-05-06 15:51:40.700064,426711,1609504964199699,2564111463,-0.786656,0.4392,0.564128,-0.09625,0.00875,-3.91125,-9.272,-44.912003,-31.784002,inter_set_rest,4,5.0,41242.0,44410.0,72698.0,99224.0,36487.0,50691.0,29866.0,54467.0,23024.0,16960.0
2026-05-06 15:51:40.733895,426712,1609504964214180,2564126361,-0.80032,0.437248,0.5368,-0.11375,-0.0175,-3.7625,-9.256001,-44.600002,-32.08,inter_set_rest,4,5.0,41242.0,44410.0,72698.0,99224.0,36487.0,50691.0,29866.0,54467.0,23024.0,16960.0
2026-05-06 15:51:40.736505,426713,1609504964223105,2564135159,-0.792512,0.4392,0.542656,-0.65625,0.35875,-3.5175,-9.496,-45.08,-32.16,inter_set_rest,4,5.0,41242.0,44410.0,72698.0,99224.0,36487.0,50691.0,29866.0,54467.0,23024.0,16960.0
2026-05-06 15:51:40.738916,426714,1609504964237609,2564150144,-0.792512,0.4392,0.542656,-1.21625,0.0175,-2.91375,-9.496,-45.08,-32.16,inter_set_rest,4,5.0,41242.0,44410.0,72698.0,99224.0,36487.0,50691.0,29866.0,54467.0,23024.0,16960.0
2026-05-06 15:51:40.821241,426725,1609504964246802,2564158992,-0.79056,0.441152,0.548512,-1.4,-0.0175,-3.15,-9.688001,-46.064003,-30.720001,inter_set_rest,4,5.0,41146.0,44310.0,72523.0,98950.0,36370.0,50570.0,29732.0,54301.0,22947.0,16891.0
2026-05-06 15:51:40.823851,426726,1609504964255815,2564167789,-0.79056,0.441152,0.548512,-1.75,0.07875,-3.255,-9.688001,-46.064003,-30.720001,inter_set_rest,4,5.0,41146.0,44310.0,72523.0,98950.0,36370.0,50570.0,29732.0,54301.0,22947.0,16891.0
2026-05-06 15:51:40.826445,426727,1609504964270347,2564182772,-0.788608,0.443104,0.55632,-2.2925,-0.34125,-2.8175,-9.624001,-46.448,-30.768002,inter_set_rest,4,5.0,41146.0,44310.0,72523.0,98950.0,36370.0,50570.0,29732.0,54301.0,22947.0,16891.0
2026-05-06 15:51:40.828888,426728,1609504964279253,2564191515,-0.788608,0.443104,0.55632,-2.33625,-0.14,-2.555,-9.624001,-46.448,-30.768002,inter_set_rest,4,5.0,41146.0,44310.0,72523.0,98950.0,36370.0,50570.0,29732.0,54301.0,22947.0,16891.0
2026-05-06 15:51:40.831447,426729,1609504964293740,2564206428,-0.792512,0.447008,0.558272,-1.88125,-0.02625,-2.52,-9.328,-45.024002,-31.968002,inter_set_rest,4,5.0,41146.0,44310.0,72523.0,98950.0,36370.0,50570.0,29732.0,54301.0,22947.0,16891.0
2026-05-06 15:51:40.833863,426730,1609504964302630,2564215247,-0.792512,0.447008,0.564128,-2.03875,-0.49,-2.9925,-9.328,-45.024002,-31.968002,inter_set_rest,4,5.0,41146.0,44310.0,72523.0,98950.0,36370.0,50570.0,29732.0,54301.0,22947.0,16891.0
2026-05-06 15:51:40.836449,426731,1609504964317186,2564228104,-0.784704,0.445056,0.564128,-1.82,-0.21,-3.07125,-9.608001,-44.584003,-33.640003,inter_set_rest,4,5.0,41146.0,44310.0,72523.0,98950.0,36370.0,50570.0,29732.0,54301.0,22947.0,16891.0
2026-05-06 15:51:40.838933,426732,1609504964326568,2564238903,-0.788608,0.445056,0.560224,-2.275,-0.27125,-3.08,-9.584001,-48.144,-29.624,inter_set_rest,4,5.0,41146.0,44310.0,72523.0,98950.0,36370.0,50570.0,29732.0,54301.0,22947.0,16891.0
2026-05-06 15:51:40.841484,426733,1609504964335626,2564247645,-0.788608,0.445056,0.560224,-2.37125,-0.60375,-2.765,-9.584001,-48.144,-29.624,inter_set_rest,4,5.0,41146.0,44310.0,72523.0,98950.0,36370.0,50570.0,29732.0,54301.0,22947.0,16891.0
2026-05-06 15:51:40.871576,426744,1609504964350285,2564262656,-0.788608,0.441152,0.54656,-2.61625,-0.20125,-2.6075,-9.664001,-48.768,-29.552002,inter_set_rest,4,5.0,41146.0,44287.0,72529.0,98977.0,36348.0,50547.0,29724.0,54306.0,22938.0,16869.0
2026-05-06 15:51:40.874013,426745,1609504964359230,2564271410,-0.788608,0.441152,0.54656,-2.8175,-0.14,-2.58125,-9.664001,-48.768,-29.552002,inter_set_rest,4,5.0,41146.0,44287.0,72529.0,98977.0,36348.0,50547.0,29724.0,54306.0,22938.0,16869.0
2026-05-06 15:51:40.876589,426746,1609504964373791,2564286328,-0.782752,0.4392,0.571936,-2.2225,-0.1925,-2.695,-9.264001,-48.192,-30.424002,inter_set_rest,4,5.0,41146.0,44287.0,72529.0,98977.0,36348.0,50547.0,29724.0,54306.0,22938.0,16869.0
2026-05-06 15:51:40.885260,426747,1609504964382747,2564295102,-0.782752,0.4392,0.571936,-2.65125,0.0875,-2.7825,-9.264001,-48.192,-30.424002,inter_set_rest,4,5.0,41146.0,44287.0,72529.0,98977.0,36348.0,50547.0,29724.0,54306.0,22938.0,16869.0
2026-05-06 15:51:40.896178,426748,1609504964391673,2564303808,-0.786656,0.445056,0.581696,-3.2725,-0.27125,-2.6775,-9.712001,-46.072002,-33.392002,inter_set_rest,4,5.0,41146.0,44287.0,72529.0,98977.0,36348.0,50547.0,29724.0,54306.0,22938.0,16869.0
2026-05-06 15:51:40.908741,426749,1609504964406346,2564318708,-0.794464,0.443104,0.552416,-3.00125,-0.4725,-2.485,-9.344001,-44.280003,-31.960001,inter_set_rest,4,5.0,41146.0,44287.0,72529.0,98977.0,36348.0,50547.0,29724.0,54306.0,22938.0,16869.0
2026-05-06 15:51:40.914960,426750,1609504964415270,2564327548,-0.794464,0.443104,0.552416,-2.38875,-0.63875,-3.07125,-9.344001,-44.280003,-31.960001,inter_set_rest,4,5.0,41146.0,44287.0,72529.0,98977.0,36348.0,50547.0,29724.0,54306.0,22938.0,16869.0
2026-05-06 15:51:40.928882,426751,1609504964429766,2564340540,-0.792512,0.445056,0.56608,-2.28375,-0.56875,-3.255,-9.248,-45.4,-32.408,inter_set_rest,4,5.0,41146.0,44287.0,72529.0,98977.0,36348.0,50547.0,29724.0,54306.0,22938.0,16869.0
2026-05-06 15:51:40.942724,426752,1609504964438990,2564351360,-0.792512,0.445056,0.56608,-1.785,-0.44625,-3.28125,-9.248,-45.4,-32.408,inter_set_rest,4,5.0,41146.0,44287.0,72529.0,98977.0,36348.0,50547.0,29724.0,54306.0,22938.0,16869.0
2026-05-06 15:51:40.970255,426763,1609504964453591,2564364425,-0.79056,0.443104,0.558272,-1.46125,-0.23625,-3.535,-9.232,-44.832,-31.968002,inter_set_rest,4,5.0,41141.0,44270.0,72539.0,99003.0,36370.0,50537.0,29710.0,54293.0,22927.0,16877.0
2026-05-06 15:51:40.972759,426764,1609504964463031,2564375258,-0.79056,0.443104,0.558272,-1.77625,-0.37625,-2.94875,-9.232,-44.832,-31.968002,inter_set_rest,4,5.0,41141.0,44270.0,72539.0,99003.0,36370.0,50537.0,29710.0,54293.0,22927.0,16877.0
2026-05-06 15:51:40.975245,426765,1609504964472089,2564383976,-0.794464,0.441152,0.528992,-1.81125,-0.58625,-2.52,-9.616,-46.280003,-29.032001,inter_set_rest,4,5.0,41141.0,44270.0,72539.0,99003.0,36370.0,50537.0,29710.0,54293.0,22927.0,16877.0
2026-05-06 15:51:40.988690,426766,1609504964486710,2564398894,-0.79056,0.445056,0.544608,-1.645,-0.93625,-2.52,-9.688001,-45.992,-30.816002,inter_set_rest,4,5.0,41141.0,44270.0,72539.0,99003.0,36370.0,50537.0,29710.0,54293.0,22927.0,16877.0
2026-05-06 15:51:41.000118,426767,1609504964495651,2564407645,-0.79056,0.445056,0.544608,-2.1175,-0.5425,-2.135,-9.688001,-45.992,-30.816002,inter_set_rest,4,5.0,41141.0,44270.0,72539.0,99003.0,36370.0,50537.0,29710.0,54293.0,22927.0,16877.0
2026-05-06 15:51:41.013894,426768,1609504964510139,2564422589,-0.79056,0.441152,0.5368,-2.3275,-0.79625,-2.35375,-9.704,-44.328003,-31.896002,inter_set_rest,4,5.0,41141.0,44270.0,72539.0,99003.0,36370.0,50537.0,29710.0,54293.0,22927.0,16877.0
2026-05-06 15:51:41.020180,426769,1609504964519062,2564431288,-0.79056,0.441152,0.5368,-2.3975,-0.35,-2.70375,-9.704,-44.328003,-31.896002,inter_set_rest,4,5.0,41141.0,44270.0,72539.0,99003.0,36370.0,50537.0,29710.0,54293.0,22927.0,16877.0
2026-05-06 15:51:41.029000,426770,1609504964528030,2564440113,-0.792512,0.443104,0.538752,-2.5025,-0.32375,-2.135,-9.408,-44.640003,-31.912,inter_set_rest,4,5.0,41141.0,44270.0,72539.0,99003.0,36370.0,50537.0,29710.0,54293.0,22927.0,16877.0
2026-05-06 15:51:41.066543,426781,1609504964543092,2564455152,-0.792512,0.443104,0.538752,-2.51125,-0.63,-1.7675,-9.408,-44.640003,-31.912,inter_set_rest,4,5.0,41110.0,44261.0,72500.0,98989.0,36335.0,50503.0,29709.0,54296.0,22946.0,16857.0
2026-05-06 15:51:41.068955,426782,1609504964552221,2564463946,-0.788608,0.443104,0.548512,-2.58125,-0.46375,-2.24,-9.696,-44.816,-31.920002,inter_set_rest,4,5.0,41110.0,44261.0,72500.0,98989.0,36335.0,50503.0,29709.0,54296.0,22946.0,16857.0
2026-05-06 15:51:41.072376,426783,1609504964566904,2564478942,-0.788608,0.443104,0.54656,-2.17,-0.28875,-2.33625,-9.808001,-45.976,-30.560001,inter_set_rest,4,5.0,41110.0,44261.0,72500.0,98989.0,36335.0,50503.0,29709.0,54296.0,22946.0,16857.0
2026-05-06 15:51:41.078199,426784,1609504964575843,2564487663,-0.788608,0.443104,0.54656,-2.10875,-0.49,-2.555,-9.808001,-45.976,-30.560001,inter_set_rest,4,5.0,41110.0,44261.0,72500.0,98989.0,36335.0,50503.0,29709.0,54296.0,22946.0,16857.0
2026-05-06 15:51:41.083669,426785,1609504964584750,2564496390,-0.788608,0.443104,0.515328,-2.31875,-0.385,-2.66875,-9.808001,-45.976,-30.560001,inter_set_rest,4,5.0,41110.0,44261.0,72500.0,98989.0,36335.0,50503.0,29709.0,54296.0,22946.0,16857.0
2026-05-06 15:51:41.101448,426786,1609504964599218,2564511309,-0.798368,0.443104,0.525088,-2.24875,-0.20125,-2.63375,-9.576,-45.88,-33.760002,inter_set_rest,4,5.0,41110.0,44261.0,72500.0,98989.0,36335.0,50503.0,29709.0,54296.0,22946.0,16857.0
2026-05-06 15:51:41.110165,426787,1609504964608160,2564520086,-0.79056,0.441152,0.552416,-2.58125,-0.1225,-2.7125,-9.288,-44.728,-31.888002,inter_set_rest,4,5.0,41110.0,44261.0,72500.0,98989.0,36335.0,50503.0,29709.0,54296.0,22946.0,16857.0
2026-05-06 15:51:41.123927,426788,1609504964622682,2564535012,-0.79056,0.441152,0.552416,-2.73,-0.37625,-2.87,-9.288,-44.728,-31.888002,inter_set_rest,4,5.0,41110.0,44261.0,72500.0,98989.0,36335.0,50503.0,29709.0,54296.0,22946.0,16857.0
2026-05-06 15:51:41.148861,426789,1609504964631619,2564543675,-0.792512,0.447008,0.550464,-2.5725,-0.55125,-2.905,-9.344001,-44.472004,-31.504002,inter_set_rest,4,5.0,41110.0,44261.0,72500.0,98989.0,36335.0,50503.0,29709.0,54296.0,22946.0,16857.0
2026-05-06 15:51:41.225230,426800,1609504964646448,2564558700,-0.794464,0.441152,0.560224,-2.51125,-0.175,-3.08,-9.288,-45.448,-31.616001,inter_set_rest,4,5.0,41135.0,44251.0,72525.0,99018.0,36340.0,50499.0,29718.0,54312.0,22943.0,16869.0
2026-05-06 15:51:41.227529,426801,1609504964655429,2564567411,-0.794464,0.441152,0.560224,-2.59875,-0.455,-3.00125,-9.288,-45.448,-31.616001,inter_set_rest,4,5.0,41135.0,44251.0,72525.0,99018.0,36340.0,50499.0,29718.0,54312.0,22943.0,16869.0
2026-05-06 15:51:41.230255,426802,1609504964664377,2564576118,-0.794464,0.441152,0.560224,-2.59875,-0.5075,-2.5375,-9.288,-45.448,-31.616001,inter_set_rest,4,5.0,41135.0,44251.0,72525.0,99018.0,36340.0,50499.0,29718.0,54312.0,22943.0,16869.0
2026-05-06 15:51:41.232728,426803,1609504964678870,2564591061,-0.788608,0.443104,0.542656,-2.8525,-0.385,-2.24,-9.688001,-44.464,-32.408,inter_set_rest,4,5.0,41135.0,44251.0,72525.0,99018.0,36340.0,50499.0,29718.0,54312.0,22943.0,16869.0
2026-05-06 15:51:41.235259,426804,1609504964688005,2564599771,-0.786656,0.4392,0.54656,-3.05375,-0.25375,-2.31875,-9.712001,-44.616,-31.416002,inter_set_rest,4,5.0,41135.0,44251.0,72525.0,99018.0,36340.0,50499.0,29718.0,54312.0,22943.0,16869.0
2026-05-06 15:51:41.237705,426805,1609504964702516,2564614677,-0.786656,0.4392,0.54656,-3.43875,-0.18375,-2.0475,-9.712001,-44.616,-31.416002,inter_set_rest,4,5.0,41135.0,44251.0,72525.0,99018.0,36340.0,50499.0,29718.0,54312.0,22943.0,16869.0
2026-05-06 15:51:41.240279,426806,1609504964711560,2564623386,-0.79056,0.441152,0.544608,-3.22,-0.2625,-2.1175,-9.56,-44.992,-31.936,inter_set_rest,4,5.0,41135.0,44251.0,72525.0,99018.0,36340.0,50499.0,29718.0,54312.0,22943.0,16869.0
2026-05-06 15:51:41.242662,426807,1609504964720538,2564632200,-0.79056,0.441152,0.544608,-2.73,-0.21,-2.1525,-9.56,-44.992,-31.936,inter_set_rest,4,5.0,41135.0,44251.0,72525.0,99018.0,36340.0,50499.0,29718.0,54312.0,22943.0,16869.0
2026-05-06 15:51:41.245078,426808,1609504964735373,2564647235,-0.802272,0.443104,0.534848,-2.86125,-0.3675,-2.12625,-9.752001,-46.256,-30.536001,inter_set_rest,4,5.0,41135.0,44251.0,72525.0,99018.0,36340.0,50499.0,29718.0,54312.0,22943.0,16869.0
2026-05-06 15:51:41.272439,426819,1609504964744547,2564656384,-0.802272,0.443104,0.534848,-3.0975,0.04375,-2.1525,-9.752001,-46.256,-30.536001,inter_set_rest,4,5.0,41105.0,44260.0,72534.0,99087.0,36386.0,50531.0,29752.0,54374.0,22958.0,16890.0
2026-05-06 15:51:41.275105,426820,1609504964759198,2564671398,-0.80032,0.447008,0.5368,-3.08875,-0.28875,-2.12625,-9.656,-46.480003,-30.864002,inter_set_rest,4,5.0,41105.0,44260.0,72534.0,99087.0,36386.0,50531.0,29752.0,54374.0,22958.0,16890.0
2026-05-06 15:51:41.277548,426821,1609504964768183,2564680158,-0.79056,0.447008,0.558272,-3.05375,-0.525,-2.30125,-9.784,-46.504,-29.248001,inter_set_rest,4,5.0,41105.0,44260.0,72534.0,99087.0,36386.0,50531.0,29752.0,54374.0,22958.0,16890.0
2026-05-06 15:51:41.280118,426822,1609504964777279,2564688926,-0.79056,0.447008,0.558272,-2.37125,-0.5425,-2.31875,-9.784,-46.504,-29.248001,inter_set_rest,4,5.0,41105.0,44260.0,72534.0,99087.0,36386.0,50531.0,29752.0,54374.0,22958.0,16890.0
2026-05-06 15:51:41.293780,426823,1609504964791824,2564703848,-0.784704,0.447008,0.56608,-2.35375,-0.91875,-2.5375,-9.72,-46.184002,-30.584002,inter_set_rest,4,5.0,41105.0,44260.0,72534.0,99087.0,36386.0,50531.0,29752.0,54374.0,22958.0,16890.0
2026-05-06 15:51:41.302675,426824,1609504964800739,2564712593,-0.784704,0.447008,0.56608,-1.68875,-0.805,-2.6075,-9.72,-46.184002,-30.584002,inter_set_rest,4,5.0,41105.0,44260.0,72534.0,99087.0,36386.0,50531.0,29752.0,54374.0,22958.0,16890.0
2026-05-06 15:51:41.320118,426825,1609504964815257,2564727492,-0.794464,0.445056,0.55632,-1.14625,-0.84,-3.2025,-9.672001,-46.280003,-30.760002,inter_set_rest,4,5.0,41105.0,44260.0,72534.0,99087.0,36386.0,50531.0,29752.0,54374.0,22958.0,16890.0
2026-05-06 15:51:41.323740,426826,1609504964824189,2564736268,-0.794464,0.445056,0.55632,-1.3475,-0.97125,-3.56125,-9.672001,-46.280003,-30.760002,inter_set_rest,4,5.0,41105.0,44260.0,72534.0,99087.0,36386.0,50531.0,29752.0,54374.0,22958.0,16890.0
2026-05-06 15:51:41.361942,426827,1609504964838693,2564751197,-0.798368,0.441152,0.519232,-1.05,-0.5775,-3.5875,-9.616,-48.512,-30.496002,inter_set_rest,4,5.0,41105.0,44260.0,72534.0,99087.0,36386.0,50531.0,29752.0,54374.0,22958.0,16890.0
2026-05-06 15:51:41.385169,426838,1609504964847867,2564759979,-0.796416,0.447008,0.552416,-1.05,-0.55125,-3.3775,-9.280001,-44.920002,-33.032,inter_set_rest,4,5.0,41060.0,44169.0,72331.0,98874.0,36258.0,50401.0,29638.0,54241.0,22907.0,16825.0
2026-05-06 15:51:41.387679,426839,1609504964856842,2564768766,-0.796416,0.447008,0.552416,-1.68,-0.5775,-3.08,-9.280001,-44.920002,-33.032,inter_set_rest,4,5.0,41060.0,44169.0,72331.0,98874.0,36258.0,50401.0,29638.0,54241.0,22907.0,16825.0
2026-05-06 15:51:41.390247,426840,1609504964871374,2564783780,-0.784704,0.443104,0.552416,-1.96875,-0.5775,-3.31625,-9.208,-46.304,-30.880001,inter_set_rest,4,5.0,41060.0,44169.0,72331.0,98874.0,36258.0,50401.0,29638.0,54241.0,22907.0,16825.0
2026-05-06 15:51:41.392686,426841,1609504964880379,2564792522,-0.784704,0.443104,0.552416,-2.30125,-0.88375,-2.65125,-9.208,-46.304,-30.880001,inter_set_rest,4,5.0,41060.0,44169.0,72331.0,98874.0,36258.0,50401.0,29638.0,54241.0,22907.0,16825.0
2026-05-06 15:51:41.396568,426842,1609504964894914,2564807460,-0.784704,0.445056,0.573888,-3.045,-0.5425,-2.19625,-9.648001,-46.656002,-31.216002,inter_set_rest,4,5.0,41060.0,44169.0,72331.0,98874.0,36258.0,50401.0,29638.0,54241.0,22907.0,16825.0
2026-05-06 15:51:41.405267,426843,1609504964903843,2564816185,-0.784704,0.445056,0.573888,-3.535,-0.875,-1.7325,-9.648001,-46.656002,-31.216002,inter_set_rest,4,5.0,41060.0,44169.0,72331.0,98874.0,36258.0,50401.0,29638.0,54241.0,22907.0,16825.0
2026-05-06 15:51:41.413937,426844,1609504964912811,2564824908,-0.7808,0.445056,0.554368,-3.68375,-1.1025,-1.4875,-9.808001,-44.888,-32.088,inter_set_rest,4,5.0,41060.0,44169.0,72331.0,98874.0,36258.0,50401.0,29638.0,54241.0,22907.0,16825.0
2026-05-06 15:51:41.431497,426845,1609504964927384,2564839810,-0.7808,0.445056,0.554368,-3.35125,-1.05,-1.785,-9.808001,-44.888,-32.088,inter_set_rest,4,5.0,41060.0,44169.0,72331.0,98874.0,36258.0,50401.0,29638.0,54241.0,22907.0,16825.0
2026-05-06 15:51:41.440297,426846,1609504964936417,2564848507,-0.782752,0.435296,0.538752,-3.115,-0.945,-2.16125,-9.648001,-44.488003,-29.808,inter_set_rest,4,5.0,41060.0,44169.0,72331.0,98874.0,36258.0,50401.0,29638.0,54241.0,22907.0,16825.0
