pc_time,serial_num,sensor_ts,host_ts,ax,ay,az,gx,gy,gz,mx,my,mz,phase,rpe,weight_kg,ppg_a,ppg_b,ppg_c,ppg_d,ppg_e
2026-04-14 18:15:11.669033,842726,1609508005291255,5605260531,0.843264,-0.187392,0.349408,-15.846251,5.145,-16.35375,-12.984,28.144001,10.84,inter_set_rest,7,7.0,53910.0,292838.0,121056.0,287890.0,130434.0
2026-04-14 18:15:11.682917,842727,1609508005305762,5605275524,0.843264,-0.187392,0.349408,-18.585001,5.50375,-16.03875,-12.984,28.144001,10.84,inter_set_rest,7,7.0,53910.0,292838.0,121056.0,287890.0,130434.0
2026-04-14 18:15:11.715120,842738,1609508005315284,5605284651,0.815936,-0.144448,0.18544,-18.50625,7.23625,-13.4575,-13.616,28.368002,9.896001,inter_set_rest,7,7.0,51641.0,286933.0,117551.0,282677.0,126795.0
2026-04-14 18:15:11.727318,842739,1609508005324375,5605293388,0.815936,-0.144448,0.18544,-9.86125,8.30375,-12.80125,-13.616,28.368002,9.896001,inter_set_rest,7,7.0,51641.0,286933.0,117551.0,282677.0,126795.0
2026-04-14 18:15:11.727437,842740,1609508005338944,5605308424,0.915488,-0.121024,0.28304,-1.575,7.39375,-15.4875,-12.448001,27.616001,10.120001,inter_set_rest,7,7.0,51641.0,286933.0,117551.0,282677.0,126795.0
2026-04-14 18:15:11.727490,842741,1609508005347895,5605317275,0.915488,-0.121024,0.28304,-3.57875,4.97,-16.205,-12.448001,27.616001,10.120001,inter_set_rest,7,7.0,51641.0,286933.0,117551.0,282677.0,126795.0
2026-04-14 18:15:11.740473,842742,1609508005362360,5605332207,0.915488,-0.0976,0.425536,-8.58375,3.05375,-14.81375,-12.488001,28.328001,8.392,inter_set_rest,7,7.0,51641.0,286933.0,117551.0,282677.0,126795.0
2026-04-14 18:15:11.750477,842743,1609508005371292,5605340905,0.804224,-0.122976,0.203008,-9.94,1.98625,-13.51875,-12.864,27.840002,10.456,inter_set_rest,7,7.0,51641.0,286933.0,117551.0,282677.0,126795.0
2026-04-14 18:15:11.757442,842744,1609508005380231,5605349619,0.804224,-0.122976,0.203008,-8.84625,1.54,-12.3025,-12.864,27.840002,10.456,inter_set_rest,7,7.0,51641.0,286933.0,117551.0,282677.0,126795.0
2026-04-14 18:15:11.772823,842745,1609508005394745,5605364524,0.88816,-0.1464,0.368928,-10.115,0.30625,-10.85875,-13.312,27.928001,10.936001,inter_set_rest,7,7.0,51641.0,286933.0,117551.0,282677.0,126795.0
2026-04-14 18:15:11.781689,842746,1609508005403695,5605373233,0.88816,-0.1464,0.368928,-8.1375,-1.2425,-8.89,-13.312,27.928001,10.936001,inter_set_rest,7,7.0,51641.0,286933.0,117551.0,282677.0,126795.0
2026-04-14 18:15:11.815267,842757,1609508005418325,5605388238,0.831552,-0.140544,0.216672,-5.3375,-3.71875,-8.30375,-14.040001,28.568,9.56,inter_set_rest,7,7.0,51016.0,284219.0,116689.0,280501.0,125859.0
2026-04-14 18:15:11.817802,842758,1609508005427403,5605396985,0.831552,-0.140544,0.216672,-2.7125,-6.64125,-8.9075,-14.040001,28.568,9.56,inter_set_rest,7,7.0,51016.0,284219.0,116689.0,280501.0,125859.0
2026-04-14 18:15:11.820141,842759,1609508005436361,5605405733,0.831552,-0.080032,0.339648,-2.17875,-9.45,-10.325,-14.400001,28.28,10.872001,inter_set_rest,7,7.0,51016.0,284219.0,116689.0,280501.0,125859.0
2026-04-14 18:15:11.828107,842760,1609508005450943,5605420699,0.884256,-0.154208,0.228384,-6.09,-11.261251,-10.3425,-14.488001,28.2,9.768001,inter_set_rest,7,7.0,51016.0,284219.0,116689.0,280501.0,125859.0
2026-04-14 18:15:11.836772,842761,1609508005459921,5605429410,0.884256,-0.154208,0.228384,-9.98375,-11.34875,-9.135,-14.488001,28.2,9.768001,inter_set_rest,7,7.0,51016.0,284219.0,116689.0,280501.0,125859.0
2026-04-14 18:15:11.853056,842762,1609508005474416,5605444310,0.89792,-0.144448,0.394304,-9.511251,-10.4475,-8.8025,-13.752001,28.112001,10.064,inter_set_rest,7,7.0,51016.0,284219.0,116689.0,280501.0,125859.0
2026-04-14 18:15:11.865689,842763,1609508005483374,5605452988,0.89792,-0.144448,0.394304,-8.04125,-10.17625,-7.6825,-13.752001,28.112001,10.064,inter_set_rest,7,7.0,51016.0,284219.0,116689.0,280501.0,125859.0
2026-04-14 18:15:11.875444,842764,1609508005497907,5605467942,0.8784,-0.085888,0.320128,-5.69625,-9.93125,-8.5575,-14.664001,28.208002,10.272,inter_set_rest,7,7.0,51016.0,284219.0,116689.0,280501.0,125859.0
2026-04-14 18:15:11.885327,842765,1609508005506857,5605476638,0.8784,-0.085888,0.320128,-2.47625,-9.47625,-9.58125,-14.664001,28.208002,10.272,inter_set_rest,7,7.0,51016.0,284219.0,116689.0,280501.0,125859.0
2026-04-14 18:15:11.966988,842776,1609508005516423,5605485934,0.837408,-0.099552,0.25376,-3.7625,-9.17,-10.57875,-14.496,27.664001,9.400001,inter_set_rest,7,7.0,51234.0,286027.0,116992.0,281883.0,126234.0
2026-04-14 18:15:11.969390,842777,1609508005531034,5605500922,0.894016,-0.111264,0.304512,-4.19125,-8.77625,-9.87875,-13.872001,27.624,9.304001,inter_set_rest,7,7.0,51234.0,286027.0,116992.0,281883.0,126234.0
2026-04-14 18:15:11.971845,842778,1609508005539975,5605509620,0.894016,-0.111264,0.304512,-3.8675,-7.2625,-6.93875,-13.872001,27.624,9.304001,inter_set_rest,7,7.0,51234.0,286027.0,116992.0,281883.0,126234.0
2026-04-14 18:15:11.974170,842779,1609508005554437,5605524512,0.882304,-0.10736,0.267424,-4.375,-6.39625,-5.31125,-13.816001,27.864002,9.200001,inter_set_rest,7,7.0,51234.0,286027.0,116992.0,281883.0,126234.0
2026-04-14 18:15:11.976987,842780,1609508005563382,5605533189,0.882304,-0.10736,0.267424,-3.21125,-4.48875,-7.91,-13.816001,27.864002,9.200001,inter_set_rest,7,7.0,51234.0,286027.0,116992.0,281883.0,126234.0
2026-04-14 18:15:11.979269,842781,1609508005572344,5605541919,0.862784,-0.111264,0.15616,-2.9925,-2.275,-8.89,-14.288001,28.216002,10.152,inter_set_rest,7,7.0,51234.0,286027.0,116992.0,281883.0,126234.0
2026-04-14 18:15:11.981746,842782,1609508005587027,5605556889,0.862784,-0.111264,0.15616,-2.205,-0.60375,-9.45,-14.288001,28.216002,10.152,inter_set_rest,7,7.0,51234.0,286027.0,116992.0,281883.0,126234.0
2026-04-14 18:15:11.984234,842783,1609508005595964,5605565591,0.853024,-0.099552,0.257664,-1.91625,0.875,-9.8525,-14.736001,28.272001,10.504001,inter_set_rest,7,7.0,51234.0,286027.0,116992.0,281883.0,126234.0
2026-04-14 18:15:11.989629,842784,1609508005610555,5605580520,0.89792,-0.0976,0.327936,-0.175,1.7675,-10.3775,-14.736001,28.272001,9.512,inter_set_rest,7,7.0,51234.0,286027.0,116992.0,281883.0,126234.0
2026-04-14 18:15:12.023364,842795,1609508005619698,5605589273,0.89792,-0.0976,0.327936,1.26875,1.9075,-11.06875,-15.096001,28.160002,9.512,inter_set_rest,7,7.0,51566.0,288125.0,117266.0,283049.0,126698.0
2026-04-14 18:15:12.025452,842796,1609508005634300,5605604159,0.823744,-0.06832,0.240096,0.8925,1.68875,-11.40125,-14.360001,27.688002,9.376,inter_set_rest,7,7.0,51566.0,288125.0,117266.0,283049.0,126698.0
2026-04-14 18:15:12.028235,842797,1609508005643345,5605612953,0.823744,-0.06832,0.240096,0.56875,1.6975,-10.59625,-14.360001,27.688002,9.376,inter_set_rest,7,7.0,51566.0,288125.0,117266.0,283049.0,126698.0
2026-04-14 18:15:12.030867,842798,1609508005652273,5605621667,0.901824,-0.080032,0.31232,1.21625,2.44125,-9.3625,-14.320001,27.776001,9.240001,inter_set_rest,7,7.0,51566.0,288125.0,117266.0,283049.0,126698.0
2026-04-14 18:15:12.045467,842799,1609508005666998,5605636803,0.901824,-0.080032,0.31232,-0.21875,3.28125,-10.8675,-14.320001,27.776001,9.240001,inter_set_rest,7,7.0,51566.0,288125.0,117266.0,283049.0,126698.0
2026-04-14 18:15:12.054423,842800,1609508005675932,5605645485,0.83936,-0.095648,0.158112,-1.98625,4.73375,-12.01375,-14.960001,27.864002,10.496,inter_set_rest,7,7.0,51566.0,288125.0,117266.0,283049.0,126698.0
2026-04-14 18:15:12.068335,842801,1609508005690447,5605660575,0.83936,-0.095648,0.158112,-1.2775,5.83625,-12.41625,-14.960001,27.864002,10.496,inter_set_rest,7,7.0,51566.0,288125.0,117266.0,283049.0,126698.0
2026-04-14 18:15:12.077065,842802,1609508005699400,5605669274,0.812032,-0.072224,0.158112,2.80875,5.64375,-12.792501,-14.664001,27.272001,9.088,inter_set_rest,7,7.0,51566.0,288125.0,117266.0,283049.0,126698.0
2026-04-14 18:15:12.112110,842803,1609508005708347,5605677957,0.812032,-0.072224,0.158112,5.80125,5.25,-12.24125,-14.664001,27.272001,9.088,inter_set_rest,7,7.0,51566.0,288125.0,117266.0,283049.0,126698.0
2026-04-14 18:15:12.147383,842814,1609508005722943,5605693090,0.843264,-0.08784,0.15616,3.50875,4.4625,-11.8825,-14.408001,27.528002,9.744,inter_set_rest,7,7.0,51812.0,287695.0,117592.0,282527.0,127136.0
2026-04-14 18:15:12.149239,842815,1609508005731880,5605701861,0.8296,-0.01952,0.245952,-0.09625,3.675,-11.0775,-15.68,27.632002,8.512,inter_set_rest,7,7.0,51812.0,287695.0,117592.0,282527.0,127136.0
2026-04-14 18:15:12.151992,842816,1609508005746373,5605714745,0.8296,-0.01952,0.245952,-1.28625,4.94375,-11.13,-15.68,27.632002,8.512,inter_set_rest,7,7.0,51812.0,287695.0,117592.0,282527.0,127136.0
2026-04-14 18:15:12.154011,842817,1609508005755593,5605725509,0.870592,-0.03904,0.279136,-0.00875,5.53875,-13.8425,-15.776001,27.28,10.92,inter_set_rest,7,7.0,51812.0,287695.0,117592.0,282527.0,127136.0
2026-04-14 18:15:12.156996,842818,1609508005764641,5605734232,0.870592,-0.03904,0.279136,5.41625,6.1425,-14.60375,-15.776001,27.28,10.92,inter_set_rest,7,7.0,51812.0,287695.0,117592.0,282527.0,127136.0
2026-04-14 18:15:12.159475,842819,1609508005779409,5605749285,0.866688,-0.070272,0.240096,6.60625,7.00875,-14.533751,-15.704,27.288002,10.856001,inter_set_rest,7,7.0,51812.0,287695.0,117592.0,282527.0,127136.0
2026-04-14 18:15:12.167004,842820,1609508005788530,5605758011,0.866688,-0.070272,0.240096,5.81875,7.18375,-12.10125,-15.704,27.288002,10.856001,inter_set_rest,7,7.0,51812.0,287695.0,117592.0,282527.0,127136.0
2026-04-14 18:15:12.183340,842821,1609508005803124,5605773035,0.866688,-0.040992,0.388448,7.23625,7.04375,-9.94,-15.528001,27.04,9.912001,inter_set_rest,7,7.0,51812.0,287695.0,117592.0,282527.0,127136.0
2026-04-14 18:15:12.190619,842822,1609508005812144,5605781731,0.88816,0.015616,0.368928,10.4825,5.74875,-8.88125,-15.872001,27.216002,12.352,inter_set_rest,7,7.0,51812.0,287695.0,117592.0,282527.0,127136.0
2026-04-14 18:15:12.225753,842833,1609508005826846,5605796737,0.88816,0.015616,0.368928,15.05,3.7625,-11.80375,-15.872001,27.216002,12.352,inter_set_rest,7,7.0,54214.0,291133.0,121438.0,284706.0,131560.0
2026-04-14 18:15:12.228077,842834,1609508005835928,5605805588,0.876448,-0.01952,0.142496,15.53125,2.17,-12.97625,-15.904,26.936,11.280001,inter_set_rest,7,7.0,54214.0,291133.0,121438.0,284706.0,131560.0
2026-04-14 18:15:12.230136,842835,1609508005844911,5605814281,0.876448,-0.01952,0.142496,12.15375,1.5575,-11.55875,-15.904,26.936,11.280001,inter_set_rest,7,7.0,54214.0,291133.0,121438.0,284706.0,131560.0
2026-04-14 18:15:12.238008,842836,1609508005859485,5605829247,0.903776,-0.015616,0.415776,5.18,1.435,-10.87625,-15.960001,27.320002,14.056001,inter_set_rest,7,7.0,54214.0,291133.0,121438.0,284706.0,131560.0
2026-04-14 18:15:12.245184,842837,1609508005868467,5605837970,0.903776,-0.015616,0.415776,0.72625,2.00375,-10.115,-15.960001,27.320002,14.056001,inter_set_rest,7,7.0,54214.0,291133.0,121438.0,284706.0,131560.0
2026-04-14 18:15:12.261997,842838,1609508005883046,5605852848,0.854976,0.013664,0.333792,-0.35,3.2375,-10.185,-15.000001,26.632002,10.424001,inter_set_rest,7,7.0,54214.0,291133.0,121438.0,284706.0,131560.0
2026-04-14 18:15:12.290426,842839,1609508005892049,5605861546,0.854976,0.013664,0.425536,-0.49875,4.05125,-10.675,-15.000001,26.632002,10.424001,inter_set_rest,7,7.0,54214.0,291133.0,121438.0,284706.0,131560.0
2026-04-14 18:15:12.293392,842840,1609508005901017,5605870269,0.913536,0.005856,0.425536,-0.9975,4.43625,-9.8875,-15.064001,26.840002,10.176001,inter_set_rest,7,7.0,54214.0,291133.0,121438.0,284706.0,131560.0
2026-04-14 18:15:12.295832,842841,1609508005915500,5605885184,0.86864,0.00976,0.396256,-1.1375,3.56125,-9.275,-16.016,27.136002,11.816001,inter_set_rest,7,7.0,54214.0,291133.0,121438.0,284706.0,131560.0
2026-04-14 18:15:12.348007,842852,1609508005924488,5605893968,0.86864,0.00976,0.396256,-1.51375,2.63375,-9.16125,-16.016,27.136002,11.816001,inter_set_rest,7,7.0,54465.0,293165.0,121590.0,285844.0,131583.0
2026-04-14 18:15:12.350526,842853,1609508005939023,5605908883,0.895968,-0.003904,0.337696,-1.5575,1.6275,-8.82,-16.0,26.720001,11.320001,inter_set_rest,7,7.0,54465.0,293165.0,121590.0,285844.0,131583.0
2026-04-14 18:15:12.353325,842854,1609508005947990,5605917588,0.895968,-0.003904,0.337696,-3.3425,0.62125,-9.54625,-16.0,26.720001,11.320001,inter_set_rest,7,7.0,54465.0,293165.0,121590.0,285844.0,131583.0
2026-04-14 18:15:12.355307,842855,1609508005962616,5605932551,0.913536,-0.005856,0.353312,-5.13625,0.14875,-10.2375,-16.272001,26.632002,11.160001,inter_set_rest,7,7.0,54465.0,293165.0,121590.0,285844.0,131583.0
2026-04-14 18:15:12.358288,842856,1609508005971566,5605941259,0.913536,-0.005856,0.353312,-3.9375,-0.35875,-10.4825,-16.272001,26.632002,11.160001,inter_set_rest,7,7.0,54465.0,293165.0,121590.0,285844.0,131583.0
2026-04-14 18:15:12.360829,842857,1609508005980519,5605949962,0.909632,-0.00976,0.357216,-0.595,-2.275,-9.98375,-16.328001,26.704,11.144,inter_set_rest,7,7.0,54465.0,293165.0,121590.0,285844.0,131583.0
2026-04-14 18:15:12.373037,842858,1609508005995039,5605964914,0.843264,0.013664,0.345504,-2.59,-3.99875,-9.24875,-15.768001,26.424002,12.208,inter_set_rest,7,7.0,54465.0,293165.0,121590.0,285844.0,131583.0
2026-04-14 18:15:12.383416,842859,1609508006004049,5605973668,0.843264,0.013664,0.345504,-1.3825,-5.0225,-8.88125,-15.768001,26.424002,12.208,inter_set_rest,7,7.0,54465.0,293165.0,121590.0,285844.0,131583.0
2026-04-14 18:15:12.419311,842870,1609508006019050,5605988712,0.895968,-0.003904,0.396256,-0.84875,-4.7425,-8.89,-15.944001,26.744001,10.072001,inter_set_rest,7,7.0,52260.0,290200.0,118057.0,283154.0,127895.0
2026-04-14 18:15:12.424265,842871,1609508006028048,5605997468,0.895968,-0.003904,0.396256,-2.80875,-4.69,-8.77625,-15.944001,26.744001,10.072001,inter_set_rest,7,7.0,52260.0,290200.0,118057.0,283154.0,127895.0
2026-04-14 18:15:12.426535,842872,1609508006037006,5606006240,0.831552,0.0,0.298656,-1.39125,-4.2875,-8.81125,-16.456001,26.592001,12.208,inter_set_rest,7,7.0,52260.0,290200.0,118057.0,283154.0,127895.0
2026-04-14 18:15:12.432355,842873,1609508006051531,5606021141,0.831552,0.0,0.298656,3.885,-4.97875,-7.77875,-16.456001,26.592001,12.208,inter_set_rest,7,7.0,52260.0,290200.0,118057.0,283154.0,127895.0
2026-04-14 18:15:12.437818,842874,1609508006060544,5606029866,0.913536,0.001952,0.376736,4.2175,-5.1975,-7.42,-16.968,26.824001,12.432,inter_set_rest,7,7.0,52260.0,290200.0,118057.0,283154.0,127895.0
2026-04-14 18:15:12.453133,842875,1609508006075071,5606044836,0.950624,-0.027328,0.335744,3.78875,-4.96125,-6.58875,-16.768002,26.216002,11.592001,inter_set_rest,7,7.0,52260.0,290200.0,118057.0,283154.0,127895.0
2026-04-14 18:15:12.461694,842876,1609508006084063,5606053525,0.950624,-0.027328,0.335744,1.84625,-4.5675,-6.2825,-16.768002,26.216002,11.592001,inter_set_rest,7,7.0,52260.0,290200.0,118057.0,283154.0,127895.0
2026-04-14 18:15:12.471571,842877,1609508006093056,5606062209,0.950624,-0.027328,0.335744,1.0675,-3.63125,-5.5825,-16.768002,26.216002,11.592001,inter_set_rest,7,7.0,52260.0,290200.0,118057.0,283154.0,127895.0
2026-04-14 18:15:12.485557,842878,1609508006107564,5606077157,0.944768,-0.023424,0.384544,1.925,-2.94,-4.795,-16.248001,26.704,11.912001,inter_set_rest,7,7.0,52260.0,290200.0,118057.0,283154.0,127895.0
2026-04-14 18:15:12.495355,842879,1609508006116554,5606085843,0.892064,-0.01952,0.244,4.2175,-2.96625,-2.61625,-15.968,25.912,10.144,inter_set_rest,7,7.0,52260.0,290200.0,118057.0,283154.0,127895.0
2026-04-14 18:15:12.528114,842890,1609508006131151,5606100839,0.892064,-0.01952,0.244,4.305,-2.9925,-1.25125,-15.968,25.912,10.144,inter_set_rest,7,7.0,52949.0,293996.0,118785.0,286247.0,128804.0
2026-04-14 18:15:12.530536,842891,1609508006140073,5606109536,0.91744,0.01952,0.40992,4.03375,-3.52625,0.25375,-15.800001,26.36,11.296001,inter_set_rest,7,7.0,52949.0,293996.0,118785.0,286247.0,128804.0
2026-04-14 18:15:12.533053,842892,1609508006154633,5606124536,0.856928,0.027328,0.2928,3.6925,-3.5175,0.97125,-16.632,26.352001,13.040001,inter_set_rest,7,7.0,52949.0,293996.0,118785.0,286247.0,128804.0
2026-04-14 18:15:12.543227,842893,1609508006163689,5606133240,0.856928,0.027328,0.2928,1.28625,-3.08,1.645,-16.632,26.352001,13.040001,inter_set_rest,7,7.0,52949.0,293996.0,118785.0,286247.0,128804.0
2026-04-14 18:15:12.550389,842894,1609508006172775,5606141931,0.856928,0.027328,0.2928,0.455,-2.61625,1.58375,-16.632,26.352001,13.040001,inter_set_rest,7,7.0,52949.0,293996.0,118785.0,286247.0,128804.0
2026-04-14 18:15:12.565440,842895,1609508006187216,5606156861,0.821792,0.017568,0.242048,1.21625,-1.81125,1.925,-16.376001,26.312002,10.432,inter_set_rest,7,7.0,52949.0,293996.0,118785.0,286247.0,128804.0
2026-04-14 18:15:12.574080,842896,1609508006196164,5606165560,0.817888,-0.015616,0.152256,0.14,-1.14625,1.925,-16.720001,26.408,13.824,inter_set_rest,7,7.0,52949.0,293996.0,118785.0,286247.0,128804.0
2026-04-14 18:15:12.588940,842897,1609508006210723,5606180486,0.817888,-0.015616,0.152256,-1.18125,-0.8925,2.12625,-16.720001,26.408,13.824,inter_set_rest,7,7.0,52949.0,293996.0,118785.0,286247.0,128804.0
2026-04-14 18:15:12.621623,842908,1609508006220116,5606189270,0.796416,0.003904,0.271328,-2.24,-0.245,2.1175,-15.728001,26.088001,11.144,inter_set_rest,7,7.0,55612.0,300234.0,122502.0,291388.0,132744.0
2026-04-14 18:15:12.624129,842909,1609508006229066,5606198167,0.796416,0.003904,0.271328,-4.01625,0.7175,2.07375,-15.728001,26.088001,11.144,inter_set_rest,7,7.0,55612.0,300234.0,122502.0,291388.0,132744.0
2026-04-14 18:15:12.627026,842910,1609508006243640,5606213070,0.854976,-0.06832,0.197152,-4.7425,2.24,0.4025,-15.536001,26.296001,10.448001,inter_set_rest,7,7.0,55612.0,300234.0,122502.0,291388.0,132744.0
2026-04-14 18:15:12.654117,842911,1609508006252611,5606221790,0.854976,-0.06832,0.197152,-2.45,2.12625,-0.46375,-15.536001,26.296001,10.448001,inter_set_rest,7,7.0,55612.0,300234.0,122502.0,291388.0,132744.0
2026-04-14 18:15:12.679614,842912,1609508006267102,5606236797,0.909632,-0.062464,0.28304,-1.085,1.19875,-1.11125,-16.072,26.320002,10.280001,inter_set_rest,7,7.0,55612.0,300234.0,122502.0,291388.0,132744.0
2026-04-14 18:15:12.682118,842913,1609508006276025,5606245498,0.872544,-0.01952,0.38064,-1.00625,0.665,-2.555,-16.024,26.2,9.232,inter_set_rest,7,7.0,55612.0,300234.0,122502.0,291388.0,132744.0
2026-04-14 18:15:12.687284,842914,1609508006290469,5606260395,0.872544,-0.01952,0.38064,-1.14625,-0.175,-4.05125,-16.024,26.2,9.232,inter_set_rest,7,7.0,55612.0,300234.0,122502.0,291388.0,132744.0
2026-04-14 18:15:12.689088,842915,1609508006299443,5606269081,0.913536,-0.046848,0.275232,0.0875,-0.98,-5.1625,-15.792001,25.936,10.264001,inter_set_rest,7,7.0,55612.0,300234.0,122502.0,291388.0,132744.0
2026-04-14 18:15:12.691715,842916,1609508006308390,5606277801,0.913536,-0.046848,0.275232,0.13125,-1.88125,-5.87125,-15.792001,25.936,10.264001,inter_set_rest,7,7.0,55612.0,300234.0,122502.0,291388.0,132744.0
2026-04-14 18:15:12.721562,842927,1609508006323391,5606292751,0.847168,-0.013664,0.197152,0.0875,-2.19625,-5.71375,-16.104,26.304,11.568001,inter_set_rest,7,7.0,57125.0,302332.0,124709.0,293028.0,135037.0
2026-04-14 18:15:12.724602,842928,1609508006332443,5606301542,0.847168,-0.013664,0.197152,-0.56,-1.68875,-5.5475,-16.104,26.304,11.568001,inter_set_rest,7,7.0,57125.0,302332.0,124709.0,293028.0,135037.0
2026-04-14 18:15:12.762443,842929,1609508006347024,5606316544,0.825696,0.011712,0.261568,-1.575,-1.2425,-4.9175,-16.312,26.800001,11.592001,inter_set_rest,7,7.0,57125.0,302332.0,124709.0,293028.0,135037.0
2026-04-14 18:15:12.764599,842930,1609508006355987,5606325302,0.880352,-0.005856,0.240096,-1.39125,-0.23625,-4.38375,-16.512001,26.248001,10.72,inter_set_rest,7,7.0,57125.0,302332.0,124709.0,293028.0,135037.0
2026-04-14 18:15:12.767140,842931,1609508006364919,5606334033,0.880352,-0.005856,0.240096,-2.02125,0.81375,-3.6225,-16.512001,26.248001,10.72,inter_set_rest,7,7.0,57125.0,302332.0,124709.0,293028.0,135037.0
2026-04-14 18:15:12.769651,842932,1609508006379416,5606348917,0.8296,0.003904,0.167872,-2.40625,1.40875,-3.01,-16.464,26.400002,11.528001,inter_set_rest,7,7.0,57125.0,302332.0,124709.0,293028.0,135037.0
2026-04-14 18:15:12.771589,842933,1609508006388366,5606357627,0.8296,0.003904,0.167872,-1.435,2.1175,-2.47625,-16.464,26.400002,11.528001,inter_set_rest,7,7.0,57125.0,302332.0,124709.0,293028.0,135037.0
2026-04-14 18:15:12.780893,842934,1609508006402893,5606372529,0.905728,-0.013664,0.357216,-0.2975,2.73,-0.9625,-16.744001,26.544,11.064,inter_set_rest,7,7.0,57125.0,302332.0,124709.0,293028.0,135037.0
2026-04-14 18:15:12.790696,842935,1609508006411865,5606381243,0.905728,-0.013664,0.357216,0.3675,2.5375,-0.91,-16.744001,26.544,11.064,inter_set_rest,7,7.0,57125.0,302332.0,124709.0,293028.0,135037.0
2026-04-14 18:15:12.821503,842946,1609508006426490,5606396226,0.81984,0.005856,0.167872,0.2975,2.37125,-1.11125,-15.744,26.320002,11.848001,inter_set_rest,7,7.0,58542.0,304362.0,126690.0,294789.0,137098.0
2026-04-14 18:15:12.824542,842947,1609508006435526,5606404933,0.81984,0.005856,0.199104,0.67375,2.03875,-0.95375,-15.744,26.320002,11.848001,inter_set_rest,7,7.0,58542.0,304362.0,126690.0,294789.0,137098.0
2026-04-14 18:15:12.827035,842948,1609508006444565,5606413637,0.804224,0.011712,0.201056,1.18125,1.645,-0.44625,-17.432001,26.616001,12.512001,inter_set_rest,7,7.0,58542.0,304362.0,126690.0,294789.0,137098.0
2026-04-14 18:15:12.837875,842949,1609508006459068,5606428551,0.833504,-0.007808,0.251808,0.91,1.49625,-0.72625,-17.392,26.2,11.504001,inter_set_rest,7,7.0,58542.0,304362.0,126690.0,294789.0,137098.0
2026-04-14 18:15:12.844673,842950,1609508006468009,5606437309,0.833504,-0.007808,0.251808,1.37375,0.91875,-0.2975,-17.392,26.2,11.504001,inter_set_rest,7,7.0,58542.0,304362.0,126690.0,294789.0,137098.0
2026-04-14 18:15:12.860907,842951,1609508006482642,5606452267,0.905728,-0.011712,0.363072,0.77,0.2975,0.11375,-15.608001,26.144001,10.92,inter_set_rest,7,7.0,58542.0,304362.0,126690.0,294789.0,137098.0
2026-04-14 18:15:12.869662,842952,1609508006491749,5606460961,0.905728,-0.011712,0.363072,-0.49875,-0.1225,0.91875,-15.608001,26.144001,10.92,inter_set_rest,7,7.0,58542.0,304362.0,126690.0,294789.0,137098.0
2026-04-14 18:15:12.879731,842953,1609508006500701,5606469649,0.911584,-0.0488,0.245952,-0.9975,0.455,0.14875,-15.280001,25.720001,10.856001,inter_set_rest,7,7.0,58542.0,304362.0,126690.0,294789.0,137098.0
2026-04-14 18:15:12.893061,842954,1609508006515339,5606484517,0.911584,-0.0488,0.245952,-0.91875,1.28625,-0.51625,-15.280001,25.720001,10.856001,inter_set_rest,7,7.0,58542.0,304362.0,126690.0,294789.0,137098.0
2026-04-14 18:15:12.921542,842965,1609508006524578,5606493451,0.821792,-0.013664,0.226432,0.30625,1.89,-1.18125,-15.576001,26.184002,11.992001,inter_set_rest,7,7.0,58407.0,304336.0,126397.0,294650.0,136813.0
2026-04-14 18:15:12.924655,842966,1609508006539219,5606508464,0.841312,-0.033184,0.220576,2.0475,1.93375,-1.47,-16.464,26.288002,11.72,inter_set_rest,7,7.0,58407.0,304336.0,126397.0,294650.0,136813.0
2026-04-14 18:15:12.927002,842967,1609508006548248,5606517165,0.841312,-0.033184,0.220576,3.22,1.89875,-1.3125,-16.464,26.288002,11.72,inter_set_rest,7,7.0,58407.0,304336.0,126397.0,294650.0,136813.0
2026-04-14 18:15:12.934544,842968,1609508006557219,5606525891,0.812032,-0.001952,0.339648,3.4475,2.3275,-1.505,-15.456,25.792002,11.184001,inter_set_rest,7,7.0,58407.0,304336.0,126397.0,294650.0,136813.0
2026-04-14 18:15:12.949625,842969,1609508006572114,5606540830,0.812032,-0.001952,0.339648,2.5725,3.36875,-1.2425,-15.456,25.792002,11.184001,inter_set_rest,7,7.0,58407.0,304336.0,126397.0,294650.0,136813.0
2026-04-14 18:15:12.960906,842970,1609508006581418,5606551723,0.86864,-0.00976,0.431392,2.89625,4.78625,-1.28625,-15.192,26.160002,10.824,inter_set_rest,7,7.0,58407.0,304336.0,126397.0,294650.0,136813.0
2026-04-14 18:15:12.974049,842971,1609508006595929,5606564575,0.86864,-0.00976,0.431392,3.7275,6.22125,-1.47875,-15.192,26.160002,10.824,inter_set_rest,7,7.0,58407.0,304336.0,126397.0,294650.0,136813.0
2026-04-14 18:15:12.983375,842972,1609508006605219,5606575373,0.890112,-0.025376,0.345504,4.92625,6.16,-1.79375,-15.352001,25.992,10.952001,inter_set_rest,7,7.0,58407.0,304336.0,126397.0,294650.0,136813.0
2026-04-14 18:15:12.992130,842973,1609508006614172,5606584069,0.890112,-0.025376,0.345504,6.37875,5.425,-1.82,-15.352001,25.992,10.952001,inter_set_rest,7,7.0,58407.0,304336.0,126397.0,294650.0,136813.0
2026-04-14 18:15:13.069701,842984,1609508006628800,5606599074,0.88816,0.0,0.372832,7.9625,4.27875,-1.79375,-15.376,25.688002,11.080001,inter_set_rest,7,7.0,58607.0,304408.0,126752.0,294716.0,137235.0
2026-04-14 18:15:13.073762,842985,1609508006637738,5606607732,0.851072,-0.00976,0.232288,9.1525,3.5175,-2.05625,-15.608001,25.920002,13.168,inter_set_rest,7,7.0,58607.0,304408.0,126752.0,294716.0,137235.0
2026-04-14 18:15:13.074165,842986,1609508006652325,5606622665,0.851072,-0.00976,0.232288,7.7875,3.07125,-2.3625,-15.608001,25.920002,13.168,inter_set_rest,7,7.0,58607.0,304408.0,126752.0,294716.0,137235.0
2026-04-14 18:15:13.076612,842987,1609508006661293,5606631381,0.899872,0.011712,0.36112,6.825,2.72125,-2.24875,-15.128,25.672,11.464001,inter_set_rest,7,7.0,58607.0,304408.0,126752.0,294716.0,137235.0
2026-04-14 18:15:13.080405,842988,1609508006670343,5606640116,0.899872,0.011712,0.36112,7.74375,2.26625,-3.29,-15.128,25.672,11.464001,inter_set_rest,7,7.0,58607.0,304408.0,126752.0,294716.0,137235.0
2026-04-14 18:15:13.083787,842989,1609508006684890,5606655035,0.862784,0.00976,0.220576,8.4525,1.37375,-2.86125,-15.56,25.6,13.768001,inter_set_rest,7,7.0,58607.0,304408.0,126752.0,294716.0,137235.0
2026-04-14 18:15:13.085111,842990,1609508006693847,5606663695,0.862784,0.00976,0.220576,9.03,0.8225,-2.51125,-15.56,25.6,13.768001,inter_set_rest,7,7.0,58607.0,304408.0,126752.0,294716.0,137235.0
2026-04-14 18:15:13.086971,842991,1609508006708360,5606678588,0.835456,0.021472,0.210816,8.295,0.2275,-1.91625,-15.720001,25.720001,12.696001,inter_set_rest,7,7.0,58607.0,304408.0,126752.0,294716.0,137235.0
2026-04-14 18:15:13.096450,842992,1609508006717333,5606687292,0.835456,0.021472,0.396256,6.99125,0.25375,-0.98,-15.720001,25.720001,12.696001,inter_set_rest,7,7.0,58607.0,304408.0,126752.0,294716.0,137235.0
2026-04-14 18:15:13.123376,843003,1609508006731995,5606702330,0.90768,0.017568,0.396256,5.20625,0.9625,-0.21,-15.960001,26.264002,11.440001,inter_set_rest,7,7.0,60190.0,306692.0,128879.0,296646.0,139430.0
2026-04-14 18:15:13.125869,843004,1609508006741084,5606711088,0.802272,0.03904,0.318176,3.43,0.88375,-0.18375,-16.376001,25.928001,11.624001,inter_set_rest,7,7.0,60190.0,306692.0,128879.0,296646.0,139430.0
2026-04-14 18:15:13.129603,843005,1609508006750031,5606719785,0.802272,0.03904,0.318176,3.8675,0.945,0.56875,-16.376001,25.928001,11.624001,inter_set_rest,7,7.0,60190.0,306692.0,128879.0,296646.0,139430.0
2026-04-14 18:15:13.142138,843006,1609508006764723,5606734777,0.802272,0.035136,0.247904,4.3575,0.79625,0.6475,-15.880001,26.256,12.968,inter_set_rest,7,7.0,60190.0,306692.0,128879.0,296646.0,139430.0
2026-04-14 18:15:13.153372,843007,1609508006773785,5606743506,0.802272,0.035136,0.247904,3.6925,0.46375,1.37375,-15.880001,26.256,12.968,inter_set_rest,7,7.0,60190.0,306692.0,128879.0,296646.0,139430.0
2026-04-14 18:15:13.167134,843008,1609508006788256,5606758390,0.83936,0.001952,0.20496,2.45,0.09625,1.46125,-15.192,25.592001,12.088,inter_set_rest,7,7.0,60190.0,306692.0,128879.0,296646.0,139430.0
2026-04-14 18:15:13.178553,843009,1609508006797189,5606767073,0.83936,0.001952,0.20496,1.4525,-0.14,1.82875,-15.192,25.592001,12.088,inter_set_rest,7,7.0,60190.0,306692.0,128879.0,296646.0,139430.0
2026-04-14 18:15:13.183341,843010,1609508006806142,5606775830,0.892064,0.013664,0.437248,0.84875,0.455,2.05625,-15.072001,26.112001,14.352,inter_set_rest,7,7.0,60190.0,306692.0,128879.0,296646.0,139430.0
2026-04-14 18:15:13.226746,843022,1609508006820723,5606791052,0.806176,0.037088,0.26352,0.2275,0.70875,2.1175,-15.856001,25.856,12.112,inter_set_rest,7,7.0,60052.0,306530.0,128701.0,296485.0,139297.0
2026-04-14 18:15:13.229672,843023,1609508006829748,5606799821,0.806176,0.037088,0.26352,0.7875,0.74375,2.03,-15.856001,25.856,12.112,inter_set_rest,7,7.0,60052.0,306530.0,128701.0,296485.0,139297.0
2026-04-14 18:15:13.232141,843024,1609508006844335,5606812741,0.821792,0.013664,0.275232,-0.5425,0.2275,1.7675,-16.952002,26.632002,12.896001,inter_set_rest,7,7.0,60052.0,306530.0,128701.0,296485.0,139297.0
2026-04-14 18:15:13.234644,843025,1609508006853636,5606823542,0.821792,0.013664,0.275232,-1.09375,0.1575,1.63625,-16.952002,26.632002,12.896001,inter_set_rest,7,7.0,60052.0,306530.0,128701.0,296485.0,139297.0
2026-04-14 18:15:13.248204,843026,1609508006868209,5606838423,0.894016,0.001952,0.316224,-0.63875,-0.48125,1.75,-16.016,26.184002,13.024,inter_set_rest,7,7.0,60052.0,306530.0,128701.0,296485.0,139297.0
2026-04-14 18:15:13.254206,843027,1609508006877131,5606847125,0.894016,0.001952,0.316224,-0.6825,-0.56,1.155,-16.016,26.184002,13.024,inter_set_rest,7,7.0,60052.0,306530.0,128701.0,296485.0,139297.0
2026-04-14 18:15:13.266720,843028,1609508006886255,5606855823,0.788608,0.050752,0.343552,-0.67375,-0.63875,0.86625,-15.320001,25.392002,11.776001,inter_set_rest,7,7.0,60052.0,306530.0,128701.0,296485.0,139297.0
2026-04-14 18:15:13.279437,843029,1609508006900783,5606870804,0.854976,-0.011712,0.26352,-1.18125,-1.18125,0.98,-14.888001,25.808,11.656,inter_set_rest,7,7.0,60052.0,306530.0,128701.0,296485.0,139297.0
2026-04-14 18:15:13.286993,843030,1609508006909789,5606879457,0.854976,-0.011712,0.26352,-1.61,-1.89,1.4525,-14.888001,25.808,11.656,inter_set_rest,7,7.0,60052.0,306530.0,128701.0,296485.0,139297.0
2026-04-14 18:15:13.324121,843041,1609508006924426,5606894377,0.895968,0.001952,0.3904,-1.60125,-2.30125,2.40625,-15.904,26.144001,12.304001,inter_set_rest,7,7.0,59922.0,306425.0,128553.0,296373.0,139160.0
2026-04-14 18:15:13.327133,843042,1609508006933425,5606903211,0.895968,0.001952,0.3904,-1.4875,-2.38,2.87875,-15.904,26.144001,12.304001,inter_set_rest,7,7.0,59922.0,306425.0,128553.0,296373.0,139160.0
2026-04-14 18:15:13.329631,843043,1609508006942401,5606911932,0.802272,0.01952,0.267424,-1.8725,-2.3975,2.8875,-16.12,25.576002,11.648001,inter_set_rest,7,7.0,59922.0,306425.0,128553.0,296373.0,139160.0
2026-04-14 18:15:13.337180,843044,1609508006956979,5606926890,0.802272,0.01952,0.267424,-2.52,-2.09125,2.40625,-16.12,25.576002,11.648001,inter_set_rest,7,7.0,59922.0,306425.0,128553.0,296373.0,139160.0
2026-04-14 18:15:13.344617,843045,1609508006965920,5606935611,0.905728,-0.01952,0.35136,-2.94875,-2.47625,2.07375,-14.672001,25.880001,11.952001,inter_set_rest,7,7.0,59922.0,306425.0,128553.0,296373.0,139160.0
2026-04-14 18:15:13.358063,843046,1609508006980443,5606950553,0.821792,0.015616,0.357216,-2.84375,-2.6075,2.03,-14.872001,26.064001,12.968,inter_set_rest,7,7.0,59922.0,306425.0,128553.0,296373.0,139160.0
2026-04-14 18:15:13.391132,843047,1609508006989390,5606959259,0.821792,0.015616,0.357216,-3.325,-3.01,2.1175,-14.872001,26.064001,12.968,inter_set_rest,7,7.0,59922.0,306425.0,128553.0,296373.0,139160.0
2026-04-14 18:15:13.393238,843048,1609508007003926,5606974126,0.872544,-0.03904,0.228384,-4.13875,-3.6225,1.8725,-15.912001,26.304,14.360001,inter_set_rest,7,7.0,59922.0,306425.0,128553.0,296373.0,139160.0
2026-04-14 18:15:13.395688,843049,1609508007012944,5606982829,0.872544,-0.03904,0.228384,-4.375,-3.5875,1.82,-15.912001,26.304,14.360001,inter_set_rest,7,7.0,59922.0,306425.0,128553.0,296373.0,139160.0
2026-04-14 18:15:13.420815,843050,1609508007021905,5606991550,0.798368,0.0,0.25376,-4.585,-3.03625,1.505,-16.256,26.576002,12.56,inter_set_rest,7,7.0,59922.0,306425.0,128553.0,296373.0,139160.0
2026-04-14 18:15:13.500667,843061,1609508007036455,5607006503,0.798368,0.0,0.25376,-5.39,-2.8525,0.72625,-16.256,26.576002,12.56,inter_set_rest,7,7.0,59717.0,306770.0,128226.0,296623.0,138816.0
2026-04-14 18:15:13.503273,843062,1609508007045406,5607015185,0.892064,-0.037088,0.32208,-4.55875,-2.8875,1.04125,-15.888001,26.080002,12.528001,inter_set_rest,7,7.0,59717.0,306770.0,128226.0,296623.0,138816.0
2026-04-14 18:15:13.505311,843063,1609508007059869,5607030115,0.892064,0.021472,0.365024,-3.43875,-3.54375,0.8925,-15.888001,26.080002,12.528001,inter_set_rest,7,7.0,59717.0,306770.0,128226.0,296623.0,138816.0
2026-04-14 18:15:13.507978,843064,1609508007068777,5607038782,0.817888,0.021472,0.365024,-2.59,-4.38375,0.525,-15.632001,26.712002,12.576,inter_set_rest,7,7.0,59717.0,306770.0,128226.0,296623.0,138816.0
2026-04-14 18:15:13.510336,843065,1609508007083359,5607053695,0.84912,0.007808,0.38064,-2.7825,-3.84125,0.20125,-15.432001,26.320002,12.448001,inter_set_rest,7,7.0,59717.0,306770.0,128226.0,296623.0,138816.0
2026-04-14 18:15:13.513229,843066,1609508007092336,5607062413,0.84912,0.007808,0.38064,-4.305,-4.0775,-0.20125,-15.432001,26.320002,12.448001,inter_set_rest,7,7.0,59717.0,306770.0,128226.0,296623.0,138816.0
2026-04-14 18:15:13.515714,843067,1609508007101293,5607071157,0.89792,-0.03904,0.27328,-3.78875,-3.70125,-0.1925,-15.608001,26.408,11.360001,inter_set_rest,7,7.0,59717.0,306770.0,128226.0,296623.0,138816.0
2026-04-14 18:15:13.518257,843068,1609508007116038,5607086105,0.89792,-0.03904,0.27328,-3.87625,-3.77125,-0.175,-15.608001,26.408,11.360001,inter_set_rest,7,7.0,59717.0,306770.0,128226.0,296623.0,138816.0
2026-04-14 18:15:13.550757,843079,1609508007125467,5607095212,0.905728,-0.023424,0.398208,-3.70125,-3.59625,0.07,-15.280001,26.272001,11.328,inter_set_rest,7,7.0,60062.0,306934.0,128704.0,296691.0,139340.0
2026-04-14 18:15:13.550919,843080,1609508007134467,5607103974,0.905728,-0.023424,0.398208,-2.9925,-3.73625,0.1575,-15.280001,26.272001,11.328,inter_set_rest,7,7.0,60062.0,306934.0,128704.0,296691.0,139340.0
2026-04-14 18:15:13.553548,843081,1609508007149153,5607118972,0.901824,-0.031232,0.40016,-2.66875,-3.66625,0.23625,-14.776001,25.880001,11.848001,inter_set_rest,7,7.0,60062.0,306934.0,128704.0,296691.0,139340.0
2026-04-14 18:15:13.555381,843082,1609508007158362,5607127646,0.901824,-0.031232,0.40016,-3.84125,-3.82375,0.945,-14.776001,25.880001,11.848001,inter_set_rest,7,7.0,60062.0,306934.0,128704.0,296691.0,139340.0
2026-04-14 18:15:13.558318,843083,1609508007172875,5607142620,0.921344,-0.037088,0.42944,-4.97,-3.85875,1.2425,-15.144001,26.224,10.096001,inter_set_rest,7,7.0,60062.0,306934.0,128704.0,296691.0,139340.0
2026-04-14 18:15:13.560723,843084,1609508007181952,5607151316,0.833504,-0.031232,0.286944,-6.125,-3.82375,2.03875,-14.64,25.952002,11.824,inter_set_rest,7,7.0,60062.0,306934.0,128704.0,296691.0,139340.0
2026-04-14 18:15:13.574595,843085,1609508007196513,5607166289,0.833504,-0.031232,0.286944,-6.51875,-4.55,2.6775,-14.64,25.952002,11.824,inter_set_rest,7,7.0,60062.0,306934.0,128704.0,296691.0,139340.0
2026-04-14 18:15:13.583061,843086,1609508007205638,5607174985,0.815936,-0.01952,0.230336,-5.74,-4.6725,2.51125,-15.672001,26.320002,11.912001,inter_set_rest,7,7.0,60062.0,306934.0,128704.0,296691.0,139340.0
2026-04-14 18:15:13.593389,843087,1609508007214656,5607183682,0.815936,-0.01952,0.230336,-4.795,-5.075,2.51125,-15.672001,26.320002,11.912001,inter_set_rest,7,7.0,60062.0,306934.0,128704.0,296691.0,139340.0
2026-04-14 18:15:13.627147,843098,1609508007229269,5607198589,0.911584,-0.025376,0.427488,-4.50625,-5.22375,2.12625,-14.896001,26.176,11.408001,inter_set_rest,7,7.0,60277.0,307414.0,128971.0,297063.0,139627.0
2026-04-14 18:15:13.629641,843099,1609508007238247,5607207401,0.911584,-0.025376,0.427488,-4.69875,-5.6,1.77625,-14.896001,26.176,11.408001,inter_set_rest,7,7.0,60277.0,307414.0,128971.0,297063.0,139627.0
2026-04-14 18:15:13.632186,843100,1609508007252838,5607222506,0.81984,-0.037088,0.181536,-4.78625,-5.52125,1.435,-15.584001,26.656002,12.472,inter_set_rest,7,7.0,60277.0,307414.0,128971.0,297063.0,139627.0
2026-04-14 18:15:13.643283,843101,1609508007261824,5607231277,0.864736,-0.013664,0.427488,-4.50625,-4.78625,1.53125,-15.656001,26.752,12.256001,inter_set_rest,7,7.0,60277.0,307414.0,128971.0,297063.0,139627.0
2026-04-14 18:15:13.647882,843102,1609508007270758,5607239981,0.864736,-0.013664,0.427488,-4.26125,-4.34,1.89875,-15.656001,26.752,12.256001,inter_set_rest,7,7.0,60277.0,307414.0,128971.0,297063.0,139627.0
2026-04-14 18:15:13.663261,843103,1609508007285295,5607254930,0.913536,-0.042944,0.376736,-4.2175,-3.78875,1.75,-14.664001,26.560001,12.136001,inter_set_rest,7,7.0,60277.0,307414.0,128971.0,297063.0,139627.0
2026-04-14 18:15:13.673391,843104,1609508007294287,5607263645,0.913536,-0.042944,0.376736,-5.39875,-3.15,1.07625,-14.664001,26.560001,12.136001,inter_set_rest,7,7.0,60277.0,307414.0,128971.0,297063.0,139627.0
2026-04-14 18:15:13.689708,843105,1609508007308791,5607278601,0.884256,-0.042944,0.236192,-5.31125,-2.30125,1.02375,-15.472001,26.36,11.752001,inter_set_rest,7,7.0,60277.0,307414.0,128971.0,297063.0,139627.0
2026-04-14 18:15:13.695571,843106,1609508007317721,5607287353,0.884256,-0.042944,0.236192,-5.03125,-2.31875,1.12,-15.472001,26.36,11.752001,inter_set_rest,7,7.0,60277.0,307414.0,128971.0,297063.0,139627.0
2026-04-14 18:15:13.729577,843117,1609508007332277,5607302524,0.903776,-0.046848,0.386496,-4.26125,-1.77625,0.805,-15.008,26.504002,11.296001,inter_set_rest,7,7.0,60717.0,308029.0,129611.0,297539.0,140274.0
2026-04-14 18:15:13.729948,843118,1609508007341330,5607311238,0.903776,-0.046848,0.386496,-4.3225,-1.05875,0.175,-15.008,26.504002,11.296001,inter_set_rest,7,7.0,60717.0,308029.0,129611.0,297539.0,140274.0
2026-04-14 18:15:13.731655,843119,1609508007350272,5607319926,0.8296,-0.056608,0.158112,-4.43625,-1.44375,0.0,-14.488001,26.424002,12.376,inter_set_rest,7,7.0,60717.0,308029.0,129611.0,297539.0,140274.0
2026-04-14 18:15:13.760449,843120,1609508007364793,5607334990,0.837408,-0.011712,0.355264,-4.31375,-1.3125,-0.2625,-14.464001,26.368002,10.984,inter_set_rest,7,7.0,60717.0,308029.0,129611.0,297539.0,140274.0
2026-04-14 18:15:13.762990,843121,1609508007373737,5607343690,0.837408,-0.011712,0.355264,-3.92875,-1.86375,-1.0325,-14.464001,26.368002,10.984,inter_set_rest,7,7.0,60717.0,308029.0,129611.0,297539.0,140274.0
2026-04-14 18:15:13.790562,843122,1609508007388260,5607358597,0.909632,-0.037088,0.411872,-3.14125,-2.40625,-1.39125,-16.136002,26.816002,13.384001,inter_set_rest,7,7.0,60717.0,308029.0,129611.0,297539.0,140274.0
2026-04-14 18:15:13.798171,843123,1609508007397229,5607367273,0.909632,-0.037088,0.411872,-3.12375,-3.3075,-1.75,-16.136002,26.816002,13.384001,inter_set_rest,7,7.0,60717.0,308029.0,129611.0,297539.0,140274.0
2026-04-14 18:15:13.800662,843124,1609508007406176,5607376040,0.854976,-0.025376,0.327936,-2.73,-3.59625,-1.98625,-16.576,26.912,12.280001,inter_set_rest,7,7.0,60717.0,308029.0,129611.0,297539.0,140274.0
2026-04-14 18:15:13.803113,843125,1609508007420648,5607390979,0.854976,-0.025376,0.327936,-2.415,-3.28125,-2.2575,-16.576,26.912,12.280001,inter_set_rest,7,7.0,60717.0,308029.0,129611.0,297539.0,140274.0
2026-04-14 18:15:13.830262,843136,1609508007429913,5607399805,0.925248,-0.05856,0.366976,-2.89625,-2.835,-2.3275,-15.488001,26.696001,9.728001,inter_set_rest,7,7.0,60805.0,308202.0,129704.0,297660.0,140396.0
2026-04-14 18:15:13.832934,843137,1609508007444531,5607414867,0.913536,-0.056608,0.349408,-3.10625,-2.52,-2.03875,-15.56,26.536001,12.072001,inter_set_rest,7,7.0,60805.0,308202.0,129704.0,297660.0,140396.0
2026-04-14 18:15:13.835434,843138,1609508007453540,5607423619,0.913536,-0.056608,0.349408,-2.765,-1.72375,-1.67125,-15.56,26.536001,12.072001,inter_set_rest,7,7.0,60805.0,308202.0,129704.0,297660.0,140396.0
2026-04-14 18:15:13.845430,843139,1609508007468152,5607436521,0.915488,-0.064416,0.300608,-2.28375,-1.04125,-1.225,-15.360001,26.824001,12.176001,inter_set_rest,7,7.0,60805.0,308202.0,129704.0,297660.0,140396.0
2026-04-14 18:15:13.856746,843140,1609508007477499,5607447305,0.915488,-0.064416,0.300608,-2.6075,-0.32375,-1.0675,-15.360001,26.824001,12.176001,inter_set_rest,7,7.0,60805.0,308202.0,129704.0,297660.0,140396.0
2026-04-14 18:15:13.864190,843141,1609508007486604,5607455996,0.911584,-0.060512,0.32208,-2.28375,0.09625,-0.86625,-15.744,26.744001,11.936001,inter_set_rest,7,7.0,60805.0,308202.0,129704.0,297660.0,140396.0
2026-04-14 18:15:13.880436,843142,1609508007501107,5607470885,0.911584,-0.060512,0.32208,-2.3275,0.16625,-0.945,-15.744,26.744001,11.936001,inter_set_rest,7,7.0,60805.0,308202.0,129704.0,297660.0,140396.0
2026-04-14 18:15:13.886796,843143,1609508007510056,5607479584,0.903776,-0.044896,0.33184,-2.6775,0.35875,-1.4175,-15.616001,26.6,11.808001,inter_set_rest,7,7.0,60805.0,308202.0,129704.0,297660.0,140396.0
2026-04-14 18:15:13.903166,843144,1609508007524618,5607494513,0.843264,-0.021472,0.279136,-2.94875,-0.25375,-1.54875,-14.952001,26.576002,10.664001,inter_set_rest,7,7.0,60805.0,308202.0,129704.0,297660.0,140396.0
2026-04-14 18:15:13.930327,843155,1609508007533614,5607503313,0.843264,-0.021472,0.279136,-3.1325,-0.76125,-1.33,-14.952001,26.576002,10.664001,inter_set_rest,7,7.0,61692.0,308779.0,130924.0,298138.0,141674.0
2026-04-14 18:15:13.932778,843156,1609508007542718,5607512041,0.843264,-0.021472,0.357216,-2.1,-1.085,-1.49625,-14.952001,26.576002,10.664001,inter_set_rest,7,7.0,61692.0,308779.0,130924.0,298138.0,141674.0
2026-04-14 18:15:13.935188,843157,1609508007557257,5607526982,0.876448,-0.01952,0.343552,-1.505,-1.33875,-1.89,-14.552001,26.384,11.848001,inter_set_rest,7,7.0,61692.0,308779.0,130924.0,298138.0,141674.0
2026-04-14 18:15:13.942963,843158,1609508007566225,5607535708,0.915488,-0.052704,0.31232,-1.5225,-2.1875,-2.17875,-14.704,26.192001,11.352,inter_set_rest,7,7.0,61692.0,308779.0,130924.0,298138.0,141674.0
2026-04-14 18:15:13.958118,843159,1609508007580751,5607550657,0.915488,-0.052704,0.31232,-2.0825,-1.995,-2.52,-14.704,26.192001,11.352,inter_set_rest,7,7.0,61692.0,308779.0,130924.0,298138.0,141674.0
2026-04-14 18:15:13.969359,843160,1609508007589693,5607559337,0.85888,-0.023424,0.339648,-3.15,-2.24,-2.72125,-15.576001,26.384,11.392,inter_set_rest,7,7.0,61692.0,308779.0,130924.0,298138.0,141674.0
2026-04-14 18:15:13.976841,843161,1609508007598622,5607568027,0.85888,-0.023424,0.339648,-3.0975,-1.96,-2.35375,-15.576001,26.384,11.392,inter_set_rest,7,7.0,61692.0,308779.0,130924.0,298138.0,141674.0
2026-04-14 18:15:13.990441,843162,1609508007613143,5607582971,0.853024,-0.017568,0.374784,-3.26375,-2.1525,-1.88125,-15.088,26.352001,11.280001,inter_set_rest,7,7.0,61692.0,308779.0,130924.0,298138.0,141674.0
2026-04-14 18:15:13.999651,843163,1609508007622111,5607591689,0.853024,-0.017568,0.374784,-3.2375,-2.56375,-1.3825,-15.088,26.352001,11.280001,inter_set_rest,7,7.0,61692.0,308779.0,130924.0,298138.0,141674.0
2026-04-14 18:15:14.053361,843174,1609508007636905,5607606691,0.876448,-0.046848,0.249856,-3.08875,-2.8,-0.91875,-14.736001,26.648,9.376,inter_set_rest,7,7.0,61344.0,308542.0,130456.0,297895.0,141211.0
2026-04-14 18:15:14.055895,843175,1609508007645981,5607615410,0.853024,-0.015616,0.353312,-3.03625,-2.6775,-1.19875,-14.696001,26.208002,11.072001,inter_set_rest,7,7.0,61344.0,308542.0,130456.0,297895.0,141211.0
2026-04-14 18:15:14.058419,843176,1609508007660474,5607630303,0.853024,-0.015616,0.353312,-2.87875,-2.51125,-1.6975,-14.696001,26.208002,11.072001,inter_set_rest,7,7.0,61344.0,308542.0,130456.0,297895.0,141211.0
2026-04-14 18:15:14.060839,843177,1609508007669392,5607639021,0.870592,-0.054656,0.193248,-2.52875,-2.17,-2.23125,-14.808001,26.840002,12.000001,inter_set_rest,7,7.0,61344.0,308542.0,130456.0,297895.0,141211.0
2026-04-14 18:15:14.063355,843178,1609508007678545,5607647899,0.870592,-0.054656,0.193248,-2.23125,-1.645,-1.96,-14.808001,26.840002,12.000001,inter_set_rest,7,7.0,61344.0,308542.0,130456.0,297895.0,141211.0
2026-04-14 18:15:14.070483,843179,1609508007693049,5607662860,0.876448,-0.056608,0.177632,-2.05625,-1.0675,-2.1525,-15.432001,26.52,11.968,inter_set_rest,7,7.0,61344.0,308542.0,130456.0,297895.0,141211.0
2026-04-14 18:15:14.080886,843180,1609508007702027,5607671546,0.876448,-0.056608,0.177632,-2.4675,-0.665,-1.89,-15.432001,26.52,11.968,inter_set_rest,7,7.0,61344.0,308542.0,130456.0,297895.0,141211.0
2026-04-14 18:15:14.097114,843181,1609508007716534,5607686510,0.831552,-0.003904,0.324032,-2.8,-0.18375,-1.91625,-15.216001,26.680002,9.080001,inter_set_rest,7,7.0,61344.0,308542.0,130456.0,297895.0,141211.0
2026-04-14 18:15:14.127018,843182,1609508007725579,5607695204,0.812032,-0.023424,0.199104,-3.605,0.98875,-2.35375,-14.936001,26.44,9.128,inter_set_rest,7,7.0,61344.0,308542.0,130456.0,297895.0,141211.0
2026-04-14 18:15:14.196616,843193,1609508007734724,5607703966,0.812032,-0.023424,0.199104,-4.01625,1.26875,-2.65125,-14.936001,26.44,9.128,inter_set_rest,7,7.0,62400.0,309071.0,132004.0,298377.0,142809.0
2026-04-14 18:15:14.201258,843194,1609508007749233,5607718859,0.794464,-0.007808,0.23424,-4.5325,1.51375,-2.49375,-14.6,26.240002,11.064,inter_set_rest,7,7.0,62400.0,309071.0,132004.0,298377.0,142809.0
2026-04-14 18:15:14.201402,843195,1609508007758316,5607727583,0.794464,-0.007808,0.23424,-2.4325,1.2425,-3.045,-14.6,26.240002,11.064,inter_set_rest,7,7.0,62400.0,309071.0,132004.0,298377.0,142809.0
2026-04-14 18:15:14.204282,843196,1609508007772889,5607742532,0.874496,-0.035136,0.325984,-0.95375,1.00625,-3.5,-14.920001,26.288002,11.224001,inter_set_rest,7,7.0,62400.0,309071.0,132004.0,298377.0,142809.0
2026-04-14 18:15:14.211973,843197,1609508007781807,5607751211,0.874496,-0.035136,0.325984,-2.1525,0.63875,-3.185,-14.920001,26.288002,11.224001,inter_set_rest,7,7.0,62400.0,309071.0,132004.0,298377.0,142809.0
2026-04-14 18:15:14.214589,843198,1609508007796302,5607766131,0.860832,-0.052704,0.15616,-1.75875,0.48125,-3.42125,-14.832001,26.680002,10.656,inter_set_rest,7,7.0,62400.0,309071.0,132004.0,298377.0,142809.0
2026-04-14 18:15:14.216977,843199,1609508007805252,5607774829,0.933056,-0.037088,0.406016,-1.68875,0.44625,-3.1675,-14.728001,26.704,7.880001,inter_set_rest,7,7.0,62400.0,309071.0,132004.0,298377.0,142809.0
2026-04-14 18:15:14.219490,843200,1609508007814352,5607783593,0.933056,-0.037088,0.406016,-2.59,0.76125,-3.52625,-14.728001,26.704,7.880001,inter_set_rest,7,7.0,62400.0,309071.0,132004.0,298377.0,142809.0
2026-04-14 18:15:14.247142,843211,1609508007829457,5607799047,0.886208,-0.05856,0.17568,-2.86125,1.49625,-3.71875,-14.864,26.328001,10.968,inter_set_rest,7,7.0,63220.0,309735.0,133050.0,298960.0,143900.0
2026-04-14 18:15:14.249669,843212,1609508007838643,5607807763,0.886208,-0.05856,0.17568,-3.0275,1.25125,-3.955,-14.864,26.328001,10.968,inter_set_rest,7,7.0,63220.0,309735.0,133050.0,298960.0,143900.0
2026-04-14 18:15:14.251613,843213,1609508007847667,5607816477,0.856928,-0.033184,0.232288,-2.765,1.6975,-3.605,-14.656001,26.384,11.872001,inter_set_rest,7,7.0,63220.0,309735.0,133050.0,298960.0,143900.0
2026-04-14 18:15:14.254210,843214,1609508007862801,5607831483,0.856928,-0.033184,0.232288,-3.12375,2.10875,-3.50875,-14.656001,26.384,11.872001,inter_set_rest,7,7.0,63220.0,309735.0,133050.0,298960.0,143900.0
2026-04-14 18:15:14.257003,843215,1609508007872135,5607842280,0.85888,-0.007808,0.38064,-2.94,2.17875,-3.3425,-15.256001,26.792002,11.912001,inter_set_rest,7,7.0,63220.0,309735.0,133050.0,298960.0,143900.0
2026-04-14 18:15:14.264453,843216,1609508007886821,5607855217,0.864736,-0.00976,0.382592,-2.59875,2.8175,-2.91375,-15.432001,26.656002,10.992001,inter_set_rest,7,7.0,63220.0,309735.0,133050.0,298960.0,143900.0
2026-04-14 18:15:14.275873,843217,1609508007896174,5607866029,0.864736,-0.00976,0.382592,-2.9575,3.52625,-2.19625,-15.432001,26.656002,10.992001,inter_set_rest,7,7.0,63220.0,309735.0,133050.0,298960.0,143900.0
2026-04-14 18:15:14.283482,843218,1609508007905148,5607874732,0.864736,-0.00976,0.310368,-2.94,3.605,-1.44375,-15.432001,26.656002,10.992001,inter_set_rest,7,7.0,63220.0,309735.0,133050.0,298960.0,143900.0
2026-04-14 18:15:14.298233,843219,1609508007919672,5607889626,0.815936,0.003904,0.310368,-3.29,3.325,-0.665,-14.672001,26.36,10.960001,inter_set_rest,7,7.0,63220.0,309735.0,133050.0,298960.0,143900.0
2026-04-14 18:15:14.333442,843230,1609508007928626,5607898299,0.919392,-0.027328,0.406016,-4.20875,3.535,-0.07875,-14.368001,26.640001,10.784,inter_set_rest,7,7.0,64173.0,310299.0,134414.0,299491.0,145364.0
2026-04-14 18:15:14.335887,843231,1609508007943578,5607913227,0.919392,-0.027328,0.406016,-5.32,3.17625,0.1575,-14.368001,26.640001,10.784,inter_set_rest,7,7.0,64173.0,310299.0,134414.0,299491.0,145364.0
2026-04-14 18:15:14.338097,843232,1609508007952533,5607921916,0.823744,-0.001952,0.316224,-5.6525,3.0975,0.39375,-14.808001,26.488,10.872001,inter_set_rest,7,7.0,64173.0,310299.0,134414.0,299491.0,145364.0
2026-04-14 18:15:14.340697,843233,1609508007961520,5607930621,0.823744,-0.001952,0.316224,-6.1425,3.52625,0.34125,-14.808001,26.488,10.872001,inter_set_rest,7,7.0,64173.0,310299.0,134414.0,299491.0,145364.0
2026-04-14 18:15:14.353354,843234,1609508007976049,5607945588,0.794464,-0.01952,0.201056,-5.04,3.78875,0.0,-14.328001,26.856,11.288,inter_set_rest,7,7.0,64173.0,310299.0,134414.0,299491.0,145364.0
2026-04-14 18:15:14.363401,843235,1609508007985190,5607954272,0.794464,-0.01952,0.201056,-4.305,3.15875,-0.63,-14.328001,26.856,11.288,inter_set_rest,7,7.0,64173.0,310299.0,134414.0,299491.0,145364.0
2026-04-14 18:15:14.379642,843236,1609508007999844,5607969190,0.794464,-0.023424,0.206912,-4.19125,3.045,-0.945,-14.352,26.952002,11.792001,inter_set_rest,7,7.0,64173.0,310299.0,134414.0,299491.0,145364.0
2026-04-14 18:15:14.386741,843237,1609508008008779,5607977879,0.796416,-0.035136,0.173728,-4.33125,2.5375,-1.28625,-14.112,26.752,10.688001,inter_set_rest,7,7.0,64173.0,310299.0,134414.0,299491.0,145364.0
2026-04-14 18:15:14.395442,843238,1609508008017772,5607986572,0.796416,-0.035136,0.173728,-4.71625,2.24,-1.35625,-14.112,26.752,10.688001,inter_set_rest,7,7.0,64173.0,310299.0,134414.0,299491.0,145364.0
2026-04-14 18:15:14.433082,843249,1609508008033284,5608003613,0.796416,-0.027328,0.201056,-5.38125,1.75875,-1.365,-14.272,26.680002,10.936001,inter_set_rest,7,7.0,65017.0,310896.0,135498.0,299983.0,146473.0
2026-04-14 18:15:14.435861,843250,1609508008042275,5608012362,0.796416,-0.027328,0.201056,-5.59125,1.53125,-1.54875,-14.272,26.680002,10.936001,inter_set_rest,7,7.0,65017.0,310896.0,135498.0,299983.0,146473.0
2026-04-14 18:15:14.438320,843251,1609508008056813,5608025448,0.802272,-0.027328,0.259616,-5.45125,1.4525,-1.81125,-14.536,26.560001,12.064,inter_set_rest,7,7.0,65017.0,310896.0,135498.0,299983.0,146473.0
2026-04-14 18:15:14.445391,843252,1609508008066154,5608036267,0.802272,-0.027328,0.433344,-5.5825,0.7875,-1.58375,-14.536,26.560001,12.064,inter_set_rest,7,7.0,65017.0,310896.0,135498.0,299983.0,146473.0
2026-04-14 18:15:14.453393,843253,1609508008075210,5608045081,0.899872,-0.037088,0.433344,-4.85625,-0.2975,-1.47875,-14.904,26.896002,11.392,inter_set_rest,7,7.0,65017.0,310896.0,135498.0,299983.0,146473.0
2026-04-14 18:15:14.469645,843254,1609508008089734,5608059977,0.837408,-0.023424,0.37088,-5.04,-0.6125,-1.93375,-15.200001,26.624,10.928,inter_set_rest,7,7.0,65017.0,310896.0,135498.0,299983.0,146473.0
2026-04-14 18:15:14.494502,843255,1609508008098842,5608068774,0.837408,-0.023424,0.37088,-5.20625,-0.4025,-2.2575,-15.200001,26.624,10.928,inter_set_rest,7,7.0,65017.0,310896.0,135498.0,299983.0,146473.0
2026-04-14 18:15:14.525028,843256,1609508008113320,5608083654,0.890112,-0.042944,0.41968,-5.3375,-0.51625,-2.17,-14.288001,26.728,10.84,inter_set_rest,7,7.0,65017.0,310896.0,135498.0,299983.0,146473.0
2026-04-14 18:15:14.527116,843257,1609508008122256,5608092397,0.890112,-0.042944,0.41968,-4.8825,-0.2275,-2.2575,-14.288001,26.728,10.84,inter_set_rest,7,7.0,65017.0,310896.0,135498.0,299983.0,146473.0
2026-04-14 18:15:14.554169,843268,1609508008131326,5608101301,0.806176,-0.03904,0.236192,-4.22625,0.0175,-2.6075,-14.472001,26.912,10.904,inter_set_rest,7,7.0,64783.0,310944.0,135227.0,300035.0,146206.0
2026-04-14 18:15:14.556688,843269,1609508008145981,5608116210,0.806176,-0.03904,0.236192,-3.56125,0.16625,-2.82625,-14.472001,26.912,10.904,inter_set_rest,7,7.0,64783.0,310944.0,135227.0,300035.0,146206.0
2026-04-14 18:15:14.559611,843270,1609508008154937,5608124936,0.83936,-0.025376,0.357216,-3.0625,0.56,-2.485,-14.168,26.896002,10.8,inter_set_rest,7,7.0,64783.0,310944.0,135227.0,300035.0,146206.0
2026-04-14 18:15:14.564298,843271,1609508008169541,5608137997,0.808128,-0.027328,0.275232,-3.42125,0.53375,-2.3275,-14.264001,26.688002,10.784,inter_set_rest,7,7.0,64783.0,310944.0,135227.0,300035.0,146206.0
2026-04-14 18:15:14.567140,843272,1609508008178848,5608148758,0.808128,-0.027328,0.275232,-3.14125,0.63875,-2.24875,-14.264001,26.688002,10.784,inter_set_rest,7,7.0,64783.0,310944.0,135227.0,300035.0,146206.0
2026-04-14 18:15:14.571159,843273,1609508008187950,5608157583,0.80032,-0.015616,0.259616,-1.09375,0.69125,-2.44125,-14.432001,26.800001,10.264001,inter_set_rest,7,7.0,64783.0,310944.0,135227.0,300035.0,146206.0
2026-04-14 18:15:14.582111,843274,1609508008202546,5608172509,0.80032,-0.015616,0.259616,0.0175,0.6475,-2.625,-14.432001,26.800001,10.264001,inter_set_rest,7,7.0,64783.0,310944.0,135227.0,300035.0,146206.0
2026-04-14 18:15:14.592007,843275,1609508008211495,5608181213,0.812032,-0.0488,0.163968,0.41125,0.83125,-2.23125,-14.456,26.736002,10.896001,inter_set_rest,7,7.0,64783.0,310944.0,135227.0,300035.0,146206.0
2026-04-14 18:15:14.603228,843276,1609508008226020,5608196138,0.812032,-0.0488,0.163968,0.06125,0.63,-1.8025,-14.456,26.736002,10.896001,inter_set_rest,7,7.0,64783.0,310944.0,135227.0,300035.0,146206.0
2026-04-14 18:15:14.634666,843287,1609508008235081,5608204911,0.851072,-0.01952,0.394304,-0.6825,0.42,-0.95375,-14.240001,26.968,12.864,inter_set_rest,7,7.0,65784.0,311958.0,136468.0,300831.0,147542.0
2026-04-14 18:15:14.636675,843288,1609508008244186,5608213721,0.851072,-0.01952,0.394304,-1.37375,-0.2975,-0.35875,-14.240001,26.968,12.864,inter_set_rest,7,7.0,65784.0,311958.0,136468.0,300831.0,147542.0
2026-04-14 18:15:14.639638,843289,1609508008258726,5608228671,0.895968,-0.040992,0.411872,-1.19,0.25375,-1.14625,-14.528001,27.104002,12.176001,inter_set_rest,7,7.0,65784.0,311958.0,136468.0,300831.0,147542.0
2026-04-14 18:15:14.645911,843290,1609508008267665,5608237395,0.895968,-0.0488,0.177632,-1.3825,0.60375,-1.60125,-14.528001,27.104002,12.176001,inter_set_rest,7,7.0,65784.0,311958.0,136468.0,300831.0,147542.0
2026-04-14 18:15:14.676481,843291,1609508008282202,5608252297,0.81984,-0.0488,0.177632,-1.72375,0.56,-2.135,-15.176001,27.088001,12.696001,inter_set_rest,7,7.0,65784.0,311958.0,136468.0,300831.0,147542.0
2026-04-14 18:15:14.676928,843292,1609508008291127,5608260987,0.864736,-0.042944,0.363072,-2.00375,0.49,-2.03,-14.304001,26.768002,10.848001,inter_set_rest,7,7.0,65784.0,311958.0,136468.0,300831.0,147542.0
2026-04-14 18:15:14.683236,843293,1609508008305737,5608275920,0.864736,-0.042944,0.363072,-2.47625,0.9625,-1.26875,-14.304001,26.768002,10.848001,inter_set_rest,7,7.0,65784.0,311958.0,136468.0,300831.0,147542.0
2026-04-14 18:15:14.693066,843294,1609508008314705,5608284623,0.895968,-0.085888,0.257664,-1.925,0.72625,-0.5775,-13.936001,26.44,10.472,inter_set_rest,7,7.0,65784.0,311958.0,136468.0,300831.0,147542.0
2026-04-14 18:15:14.702032,843295,1609508008323672,5608293314,0.895968,-0.085888,0.257664,-1.3475,1.4175,0.2975,-13.936001,26.44,10.472,inter_set_rest,7,7.0,65784.0,311958.0,136468.0,300831.0,147542.0
2026-04-14 18:15:14.734664,843306,1609508008338263,5608308252,0.895968,-0.037088,0.42944,-1.015,1.47875,0.09625,-14.200001,26.664001,11.912001,inter_set_rest,7,7.0,66797.0,314072.0,137648.0,302567.0,148686.0
2026-04-14 18:15:14.737256,843307,1609508008347427,5608317046,0.895968,-0.037088,0.42944,-0.46375,0.9975,0.16625,-14.200001,26.664001,11.912001,inter_set_rest,7,7.0,66797.0,314072.0,137648.0,302567.0,148686.0
2026-04-14 18:15:14.740523,843308,1609508008362058,5608331978,0.866688,-0.035136,0.402112,-1.09375,0.51625,0.1925,-15.64,27.176,13.304001,inter_set_rest,7,7.0,66797.0,314072.0,137648.0,302567.0,148686.0
2026-04-14 18:15:14.750901,843309,1609508008371049,5608340693,0.83936,-0.031232,0.327936,-1.3825,0.07875,0.27125,-14.816001,26.448002,10.976001,inter_set_rest,7,7.0,66797.0,314072.0,137648.0,302567.0,148686.0
2026-04-14 18:15:14.758716,843310,1609508008379990,5608349365,0.83936,-0.031232,0.327936,-1.25125,-0.35,0.56875,-14.816001,26.448002,10.976001,inter_set_rest,7,7.0,66797.0,314072.0,137648.0,302567.0,148686.0
2026-04-14 18:15:14.773244,843311,1609508008394487,5608364301,0.837408,-0.07808,0.17568,-1.82,-0.07875,0.14875,-14.056001,26.720001,10.936001,inter_set_rest,7,7.0,66797.0,314072.0,137648.0,302567.0,148686.0
2026-04-14 18:15:14.780679,843312,1609508008403423,5608373005,0.837408,-0.07808,0.17568,-2.345,0.58625,0.0,-14.056001,26.720001,10.936001,inter_set_rest,7,7.0,66797.0,314072.0,137648.0,302567.0,148686.0
2026-04-14 18:15:14.795734,843313,1609508008418033,5608387913,0.835456,-0.044896,0.36112,-1.82875,1.1025,-0.7,-14.448001,26.560001,10.848001,inter_set_rest,7,7.0,66797.0,314072.0,137648.0,302567.0,148686.0
2026-04-14 18:15:14.807134,843314,1609508008426969,5608396632,0.835456,-0.044896,0.36112,-0.9975,1.91625,-0.62125,-14.448001,26.560001,10.848001,inter_set_rest,7,7.0,66797.0,314072.0,137648.0,302567.0,148686.0
2026-04-14 18:15:14.834294,843325,1609508008441605,5608411660,0.817888,-0.050752,0.255712,0.14875,2.09125,-0.7175,-14.112,26.824001,11.104,inter_set_rest,7,7.0,65811.0,313594.0,136383.0,302159.0,147440.0
2026-04-14 18:15:14.836707,843326,1609508008450639,5608420396,0.886208,-0.044896,0.413824,1.4525,1.9425,-1.12,-14.984001,26.816002,11.208,inter_set_rest,7,7.0,65811.0,313594.0,136383.0,302159.0,147440.0
2026-04-14 18:15:14.862946,843327,1609508008459587,5608429219,0.886208,-0.044896,0.413824,1.7325,2.40625,-1.8025,-14.984001,26.816002,11.208,inter_set_rest,7,7.0,65811.0,313594.0,136383.0,302159.0,147440.0
2026-04-14 18:15:14.887042,843328,1609508008474072,5608444110,0.874496,-0.070272,0.296704,1.785,2.31875,-2.275,-14.448001,26.352001,11.064,inter_set_rest,7,7.0,65811.0,313594.0,136383.0,302159.0,147440.0
2026-04-14 18:15:14.894504,843329,1609508008483014,5608452804,0.874496,-0.070272,0.296704,2.30125,2.5725,-2.72125,-14.448001,26.352001,11.064,inter_set_rest,7,7.0,65811.0,313594.0,136383.0,302159.0,147440.0
2026-04-14 18:15:14.896528,843330,1609508008497469,5608467696,0.884256,-0.07808,0.2928,1.95125,2.73,-3.0975,-13.904,26.864002,11.040001,inter_set_rest,7,7.0,65811.0,313594.0,136383.0,302159.0,147440.0
2026-04-14 18:15:14.899142,843331,1609508008506377,5608476375,0.884256,-0.07808,0.2928,2.38875,3.2725,-3.01875,-13.904,26.864002,11.040001,inter_set_rest,7,7.0,65811.0,313594.0,136383.0,302159.0,147440.0
2026-04-14 18:15:14.902163,843332,1609508008520989,5608491247,0.872544,-0.046848,0.423584,2.61625,3.24625,-2.94,-13.960001,26.336,11.064,inter_set_rest,7,7.0,65811.0,313594.0,136383.0,302159.0,147440.0
2026-04-14 18:15:14.908360,843333,1609508008529941,5608500047,0.913536,-0.081984,0.35136,2.24,3.15875,-3.3775,-13.832001,26.592001,12.68,inter_set_rest,7,7.0,65811.0,313594.0,136383.0,302159.0,147440.0
2026-04-14 18:15:14.935920,843344,1609508008539017,5608508927,0.913536,-0.081984,0.35136,2.2925,2.96625,-3.4475,-13.832001,26.592001,12.68,inter_set_rest,7,7.0,65826.0,313429.0,136428.0,301999.0,147502.0
2026-04-14 18:15:14.938282,843345,1609508008553577,5608523886,0.833504,-0.072224,0.189344,2.2925,2.75625,-3.22875,-15.696001,27.168001,13.6,inter_set_rest,7,7.0,65826.0,313429.0,136428.0,301999.0,147502.0
2026-04-14 18:15:14.946685,843346,1609508008562561,5608532603,0.833504,-0.072224,0.189344,2.59,2.96625,-3.4125,-15.696001,27.168001,13.6,inter_set_rest,7,7.0,65826.0,313429.0,136428.0,301999.0,147502.0
2026-04-14 18:15:14.954995,843347,1609508008577102,5608545492,0.813984,-0.040992,0.222528,2.58125,3.70125,-4.06875,-13.944,26.536001,13.568001,inter_set_rest,7,7.0,65826.0,313429.0,136428.0,301999.0,147502.0
2026-04-14 18:15:14.964512,843348,1609508008586271,5608556237,0.813984,-0.040992,0.222528,2.94,3.6575,-4.27,-13.944,26.536001,13.568001,inter_set_rest,7,7.0,65826.0,313429.0,136428.0,301999.0,147502.0
2026-04-14 18:15:14.975724,843349,1609508008595240,5608564915,0.909632,-0.066368,0.3416,3.15,3.26375,-4.795,-14.240001,26.6,11.496,inter_set_rest,7,7.0,65826.0,313429.0,136428.0,301999.0,147502.0
2026-04-14 18:15:14.987116,843350,1609508008609781,5608579866,0.909632,-0.003904,0.386496,4.19125,2.59875,-5.53,-14.240001,26.6,11.496,inter_set_rest,7,7.0,65826.0,313429.0,136428.0,301999.0,147502.0
2026-04-14 18:15:14.998294,843351,1609508008618774,5608588582,0.833504,-0.015616,0.386496,5.0225,1.96875,-5.4075,-14.168,26.864002,9.56,inter_set_rest,7,7.0,65826.0,313429.0,136428.0,301999.0,147502.0
2026-04-14 18:15:15.034653,843362,1609508008633305,5608603564,0.847168,-0.023424,0.435296,5.8275,2.17875,-5.73125,-14.208001,26.616001,12.6,inter_set_rest,7,7.0,65492.0,313068.0,135985.0,301701.0,147039.0
2026-04-14 18:15:15.040491,843363,1609508008642456,5608612354,0.847168,-0.023424,0.435296,5.15375,2.66875,-5.76625,-14.208001,26.616001,12.6,inter_set_rest,7,7.0,65492.0,313068.0,135985.0,301701.0,147039.0
2026-04-14 18:15:15.040936,843364,1609508008651541,5608621115,0.802272,-0.042944,0.26352,3.87625,2.93125,-5.8275,-14.848001,26.784,12.368001,inter_set_rest,7,7.0,65492.0,313068.0,135985.0,301701.0,147039.0
2026-04-14 18:15:15.047910,843365,1609508008666061,5608636023,0.802272,-0.042944,0.26352,3.675,3.14125,-5.64375,-14.848001,26.784,12.368001,inter_set_rest,7,7.0,65492.0,313068.0,135985.0,301701.0,147039.0
2026-04-14 18:15:15.052013,843366,1609508008674983,5608644668,0.817888,-0.033184,0.355264,3.84125,2.8,-6.13375,-14.128,26.800001,11.616,inter_set_rest,7,7.0,65492.0,313068.0,135985.0,301701.0,147039.0
2026-04-14 18:15:15.068123,843367,1609508008689485,5608659710,0.817888,-0.033184,0.355264,4.61125,2.66,-6.67625,-14.128,26.800001,11.616,inter_set_rest,7,7.0,65492.0,313068.0,135985.0,301701.0,147039.0
2026-04-14 18:15:15.078269,843368,1609508008698424,5608668398,0.8296,-0.05856,0.191296,6.34375,2.94875,-7.6125,-14.152,26.136002,12.360001,inter_set_rest,7,7.0,65492.0,313068.0,135985.0,301701.0,147039.0
2026-04-14 18:15:15.092115,843369,1609508008713027,5608683258,0.88816,-0.035136,0.42944,7.60375,3.38625,-8.4525,-13.912001,26.12,12.512001,inter_set_rest,7,7.0,65492.0,313068.0,135985.0,301701.0,147039.0
2026-04-14 18:15:15.103452,843370,1609508008722049,5608691941,0.88816,-0.035136,0.42944,7.60375,3.73625,-8.855001,-13.912001,26.12,12.512001,inter_set_rest,7,7.0,65492.0,313068.0,135985.0,301701.0,147039.0
2026-04-14 18:15:15.109649,843371,1609508008731112,5608700656,0.915488,-0.023424,0.398208,6.71125,4.20875,-9.23125,-13.912001,26.088001,11.872001,inter_set_rest,7,7.0,65492.0,313068.0,135985.0,301701.0,147039.0
2026-04-14 18:15:15.142487,843382,1609508008745748,5608715620,0.915488,-0.023424,0.398208,7.4025,4.4275,-8.56625,-14.104001,26.088001,11.872001,inter_set_rest,7,7.0,65455.0,312617.0,135956.0,301306.0,146971.0
2026-04-14 18:15:15.142738,843383,1609508008754788,5608724458,0.903776,-0.025376,0.335744,9.59875,4.48,-7.76125,-15.792001,26.592001,13.792001,inter_set_rest,7,7.0,65455.0,312617.0,135956.0,301306.0,146971.0
2026-04-14 18:15:15.147980,843384,1609508008769297,5608739359,0.903776,-0.025376,0.335744,10.56125,4.94375,-7.49,-15.792001,26.592001,13.792001,inter_set_rest,7,7.0,65455.0,312617.0,135956.0,301306.0,146971.0
2026-04-14 18:15:15.156707,843385,1609508008778216,5608748054,0.874496,-0.025376,0.249856,9.68625,6.18625,-6.92125,-13.944,25.688002,12.288,inter_set_rest,7,7.0,65455.0,312617.0,135956.0,301306.0,146971.0
2026-04-14 18:15:15.165494,843386,1609508008787169,5608756773,0.874496,-0.025376,0.249856,6.8075,6.95625,-6.125,-13.944,25.688002,12.288,inter_set_rest,7,7.0,65455.0,312617.0,135956.0,301306.0,146971.0
2026-04-14 18:15:15.179318,843387,1609508008801683,5608771829,0.778848,0.005856,0.249856,3.71,7.07875,-5.17125,-14.048,25.760002,12.704,inter_set_rest,7,7.0,65455.0,312617.0,135956.0,301306.0,146971.0
2026-04-14 18:15:15.189281,843388,1609508008810639,5608780536,0.778848,0.005856,0.249856,1.6275,7.5775,-4.34,-14.048,25.760002,12.704,inter_set_rest,7,7.0,65455.0,312617.0,135956.0,301306.0,146971.0
2026-04-14 18:15:15.228111,843389,1609508008825141,5608795439,0.870592,0.007808,0.45872,4.38375,7.28,-3.63125,-14.272,26.312002,13.352,inter_set_rest,7,7.0,65455.0,312617.0,135956.0,301306.0,146971.0
2026-04-14 18:15:15.280625,843400,1609508008834261,5608804668,0.905728,-0.02928,0.35136,4.26125,6.9475,-3.47375,-14.896001,25.704,13.192,inter_set_rest,7,7.0,64693.0,310846.0,135125.0,299853.0,146241.0
2026-04-14 18:15:15.283121,843401,1609508008848872,5608817554,0.905728,-0.02928,0.35136,2.35375,7.35875,-2.5725,-14.896001,25.704,13.192,inter_set_rest,7,7.0,64693.0,310846.0,135125.0,299853.0,146241.0
2026-04-14 18:15:15.285596,843402,1609508008858339,5608828341,0.909632,-0.025376,0.398208,1.0325,6.97375,-2.17,-14.784,26.024002,13.656001,inter_set_rest,7,7.0,64693.0,310846.0,135125.0,299853.0,146241.0
2026-04-14 18:15:15.313145,843403,1609508008867280,5608837049,0.909632,-0.025376,0.398208,-1.58375,6.4925,-2.17875,-14.784,26.024002,13.656001,inter_set_rest,7,7.0,64693.0,310846.0,135125.0,299853.0,146241.0
2026-04-14 18:15:15.317844,843404,1609508008881791,5608851933,0.866688,0.011712,0.445056,-2.2225,5.5825,-2.1,-14.800001,25.624,13.592001,inter_set_rest,7,7.0,64693.0,310846.0,135125.0,299853.0,146241.0
2026-04-14 18:15:15.318310,843405,1609508008890735,5608860630,0.866688,0.011712,0.445056,1.68,4.34875,-1.995,-14.800001,25.624,13.592001,inter_set_rest,7,7.0,64693.0,310846.0,135125.0,299853.0,146241.0
2026-04-14 18:15:15.320343,843406,1609508008905245,5608875611,0.796416,-0.01952,0.271328,1.3475,3.84125,-1.4,-14.280001,26.392002,14.136001,inter_set_rest,7,7.0,64693.0,310846.0,135125.0,299853.0,146241.0
2026-04-14 18:15:15.324845,843407,1609508008914207,5608884437,0.825696,-0.00976,0.220576,0.18375,3.89375,0.35875,-14.984001,26.096,14.688001,inter_set_rest,7,7.0,64693.0,310846.0,135125.0,299853.0,146241.0
2026-04-14 18:15:15.327257,843408,1609508008923310,5608893123,0.825696,-0.00976,0.220576,-0.04375,2.89625,1.18125,-14.984001,26.096,14.688001,inter_set_rest,7,7.0,64693.0,310846.0,135125.0,299853.0,146241.0
2026-04-14 18:15:15.353053,843419,1609508008938263,5608908214,0.841312,0.015616,0.45872,-2.275,2.17,0.9275,-15.200001,26.192001,13.872001,inter_set_rest,7,7.0,65777.0,311454.0,136660.0,300412.0,147776.0
2026-04-14 18:15:15.355514,843420,1609508008947214,5608916980,0.841312,0.015616,0.45872,-5.215,1.56625,1.09375,-15.200001,26.192001,13.872001,inter_set_rest,7,7.0,65777.0,311454.0,136660.0,300412.0,147776.0
2026-04-14 18:15:15.358217,843421,1609508008961935,5608931889,0.851072,0.001952,0.372832,-3.36,0.74375,0.0525,-15.088,25.840002,13.752001,inter_set_rest,7,7.0,65777.0,311454.0,136660.0,300412.0,147776.0
2026-04-14 18:15:15.360906,843422,1609508008971042,5608940618,0.851072,0.001952,0.372832,-2.205,0.16625,-1.26875,-15.088,25.840002,13.752001,inter_set_rest,7,7.0,65777.0,311454.0,136660.0,300412.0,147776.0
2026-04-14 18:15:15.363391,843423,1609508008980065,5608949419,0.847168,-0.013664,0.33184,-3.38625,-0.21875,-0.51625,-14.912001,26.232,12.072001,inter_set_rest,7,7.0,65777.0,311454.0,136660.0,300412.0,147776.0
2026-04-14 18:15:15.374657,843424,1609508008994623,5608964355,0.895968,-0.025376,0.3904,-2.84375,-0.0525,-0.595,-14.536,26.032001,13.8,inter_set_rest,7,7.0,65777.0,311454.0,136660.0,300412.0,147776.0
2026-04-14 18:15:15.382138,843425,1609508009003581,5608973038,0.895968,-0.025376,0.3904,-3.05375,0.42,-1.4175,-14.536,26.032001,13.8,inter_set_rest,7,7.0,65777.0,311454.0,136660.0,300412.0,147776.0
2026-04-14 18:15:15.398408,843426,1609508009018103,5608987933,0.895968,-0.01952,0.41968,-4.5675,0.7,-2.42375,-13.76,26.016,13.496,inter_set_rest,7,7.0,65777.0,311454.0,136660.0,300412.0,147776.0
2026-04-14 18:15:15.404264,843427,1609508009027060,5608996673,0.895968,-0.01952,0.41968,-3.85,1.015,-2.80875,-13.76,26.016,13.496,inter_set_rest,7,7.0,65777.0,311454.0,136660.0,300412.0,147776.0
2026-04-14 18:15:15.437100,843438,1609508009041716,5609011992,0.843264,0.007808,0.431392,-2.625,0.55125,-2.8175,-14.656001,26.056002,13.672001,inter_set_rest,7,7.0,65169.0,311682.0,135813.0,300617.0,146862.0
2026-04-14 18:15:15.439298,843439,1609508009050696,5609020697,0.843264,0.007808,0.431392,-2.7825,-0.7525,-2.8875,-14.656001,26.056002,13.672001,inter_set_rest,7,7.0,65169.0,311682.0,135813.0,300617.0,146862.0
2026-04-14 18:15:15.441646,843440,1609508009059768,5609029416,0.862784,-0.023424,0.329888,-2.49375,-1.3475,-2.79125,-14.608001,26.2,11.128,inter_set_rest,7,7.0,65169.0,311682.0,135813.0,300617.0,146862.0
2026-04-14 18:15:15.453365,843441,1609508009074410,5609044378,0.841312,0.015616,0.454816,-2.2225,-1.37375,-2.6425,-13.752001,25.840002,12.936001,inter_set_rest,7,7.0,65169.0,311682.0,135813.0,300617.0,146862.0
2026-04-14 18:15:15.461770,843442,1609508009083363,5609053112,0.841312,0.015616,0.454816,-3.22875,-1.47875,-2.05625,-13.752001,25.840002,12.936001,inter_set_rest,7,7.0,65169.0,311682.0,135813.0,300617.0,146862.0
2026-04-14 18:15:15.479332,843443,1609508009097872,5609068010,0.874496,0.011712,0.472384,-5.01375,-1.1025,-2.065,-13.6,25.936,13.168,inter_set_rest,7,7.0,65169.0,311682.0,135813.0,300617.0,146862.0
2026-04-14 18:15:15.485609,843444,1609508009106776,5609076703,0.874496,0.011712,0.472384,-5.6,-1.5575,-2.1525,-13.6,25.936,13.168,inter_set_rest,7,7.0,65169.0,311682.0,135813.0,300617.0,146862.0
2026-04-14 18:15:15.493146,843445,1609508009115788,5609085431,0.864736,-0.01952,0.30256,-5.39875,-1.96,-2.0125,-13.880001,25.728,12.512001,inter_set_rest,7,7.0,65169.0,311682.0,135813.0,300617.0,146862.0
2026-04-14 18:15:15.509335,843446,1609508009130277,5609100340,0.864736,-0.01952,0.30256,-6.39625,-2.30125,-1.75875,-13.880001,25.728,12.512001,inter_set_rest,7,7.0,65169.0,311682.0,135813.0,300617.0,146862.0
2026-04-14 18:15:15.536722,843457,1609508009139443,5609109144,0.831552,0.027328,0.462624,-6.93875,-2.47625,-1.28625,-14.448001,25.872002,12.656,inter_set_rest,7,7.0,64038.0,310908.0,134296.0,300013.0,145300.0
2026-04-14 18:15:15.539197,843458,1609508009154046,5609124108,0.841312,-0.003904,0.349408,-8.30375,-2.2225,-1.0675,-14.632001,26.392002,13.216001,inter_set_rest,7,7.0,64038.0,310908.0,134296.0,300013.0,145300.0
2026-04-14 18:15:15.541731,843459,1609508009162992,5609132825,0.841312,-0.003904,0.349408,-10.26375,-1.855,-1.23375,-14.632001,26.392002,13.216001,inter_set_rest,7,7.0,64038.0,310908.0,134296.0,300013.0,145300.0
2026-04-14 18:15:15.556613,843460,1609508009177545,5609147768,0.798368,0.046848,0.329888,-10.255,-2.02125,-0.945,-13.664001,26.056002,12.320001,inter_set_rest,7,7.0,64038.0,310908.0,134296.0,300013.0,145300.0
2026-04-14 18:15:15.566823,843461,1609508009186456,5609156468,0.798368,0.046848,0.329888,-6.57125,-1.785,0.63875,-13.664001,26.056002,12.320001,inter_set_rest,7,7.0,64038.0,310908.0,134296.0,300013.0,145300.0
2026-04-14 18:15:15.595597,843462,1609508009195378,5609165398,0.876448,0.007808,0.489952,-4.06875,-1.12,2.26625,-13.496,26.296001,11.504001,inter_set_rest,7,7.0,64038.0,310908.0,134296.0,300013.0,145300.0
2026-04-14 18:15:15.620298,843463,1609508009209895,5609178267,0.876448,0.007808,0.489952,-8.25125,0.385,4.36625,-13.496,26.296001,11.504001,inter_set_rest,7,7.0,64038.0,310908.0,134296.0,300013.0,145300.0
2026-04-14 18:15:15.623029,843464,1609508009219107,5609189170,0.84912,-0.00976,0.306464,-11.97875,1.74125,6.1075,-13.872001,26.504002,13.128,inter_set_rest,7,7.0,64038.0,310908.0,134296.0,300013.0,145300.0
2026-04-14 18:15:15.625392,843465,1609508009233776,5609204055,0.84912,-0.00976,0.343552,-15.49625,2.09125,6.71125,-13.872001,26.504002,13.128,inter_set_rest,7,7.0,64038.0,310908.0,134296.0,300013.0,145300.0
2026-04-14 18:15:15.653126,843476,1609508009242838,5609212859,0.8784,-0.031232,0.343552,-19.85375,1.54875,6.335,-14.344001,26.936,13.496,inter_set_rest,7,7.0,62815.0,309617.0,132626.0,298821.0,143624.0
2026-04-14 18:15:15.655518,843477,1609508009251796,5609221618,0.8784,-0.031232,0.343552,-19.95875,-0.56875,5.075,-14.344001,26.936,13.496,inter_set_rest,7,7.0,62815.0,309617.0,132626.0,298821.0,143624.0
2026-04-14 18:15:15.658151,843478,1609508009266400,5609236630,0.84912,-0.021472,0.44896,-16.80875,-3.31625,2.84375,-14.200001,26.576002,12.768001,inter_set_rest,7,7.0,62815.0,309617.0,132626.0,298821.0,143624.0
2026-04-14 18:15:15.660608,843479,1609508009275392,5609245357,0.778848,-0.023424,0.249856,-16.0475,-5.5475,1.155,-14.312,26.944002,12.944,inter_set_rest,7,7.0,62815.0,309617.0,132626.0,298821.0,143624.0
2026-04-14 18:15:15.669365,843480,1609508009289948,5609260283,0.778848,-0.023424,0.249856,-15.7325,-7.67375,-0.4375,-14.312,26.944002,12.944,inter_set_rest,7,7.0,62815.0,309617.0,132626.0,298821.0,143624.0
2026-04-14 18:15:15.676839,843481,1609508009298933,5609268931,0.876448,-0.03904,0.433344,-16.23125,-8.9425,-2.3975,-14.024001,26.616001,12.480001,inter_set_rest,7,7.0,62815.0,309617.0,132626.0,298821.0,143624.0
2026-04-14 18:15:15.690896,843482,1609508009313460,5609281826,0.876448,-0.03904,0.433344,-17.85875,-9.23125,-3.45625,-14.024001,26.616001,12.480001,inter_set_rest,7,7.0,62815.0,309617.0,132626.0,298821.0,143624.0
2026-04-14 18:15:15.705284,843483,1609508009322700,5609292591,0.804224,-0.062464,0.212768,-17.64,-9.23125,-4.0775,-14.704,27.128002,10.864,inter_set_rest,7,7.0,62815.0,309617.0,132626.0,298821.0,143624.0
2026-04-14 18:15:15.712279,843484,1609508009331646,5609301272,0.804224,-0.062464,0.212768,-16.9925,-9.1,-3.94625,-14.704,27.128002,10.864,inter_set_rest,7,7.0,62815.0,309617.0,132626.0,298821.0,143624.0
2026-04-14 18:15:15.739323,843495,1609508009346295,5609316263,0.815936,-0.05856,0.35136,-17.8325,-7.53375,-3.05375,-13.752001,26.768002,11.128,inter_set_rest,7,7.0,60251.0,308672.0,129066.0,298078.0,139956.0
2026-04-14 18:15:15.741830,843496,1609508009355248,5609325038,0.79056,-0.054656,0.304512,-18.445,-6.0375,-2.2575,-13.752001,27.064001,11.472,inter_set_rest,7,7.0,60251.0,308672.0,129066.0,298078.0,139956.0
2026-04-14 18:15:15.749344,843497,1609508009369934,5609339918,0.79056,-0.054656,0.304512,-18.87375,-4.69875,-1.505,-13.528001,27.064001,11.472,inter_set_rest,7,7.0,60251.0,308672.0,129066.0,298078.0,139956.0
2026-04-14 18:15:15.757165,843498,1609508009378935,5609348655,0.856928,-0.064416,0.4392,-20.3,-3.43,-1.61875,-13.52,26.872002,10.72,inter_set_rest,7,7.0,60251.0,308672.0,129066.0,298078.0,139956.0
2026-04-14 18:15:15.766866,843499,1609508009387887,5609357370,0.856928,-0.064416,0.4392,-20.825,-3.01875,-2.3625,-13.52,26.872002,10.72,inter_set_rest,7,7.0,60251.0,308672.0,129066.0,298078.0,139956.0
2026-04-14 18:15:15.783194,843500,1609508009402490,5609372352,0.909632,-0.085888,0.404064,-18.54125,-3.3425,-3.49125,-13.856001,27.096,11.56,inter_set_rest,7,7.0,60251.0,308672.0,129066.0,298078.0,139956.0
2026-04-14 18:15:15.790696,843501,1609508009411592,5609381057,0.909632,-0.085888,0.404064,-16.03,-4.0775,-4.97875,-13.856001,27.096,11.56,inter_set_rest,7,7.0,60251.0,308672.0,129066.0,298078.0,139956.0
2026-04-14 18:15:15.806173,843502,1609508009426144,5609396169,0.833504,-0.05856,0.40016,-15.9425,-4.585,-6.23875,-14.128,27.296001,10.352,inter_set_rest,7,7.0,60251.0,308672.0,129066.0,298078.0,139956.0
2026-04-14 18:15:15.814325,843503,1609508009435232,5609404877,0.833504,-0.05856,0.271328,-15.95125,-5.67,-6.8775,-14.128,27.296001,10.352,inter_set_rest,7,7.0,60251.0,308672.0,129066.0,298078.0,139956.0
2026-04-14 18:15:15.841842,843514,1609508009444270,5609413591,0.794464,-0.056608,0.271328,-15.74125,-6.1425,-7.805,-13.68,27.168001,9.256001,inter_set_rest,7,7.0,60695.0,309095.0,129810.0,298526.0,140709.0
2026-04-14 18:15:15.844320,843515,1609508009458767,5609428616,0.86864,-0.05856,0.4392,-16.397501,-7.0525,-9.1525,-14.56,27.488,11.480001,inter_set_rest,7,7.0,60695.0,309095.0,129810.0,298526.0,140709.0
2026-04-14 18:15:15.846860,843516,1609508009467720,5609437323,0.86864,-0.05856,0.4392,-16.68625,-8.02375,-10.05375,-14.56,27.488,11.480001,inter_set_rest,7,7.0,60695.0,309095.0,129810.0,298526.0,140709.0
2026-04-14 18:15:15.860583,843517,1609508009482361,5609452242,0.856928,-0.072224,0.339648,-16.56375,-9.511251,-10.4125,-14.848001,28.024002,10.976001,inter_set_rest,7,7.0,60695.0,309095.0,129810.0,298526.0,140709.0
2026-04-14 18:15:15.869321,843518,1609508009491316,5609460944,0.856928,-0.072224,0.339648,-16.42375,-9.93125,-10.84125,-14.848001,28.024002,10.976001,inter_set_rest,7,7.0,60695.0,309095.0,129810.0,298526.0,140709.0
2026-04-14 18:15:15.885606,843519,1609508009505894,5609475869,0.84912,-0.037088,0.441152,-15.75875,-9.765,-10.99,-14.872001,27.656002,10.768001,inter_set_rest,7,7.0,60695.0,309095.0,129810.0,298526.0,140709.0
2026-04-14 18:15:15.893218,843520,1609508009514859,5609484610,0.84912,-0.037088,0.441152,-16.24875,-10.4125,-11.6025,-14.872001,27.656002,10.768001,inter_set_rest,7,7.0,60695.0,309095.0,129810.0,298526.0,140709.0
2026-04-14 18:15:15.903462,843521,1609508009523936,5609493311,0.84912,-0.042944,0.4392,-18.57625,-11.06,-11.8475,-14.512001,27.776001,11.824,inter_set_rest,7,7.0,60695.0,309095.0,129810.0,298526.0,140709.0
2026-04-14 18:15:16.009622,843532,1609508009538879,5609508526,0.837408,-0.050752,0.324032,-18.9,-12.635,-11.97,-14.712001,27.400002,9.56,inter_set_rest,7,7.0,61245.0,309485.0,130588.0,298893.0,141511.0
2026-04-14 18:15:16.011681,843533,1609508009547897,5609517274,0.837408,-0.050752,0.324032,-18.19125,-13.667501,-12.25,-14.712001,27.400002,9.56,inter_set_rest,7,7.0,61245.0,309485.0,130588.0,298893.0,141511.0
2026-04-14 18:15:16.014479,843534,1609508009562409,5609532205,0.847168,-0.062464,0.284992,-18.40125,-14.62125,-12.635,-15.6,27.888,10.384001,inter_set_rest,7,7.0,61245.0,309485.0,130588.0,298893.0,141511.0
2026-04-14 18:15:16.016476,843535,1609508009571349,5609540898,0.847168,-0.062464,0.284992,-18.515,-15.4525,-13.06375,-15.6,27.888,10.384001,inter_set_rest,7,7.0,61245.0,309485.0,130588.0,298893.0,141511.0
2026-04-14 18:15:16.019642,843536,1609508009580337,5609549604,0.886208,-0.062464,0.421632,-19.4075,-16.1525,-13.2125,-15.816001,27.720001,10.184,inter_set_rest,7,7.0,61245.0,309485.0,130588.0,298893.0,141511.0
2026-04-14 18:15:16.024652,843537,1609508009594859,5609564676,0.886208,-0.062464,0.421632,-20.58875,-16.28375,-13.50125,-15.816001,27.720001,10.184,inter_set_rest,7,7.0,61245.0,309485.0,130588.0,298893.0,141511.0
2026-04-14 18:15:16.027126,843538,1609508009603955,5609573389,0.890112,-0.076128,0.38064,-20.7025,-16.695,-13.85125,-16.256,27.768002,8.096001,inter_set_rest,7,7.0,61245.0,309485.0,130588.0,298893.0,141511.0
2026-04-14 18:15:16.029659,843539,1609508009618430,5609588268,0.886208,-0.085888,0.327936,-21.35875,-17.28125,-13.51,-16.344,27.408,7.648,inter_set_rest,7,7.0,61245.0,309485.0,130588.0,298893.0,141511.0
2026-04-14 18:15:16.032185,843540,1609508009627340,5609596976,0.886208,-0.085888,0.327936,-22.015,-18.10375,-13.37,-16.344,27.408,7.648,inter_set_rest,7,7.0,61245.0,309485.0,130588.0,298893.0,141511.0
2026-04-14 18:15:16.034636,843541,1609508009636317,5609605703,0.886208,-0.085888,0.18544,-22.25125,-18.20875,-13.13375,-16.344,27.408,7.648,inter_set_rest,7,7.0,61245.0,309485.0,130588.0,298893.0,141511.0
2026-04-14 18:15:16.061707,843552,1609508009650911,5609620736,0.788608,-0.066368,0.18544,-22.89,-18.40125,-12.43375,-15.744,27.824001,6.296001,inter_set_rest,7,7.0,61176.0,309389.0,130511.0,298823.0,141438.0
2026-04-14 18:15:16.064520,843553,1609508009659939,5609629456,0.847168,-0.081984,0.245952,-23.38,-18.69,-12.4075,-15.928,27.584002,8.200001,inter_set_rest,7,7.0,61176.0,309389.0,130511.0,298823.0,141438.0
2026-04-14 18:15:16.067201,843554,1609508009674546,5609644395,0.847168,-0.081984,0.245952,-23.16125,-18.89125,-12.64375,-15.928,27.584002,8.200001,inter_set_rest,7,7.0,61176.0,309389.0,130511.0,298823.0,141438.0
2026-04-14 18:15:16.069679,843555,1609508009683568,5609653104,0.843264,-0.044896,0.441152,-23.065,-19.005,-13.43125,-16.16,28.048002,7.520001,inter_set_rest,7,7.0,61176.0,309389.0,130511.0,298823.0,141438.0
2026-04-14 18:15:16.080712,843556,1609508009698075,5609668046,0.870592,-0.066368,0.45872,-21.53375,-19.075,-13.9825,-16.152,27.944002,5.872,inter_set_rest,7,7.0,61176.0,309389.0,130511.0,298823.0,141438.0
2026-04-14 18:15:16.095723,843557,1609508009707027,5609676752,0.870592,-0.066368,0.45872,-19.95,-19.01375,-13.64125,-16.152,27.944002,5.872,inter_set_rest,7,7.0,61176.0,309389.0,130511.0,298823.0,141438.0
2026-04-14 18:15:16.100139,843558,1609508009716085,5609685476,0.870592,-0.066368,0.45872,-19.74,-18.7425,-13.3,-16.152,27.944002,5.872,inter_set_rest,7,7.0,61176.0,309389.0,130511.0,298823.0,141438.0
2026-04-14 18:15:16.108368,843559,1609508009730560,5609700402,0.845216,-0.056608,0.41968,-19.85375,-17.710001,-12.985,-16.744001,27.944002,5.232,inter_set_rest,7,7.0,61176.0,309389.0,130511.0,298823.0,141438.0
2026-04-14 18:15:16.142233,843570,1609508009740066,5609709720,0.923296,-0.12688,0.365024,-19.20625,-16.135,-12.5825,-17.344002,28.344002,7.616,inter_set_rest,7,7.0,62247.0,309838.0,132026.0,299220.0,143032.0
2026-04-14 18:15:16.144675,843571,1609508009754768,5609724680,0.923296,-0.12688,0.365024,-19.4775,-14.980001,-12.573751,-17.344002,28.344002,7.616,inter_set_rest,7,7.0,62247.0,309838.0,132026.0,299220.0,143032.0
2026-04-14 18:15:16.147182,843572,1609508009763828,5609733382,0.931104,-0.148352,0.310368,-18.06875,-13.3,-12.2325,-16.6,28.024002,6.864,inter_set_rest,7,7.0,62247.0,309838.0,132026.0,299220.0,143032.0
2026-04-14 18:15:16.150925,843573,1609508009772888,5609742095,0.931104,-0.148352,0.310368,-15.47,-12.20625,-10.92,-16.6,28.024002,6.864,inter_set_rest,7,7.0,62247.0,309838.0,132026.0,299220.0,143032.0
2026-04-14 18:15:16.167157,843574,1609508009787412,5609757005,0.86864,-0.119072,0.349408,-13.825,-10.0625,-9.5025,-16.944,28.272001,7.744,inter_set_rest,7,7.0,62247.0,309838.0,132026.0,299220.0,143032.0
2026-04-14 18:15:16.174172,843575,1609508009796330,5609765719,0.86864,-0.119072,0.349408,-13.011251,-7.28,-7.8225,-16.944,28.272001,7.744,inter_set_rest,7,7.0,62247.0,309838.0,132026.0,299220.0,143032.0
2026-04-14 18:15:16.189187,843576,1609508009810837,5609780669,0.890112,-0.10736,0.411872,-12.01375,-4.03375,-5.9675,-17.704,28.416002,6.088,inter_set_rest,7,7.0,62247.0,309838.0,132026.0,299220.0,143032.0
2026-04-14 18:15:16.200708,843577,1609508009819783,5609789344,0.974048,-0.119072,0.503616,-11.47125,-0.39375,-4.48875,-17.592001,28.384,7.544,inter_set_rest,7,7.0,62247.0,309838.0,132026.0,299220.0,143032.0
2026-04-14 18:15:16.207050,843578,1609508009828698,5609798087,0.974048,-0.119072,0.503616,-11.36625,3.955,-2.695,-17.592001,28.384,7.544,inter_set_rest,7,7.0,62247.0,309838.0,132026.0,299220.0,143032.0
2026-04-14 18:15:16.243036,843589,1609508009843567,5609813194,0.976,-0.11712,0.431392,-8.68,8.198751,-1.02375,-16.848001,27.720001,6.384,inter_set_rest,7,7.0,65192.0,311624.0,135915.0,300623.0,147076.0
2026-04-14 18:15:16.245900,843590,1609508009852595,5609821971,0.976,-0.11712,0.431392,-6.545,12.01375,0.56,-16.848001,27.720001,6.384,inter_set_rest,7,7.0,65192.0,311624.0,135915.0,300623.0,147076.0
2026-04-14 18:15:16.248414,843591,1609508009867265,5609836884,0.993568,-0.091744,0.499712,-5.85375,15.9425,2.24875,-16.6,28.408,6.24,inter_set_rest,7,7.0,65192.0,311624.0,135915.0,300623.0,147076.0
2026-04-14 18:15:16.253434,843592,1609508009876218,5609845811,0.993568,-0.091744,0.499712,-5.64375,19.241251,3.38625,-16.6,28.408,6.24,inter_set_rest,7,7.0,65192.0,311624.0,135915.0,300623.0,147076.0
2026-04-14 18:15:16.269262,843593,1609508009890756,5609860733,0.976,-0.105408,0.37088,-5.78375,22.741251,4.13875,-16.496,28.392002,4.952,inter_set_rest,7,7.0,65192.0,311624.0,135915.0,300623.0,147076.0
2026-04-14 18:15:16.278515,843594,1609508009899652,5609869426,0.895968,-0.06832,0.261568,-5.85375,26.32875,4.4275,-17.968,29.112001,8.952001,inter_set_rest,7,7.0,65192.0,311624.0,135915.0,300623.0,147076.0
2026-04-14 18:15:16.285772,843595,1609508009908591,5609878163,0.895968,-0.06832,0.261568,-4.2875,28.9625,4.45375,-17.968,29.112001,8.952001,inter_set_rest,7,7.0,65192.0,311624.0,135915.0,300623.0,147076.0
2026-04-14 18:15:16.300892,843596,1609508009923133,5609893070,0.882304,-0.052704,0.300608,-4.48,31.053751,5.22375,-16.2,28.312002,6.576,inter_set_rest,7,7.0,65192.0,311624.0,135915.0,300623.0,147076.0
2026-04-14 18:15:16.333382,843597,1609508009932108,5609901778,0.882304,-0.052704,0.300608,-4.82125,32.8475,5.80125,-16.2,28.312002,6.576,inter_set_rest,7,7.0,65192.0,311624.0,135915.0,300623.0,147076.0
2026-04-14 18:15:16.380362,843608,1609508009946888,5609917067,0.895968,-0.037088,0.366976,-4.165,34.53625,6.1425,-15.752001,28.28,6.920001,inter_set_rest,7,7.0,64939.0,311124.0,135683.0,300148.0,146801.0
2026-04-14 18:15:16.384008,843609,1609508009955856,5609925773,0.895968,-0.037088,0.366976,-4.6725,36.05875,7.69125,-15.752001,28.28,6.920001,inter_set_rest,7,7.0,64939.0,311124.0,135683.0,300148.0,146801.0
2026-04-14 18:15:16.385639,843610,1609508009964816,5609934504,0.882304,-0.074176,0.242048,-5.97625,37.91375,9.1,-15.408001,28.680002,7.632,inter_set_rest,7,7.0,64939.0,311124.0,135683.0,300148.0,146801.0
2026-04-14 18:15:16.387058,843611,1609508009979298,5609949389,0.931104,-0.081984,0.49776,-5.38125,39.27,10.28125,-15.328001,29.192001,8.432,inter_set_rest,7,7.0,64939.0,311124.0,135683.0,300148.0,146801.0
2026-04-14 18:15:16.388976,843612,1609508009988280,5609958264,0.931104,-0.081984,0.49776,-4.64625,41.09,11.62,-15.328001,29.192001,8.432,inter_set_rest,7,7.0,64939.0,311124.0,135683.0,300148.0,146801.0
2026-04-14 18:15:16.392759,843613,1609508010002821,5609971210,0.876448,-0.083936,0.480192,-3.19375,43.4875,13.1075,-15.264001,28.776001,8.336,inter_set_rest,7,7.0,64939.0,311124.0,135683.0,300148.0,146801.0
2026-04-14 18:15:16.392864,843614,1609508010012129,5609982032,0.876448,-0.083936,0.480192,-1.61,46.10375,14.58625,-15.264001,28.776001,8.336,inter_set_rest,7,7.0,64939.0,311124.0,135683.0,300148.0,146801.0
2026-04-14 18:15:16.399359,843615,1609508010021098,5609990737,0.854976,-0.105408,0.433344,-0.69125,49.04375,17.1325,-15.120001,29.144001,8.480001,inter_set_rest,7,7.0,64939.0,311124.0,135683.0,300148.0,146801.0
2026-04-14 18:15:16.413240,843616,1609508010035704,5610005631,0.854976,-0.105408,0.433344,-0.385,51.44125,19.635,-15.120001,29.144001,8.480001,inter_set_rest,7,7.0,64939.0,311124.0,135683.0,300148.0,146801.0
2026-04-14 18:15:16.443413,843627,1609508010044990,5610014414,0.765184,-0.089792,0.32208,1.925,52.9725,21.245,-13.344001,29.000002,7.448,inter_set_rest,7,7.0,61395.0,308755.0,131119.0,298321.0,142071.0
2026-04-14 18:15:16.448591,843628,1609508010059508,5610029338,0.808128,-0.130784,0.240096,6.01125,53.85625,22.5925,-13.344001,29.000002,10.016001,inter_set_rest,7,7.0,61395.0,308755.0,131119.0,298321.0,142071.0
2026-04-14 18:15:16.449008,843629,1609508010068448,5610038066,0.808128,-0.130784,0.240096,9.84375,54.29375,22.505,-13.880001,29.640001,10.016001,inter_set_rest,7,7.0,61395.0,308755.0,131119.0,298321.0,142071.0
2026-04-14 18:15:16.461503,843630,1609508010082953,5610052974,0.815936,-0.10736,0.40992,13.04625,54.705,22.47875,-13.032001,29.328001,9.432,inter_set_rest,7,7.0,61395.0,308755.0,131119.0,298321.0,142071.0
2026-04-14 18:15:16.471640,843631,1609508010091879,5610061655,0.815936,-0.10736,0.40992,15.44375,54.32875,21.7175,-13.032001,29.328001,9.432,inter_set_rest,7,7.0,61395.0,308755.0,131119.0,298321.0,142071.0
2026-04-14 18:15:16.477980,843632,1609508010100814,5610070416,0.696864,-0.076128,0.251808,17.80625,52.8325,20.5625,-11.992001,29.328001,7.6,inter_set_rest,7,7.0,61395.0,308755.0,131119.0,298321.0,142071.0
2026-04-14 18:15:16.494626,843633,1609508010115333,5610085337,0.696864,-0.076128,0.251808,20.67625,51.2925,18.20875,-11.992001,29.328001,7.6,inter_set_rest,7,7.0,61395.0,308755.0,131119.0,298321.0,142071.0
2026-04-14 18:15:16.502175,843634,1609508010124272,5610094032,0.75152,-0.064416,0.447008,22.61875,49.84,15.00625,-11.632001,29.392002,9.128,inter_set_rest,7,7.0,61395.0,308755.0,131119.0,298321.0,142071.0
2026-04-14 18:15:16.519697,843635,1609508010138788,5610109000,0.75152,-0.064416,0.447008,24.52625,47.78375,11.06875,-11.632001,29.392002,9.128,inter_set_rest,7,7.0,61395.0,308755.0,131119.0,298321.0,142071.0
2026-04-14 18:15:16.549081,843646,1609508010147785,5610117739,0.691008,-0.083936,0.26352,26.880001,44.96625,7.49875,-11.232,28.944002,10.792001,inter_set_rest,7,7.0,60985.0,309321.0,130812.0,299144.0,141715.0
2026-04-14 18:15:16.549188,843647,1609508010162410,5610132785,0.765184,-0.119072,0.26352,28.8575,41.58,4.73375,-12.072001,28.864002,11.040001,inter_set_rest,7,7.0,60985.0,309321.0,130812.0,299144.0,141715.0
2026-04-14 18:15:16.550492,843648,1609508010171357,5610141503,0.765184,-0.119072,0.26352,28.91,37.3625,3.1325,-12.072001,28.864002,11.040001,inter_set_rest,7,7.0,60985.0,309321.0,130812.0,299144.0,141715.0
2026-04-14 18:15:16.559176,843649,1609508010180349,5610150243,0.735904,-0.091744,0.220576,27.5275,33.0575,1.26,-12.072001,29.288002,11.016001,inter_set_rest,7,7.0,60985.0,309321.0,130812.0,299144.0,141715.0
2026-04-14 18:15:16.593205,843650,1609508010194879,5610165181,0.735904,-0.091744,0.220576,24.928751,29.015,-0.77875,-11.704,29.288002,11.016001,inter_set_rest,7,7.0,60985.0,309321.0,130812.0,299144.0,141715.0
2026-04-14 18:15:16.595644,843651,1609508010203834,5610173877,0.81984,-0.093696,0.324032,22.98625,24.71875,-2.84375,-11.608001,28.568,10.552,inter_set_rest,7,7.0,60985.0,309321.0,130812.0,299144.0,141715.0
2026-04-14 18:15:16.597951,843652,1609508010218384,5610186874,0.81984,-0.093696,0.324032,23.135,19.81875,-5.6175,-11.608001,28.568,10.552,inter_set_rest,7,7.0,60985.0,309321.0,130812.0,299144.0,141715.0
2026-04-14 18:15:16.608129,843653,1609508010227878,5610197644,0.792512,-0.064416,0.382592,23.51125,14.84875,-8.7325,-10.968,28.504002,11.064,inter_set_rest,7,7.0,60985.0,309321.0,130812.0,299144.0,141715.0
2026-04-14 18:15:16.616837,843654,1609508010236820,5610206392,0.792512,-0.064416,0.382592,24.75375,9.3975,-13.34375,-10.968,28.504002,11.064,inter_set_rest,7,7.0,60985.0,309321.0,130812.0,299144.0,141715.0
2026-04-14 18:15:16.644351,843665,1609508010251443,5610221387,0.696864,-0.05856,0.327936,25.0775,4.66375,-16.98375,-11.352,28.248001,10.976001,inter_set_rest,7,7.0,61949.0,310450.0,132187.0,300280.0,143060.0
2026-04-14 18:15:16.646818,843666,1609508010260416,5610230143,0.696864,-0.089792,0.404064,24.71875,-0.07875,-19.5475,-11.352,28.248001,10.976001,inter_set_rest,7,7.0,61949.0,310450.0,132187.0,300280.0,143060.0
2026-04-14 18:15:16.653040,843667,1609508010274967,5610245065,0.769088,-0.089792,0.404064,25.1125,-4.92625,-20.5625,-12.400001,28.544,13.328001,inter_set_rest,7,7.0,61949.0,310450.0,132187.0,300280.0,143060.0
2026-04-14 18:15:16.663203,843668,1609508010283962,5610253789,0.698816,-0.05856,0.259616,25.87375,-9.35375,-21.02625,-12.408001,28.232002,11.992001,inter_set_rest,7,7.0,61949.0,310450.0,132187.0,300280.0,143060.0
2026-04-14 18:15:16.670527,843669,1609508010293000,5610262494,0.698816,-0.05856,0.259616,24.98125,-13.658751,-21.866251,-12.408001,28.232002,11.992001,inter_set_rest,7,7.0,61949.0,310450.0,132187.0,300280.0,143060.0
2026-04-14 18:15:16.699363,843670,1609508010307609,5610277393,0.718336,0.017568,0.484096,23.24875,-17.535,-23.178751,-12.288,27.768002,11.64,inter_set_rest,7,7.0,61949.0,310450.0,132187.0,300280.0,143060.0
2026-04-14 18:15:16.701884,843671,1609508010316714,5610286089,0.718336,0.017568,0.484096,20.475,-21.1225,-23.98375,-12.288,27.768002,11.64,inter_set_rest,7,7.0,61949.0,310450.0,132187.0,300280.0,143060.0
2026-04-14 18:15:16.729266,843672,1609508010331208,5610300967,0.665632,0.0,0.290848,14.7175,-24.26375,-24.71875,-13.512001,27.824001,12.744,inter_set_rest,7,7.0,61949.0,310450.0,132187.0,300280.0,143060.0
2026-04-14 18:15:16.732126,843673,1609508010340123,5610309703,0.665632,0.0,0.290848,10.66625,-27.2125,-24.03625,-13.512001,27.824001,12.744,inter_set_rest,7,7.0,61949.0,310450.0,132187.0,300280.0,143060.0
2026-04-14 18:15:16.759128,843684,1609508010354711,5610324640,0.679296,0.00976,0.396256,11.445,-27.69375,-23.7125,-13.728001,27.6,12.768001,inter_set_rest,7,7.0,65056.0,313005.0,136940.0,303182.0,148040.0
2026-04-14 18:15:16.761511,843685,1609508010363717,5610333351,0.776896,0.046848,0.515328,14.98875,-27.65,-23.555,-14.216001,27.560001,12.888001,inter_set_rest,7,7.0,65056.0,313005.0,136940.0,303182.0,148040.0
2026-04-14 18:15:16.763836,843686,1609508010372694,5610342034,0.776896,0.046848,0.515328,18.095,-28.28,-23.28375,-14.216001,27.560001,12.888001,inter_set_rest,7,7.0,65056.0,313005.0,136940.0,303182.0,148040.0
2026-04-14 18:15:16.766461,843687,1609508010387232,5610357004,0.831552,0.023424,0.474336,16.0475,-29.4175,-23.94875,-14.696001,27.368002,12.880001,inter_set_rest,7,7.0,65056.0,313005.0,136940.0,303182.0,148040.0
2026-04-14 18:15:16.774018,843688,1609508010396275,5610365713,0.831552,0.023424,0.474336,11.3225,-30.87,-24.12375,-14.696001,27.368002,12.880001,inter_set_rest,7,7.0,65056.0,313005.0,136940.0,303182.0,148040.0
2026-04-14 18:15:16.790722,843689,1609508010410778,5610380614,0.831552,0.040992,0.540704,7.02625,-32.305,-24.2375,-13.736001,27.480001,11.664001,inter_set_rest,7,7.0,65056.0,313005.0,136940.0,303182.0,148040.0
2026-04-14 18:15:16.798153,843690,1609508010419719,5610389309,0.831552,0.040992,0.540704,3.885,-33.18875,-24.5175,-13.736001,27.480001,11.664001,inter_set_rest,7,7.0,65056.0,313005.0,136940.0,303182.0,148040.0
2026-04-14 18:15:16.805904,843691,1609508010428663,5610398063,0.798368,0.062464,0.304512,-0.90125,-34.22125,-25.5325,-14.488001,27.096,12.144001,inter_set_rest,7,7.0,65056.0,313005.0,136940.0,303182.0,148040.0
2026-04-14 18:15:16.846494,843702,1609508010443237,5610412997,0.864736,0.001952,0.279136,-9.0125,-36.60125,-27.6675,-15.288001,27.096,12.384001,inter_set_rest,7,7.0,78476.0,326176.0,155426.0,314779.0,166719.0
2026-04-14 18:15:16.849200,843703,1609508010452294,5610421814,0.864736,0.001952,0.279136,-15.98625,-38.12375,-29.715,-15.288001,27.096,12.384001,inter_set_rest,7,7.0,78476.0,326176.0,155426.0,314779.0,166719.0
2026-04-14 18:15:16.852058,843704,1609508010467019,5610436817,0.919392,-0.017568,0.548512,-18.62,-37.765,-29.89875,-15.816001,26.736002,10.872001,inter_set_rest,7,7.0,78476.0,326176.0,155426.0,314779.0,166719.0
2026-04-14 18:15:16.854154,843705,1609508010476103,5610445538,0.919392,-0.017568,0.548512,-16.47625,-37.5725,-30.2225,-15.816001,26.736002,10.872001,inter_set_rest,7,7.0,78476.0,326176.0,155426.0,314779.0,166719.0
2026-04-14 18:15:16.870431,843706,1609508010490669,5610460422,0.899872,0.015616,0.441152,-13.13375,-36.53125,-31.2025,-16.320002,27.000002,10.336,inter_set_rest,7,7.0,78476.0,326176.0,155426.0,314779.0,166719.0
2026-04-14 18:15:16.877167,843707,1609508010499594,5610469180,0.899872,0.015616,0.441152,-12.4775,-34.326252,-31.911251,-16.320002,27.000002,10.336,inter_set_rest,7,7.0,78476.0,326176.0,155426.0,314779.0,166719.0
2026-04-14 18:15:16.885930,843708,1609508010508684,5610478001,0.8296,0.023424,0.316224,-15.5925,-32.38375,-32.515,-16.088001,26.896002,10.456,inter_set_rest,7,7.0,78476.0,326176.0,155426.0,314779.0,166719.0
2026-04-14 18:15:16.902133,843709,1609508010523211,5610492949,0.91744,0.005856,0.443104,-20.60625,-31.22,-32.8825,-16.872002,27.04,8.784,inter_set_rest,7,7.0,78476.0,326176.0,155426.0,314779.0,166719.0
2026-04-14 18:15:16.910899,843710,1609508010532151,5610501631,0.91744,0.005856,0.443104,-24.21125,-29.960001,-33.29375,-16.872002,27.04,8.784,inter_set_rest,7,7.0,78476.0,326176.0,155426.0,314779.0,166719.0
2026-04-14 18:15:16.949420,843721,1609508010547211,5610516670,0.84912,-0.00976,0.355264,-28.18375,-28.28,-34.23,-17.304,27.2,9.472,inter_set_rest,7,7.0,84256.0,327570.0,162261.0,315594.0,173006.0
2026-04-14 18:15:16.951499,843722,1609508010556414,5610525445,0.84912,-0.00976,0.355264,-32.8125,-25.73375,-34.99125,-17.304,27.2,9.472,inter_set_rest,7,7.0,84256.0,327570.0,162261.0,315594.0,173006.0
2026-04-14 18:15:16.952869,843723,1609508010565373,5610534153,0.772992,0.005856,0.316224,-35.91875,-23.24,-36.575,-18.728,27.408,9.92,inter_set_rest,7,7.0,84256.0,327570.0,162261.0,315594.0,173006.0
2026-04-14 18:15:16.956601,843724,1609508010580255,5610549138,0.772992,0.005856,0.316224,-39.2525,-20.50125,-36.68875,-18.728,27.408,9.92,inter_set_rest,7,7.0,84256.0,327570.0,162261.0,315594.0,173006.0
2026-04-14 18:15:16.966986,843725,1609508010589190,5610557855,0.845216,0.013664,0.374784,-42.48125,-19.04875,-36.72375,-19.512001,26.880001,8.480001,inter_set_rest,7,7.0,84256.0,327570.0,162261.0,315594.0,173006.0
2026-04-14 18:15:16.978401,843726,1609508010598832,5610568684,0.845216,0.013664,0.374784,-44.86125,-17.47375,-37.8875,-19.512001,26.880001,8.480001,inter_set_rest,7,7.0,84256.0,327570.0,162261.0,315594.0,173006.0
2026-04-14 18:15:16.992199,843727,1609508010613405,5610583593,0.767136,0.080032,0.296704,-48.2825,-16.3275,-39.6725,-19.144001,27.240002,8.04,inter_set_rest,7,7.0,84256.0,327570.0,162261.0,315594.0,173006.0
2026-04-14 18:15:17.001660,843728,1609508010622345,5610592297,0.767136,0.080032,0.296704,-53.34,-15.7675,-42.72625,-19.144001,27.240002,8.04,inter_set_rest,7,7.0,84256.0,327570.0,162261.0,315594.0,173006.0
2026-04-14 18:15:17.017349,843729,1609508010636888,5610607169,0.847168,0.0976,0.52704,-58.05625,-14.39375,-45.89375,-19.176,27.160002,7.688,inter_set_rest,7,7.0,84256.0,327570.0,162261.0,315594.0,173006.0
2026-04-14 18:15:17.119396,843740,1609508010646218,5610615919,0.880352,0.037088,0.337696,-61.34625,-13.30875,-48.97375,-19.904001,27.376001,7.912,inter_set_rest,7,7.0,82525.0,329258.0,160209.0,317634.0,171074.0
2026-04-14 18:15:17.119569,843741,1609508010655226,5610624735,0.880352,0.037088,0.337696,-62.5975,-11.57625,-50.225,-19.904001,27.376001,7.912,inter_set_rest,7,7.0,82525.0,329258.0,160209.0,317634.0,171074.0
2026-04-14 18:15:17.121748,843742,1609508010669742,5610639641,0.9272,0.072224,0.314272,-61.99375,-10.1325,-51.00375,-21.920002,27.960001,8.136001,inter_set_rest,7,7.0,82525.0,329258.0,160209.0,317634.0,171074.0
2026-04-14 18:15:17.123999,843743,1609508010678757,5610648390,0.9272,0.072224,0.314272,-64.155,-8.8725,-51.00375,-21.920002,27.960001,8.136001,inter_set_rest,7,7.0,82525.0,329258.0,160209.0,317634.0,171074.0
2026-04-14 18:15:17.127087,843744,1609508010693227,5610663362,0.952576,0.052704,0.357216,-67.90875,-7.77875,-50.3125,-22.816002,28.04,7.12,inter_set_rest,7,7.0,82525.0,329258.0,160209.0,317634.0,171074.0
2026-04-14 18:15:17.129526,843745,1609508010702157,5610672071,0.952576,0.052704,0.357216,-70.55125,-6.01125,-48.8075,-22.816002,28.04,7.12,inter_set_rest,7,7.0,82525.0,329258.0,160209.0,317634.0,171074.0
2026-04-14 18:15:17.132086,843746,1609508010716678,5610686968,0.987712,0.046848,0.382592,-70.42875,-3.05375,-47.64375,-22.856,27.648,8.496,inter_set_rest,7,7.0,82525.0,329258.0,160209.0,317634.0,171074.0
2026-04-14 18:15:17.134650,843747,1609508010725619,5610695736,0.983808,0.076128,0.476288,-70.7,-0.72625,-46.05125,-22.68,27.072,5.456,inter_set_rest,7,7.0,82525.0,329258.0,160209.0,317634.0,171074.0
2026-04-14 18:15:17.137168,843748,1609508010734714,5610704593,0.983808,0.076128,0.476288,-71.7325,1.225,-43.40875,-22.68,27.072,5.456,inter_set_rest,7,7.0,82525.0,329258.0,160209.0,317634.0,171074.0
2026-04-14 18:15:17.167165,843759,1609508010749349,5610719566,0.929152,0.10736,0.431392,-73.2375,3.96375,-40.57375,-23.256,27.464,4.616,inter_set_rest,7,7.0,86339.0,333662.0,165421.0,322240.0,176187.0
2026-04-14 18:15:17.169658,843760,1609508010758390,5610728348,0.929152,0.10736,0.431392,-72.9925,6.3525,-38.22875,-23.256,27.464,4.616,inter_set_rest,7,7.0,86339.0,333662.0,165421.0,322240.0,176187.0
2026-04-14 18:15:17.172135,843761,1609508010772971,5610743317,0.91744,0.115168,0.46848,-70.56875,7.91875,-36.6975,-23.328001,27.256,3.624,inter_set_rest,7,7.0,86339.0,333662.0,165421.0,322240.0,176187.0
2026-04-14 18:15:17.174691,843762,1609508010781986,5610752008,0.91744,0.115168,0.46848,-67.31375,10.885,-36.35625,-23.328001,27.256,3.624,inter_set_rest,7,7.0,86339.0,333662.0,165421.0,322240.0,176187.0
2026-04-14 18:15:17.177189,843763,1609508010790958,5610760803,0.93696,0.062464,0.374784,-65.02125,13.965,-34.83375,-23.832,27.384,4.576,inter_set_rest,7,7.0,86339.0,333662.0,165421.0,322240.0,176187.0
2026-04-14 18:15:17.184680,843764,1609508010805511,5610775714,0.948672,0.056608,0.374784,-63.9975,15.42625,-32.305,-22.784,27.384,4.568,inter_set_rest,7,7.0,86339.0,333662.0,165421.0,322240.0,176187.0
2026-04-14 18:15:17.193423,843765,1609508010814492,5610784427,0.948672,0.056608,0.374784,-61.81875,15.74125,-29.5575,-22.784,27.384,4.568,inter_set_rest,7,7.0,86339.0,333662.0,165421.0,322240.0,176187.0
2026-04-14 18:15:17.232023,843766,1609508010829035,5610799290,0.911584,0.08784,0.359168,-59.465,15.53125,-27.93875,-22.968,27.312002,2.752,inter_set_rest,7,7.0,86339.0,333662.0,165421.0,322240.0,176187.0
2026-04-14 18:15:17.234464,843767,1609508010837960,5610807977,0.911584,0.08784,0.359168,-56.0,15.35625,-27.8075,-22.968,27.312002,2.752,inter_set_rest,7,7.0,86339.0,333662.0,165421.0,322240.0,176187.0
2026-04-14 18:15:17.266856,843778,1609508010852484,5610820880,0.853024,0.046848,0.208864,-53.34875,15.925,-27.27375,-23.352001,27.304,1.76,inter_set_rest,7,7.0,88250.0,335301.0,167802.0,323690.0,178446.0
2026-04-14 18:15:17.269681,843779,1609508010861800,5610831717,0.853024,0.046848,0.208864,-51.52,16.8175,-26.17125,-23.352001,27.304,1.76,inter_set_rest,7,7.0,88250.0,335301.0,167802.0,323690.0,178446.0
2026-04-14 18:15:17.271583,843780,1609508010870743,5610840480,0.837408,0.054656,0.284992,-49.34125,17.0625,-23.7825,-23.904001,27.184002,1.112,inter_set_rest,7,7.0,88250.0,335301.0,167802.0,323690.0,178446.0
2026-04-14 18:15:17.274313,843781,1609508010885319,5610855542,0.786656,0.074176,0.269376,-46.4275,16.75625,-21.28875,-23.544,27.232,2.256,inter_set_rest,7,7.0,88250.0,335301.0,167802.0,323690.0,178446.0
2026-04-14 18:15:17.277178,843782,1609508010894341,5610864308,0.786656,0.074176,0.269376,-45.99875,16.1,-18.78625,-23.544,27.232,2.256,inter_set_rest,7,7.0,88250.0,335301.0,167802.0,323690.0,178446.0
2026-04-14 18:15:17.287217,843783,1609508010908863,5610877284,0.788608,0.093696,0.366976,-45.96375,15.95125,-16.5725,-24.056002,27.376001,0.424,inter_set_rest,7,7.0,88250.0,335301.0,167802.0,323690.0,178446.0
2026-04-14 18:15:17.299696,843784,1609508010918119,5610888045,0.788608,0.093696,0.366976,-45.36875,16.38875,-14.84875,-24.056002,27.376001,0.424,inter_set_rest,7,7.0,88250.0,335301.0,167802.0,323690.0,178446.0
2026-04-14 18:15:17.312887,843785,1609508010927045,5610896818,0.85888,0.015616,0.296704,-43.96,16.52,-13.78125,-23.904001,27.248001,0.728,inter_set_rest,7,7.0,88250.0,335301.0,167802.0,323690.0,178446.0
2026-04-14 18:15:17.322360,843786,1609508010941562,5610911739,0.85888,0.015616,0.296704,-42.7875,15.79375,-13.125,-23.904001,27.248001,0.728,inter_set_rest,7,7.0,88250.0,335301.0,167802.0,323690.0,178446.0
2026-04-14 18:15:17.348085,843797,1609508010950783,5610920605,0.823744,0.037088,0.314272,-40.71375,14.37625,-11.655,-24.408,27.768002,1.44,inter_set_rest,7,7.0,93029.0,337842.0,174093.0,326162.0,184794.0
2026-04-14 18:15:17.353457,843798,1609508010965358,5610935595,0.788608,0.101504,0.396256,-39.305,14.4375,-11.655,-24.408,27.768002,0.008,inter_set_rest,7,7.0,93029.0,337842.0,174093.0,326162.0,184794.0
2026-04-14 18:15:17.355604,843799,1609508010974388,5610944282,0.788608,0.101504,0.396256,-41.3525,14.971251,-12.71375,-24.688002,27.544,0.008,inter_set_rest,7,7.0,93029.0,337842.0,174093.0,326162.0,184794.0
2026-04-14 18:15:17.361697,843800,1609508010983366,5610953003,0.788608,0.101504,0.396256,-43.86375,13.9125,-14.175,-24.688002,27.544,0.008,inter_set_rest,7,7.0,93029.0,337842.0,174093.0,326162.0,184794.0
2026-04-14 18:15:17.375582,843801,1609508010997946,5610968012,0.851072,0.072224,0.501664,-40.7925,12.2325,-17.17625,-24.488,26.984001,-2.208,inter_set_rest,7,7.0,93029.0,337842.0,174093.0,326162.0,184794.0
2026-04-14 18:15:17.384684,843802,1609508011006947,5610976771,0.767136,0.113216,0.513376,-36.68,10.47375,-20.97375,-24.176,27.144001,-1.592,inter_set_rest,7,7.0,93029.0,337842.0,174093.0,326162.0,184794.0
2026-04-14 18:15:17.401256,843803,1609508011021535,5610991781,0.767136,0.113216,0.513376,-30.5025,8.1375,-24.5175,-24.176,27.144001,-1.592,inter_set_rest,7,7.0,93029.0,337842.0,174093.0,326162.0,184794.0
2026-04-14 18:15:17.438066,843804,1609508011030494,5611000512,0.813984,0.115168,0.44896,-23.8525,7.41125,-28.90125,-24.880001,26.984001,-0.608,inter_set_rest,7,7.0,93029.0,337842.0,174093.0,326162.0,184794.0
2026-04-14 18:15:17.441274,843805,1609508011045010,5611013376,0.813984,0.115168,0.44896,-19.9675,8.645,-33.53,-24.880001,26.984001,-0.608,inter_set_rest,7,7.0,93029.0,337842.0,174093.0,326162.0,184794.0
2026-04-14 18:15:17.490384,843816,1609508011054245,5611024180,0.81984,0.130784,0.366976,-18.7425,9.54625,-37.66,-25.056002,27.104002,1.256,inter_set_rest,7,7.0,106869.0,348939.0,191469.0,337336.0,201649.0
2026-04-14 18:15:17.493367,843817,1609508011063203,5611032882,0.81984,0.130784,0.366976,-19.845,10.00125,-41.02875,-25.056002,27.104002,1.256,inter_set_rest,7,7.0,106869.0,348939.0,191469.0,337336.0,201649.0
2026-04-14 18:15:17.497275,843818,1609508011077711,5611047856,0.769088,0.1464,0.337696,-18.61125,10.185,-44.58125,-25.544,26.640001,-0.8,inter_set_rest,7,7.0,106869.0,348939.0,191469.0,337336.0,201649.0
2026-04-14 18:15:17.500785,843819,1609508011086651,5611056530,0.815936,0.138592,0.441152,-18.655,9.24875,-47.64375,-25.536001,25.920002,-2.208,inter_set_rest,7,7.0,106869.0,348939.0,191469.0,337336.0,201649.0
2026-04-14 18:15:17.503266,843820,1609508011101188,5611071449,0.815936,0.138592,0.441152,-19.62625,8.225,-48.58,-25.536001,25.920002,-2.208,inter_set_rest,7,7.0,106869.0,348939.0,191469.0,337336.0,201649.0
2026-04-14 18:15:17.505756,843821,1609508011110468,5611080278,0.778848,0.162016,0.597312,-20.615,8.2425,-50.00625,-26.352001,25.384,-1.048,inter_set_rest,7,7.0,106869.0,348939.0,191469.0,337336.0,201649.0
2026-04-14 18:15:17.508291,843822,1609508011119436,5611088995,0.778848,0.162016,0.597312,-23.09125,9.1175,-49.60375,-26.352001,25.384,-1.048,inter_set_rest,7,7.0,106869.0,348939.0,191469.0,337336.0,201649.0
2026-04-14 18:15:17.513283,843823,1609508011134022,5611103888,0.675392,0.144448,0.349408,-25.05125,10.08,-48.1425,-26.664001,25.888,-0.528,inter_set_rest,7,7.0,106869.0,348939.0,191469.0,337336.0,201649.0
2026-04-14 18:15:17.520409,843824,1609508011142998,5611112643,0.675392,0.144448,0.349408,-24.7975,11.305,-46.6025,-26.664001,25.888,-0.528,inter_set_rest,7,7.0,106869.0,348939.0,191469.0,337336.0,201649.0
2026-04-14 18:15:17.554215,843835,1609508011157608,5611127645,0.743712,0.122976,0.569984,-23.5725,10.9375,-44.17875,-27.344002,25.336,-1.344,inter_set_rest,7,7.0,108201.0,352852.0,193691.0,342587.0,203566.0
2026-04-14 18:15:17.557150,843836,1609508011166595,5611136374,0.681248,0.124928,0.339648,-18.29625,9.87,-41.8775,-27.344002,25.336,-3.56,inter_set_rest,7,7.0,108201.0,352852.0,193691.0,342587.0,203566.0
2026-04-14 18:15:17.559610,843837,1609508011181231,5611151356,0.67344,0.124928,0.339648,-12.7225,8.5925,-41.13375,-28.456001,25.160002,-3.56,inter_set_rest,7,7.0,108201.0,352852.0,193691.0,342587.0,203566.0
2026-04-14 18:15:17.568183,843838,1609508011190173,5611160079,0.628544,0.181536,0.37088,-8.0675,8.11125,-40.99375,-27.632002,24.704,-1.712,inter_set_rest,7,7.0,108201.0,352852.0,193691.0,342587.0,203566.0
2026-04-14 18:15:17.581181,843839,1609508011199073,5611168785,0.628544,0.181536,0.37088,-5.3375,7.56875,-42.14875,-27.632002,24.704,-1.712,inter_set_rest,7,7.0,108201.0,352852.0,193691.0,342587.0,203566.0
2026-04-14 18:15:17.592954,843840,1609508011213573,5611183703,0.626592,0.20496,0.454816,-4.025,8.02375,-43.74125,-28.936,24.616001,0.08,inter_set_rest,7,7.0,108201.0,352852.0,193691.0,342587.0,203566.0
2026-04-14 18:15:17.600720,843841,1609508011222501,5611192663,0.626592,0.20496,0.454816,-0.35875,8.79375,-46.33125,-28.936,24.616001,0.08,inter_set_rest,7,7.0,108201.0,352852.0,193691.0,342587.0,203566.0
2026-04-14 18:15:17.614519,843842,1609508011237099,5611205526,0.601216,0.201056,0.415776,4.69,9.80875,-49.86625,-29.016,23.912,-0.96,inter_set_rest,7,7.0,108201.0,352852.0,193691.0,342587.0,203566.0
2026-04-14 18:15:17.649559,843853,1609508011246405,5611216497,0.601216,0.201056,0.415776,11.83,10.01,-52.24625,-29.016,23.912,-0.96,inter_set_rest,7,7.0,110287.0,355702.0,197034.0,346738.0,206760.0
2026-04-14 18:15:17.652145,843854,1609508011255914,5611225295,0.61488,0.222528,0.382592,18.87375,9.91375,-54.285,-29.080002,23.76,-1.368,inter_set_rest,7,7.0,110287.0,355702.0,197034.0,346738.0,206760.0
2026-04-14 18:15:17.654265,843855,1609508011270480,5611240316,0.642208,0.261568,0.353312,23.51125,10.05375,-55.3525,-29.464,22.856,-0.624,inter_set_rest,7,7.0,110287.0,355702.0,197034.0,346738.0,206760.0
2026-04-14 18:15:17.658472,843856,1609508011279481,5611249057,0.642208,0.261568,0.353312,25.803751,10.6925,-55.545002,-29.464,22.856,-0.624,inter_set_rest,7,7.0,110287.0,355702.0,197034.0,346738.0,206760.0
2026-04-14 18:15:17.674657,843857,1609508011293986,5611264017,0.679296,0.230336,0.464576,29.6625,10.75375,-56.37625,-31.304,22.896002,1.128,inter_set_rest,7,7.0,110287.0,355702.0,197034.0,346738.0,206760.0
2026-04-14 18:15:17.685221,843858,1609508011302893,5611272862,0.679296,0.230336,0.464576,34.1425,11.13875,-58.170002,-31.304,22.896002,1.128,inter_set_rest,7,7.0,110287.0,355702.0,197034.0,346738.0,206760.0
2026-04-14 18:15:17.696215,843859,1609508011312033,5611281568,0.724192,0.259616,0.35136,38.89375,14.69125,-54.48625,-31.016,21.992,0.696,inter_set_rest,7,7.0,110287.0,355702.0,197034.0,346738.0,206760.0
2026-04-14 18:15:17.705323,843860,1609508011326576,5611296453,0.724192,0.259616,0.35136,42.11375,16.02125,-50.96,-31.016,21.992,0.696,inter_set_rest,7,7.0,110287.0,355702.0,197034.0,346738.0,206760.0
2026-04-14 18:15:17.715798,843861,1609508011335528,5611305156,0.75152,0.275232,0.534848,43.30375,15.505,-47.20625,-31.536001,21.68,0.848,inter_set_rest,7,7.0,110287.0,355702.0,197034.0,346738.0,206760.0
2026-04-14 18:15:17.748431,843872,1609508011350843,5611320502,0.691008,0.33184,0.388448,43.89875,14.79625,-42.7525,-32.064003,21.336,0.824,inter_set_rest,7,7.0,117950.0,355301.0,207033.0,347074.0,216460.0
2026-04-14 18:15:17.750836,843873,1609508011359873,5611329294,0.691008,0.33184,0.388448,46.865,15.00625,-37.68625,-32.064003,21.336,0.824,inter_set_rest,7,7.0,117950.0,355301.0,207033.0,347074.0,216460.0
2026-04-14 18:15:17.753473,843874,1609508011368824,5611338055,0.710528,0.359168,0.413824,50.91625,15.995,-34.055,-31.864002,20.792002,-0.408,inter_set_rest,7,7.0,117950.0,355301.0,207033.0,347074.0,216460.0
2026-04-14 18:15:17.760939,843875,1609508011383398,5611352931,0.710528,0.359168,0.413824,50.63625,16.84375,-30.598751,-31.864002,20.792002,-0.408,inter_set_rest,7,7.0,117950.0,355301.0,207033.0,347074.0,216460.0
2026-04-14 18:15:17.770461,843876,1609508011392360,5611361654,0.745664,0.325984,0.363072,48.3525,17.24625,-24.29875,-31.728,20.624,2.024,inter_set_rest,7,7.0,117950.0,355301.0,207033.0,347074.0,216460.0
2026-04-14 18:15:17.810107,843877,1609508011406849,5611376610,0.745664,0.325984,0.363072,47.22375,17.1675,-17.08875,-31.728,20.624,2.024,inter_set_rest,4,7.0,117950.0,355301.0,207033.0,347074.0,216460.0
2026-04-14 18:15:17.810276,843878,1609508011415791,5611385281,0.718336,0.365024,0.501664,49.035,17.4825,-9.8525,-31.400002,20.240002,4.016,inter_set_rest,4,7.0,117950.0,355301.0,207033.0,347074.0,216460.0
2026-04-14 18:15:17.812788,843879,1609508011430441,5611400241,0.732,0.413824,0.491904,52.71,16.77375,-3.24625,-31.36,20.024,2.472,inter_set_rest,4,7.0,117950.0,355301.0,207033.0,347074.0,216460.0
2026-04-14 18:15:17.831586,843880,1609508011439532,5611408950,0.732,0.413824,0.491904,57.19,17.28125,1.96,-31.36,20.024,2.472,inter_set_rest,4,7.0,117950.0,355301.0,207033.0,347074.0,216460.0
2026-04-14 18:15:17.891723,843891,1609508011448638,5611417753,0.657824,0.366976,0.324032,58.87875,20.475,5.66125,-31.36,20.024,4.392,inter_set_rest,4,7.0,121873.0,350396.0,212653.0,343409.0,221809.0
2026-04-14 18:15:17.894237,843892,1609508011463452,5611432780,0.657824,0.366976,0.324032,57.505,22.93375,11.1125,-33.2,20.392,4.392,inter_set_rest,4,7.0,121873.0,350396.0,212653.0,343409.0,221809.0
2026-04-14 18:15:17.896691,843893,1609508011472437,5611441593,0.726144,0.378688,0.540704,58.3975,24.24625,19.635,-32.56,20.744001,5.248,inter_set_rest,4,7.0,121873.0,350396.0,212653.0,343409.0,221809.0
2026-04-14 18:15:17.899281,843894,1609508011486937,5611456529,0.726144,0.378688,0.540704,60.31375,25.1125,26.985,-32.56,20.744001,5.248,inter_set_rest,4,7.0,121873.0,350396.0,212653.0,343409.0,221809.0
2026-04-14 18:15:17.901901,843895,1609508011495856,5611465227,0.628544,0.425536,0.392352,62.30875,25.99625,32.62,-31.416002,21.296001,3.624,inter_set_rest,4,7.0,121873.0,350396.0,212653.0,343409.0,221809.0
2026-04-14 18:15:17.904155,843896,1609508011504828,5611473977,0.628544,0.425536,0.392352,63.34125,27.86,37.35375,-31.416002,21.296001,3.624,inter_set_rest,4,7.0,121873.0,350396.0,212653.0,343409.0,221809.0
2026-04-14 18:15:17.906834,843897,1609508011519341,5611488915,0.710528,0.396256,0.402112,64.37375,30.38875,41.34375,-31.160002,21.176,6.520001,inter_set_rest,4,7.0,121873.0,350396.0,212653.0,343409.0,221809.0
2026-04-14 18:15:17.909366,843898,1609508011528291,5611497610,0.710528,0.396256,0.402112,66.38625,33.013752,43.8025,-31.160002,21.176,6.520001,inter_set_rest,4,7.0,121873.0,350396.0,212653.0,343409.0,221809.0
2026-04-14 18:15:17.921848,843899,1609508011542819,5611512553,0.745664,0.3416,0.378688,68.5125,34.02875,46.82125,-30.456001,21.448002,9.216001,inter_set_rest,4,7.0,121873.0,350396.0,212653.0,343409.0,221809.0
2026-04-14 18:15:17.952358,843910,1609508011552580,5611521613,0.657824,0.433344,0.366976,72.75625,33.3025,50.89,-30.104002,21.480001,7.096,inter_set_rest,4,7.0,124720.0,350777.0,216575.0,343955.0,225740.0
2026-04-14 18:15:17.954931,843911,1609508011561704,5611530390,0.657824,0.433344,0.366976,78.295,32.68125,53.29625,-30.104002,21.480001,7.096,inter_set_rest,4,7.0,124720.0,350777.0,216575.0,343955.0,225740.0
2026-04-14 18:15:17.959229,843912,1609508011576568,5611545328,0.665632,0.4392,0.314272,83.48375,33.285,54.83625,-28.528002,21.808,7.712,inter_set_rest,4,7.0,124720.0,350777.0,216575.0,343955.0,225740.0
2026-04-14 18:15:17.964246,843913,1609508011585902,5611556227,0.665632,0.4392,0.314272,85.68875,34.335,55.79875,-28.528002,21.808,7.712,inter_set_rest,4,7.0,124720.0,350777.0,216575.0,343955.0,225740.0
2026-04-14 18:15:17.973048,843914,1609508011594861,5611564909,0.708576,0.452864,0.54656,88.9175,36.47,56.638752,-28.016,21.904001,9.656,inter_set_rest,4,7.0,124720.0,350777.0,216575.0,343955.0,225740.0
2026-04-14 18:15:17.987967,843915,1609508011609415,5611577783,0.708576,0.447008,0.378688,92.575,39.4275,57.39125,-28.016,21.904001,9.656,inter_set_rest,4,7.0,124720.0,350777.0,216575.0,343955.0,225740.0
2026-04-14 18:15:17.999367,843916,1609508011618611,5611588549,0.667584,0.447008,0.378688,97.3,43.085,58.73,-27.704,22.072,8.768001,inter_set_rest,4,7.0,124720.0,350777.0,216575.0,343955.0,225740.0
2026-04-14 18:15:18.011700,843917,1609508011633158,5611603512,0.776896,0.42944,0.456768,101.5525,46.48875,60.24375,-26.424002,21.816002,11.440001,inter_set_rest,4,7.0,124720.0,350777.0,216575.0,343955.0,225740.0
2026-04-14 18:15:18.020544,843918,1609508011642215,5611612205,0.776896,0.42944,0.456768,104.99125,49.420002,62.6325,-26.424002,21.816002,11.440001,inter_set_rest,4,7.0,124720.0,350777.0,216575.0,343955.0,225740.0
2026-04-14 18:15:18.059267,843929,1609508011656806,5611625187,0.689056,0.530944,0.406016,109.558754,52.15875,62.6675,-27.2,21.752,13.936001,inter_set_rest,4,7.0,131702.0,354671.0,225385.0,347290.0,234145.0
2026-04-14 18:15:18.065955,843930,1609508011666138,5611635996,0.689056,0.530944,0.406016,113.3475,54.145,59.00125,-27.2,21.752,13.936001,inter_set_rest,4,7.0,131702.0,354671.0,225385.0,347290.0,234145.0
2026-04-14 18:15:18.066042,843931,1609508011675140,5611644723,0.74176,0.519232,0.55632,116.90875,55.8425,54.005,-25.872002,21.528002,15.016001,inter_set_rest,4,7.0,131702.0,354671.0,225385.0,347290.0,234145.0
2026-04-14 18:15:18.067946,843932,1609508011689696,5611659636,0.74176,0.519232,0.462624,122.00125,57.260002,47.20625,-25.872002,21.528002,15.016001,inter_set_rest,4,7.0,131702.0,354671.0,225385.0,347290.0,234145.0
2026-04-14 18:15:18.077947,843933,1609508011698695,5611668350,0.71248,0.528992,0.462624,126.93625,57.21625,41.16,-24.240002,20.624,14.776001,inter_set_rest,4,7.0,131702.0,354671.0,225385.0,347290.0,234145.0
2026-04-14 18:15:18.093072,843934,1609508011713251,5611683214,0.714432,0.499712,0.17568,132.43124,56.6475,37.14375,-23.712002,20.064001,17.632,inter_set_rest,4,7.0,131702.0,354671.0,225385.0,347290.0,234145.0
2026-04-14 18:15:18.099673,843935,1609508011722281,5611691934,0.714432,0.499712,0.17568,136.05376,56.84,34.95625,-23.712002,20.064001,17.632,inter_set_rest,4,7.0,131702.0,354671.0,225385.0,347290.0,234145.0
2026-04-14 18:15:18.108432,843936,1609508011731226,5611700665,0.728096,0.562176,0.179584,137.50626,56.69125,35.0525,-23.904001,19.168001,17.376001,inter_set_rest,4,7.0,131702.0,354671.0,225385.0,347290.0,234145.0
2026-04-14 18:15:18.124146,843937,1609508011745720,5611715565,0.728096,0.562176,0.179584,138.6525,57.1375,33.6525,-23.904001,19.168001,17.376001,inter_set_rest,4,7.0,131702.0,354671.0,225385.0,347290.0,234145.0
2026-04-14 18:15:18.210069,843948,1609508011754864,5611724318,0.720288,0.610976,0.134688,136.12375,57.33,30.52875,-22.608002,17.656,19.144001,inter_set_rest,4,7.0,147788.0,359987.0,244268.0,350469.0,251247.0
2026-04-14 18:15:18.211802,843949,1609508011769423,5611739386,0.720288,0.610976,0.134688,130.69875,56.32375,27.9825,-22.608002,17.656,19.144001,inter_set_rest,4,7.0,147788.0,359987.0,244268.0,350469.0,251247.0
2026-04-14 18:15:18.214337,843950,1609508011778438,5611748077,0.757376,0.5368,0.103456,126.04375,53.8825,26.9675,-22.688002,17.256,21.384,inter_set_rest,4,7.0,147788.0,359987.0,244268.0,350469.0,251247.0
2026-04-14 18:15:18.217167,843951,1609508011787373,5611756743,0.757376,0.5368,0.103456,123.62,51.02125,26.36375,-22.688002,17.256,21.384,inter_set_rest,4,7.0,147788.0,359987.0,244268.0,350469.0,251247.0
2026-04-14 18:15:18.219303,843952,1609508011802017,5611771687,0.765184,0.57584,0.17568,123.06875,50.21625,26.73125,-22.232,16.304,22.920002,inter_set_rest,4,7.0,147788.0,359987.0,244268.0,350469.0,251247.0
2026-04-14 18:15:18.222102,843953,1609508011811120,5611780508,0.749568,0.651968,0.298656,120.295,52.24625,25.5325,-22.232,15.216001,24.256,inter_set_rest,4,7.0,147788.0,359987.0,244268.0,350469.0,251247.0
2026-04-14 18:15:18.224674,843954,1609508011825639,5611795432,0.749568,0.651968,0.298656,113.75,55.4575,24.00125,-22.488,15.216001,24.256,inter_set_rest,4,7.0,147788.0,359987.0,244268.0,350469.0,251247.0
2026-04-14 18:15:18.227169,843955,1609508011834576,5611804103,0.735904,0.593408,0.027328,104.51875,58.96625,22.19875,-21.576,14.792001,23.904001,inter_set_rest,4,7.0,147788.0,359987.0,244268.0,350469.0,251247.0
2026-04-14 18:15:18.229678,843956,1609508011843662,5611812776,0.735904,0.593408,0.027328,99.575,61.845,19.52125,-21.576,14.792001,23.904001,inter_set_rest,4,7.0,147788.0,359987.0,244268.0,350469.0,251247.0
2026-04-14 18:15:18.259630,843968,1609508011858188,5611827761,0.648064,0.642208,0.095648,97.37,61.62625,17.1325,-20.312,13.608001,24.640001,inter_set_rest,4,7.0,147613.0,352873.0,244691.0,343929.0,252019.0
2026-04-14 18:15:18.261728,843969,1609508011867291,5611836601,0.648064,0.642208,0.095648,97.58,62.04625,13.02,-20.312,13.608001,24.640001,inter_set_rest,4,7.0,147613.0,352873.0,244691.0,343929.0,252019.0
2026-04-14 18:15:18.264613,843970,1609508011881927,5611851604,0.714432,0.640256,0.20496,94.9725,65.66875,10.03625,-19.416,12.880001,25.560001,inter_set_rest,4,7.0,147613.0,352873.0,244691.0,343929.0,252019.0
2026-04-14 18:15:18.269050,843971,1609508011890847,5611860306,0.714432,0.640256,0.327936,88.2,70.72625,7.93625,-19.416,12.880001,25.560001,inter_set_rest,4,7.0,147613.0,352873.0,244691.0,343929.0,252019.0
2026-04-14 18:15:18.285612,843972,1609508011905377,5611875229,0.70272,0.616832,0.327936,78.47875,76.51,6.02875,-18.368,11.576,22.752,inter_set_rest,4,7.0,147613.0,352873.0,244691.0,343929.0,252019.0
2026-04-14 18:15:18.293461,843973,1609508011914324,5611883930,0.698816,0.54656,0.17568,72.14375,81.8825,6.335,-17.176,10.888001,26.952002,inter_set_rest,4,7.0,147613.0,352873.0,244691.0,343929.0,252019.0
2026-04-14 18:15:18.300581,843974,1609508011923444,5611892650,0.698816,0.54656,0.17568,71.496254,83.53625,7.315,-17.176,10.888001,26.952002,inter_set_rest,4,7.0,147613.0,352873.0,244691.0,343929.0,252019.0
2026-04-14 18:15:18.316910,843975,1609508011937938,5611907582,0.62464,0.612928,0.07808,72.42375,83.53625,7.49,-16.648,10.080001,26.36,inter_set_rest,4,7.0,147613.0,352873.0,244691.0,343929.0,252019.0
2026-04-14 18:15:18.324186,843976,1609508011946891,5611916353,0.62464,0.612928,0.07808,69.93875,82.95,6.32625,-16.648,10.080001,26.36,inter_set_rest,4,7.0,147613.0,352873.0,244691.0,343929.0,252019.0
2026-04-14 18:15:18.354127,843987,1609508011961472,5611931558,0.591456,0.603168,0.230336,62.195,82.17125,5.27625,-14.832001,9.192,27.064001,inter_set_rest,4,7.0,148809.0,344900.0,248014.0,337745.0,255675.0
2026-04-14 18:15:18.357089,843988,1609508011970422,5611940330,0.591456,0.603168,0.230336,52.77125,80.57,4.13,-14.832001,9.192,27.064001,inter_set_rest,4,7.0,148809.0,344900.0,248014.0,337745.0,255675.0
2026-04-14 18:15:18.363391,843989,1609508011985037,5611955288,0.651968,0.52704,0.365024,47.34625,78.61,3.675,-13.696001,8.528001,26.432001,inter_set_rest,4,7.0,148809.0,344900.0,248014.0,337745.0,255675.0
2026-04-14 18:15:18.374677,843990,1609508011994011,5611963996,0.579744,0.550464,0.111264,47.0225,77.09625,2.2225,-13.56,8.992001,29.672,inter_set_rest,4,7.0,148809.0,344900.0,248014.0,337745.0,255675.0
2026-04-14 18:15:18.382197,843991,1609508012002988,5611972678,0.579744,0.550464,0.111264,47.915,75.90625,-0.83125,-13.56,8.992001,29.672,inter_set_rest,4,7.0,148809.0,344900.0,248014.0,337745.0,255675.0
2026-04-14 18:15:18.397220,843992,1609508012017493,5611987621,0.54656,0.61488,0.245952,49.53375,72.93125,-4.05125,-12.064,7.472,28.424002,inter_set_rest,4,7.0,148809.0,344900.0,248014.0,337745.0,255675.0
2026-04-14 18:15:18.404371,843993,1609508012026401,5611996358,0.54656,0.61488,0.245952,50.70625,71.00625,-8.7675,-12.064,7.472,28.424002,inter_set_rest,4,7.0,148809.0,344900.0,248014.0,337745.0,255675.0
2026-04-14 18:15:18.420694,843994,1609508012040967,5612011306,0.607072,0.630496,0.365024,50.89,69.08125,-15.12,-11.632001,7.24,28.416002,inter_set_rest,4,7.0,148809.0,344900.0,248014.0,337745.0,255675.0
2026-04-14 18:15:18.454169,844005,1609508012049927,5612020203,0.607072,0.630496,0.365024,48.86875,67.34875,-20.4225,-11.632001,7.24,28.416002,inter_set_rest,4,7.0,157219.0,343598.0,258847.0,337174.0,265324.0
2026-04-14 18:15:18.457207,844006,1609508012058957,5612028972,0.519232,0.562176,0.251808,43.47,66.87625,-25.725,-10.512,6.112001,28.656002,inter_set_rest,4,7.0,157219.0,343598.0,258847.0,337174.0,265324.0
2026-04-14 18:15:18.459658,844007,1609508012073525,5612043864,0.495808,0.607072,0.2928,40.43375,66.745,-29.19875,-9.904,5.88,27.320002,inter_set_rest,4,7.0,157219.0,343598.0,258847.0,337174.0,265324.0
2026-04-14 18:15:18.462162,844008,1609508012082472,5612052647,0.495808,0.607072,0.2928,41.72875,66.19375,-32.445,-9.904,5.88,27.320002,inter_set_rest,4,7.0,157219.0,343598.0,258847.0,337174.0,265324.0
2026-04-14 18:15:18.477185,844009,1609508012096955,5612065503,0.472384,0.630496,0.177632,47.6875,67.54125,-38.08,-8.984,4.92,29.368002,inter_set_rest,4,7.0,157219.0,343598.0,258847.0,337174.0,265324.0
2026-04-14 18:15:18.484587,844010,1609508012106358,5612076370,0.472384,0.630496,0.177632,49.2975,68.41625,-43.49625,-8.984,4.92,29.368002,inter_set_rest,4,7.0,157219.0,343598.0,258847.0,337174.0,265324.0
2026-04-14 18:15:18.514529,844011,1609508012115400,5612085067,0.452864,0.66368,0.255712,46.73375,67.3575,-46.69875,-8.992001,4.44,30.632002,inter_set_rest,4,7.0,157219.0,343598.0,258847.0,337174.0,265324.0
2026-04-14 18:15:18.539595,844012,1609508012129954,5612100035,0.452864,0.66368,0.255712,44.1875,64.5925,-50.5575,-8.992001,4.44,30.632002,inter_set_rest,4,7.0,157219.0,343598.0,258847.0,337174.0,265324.0
2026-04-14 18:15:18.564344,844013,1609508012138885,5612108747,0.44896,0.667584,0.44896,41.79,62.1775,-56.42875,-8.224,3.4,30.504002,inter_set_rest,4,7.0,157219.0,343598.0,258847.0,337174.0,265324.0
2026-04-14 18:15:18.594679,844024,1609508012153507,5612123825,0.427488,0.646112,0.33184,41.6675,59.99,-60.90875,-7.648,3.184,30.688002,inter_set_rest,4,7.0,160924.0,341735.0,263627.0,335982.0,269584.0
2026-04-14 18:15:18.596737,844025,1609508012162490,5612132468,0.427488,0.646112,0.33184,43.72375,61.18875,-60.3925,-7.648,3.184,30.688002,inter_set_rest,4,7.0,160924.0,341735.0,263627.0,335982.0,269584.0
2026-04-14 18:15:18.601481,844026,1609508012176950,5612145315,0.376736,0.616832,0.163968,45.745,65.17,-60.66375,-6.464,2.016,31.480001,inter_set_rest,4,7.0,160924.0,341735.0,263627.0,335982.0,269584.0
2026-04-14 18:15:18.601694,844027,1609508012186118,5612156089,0.376736,0.616832,0.163968,51.70375,66.73625,-60.61125,-6.464,2.016,31.480001,inter_set_rest,4,7.0,160924.0,341735.0,263627.0,335982.0,269584.0
2026-04-14 18:15:18.607009,844028,1609508012195224,5612164790,0.359168,0.776896,0.18544,55.55375,65.1875,-61.92375,-6.744,1.808,31.720001,inter_set_rest,4,7.0,160924.0,341735.0,263627.0,335982.0,269584.0
2026-04-14 18:15:18.622715,844029,1609508012209806,5612179946,0.359168,0.776896,0.18544,60.73375,62.88625,-66.45625,-6.744,1.808,31.720001,inter_set_rest,4,7.0,160924.0,341735.0,263627.0,335982.0,269584.0
2026-04-14 18:15:18.622801,844030,1609508012218814,5612188680,0.316224,0.872544,0.179584,59.99875,60.1475,-69.405,-6.136,0.832,32.168003,inter_set_rest,4,7.0,160924.0,341735.0,263627.0,335982.0,269584.0
2026-04-14 18:15:18.622854,844031,1609508012233360,5612203635,0.316224,0.813984,0.158112,54.13625,57.715,-66.5,-6.136,0.832,32.168003,inter_set_rest,4,7.0,160924.0,341735.0,263627.0,335982.0,269584.0
2026-04-14 18:15:18.622923,844032,1609508012242411,5612212319,0.384544,0.813984,0.158112,51.7825,52.10625,-65.38,-4.56,-0.064,31.352001,inter_set_rest,4,7.0,160924.0,341735.0,263627.0,335982.0,269584.0
2026-04-14 18:15:18.654071,844043,1609508012251340,5612221334,0.384544,0.813984,0.158112,50.54,43.0325,-66.36875,-4.56,-0.064,31.352001,inter_set_rest,4,7.0,160502.0,342409.0,262676.0,336880.0,269374.0
2026-04-14 18:15:18.656608,844044,1609508012266063,5612236367,0.407968,0.85888,0.35136,46.85625,34.9475,-66.82375,-3.568,-1.096,29.752,inter_set_rest,4,7.0,160502.0,342409.0,262676.0,336880.0,269374.0
2026-04-14 18:15:18.659549,844045,1609508012275114,5612245107,0.197152,0.997472,0.329888,45.675,31.01,-64.23375,-3.576,-1.928,30.504002,inter_set_rest,4,7.0,160502.0,342409.0,262676.0,336880.0,269374.0
2026-04-14 18:15:18.671677,844046,1609508012289658,5612260159,0.197152,0.997472,0.329888,55.125,32.576252,-60.655,-3.576,-1.928,30.504002,inter_set_rest,4,7.0,160502.0,342409.0,262676.0,336880.0,269374.0
2026-04-14 18:15:18.677996,844047,1609508012298572,5612268866,0.1952,1.052128,0.12688,63.385002,34.34375,-58.205,-3.152,-2.16,30.616001,inter_set_rest,4,7.0,160502.0,342409.0,262676.0,336880.0,269374.0
2026-04-14 18:15:18.689665,844048,1609508012313073,5612281749,0.1952,1.052128,0.12688,55.06375,31.9375,-57.365,-3.152,-2.16,30.616001,inter_set_rest,4,7.0,160502.0,342409.0,262676.0,336880.0,269374.0
2026-04-14 18:15:18.704210,844049,1609508012322321,5612292517,0.169824,1.046272,0.35136,34.265,27.44875,-55.79,-2.656,-2.64,27.400002,inter_set_rest,4,7.0,160502.0,342409.0,262676.0,336880.0,269374.0
2026-04-14 18:15:18.709515,844050,1609508012331405,5612301226,0.169824,1.046272,0.35136,14.46375,27.51875,-52.535,-2.656,-2.64,27.400002,inter_set_rest,4,7.0,160502.0,342409.0,262676.0,336880.0,269374.0
2026-04-14 18:15:18.725907,844051,1609508012346029,5612316096,0.13664,1.079456,0.329888,13.48375,33.25875,-47.71375,-1.648,-2.952,29.632002,inter_set_rest,4,7.0,160502.0,342409.0,262676.0,336880.0,269374.0
2026-04-14 18:15:18.757202,844062,1609508012355424,5612324882,0.245952,1.118496,0.421632,21.25375,39.66375,-45.19375,-1.8,-2.864,30.320002,inter_set_rest,4,7.0,155452.0,342181.0,256162.0,337379.0,263647.0
2026-04-14 18:15:18.759602,844063,1609508012364502,5612333617,0.245952,1.118496,0.421632,13.615,42.3325,-40.5825,-1.8,-2.864,30.320002,inter_set_rest,4,7.0,155452.0,342181.0,256162.0,337379.0,263647.0
2026-04-14 18:15:18.762192,844064,1609508012379064,5612348509,0.16592,1.040416,0.290848,-8.2775,41.78125,-36.05875,-0.104,-2.704,29.368002,inter_set_rest,4,7.0,155452.0,342181.0,256162.0,337379.0,263647.0
2026-04-14 18:15:18.766025,844065,1609508012387997,5612357218,0.16592,1.040416,0.290848,-24.84125,42.28875,-31.43,-0.104,-2.704,29.368002,inter_set_rest,4,7.0,155452.0,342181.0,256162.0,337379.0,263647.0
2026-04-14 18:15:18.782179,844066,1609508012402485,5612372160,0.240096,0.954528,0.363072,-25.3925,44.170002,-28.175,-1.288,-2.192,31.088001,inter_set_rest,4,7.0,155452.0,342181.0,256162.0,337379.0,263647.0
2026-04-14 18:15:18.789704,844067,1609508012411436,5612380883,0.240096,0.954528,0.363072,-23.835001,45.80625,-21.27125,-1.288,-2.192,31.088001,inter_set_rest,4,7.0,155452.0,342181.0,256162.0,337379.0,263647.0
2026-04-14 18:15:18.804106,844068,1609508012425937,5612395758,0.27328,0.950624,0.607072,-27.265,45.00125,-13.16875,1.128,-2.12,29.240002,inter_set_rest,4,7.0,155452.0,342181.0,256162.0,337379.0,263647.0
2026-04-14 18:15:18.812183,844069,1609508012435068,5612404459,0.191296,0.933056,0.366976,-30.65125,43.37375,-6.23875,1.128,-1.824,30.28,inter_set_rest,4,7.0,155452.0,342181.0,256162.0,337379.0,263647.0
2026-04-14 18:15:18.820387,844070,1609508012444081,5612413172,0.191296,0.933056,0.366976,-31.61375,42.105,-1.54875,1.976,-1.824,30.28,inter_set_rest,4,7.0,155452.0,342181.0,256162.0,337379.0,263647.0
2026-04-14 18:15:18.856920,844081,1609508012458717,5612428101,0.284992,0.93696,0.49776,-29.4175,41.22125,-0.1225,2.224,-1.192,29.696001,inter_set_rest,4,7.0,142594.0,339577.0,239902.0,334358.0,248823.0
2026-04-14 18:15:18.859679,844082,1609508012467711,5612436830,0.284992,0.93696,0.49776,-34.9475,40.59125,-0.8225,2.224,-1.192,29.696001,inter_set_rest,4,7.0,142594.0,339577.0,239902.0,334358.0,248823.0
2026-04-14 18:15:18.862198,844083,1609508012482243,5612451794,0.30256,0.90768,0.540704,-44.63375,39.0075,-2.33625,2.56,-0.352,30.552002,inter_set_rest,4,7.0,142594.0,339577.0,239902.0,334358.0,248823.0
2026-04-14 18:15:18.869283,844084,1609508012491254,5612460499,0.30256,0.90768,0.540704,-50.02375,35.91,-4.0075,2.56,-0.352,30.552002,inter_set_rest,4,7.0,142594.0,339577.0,239902.0,334358.0,248823.0
2026-04-14 18:15:18.904075,844085,1609508012505775,5612475406,0.162016,0.903776,0.532896,-52.78875,32.31375,-2.9225,2.368,0.16,29.272001,inter_set_rest,4,7.0,142594.0,339577.0,239902.0,334358.0,248823.0
2026-04-14 18:15:18.907004,844086,1609508012514726,5612484102,0.162016,0.903776,0.532896,-48.7375,29.54875,-1.7325,2.368,0.16,29.272001,inter_set_rest,4,7.0,142594.0,339577.0,239902.0,334358.0,248823.0
2026-04-14 18:15:18.909510,844087,1609508012523722,5612492814,0.236192,0.88816,0.700768,-39.4275,29.575,-3.14125,2.88,0.768,32.728,inter_set_rest,4,7.0,142594.0,339577.0,239902.0,334358.0,248823.0
2026-04-14 18:15:18.935939,844088,1609508012538206,5612507709,0.259616,0.745664,0.610976,-37.3275,32.55,-1.47875,3.216,0.864,30.44,inter_set_rest,4,7.0,142594.0,339577.0,239902.0,334358.0,248823.0
2026-04-14 18:15:18.961019,844089,1609508012547113,5612516405,0.259616,0.745664,0.610976,-35.7875,35.25375,1.4525,3.216,0.864,30.44,inter_set_rest,4,7.0,142594.0,339577.0,239902.0,334358.0,248823.0
2026-04-14 18:15:18.989752,844100,1609508012561665,5612531399,0.197152,0.827648,0.3904,-32.27,37.75625,3.24625,4.648,0.848,29.264002,inter_set_rest,4,7.0,146281.0,342401.0,244303.0,335311.0,253663.0
2026-04-14 18:15:18.991459,844101,1609508012570630,5612540179,0.197152,0.827648,0.3904,-30.6775,38.52625,3.115,4.648,0.848,29.264002,inter_set_rest,4,7.0,146281.0,342401.0,244303.0,335311.0,253663.0
2026-04-14 18:15:18.992794,844102,1609508012579546,5612548846,0.242048,0.886208,0.64416,-27.36125,37.31,2.75625,5.44,1.456,28.768002,inter_set_rest,4,7.0,146281.0,342401.0,244303.0,335311.0,253663.0
2026-04-14 18:15:18.995303,844103,1609508012594035,5612563801,0.242048,0.886208,0.64416,-31.3775,34.055,-0.44625,5.44,1.456,28.768002,inter_set_rest,4,7.0,146281.0,342401.0,244303.0,335311.0,253663.0
2026-04-14 18:15:18.998304,844104,1609508012603037,5612572527,0.1952,0.866688,0.62464,-34.965,30.66875,-0.735,5.544,1.248,30.656002,inter_set_rest,4,7.0,146281.0,342401.0,244303.0,335311.0,253663.0
2026-04-14 18:15:19.000657,844105,1609508012617555,5612587575,0.18544,0.833504,0.441152,-33.635,28.62125,0.95375,5.952,2.272,27.864002,inter_set_rest,4,7.0,146281.0,342401.0,244303.0,335311.0,253663.0
2026-04-14 18:15:19.005813,844106,1609508012626616,5612596306,0.18544,0.833504,0.441152,-32.235,26.06625,3.33375,5.952,2.272,27.864002,inter_set_rest,4,7.0,146281.0,342401.0,244303.0,335311.0,253663.0
2026-04-14 18:15:19.020422,844107,1609508012641111,5612611191,0.163968,0.854976,0.421632,-32.165,24.8675,4.31375,6.272,2.424,28.424002,inter_set_rest,4,7.0,146281.0,342401.0,244303.0,335311.0,253663.0
2026-04-14 18:15:19.028357,844108,1609508012650033,5612619949,0.163968,0.854976,0.421632,-30.380001,23.38875,2.3975,6.272,2.424,28.424002,inter_set_rest,4,7.0,146281.0,342401.0,244303.0,335311.0,253663.0
2026-04-14 18:15:19.059720,844119,1609508012659104,5612628739,0.162016,0.726144,0.489952,-26.41625,20.06375,-0.91,6.264,2.24,29.576002,inter_set_rest,4,7.0,162945.0,350114.0,263036.0,340057.0,270842.0
2026-04-14 18:15:19.062201,844120,1609508012673927,5612643688,0.162016,0.726144,0.489952,-15.575,14.1575,-1.96,6.264,2.24,29.576002,inter_set_rest,4,7.0,162945.0,350114.0,263036.0,340057.0,270842.0
2026-04-14 18:15:19.064770,844121,1609508012682907,5612652415,0.206912,0.796416,0.599264,-11.795,7.28,-1.61,6.056,2.92,29.264002,inter_set_rest,4,7.0,162945.0,350114.0,263036.0,340057.0,270842.0
2026-04-14 18:15:19.076641,844122,1609508012697538,5612667377,0.140544,0.75152,0.407968,-17.3425,4.655,-0.7,6.744,2.792,29.464,inter_set_rest,4,7.0,162945.0,350114.0,263036.0,340057.0,270842.0
2026-04-14 18:15:19.085060,844123,1609508012706540,5612676075,0.140544,0.75152,0.407968,-24.33375,5.88,0.21,6.744,2.792,29.464,inter_set_rest,4,7.0,162945.0,350114.0,263036.0,340057.0,270842.0
2026-04-14 18:15:19.094646,844124,1609508012715470,5612684758,0.140544,0.75152,0.407968,-21.76125,8.89875,-0.735,6.744,2.792,29.464,inter_set_rest,4,7.0,162945.0,350114.0,263036.0,340057.0,270842.0
2026-04-14 18:15:19.106804,844125,1609508012729940,5612699664,0.201056,0.691008,0.716384,-16.84375,12.0225,-3.64875,6.904,2.568,27.984001,inter_set_rest,4,7.0,162945.0,350114.0,263036.0,340057.0,270842.0
2026-04-14 18:15:19.118429,844126,1609508012738860,5612708411,0.1952,0.69296,0.687104,-15.015,13.48375,-4.5675,7.208,3.016,28.224,inter_set_rest,4,7.0,162945.0,350114.0,263036.0,340057.0,270842.0
2026-04-14 18:15:19.157198,844127,1609508012753334,5612723326,0.1952,0.69296,0.687104,-12.53875,14.83125,-3.57875,7.208,3.016,28.224,inter_set_rest,4,7.0,162945.0,350114.0,263036.0,340057.0,270842.0
2026-04-14 18:15:19.184150,844138,1609508012762289,5612732092,0.148352,0.802272,0.630496,-11.83,17.045,-4.36625,7.208,3.216,28.144001,inter_set_rest,4,7.0,165888.0,345030.0,266036.0,334072.0,273508.0
2026-04-14 18:15:19.187032,844139,1609508012776909,5612746988,0.148352,0.689056,0.607072,-13.78125,18.52375,-6.02875,7.208,3.216,30.192001,inter_set_rest,4,7.0,165888.0,345030.0,266036.0,334072.0,273508.0
2026-04-14 18:15:19.189578,844140,1609508012785874,5612755677,0.15616,0.689056,0.607072,-14.49,20.8425,-8.3825,7.808001,3.496,29.032001,inter_set_rest,4,7.0,165888.0,345030.0,266036.0,334072.0,273508.0
2026-04-14 18:15:19.191571,844141,1609508012794898,5612764514,0.15616,0.689056,0.607072,-9.87,22.715,-8.89875,7.808001,3.496,29.032001,inter_set_rest,4,7.0,165888.0,345030.0,266036.0,334072.0,273508.0
2026-04-14 18:15:19.194553,844142,1609508012809456,5612779475,0.162016,0.733952,0.622688,1.18125,23.2575,-8.58375,8.256001,3.224,27.552002,inter_set_rest,4,7.0,165888.0,345030.0,266036.0,334072.0,273508.0
2026-04-14 18:15:19.197116,844143,1609508012818376,5612788275,0.128832,0.815936,0.417728,8.2075,23.58125,-7.7175,8.144,3.12,28.608002,inter_set_rest,4,7.0,165888.0,345030.0,266036.0,334072.0,273508.0
2026-04-14 18:15:19.212151,844144,1609508012832968,5612803179,0.128832,0.815936,0.417728,4.47125,23.3625,-6.9475,8.144,3.12,28.608002,inter_set_rest,4,7.0,165888.0,345030.0,266036.0,334072.0,273508.0
2026-04-14 18:15:19.219656,844145,1609508012841941,5612811929,0.093696,0.802272,0.835456,1.0675,23.178751,-7.04375,8.424001,2.992,27.784,inter_set_rest,4,7.0,165888.0,345030.0,266036.0,334072.0,273508.0
2026-04-14 18:15:19.311603,844156,1609508012856528,5612826851,0.093696,0.802272,0.835456,4.99625,25.025,-3.7625,8.424001,2.992,27.784,inter_set_rest,4,7.0,175497.0,345804.0,277008.0,334438.0,282706.0
2026-04-14 18:15:19.314029,844157,1609508012865689,5612835636,0.101504,0.825696,0.710528,11.33125,27.36125,0.69125,9.200001,2.896,30.44,inter_set_rest,4,7.0,175497.0,345804.0,277008.0,334438.0,282706.0
2026-04-14 18:15:19.316703,844158,1609508012874730,5612844369,0.101504,0.825696,0.710528,8.085,28.51625,5.8975,9.200001,2.896,30.44,inter_set_rest,4,7.0,175497.0,345804.0,277008.0,334438.0,282706.0
2026-04-14 18:15:19.319208,844159,1609508012889221,5612859303,0.115168,0.817888,0.70272,3.29,28.13125,10.36,8.928,3.192,28.488,inter_set_rest,4,7.0,175497.0,345804.0,277008.0,334438.0,282706.0
2026-04-14 18:15:19.321672,844160,1609508012898125,5612867986,0.037088,0.847168,0.55632,2.86125,27.2825,13.1775,8.976001,2.432,29.624,inter_set_rest,4,7.0,175497.0,345804.0,277008.0,334438.0,282706.0
2026-04-14 18:15:19.324100,844161,1609508012912637,5612882880,0.037088,0.847168,0.55632,6.3875,25.15625,13.825,8.976001,2.432,29.624,inter_set_rest,4,7.0,175497.0,345804.0,277008.0,334438.0,282706.0
2026-04-14 18:15:19.326605,844162,1609508012921587,5612891548,0.02928,0.835456,0.75152,9.63375,22.89875,15.435,8.832001,2.536,28.52,inter_set_rest,4,7.0,175497.0,345804.0,277008.0,334438.0,282706.0
2026-04-14 18:15:19.329216,844163,1609508012930520,5612900253,0.02928,0.835456,0.75152,9.80875,21.7525,18.375,8.832001,2.536,28.52,inter_set_rest,4,7.0,175497.0,345804.0,277008.0,334438.0,282706.0
2026-04-14 18:15:19.331680,844164,1609508012945159,5612915244,0.0488,0.813984,0.732,9.30125,19.76625,22.11125,9.016001,2.32,28.824001,inter_set_rest,4,7.0,175497.0,345804.0,277008.0,334438.0,282706.0
2026-04-14 18:15:19.334141,844165,1609508012954078,5612923976,0.0488,0.813984,0.732,5.53875,17.99875,25.9,9.016001,2.32,28.824001,inter_set_rest,4,7.0,175497.0,345804.0,277008.0,334438.0,282706.0
2026-04-14 18:15:19.367452,844176,1609508012968658,5612938955,0.056608,0.802272,0.665632,2.38,17.15,29.82875,9.304001,2.24,28.912,inter_set_rest,4,7.0,177719.0,340499.0,279392.0,328938.0,284585.0
2026-04-14 18:15:19.368842,844177,1609508012977620,5612947730,0.056608,0.802272,0.665632,1.855,16.6775,32.6025,9.304001,2.24,28.912,inter_set_rest,4,7.0,177719.0,340499.0,279392.0,328938.0,284585.0
2026-04-14 18:15:19.371655,844178,1609508012992137,5612960574,0.050752,0.798368,0.628544,-0.245,14.70875,32.445,8.816,2.12,29.192001,inter_set_rest,4,7.0,177719.0,340499.0,279392.0,328938.0,284585.0
2026-04-14 18:15:19.381711,844179,1609508013001383,5612971345,0.044896,0.733952,0.700768,-1.86375,12.41625,30.70375,9.208,1.144,27.720001,inter_set_rest,4,7.0,177719.0,340499.0,279392.0,328938.0,284585.0
2026-04-14 18:15:19.389247,844180,1609508013010305,5612980056,0.044896,0.733952,0.700768,-0.32375,10.43,27.9475,9.208,1.144,27.720001,inter_set_rest,4,7.0,177719.0,340499.0,279392.0,328938.0,284585.0
2026-04-14 18:15:19.404139,844181,1609508013024855,5612995041,-0.013664,0.76128,0.612928,5.95,8.3125,25.59375,9.96,1.472,28.016,inter_set_rest,4,7.0,177719.0,340499.0,279392.0,328938.0,284585.0
2026-04-14 18:15:19.411870,844182,1609508013033888,5613003746,-0.013664,0.76128,0.612928,11.34,5.6525,24.00125,9.96,1.472,28.016,inter_set_rest,4,7.0,177719.0,340499.0,279392.0,328938.0,284585.0
2026-04-14 18:15:19.426868,844183,1609508013048543,5613018649,0.00976,0.792512,0.603168,10.57875,4.31375,23.52,10.776001,0.672,26.776001,inter_set_rest,4,7.0,177719.0,340499.0,279392.0,328938.0,284585.0
2026-04-14 18:15:19.461504,844194,1609508013057533,5613027884,0.00976,0.792512,0.603168,9.93125,3.465,21.84875,10.776001,0.672,26.776001,inter_set_rest,4,7.0,174993.0,337238.0,275893.0,325726.0,281005.0
2026-04-14 18:15:19.464505,844195,1609508013066701,5613036690,-0.017568,0.74176,0.573888,6.51875,3.85,19.2675,10.8,0.64,27.224,inter_set_rest,4,7.0,174993.0,337238.0,275893.0,325726.0,281005.0
2026-04-14 18:15:19.466565,844196,1609508013081222,5613049586,0.083936,0.696864,0.61488,7.35,4.305,17.85875,9.984,0.312,27.888,inter_set_rest,4,7.0,174993.0,337238.0,275893.0,325726.0,281005.0
2026-04-14 18:15:19.469076,844197,1609508013090448,5613060366,0.083936,0.696864,0.61488,9.8175,3.50875,16.30125,9.984,0.312,27.888,inter_set_rest,4,7.0,174993.0,337238.0,275893.0,325726.0,281005.0
2026-04-14 18:15:19.485818,844198,1609508013104973,5613075251,0.080032,0.710528,0.763232,7.77,3.14125,15.715,10.504001,-0.104,26.776001,inter_set_rest,4,7.0,174993.0,337238.0,275893.0,325726.0,281005.0
2026-04-14 18:15:19.492194,844199,1609508013113915,5613084036,0.080032,0.710528,0.763232,5.62625,2.87875,15.28625,10.504001,-0.104,26.776001,inter_set_rest,4,7.0,174993.0,337238.0,275893.0,325726.0,281005.0
2026-04-14 18:15:19.504280,844200,1609508013128401,5613096872,0.12688,0.69296,0.679296,4.5675,4.6725,14.9975,11.184001,-0.368,26.752,inter_set_rest,4,7.0,174993.0,337238.0,275893.0,325726.0,281005.0
2026-04-14 18:15:19.515893,844201,1609508013137746,5613107626,0.12688,0.69296,0.679296,2.14375,8.30375,13.4925,11.184001,-0.368,26.752,inter_set_rest,4,7.0,174993.0,337238.0,275893.0,325726.0,281005.0
2026-04-14 18:15:19.527189,844202,1609508013146694,5613116317,0.160064,0.622688,0.532896,1.79375,11.83875,12.5825,11.088,-0.536,25.784,inter_set_rest,4,7.0,174993.0,337238.0,275893.0,325726.0,281005.0
2026-04-14 18:15:19.562228,844213,1609508013161511,5613131274,0.085888,0.661728,0.530944,4.73375,13.7725,11.31375,10.664001,-0.296,28.080002,inter_set_rest,4,7.0,167507.0,335880.0,265860.0,324009.0,271604.0
2026-04-14 18:15:19.564590,844214,1609508013170503,5613140074,0.085888,0.661728,0.530944,10.64875,12.83625,8.54875,10.664001,-0.296,28.080002,inter_set_rest,4,7.0,167507.0,335880.0,265860.0,324009.0,271604.0
2026-04-14 18:15:19.567113,844215,1609508013185074,5613155017,0.056608,0.735904,0.681248,17.82375,11.3225,5.1275,11.144,-0.84,26.272001,inter_set_rest,4,7.0,167507.0,335880.0,265860.0,324009.0,271604.0
2026-04-14 18:15:19.574626,844216,1609508013194082,5613163717,0.056608,0.735904,0.681248,20.3,11.43625,4.24375,11.144,-0.84,26.272001,inter_set_rest,4,7.0,167507.0,335880.0,265860.0,324009.0,271604.0
2026-04-14 18:15:19.580814,844217,1609508013203036,5613172466,0.050752,0.704672,0.523136,19.03125,13.04625,3.4825,11.344001,-1.232,26.608002,inter_set_rest,4,7.0,167507.0,335880.0,265860.0,324009.0,271604.0
2026-04-14 18:15:19.597155,844218,1609508013217576,5613187367,0.050752,0.704672,0.523136,17.70125,14.9275,2.91375,11.344001,-1.232,26.608002,inter_set_rest,4,7.0,167507.0,335880.0,265860.0,324009.0,271604.0
2026-04-14 18:15:19.604253,844219,1609508013226513,5613196062,0.140544,0.642208,0.57584,14.542501,16.38,2.5725,11.512,-1.24,26.248001,inter_set_rest,4,7.0,167507.0,335880.0,265860.0,324009.0,271604.0
2026-04-14 18:15:19.642150,844220,1609508013240997,5613210949,0.109312,0.696864,0.452864,13.5275,16.4325,1.715,11.920001,-1.824,26.632002,inter_set_rest,4,7.0,167507.0,335880.0,265860.0,324009.0,271604.0
2026-04-14 18:15:19.642968,844221,1609508013249926,5613219830,0.109312,0.696864,0.452864,16.1525,15.26,0.1225,11.920001,-1.824,26.632002,inter_set_rest,4,7.0,167507.0,335880.0,265860.0,324009.0,271604.0
2026-04-14 18:15:19.703479,844232,1609508013259375,5613229012,0.109312,0.696864,0.452864,18.445,13.4925,-1.98625,11.920001,-1.824,26.632002,inter_set_rest,4,7.0,168125.0,335327.0,266526.0,323513.0,272132.0
2026-04-14 18:15:19.705910,844233,1609508013274159,5613244037,0.167872,0.714432,0.65392,21.035,11.47125,-4.4625,11.000001,-1.608,29.416002,inter_set_rest,4,7.0,168125.0,335327.0,266526.0,323513.0,272132.0
2026-04-14 18:15:19.708413,844234,1609508013283242,5613252748,0.15616,0.694912,0.441152,27.02875,10.98125,-5.915,10.968,-2.016,26.816002,inter_set_rest,4,7.0,168125.0,335327.0,266526.0,323513.0,272132.0
2026-04-14 18:15:19.710930,844235,1609508013297735,5613267623,0.15616,0.694912,0.441152,28.62125,11.62875,-6.475,10.968,-2.016,26.816002,inter_set_rest,4,7.0,168125.0,335327.0,266526.0,323513.0,272132.0
2026-04-14 18:15:19.713398,844236,1609508013306687,5613276322,0.220576,0.681248,0.57584,28.44625,12.17125,-4.935,11.288,-2.76,25.872002,inter_set_rest,4,7.0,168125.0,335327.0,266526.0,323513.0,272132.0
2026-04-14 18:15:19.715918,844237,1609508013315741,5613285071,0.220576,0.681248,0.57584,30.161251,11.725,-3.3425,11.288,-2.76,25.872002,inter_set_rest,4,7.0,168125.0,335327.0,266526.0,323513.0,272132.0
2026-04-14 18:15:19.718423,844238,1609508013330282,5613300159,0.160064,0.726144,0.57584,32.9875,11.01625,-2.02125,12.168,-3.328,26.336,inter_set_rest,4,7.0,168125.0,335327.0,266526.0,323513.0,272132.0
2026-04-14 18:15:19.720550,844239,1609508013339256,5613308905,0.160064,0.726144,0.57584,39.08625,10.87625,-0.88375,12.168,-3.328,26.336,inter_set_rest,4,7.0,168125.0,335327.0,266526.0,323513.0,272132.0
2026-04-14 18:15:19.735530,844240,1609508013353769,5613323784,0.16592,0.860832,0.630496,43.19,11.31375,-4.06,12.432,-3.984,26.192001,inter_set_rest,4,7.0,168125.0,335327.0,266526.0,323513.0,272132.0
2026-04-14 18:15:19.760780,844251,1609508013362832,5613332592,0.1464,0.774944,0.406016,39.2,12.25,-7.595,12.672001,-4.208,25.648,inter_set_rest,4,7.0,179262.0,335560.0,280371.0,323642.0,284982.0
2026-04-14 18:15:19.763282,844252,1609508013377427,5613347570,0.1464,0.774944,0.406016,27.9825,13.4225,-8.82,12.672001,-4.208,25.648,inter_set_rest,4,7.0,179262.0,335560.0,280371.0,323642.0,284982.0
2026-04-14 18:15:19.765315,844253,1609508013386526,5613356262,0.181536,0.778848,0.40016,21.315,13.3525,-9.835,12.504001,-4.496,25.640001,inter_set_rest,4,7.0,179262.0,335560.0,280371.0,323642.0,284982.0
2026-04-14 18:15:19.795935,844254,1609508013395479,5613365036,0.181536,0.778848,0.40016,19.775,12.17125,-11.1475,12.504001,-4.496,25.640001,inter_set_rest,4,7.0,179262.0,335560.0,280371.0,323642.0,284982.0
2026-04-14 18:15:19.798147,844255,1609508013410054,5613379920,0.113216,0.812032,0.35136,17.63125,9.66875,-11.5675,13.040001,-4.448,25.208002,inter_set_rest,4,7.0,179262.0,335560.0,280371.0,323642.0,284982.0
2026-04-14 18:15:19.800897,844256,1609508013419069,5613388636,0.113216,0.812032,0.35136,16.73,7.60375,-11.2875,13.040001,-4.448,25.208002,inter_set_rest,4,7.0,179262.0,335560.0,280371.0,323642.0,284982.0
2026-04-14 18:15:19.813377,844257,1609508013433641,5613403574,0.199104,0.788608,0.552416,15.35625,6.265,-11.47125,13.016001,-5.152,23.832,inter_set_rest,4,7.0,179262.0,335560.0,280371.0,323642.0,284982.0
2026-04-14 18:15:19.819674,844258,1609508013442578,5613412285,0.242048,0.796416,0.581696,14.55125,5.29375,-11.83,13.192,-4.848,25.808,inter_set_rest,4,7.0,179262.0,335560.0,280371.0,323642.0,284982.0
2026-04-14 18:15:19.830464,844259,1609508013451519,5613420999,0.242048,0.796416,0.581696,16.3275,5.53875,-13.440001,13.192,-4.848,25.808,inter_set_rest,4,7.0,179262.0,335560.0,280371.0,323642.0,284982.0
2026-04-14 18:15:19.862022,844270,1609508013466228,5613436512,0.134688,0.7808,0.452864,15.72375,6.09,-14.37625,12.488001,-4.92,26.064001,inter_set_rest,4,7.0,194566.0,334751.0,299726.0,323023.0,299832.0
2026-04-14 18:15:19.864640,844271,1609508013475200,5613445217,0.134688,0.7808,0.452864,15.98625,5.41625,-15.68875,12.488001,-4.92,26.064001,inter_set_rest,4,7.0,194566.0,334751.0,299726.0,323023.0,299832.0
2026-04-14 18:15:19.867152,844272,1609508013489726,5613458088,0.240096,0.80032,0.70272,18.865,5.87125,-16.23125,12.384001,-5.224001,25.104002,inter_set_rest,4,7.0,194566.0,334751.0,299726.0,323023.0,299832.0
2026-04-14 18:15:19.880879,844273,1609508013499065,5613468887,0.240096,0.80032,0.70272,20.0375,8.56625,-16.765,12.384001,-5.224001,25.104002,inter_set_rest,4,7.0,194566.0,334751.0,299726.0,323023.0,299832.0
2026-04-14 18:15:19.887180,844274,1609508013508126,5613477592,0.183488,0.806176,0.44896,19.39875,12.45125,-16.63375,13.424001,-5.864,24.704,inter_set_rest,4,7.0,194566.0,334751.0,299726.0,323023.0,299832.0
2026-04-14 18:15:19.900903,844275,1609508013522607,5613492535,0.279136,0.700768,0.366976,16.66875,16.89625,-16.26625,13.64,-5.576,25.104002,inter_set_rest,4,7.0,194566.0,334751.0,299726.0,323023.0,299832.0
2026-04-14 18:15:19.910960,844276,1609508013531618,5613501219,0.279136,0.700768,0.366976,14.56,18.83875,-16.8175,13.64,-5.576,25.104002,inter_set_rest,4,7.0,194566.0,334751.0,299726.0,323023.0,299832.0
2026-04-14 18:15:19.925469,844277,1609508013546187,5613516166,0.177632,0.827648,0.6344,16.40625,18.48875,-15.98625,14.416,-5.8,26.04,inter_set_rest,4,7.0,194566.0,334751.0,299726.0,323023.0,299832.0
2026-04-14 18:15:19.932996,844278,1609508013555159,5613524867,0.177632,0.827648,0.6344,19.99375,17.325,-14.74375,14.416,-5.8,26.04,inter_set_rest,4,7.0,194566.0,334751.0,299726.0,323023.0,299832.0
2026-04-14 18:15:19.960499,844289,1609508013569840,5613539827,0.220576,0.821792,0.657824,20.6325,16.45,-14.23625,12.608001,-5.448,26.680002,inter_set_rest,4,7.0,195326.0,337562.0,301012.0,326025.0,300825.0
2026-04-14 18:15:19.963391,844290,1609508013578867,5613548533,0.220576,0.821792,0.657824,18.31375,17.17625,-13.90375,12.608001,-5.448,26.680002,inter_set_rest,4,7.0,195326.0,337562.0,301012.0,326025.0,300825.0
2026-04-14 18:15:19.965871,844291,1609508013587827,5613557281,0.140544,0.853024,0.464576,15.015,17.675,-14.761251,12.960001,-5.624,26.008001,inter_set_rest,4,7.0,195326.0,337562.0,301012.0,326025.0,300825.0
2026-04-14 18:15:19.980884,844292,1609508013602307,5613572199,0.12688,0.76128,0.384544,13.825,16.616251,-15.33875,12.960001,-7.672,27.312002,inter_set_rest,4,7.0,195326.0,337562.0,301012.0,326025.0,300825.0
2026-04-14 18:15:20.007180,844293,1609508013611256,5613580903,0.12688,0.76128,0.384544,14.20125,14.245,-16.14375,14.52,-6.544,27.312002,inter_set_rest,4,7.0,195326.0,337562.0,301012.0,326025.0,300825.0
2026-04-14 18:15:20.009685,844294,1609508013625712,5613595823,0.07808,0.833504,0.450912,16.02125,11.71625,-15.61875,14.864,-6.408001,24.016,inter_set_rest,4,7.0,195326.0,337562.0,301012.0,326025.0,300825.0
2026-04-14 18:15:20.034531,844295,1609508013634666,5613604524,0.07808,0.833504,0.450912,19.6,8.54875,-14.8925,14.864,-6.408001,24.016,inter_set_rest,4,7.0,195326.0,337562.0,301012.0,326025.0,300825.0
2026-04-14 18:15:20.037070,844296,1609508013643609,5613613239,0.11712,0.886208,0.489952,19.95875,5.27625,-14.875,14.848001,-6.904,23.800001,inter_set_rest,4,7.0,195326.0,337562.0,301012.0,326025.0,300825.0
2026-04-14 18:15:20.039551,844297,1609508013658122,5613628131,0.11712,0.886208,0.489952,20.81625,2.52,-14.8575,14.848001,-6.904,23.800001,inter_set_rest,4,7.0,195326.0,337562.0,301012.0,326025.0,300825.0
2026-04-14 18:15:20.067175,844308,1609508013667164,5613636891,0.042944,0.905728,0.51728,20.39625,0.27125,-16.2575,14.368001,-6.56,24.736002,inter_set_rest,4,7.0,197672.0,337178.0,303988.0,325790.0,303320.0
2026-04-14 18:15:20.069623,844309,1609508013681786,5613651900,0.042944,0.905728,0.51728,19.39,-2.03,-17.491251,14.368001,-6.56,24.736002,inter_set_rest,4,7.0,197672.0,337178.0,303988.0,325790.0,303320.0
2026-04-14 18:15:20.072186,844310,1609508013690717,5613660595,0.001952,0.90768,0.417728,20.08125,-3.99875,-19.34625,14.120001,-6.984,25.136002,inter_set_rest,4,7.0,197672.0,337178.0,303988.0,325790.0,303320.0
2026-04-14 18:15:20.087187,844311,1609508013705438,5613675622,0.11712,1.069696,0.51728,21.28,-6.23875,-20.32625,15.088,-7.312,23.984001,inter_set_rest,4,7.0,197672.0,337178.0,303988.0,325790.0,303320.0
2026-04-14 18:15:20.093035,844312,1609508013714425,5613684350,0.11712,1.069696,0.51728,21.2275,-8.05875,-22.35625,15.088,-7.312,23.984001,inter_set_rest,4,7.0,197672.0,337178.0,303988.0,325790.0,303320.0
2026-04-14 18:15:20.100882,844313,1609508013723347,5613693056,0.128832,0.88816,0.636352,22.88125,-8.89,-25.8475,14.584001,-7.464,25.168001,inter_set_rest,4,7.0,197672.0,337178.0,303988.0,325790.0,303320.0
2026-04-14 18:15:20.117267,844314,1609508013737867,5613707979,0.128832,0.88816,0.636352,25.3925,-8.25125,-27.553751,14.584001,-7.464,25.168001,inter_set_rest,4,7.0,197672.0,337178.0,303988.0,325790.0,303320.0
2026-04-14 18:15:20.125787,844315,1609508013746802,5613716672,0.12688,1.03456,0.521184,34.51,-7.49,-28.1225,14.976001,-7.672,24.816002,inter_set_rest,4,7.0,197672.0,337178.0,303988.0,325790.0,303320.0
2026-04-14 18:15:20.162139,844326,1609508013761333,5613731672,0.12688,1.03456,0.521184,45.15875,-7.37625,-29.82875,14.976001,-7.672,24.816002,inter_set_rest,4,7.0,210197.0,334608.0,318856.0,323878.0,312940.0
2026-04-14 18:15:20.164374,844327,1609508013770377,5613740437,-0.023424,1.128256,0.509472,46.75125,-7.455,-33.25,14.424001,-8.320001,23.648,inter_set_rest,4,7.0,210197.0,334608.0,318856.0,323878.0,312940.0
2026-04-14 18:15:20.167176,844328,1609508013784942,5613753305,0.005856,1.016992,0.441152,47.55625,-6.95625,-35.67375,13.368001,-7.84,23.376001,inter_set_rest,4,7.0,210197.0,334608.0,318856.0,323878.0,312940.0
2026-04-14 18:15:20.173376,844329,1609508013794137,5613764159,0.005856,1.016992,0.441152,46.43625,-6.8075,-35.04375,13.368001,-7.84,23.376001,inter_set_rest,4,7.0,210197.0,334608.0,318856.0,323878.0,312940.0
2026-04-14 18:15:20.182182,844330,1609508013803098,5613772913,0.005856,1.016992,0.5368,39.34875,-7.44625,-36.37375,13.368001,-7.84,23.376001,inter_set_rest,4,7.0,210197.0,334608.0,318856.0,323878.0,312940.0
2026-04-14 18:15:20.197213,844331,1609508013817594,5613787805,-0.099552,0.989664,0.5368,37.40625,-7.0525,-33.6,15.136001,-8.368,23.424002,inter_set_rest,4,7.0,210197.0,334608.0,318856.0,323878.0,312940.0
2026-04-14 18:15:20.206716,844332,1609508013826541,5613796538,-0.16592,1.067744,0.144448,36.925,-6.46625,-28.4725,15.232,-9.352,23.128,inter_set_rest,4,7.0,210197.0,334608.0,318856.0,323878.0,312940.0
2026-04-14 18:15:20.217966,844333,1609508013841048,5613809413,-0.16592,1.067744,0.144448,33.6875,-6.65,-24.3775,15.232,-9.352,23.128,inter_set_rest,4,7.0,210197.0,334608.0,318856.0,323878.0,312940.0
2026-04-14 18:15:20.229575,844334,1609508013850312,5613820239,-0.109312,1.059936,0.349408,25.55,-9.345,-23.275,15.088,-9.352,24.176,inter_set_rest,4,7.0,210197.0,334608.0,318856.0,323878.0,312940.0
2026-04-14 18:15:20.237974,844335,1609508013859418,5613828936,-0.109312,1.059936,0.349408,15.627501,-13.448751,-25.31375,15.088,-9.352,24.176,inter_set_rest,4,7.0,210197.0,334608.0,318856.0,323878.0,312940.0
2026-04-14 18:15:20.265951,844346,1609508013874074,5613843902,-0.12688,0.976,0.206912,11.54125,-17.26375,-24.5875,14.248001,-8.6,24.296001,inter_set_rest,4,7.0,216473.0,327812.0,326753.0,317792.0,316142.0
2026-04-14 18:15:20.268446,844347,1609508013883146,5613852631,-0.12688,0.976,0.206912,12.8625,-18.935,-22.5925,14.248001,-8.6,24.296001,inter_set_rest,4,7.0,216473.0,327812.0,326753.0,317792.0,316142.0
2026-04-14 18:15:20.275948,844348,1609508013897670,5613867565,-0.12688,1.022848,0.267424,12.67875,-20.195,-19.92375,13.936001,-8.904,24.832,inter_set_rest,4,7.0,216473.0,327812.0,326753.0,317792.0,316142.0
2026-04-14 18:15:20.286695,844349,1609508013906637,5613876270,-0.089792,1.057984,0.206912,10.87625,-22.2075,-19.38125,13.56,-8.608001,24.488,inter_set_rest,4,7.0,216473.0,327812.0,326753.0,317792.0,316142.0
2026-04-14 18:15:20.297873,844350,1609508013915584,5613884957,-0.089792,1.057984,0.206912,3.33375,-25.4625,-21.07,13.56,-8.608001,24.488,inter_set_rest,4,7.0,216473.0,327812.0,326753.0,317792.0,316142.0
2026-04-14 18:15:20.308950,844351,1609508013930110,5613899920,-0.056608,0.9272,0.281088,-7.27125,-27.48375,-22.09375,14.568001,-9.160001,23.408,inter_set_rest,4,7.0,216473.0,327812.0,326753.0,317792.0,316142.0
2026-04-14 18:15:20.318306,844352,1609508013939129,5613908666,-0.056608,0.9272,0.281088,-8.72375,-29.4525,-22.0325,14.568001,-9.160001,23.408,inter_set_rest,4,7.0,216473.0,327812.0,326753.0,317792.0,316142.0
2026-04-14 18:15:20.332016,844353,1609508013953650,5613923557,-0.08784,0.960384,0.42944,-4.8475,-30.275,-22.93375,14.264001,-8.76,24.464,inter_set_rest,4,7.0,216473.0,327812.0,326753.0,317792.0,316142.0
2026-04-14 18:15:20.434005,844364,1609508013963072,5613932714,-0.08784,0.960384,0.42944,-1.53125,-29.81125,-25.27875,14.264001,-8.76,24.464,inter_set_rest,4,7.0,212083.0,331936.0,321750.0,322483.0,312945.0
2026-04-14 18:15:20.436449,844365,1609508013972094,5613941596,-0.093696,0.997472,0.271328,4.99625,-28.58625,-26.7575,13.224001,-8.440001,26.208002,inter_set_rest,4,7.0,212083.0,331936.0,321750.0,322483.0,312945.0
2026-04-14 18:15:20.439212,844366,1609508013986664,5613956639,-0.144448,0.991616,0.433344,11.76,-27.88625,-30.10875,14.272,-9.136001,23.872002,inter_set_rest,4,7.0,212083.0,331936.0,321750.0,322483.0,312945.0
2026-04-14 18:15:20.441655,844367,1609508013995580,5613965342,-0.144448,0.991616,0.433344,7.86625,-28.2625,-31.14125,14.272,-9.136001,23.872002,inter_set_rest,4,7.0,212083.0,331936.0,321750.0,322483.0,312945.0
2026-04-14 18:15:20.444514,844368,1609508014010096,5613980243,-0.134688,0.952576,0.294752,-1.47,-28.62125,-28.4025,13.872001,-8.0,23.936,inter_set_rest,4,7.0,212083.0,331936.0,321750.0,322483.0,312945.0
2026-04-14 18:15:20.446590,844369,1609508014019030,5613988874,-0.134688,0.952576,0.294752,-8.79375,-28.25375,-24.7275,13.872001,-8.0,23.936,inter_set_rest,4,7.0,212083.0,331936.0,321750.0,322483.0,312945.0
2026-04-14 18:15:20.449503,844370,1609508014033582,5614003794,-0.189344,0.94672,0.124928,-12.6,-29.70625,-22.23375,13.440001,-8.160001,24.04,inter_set_rest,4,7.0,212083.0,331936.0,321750.0,322483.0,312945.0
2026-04-14 18:15:20.452013,844371,1609508014042508,5614012681,-0.189344,0.94672,0.124928,-12.92375,-34.37875,-22.39125,13.440001,-8.160001,24.04,inter_set_rest,4,7.0,212083.0,331936.0,321750.0,322483.0,312945.0
2026-04-14 18:15:20.454170,844372,1609508014051536,5614021391,-0.060512,0.933056,0.300608,-10.66625,-39.165,-25.4625,13.328001,-7.672,25.288002,inter_set_rest,4,7.0,212083.0,331936.0,321750.0,322483.0,312945.0
2026-04-14 18:15:20.481461,844383,1609508014066436,5614036336,-0.13664,0.792512,0.216672,-15.95125,-41.825,-26.32875,12.128,-7.72,26.544,inter_set_rest,4,7.0,207855.0,336837.0,317025.0,327081.0,310603.0
2026-04-14 18:15:20.483974,844384,1609508014075495,5614045145,-0.13664,0.792512,0.216672,-17.5,-43.855,-25.366251,12.128,-7.72,26.544,inter_set_rest,4,7.0,207855.0,336837.0,317025.0,327081.0,310603.0
2026-04-14 18:15:20.486664,844385,1609508014090222,5614060104,-0.072224,0.835456,0.368928,-11.27,-45.03625,-25.3225,11.616,-6.904,25.832,inter_set_rest,4,7.0,207855.0,336837.0,317025.0,327081.0,310603.0
2026-04-14 18:15:20.489022,844386,1609508014099343,5614068909,-0.072224,0.835456,0.368928,-10.19375,-45.78875,-24.0625,11.616,-6.904,25.832,inter_set_rest,4,7.0,207855.0,336837.0,317025.0,327081.0,310603.0
2026-04-14 18:15:20.491680,844387,1609508014108406,5614077615,-0.111264,0.825696,0.130784,-11.36625,-46.9875,-24.17625,11.032001,-6.832,26.760002,inter_set_rest,4,7.0,207855.0,336837.0,317025.0,327081.0,310603.0
2026-04-14 18:15:20.500759,844388,1609508014123056,5614092528,-0.111264,0.825696,0.130784,-11.4625,-48.125,-26.897501,11.032001,-6.832,26.760002,inter_set_rest,4,7.0,207855.0,336837.0,317025.0,327081.0,310603.0
2026-04-14 18:15:20.510784,844389,1609508014132006,5614101232,-0.031232,0.716384,0.281088,-17.10625,-49.18375,-28.5075,11.480001,-6.976,25.744001,inter_set_rest,4,7.0,207855.0,336837.0,317025.0,327081.0,310603.0
2026-04-14 18:15:20.524677,844390,1609508014146488,5614116297,-0.046848,0.71248,0.413824,-20.37875,-51.905,-30.0825,10.960001,-6.08,26.008001,inter_set_rest,4,7.0,207855.0,336837.0,317025.0,327081.0,310603.0
2026-04-14 18:15:20.534679,844391,1609508014155457,5614125007,-0.046848,0.71248,0.413824,-15.89875,-53.34,-32.585,10.960001,-6.08,26.008001,inter_set_rest,4,7.0,207855.0,336837.0,317025.0,327081.0,310603.0
2026-04-14 18:15:20.565954,844402,1609508014164558,5614133978,-0.046848,0.71248,0.413824,-11.90875,-52.0625,-33.495,10.960001,-6.08,26.008001,inter_set_rest,4,7.0,203547.0,336884.0,312130.0,326998.0,308081.0
2026-04-14 18:15:20.570084,844403,1609508014179181,5614149018,-0.158112,0.730048,0.111264,-9.79125,-49.28875,-34.5625,9.552,-5.624,25.448002,inter_set_rest,4,7.0,203547.0,336884.0,312130.0,326998.0,308081.0
2026-04-14 18:15:20.570600,844404,1609508014188141,5614157806,-0.06832,0.772992,0.339648,-9.00375,-47.46875,-38.1675,10.416,-5.872,26.096,inter_set_rest,4,7.0,203547.0,336884.0,312130.0,326998.0,308081.0
2026-04-14 18:15:20.581692,844405,1609508014202710,5614172748,-0.06832,0.772992,0.339648,-10.12375,-46.15625,-43.076252,10.416,-5.872,26.096,inter_set_rest,4,7.0,203547.0,336884.0,312130.0,326998.0,308081.0
2026-04-14 18:15:20.589373,844406,1609508014211657,5614181442,-0.16592,0.716384,0.240096,-6.86,-45.64,-49.420002,9.504001,-5.72,26.168001,inter_set_rest,4,7.0,203547.0,336884.0,312130.0,326998.0,308081.0
2026-04-14 18:15:20.610357,844407,1609508014226182,5614196413,-0.072224,0.72224,0.281088,0.20125,-44.905,-54.94125,9.504001,-5.72,26.536001,inter_set_rest,4,7.0,203547.0,336884.0,312130.0,326998.0,308081.0
2026-04-14 18:15:20.615562,844408,1609508014235100,5614205085,-0.07808,0.72224,0.281088,7.21875,-45.0975,-58.3975,9.256001,-5.592001,26.536001,inter_set_rest,4,7.0,203547.0,336884.0,312130.0,326998.0,308081.0
2026-04-14 18:15:20.621876,844409,1609508014244049,5614213776,-0.07808,0.72224,0.281088,12.1975,-45.955,-61.8975,9.256001,-5.592001,26.536001,inter_set_rest,4,7.0,203547.0,336884.0,312130.0,326998.0,308081.0
2026-04-14 18:15:20.638167,844410,1609508014258527,5614228701,-0.212768,0.886208,0.035136,15.225,-47.9325,-65.52,8.592,-5.328,27.928001,inter_set_rest,4,7.0,203547.0,336884.0,312130.0,326998.0,308081.0
2026-04-14 18:15:20.665638,844421,1609508014267734,5614237421,-0.277184,0.950624,0.183488,17.115,-51.30125,-71.09375,7.792,-5.272,28.000002,inter_set_rest,4,7.0,203920.0,342972.0,313302.0,333300.0,309763.0
2026-04-14 18:15:20.668183,844422,1609508014282332,5614252425,-0.277184,0.950624,0.183488,17.43875,-54.670002,-75.0575,7.792,-5.272,28.000002,inter_set_rest,4,7.0,203920.0,342972.0,313302.0,333300.0,309763.0
2026-04-14 18:15:20.670533,844423,1609508014291282,5614261136,-0.199104,0.903776,0.162016,15.995,-57.155,-77.0,6.84,-5.248,28.104002,inter_set_rest,4,7.0,203920.0,342972.0,313302.0,333300.0,309763.0
2026-04-14 18:15:20.678037,844424,1609508014300288,5614269833,-0.199104,0.903776,0.162016,13.20375,-59.29,-78.05,6.84,-5.248,28.104002,inter_set_rest,4,7.0,203920.0,342972.0,313302.0,333300.0,309763.0
2026-04-14 18:15:20.694257,844425,1609508014314775,5614284724,-0.333792,0.972096,0.0976,11.05125,-62.15125,-78.225,6.576,-4.832,28.264002,inter_set_rest,4,7.0,203920.0,342972.0,313302.0,333300.0,309763.0
2026-04-14 18:15:20.701728,844426,1609508014323707,5614293443,-0.333792,0.972096,0.0976,14.0175,-65.2925,-77.6125,6.576,-4.832,28.264002,inter_set_rest,4,7.0,203920.0,342972.0,313302.0,333300.0,309763.0
2026-04-14 18:15:20.716890,844427,1609508014338230,5614308345,-0.281088,0.935008,0.197152,15.2075,-66.29875,-73.10625,6.488,-5.208,28.024002,inter_set_rest,4,7.0,203920.0,342972.0,313302.0,333300.0,309763.0
2026-04-14 18:15:20.743147,844428,1609508014347224,5614317030,-0.218624,0.96624,0.427488,8.23375,-66.52625,-66.35125,6.488,-4.952,29.000002,inter_set_rest,4,7.0,203920.0,342972.0,313302.0,333300.0,309763.0
2026-04-14 18:15:20.745647,844429,1609508014361850,5614331990,-0.218624,0.96624,0.427488,5.03125,-66.00125,-60.7775,6.096,-4.952,29.000002,inter_set_rest,4,7.0,203920.0,342972.0,313302.0,333300.0,309763.0
2026-04-14 18:15:20.795556,844440,1609508014370820,5614340751,-0.265472,0.952576,0.076128,3.955,-64.11125,-57.96,3.296,-4.52,28.840002,inter_set_rest,4,7.0,205894.0,340200.0,315677.0,330337.0,310727.0
2026-04-14 18:15:20.797867,844441,1609508014379820,5614349448,-0.265472,0.952576,0.076128,2.07375,-61.66125,-57.02375,3.296,-4.52,28.840002,inter_set_rest,4,7.0,205894.0,340200.0,315677.0,330337.0,310727.0
2026-04-14 18:15:20.800407,844442,1609508014394329,5614364331,-0.222528,0.921344,0.242048,1.6275,-60.36625,-58.695,3.168,-4.568,28.776001,inter_set_rest,4,7.0,205894.0,340200.0,315677.0,330337.0,310727.0
2026-04-14 18:15:20.802849,844443,1609508014403450,5614373131,-0.222528,0.921344,0.242048,1.925,-58.70375,-59.87625,3.168,-4.568,28.776001,inter_set_rest,4,7.0,205894.0,340200.0,315677.0,330337.0,310727.0
2026-04-14 18:15:20.805310,844444,1609508014417997,5614388145,-0.261568,0.892064,0.365024,5.1975,-56.02625,-58.2575,3.304,-4.592,29.168001,inter_set_rest,4,7.0,205894.0,340200.0,315677.0,330337.0,310727.0
2026-04-14 18:15:20.807730,844445,1609508014426978,5614396880,-0.261568,0.892064,0.240096,8.02375,-52.50875,-57.260002,3.304,-4.592,29.168001,inter_set_rest,4,7.0,205894.0,340200.0,315677.0,330337.0,310727.0
2026-04-14 18:15:20.822910,844446,1609508014441500,5614411787,-0.277184,0.874496,0.245952,9.485,-47.46,-55.9125,2.664,-4.44,29.184002,inter_set_rest,4,7.0,205894.0,340200.0,315677.0,330337.0,310727.0
2026-04-14 18:15:20.829064,844447,1609508014450611,5614420511,-0.411872,1.038464,0.122976,7.74375,-42.7175,-55.0025,2.76,-4.552,29.224,inter_set_rest,4,7.0,205894.0,340200.0,315677.0,330337.0,310727.0
2026-04-14 18:15:20.836827,844448,1609508014459653,5614429213,-0.411872,1.038464,0.122976,6.44,-40.04875,-56.67375,2.76,-4.552,29.224,inter_set_rest,4,7.0,205894.0,340200.0,315677.0,330337.0,310727.0
2026-04-14 18:15:20.866599,844459,1609508014474407,5614444363,-0.384544,0.977952,0.32208,8.77625,-39.3225,-62.85125,1.976,-5.008,27.904001,inter_set_rest,4,7.0,204157.0,339732.0,313600.0,329539.0,309042.0
2026-04-14 18:15:20.869300,844460,1609508014483426,5614453064,-0.384544,0.977952,0.32208,2.1525,-38.3425,-66.92875,1.976,-5.008,27.904001,inter_set_rest,4,7.0,204157.0,339732.0,313600.0,329539.0,309042.0
2026-04-14 18:15:20.876892,844461,1609508014498030,5614468043,-0.372832,0.837408,0.189344,-2.56375,-36.8025,-64.79375,1.904,-4.352,29.28,inter_set_rest,4,7.0,204157.0,339732.0,313600.0,329539.0,309042.0
2026-04-14 18:15:20.884034,844462,1609508014507026,5614476756,-0.372832,0.837408,0.189344,5.36375,-34.58875,-62.13375,1.904,-4.352,29.28,inter_set_rest,4,7.0,204157.0,339732.0,313600.0,329539.0,309042.0
2026-04-14 18:15:20.894325,844463,1609508014516029,5614485465,-0.345504,0.895968,0.472384,8.61875,-30.5375,-57.645,2.584,-4.824,30.208002,inter_set_rest,4,7.0,204157.0,339732.0,313600.0,329539.0,309042.0
2026-04-14 18:15:20.910616,844464,1609508014530598,5614500370,-0.366976,0.944768,0.343552,5.25875,-25.33125,-53.71625,1.92,-5.184,27.968,inter_set_rest,4,7.0,204157.0,339732.0,313600.0,329539.0,309042.0
2026-04-14 18:15:20.916858,844465,1609508014539538,5614509086,-0.366976,0.944768,0.343552,8.4,-21.455,-51.44125,1.92,-5.184,27.968,inter_set_rest,4,7.0,204157.0,339732.0,313600.0,329539.0,309042.0
2026-04-14 18:15:20.931885,844466,1609508014554190,5614523981,-0.495808,0.968192,0.30256,12.11875,-20.27375,-51.065,1.32,-5.056,28.392002,inter_set_rest,4,7.0,204157.0,339732.0,313600.0,329539.0,309042.0
2026-04-14 18:15:20.942205,844467,1609508014563169,5614532695,-0.495808,0.968192,0.30256,12.0925,-20.74625,-50.9075,1.32,-5.056,28.392002,inter_set_rest,4,7.0,204157.0,339732.0,313600.0,329539.0,309042.0
2026-04-14 18:15:20.969597,844478,1609508014572191,5614541477,-0.441152,0.93696,0.384544,13.16875,-20.64125,-50.12,2.072,-4.84,28.216002,inter_set_rest,4,7.0,205696.0,337230.0,315143.0,326538.0,309314.0
2026-04-14 18:15:20.971743,844479,1609508014586705,5614556427,-0.441152,0.93696,0.384544,18.08625,-20.90375,-47.565,2.072,-4.84,28.216002,inter_set_rest,4,7.0,205696.0,337230.0,315143.0,326538.0,309314.0
2026-04-14 18:15:20.974664,844480,1609508014595659,5614565184,-0.386496,0.8784,0.355264,21.23625,-20.09,-44.485,1.088,-5.144,28.632002,inter_set_rest,4,7.0,205696.0,337230.0,315143.0,326538.0,309314.0
2026-04-14 18:15:20.988079,844481,1609508014610167,5614580134,-0.523136,0.91744,0.363072,19.74875,-17.89375,-40.3725,2.216,-5.688,27.784,inter_set_rest,4,7.0,205696.0,337230.0,315143.0,326538.0,309314.0
2026-04-14 18:15:20.998208,844482,1609508014619143,5614588853,-0.523136,0.91744,0.363072,20.13375,-14.455,-36.30375,2.216,-5.688,27.784,inter_set_rest,4,7.0,205696.0,337230.0,315143.0,326538.0,309314.0
2026-04-14 18:15:21.014721,844483,1609508014633671,5614603736,-0.462624,0.952576,0.210816,24.14125,-11.47125,-34.335,1.88,-5.584,28.832,inter_set_rest,4,7.0,205696.0,337230.0,315143.0,326538.0,309314.0
2026-04-14 18:15:21.020519,844484,1609508014642641,5614612459,-0.462624,0.952576,0.210816,25.15625,-11.375,-34.107502,1.88,-5.584,28.832,inter_set_rest,4,7.0,205696.0,337230.0,315143.0,326538.0,309314.0
2026-04-14 18:15:21.029793,844485,1609508014651621,5614621185,-0.558272,0.925248,0.206912,22.9075,-13.22125,-33.57375,1.344,-6.12,28.344002,inter_set_rest,4,7.0,205696.0,337230.0,315143.0,326538.0,309314.0
2026-04-14 18:15:21.146363,844496,1609508014666187,5614636503,-0.558272,0.925248,0.206912,20.72,-15.435,-34.29125,1.344,-6.12,28.344002,inter_set_rest,4,7.0,207206.0,336998.0,316868.0,326127.0,310473.0
2026-04-14 18:15:21.149648,844497,1609508014675227,5614645244,-0.568032,0.923296,0.286944,20.3525,-16.03875,-34.29125,1.504,-6.520001,27.624,inter_set_rest,4,7.0,207206.0,336998.0,316868.0,326127.0,310473.0
2026-04-14 18:15:21.152149,844498,1609508014689743,5614658108,-0.47824,0.940864,0.544608,22.2775,-14.35875,-33.005,0.816,-6.28,28.696001,inter_set_rest,4,7.0,207206.0,336998.0,316868.0,326127.0,310473.0
2026-04-14 18:15:21.154149,844499,1609508014698976,5614668870,-0.47824,0.940864,0.544608,18.83,-10.85875,-32.0425,0.816,-6.28,28.696001,inter_set_rest,4,7.0,207206.0,336998.0,316868.0,326127.0,310473.0
2026-04-14 18:15:21.157056,844500,1609508014707994,5614677554,-0.47824,0.940864,0.544608,9.45875,-7.8925,-30.8525,0.816,-6.28,28.696001,inter_set_rest,4,7.0,207206.0,336998.0,316868.0,326127.0,310473.0
2026-04-14 18:15:21.159439,844501,1609508014722503,5614692475,-0.55632,1.007232,0.306464,-0.805,-6.57125,-28.16625,1.544,-6.936,25.056002,inter_set_rest,4,7.0,207206.0,336998.0,316868.0,326127.0,310473.0
2026-04-14 18:15:21.162082,844502,1609508014731569,5614701181,-0.484096,0.899872,0.374784,-8.89,-5.15375,-23.87875,2.032,-6.768,27.496002,inter_set_rest,4,7.0,207206.0,336998.0,316868.0,326127.0,310473.0
2026-04-14 18:15:21.164590,844503,1609508014746090,5614716086,-0.484096,0.899872,0.374784,-6.58875,-4.7075,-20.8775,2.032,-6.768,27.496002,inter_set_rest,4,7.0,207206.0,336998.0,316868.0,326127.0,310473.0
2026-04-14 18:15:21.167085,844504,1609508014755027,5614724760,-0.474336,0.993568,0.394304,2.135,-5.01375,-18.83,2.064,-6.896,27.272001,inter_set_rest,4,7.0,207206.0,336998.0,316868.0,326127.0,310473.0
2026-04-14 18:15:21.194310,844515,1609508014770197,5614739783,-0.577792,0.989664,0.23424,6.125,-5.4775,-18.01625,1.584,-7.192,26.400002,inter_set_rest,4,7.0,205695.0,338050.0,314915.0,327179.0,308389.0
2026-04-14 18:15:21.197195,844516,1609508014779278,5614748479,-0.577792,0.989664,0.23424,6.44875,-6.02875,-17.7625,1.584,-7.192,26.400002,inter_set_rest,4,7.0,205695.0,338050.0,314915.0,327179.0,308389.0
2026-04-14 18:15:21.199676,844517,1609508014788280,5614757222,-0.577792,0.989664,0.23424,5.705,-7.23625,-18.3225,1.584,-7.192,26.400002,inter_set_rest,4,7.0,205695.0,338050.0,314915.0,327179.0,308389.0
2026-04-14 18:15:21.202214,844518,1609508014802890,5614772137,-0.544608,0.99552,0.501664,3.36,-7.04375,-18.165,2.104,-7.208,27.024002,inter_set_rest,4,7.0,205695.0,338050.0,314915.0,327179.0,308389.0
2026-04-14 18:15:21.204302,844519,1609508014811993,5614780916,-0.554368,1.00528,0.388448,-2.51125,-6.43125,-17.38625,1.832,-6.968,27.944002,inter_set_rest,4,7.0,205695.0,338050.0,314915.0,327179.0,308389.0
2026-04-14 18:15:21.207206,844520,1609508014821021,5614789648,-0.554368,1.00528,0.388448,-3.21125,-5.06625,-17.0975,1.832,-6.968,27.944002,inter_set_rest,4,7.0,205695.0,338050.0,314915.0,327179.0,308389.0
2026-04-14 18:15:21.213443,844521,1609508014835799,5614804570,-0.5368,1.01504,0.402112,-3.5525,-4.27875,-16.52,1.744,-7.088,27.992,inter_set_rest,4,7.0,205695.0,338050.0,314915.0,327179.0,308389.0
2026-04-14 18:15:21.224706,844522,1609508014845154,5614815317,-0.5368,1.01504,0.402112,-2.8875,-4.08625,-16.5025,1.744,-7.088,27.992,inter_set_rest,4,7.0,205695.0,338050.0,314915.0,327179.0,308389.0
2026-04-14 18:15:21.237058,844523,1609508014859755,5614828190,-0.530944,0.901824,0.382592,-0.9975,-3.1325,-16.77375,1.264,-6.952,27.024002,inter_set_rest,4,7.0,205695.0,338050.0,314915.0,327179.0,308389.0
2026-04-14 18:15:21.270535,844534,1609508014869212,5614838970,-0.530944,0.901824,0.382592,-4.22625,-3.0625,-17.26375,1.264,-6.952,27.024002,inter_set_rest,4,7.0,197474.0,340595.0,304355.0,329190.0,301101.0
2026-04-14 18:15:21.273026,844535,1609508014878271,5614847698,-0.552416,0.911584,0.392352,-6.09,-3.47375,-16.17,1.744,-7.176,27.112001,inter_set_rest,4,7.0,197474.0,340595.0,304355.0,329190.0,301101.0
2026-04-14 18:15:21.275413,844536,1609508014892830,5614862613,-0.562176,0.854976,0.245952,-5.83625,-3.91125,-14.77,2.464,-7.336,26.848001,inter_set_rest,4,7.0,197474.0,340595.0,304355.0,329190.0,301101.0
2026-04-14 18:15:21.282179,844537,1609508014901939,5614871353,-0.562176,0.854976,0.245952,-8.3125,-2.1175,-12.915,2.464,-7.336,26.848001,inter_set_rest,4,7.0,197474.0,340595.0,304355.0,329190.0,301101.0
2026-04-14 18:15:21.295430,844538,1609508014916481,5614886230,-0.622688,0.847168,0.189344,-7.6125,0.28,-13.448751,1.232,-6.752,28.720001,inter_set_rest,4,7.0,197474.0,340595.0,304355.0,329190.0,301101.0
2026-04-14 18:15:21.303380,844539,1609508014925419,5614895028,-0.622688,0.847168,0.189344,-6.4575,1.53125,-15.86375,1.232,-6.752,28.720001,inter_set_rest,4,7.0,197474.0,340595.0,304355.0,329190.0,301101.0
2026-04-14 18:15:21.313396,844540,1609508014934525,5614903838,-0.57584,0.856928,0.452864,-5.1275,1.82875,-16.87,1.544,-7.000001,28.104002,inter_set_rest,4,7.0,197474.0,340595.0,304355.0,329190.0,301101.0
2026-04-14 18:15:21.326715,844541,1609508014948995,5614918782,-0.57584,0.856928,0.452864,-4.19125,2.4325,-18.025,1.544,-7.000001,28.104002,inter_set_rest,4,7.0,197474.0,340595.0,304355.0,329190.0,301101.0
2026-04-14 18:15:21.337063,844542,1609508014957941,5614927482,-0.519232,0.85888,0.365024,-3.22,2.63375,-18.6375,1.664,-6.744,26.552002,inter_set_rest,4,7.0,197474.0,340595.0,304355.0,329190.0,301101.0
2026-04-14 18:15:21.374582,844553,1609508014972606,5614942596,-0.577792,0.890112,0.392352,-2.31,3.01875,-18.8125,2.624,-6.968,28.792002,inter_set_rest,4,7.0,192185.0,344587.0,297467.0,332852.0,295944.0
2026-04-14 18:15:21.377211,844554,1609508014981619,5614951347,-0.577792,0.890112,0.392352,-5.22375,4.4275,-17.21125,2.624,-6.968,28.792002,inter_set_rest,4,7.0,192185.0,344587.0,297467.0,332852.0,295944.0
2026-04-14 18:15:21.379695,844555,1609508014996257,5614966278,-0.538752,0.892064,0.415776,-7.27125,6.13375,-16.03,2.048,-6.768,27.960001,inter_set_rest,4,7.0,192185.0,344587.0,297467.0,332852.0,295944.0
2026-04-14 18:15:21.384707,844556,1609508015005210,5614974966,-0.538752,0.892064,0.415776,-9.292501,7.385,-16.59,2.048,-6.768,27.960001,inter_set_rest,4,7.0,192185.0,344587.0,297467.0,332852.0,295944.0
2026-04-14 18:15:21.392197,844557,1609508015014322,5614983805,-0.640256,0.90768,0.177632,-10.5175,8.58375,-16.7125,3.144,-7.128,27.744001,inter_set_rest,4,7.0,192185.0,344587.0,297467.0,332852.0,295944.0
2026-04-14 18:15:21.408463,844558,1609508015028833,5614998720,-0.640256,0.90768,0.177632,-8.9425,11.025,-17.78875,3.144,-7.128,27.744001,inter_set_rest,4,7.0,192185.0,344587.0,297467.0,332852.0,295944.0
2026-04-14 18:15:21.420427,844559,1609508015037755,5615007413,-0.587552,0.958432,0.3904,-11.025,12.08375,-18.26125,3.024,-6.72,27.840002,inter_set_rest,4,7.0,192185.0,344587.0,297467.0,332852.0,295944.0
2026-04-14 18:15:21.432135,844560,1609508015052268,5615022490,-0.530944,0.864736,0.275232,-16.12625,12.005,-17.00125,3.08,-6.384,26.416,inter_set_rest,4,7.0,192185.0,344587.0,297467.0,332852.0,295944.0
2026-04-14 18:15:21.439550,844561,1609508015061227,5615031249,-0.530944,0.864736,0.275232,-19.39875,12.20625,-15.645,3.08,-6.384,26.416,inter_set_rest,4,7.0,192185.0,344587.0,297467.0,332852.0,295944.0
2026-04-14 18:15:21.522018,844572,1609508015070443,5615039980,-0.530944,0.864736,0.275232,-19.67,12.39,-13.9125,3.08,-6.384,26.416,inter_set_rest,4,7.0,193672.0,347844.0,298898.0,335918.0,296890.0
2026-04-14 18:15:21.524088,844573,1609508015085038,5615055025,-0.640256,0.950624,0.353312,-16.6425,13.43125,-14.65625,3.912,-6.544,26.392002,inter_set_rest,4,7.0,193672.0,347844.0,298898.0,335918.0,296890.0
2026-04-14 18:15:21.526689,844574,1609508015093989,5615063710,-0.54656,0.884256,0.363072,-14.63,14.595,-16.6775,4.456,-6.424,26.6,inter_set_rest,4,7.0,193672.0,347844.0,298898.0,335918.0,296890.0
2026-04-14 18:15:21.529625,844575,1609508015108485,5615078583,-0.54656,0.884256,0.363072,-17.00125,16.09125,-17.185,4.456,-6.424,26.6,inter_set_rest,4,7.0,193672.0,347844.0,298898.0,335918.0,296890.0
2026-04-14 18:15:21.532119,844576,1609508015117437,5615087264,-0.587552,0.833504,0.206912,-18.83875,18.1125,-17.8675,4.424,-6.568,26.744001,inter_set_rest,4,7.0,193672.0,347844.0,298898.0,335918.0,296890.0
2026-04-14 18:15:21.534618,844577,1609508015132067,5615102187,-0.6344,0.813984,0.179584,-23.6075,19.17125,-18.92625,4.424,-6.568,27.056002,inter_set_rest,4,7.0,193672.0,347844.0,298898.0,335918.0,296890.0
2026-04-14 18:15:21.537132,844578,1609508015141022,5615110909,-0.630496,0.813984,0.179584,-27.51875,20.53625,-18.795,5.296001,-5.68,27.056002,inter_set_rest,4,7.0,193672.0,347844.0,298898.0,335918.0,296890.0
2026-04-14 18:15:21.539630,844579,1609508015150003,5615119638,-0.630496,0.813984,0.179584,-26.4075,22.39125,-19.03125,5.296001,-5.68,27.056002,inter_set_rest,4,7.0,193672.0,347844.0,298898.0,335918.0,296890.0
2026-04-14 18:15:21.544194,844580,1609508015164498,5615134648,-0.640256,0.80032,0.281088,-21.13125,24.15875,-20.97375,5.408001,-5.456,23.792002,inter_set_rest,4,7.0,193672.0,347844.0,298898.0,335918.0,296890.0
2026-04-14 18:15:21.577200,844591,1609508015173602,5615143570,-0.607072,0.866688,0.265472,-13.65,25.41875,-23.065,5.672,-5.808,25.992,inter_set_rest,4,7.0,197932.0,346219.0,303858.0,334463.0,300773.0
2026-04-14 18:15:21.579697,844592,1609508015188120,5615158460,-0.607072,0.866688,0.265472,-9.345,27.2125,-25.795,5.672,-5.808,25.992,inter_set_rest,4,7.0,197932.0,346219.0,303858.0,334463.0,300773.0
2026-04-14 18:15:21.582191,844593,1609508015197092,5615167173,-0.593408,1.038464,0.525088,-9.905,26.95,-29.02375,6.296001,-5.68,26.352001,inter_set_rest,4,7.0,197932.0,346219.0,303858.0,334463.0,300773.0
2026-04-14 18:15:21.584706,844594,1609508015206037,5615175886,-0.593408,1.038464,0.525088,8.198751,25.4275,-26.88875,6.296001,-5.68,26.352001,inter_set_rest,4,7.0,197932.0,346219.0,303858.0,334463.0,300773.0
2026-04-14 18:15:21.599699,844595,1609508015220590,5615190803,-0.523136,0.948672,0.51728,8.46125,28.81375,-32.87375,7.024,-5.688,27.128002,inter_set_rest,4,7.0,197932.0,346219.0,303858.0,334463.0,300773.0
2026-04-14 18:15:21.610450,844596,1609508015229608,5615199478,-0.523136,0.948672,0.51728,-7.41125,29.4875,-40.3025,7.024,-5.688,27.128002,inter_set_rest,4,7.0,197932.0,346219.0,303858.0,334463.0,300773.0
2026-04-14 18:15:21.621626,844597,1609508015244120,5615214376,-0.392352,1.2688,0.548512,-6.9475,19.41625,-35.04375,7.144001,-5.504,25.704,inter_set_rest,4,7.0,197932.0,346219.0,303858.0,334463.0,300773.0
2026-04-14 18:15:21.633303,844598,1609508015253193,5615223082,-0.579744,0.968192,0.261568,-4.585,10.03625,-26.8275,7.144001,-6.024,25.984001,inter_set_rest,4,7.0,197932.0,346219.0,303858.0,334463.0,300773.0
2026-04-14 18:15:21.670578,844609,1609508015267731,5615237909,-0.579744,0.968192,0.261568,17.57875,1.88125,-19.06625,6.248,-6.024,25.984001,inter_set_rest,4,7.0,200689.0,346996.0,308024.0,335343.0,304838.0
2026-04-14 18:15:21.673441,844610,1609508015276672,5615246735,-0.79056,1.159488,0.267424,38.43,-8.645,-12.55625,6.64,-6.248,26.000002,inter_set_rest,4,7.0,200689.0,346996.0,308024.0,335343.0,304838.0
2026-04-14 18:15:21.675943,844611,1609508015285819,5615255465,-0.79056,1.159488,0.267424,32.26125,-16.47625,-4.865,6.64,-6.248,26.000002,inter_set_rest,4,7.0,200689.0,346996.0,308024.0,335343.0,304838.0
2026-04-14 18:15:21.682239,844612,1609508015300370,5615270406,-0.657824,0.384544,0.324032,-3.185,-18.69875,-2.6075,6.568,-5.960001,26.936,inter_set_rest,4,7.0,200689.0,346996.0,308024.0,335343.0,304838.0
2026-04-14 18:15:21.709083,844613,1609508015309309,5615279192,-0.657824,0.384544,0.324032,-19.11875,-12.9675,-10.045,6.568,-5.960001,26.936,inter_set_rest,4,7.0,200689.0,346996.0,308024.0,335343.0,304838.0
2026-04-14 18:15:21.719549,844614,1609508015323811,5615294089,-0.499712,0.61488,0.259616,2.9225,-5.64375,-22.4,6.480001,-5.904,27.008001,inter_set_rest,4,7.0,200689.0,346996.0,308024.0,335343.0,304838.0
2026-04-14 18:15:21.722054,844615,1609508015332791,5615302773,-0.499712,0.61488,0.32208,16.87,1.81125,-32.3925,6.480001,-5.904,27.008001,inter_set_rest,4,7.0,200689.0,346996.0,308024.0,335343.0,304838.0
2026-04-14 18:15:21.724507,844616,1609508015341748,5615311462,-0.65392,1.10288,0.316224,27.6325,3.61375,-32.94375,4.984,-5.784,27.272001,inter_set_rest,4,7.0,200689.0,346996.0,308024.0,335343.0,304838.0
2026-04-14 18:15:21.734617,844617,1609508015356287,5615326397,-0.804224,1.016992,0.304512,29.70625,3.19375,-29.39125,5.664,-6.288,26.704,inter_set_rest,4,7.0,200689.0,346996.0,308024.0,335343.0,304838.0
2026-04-14 18:15:21.743160,844618,1609508015365256,5615335091,-0.804224,1.016992,0.304512,21.67375,4.31375,-23.03875,5.664,-6.288,26.704,inter_set_rest,4,7.0,200689.0,346996.0,308024.0,335343.0,304838.0
2026-04-14 18:15:21.773168,844629,1609508015379834,5615350105,-0.720288,0.979904,0.306464,22.741251,5.03125,-19.5475,6.856,-6.72,25.752,inter_set_rest,4,7.0,195159.0,347583.0,300183.0,335878.0,299897.0
2026-04-14 18:15:21.776014,844630,1609508015388776,5615358891,-0.720288,0.979904,0.306464,17.40375,6.615,-15.5925,6.856,-6.72,25.752,inter_set_rest,4,7.0,195159.0,347583.0,300183.0,335878.0,299897.0
2026-04-14 18:15:21.780787,844631,1609508015403322,5615371753,-0.753472,0.774944,0.130784,-0.04375,10.94625,-13.8075,7.424,-6.592001,26.064001,inter_set_rest,4,7.0,195159.0,347583.0,300183.0,335878.0,299897.0
2026-04-14 18:15:21.790952,844632,1609508015412715,5615382530,-0.753472,0.774944,0.130784,-5.06625,14.28875,-15.4875,7.424,-6.592001,26.064001,inter_set_rest,4,7.0,195159.0,347583.0,300183.0,335878.0,299897.0
2026-04-14 18:15:21.803326,844633,1609508015421724,5615391369,-0.503616,0.976,0.421632,18.803751,14.88375,-19.635,7.648,-7.176,25.160002,inter_set_rest,4,7.0,195159.0,347583.0,300183.0,335878.0,299897.0
2026-04-14 18:15:21.814563,844634,1609508015436257,5615406211,-0.564128,0.835456,0.32208,59.263752,20.22125,-25.7425,7.288001,-6.984,25.272001,inter_set_rest,4,7.0,195159.0,347583.0,300183.0,335878.0,299897.0
2026-04-14 18:15:21.846331,844635,1609508015445202,5615414909,-0.564128,0.835456,0.32208,45.885,20.7025,-28.25375,7.288001,-6.984,25.272001,inter_set_rest,4,7.0,195159.0,347583.0,300183.0,335878.0,299897.0
2026-04-14 18:15:21.848422,844636,1609508015459681,5615429789,-0.558272,0.923296,0.324032,38.5875,20.1075,-28.21875,7.008,-7.248,26.288002,inter_set_rest,4,7.0,195159.0,347583.0,300183.0,335878.0,299897.0
2026-04-14 18:15:21.928371,844647,1609508015468593,5615438689,-0.558272,0.923296,0.324032,23.84375,16.66875,-30.1875,7.008,-7.248,26.288002,inter_set_rest,4,7.0,162735.0,346515.0,262019.0,334751.0,270315.0
2026-04-14 18:15:21.930869,844648,1609508015477606,5615447402,-0.671488,0.944768,0.103456,2.16125,15.93375,-30.485,7.6,-7.088,26.384,inter_set_rest,4,7.0,162735.0,346515.0,262019.0,334751.0,270315.0
2026-04-14 18:15:21.933070,844649,1609508015492266,5615462364,-0.671488,0.944768,0.103456,-17.38625,15.8375,-33.2675,7.6,-7.088,26.384,inter_set_rest,4,7.0,162735.0,346515.0,262019.0,334751.0,270315.0
2026-04-14 18:15:21.935854,844650,1609508015501218,5615471048,-0.745664,0.989664,0.158112,-28.30625,17.491251,-36.40875,8.200001,-6.72,26.704,inter_set_rest,4,7.0,162735.0,346515.0,262019.0,334751.0,270315.0
2026-04-14 18:15:21.938282,844651,1609508015515740,5615485927,-0.767136,0.99552,0.163968,-24.50875,20.7025,-39.4975,7.744,-6.024,29.320002,inter_set_rest,4,7.0,162735.0,346515.0,262019.0,334751.0,270315.0
2026-04-14 18:15:21.943389,844652,1609508015524721,5615494628,-0.767136,0.99552,0.163968,-8.82875,22.5925,-40.78375,7.744,-6.024,29.320002,inter_set_rest,4,7.0,162735.0,346515.0,262019.0,334751.0,270315.0
2026-04-14 18:15:21.945882,844653,1609508015539215,5615509519,-0.714432,0.964288,0.318176,9.31875,22.155,-39.8825,7.856,-6.168,26.704,inter_set_rest,4,7.0,162735.0,346515.0,262019.0,334751.0,270315.0
2026-04-14 18:15:21.948278,844654,1609508015548153,5615518237,-0.714432,0.964288,0.318176,19.2675,22.4,-39.24375,7.856,-6.168,26.704,inter_set_rest,4,7.0,162735.0,346515.0,262019.0,334751.0,270315.0
2026-04-14 18:15:21.950466,844655,1609508015557148,5615526968,-0.661728,0.796416,-0.007808,17.1325,22.05,-39.9875,7.896,-6.632,25.728,inter_set_rest,4,7.0,162735.0,346515.0,262019.0,334751.0,270315.0
2026-04-14 18:15:21.977903,844666,1609508015572090,5615541907,-0.661728,0.796416,-0.007808,6.265,20.32625,-38.99,7.896,-6.632,25.728,inter_set_rest,4,7.0,91997.0,307483.0,175747.0,300645.0,185840.0
2026-04-14 18:15:21.980571,844667,1609508015581155,5615550733,-0.753472,0.704672,0.093696,-14.525,16.07375,-41.055,9.408,-5.936,26.416,inter_set_rest,4,7.0,91997.0,307483.0,175747.0,300645.0,185840.0
2026-04-14 18:15:21.983117,844668,1609508015595705,5615565688,-0.706624,0.694912,0.296704,-37.37125,13.5975,-43.6975,9.672001,-5.304,25.920002,inter_set_rest,4,7.0,91997.0,307483.0,175747.0,300645.0,185840.0
2026-04-14 18:15:21.985500,844669,1609508015605101,5615574472,-0.706624,0.694912,0.296704,-34.65875,17.54375,-37.0125,9.672001,-5.304,25.920002,inter_set_rest,4,7.0,91997.0,307483.0,175747.0,300645.0,185840.0
2026-04-14 18:15:21.991864,844670,1609508015614056,5615583170,-0.706624,0.694912,0.296704,-24.08,17.64875,-30.6075,9.672001,-5.304,25.920002,inter_set_rest,4,7.0,91997.0,307483.0,175747.0,300645.0,185840.0
2026-04-14 18:15:22.005537,844671,1609508015628602,5615598084,-0.759328,0.769088,0.173728,-17.70125,17.115,-29.49625,9.392,-4.68,24.808,inter_set_rest,4,7.0,91997.0,307483.0,175747.0,300645.0,185840.0
2026-04-14 18:15:22.016748,844672,1609508015637535,5615606768,-0.796416,0.76128,-0.001952,-14.27125,16.96625,-27.37,10.0,-5.016,25.080002,inter_set_rest,4,7.0,91997.0,307483.0,175747.0,300645.0,185840.0
2026-04-14 18:15:22.030576,844673,1609508015652069,5615621655,-0.796416,0.76128,-0.001952,-16.79125,16.75625,-25.76,10.0,-5.016,25.080002,inter_set_rest,4,7.0,91997.0,307483.0,175747.0,300645.0,185840.0
2026-04-14 18:15:22.039391,844674,1609508015660993,5615630371,-0.749568,0.685152,0.216672,-20.08125,17.78,-24.2025,10.944,-4.448,25.296001,inter_set_rest,4,7.0,91997.0,307483.0,175747.0,300645.0,185840.0
2026-04-14 18:15:22.048172,844675,1609508015669931,5615639122,-0.749568,0.685152,0.216672,-21.035,19.94125,-24.47375,10.944,-4.448,25.296001,inter_set_rest,4,7.0,91997.0,307483.0,175747.0,300645.0,185840.0
2026-04-14 18:15:22.075646,844686,1609508015684505,5615654067,-0.81984,0.753472,0.415776,-14.9625,21.77875,-25.3575,11.128,-4.488,25.168001,inter_set_rest,4,7.0,49282.0,266896.0,115864.0,265102.0,124477.0
2026-04-14 18:15:22.078173,844687,1609508015693504,5615662799,-0.81984,0.753472,0.415776,-3.35125,23.8875,-25.725,11.128,-4.488,25.168001,inter_set_rest,4,7.0,49282.0,266896.0,115864.0,265102.0,124477.0
2026-04-14 18:15:22.090111,844688,1609508015708095,5615677729,-0.84912,0.79056,0.40016,1.47,25.06,-28.46375,11.72,-4.32,25.352001,inter_set_rest,4,7.0,49282.0,266896.0,115864.0,265102.0,124477.0
2026-04-14 18:15:22.094184,844689,1609508015717069,5615686449,-0.884256,0.743712,0.02928,-0.84,23.03,-30.52875,10.088,-3.128,28.664001,inter_set_rest,4,7.0,49282.0,266896.0,115864.0,265102.0,124477.0
2026-04-14 18:15:22.109224,844690,1609508015731647,5615701417,-0.884256,0.743712,0.02928,-8.82875,17.68375,-31.053751,10.088,-3.128,28.664001,inter_set_rest,4,7.0,49282.0,266896.0,115864.0,265102.0,124477.0
2026-04-14 18:15:22.119353,844691,1609508015740580,5615710152,-0.821792,0.681248,0.121024,-20.72875,13.51,-30.44125,11.192,-3.312,24.944,inter_set_rest,4,7.0,49282.0,266896.0,115864.0,265102.0,124477.0
2026-04-14 18:15:22.129368,844692,1609508015749524,5615718878,-0.821792,0.681248,0.121024,-32.45375,9.345,-29.19875,11.192,-3.312,24.944,inter_set_rest,4,7.0,49282.0,266896.0,115864.0,265102.0,124477.0
2026-04-14 18:15:22.141864,844693,1609508015764025,5615733809,-0.944768,0.685152,0.343552,-38.52625,7.51625,-29.19,11.736001,-2.728,24.584002,inter_set_rest,4,7.0,49282.0,266896.0,115864.0,265102.0,124477.0
2026-04-14 18:15:22.174406,844704,1609508015773275,5615742792,-0.944768,0.685152,0.343552,-31.70125,7.2275,-27.1425,11.736001,-2.728,24.584002,inter_set_rest,4,7.0,43153.0,240146.0,105496.0,241763.0,112969.0
2026-04-14 18:15:22.176801,844705,1609508015787893,5615757706,-1.03456,0.681248,0.179584,-18.59375,8.05875,-24.36,12.504001,-2.352,24.984001,inter_set_rest,4,7.0,43153.0,240146.0,105496.0,241763.0,112969.0
2026-04-14 18:15:22.179399,844706,1609508015796863,5615766456,-0.923296,0.591456,0.16592,-9.45,9.72125,-25.50625,11.624001,-1.928,25.856,inter_set_rest,4,7.0,43153.0,240146.0,105496.0,241763.0,112969.0
2026-04-14 18:15:22.184293,844707,1609508015805907,5615775170,-0.923296,0.591456,0.16592,-7.56,11.1825,-27.81625,11.624001,-1.928,25.856,inter_set_rest,4,7.0,43153.0,240146.0,105496.0,241763.0,112969.0
2026-04-14 18:15:22.211595,844708,1609508015820406,5615790101,-0.970144,0.610976,0.324032,-9.80875,12.075,-29.3475,11.688001,-1.36,25.256,inter_set_rest,4,7.0,43153.0,240146.0,105496.0,241763.0,112969.0
2026-04-14 18:15:22.236916,844709,1609508015829316,5615798802,-0.970144,0.610976,0.324032,-10.5,10.9725,-27.83375,11.688001,-1.36,25.256,inter_set_rest,4,7.0,43153.0,240146.0,105496.0,241763.0,112969.0
2026-04-14 18:15:22.242175,844710,1609508015843834,5615813705,-0.960384,0.562176,0.093696,-7.77,9.94,-25.6375,11.808001,-1.664,24.768002,inter_set_rest,4,7.0,43153.0,240146.0,105496.0,241763.0,112969.0
2026-04-14 18:15:22.244687,844711,1609508015852798,5615822381,-0.960384,0.562176,0.093696,-2.75625,9.47625,-24.3075,11.808001,-1.664,24.768002,inter_set_rest,4,7.0,43153.0,240146.0,105496.0,241763.0,112969.0
2026-04-14 18:15:22.246709,844712,1609508015867343,5615837274,-1.050176,0.577792,0.232288,1.4525,8.42625,-24.10625,12.288,-1.64,24.736002,inter_set_rest,4,7.0,43153.0,240146.0,105496.0,241763.0,112969.0
2026-04-14 18:15:22.277202,844723,1609508015876561,5615846000,-1.050176,0.577792,0.12688,4.27875,8.155,-23.98375,12.288,-1.64,24.736002,inter_set_rest,4,7.0,41106.0,225498.0,101761.0,227681.0,108810.0
2026-04-14 18:15:22.282325,844724,1609508015885540,5615854776,-1.048224,0.558272,0.12688,2.94,9.275,-22.4,12.000001,-1.216,25.792002,inter_set_rest,4,7.0,41106.0,225498.0,101761.0,227681.0,108810.0
2026-04-14 18:15:22.282680,844725,1609508015900303,5615869728,-0.931104,0.540704,0.333792,-1.53125,11.33125,-21.8575,12.784,-1.232,24.896002,inter_set_rest,4,7.0,41106.0,225498.0,101761.0,227681.0,108810.0
2026-04-14 18:15:22.286761,844726,1609508015909245,5615878552,-0.931104,0.540704,0.333792,-7.97125,11.57625,-23.905,12.784,-1.232,24.896002,inter_set_rest,4,7.0,41106.0,225498.0,101761.0,227681.0,108810.0
2026-04-14 18:15:22.302070,844727,1609508015923814,5615893571,-1.016992,0.505568,0.140544,-16.31875,11.13875,-26.915,12.744,-0.856,24.784,inter_set_rest,4,7.0,41106.0,225498.0,101761.0,227681.0,108810.0
2026-04-14 18:15:22.311741,844728,1609508015932819,5615902266,-1.016992,0.505568,0.140544,-25.147501,11.34,-29.7325,12.744,-0.856,24.784,inter_set_rest,4,7.0,41106.0,225498.0,101761.0,227681.0,108810.0
2026-04-14 18:15:22.319584,844729,1609508015941755,5615910961,-0.960384,0.417728,0.132736,-33.355,12.6,-32.83,13.080001,-0.304,24.776001,inter_set_rest,4,7.0,41106.0,225498.0,101761.0,227681.0,108810.0
2026-04-14 18:15:22.356922,844730,1609508015956325,5615925888,-0.960384,0.417728,0.132736,-38.57875,14.21,-36.9425,13.080001,-0.304,24.776001,inter_set_rest,4,7.0,41106.0,225498.0,101761.0,227681.0,108810.0
2026-04-14 18:15:22.359695,844731,1609508015965254,5615934577,-0.870592,0.374784,0.279136,-40.53,15.295,-40.145,12.848001,0.672,24.712002,inter_set_rest,4,7.0,41106.0,225498.0,101761.0,227681.0,108810.0
2026-04-14 18:15:22.387036,844742,1609508015979837,5615949953,-1.026752,0.4392,0.281088,-39.89125,14.0875,-39.80375,13.312,1.04,25.736002,inter_set_rest,4,7.0,40855.0,211331.0,101662.0,215925.0,108306.0
2026-04-14 18:15:22.389009,844743,1609508015988815,5615958746,-1.026752,0.4392,0.281088,-35.58625,11.80375,-39.97,13.312,1.04,25.736002,inter_set_rest,4,7.0,40855.0,211331.0,101662.0,215925.0,108306.0
2026-04-14 18:15:22.392049,844744,1609508016003417,5615973750,-1.16144,0.427488,0.18544,-30.79125,18.3575,-49.95375,12.792001,1.96,25.936,inter_set_rest,4,7.0,40855.0,211331.0,101662.0,215925.0,108306.0
2026-04-14 18:15:22.394479,844745,1609508016012436,5615982490,-1.16144,0.427488,0.18544,-28.455,21.9275,-56.53375,12.792001,1.96,25.936,inter_set_rest,4,7.0,40855.0,211331.0,101662.0,215925.0,108306.0
2026-04-14 18:15:22.400812,844746,1609508016021459,5615991224,-1.065792,0.423584,0.355264,-26.145,22.3825,-57.697502,12.688001,2.16,25.712002,inter_set_rest,4,7.0,40855.0,211331.0,101662.0,215925.0,108306.0
2026-04-14 18:15:22.414658,844747,1609508016036024,5616006204,-1.065792,0.423584,0.355264,-26.3725,25.34875,-60.40125,12.688001,2.16,25.712002,inter_set_rest,4,7.0,40855.0,211331.0,101662.0,215925.0,108306.0
2026-04-14 18:15:22.424731,844748,1609508016045055,5616014909,-1.022848,0.366976,0.333792,-25.9175,24.85,-63.35875,13.816001,2.576,24.776001,inter_set_rest,4,7.0,40855.0,211331.0,101662.0,215925.0,108306.0
2026-04-14 18:15:22.438156,844749,1609508016059594,5616029882,-0.989664,0.298656,0.286944,-26.022501,23.49375,-66.535,14.112,3.2,23.616001,inter_set_rest,4,7.0,40855.0,211331.0,101662.0,215925.0,108306.0
2026-04-14 18:15:22.448452,844750,1609508016068548,5616038610,-0.989664,0.298656,0.286944,-25.165,19.4775,-68.36375,14.112,3.2,23.616001,inter_set_rest,4,7.0,40855.0,211331.0,101662.0,215925.0,108306.0
2026-04-14 18:15:22.483209,844761,1609508016077589,5616047352,-0.989664,0.298656,0.286944,-22.9075,18.9,-70.5425,14.112,3.2,23.616001,inter_set_rest,4,7.0,42589.0,195642.0,105455.0,203440.0,111420.0
2026-04-14 18:15:22.490524,844762,1609508016092147,5616062272,-1.071648,0.27328,0.050752,-20.27375,21.5425,-77.53375,13.984,3.84,24.512001,inter_set_rest,4,7.0,42589.0,195642.0,105455.0,203440.0,111420.0
2026-04-14 18:15:22.490591,844763,1609508016101091,5616070952,-1.032608,0.232288,0.113216,-15.2775,21.105,-83.23875,14.216001,4.088,24.920002,inter_set_rest,4,7.0,42589.0,195642.0,105455.0,203440.0,111420.0
2026-04-14 18:15:22.493993,844764,1609508016115635,5616085979,-1.032608,0.232288,0.113216,-9.79125,19.27625,-85.9075,14.216001,4.088,24.920002,inter_set_rest,4,7.0,42589.0,195642.0,105455.0,203440.0,111420.0
2026-04-14 18:15:22.504065,844765,1609508016124619,5616094696,-1.100928,0.306464,-0.017568,-1.40875,18.15625,-87.64875,13.984,4.76,24.616001,inter_set_rest,4,7.0,42589.0,195642.0,105455.0,203440.0,111420.0
2026-04-14 18:15:22.515428,844766,1609508016139147,5616107542,-0.976,0.329888,0.11712,7.81375,14.14,-91.37625,13.912001,4.752,25.288002,inter_set_rest,4,7.0,42589.0,195642.0,105455.0,203440.0,111420.0
2026-04-14 18:15:22.528527,844767,1609508016148360,5616118294,-0.976,0.329888,0.11712,14.98875,9.47625,-95.06875,13.912001,4.752,25.288002,inter_set_rest,4,7.0,42589.0,195642.0,105455.0,203440.0,111420.0
2026-04-14 18:15:22.534693,844768,1609508016157450,5616127051,-0.976,0.329888,0.11712,18.97875,6.55375,-96.005,13.912001,4.752,25.288002,inter_set_rest,4,7.0,42589.0,195642.0,105455.0,203440.0,111420.0
2026-04-14 18:15:22.550900,844769,1609508016171989,5616142060,-1.10288,0.3904,-0.050752,20.13375,1.7675,-96.15375,14.008,4.816001,25.384,inter_set_rest,4,7.0,42589.0,195642.0,105455.0,203440.0,111420.0
2026-04-14 18:15:22.622832,844780,1609508016181013,5616150822,-1.081408,0.368928,-0.060512,21.07,-1.86375,-96.433754,14.016001,5.376,26.408,inter_set_rest,4,7.0,44728.0,198085.0,109496.0,207698.0,115985.0
2026-04-14 18:15:22.630898,844781,1609508016195521,5616165729,-1.081408,0.368928,-0.060512,20.8075,-5.85375,-95.4975,14.016001,5.376,26.408,inter_set_rest,4,7.0,44728.0,198085.0,109496.0,207698.0,115985.0
2026-04-14 18:15:22.633367,844782,1609508016204546,5616174424,-1.059936,0.41968,0.105408,19.55625,-12.20625,-94.745,12.928,5.456,26.720001,inter_set_rest,4,7.0,44728.0,198085.0,109496.0,207698.0,115985.0
2026-04-14 18:15:22.635863,844783,1609508016213478,5616183097,-1.059936,0.41968,0.105408,17.43,-18.3225,-94.80625,12.928,5.456,26.720001,inter_set_rest,4,7.0,44728.0,198085.0,109496.0,207698.0,115985.0
2026-04-14 18:15:22.638027,844784,1609508016227996,5616197982,-0.925248,0.423584,0.197152,15.32125,-22.98625,-94.82375,12.496,5.952,27.056002,inter_set_rest,4,7.0,44728.0,198085.0,109496.0,207698.0,115985.0
2026-04-14 18:15:22.640751,844785,1609508016237077,5616206692,-0.925248,0.423584,0.197152,14.0525,-25.2525,-94.84125,12.496,5.952,27.056002,inter_set_rest,4,7.0,44728.0,198085.0,109496.0,207698.0,115985.0
2026-04-14 18:15:22.643528,844786,1609508016251598,5616221631,-1.013088,0.445056,0.152256,13.7025,-25.33125,-95.305,12.328001,5.784,28.952002,inter_set_rest,4,7.0,44728.0,198085.0,109496.0,207698.0,115985.0
2026-04-14 18:15:22.645933,844787,1609508016260599,5616230389,-1.028704,0.378688,0.017568,14.735,-25.6025,-95.85625,11.848001,6.24,27.488,inter_set_rest,4,7.0,44728.0,198085.0,109496.0,207698.0,115985.0
2026-04-14 18:15:22.678416,844798,1609508016275370,5616245729,-1.028704,0.378688,0.017568,18.45375,-26.22375,-96.01375,11.848001,6.24,27.488,inter_set_rest,4,7.0,45434.0,199946.0,110999.0,210247.0,117563.0
2026-04-14 18:15:22.680818,844799,1609508016284403,5616254570,-1.009184,0.3904,0.121024,24.465,-27.9475,-95.996254,11.952001,6.448,27.664001,inter_set_rest,4,7.0,45434.0,199946.0,110999.0,210247.0,117563.0
2026-04-14 18:15:22.683459,844800,1609508016293464,5616263240,-1.009184,0.3904,0.121024,32.10375,-29.61875,-95.8825,11.952001,6.448,27.664001,inter_set_rest,4,7.0,45434.0,199946.0,110999.0,210247.0,117563.0
2026-04-14 18:15:22.687107,844801,1609508016307975,5616278145,-0.993568,0.392352,0.040992,39.9175,-30.26625,-95.40125,10.336,6.744,28.344002,inter_set_rest,4,7.0,45434.0,199946.0,110999.0,210247.0,117563.0
2026-04-14 18:15:22.695932,844802,1609508016317049,5616286853,-0.993568,0.392352,0.040992,46.33125,-30.31,-94.71875,10.336,6.744,28.344002,inter_set_rest,4,7.0,45434.0,199946.0,110999.0,210247.0,117563.0
2026-04-14 18:15:22.710939,844803,1609508016331554,5616301747,-0.899872,0.366976,0.15616,53.06875,-31.36875,-93.56375,11.568001,5.416,26.616001,inter_set_rest,4,7.0,45434.0,199946.0,110999.0,210247.0,117563.0
2026-04-14 18:15:22.718165,844804,1609508016340492,5616310498,-1.001376,0.35136,-0.062464,57.8725,-31.70125,-92.4525,9.936001,5.792,27.176,inter_set_rest,4,7.0,45434.0,199946.0,110999.0,210247.0,117563.0
2026-04-14 18:15:22.730874,844805,1609508016349590,5616319196,-1.001376,0.35136,-0.062464,62.4925,-31.36875,-91.84875,9.936001,5.792,27.176,inter_set_rest,4,7.0,45434.0,199946.0,110999.0,210247.0,117563.0
2026-04-14 18:15:22.743451,844806,1609508016364115,5616334136,-0.913536,0.306464,0.083936,67.89125,-31.43,-90.8075,9.6,5.144,28.312002,inter_set_rest,4,7.0,45434.0,199946.0,110999.0,210247.0,117563.0
2026-04-14 18:15:22.755140,844807,1609508016373122,5616342818,-0.913536,0.306464,0.083936,73.33375,-31.08,-89.67,9.6,5.144,28.312002,inter_set_rest,4,7.0,45434.0,199946.0,110999.0,210247.0,117563.0
2026-04-14 18:15:22.780922,844818,1609508016387740,5616357813,-1.028704,0.327936,0.00976,80.38625,-30.555,-87.75375,10.144,3.936,27.144001,inter_set_rest,4,7.0,45546.0,200703.0,111164.0,211101.0,117729.0
2026-04-14 18:15:22.783525,844819,1609508016396687,5616366566,-1.028704,0.327936,0.00976,87.29,-29.81125,-86.07375,10.144,3.936,27.144001,inter_set_rest,4,7.0,45546.0,200703.0,111164.0,211101.0,117729.0
2026-04-14 18:15:22.790958,844820,1609508016411264,5616381493,-1.0248,0.2928,-0.109312,95.725,-29.02375,-83.9125,8.664001,3.16,27.512001,inter_set_rest,4,7.0,45546.0,200703.0,111164.0,211101.0,117729.0
2026-04-14 18:15:22.799760,844821,1609508016420174,5616390212,-1.0248,0.277184,-0.099552,103.46,-28.28875,-81.22625,8.664001,3.16,29.560001,inter_set_rest,4,7.0,45546.0,200703.0,111164.0,211101.0,117729.0
2026-04-14 18:15:22.808219,844822,1609508016429135,5616398907,-1.01504,0.277184,-0.099552,109.2,-27.02875,-79.75625,8.952001,1.664,30.704002,inter_set_rest,4,7.0,45546.0,200703.0,111164.0,211101.0,117729.0
2026-04-14 18:15:22.823544,844823,1609508016443645,5616413839,-1.011136,0.294752,0.122976,113.7675,-24.78875,-77.1575,8.728001,-0.016,27.168001,inter_set_rest,4,7.0,45546.0,200703.0,111164.0,211101.0,117729.0
2026-04-14 18:15:22.833460,844824,1609508016452570,5616422526,-1.011136,0.294752,0.122976,117.7225,-22.98625,-72.625,8.728001,-0.016,27.168001,inter_set_rest,4,7.0,45546.0,200703.0,111164.0,211101.0,117729.0
2026-04-14 18:15:22.844948,844825,1609508016467052,5616435509,-0.942816,0.265472,0.095648,121.86125,-22.0325,-67.0775,8.6,-1.224,27.232,inter_set_rest,4,7.0,45546.0,200703.0,111164.0,211101.0,117729.0
2026-04-14 18:15:22.879667,844836,1609508016476488,5616446810,-0.942816,0.265472,0.095648,125.37875,-21.48125,-61.15375,8.6,-1.224,27.232,inter_set_rest,4,7.0,45799.0,203329.0,111582.0,212896.0,118242.0
2026-04-14 18:15:22.882099,844837,1609508016485638,5616455635,-0.987712,0.245952,-0.10736,128.94875,-19.10125,-56.06125,7.632,-2.28,28.056002,inter_set_rest,4,7.0,45799.0,203329.0,111582.0,212896.0,118242.0
2026-04-14 18:15:22.884736,844838,1609508016500339,5616470604,-0.987712,0.245952,-0.130784,132.475,-15.39125,-51.31,7.632,-2.28,28.056002,inter_set_rest,4,7.0,45799.0,203329.0,111582.0,212896.0,118242.0
2026-04-14 18:15:22.889327,844839,1609508016509341,5616479308,-1.0248,0.247904,-0.130784,134.68875,-11.24375,-47.57375,6.84,-3.584,29.000002,inter_set_rest,4,7.0,45799.0,203329.0,111582.0,212896.0,118242.0
2026-04-14 18:15:22.900955,844840,1609508016523847,5616492266,-1.075552,0.277184,-0.105408,136.01,-7.7,-44.2925,8.120001,-5.968,26.528002,inter_set_rest,4,7.0,45799.0,203329.0,111582.0,212896.0,118242.0
2026-04-14 18:15:22.912422,844841,1609508016533133,5616503033,-1.075552,0.277184,-0.105408,135.24,-7.4725,-43.4175,8.120001,-5.968,26.528002,inter_set_rest,4,7.0,45799.0,203329.0,111582.0,212896.0,118242.0
2026-04-14 18:15:22.920605,844842,1609508016542018,5616511764,-0.929152,0.261568,-0.02928,133.2275,-5.53875,-41.46625,7.448,-6.864,25.952002,inter_set_rest,4,7.0,45799.0,203329.0,111582.0,212896.0,118242.0
2026-04-14 18:15:22.950122,844843,1609508016556527,5616526661,-0.929152,0.261568,-0.02928,130.03375,-0.56,-34.43125,7.448,-6.864,25.952002,inter_set_rest,4,7.0,45799.0,203329.0,111582.0,212896.0,118242.0
2026-04-14 18:15:22.965791,844844,1609508016565626,5616535520,-0.972096,0.329888,0.085888,124.18,2.8525,-28.8225,8.52,-8.232,26.728,inter_set_rest,4,7.0,45799.0,203329.0,111582.0,212896.0,118242.0
2026-04-14 18:15:23.041985,844855,1609508016580483,5616550490,-0.972096,0.329888,0.085888,116.85625,6.615,-27.23,8.52,-8.232,26.728,inter_set_rest,4,7.0,46657.0,206723.0,112914.0,214542.0,119790.0
2026-04-14 18:15:23.042703,844856,1609508016589422,5616559197,-0.983808,0.290848,-0.035136,108.64875,10.59625,-27.27375,7.880001,-9.416,26.160002,inter_set_rest,4,7.0,46657.0,206723.0,112914.0,214542.0,119790.0
2026-04-14 18:15:23.045146,844857,1609508016598372,5616567890,-0.983808,0.290848,-0.035136,99.82,13.72875,-26.5825,7.880001,-9.416,26.160002,inter_set_rest,4,7.0,46657.0,206723.0,112914.0,214542.0,119790.0
2026-04-14 18:15:23.048363,844858,1609508016612819,5616582778,-0.950624,0.318176,0.142496,90.6675,15.417501,-25.2525,8.240001,-10.144,25.832,inter_set_rest,4,7.0,46657.0,206723.0,112914.0,214542.0,119790.0
2026-04-14 18:15:23.050804,844859,1609508016621735,5616591445,-0.979904,0.300608,-0.093696,81.22625,17.6225,-24.22875,8.240001,-10.888001,25.320002,inter_set_rest,4,7.0,46657.0,206723.0,112914.0,214542.0,119790.0
2026-04-14 18:15:23.053419,844860,1609508016636494,5616606364,-0.979904,0.300608,-0.093696,71.933754,21.0175,-23.94,8.400001,-10.888001,25.320002,inter_set_rest,4,7.0,46657.0,206723.0,112914.0,214542.0,119790.0
2026-04-14 18:15:23.055792,844861,1609508016645477,5616615116,-0.925248,0.318176,0.0976,60.4625,25.08625,-24.80625,8.68,-11.248,25.784,inter_set_rest,4,7.0,46657.0,206723.0,112914.0,214542.0,119790.0
2026-04-14 18:15:23.058382,844862,1609508016659990,5616630192,-0.925248,0.318176,0.0976,45.85,27.86875,-26.95,8.68,-11.248,25.784,inter_set_rest,4,7.0,46657.0,206723.0,112914.0,214542.0,119790.0
2026-04-14 18:15:23.060876,844863,1609508016668924,5616638899,-0.968192,0.333792,0.070272,30.42375,29.7325,-27.79,9.480001,-11.288,26.192001,inter_set_rest,4,7.0,46657.0,206723.0,112914.0,214542.0,119790.0
2026-04-14 18:15:23.088535,844874,1609508016678518,5616648010,-0.968192,0.333792,0.070272,16.2575,31.22875,-27.116251,9.480001,-11.288,26.192001,inter_set_rest,4,7.0,46788.0,205886.0,113125.0,214026.0,120104.0
2026-04-14 18:15:23.090952,844875,1609508016693230,5616663008,-0.866688,0.30256,0.240096,3.4825,33.845,-25.68125,8.864,-11.040001,26.128002,inter_set_rest,4,7.0,46788.0,205886.0,113125.0,214026.0,120104.0
2026-04-14 18:15:23.093161,844876,1609508016702173,5616671695,-0.935008,0.275232,0.15616,-7.21,37.70375,-25.20875,8.864,-11.040001,23.320002,inter_set_rest,4,7.0,46788.0,205886.0,113125.0,214026.0,120104.0
2026-04-14 18:15:23.095935,844877,1609508016716715,5616686649,-0.935008,0.275232,0.15616,-16.4325,40.95875,-24.78,9.872001,-10.304001,23.320002,inter_set_rest,4,7.0,46788.0,205886.0,113125.0,214026.0,120104.0
2026-04-14 18:15:23.104280,844878,1609508016725644,5616695353,-0.98576,0.259616,0.208864,-25.5675,44.00375,-24.053751,11.488001,-10.592001,24.528002,inter_set_rest,4,7.0,46788.0,205886.0,113125.0,214026.0,120104.0
2026-04-14 18:15:23.114703,844879,1609508016734645,5616704058,-0.98576,0.259616,0.208864,-33.8975,45.15,-22.49625,11.488001,-10.592001,24.528002,inter_set_rest,4,7.0,46788.0,205886.0,113125.0,214026.0,120104.0
2026-04-14 18:15:23.127089,844880,1609508016749166,5616718988,-1.052128,0.26352,0.242048,-40.232502,44.10875,-20.08125,12.752001,-10.360001,23.792002,inter_set_rest,4,7.0,46788.0,205886.0,113125.0,214026.0,120104.0
2026-04-14 18:15:23.137604,844881,1609508016758119,5616727685,-1.052128,0.26352,0.242048,-44.77375,41.09,-16.03875,12.752001,-10.360001,23.792002,inter_set_rest,4,7.0,46788.0,205886.0,113125.0,214026.0,120104.0
2026-04-14 18:15:23.153393,844882,1609508016772655,5616742627,-0.970144,0.210816,0.35136,-46.90875,38.85,-11.0775,13.448001,-9.096001,24.76,inter_set_rest,4,7.0,46788.0,205886.0,113125.0,214026.0,120104.0
2026-04-14 18:15:23.180530,844893,1609508016781773,5616751420,-0.970144,0.210816,0.35136,-45.482502,35.7,-3.815,13.448001,-9.096001,24.76,inter_set_rest,4,7.0,45847.0,195507.0,111288.0,206441.0,118254.0
2026-04-14 18:15:23.183469,844894,1609508016790936,5616760218,-1.077504,0.22448,0.320128,-40.85375,33.39875,-1.05,12.768001,-8.536,24.52,inter_set_rest,4,7.0,45847.0,195507.0,111288.0,206441.0,118254.0
2026-04-14 18:15:23.185957,844895,1609508016805571,5616775237,-1.050176,0.115168,0.187392,-33.3725,28.9625,-0.7875,13.176001,-8.92,23.288002,inter_set_rest,4,7.0,45847.0,195507.0,111288.0,206441.0,118254.0
2026-04-14 18:15:23.193511,844896,1609508016814513,5616783950,-1.050176,0.115168,0.187392,-20.86875,24.47375,3.85,13.176001,-8.92,23.288002,inter_set_rest,4,7.0,45847.0,195507.0,111288.0,206441.0,118254.0
2026-04-14 18:15:23.207189,844897,1609508016829140,5616798948,-1.134112,0.173728,0.142496,-8.0675,21.51625,10.71875,14.096001,-9.304001,23.136002,inter_set_rest,4,7.0,45847.0,195507.0,111288.0,206441.0,118254.0
2026-04-14 18:15:23.215950,844898,1609508016838253,5616807647,-1.134112,0.173728,0.142496,2.66875,19.1625,14.455,14.096001,-9.304001,23.136002,inter_set_rest,4,7.0,45847.0,195507.0,111288.0,206441.0,118254.0
2026-04-14 18:15:23.231728,844899,1609508016852784,5616822750,-1.139968,0.1952,0.298656,10.24625,15.575,16.16125,14.264001,-9.704,23.368002,inter_set_rest,4,7.0,45847.0,195507.0,111288.0,206441.0,118254.0
2026-04-14 18:15:23.242229,844900,1609508016861860,5616831457,-1.139968,0.1952,0.298656,15.4,12.2325,19.29375,14.264001,-9.704,23.368002,inter_set_rest,4,7.0,45847.0,195507.0,111288.0,206441.0,118254.0
2026-04-14 18:15:23.253381,844901,1609508016871003,5616840199,-1.169248,0.212768,0.261568,18.515,9.10875,23.10875,13.872001,-9.400001,24.096,inter_set_rest,4,7.0,45847.0,195507.0,111288.0,206441.0,118254.0
2026-04-14 18:15:23.280482,844912,1609508016885628,5616855255,-1.087264,0.21472,0.245952,19.2675,4.445,26.43375,14.072001,-10.112,23.288002,inter_set_rest,4,7.0,47261.0,192973.0,113692.0,204485.0,120340.0
2026-04-14 18:15:23.283053,844913,1609508016894626,5616864018,-1.087264,0.21472,0.245952,18.2175,-0.55125,28.98,14.072001,-10.112,23.288002,inter_set_rest,4,7.0,47261.0,192973.0,113692.0,204485.0,120340.0
2026-04-14 18:15:23.288195,844914,1609508016909261,5616878950,-1.16144,0.23424,0.072224,13.895,-6.71125,30.52875,13.240001,-10.016001,23.496,inter_set_rest,4,7.0,47261.0,192973.0,113692.0,204485.0,120340.0
2026-04-14 18:15:23.314615,844915,1609508016918495,5616887716,-1.16144,0.23424,0.072224,5.03125,-11.62,31.053751,13.240001,-10.016001,23.496,inter_set_rest,4,7.0,47261.0,192973.0,113692.0,204485.0,120340.0
2026-04-14 18:15:23.338383,844916,1609508016927464,5616896397,-1.10288,0.230336,0.286944,-7.07,-14.805,31.4125,13.824,-10.288,23.496,inter_set_rest,4,7.0,47261.0,192973.0,113692.0,204485.0,120340.0
2026-04-14 18:15:23.340305,844917,1609508016941950,5616911276,-1.10288,0.230336,0.286944,-18.69875,-15.25125,31.21125,13.824,-10.288,23.496,inter_set_rest,4,7.0,47261.0,192973.0,113692.0,204485.0,120340.0
2026-04-14 18:15:23.343115,844918,1609508016950896,5616919996,-1.061888,0.12688,0.132736,-27.9825,-16.31875,31.6225,13.152,-10.304001,25.192001,inter_set_rest,4,7.0,47261.0,192973.0,113692.0,204485.0,120340.0
2026-04-14 18:15:23.345559,844919,1609508016965372,5616934954,-1.0248,0.099552,0.179584,-35.93625,-17.59625,32.62,12.864,-9.216001,24.032001,inter_set_rest,4,7.0,47261.0,192973.0,113692.0,204485.0,120340.0
2026-04-14 18:15:23.355588,844920,1609508016974301,5616943699,-1.0248,0.099552,0.179584,-41.79,-18.1825,33.10125,12.864,-9.216001,24.032001,inter_set_rest,4,7.0,47261.0,192973.0,113692.0,204485.0,120340.0
2026-04-14 18:15:23.383232,844931,1609508016983337,5616952446,-1.0248,0.099552,0.242048,-46.47125,-17.491251,32.90875,12.864,-9.216001,24.032001,inter_set_rest,4,7.0,44818.0,192836.0,109879.0,204635.0,115973.0
2026-04-14 18:15:23.385548,844932,1609508016997882,5616967508,-1.01504,0.072224,0.242048,-50.02375,-14.62125,32.17375,11.496,-9.016001,25.384,inter_set_rest,4,7.0,44818.0,192836.0,109879.0,204635.0,115973.0
2026-04-14 18:15:23.388045,844933,1609508017006820,5616976269,-1.059936,0.044896,0.134688,-51.065,-12.145,31.85875,11.384001,-8.776,25.304,inter_set_rest,4,7.0,44818.0,192836.0,109879.0,204635.0,115973.0
2026-04-14 18:15:23.400591,844934,1609508017021485,5616991366,-1.059936,0.044896,0.134688,-49.735,-11.480001,31.885,11.384001,-8.776,25.304,inter_set_rest,4,7.0,44818.0,192836.0,109879.0,204635.0,115973.0
2026-04-14 18:15:23.411068,844935,1609508017030592,5617000126,-1.145824,0.083936,0.025376,-46.2175,-13.3,30.75625,12.216001,-8.304001,24.488,inter_set_rest,4,7.0,44818.0,192836.0,109879.0,204635.0,115973.0
2026-04-14 18:15:23.423139,844936,1609508017045082,5617014959,-1.106784,0.089792,0.054656,-44.31875,-15.715,29.6275,11.704,-8.440001,26.056002,inter_set_rest,4,7.0,44818.0,192836.0,109879.0,204635.0,115973.0
2026-04-14 18:15:23.433177,844937,1609508017054024,5617023677,-1.106784,0.089792,0.054656,-44.1525,-15.60125,28.77,11.704,-8.440001,26.056002,inter_set_rest,4,7.0,44818.0,192836.0,109879.0,204635.0,115973.0
2026-04-14 18:15:23.440520,844938,1609508017063020,5617032386,-1.106784,0.089792,0.054656,-44.3275,-13.93,26.5475,11.704,-8.440001,26.056002,inter_set_rest,4,7.0,44818.0,192836.0,109879.0,204635.0,115973.0
2026-04-14 18:15:23.456905,844939,1609508017077532,5617047356,-1.030656,0.02928,0.093696,-44.52,-12.18875,23.94,11.096001,-7.896,27.088001,inter_set_rest,4,7.0,44818.0,192836.0,109879.0,204635.0,115973.0
2026-04-14 18:15:23.486998,844951,1609508017086609,5617056064,-1.036512,0.013664,0.20496,-43.2075,-10.59625,21.49,10.272,-7.672,25.888,inter_set_rest,4,7.0,44154.0,192548.0,108792.0,204554.0,114694.0
2026-04-14 18:15:23.489422,844952,1609508017101230,5617071066,-1.036512,0.013664,0.20496,-39.1475,-11.08625,19.81,10.272,-7.672,25.888,inter_set_rest,4,7.0,44154.0,192548.0,108792.0,204554.0,114694.0
2026-04-14 18:15:23.491863,844953,1609508017110177,5617079786,-1.134112,0.044896,0.06832,-30.625,-12.15375,20.57125,10.984,-7.880001,25.480001,inter_set_rest,4,7.0,44154.0,192548.0,108792.0,204554.0,114694.0
2026-04-14 18:15:23.498050,844954,1609508017119257,5617088530,-1.134112,0.044896,0.06832,-19.92375,-12.46875,21.175,10.984,-7.880001,25.480001,inter_set_rest,4,7.0,44154.0,192548.0,108792.0,204554.0,114694.0
2026-04-14 18:15:23.514261,844955,1609508017134037,5617103436,-1.110688,0.101504,0.054656,-10.115,-12.3025,20.48375,11.128,-8.048,25.392002,inter_set_rest,4,7.0,44154.0,192548.0,108792.0,204554.0,114694.0
2026-04-14 18:15:23.520325,844956,1609508017143197,5617112160,-1.110688,0.101504,0.054656,-3.2725,-11.5675,18.54125,11.128,-8.048,25.392002,inter_set_rest,4,7.0,44154.0,192548.0,108792.0,204554.0,114694.0
2026-04-14 18:15:23.536844,844957,1609508017157812,5617127089,-1.085312,0.091744,0.095648,1.05,-9.7825,17.45625,10.6,-8.056001,25.944002,inter_set_rest,4,7.0,44154.0,192548.0,108792.0,204554.0,114694.0
2026-04-14 18:15:23.544235,844958,1609508017166712,5617135828,-1.071648,0.076128,0.074176,4.62,-8.44375,17.491251,10.416,-8.008,26.592001,inter_set_rest,4,7.0,44154.0,192548.0,108792.0,204554.0,114694.0
2026-04-14 18:15:23.554313,844959,1609508017175643,5617144508,-1.071648,0.076128,0.074176,11.80375,-7.105,17.9025,10.416,-8.008,26.592001,inter_set_rest,4,7.0,44154.0,192548.0,108792.0,204554.0,114694.0
2026-04-14 18:15:23.584718,844970,1609508017190742,5617159505,-1.00528,0.15616,0.162016,20.335001,-5.355,17.43875,9.432,-8.096001,26.04,inter_set_rest,4,7.0,44624.0,194272.0,109670.0,206155.0,115720.0
2026-04-14 18:15:23.587180,844971,1609508017200098,5617170305,-1.00528,0.15616,0.162016,26.0575,-4.1475,15.408751,9.432,-8.096001,26.04,inter_set_rest,4,7.0,44624.0,194272.0,109670.0,206155.0,115720.0
2026-04-14 18:15:23.591719,844972,1609508017214626,5617183142,-1.08336,0.171776,0.003904,26.60875,-2.98375,12.99375,9.200001,-8.752001,26.376001,inter_set_rest,4,7.0,44624.0,194272.0,109670.0,206155.0,115720.0
2026-04-14 18:15:23.602536,844973,1609508017223971,5617193923,-1.08336,0.171776,0.003904,21.14,-3.24625,10.22,9.200001,-8.752001,26.376001,inter_set_rest,4,7.0,44624.0,194272.0,109670.0,206155.0,115720.0
2026-04-14 18:15:23.633476,844974,1609508017232943,5617202651,-1.104832,0.183488,0.154208,15.86375,-4.29625,8.715,10.416,-9.064,25.168001,inter_set_rest,4,7.0,44624.0,194272.0,109670.0,206155.0,115720.0
2026-04-14 18:15:23.635461,844975,1609508017247443,5617217529,-1.0248,0.167872,0.105408,13.79,-4.6725,7.88375,10.128,-9.552,23.128,inter_set_rest,4,7.0,44624.0,194272.0,109670.0,206155.0,115720.0
2026-04-14 18:15:23.638182,844976,1609508017256357,5617226217,-1.0248,0.167872,0.105408,11.4625,-4.55875,7.4025,10.128,-9.552,23.128,inter_set_rest,4,7.0,44624.0,194272.0,109670.0,206155.0,115720.0
2026-04-14 18:15:23.654274,844977,1609508017270934,5617241211,-0.987712,0.183488,0.203008,9.073751,-4.375,6.335,10.240001,-9.504001,25.176,inter_set_rest,4,7.0,44624.0,194272.0,109670.0,206155.0,115720.0
2026-04-14 18:15:23.755955,844988,1609508017279874,5617249862,-0.987712,0.183488,0.203008,4.935,-4.29625,4.9525,10.240001,-9.504001,25.176,inter_set_rest,4,7.0,44664.0,194793.0,109729.0,206709.0,115841.0
2026-04-14 18:15:23.758353,844989,1609508017288885,5617258588,-1.013088,0.16592,0.035136,1.2075,-2.38875,3.38625,8.992001,-9.272,25.216002,inter_set_rest,4,7.0,44664.0,194793.0,109729.0,206709.0,115841.0
2026-04-14 18:15:23.760920,844990,1609508017303403,5617273529,-1.013088,0.16592,0.035136,-2.555,0.385,1.77625,8.992001,-9.272,25.216002,inter_set_rest,4,7.0,44664.0,194793.0,109729.0,206709.0,115841.0
2026-04-14 18:15:23.763421,844991,1609508017312429,5617282223,-1.001376,0.171776,0.11712,-6.5275,2.59,-0.04375,9.904,-9.568001,25.072,inter_set_rest,4,7.0,44664.0,194793.0,109729.0,206709.0,115841.0
2026-04-14 18:15:23.765950,844992,1609508017326923,5617297188,-1.009184,0.191296,0.21472,-9.65125,3.59625,-2.10875,10.104,-9.264001,25.328001,inter_set_rest,4,7.0,44664.0,194793.0,109729.0,206709.0,115841.0
2026-04-14 18:15:23.770561,844993,1609508017335851,5617305909,-1.009184,0.191296,0.21472,-12.36375,4.62875,-3.745,10.104,-9.264001,25.328001,inter_set_rest,4,7.0,44664.0,194793.0,109729.0,206709.0,115841.0
2026-04-14 18:15:23.773045,844994,1609508017350300,5617318750,-1.0248,0.1952,0.206912,-14.25375,5.11875,-5.39875,9.96,-8.888001,25.384,inter_set_rest,4,7.0,44664.0,194793.0,109729.0,206709.0,115841.0
2026-04-14 18:15:23.776842,844995,1609508017359557,5617329488,-1.0248,0.1952,0.206912,-14.971251,6.3,-7.4375,9.96,-8.888001,25.384,inter_set_rest,4,7.0,44664.0,194793.0,109729.0,206709.0,115841.0
2026-04-14 18:15:23.778752,844996,1609508017368587,5617338195,-1.075552,0.169824,0.035136,-14.735,7.735,-9.59,10.456,-8.344001,26.368002,inter_set_rest,4,7.0,44664.0,194793.0,109729.0,206709.0,115841.0
2026-04-14 18:15:23.805848,845007,1609508017383528,5617353140,-1.075552,0.169824,0.035136,-14.28875,8.74125,-11.08625,10.456,-8.344001,26.368002,inter_set_rest,4,7.0,44154.0,194372.0,108800.0,206295.0,114840.0
2026-04-14 18:15:23.808396,845008,1609508017392602,5617361914,-1.03456,0.18544,0.265472,-12.94125,8.61,-12.01375,9.288,-8.464001,26.048,inter_set_rest,4,7.0,44154.0,194372.0,108800.0,206295.0,114840.0
2026-04-14 18:15:23.810865,845009,1609508017407150,5617376902,-1.018944,0.171776,0.236192,-10.54375,7.88375,-12.6,10.040001,-8.248,26.248001,inter_set_rest,4,7.0,44154.0,194372.0,108800.0,206295.0,114840.0
2026-04-14 18:15:23.813526,845010,1609508017416106,5617385627,-1.018944,0.171776,0.236192,-8.00625,7.48125,-13.06375,10.040001,-8.248,26.248001,inter_set_rest,4,7.0,44154.0,194372.0,108800.0,206295.0,114840.0
2026-04-14 18:15:23.815942,845011,1609508017425086,5617394372,-1.018944,0.171776,0.236192,-5.50375,7.56875,-13.1425,10.040001,-8.248,26.248001,inter_set_rest,4,7.0,44154.0,194372.0,108800.0,206295.0,114840.0
2026-04-14 18:15:23.818479,845012,1609508017439597,5617409343,-1.03456,0.177632,0.210816,-3.38625,7.70875,-13.51,9.912001,-8.256001,26.984001,inter_set_rest,4,7.0,44154.0,194372.0,108800.0,206295.0,114840.0
2026-04-14 18:15:23.827203,845013,1609508017448593,5617418039,-1.087264,0.183488,0.111264,-2.0825,6.965,-12.90625,10.216001,-8.104,25.024002,inter_set_rest,4,7.0,44154.0,194372.0,108800.0,206295.0,114840.0
2026-04-14 18:15:23.840971,845014,1609508017463135,5617432923,-1.087264,0.183488,0.111264,-1.4875,6.0025,-11.38375,10.216001,-8.104,25.024002,inter_set_rest,4,7.0,44154.0,194372.0,108800.0,206295.0,114840.0
2026-04-14 18:15:23.851016,845015,1609508017472195,5617441638,-1.061888,0.173728,0.062464,0.0,5.0925,-9.59875,10.504001,-8.128,26.392002,inter_set_rest,4,7.0,44154.0,194372.0,108800.0,206295.0,114840.0
2026-04-14 18:15:23.886987,845026,1609508017486824,5617456703,-1.061888,0.20496,0.173728,1.05,4.8125,-8.1375,10.504001,-8.128,26.392002,inter_set_rest,4,7.0,43998.0,194286.0,108536.0,206201.0,114575.0
2026-04-14 18:15:23.889524,845027,1609508017495883,5617465501,-1.067744,0.20496,0.173728,1.6625,4.76,-7.00875,9.848001,-8.368,26.240002,inter_set_rest,4,7.0,43998.0,194286.0,108536.0,206201.0,114575.0
2026-04-14 18:15:23.892062,845028,1609508017504850,5617474205,-1.067744,0.20496,0.173728,1.7325,4.36625,-5.845,9.848001,-8.368,26.240002,inter_set_rest,4,7.0,43998.0,194286.0,108536.0,206201.0,114575.0
2026-04-14 18:15:23.898363,845029,1609508017519402,5617489164,-1.077504,0.20496,0.103456,2.065,3.5,-4.90875,11.336,-8.568001,25.432001,inter_set_rest,4,7.0,43998.0,194286.0,108536.0,206201.0,114575.0
2026-04-14 18:15:23.907090,845030,1609508017528331,5617497862,-1.036512,0.21472,0.238144,1.12875,2.5375,-4.0775,10.144,-8.336,25.160002,inter_set_rest,4,7.0,43998.0,194286.0,108536.0,206201.0,114575.0
2026-04-14 18:15:23.920406,845031,1609508017542866,5617512772,-1.036512,0.21472,0.238144,-0.0875,2.91375,-3.8325,10.144,-8.336,25.160002,inter_set_rest,4,7.0,43998.0,194286.0,108536.0,206201.0,114575.0
2026-04-14 18:15:23.929734,845032,1609508017551839,5617521477,-1.110688,0.212768,0.060512,-1.225,3.1675,-4.235,11.096001,-8.568001,25.368002,inter_set_rest,4,7.0,43998.0,194286.0,108536.0,206201.0,114575.0
2026-04-14 18:15:23.939360,845033,1609508017560849,5617530201,-1.110688,0.212768,0.060512,-1.68875,3.7625,-4.7425,11.096001,-8.568001,25.368002,inter_set_rest,4,7.0,43998.0,194286.0,108536.0,206201.0,114575.0
2026-04-14 18:15:23.959310,845034,1609508017575347,5617545113,-1.026752,0.183488,0.17568,-1.79375,3.4825,-4.66375,11.624001,-8.064,26.216002,inter_set_rest,4,7.0,43998.0,194286.0,108536.0,206201.0,114575.0
2026-04-14 18:15:23.986702,845045,1609508017584719,5617553850,-1.026752,0.183488,0.17568,-2.02125,2.94875,-4.7775,11.624001,-8.064,26.216002,inter_set_rest,4,7.0,43871.0,194315.0,108318.0,206215.0,114384.0
2026-04-14 18:15:23.989182,845046,1609508017599342,5617568787,-1.022848,0.208864,0.286944,-2.24875,1.67125,-4.6725,10.648001,-8.376,26.184002,inter_set_rest,4,7.0,43871.0,194315.0,108318.0,206215.0,114384.0
2026-04-14 18:15:23.992216,845047,1609508017608284,5617577506,-0.987712,0.183488,0.216672,-1.68875,0.8225,-4.6025,10.360001,-8.192,26.088001,inter_set_rest,4,7.0,43871.0,194315.0,108318.0,206215.0,114384.0
2026-04-14 18:15:23.994692,845048,1609508017617208,5617586249,-0.987712,0.183488,0.216672,-1.23375,0.00875,-4.08625,10.360001,-8.192,26.088001,inter_set_rest,4,7.0,43871.0,194315.0,108318.0,206215.0,114384.0
2026-04-14 18:15:24.009296,845049,1609508017631787,5617601215,-0.983808,0.189344,0.251808,-1.3825,-0.735,-3.21125,11.368001,-8.52,24.856,inter_set_rest,4,7.0,43871.0,194315.0,108318.0,206215.0,114384.0
2026-04-14 18:15:24.020605,845050,1609508017640764,5617609913,-0.983808,0.189344,0.251808,-2.16125,-0.13125,-2.695,11.368001,-8.52,24.856,inter_set_rest,4,7.0,43871.0,194315.0,108318.0,206215.0,114384.0
2026-04-14 18:15:24.053338,845051,1609508017655405,5617624788,-1.108736,0.20496,0.044896,-3.0275,0.5425,-1.8375,11.072001,-8.944,24.648,inter_set_rest,4,7.0,43871.0,194315.0,108318.0,206215.0,114384.0
2026-04-14 18:15:24.055489,845052,1609508017664400,5617633481,-1.108736,0.20496,0.044896,-3.745,0.41125,-1.89,11.072001,-8.944,24.648,inter_set_rest,4,7.0,43871.0,194315.0,108318.0,206215.0,114384.0
2026-04-14 18:15:24.058242,845053,1609508017678890,5617648477,-1.104832,0.197152,0.062464,-4.3225,0.49,-1.82,11.456,-8.168,25.368002,inter_set_rest,4,7.0,43871.0,194315.0,108318.0,206215.0,114384.0
2026-04-14 18:15:24.105972,845064,1609508017687957,5617657168,-1.104832,0.228384,0.181536,-5.145,-0.46375,-1.6625,11.456,-8.168,25.368002,inter_set_rest,4,7.0,43740.0,194129.0,108103.0,206014.0,114205.0
2026-04-14 18:15:24.108505,845065,1609508017696886,5617665955,-1.091168,0.218624,0.181536,-4.9875,-1.89875,-1.2075,11.232,-8.672001,25.2,inter_set_rest,4,7.0,43740.0,194129.0,108103.0,206014.0,114205.0
2026-04-14 18:15:24.110952,845066,1609508017711398,5617680910,-1.071648,0.206912,0.181536,-4.3575,-2.345,-1.1375,11.136001,-8.432,25.112001,inter_set_rest,4,7.0,43740.0,194129.0,108103.0,206014.0,114205.0
2026-04-14 18:15:24.113529,845067,1609508017720352,5617689712,-1.071648,0.206912,0.181536,-4.48875,-2.3275,-1.295,11.136001,-8.432,25.112001,inter_set_rest,4,7.0,43740.0,194129.0,108103.0,206014.0,114205.0
2026-04-14 18:15:24.115526,845068,1609508017734919,5617704607,-1.067744,0.197152,0.210816,-3.92875,-1.88125,-1.16375,11.264001,-8.664001,24.856,inter_set_rest,4,7.0,43740.0,194129.0,108103.0,206014.0,114205.0
2026-04-14 18:15:24.122178,845069,1609508017743993,5617713339,-1.067744,0.197152,0.210816,-3.10625,-0.86625,-1.00625,11.264001,-8.664001,24.856,inter_set_rest,4,7.0,43740.0,194129.0,108103.0,206014.0,114205.0
2026-04-14 18:15:24.130755,845070,1609508017752955,5617722057,-1.0736,0.206912,0.226432,-2.38,-1.25125,-0.2975,11.208,-8.240001,25.016,inter_set_rest,4,7.0,43740.0,194129.0,108103.0,206014.0,114205.0
2026-04-14 18:15:24.145924,845071,1609508017767471,5617736981,-1.0736,0.206912,0.226432,-0.945,-1.72375,-0.37625,11.208,-8.240001,25.016,inter_set_rest,4,7.0,43740.0,194129.0,108103.0,206014.0,114205.0
2026-04-14 18:15:24.155510,845072,1609508017776385,5617745656,-1.077504,0.1952,0.054656,-0.28,-2.5025,0.07,11.024,-8.024,26.128002,inter_set_rest,4,7.0,43740.0,194129.0,108103.0,206014.0,114205.0
2026-04-14 18:15:24.187075,845083,1609508017791001,5617760621,-0.993568,0.203008,0.265472,-0.79625,-1.995,-0.09625,10.64,-7.872,26.264002,inter_set_rest,4,7.0,43807.0,194237.0,108206.0,206093.0,114396.0
2026-04-14 18:15:24.189633,845084,1609508017800233,5617769390,-0.993568,0.203008,0.265472,-2.26625,-1.37375,-0.2275,10.64,-7.872,26.264002,inter_set_rest,4,7.0,43807.0,194237.0,108206.0,206093.0,114396.0
2026-04-14 18:15:24.194676,845085,1609508017814878,5617784328,-1.110688,0.208864,0.119072,-3.64875,-0.2625,-0.5425,10.272,-8.712001,25.320002,inter_set_rest,4,7.0,43807.0,194237.0,108206.0,206093.0,114396.0
2026-04-14 18:15:24.202256,845086,1609508017823826,5617793017,-1.110688,0.208864,0.119072,-4.725,0.44625,-1.04125,10.272,-8.712001,25.320002,inter_set_rest,4,7.0,43807.0,194237.0,108206.0,206093.0,114396.0
2026-04-14 18:15:24.212265,845087,1609508017832825,5617801708,-1.065792,0.158112,0.027328,-5.3725,0.58625,-0.74375,11.200001,-8.384001,25.152,inter_set_rest,4,7.0,43807.0,194237.0,108206.0,206093.0,114396.0
2026-04-14 18:15:24.224596,845088,1609508017847334,5617816703,-1.065792,0.158112,0.027328,-4.3575,-0.35,-0.69125,11.200001,-8.384001,25.152,inter_set_rest,4,7.0,43807.0,194237.0,108206.0,206093.0,114396.0
2026-04-14 18:15:24.234794,845089,1609508017856266,5617825388,-1.011136,0.15616,0.091744,-2.87875,-0.8925,-0.91,11.256001,-8.472,26.056002,inter_set_rest,4,7.0,43807.0,194237.0,108206.0,206093.0,114396.0
2026-04-14 18:15:24.271731,845090,1609508017870940,5617840303,-1.011136,0.162016,0.091744,-0.9625,-1.21625,-1.155,10.856001,-8.048,24.528002,inter_set_rest,4,7.0,43807.0,194237.0,108206.0,206093.0,114396.0
2026-04-14 18:15:24.274258,845091,1609508017879867,5617849022,-1.011136,0.162016,0.091744,-0.49875,-0.665,-1.3125,10.856001,-8.048,24.528002,inter_set_rest,4,7.0,43807.0,194237.0,108206.0,206093.0,114396.0
2026-04-14 18:15:24.304274,845102,1609508017888842,5617857716,-1.011136,0.162016,0.091744,-0.07,0.245,-1.72375,10.856001,-8.048,24.528002,inter_set_rest,4,7.0,43566.0,193917.0,107791.0,205831.0,113990.0
2026-04-14 18:15:24.306895,845103,1609508017903407,5617872851,-1.011136,0.187392,0.247904,-0.98,0.35875,-1.9075,11.144,-8.368,24.688002,inter_set_rest,4,7.0,43566.0,193917.0,107791.0,205831.0,113990.0
2026-04-14 18:15:24.309396,845104,1609508017912339,5617881625,-1.110688,0.199104,0.10736,-1.7675,0.70875,-1.47875,11.144,-8.384001,24.984001,inter_set_rest,4,7.0,43566.0,193917.0,107791.0,205831.0,113990.0
2026-04-14 18:15:24.311834,845105,1609508017926885,5617896732,-1.110688,0.199104,0.10736,-2.0475,0.67375,-1.33,11.144,-8.384001,24.984001,inter_set_rest,4,7.0,43566.0,193917.0,107791.0,205831.0,113990.0
2026-04-14 18:15:24.314402,845106,1609508017935978,5617905449,-1.003328,0.177632,0.240096,-1.995,-0.11375,-1.77625,11.232,-8.168,25.224,inter_set_rest,4,7.0,43566.0,193917.0,107791.0,205831.0,113990.0
2026-04-14 18:15:24.329410,845107,1609508017950495,5617920369,-1.050176,0.17568,0.052704,-1.4525,0.0,-2.2575,11.024,-8.544001,25.696001,inter_set_rest,4,7.0,43566.0,193917.0,107791.0,205831.0,113990.0
2026-04-14 18:15:24.336837,845108,1609508017959529,5617929165,-1.050176,0.17568,0.052704,-1.0325,-0.20125,-2.45,11.024,-8.544001,25.696001,inter_set_rest,4,7.0,43566.0,193917.0,107791.0,205831.0,113990.0
2026-04-14 18:15:24.346623,845109,1609508017968464,5617937860,-1.050176,0.17568,0.052704,-1.0325,-0.06125,-3.01875,11.024,-8.544001,25.696001,inter_set_rest,4,7.0,43566.0,193917.0,107791.0,205831.0,113990.0
2026-04-14 18:15:24.388174,845120,1609508017983061,5617953106,-1.08336,0.187392,0.037088,-0.9625,1.09375,-3.22,10.304001,-8.288,29.392002,inter_set_rest,4,7.0,43340.0,193712.0,107436.0,205640.0,113644.0
2026-04-14 18:15:24.390639,845121,1609508017992151,5617961799,-1.01504,0.203008,0.281088,-1.4,1.6975,-2.975,11.144,-8.08,26.024002,inter_set_rest,4,7.0,43340.0,193712.0,107436.0,205640.0,113644.0
2026-04-14 18:15:24.415666,845122,1609508018006791,5617976735,-1.01504,0.203008,0.281088,-1.88125,1.1725,-3.29875,11.144,-8.08,26.024002,inter_set_rest,4,7.0,43340.0,193712.0,107436.0,205640.0,113644.0
2026-04-14 18:15:24.440459,845123,1609508018015903,5617985416,-0.99552,0.197152,0.271328,-2.66,0.53375,-3.21125,10.52,-8.320001,25.192001,inter_set_rest,4,7.0,43340.0,193712.0,107436.0,205640.0,113644.0
2026-04-14 18:15:24.465905,845124,1609508018024885,5617994195,-0.99552,0.197152,0.271328,-4.06,0.60375,-3.01875,10.52,-8.320001,25.192001,inter_set_rest,4,7.0,43340.0,193712.0,107436.0,205640.0,113644.0
2026-04-14 18:15:24.468489,845125,1609508018039337,5618009112,-1.03456,0.17568,0.121024,-4.76,1.04125,-2.93125,11.52,-8.296001,25.096,inter_set_rest,4,7.0,43340.0,193712.0,107436.0,205640.0,113644.0
2026-04-14 18:15:24.470523,845126,1609508018048267,5618017817,-1.03456,0.17568,0.121024,-4.865,1.53125,-3.1675,11.52,-8.296001,25.096,inter_set_rest,4,7.0,43340.0,193712.0,107436.0,205640.0,113644.0
2026-04-14 18:15:24.473539,845127,1609508018062797,5618032691,-1.040416,0.16592,0.10736,-4.2175,1.6625,-3.17625,11.264001,-8.52,25.008001,inter_set_rest,4,7.0,43340.0,193712.0,107436.0,205640.0,113644.0
2026-04-14 18:15:24.475965,845128,1609508018071792,5618041445,-1.08336,0.212768,0.240096,-3.43,0.21,-3.43875,11.200001,-8.248,25.28,inter_set_rest,4,7.0,43340.0,193712.0,107436.0,205640.0,113644.0
2026-04-14 18:15:24.503098,845139,1609508018086436,5618056343,-1.08336,0.212768,0.240096,-2.66,-0.42875,-3.26375,11.200001,-8.248,25.28,inter_set_rest,4,7.0,43191.0,193592.0,107210.0,205514.0,113452.0
2026-04-14 18:15:24.508188,845140,1609508018095615,5618065159,-1.075552,0.203008,0.17568,-1.68875,-0.70875,-3.08875,11.400001,-8.400001,25.12,inter_set_rest,4,7.0,43191.0,193592.0,107210.0,205514.0,113452.0
2026-04-14 18:15:24.510775,845141,1609508018104655,5618073888,-1.075552,0.203008,0.17568,-0.65625,-1.19,-2.8525,11.400001,-8.400001,25.12,inter_set_rest,4,7.0,43191.0,193592.0,107210.0,205514.0,113452.0
2026-04-14 18:15:24.513482,845142,1609508018119167,5618088879,-1.040416,0.20496,0.267424,0.20125,-0.84875,-2.79125,11.064,-8.416,24.984001,inter_set_rest,4,7.0,43191.0,193592.0,107210.0,205514.0,113452.0
2026-04-14 18:15:24.515961,845143,1609508018128102,5618097620,-1.040416,0.20496,0.267424,0.21875,-0.77875,-2.63375,11.064,-8.416,24.984001,inter_set_rest,4,7.0,43191.0,193592.0,107210.0,205514.0,113452.0
2026-04-14 18:15:24.521614,845144,1609508018142644,5618112525,-1.028704,0.203008,0.271328,0.0875,-0.91875,-2.05625,11.456,-8.480001,25.056002,inter_set_rest,4,7.0,43191.0,193592.0,107210.0,205514.0,113452.0
2026-04-14 18:15:24.530450,845145,1609508018151668,5618121272,-1.0736,0.216672,0.222528,0.41125,-1.23375,-1.4175,10.984,-8.576,22.776001,inter_set_rest,4,7.0,43191.0,193592.0,107210.0,205514.0,113452.0
2026-04-14 18:15:24.539494,845146,1609508018160606,5618129964,-1.0736,0.216672,0.222528,-0.07,-1.2075,-1.785,10.984,-8.576,22.776001,inter_set_rest,4,7.0,43191.0,193592.0,107210.0,205514.0,113452.0
2026-04-14 18:15:24.554257,845147,1609508018175147,5618144947,-1.009184,0.187392,0.25376,-0.6825,-0.70875,-2.1875,11.160001,-8.400001,24.848001,inter_set_rest,4,7.0,43191.0,193592.0,107210.0,205514.0,113452.0
2026-04-14 18:15:24.562533,845148,1609508018184095,5618153722,-1.009184,0.187392,0.25376,-0.98875,-0.79625,-2.835,11.160001,-8.400001,24.848001,inter_set_rest,4,7.0,43191.0,193592.0,107210.0,205514.0,113452.0
2026-04-14 18:15:24.589380,845159,1609508018198656,5618168694,-1.007232,0.17568,0.154208,-1.07625,-1.26,-3.01,10.536,-8.536,24.152,inter_set_rest,4,7.0,43088.0,193431.0,107018.0,205280.0,113302.0
2026-04-14 18:15:24.592228,845160,1609508018207612,5618177430,-1.007232,0.17568,0.154208,-1.05,-1.53125,-3.54375,10.536,-8.536,24.152,inter_set_rest,4,7.0,43088.0,193431.0,107018.0,205280.0,113302.0
2026-04-14 18:15:24.603634,845161,1609508018222212,5618192364,-1.009184,0.203008,0.271328,-1.365,-1.295,-4.165,11.160001,-8.584001,25.048,inter_set_rest,4,7.0,43088.0,193431.0,107018.0,205280.0,113302.0
2026-04-14 18:15:24.611941,845162,1609508018231136,5618201075,-1.009184,0.203008,0.099552,-2.135,-0.7875,-4.62,11.160001,-8.584001,25.048,inter_set_rest,4,7.0,43088.0,193431.0,107018.0,205280.0,113302.0
2026-04-14 18:15:24.618000,845163,1609508018240042,5618209767,-1.110688,0.210816,0.099552,-2.30125,-0.1925,-5.22375,10.272,-7.992001,25.368002,inter_set_rest,4,7.0,43088.0,193431.0,107018.0,205280.0,113302.0
2026-04-14 18:15:24.635555,845164,1609508018254606,5618224655,-1.069696,0.17568,0.027328,-2.0475,-0.2275,-5.36375,11.128,-8.904,25.752,inter_set_rest,4,7.0,43088.0,193431.0,107018.0,205280.0,113302.0
2026-04-14 18:15:24.640790,845165,1609508018263554,5618233358,-1.069696,0.17568,0.027328,-1.86375,0.04375,-5.15375,11.128,-8.904,25.752,inter_set_rest,4,7.0,43088.0,193431.0,107018.0,205280.0,113302.0
2026-04-14 18:15:24.657084,845166,1609508018278058,5618248272,-1.046272,0.220576,0.251808,-1.2425,-0.2975,-4.92625,10.056001,-8.400001,25.496,inter_set_rest,4,7.0,43088.0,193431.0,107018.0,205280.0,113302.0
2026-04-14 18:15:24.688326,845177,1609508018286984,5618257207,-1.046272,0.220576,0.251808,-0.875,0.04375,-4.47125,10.056001,-8.400001,25.496,inter_set_rest,4,7.0,43036.0,193362.0,106979.0,205201.0,113310.0
2026-04-14 18:15:24.702177,845178,1609508018301625,5618270292,-1.100928,0.226432,0.167872,-1.3125,0.665,-4.36625,9.552,-7.936,26.216002,inter_set_rest,4,7.0,43036.0,193362.0,106979.0,205201.0,113310.0
2026-04-14 18:15:24.702507,845179,1609508018311016,5618281084,-1.100928,0.226432,0.167872,-2.05625,1.4525,-4.2875,9.552,-7.936,26.216002,inter_set_rest,4,7.0,43036.0,193362.0,106979.0,205201.0,113310.0
2026-04-14 18:15:24.702687,845180,1609508018319974,5618289788,-1.095072,0.220576,0.179584,-2.415,1.77625,-3.92875,10.448001,-7.864,23.976002,inter_set_rest,4,7.0,43036.0,193362.0,106979.0,205201.0,113310.0
2026-04-14 18:15:24.713248,845181,1609508018334587,5618304721,-1.052128,0.20496,0.189344,-2.66875,1.12,-3.99875,11.232,-8.56,24.936,inter_set_rest,4,7.0,43036.0,193362.0,106979.0,205201.0,113310.0
2026-04-14 18:15:24.721824,845182,1609508018343679,5618313434,-1.052128,0.20496,0.189344,-3.10625,0.28875,-4.17375,11.232,-8.56,24.936,inter_set_rest,4,7.0,43036.0,193362.0,106979.0,205201.0,113310.0
2026-04-14 18:15:24.736854,845183,1609508018358185,5618328349,-1.009184,0.171776,0.13664,-3.42125,-0.14,-3.78875,11.408001,-8.280001,26.088001,inter_set_rest,4,7.0,43036.0,193362.0,106979.0,205201.0,113310.0
2026-04-14 18:15:24.745518,845184,1609508018367214,5618337033,-1.009184,0.171776,0.13664,-3.5,-0.1925,-3.29875,11.408001,-8.280001,26.088001,inter_set_rest,4,7.0,43036.0,193362.0,106979.0,205201.0,113310.0
2026-04-14 18:15:24.754144,845185,1609508018376273,5618345751,-1.028704,0.173728,0.07808,-3.28125,-0.945,-2.91375,10.568001,-8.064,25.656002,inter_set_rest,4,7.0,43036.0,193362.0,106979.0,205201.0,113310.0
2026-04-14 18:15:24.835591,845196,1609508018391136,5618360792,-1.028704,0.173728,0.07808,-3.14125,-1.1725,-2.6425,10.568001,-8.064,25.656002,inter_set_rest,4,7.0,42928.0,193292.0,106806.0,205137.0,113211.0
2026-04-14 18:15:24.838121,845197,1609508018400100,5618369489,-1.079456,0.216672,0.201056,-2.59,-1.155,-2.26625,10.376,-8.488001,25.216002,inter_set_rest,4,7.0,42928.0,193292.0,106806.0,205137.0,113211.0
2026-04-14 18:15:24.840565,845198,1609508018414865,5618384490,-1.03456,0.208864,0.275232,-2.205,-1.12,-2.09125,11.592001,-8.808001,24.720001,inter_set_rest,4,7.0,42928.0,193292.0,106806.0,205137.0,113211.0
2026-04-14 18:15:24.843202,845199,1609508018424007,5618393204,-1.03456,0.208864,0.275232,-1.5575,-0.84875,-2.135,11.592001,-8.808001,24.720001,inter_set_rest,4,7.0,42928.0,193292.0,106806.0,205137.0,113211.0
2026-04-14 18:15:24.845598,845200,1609508018432958,5618401895,-1.050176,0.169824,0.027328,-1.085,-0.62125,-2.03,11.592001,-8.808001,27.624,inter_set_rest,4,7.0,42928.0,193292.0,106806.0,205137.0,113211.0
2026-04-14 18:15:24.848208,845201,1609508018447479,5618416803,-1.059936,0.169824,0.027328,-1.09375,-0.56,-2.6075,11.200001,-8.632,27.624,inter_set_rest,4,7.0,42928.0,193292.0,106806.0,205137.0,113211.0
2026-04-14 18:15:24.850616,845202,1609508018456534,5618425529,-1.077504,0.193248,0.064416,-0.63,-0.70875,-2.80875,11.232,-8.496,25.024002,inter_set_rest,4,7.0,42928.0,193292.0,106806.0,205137.0,113211.0
2026-04-14 18:15:24.853240,845203,1609508018471069,5618440501,-1.077504,0.193248,0.064416,-0.69125,-1.05,-2.42375,11.232,-8.496,25.024002,inter_set_rest,4,7.0,42928.0,193292.0,106806.0,205137.0,113211.0
2026-04-14 18:15:24.858196,845204,1609508018479992,5618449211,-1.098976,0.197152,0.023424,-1.19875,-0.9275,-2.07375,11.232,-8.608001,26.840002,inter_set_rest,4,7.0,42928.0,193292.0,106806.0,205137.0,113211.0
2026-04-14 18:15:24.918402,845215,1609508018489020,5618458335,-1.098976,0.197152,0.023424,-1.645,-0.35875,-2.0825,11.232,-8.608001,26.840002,inter_set_rest,4,7.0,42754.0,193110.0,106575.0,204917.0,112960.0
2026-04-14 18:15:24.923116,845216,1609508018503605,5618473385,-1.091168,0.220576,0.17568,-2.44125,-0.0875,-2.30125,11.336,-8.688001,25.136002,inter_set_rest,4,7.0,42754.0,193110.0,106575.0,204917.0,112960.0
2026-04-14 18:15:24.925819,845217,1609508018512793,5618482103,-1.091168,0.220576,0.17568,-3.17625,-0.55125,-1.91625,11.336,-8.688001,25.136002,inter_set_rest,4,7.0,42754.0,193110.0,106575.0,204917.0,112960.0
2026-04-14 18:15:24.928275,845218,1609508018527403,5618497045,-0.99552,0.17568,0.201056,-4.12125,-0.9975,-1.91625,11.448001,-8.592,26.160002,inter_set_rest,4,7.0,42754.0,193110.0,106575.0,204917.0,112960.0
2026-04-14 18:15:24.930803,845219,1609508018536343,5618505725,-1.046272,0.208864,0.269376,-4.57625,-0.98875,-1.86375,11.400001,-8.360001,25.240002,inter_set_rest,4,7.0,42754.0,193110.0,106575.0,204917.0,112960.0
2026-04-14 18:15:24.933361,845220,1609508018545403,5618514410,-1.046272,0.208864,0.269376,-4.4975,-0.56,-2.66875,11.400001,-8.360001,25.240002,inter_set_rest,4,7.0,42754.0,193110.0,106575.0,204917.0,112960.0
2026-04-14 18:15:24.936987,845221,1609508018559907,5618529375,-1.020896,0.189344,0.25376,-3.955,0.11375,-3.3425,11.232,-8.056001,25.776001,inter_set_rest,4,7.0,42754.0,193110.0,106575.0,204917.0,112960.0
2026-04-14 18:15:24.947074,845222,1609508018568836,5618538084,-1.020896,0.189344,0.25376,-2.5025,-0.1925,-3.605,11.232,-8.056001,25.776001,inter_set_rest,4,7.0,42754.0,193110.0,106575.0,204917.0,112960.0
2026-04-14 18:15:24.963546,845223,1609508018583480,5618552963,-1.08336,0.17568,0.015616,-1.2775,-0.98,-3.15,11.288,-8.504001,25.176,inter_set_rest,4,7.0,42754.0,193110.0,106575.0,204917.0,112960.0
2026-04-14 18:15:24.990969,845234,1609508018592538,5618561710,-1.08336,0.17568,0.015616,-0.84875,-1.40875,-2.73,11.288,-8.504001,25.176,inter_set_rest,4,7.0,42641.0,193032.0,106393.0,204815.0,112847.0
2026-04-14 18:15:24.993542,845235,1609508018607288,5618576667,-0.99552,0.17568,0.208864,-0.77875,-2.09125,-2.65125,10.384001,-8.056001,25.376001,inter_set_rest,4,7.0,42641.0,193032.0,106393.0,204815.0,112847.0
2026-04-14 18:15:24.995960,845236,1609508018616402,5618585365,-1.10288,0.21472,0.132736,-0.93625,-2.12625,-2.37125,10.040001,-8.176001,26.168001,inter_set_rest,4,7.0,42641.0,193032.0,106393.0,204815.0,112847.0
2026-04-14 18:15:25.003267,845237,1609508018625472,5618594109,-1.10288,0.21472,0.132736,-1.09375,-1.5925,-2.2925,10.040001,-8.176001,26.168001,inter_set_rest,4,7.0,42641.0,193032.0,106393.0,204815.0,112847.0
2026-04-14 18:15:25.018378,845238,1609508018640234,5618609013,-1.075552,0.197152,0.103456,-1.81125,-1.435,-1.645,11.320001,-8.448,25.976002,inter_set_rest,4,7.0,42641.0,193032.0,106393.0,204815.0,112847.0
2026-04-14 18:15:25.029555,845239,1609508018649678,5618619791,-1.075552,0.197152,0.103456,-2.49375,-1.8725,-1.4,11.320001,-8.448,25.976002,inter_set_rest,4,7.0,42641.0,193032.0,106393.0,204815.0,112847.0
2026-04-14 18:15:25.038011,845240,1609508018658615,5618628499,-1.007232,0.16592,0.0976,-3.21125,-1.8025,-1.12,10.832001,-8.296001,26.008001,inter_set_rest,4,7.0,42641.0,193032.0,106393.0,204815.0,112847.0
2026-04-14 18:15:25.053584,845241,1609508018673326,5618643537,-1.007232,0.16592,0.0976,-3.61375,-1.86375,-1.435,10.832001,-8.296001,26.008001,inter_set_rest,4,7.0,42641.0,193032.0,106393.0,204815.0,112847.0
2026-04-14 18:15:25.060551,845242,1609508018682281,5618652234,-1.100928,0.208864,0.130784,-4.12125,-1.19875,-1.79375,10.544001,-8.456,26.336,inter_set_rest,4,7.0,42641.0,193032.0,106393.0,204815.0,112847.0
2026-04-14 18:15:25.090571,845253,1609508018696982,5618665608,-0.999424,0.160064,0.169824,-4.3225,-0.945,-2.0825,9.424001,-8.0,26.056002,inter_set_rest,4,7.0,42510.0,192811.0,106183.0,204566.0,112673.0
2026-04-14 18:15:25.093550,845254,1609508018706451,5618676398,-0.999424,0.160064,0.169824,-3.71,-1.575,-2.26625,9.424001,-8.0,26.056002,inter_set_rest,4,7.0,42510.0,192811.0,106183.0,204566.0,112673.0
2026-04-14 18:15:25.097487,845255,1609508018715546,5618685192,-1.018944,0.15616,0.072224,-3.43,-1.88125,-2.31875,10.296001,-7.936,25.816002,inter_set_rest,4,7.0,42510.0,192811.0,106183.0,204566.0,112673.0
2026-04-14 18:15:25.116022,845256,1609508018730059,5618700188,-1.018944,0.15616,0.072224,-1.81125,-1.63625,-2.3975,10.296001,-7.936,25.816002,inter_set_rest,4,7.0,42510.0,192811.0,106183.0,204566.0,112673.0
2026-04-14 18:15:25.132597,845257,1609508018738976,5618708877,-1.03456,0.1952,0.201056,-0.72625,-1.67125,-2.6075,11.192,-8.624001,25.160002,inter_set_rest,4,7.0,42510.0,192811.0,106183.0,204566.0,112673.0
2026-04-14 18:15:25.153406,845258,1609508018753659,5618723827,-1.03456,0.1952,0.201056,0.07,-1.35625,-2.5725,11.192,-8.624001,25.160002,inter_set_rest,4,7.0,42510.0,192811.0,106183.0,204566.0,112673.0
2026-04-14 18:15:25.155468,845259,1609508018762652,5618732532,-1.087264,0.18544,0.011712,0.4375,-0.76125,-2.17,10.536,-8.240001,24.44,inter_set_rest,4,7.0,42510.0,192811.0,106183.0,204566.0,112673.0
2026-04-14 18:15:25.158365,845260,1609508018777174,5618747432,-1.08336,0.183488,0.027328,0.2975,-0.88375,-2.2225,10.512,-8.752001,24.960001,inter_set_rest,4,7.0,42510.0,192811.0,106183.0,204566.0,112673.0
2026-04-14 18:15:25.184651,845261,1609508018786251,5618756154,-1.08336,0.183488,0.027328,-0.6475,-1.02375,-2.52875,10.512,-8.752001,24.960001,inter_set_rest,4,7.0,42510.0,192811.0,106183.0,204566.0,112673.0
2026-04-14 18:15:25.220678,845272,1609508018795413,5618764953,-1.098976,0.220576,0.167872,-0.91,-1.015,-2.2225,10.512,-8.752001,25.536001,inter_set_rest,4,7.0,42409.0,192675.0,106054.0,204403.0,112603.0
2026-04-14 18:15:25.229908,845273,1609508018809958,5618779904,-1.095072,0.220576,0.167872,-1.12875,-0.79625,-2.21375,10.368,-8.152,25.536001,inter_set_rest,4,7.0,42409.0,192675.0,106054.0,204403.0,112603.0
2026-04-14 18:15:25.231424,845274,1609508018818959,5618788636,-1.050176,0.18544,0.089792,-1.05875,-0.65625,-1.8025,10.448001,-7.928001,26.176,inter_set_rest,4,7.0,42409.0,192675.0,106054.0,204403.0,112603.0
2026-04-14 18:15:25.232692,845275,1609508018833547,5618803528,-1.050176,0.18544,0.089792,-1.2775,-0.49875,-1.84625,10.448001,-7.928001,26.176,inter_set_rest,4,7.0,42409.0,192675.0,106054.0,204403.0,112603.0
2026-04-14 18:15:25.232769,845276,1609508018842522,5618812214,-1.018944,0.201056,0.259616,-1.5925,-0.07,-1.53125,10.328,-8.256001,26.640001,inter_set_rest,4,7.0,42409.0,192675.0,106054.0,204403.0,112603.0
2026-04-14 18:15:25.234438,845277,1609508018851513,5618820970,-1.018944,0.201056,0.259616,-2.51125,0.6475,-1.75875,10.328,-8.256001,26.640001,inter_set_rest,4,7.0,42409.0,192675.0,106054.0,204403.0,112603.0
2026-04-14 18:15:25.245313,845278,1609508018866047,5618835934,-1.026752,0.197152,0.220576,-2.94,0.67375,-1.855,9.360001,-7.768001,27.144001,inter_set_rest,4,7.0,42409.0,192675.0,106054.0,204403.0,112603.0
2026-04-14 18:15:25.254183,845279,1609508018875001,5618844632,-1.026752,0.197152,0.220576,-2.9225,0.49875,-1.8725,9.360001,-7.768001,27.144001,inter_set_rest,4,7.0,42409.0,192675.0,106054.0,204403.0,112603.0
2026-04-14 18:15:25.292306,845290,1609508018890046,5618859464,-1.0248,0.163968,0.070272,-3.1675,1.21625,-1.79375,10.216001,-8.536,23.416,inter_set_rest,4,7.0,42258.0,192530.0,105850.0,204241.0,112428.0
2026-04-14 18:15:25.294069,845291,1609508018899175,5618868286,-1.011136,0.162016,0.121024,-3.1675,1.47,-2.205,9.448001,-8.272,26.272001,inter_set_rest,4,7.0,42258.0,192530.0,105850.0,204241.0,112428.0
2026-04-14 18:15:25.296680,845292,1609508018908097,5618877044,-1.011136,0.162016,0.121024,-3.38625,1.54,-2.31,9.448001,-8.272,26.272001,inter_set_rest,4,7.0,42258.0,192530.0,105850.0,204241.0,112428.0
2026-04-14 18:15:25.303916,845293,1609508018922612,5618891937,-1.089216,0.181536,0.013664,-3.15875,1.1025,-2.14375,10.608001,-7.808001,24.256,inter_set_rest,4,7.0,42258.0,192530.0,105850.0,204241.0,112428.0
2026-04-14 18:15:25.311101,845294,1609508018931546,5618900676,-1.089216,0.181536,0.013664,-2.835,0.62125,-2.4325,10.608001,-7.808001,24.256,inter_set_rest,4,7.0,42258.0,192530.0,105850.0,204241.0,112428.0
2026-04-14 18:15:25.325941,845295,1609508018946079,5618915600,-1.10288,0.197152,0.0488,-2.3975,1.015,-2.3975,11.184001,-8.672001,25.160002,inter_set_rest,4,7.0,42258.0,192530.0,105850.0,204241.0,112428.0
2026-04-14 18:15:25.333554,845296,1609508018955052,5618924298,-1.10288,0.197152,0.0488,-2.975,1.58375,-2.30125,11.184001,-8.672001,25.160002,inter_set_rest,4,7.0,42258.0,192530.0,105850.0,204241.0,112428.0
2026-04-14 18:15:25.349758,845297,1609508018969553,5618939184,-1.11264,0.193248,0.033184,-3.1675,1.9075,-2.37125,10.352,-8.376,25.816002,inter_set_rest,4,7.0,42258.0,192530.0,105850.0,204241.0,112428.0
2026-04-14 18:15:25.355972,845298,1609508018978640,5618947905,-1.065792,0.208864,0.247904,-3.5,1.6275,-2.54625,11.360001,-8.440001,24.792002,inter_set_rest,4,7.0,42258.0,192530.0,105850.0,204241.0,112428.0
2026-04-14 18:15:25.364703,845299,1609508018987650,5618956622,-1.065792,0.208864,0.247904,-3.5175,1.39125,-2.6425,11.360001,-8.440001,24.792002,inter_set_rest,4,7.0,42258.0,192530.0,105850.0,204241.0,112428.0
2026-04-14 18:15:25.393394,845310,1609508019002211,5618971650,-1.038464,0.206912,0.257664,-2.80875,0.55125,-2.75625,10.392,-8.336,26.064001,inter_set_rest,4,7.0,42090.0,192268.0,105602.0,203982.0,112205.0
2026-04-14 18:15:25.395853,845311,1609508019011224,5618980384,-1.038464,0.206912,0.257664,-2.59875,0.16625,-2.38,10.392,-8.336,26.064001,inter_set_rest,4,7.0,42090.0,192268.0,105602.0,203982.0,112205.0
2026-04-14 18:15:25.403461,845312,1609508019025757,5618995334,-1.075552,0.18544,0.054656,-2.44125,0.18375,-2.415,10.448001,-8.280001,26.28,inter_set_rest,4,7.0,42090.0,192268.0,105602.0,203982.0,112205.0
2026-04-14 18:15:25.414574,845313,1609508019034808,5619004030,-1.075552,0.18544,0.054656,-3.28125,0.455,-2.065,10.448001,-8.280001,26.28,inter_set_rest,4,7.0,42090.0,192268.0,105602.0,203982.0,112205.0
2026-04-14 18:15:25.421703,845314,1609508019043743,5619012713,-1.01504,0.181536,0.236192,-4.54125,0.72625,-1.98625,11.656,-8.432,25.016,inter_set_rest,4,7.0,42090.0,192268.0,105602.0,203982.0,112205.0
2026-04-14 18:15:25.437153,845315,1609508019058263,5619027675,-1.038464,0.16592,0.158112,-5.215,1.46125,-2.3975,10.376,-8.064,25.824001,inter_set_rest,4,7.0,42090.0,192268.0,105602.0,203982.0,112205.0
2026-04-14 18:15:25.447587,845316,1609508019067261,5619036374,-1.038464,0.16592,0.158112,-4.7775,1.82875,-2.59875,10.376,-8.064,25.824001,inter_set_rest,4,7.0,42090.0,192268.0,105602.0,203982.0,112205.0
2026-04-14 18:15:25.459762,845317,1609508019081765,5619051277,-1.134112,0.1952,0.066368,-3.5,1.5575,-2.87875,11.480001,-8.128,25.168001,inter_set_rest,4,7.0,42090.0,192268.0,105602.0,203982.0,112205.0
2026-04-14 18:15:25.493442,845328,1609508019091136,5619060071,-1.134112,0.1952,0.066368,-3.10625,0.70875,-3.33375,11.480001,-8.128,25.168001,inter_set_rest,4,7.0,41856.0,192029.0,105240.0,203750.0,111867.0
2026-04-14 18:15:25.518421,845329,1609508019100186,5619068959,-1.11264,0.193248,0.085888,-2.0825,-0.14,-3.01,10.584001,-7.912,26.192001,inter_set_rest,4,7.0,41856.0,192029.0,105240.0,203750.0,111867.0
2026-04-14 18:15:25.555964,845330,1609508019115162,5619083893,-1.11264,0.193248,0.085888,-1.96875,-0.65625,-2.73875,10.584001,-7.912,26.192001,inter_set_rest,4,7.0,41856.0,192029.0,105240.0,203750.0,111867.0
2026-04-14 18:15:25.558527,845331,1609508019124482,5619094779,-1.09312,0.206912,0.158112,-1.74125,-0.93625,-2.7125,10.480001,-7.880001,25.920002,inter_set_rest,4,7.0,41856.0,192029.0,105240.0,203750.0,111867.0
2026-04-14 18:15:25.560974,845332,1609508019139135,5619107639,-1.06384,0.167872,0.021472,-1.68,-0.56875,-1.98625,10.656,-8.008,25.312,inter_set_rest,4,7.0,41856.0,192029.0,105240.0,203750.0,111867.0
2026-04-14 18:15:25.577867,845333,1609508019148500,5619118434,-1.06384,0.167872,0.021472,-1.81125,-0.76125,-1.2075,10.656,-8.008,25.312,inter_set_rest,4,7.0,41856.0,192029.0,105240.0,203750.0,111867.0
2026-04-14 18:15:25.580824,845334,1609508019157568,5619127143,-1.06384,0.162016,0.054656,-3.21125,-0.84875,-1.32125,10.656,-8.008,25.312,inter_set_rest,4,7.0,41856.0,192029.0,105240.0,203750.0,111867.0
2026-04-14 18:15:25.583407,845335,1609508019172049,5619142043,-1.046272,0.162016,0.054656,-4.2175,-0.5425,-1.23375,10.296001,-8.0,25.04,inter_set_rest,4,7.0,41856.0,192029.0,105240.0,203750.0,111867.0
2026-04-14 18:15:25.585853,845336,1609508019180956,5619150719,-1.11264,0.20496,0.148352,-4.3575,-0.13125,-2.28375,11.096001,-8.432,25.048,inter_set_rest,4,7.0,41856.0,192029.0,105240.0,203750.0,111867.0
2026-04-14 18:15:25.613556,845347,1609508019195719,5619164180,-1.11264,0.20496,0.148352,-4.59375,0.105,-2.59875,11.096001,-8.432,25.048,inter_set_rest,4,7.0,41747.0,191808.0,105064.0,203524.0,111734.0
2026-04-14 18:15:25.615999,845348,1609508019205087,5619175085,-1.01504,0.158112,0.162016,-4.375,-0.30625,-2.6425,11.272,-8.168,24.216002,inter_set_rest,4,7.0,41747.0,191808.0,105064.0,203524.0,111734.0
2026-04-14 18:15:25.618347,845349,1609508019214050,5619183805,-1.01504,0.158112,0.162016,-3.7275,-0.70875,-2.70375,11.272,-8.168,24.216002,inter_set_rest,4,7.0,41747.0,191808.0,105064.0,203524.0,111734.0
2026-04-14 18:15:25.620548,845350,1609508019228748,5619198783,-1.098976,0.210816,0.17568,-3.05375,-1.04125,-3.255,11.496,-8.184,25.024002,inter_set_rest,4,7.0,41747.0,191808.0,105064.0,203524.0,111734.0
2026-04-14 18:15:25.623554,845351,1609508019237680,5619207491,-1.098976,0.210816,0.11712,-1.72375,-0.7525,-3.50875,11.496,-8.184,25.024002,inter_set_rest,4,7.0,41747.0,191808.0,105064.0,203524.0,111734.0
2026-04-14 18:15:25.630968,845352,1609508019252283,5619222460,-1.104832,0.212768,0.11712,-1.19875,-0.35875,-4.2525,11.344001,-8.488001,24.36,inter_set_rest,4,7.0,41747.0,191808.0,105064.0,203524.0,111734.0
2026-04-14 18:15:25.642234,845353,1609508019261245,5619231146,-1.091168,0.203008,0.040992,-0.49875,-0.1225,-4.4275,11.400001,-8.032001,25.376001,inter_set_rest,4,7.0,41747.0,191808.0,105064.0,203524.0,111734.0
2026-04-14 18:15:25.649569,845354,1609508019270170,5619239840,-1.091168,0.203008,0.040992,-0.595,-0.39375,-4.1825,11.400001,-8.032001,25.376001,inter_set_rest,4,7.0,41747.0,191808.0,105064.0,203524.0,111734.0
2026-04-14 18:15:25.671982,845355,1609508019284698,5619254770,-1.03456,0.232288,0.265472,-1.4525,-0.32375,-3.71,10.112,-8.048,26.312002,inter_set_rest,4,7.0,41747.0,191808.0,105064.0,203524.0,111734.0
2026-04-14 18:15:25.694090,845366,1609508019294331,5619263549,-1.03456,0.232288,0.265472,-3.1675,-0.7,-3.115,10.112,-8.048,26.312002,inter_set_rest,4,7.0,41866.0,191744.0,105295.0,203385.0,112064.0
2026-04-14 18:15:25.696160,845367,1609508019309130,5619278515,-1.100928,0.210816,0.095648,-6.7725,-0.90125,-3.0975,11.200001,-7.936,25.104002,inter_set_rest,4,7.0,41866.0,191744.0,105295.0,203385.0,112064.0
2026-04-14 18:15:25.699296,845368,1609508019318204,5619287247,-1.100928,0.210816,0.025376,-9.35375,-1.14625,-2.70375,11.200001,-7.936,25.104002,inter_set_rest,4,7.0,41866.0,191744.0,105295.0,203385.0,112064.0
2026-04-14 18:15:25.706145,845369,1609508019327247,5619295959,-1.061888,0.162016,0.025376,-10.115,-1.2425,-1.60125,11.320001,-8.152,27.608002,inter_set_rest,4,7.0,41866.0,191744.0,105295.0,203385.0,112064.0
2026-04-14 18:15:25.720356,845370,1609508019342165,5619310884,-1.020896,0.177632,0.257664,-9.26625,-1.645,-0.9625,10.8,-7.784,26.568,inter_set_rest,4,7.0,41866.0,191744.0,105295.0,203385.0,112064.0
2026-04-14 18:15:25.732150,845371,1609508019351470,5619321633,-1.020896,0.177632,0.257664,-7.0,-2.12625,-1.00625,10.8,-7.784,26.568,inter_set_rest,4,7.0,41866.0,191744.0,105295.0,203385.0,112064.0
2026-04-14 18:15:25.738340,845372,1609508019360485,5619330390,-1.114592,0.17568,0.017568,-3.99875,-2.4325,-1.085,11.160001,-8.112,24.968,inter_set_rest,4,7.0,41866.0,191744.0,105295.0,203385.0,112064.0
2026-04-14 18:15:25.754338,845373,1609508019375085,5619345344,-1.114592,0.17568,0.017568,-1.51375,-2.52,-0.7525,11.160001,-8.112,24.968,inter_set_rest,4,7.0,41866.0,191744.0,105295.0,203385.0,112064.0
2026-04-14 18:15:25.765535,845374,1609508019384033,5619354065,-1.1224,0.193248,0.072224,-0.58625,-3.255,-0.98,10.88,-8.016001,25.224,inter_set_rest,4,7.0,41866.0,191744.0,105295.0,203385.0,112064.0
2026-04-14 18:15:25.795486,845385,1609508019398626,5619367360,-1.1224,0.193248,0.249856,0.02625,-3.59625,-1.21625,10.88,-8.016001,25.224,inter_set_rest,4,7.0,41594.0,191578.0,104856.0,203279.0,111601.0
2026-04-14 18:15:25.798128,845386,1609508019408238,5619378232,-1.046272,0.197152,0.249856,0.665,-3.24625,-1.30375,10.264001,-7.72,26.232,inter_set_rest,4,7.0,41594.0,191578.0,104856.0,203279.0,111601.0
2026-04-14 18:15:25.800658,845387,1609508019417195,5619386951,-1.046272,0.197152,0.249856,1.40875,-2.98375,-1.505,10.264001,-7.72,26.232,inter_set_rest,4,7.0,41594.0,191578.0,104856.0,203279.0,111601.0
2026-04-14 18:15:25.810632,845388,1609508019431840,5619401844,-1.003328,0.173728,0.222528,1.84625,-2.09125,-1.93375,10.416,-7.776001,27.008001,inter_set_rest,4,7.0,41594.0,191578.0,104856.0,203279.0,111601.0
2026-04-14 18:15:25.820475,845389,1609508019440806,5619410541,-1.013088,0.187392,0.218624,1.56625,-1.40875,-1.95125,9.624001,-7.912,26.488,inter_set_rest,4,7.0,41594.0,191578.0,104856.0,203279.0,111601.0
2026-04-14 18:15:25.833081,845390,1609508019455374,5619425590,-1.013088,0.187392,0.218624,0.51625,-0.34125,-1.9775,9.624001,-7.912,26.488,inter_set_rest,4,7.0,41594.0,191578.0,104856.0,203279.0,111601.0
2026-04-14 18:15:25.843205,845391,1609508019464319,5619434279,-1.065792,0.169824,0.017568,-1.5925,0.5425,-2.1,11.064,-8.176001,25.272001,inter_set_rest,4,7.0,41594.0,191578.0,104856.0,203279.0,111601.0
2026-04-14 18:15:25.859176,845392,1609508019478820,5619449155,-1.065792,0.169824,0.017568,-3.45625,1.02375,-1.95125,11.064,-8.176001,25.272001,inter_set_rest,4,7.0,41594.0,191578.0,104856.0,203279.0,111601.0
2026-04-14 18:15:25.886825,845393,1609508019487805,5619457867,-1.06384,0.177632,0.074176,-4.47125,1.09375,-1.91625,11.296001,-8.408,25.064001,inter_set_rest,4,7.0,41594.0,191578.0,104856.0,203279.0,111601.0
2026-04-14 18:15:25.936995,845404,1609508019496869,5619466586,-1.06384,0.177632,0.074176,-5.43375,1.8375,-2.1,11.296001,-8.408,25.064001,inter_set_rest,4,7.0,41561.0,191532.0,104853.0,203211.0,111678.0
2026-04-14 18:15:25.939388,845405,1609508019511439,5619481501,-0.983808,0.162016,0.187392,-6.405,2.23125,-1.9775,10.984,-7.896,25.056002,inter_set_rest,4,7.0,41561.0,191532.0,104853.0,203211.0,111678.0
2026-04-14 18:15:25.941900,845406,1609508019520412,5619490206,-1.050176,0.20496,0.232288,-6.18625,2.05625,-2.0475,11.392,-8.112,25.592001,inter_set_rest,4,7.0,41561.0,191532.0,104853.0,203211.0,111678.0
2026-04-14 18:15:25.944408,845407,1609508019534905,5619505152,-1.050176,0.20496,0.232288,-6.7725,2.21375,-2.275,11.392,-8.112,25.592001,inter_set_rest,4,7.0,41561.0,191532.0,104853.0,203211.0,111678.0
2026-04-14 18:15:25.946944,845408,1609508019544048,5619513916,-0.991616,0.154208,0.1952,-7.6125,3.0275,-2.485,10.896001,-7.584001,25.928001,inter_set_rest,4,7.0,41561.0,191532.0,104853.0,203211.0,111678.0
2026-04-14 18:15:25.949291,845409,1609508019553008,5619522653,-0.991616,0.154208,0.1952,-7.455,3.84125,-3.07125,10.896001,-7.584001,25.928001,inter_set_rest,4,7.0,41561.0,191532.0,104853.0,203211.0,111678.0
2026-04-14 18:15:25.951902,845410,1609508019567632,5619537555,-1.056032,0.18544,0.275232,-6.09,4.13875,-4.27875,10.552,-7.64,26.568,inter_set_rest,4,7.0,41561.0,191532.0,104853.0,203211.0,111678.0
2026-04-14 18:15:25.956195,845411,1609508019576634,5619546212,-1.056032,0.18544,0.275232,-4.13875,4.0425,-5.04875,10.552,-7.64,26.568,inter_set_rest,4,7.0,41561.0,191532.0,104853.0,203211.0,111678.0
2026-04-14 18:15:25.969216,845412,1609508019591247,5619561231,-1.104832,0.163968,0.015616,-1.6975,2.61625,-5.67,10.376,-7.504,26.240002,inter_set_rest,4,7.0,41561.0,191532.0,104853.0,203211.0,111678.0
2026-04-14 18:15:26.000487,845423,1609508019600321,5619570054,-1.104832,0.171776,0.054656,-0.2275,1.4,-5.4075,10.376,-7.504,22.808,inter_set_rest,4,7.0,41357.0,191345.0,104496.0,203029.0,111320.0
2026-04-14 18:15:26.002963,845424,1609508019614895,5619585038,-1.069696,0.171776,0.054656,1.05875,0.7175,-5.6875,11.632001,-8.248,22.808,inter_set_rest,4,7.0,41357.0,191345.0,104496.0,203029.0,111320.0
2026-04-14 18:15:26.005945,845425,1609508019623841,5619593730,-1.091168,0.181536,0.054656,1.42625,0.90125,-5.4075,11.448001,-8.144,25.04,inter_set_rest,4,7.0,41357.0,191345.0,104496.0,203029.0,111320.0
2026-04-14 18:15:26.010924,845426,1609508019632906,5619602473,-1.091168,0.181536,0.054656,0.595,1.575,-4.20875,11.448001,-8.144,25.04,inter_set_rest,4,7.0,41357.0,191345.0,104496.0,203029.0,111320.0
2026-04-14 18:15:26.025988,845427,1609508019647453,5619617416,-1.106784,0.179584,0.021472,0.0175,1.0325,-3.22875,11.56,-7.824,25.408,inter_set_rest,4,7.0,41357.0,191345.0,104496.0,203029.0,111320.0
2026-04-14 18:15:26.038982,845428,1609508019656401,5619626090,-1.106784,0.179584,0.021472,-0.315,-0.28,-2.45,11.56,-7.824,25.408,inter_set_rest,4,7.0,41357.0,191345.0,104496.0,203029.0,111320.0
2026-04-14 18:15:26.063106,845429,1609508019671037,5619640962,-1.04432,0.203008,0.25376,-0.95375,-1.05,-1.42625,11.232,-8.208,25.192001,inter_set_rest,4,7.0,41357.0,191345.0,104496.0,203029.0,111320.0
2026-04-14 18:15:26.063399,845430,1609508019679996,5619649680,-1.04432,0.203008,0.25376,-1.54875,-1.79375,-1.26875,11.232,-8.208,25.192001,inter_set_rest,4,7.0,41357.0,191345.0,104496.0,203029.0,111320.0
2026-04-14 18:15:26.066778,845431,1609508019688957,5619658386,-1.091168,0.179584,0.056608,-1.88125,-1.77625,-1.67125,10.8,-7.832,27.04,inter_set_rest,4,7.0,41357.0,191345.0,104496.0,203029.0,111320.0
2026-04-14 18:15:26.099442,845442,1609508019703697,5619673388,-1.079456,0.197152,0.216672,-2.905,-1.74125,-1.505,10.72,-7.608,26.064001,inter_set_rest,4,7.0,41255.0,191324.0,104259.0,202969.0,111127.0
2026-04-14 18:15:26.101925,845443,1609508019712655,5619682091,-1.079456,0.197152,0.216672,-2.66,-1.28625,-1.5575,10.72,-7.608,26.064001,inter_set_rest,4,7.0,41255.0,191324.0,104259.0,202969.0,111127.0
2026-04-14 18:15:26.106912,845444,1609508019727394,5619697004,-1.108736,0.16592,0.007808,-1.49625,-1.77625,-1.61,10.400001,-7.672,26.160002,inter_set_rest,4,7.0,41255.0,191324.0,104259.0,202969.0,111127.0
2026-04-14 18:15:26.113098,845445,1609508019736359,5619705732,-1.108736,0.16592,0.007808,-0.11375,-2.135,-2.66,10.400001,-7.672,26.160002,inter_set_rest,4,7.0,41255.0,191324.0,104259.0,202969.0,111127.0
2026-04-14 18:15:26.124370,845446,1609508019745329,5619714510,-1.100928,0.17568,0.011712,1.74125,-1.995,-2.51125,11.064,-7.712,26.208002,inter_set_rest,4,7.0,41255.0,191324.0,104259.0,202969.0,111127.0
2026-04-14 18:15:26.138226,845447,1609508019759847,5619729472,-1.100928,0.17568,0.011712,3.35125,-1.575,-2.7475,11.064,-7.712,26.208002,inter_set_rest,4,7.0,41255.0,191324.0,104259.0,202969.0,111127.0
2026-04-14 18:15:26.147299,845448,1609508019768826,5619738162,-1.095072,0.193248,0.056608,3.3775,-1.63625,-3.3775,10.376,-8.112,26.936,inter_set_rest,4,7.0,41255.0,191324.0,104259.0,202969.0,111127.0
2026-04-14 18:15:26.160627,845449,1609508019783355,5619753129,-1.075552,0.189344,0.040992,2.77375,-1.3475,-3.49125,11.312,-7.960001,27.192001,inter_set_rest,4,7.0,41255.0,191324.0,104259.0,202969.0,111127.0
2026-04-14 18:15:26.195707,845450,1609508019792322,5619761833,-1.075552,0.189344,0.040992,1.715,-0.63875,-3.35125,11.312,-7.960001,27.192001,inter_set_rest,4,7.0,41255.0,191324.0,104259.0,202969.0,111127.0
2026-04-14 18:15:26.223022,845461,1609508019806897,5619776736,-1.03456,0.208864,0.259616,0.28,0.11375,-3.1325,10.632001,-7.632,26.112001,inter_set_rest,4,7.0,41248.0,191287.0,104286.0,202892.0,111212.0
2026-04-14 18:15:26.225658,845462,1609508019815828,5619785437,-1.03456,0.208864,0.259616,-0.84,-0.0525,-3.38625,10.632001,-7.632,26.112001,inter_set_rest,4,7.0,41248.0,191287.0,104286.0,202892.0,111212.0
2026-04-14 18:15:26.228245,845463,1609508019824782,5619794163,-1.098976,0.191296,0.033184,-1.82,0.035,-3.73625,10.120001,-7.36,26.824001,inter_set_rest,4,7.0,41248.0,191287.0,104286.0,202892.0,111212.0
2026-04-14 18:15:26.256784,845464,1609508019839334,5619809091,-1.098976,0.191296,0.033184,-2.905,-0.04375,-3.5875,10.120001,-7.36,26.824001,inter_set_rest,4,7.0,41248.0,191287.0,104286.0,202892.0,111212.0
2026-04-14 18:15:26.259276,845465,1609508019848301,5619817857,-1.007232,0.162016,0.134688,-2.86125,0.035,-3.6575,9.952001,-7.488,27.136002,inter_set_rest,4,7.0,41248.0,191287.0,104286.0,202892.0,111212.0
2026-04-14 18:15:26.261693,845466,1609508019862836,5619832795,-1.018944,0.189344,0.238144,-2.45,0.4375,-3.57875,9.912001,-7.848001,26.12,inter_set_rest,4,7.0,41248.0,191287.0,104286.0,202892.0,111212.0
2026-04-14 18:15:26.287025,845467,1609508019871842,5619841667,-1.018944,0.189344,0.238144,-1.89,0.11375,-3.68375,9.912001,-7.848001,26.12,inter_set_rest,4,7.0,41248.0,191287.0,104286.0,202892.0,111212.0
2026-04-14 18:15:26.289368,845468,1609508019886315,5619856621,-1.085312,0.201056,0.154208,-1.49625,0.32375,-3.40375,11.64,-8.08,25.152,inter_set_rest,4,7.0,41248.0,191287.0,104286.0,202892.0,111212.0
2026-04-14 18:15:26.319335,845479,1609508019895417,5619865764,-1.085312,0.201056,0.154208,-1.61875,0.4375,-3.50875,11.64,-8.08,25.152,inter_set_rest,4,7.0,41097.0,191070.0,104013.0,202672.0,110981.0
2026-04-14 18:15:26.321601,845480,1609508019904523,5619874548,-1.097024,0.173728,0.013664,-0.945,0.49,-3.28125,11.432,-8.120001,24.984001,inter_set_rest,4,7.0,41097.0,191070.0,104013.0,202672.0,110981.0
2026-04-14 18:15:26.324093,845481,1609508019919375,5619889515,-1.097024,0.173728,0.013664,-0.28875,0.25375,-3.045,11.432,-8.120001,24.984001,inter_set_rest,4,7.0,41097.0,191070.0,104013.0,202672.0,110981.0
2026-04-14 18:15:26.333545,845482,1609508019928336,5619898217,-1.00528,0.17568,0.228384,0.04375,0.105,-2.345,11.408001,-7.912,25.792002,inter_set_rest,4,7.0,41097.0,191070.0,104013.0,202672.0,110981.0
2026-04-14 18:15:26.333646,845483,1609508019942889,5619913106,-1.036512,0.162016,0.05856,1.12875,-0.48125,-2.28375,10.984,-7.912,28.12,inter_set_rest,4,7.0,41097.0,191070.0,104013.0,202672.0,110981.0
2026-04-14 18:15:26.333707,845484,1609508019951919,5619921938,-1.036512,0.162016,0.05856,1.2775,-0.91,-1.8025,10.984,-7.912,28.12,inter_set_rest,4,7.0,41097.0,191070.0,104013.0,202672.0,110981.0
2026-04-14 18:15:26.337984,845485,1609508019960872,5619930644,-1.036512,0.162016,0.05856,1.07625,-0.875,-1.75875,10.984,-7.912,28.12,inter_set_rest,4,7.0,41097.0,191070.0,104013.0,202672.0,110981.0
2026-04-14 18:15:26.354171,845486,1609508019975392,5619945548,-1.100928,0.181536,0.011712,0.21875,-0.60375,-1.7675,11.000001,-7.880001,26.016,inter_set_rest,4,7.0,41097.0,191070.0,104013.0,202672.0,110981.0
2026-04-14 18:15:26.362888,845487,1609508019984295,5619954265,-1.026752,0.187392,0.247904,-0.5075,-0.7,-1.39125,10.816001,-7.888001,25.944002,inter_set_rest,4,7.0,41097.0,191070.0,104013.0,202672.0,110981.0
2026-04-14 18:15:26.398559,845498,1609508019999420,5619969217,-1.026752,0.187392,0.247904,-0.11375,-0.41125,-1.3475,10.816001,-7.888001,25.944002,inter_set_rest,4,7.0,40977.0,190904.0,103819.0,202556.0,110785.0
2026-04-14 18:15:26.400965,845499,1609508020008474,5619978051,-1.050176,0.169824,0.052704,-0.56875,-0.51625,-1.54875,11.72,-8.144,24.76,inter_set_rest,4,7.0,40977.0,190904.0,103819.0,202556.0,110785.0
2026-04-14 18:15:26.405986,845500,1609508020017417,5619986771,-1.050176,0.169824,0.052704,-0.28875,-0.58625,-1.42625,11.72,-8.144,24.76,inter_set_rest,4,7.0,40977.0,190904.0,103819.0,202556.0,110785.0
2026-04-14 18:15:26.412630,845501,1609508020031936,5620001663,-0.997472,0.189344,0.281088,-0.875,-0.8225,-1.54875,11.68,-8.432,24.896002,inter_set_rest,4,7.0,40977.0,190904.0,103819.0,202556.0,110785.0
2026-04-14 18:15:26.418280,845502,1609508020040912,5620010389,-0.997472,0.189344,0.281088,-1.645,0.0,-1.75875,11.68,-8.432,24.896002,inter_set_rest,4,7.0,40977.0,190904.0,103819.0,202556.0,110785.0
2026-04-14 18:15:26.433390,845503,1609508020055456,5620025294,-1.116544,0.199104,0.093696,-1.95125,1.05,-1.91625,11.496,-8.264,24.672,inter_set_rest,4,7.0,40977.0,190904.0,103819.0,202556.0,110785.0
2026-04-14 18:15:26.444237,845504,1609508020064417,5620033979,-1.071648,0.199104,0.251808,-2.7475,1.56625,-2.1875,11.376,-8.144,26.048,inter_set_rest,4,7.0,40977.0,190904.0,103819.0,202556.0,110785.0
2026-04-14 18:15:26.458495,845505,1609508020078907,5620048879,-1.071648,0.199104,0.251808,-1.70625,1.58375,-2.66875,11.376,-8.144,26.048,inter_set_rest,4,7.0,40977.0,190904.0,103819.0,202556.0,110785.0
2026-04-14 18:15:26.467229,845506,1609508020087832,5620057555,-1.056032,0.171776,0.101504,-0.86625,0.875,-3.36875,11.408001,-8.176001,25.056002,inter_set_rest,4,7.0,40977.0,190904.0,103819.0,202556.0,110785.0
2026-04-14 18:15:26.496742,845517,1609508020097347,5620066314,-1.056032,0.171776,0.101504,-0.74375,-0.09625,-3.75375,11.408001,-8.176001,25.056002,inter_set_rest,4,7.0,40864.0,190835.0,103667.0,202466.0,110679.0
2026-04-14 18:15:26.499757,845518,1609508020112035,5620081352,-1.059936,0.167872,0.040992,-0.91,-0.4375,-3.14125,10.776001,-7.704001,25.976002,inter_set_rest,4,7.0,40864.0,190835.0,103667.0,202466.0,110679.0
2026-04-14 18:15:26.502237,845519,1609508020121065,5620090125,-1.059936,0.167872,0.040992,-1.5575,0.105,-3.43875,10.776001,-7.704001,25.976002,inter_set_rest,4,7.0,40864.0,190835.0,103667.0,202466.0,110679.0
2026-04-14 18:15:26.518241,845520,1609508020135878,5620105057,-1.114592,0.191296,0.03904,-1.42625,0.81375,-3.29875,10.752001,-7.808001,26.168001,inter_set_rest,4,7.0,40864.0,190835.0,103667.0,202466.0,110679.0
2026-04-14 18:15:26.522043,845521,1609508020144964,5620113745,-1.026752,0.162016,0.080032,-1.77625,0.8225,-3.255,10.304001,-8.200001,23.880001,inter_set_rest,4,7.0,40864.0,190835.0,103667.0,202466.0,110679.0
2026-04-14 18:15:26.533371,845522,1609508020154309,5620124518,-1.026752,0.162016,0.080032,-2.66,0.21,-2.89625,10.304001,-8.200001,23.880001,inter_set_rest,4,7.0,40864.0,190835.0,103667.0,202466.0,110679.0
2026-04-14 18:15:26.547168,845523,1609508020168959,5620137373,-1.03456,0.173728,0.105408,-3.36875,0.385,-2.7825,10.912001,-8.088,25.248001,inter_set_rest,4,7.0,40864.0,190835.0,103667.0,202466.0,110679.0
2026-04-14 18:15:26.558534,845524,1609508020178235,5620148161,-1.03456,0.173728,0.105408,-4.43625,0.0875,-3.03625,10.912001,-8.088,25.248001,inter_set_rest,4,7.0,40864.0,190835.0,103667.0,202466.0,110679.0
2026-04-14 18:15:26.564361,845525,1609508020187183,5620156855,-1.114592,0.20496,0.134688,-5.85375,0.18375,-3.52625,11.360001,-8.440001,25.104002,inter_set_rest,4,7.0,40864.0,190835.0,103667.0,202466.0,110679.0
2026-04-14 18:15:26.645573,845536,1609508020201883,5620171849,-1.114592,0.20496,0.134688,-6.36125,0.02625,-3.745,11.360001,-8.440001,25.104002,inter_set_rest,4,7.0,40742.0,190585.0,103409.0,202203.0,110435.0
2026-04-14 18:15:26.663606,845537,1609508020210885,5620180561,-1.1224,0.1952,0.099552,-6.51875,-0.385,-3.17625,10.808001,-7.872,26.072,inter_set_rest,4,7.0,40742.0,190585.0,103409.0,202203.0,110435.0
2026-04-14 18:15:26.665984,845538,1609508020225469,5620195497,-1.050176,0.15616,0.072224,-5.90625,-1.4,-2.6075,10.904,-7.584001,26.008001,inter_set_rest,4,7.0,40742.0,190585.0,103409.0,202203.0,110435.0
2026-04-14 18:15:26.668444,845539,1609508020234418,5620204222,-1.050176,0.15616,0.072224,-4.99625,-2.1,-3.0275,10.904,-7.584001,26.008001,inter_set_rest,4,7.0,40742.0,190585.0,103409.0,202203.0,110435.0
2026-04-14 18:15:26.670577,845540,1609508020249041,5620219241,-1.009184,0.179584,0.242048,-2.485,-1.79375,-3.28125,10.136001,-7.312,27.096,inter_set_rest,4,7.0,40742.0,190585.0,103409.0,202203.0,110435.0
2026-04-14 18:15:26.673442,845541,1609508020258041,5620227953,-1.009184,0.179584,0.242048,-0.9975,-1.785,-3.21125,10.136001,-7.312,27.096,inter_set_rest,4,7.0,40742.0,190585.0,103409.0,202203.0,110435.0
2026-04-14 18:15:26.676025,845542,1609508020266960,5620236635,-1.040416,0.208864,0.267424,-0.79625,-1.435,-3.4125,9.568001,-7.856,26.136002,inter_set_rest,4,7.0,40742.0,190585.0,103409.0,202203.0,110435.0
2026-04-14 18:15:26.678537,845543,1609508020281595,5620251548,-1.040416,0.208864,0.267424,-1.435,-2.1,-3.38625,9.568001,-7.856,26.136002,inter_set_rest,4,7.0,40742.0,190585.0,103409.0,202203.0,110435.0
2026-04-14 18:15:26.680757,845544,1609508020290527,5620260290,-1.059936,0.167872,0.02928,-2.03,-2.24,-3.26375,10.456,-7.848001,26.2,inter_set_rest,4,7.0,40742.0,190585.0,103409.0,202203.0,110435.0
2026-04-14 18:15:26.707967,845555,1609508020305250,5620275369,-1.097024,0.210816,0.169824,-2.9925,-2.5375,-2.765,10.808001,-7.6,26.168001,inter_set_rest,4,7.0,40674.0,190470.0,103316.0,202096.0,110401.0
2026-04-14 18:15:26.710911,845556,1609508020314388,5620284099,-1.097024,0.210816,0.169824,-3.03625,-2.65125,-2.72125,10.808001,-7.6,26.168001,inter_set_rest,4,7.0,40674.0,190470.0,103316.0,202096.0,110401.0
2026-04-14 18:15:26.713450,845557,1609508020323518,5620292838,-1.097024,0.210816,0.169824,-2.94,-2.73875,-2.4675,10.808001,-7.6,26.168001,inter_set_rest,4,7.0,40674.0,190470.0,103316.0,202096.0,110401.0
2026-04-14 18:15:26.718484,845558,1609508020338031,5620307827,-1.11264,0.20496,0.074176,-2.8,-3.0275,-2.09125,10.368,-7.912,25.28,inter_set_rest,4,7.0,40674.0,190470.0,103316.0,202096.0,110401.0
2026-04-14 18:15:26.725443,845559,1609508020346952,5620316545,-1.106784,0.20496,0.085888,-3.36,-2.6425,-2.0825,11.432,-8.432,23.2,inter_set_rest,4,7.0,40674.0,190470.0,103316.0,202096.0,110401.0
2026-04-14 18:15:26.742236,845560,1609508020361638,5620331434,-1.106784,0.20496,0.085888,-3.675,-1.96875,-2.19625,11.432,-8.432,23.2,inter_set_rest,4,7.0,40674.0,190470.0,103316.0,202096.0,110401.0
2026-04-14 18:15:26.748603,845561,1609508020370602,5620340215,-1.079456,0.173728,0.023424,-4.3575,-2.09125,-1.98625,10.744,-8.432,24.976002,inter_set_rest,4,7.0,40674.0,190470.0,103316.0,202096.0,110401.0
2026-04-14 18:15:26.756820,845562,1609508020379698,5620348928,-1.079456,0.173728,0.023424,-5.10125,-1.86375,-1.53125,10.744,-8.432,24.976002,inter_set_rest,4,7.0,40674.0,190470.0,103316.0,202096.0,110401.0
2026-04-14 18:15:26.773533,845563,1609508020394392,5620363827,-1.011136,0.16592,0.173728,-5.25875,-1.8025,-1.81125,10.488001,-7.784,26.168001,inter_set_rest,4,7.0,40674.0,190470.0,103316.0,202096.0,110401.0
2026-04-14 18:15:26.801036,845574,1609508020403437,5620372922,-1.011136,0.16592,0.173728,-4.62,-1.72375,-1.81125,10.488001,-7.784,26.168001,inter_set_rest,4,7.0,40588.0,190435.0,103243.0,202011.0,110359.0
2026-04-14 18:15:26.804721,845575,1609508020417981,5620387854,-1.081408,0.16592,0.011712,-4.1825,-1.42625,-2.17875,11.328,-8.08,25.480001,inter_set_rest,4,7.0,40588.0,190435.0,103243.0,202011.0,110359.0
2026-04-14 18:15:26.807725,845576,1609508020426913,5620396549,-1.009184,0.154208,0.144448,-3.63125,-1.33,-2.205,11.312,-7.8,25.816002,inter_set_rest,4,7.0,40588.0,190435.0,103243.0,202011.0,110359.0
2026-04-14 18:15:26.838498,845577,1609508020435858,5620405214,-1.009184,0.154208,0.144448,-3.24625,-0.805,-2.1875,11.312,-7.8,25.816002,inter_set_rest,4,7.0,40588.0,190435.0,103243.0,202011.0,110359.0
2026-04-14 18:15:26.840981,845578,1609508020450391,5620420159,-1.028704,0.154208,0.085888,-2.765,-1.12,-2.1,11.088,-8.152,25.104002,inter_set_rest,4,7.0,40588.0,190435.0,103243.0,202011.0,110359.0
2026-04-14 18:15:26.843514,845579,1609508020459316,5620428857,-1.028704,0.154208,0.085888,-2.8,-0.875,-2.58125,11.088,-8.152,25.104002,inter_set_rest,4,7.0,40588.0,190435.0,103243.0,202011.0,110359.0
2026-04-14 18:15:26.853558,845580,1609508020473975,5620443775,-1.104832,0.197152,0.12688,-3.17625,-1.295,-2.1175,11.264001,-8.0,25.176,inter_set_rest,4,7.0,40588.0,190435.0,103243.0,202011.0,110359.0
2026-04-14 18:15:26.860998,845581,1609508020483028,5620452509,-1.104832,0.197152,0.12688,-3.78875,-1.67125,-1.74125,11.264001,-8.0,25.176,inter_set_rest,4,7.0,40588.0,190435.0,103243.0,202011.0,110359.0
2026-04-14 18:15:26.902087,845592,1609508020497501,5620467366,-1.003328,0.163968,0.210816,-3.57,-1.085,-2.03,11.336,-7.928001,25.160002,inter_set_rest,4,7.0,40516.0,190276.0,103088.0,201865.0,110230.0
2026-04-14 18:15:26.904085,845593,1609508020506508,5620476117,-1.003328,0.158112,0.162016,-3.01,-0.41125,-2.2925,10.392,-7.832,25.400002,inter_set_rest,4,7.0,40516.0,190276.0,103088.0,201865.0,110230.0
2026-04-14 18:15:26.907084,845594,1609508020515494,5620484861,-1.003328,0.158112,0.162016,-3.26375,-0.3325,-2.555,10.392,-7.832,25.400002,inter_set_rest,4,7.0,40516.0,190276.0,103088.0,201865.0,110230.0
2026-04-14 18:15:26.909596,845595,1609508020530145,5620499876,-1.009184,0.1464,0.095648,-4.05125,-0.735,-2.555,10.488001,-7.688,26.456001,inter_set_rest,4,7.0,40516.0,190276.0,103088.0,201865.0,110230.0
2026-04-14 18:15:26.917195,845596,1609508020539077,5620508614,-1.009184,0.1464,0.095648,-4.97,-0.2625,-2.625,10.488001,-7.688,26.456001,inter_set_rest,4,7.0,40516.0,190276.0,103088.0,201865.0,110230.0
2026-04-14 18:15:26.932208,845597,1609508020553578,5620523492,-1.11264,0.187392,0.109312,-5.495,0.51625,-2.695,10.472,-7.528,25.592001,inter_set_rest,4,7.0,40516.0,190276.0,103088.0,201865.0,110230.0
2026-04-14 18:15:26.942294,845598,1609508020562636,5620532192,-1.11264,0.187392,0.109312,-4.87375,0.9975,-2.7475,10.472,-7.528,25.592001,inter_set_rest,4,7.0,40516.0,190276.0,103088.0,201865.0,110230.0
2026-04-14 18:15:26.956001,845599,1609508020577156,5620547167,-1.110688,0.163968,0.00976,-3.85,0.9975,-3.35125,10.312,-7.736001,25.032001,inter_set_rest,4,7.0,40516.0,190276.0,103088.0,201865.0,110230.0
2026-04-14 18:15:27.000827,845600,1609508020586077,5620555854,-1.110688,0.163968,0.07808,-2.5725,0.315,-3.955,10.312,-7.736001,25.032001,inter_set_rest,4,7.0,40516.0,190276.0,103088.0,201865.0,110230.0
2026-04-14 18:15:27.003411,845601,1609508020594995,5620564525,-1.032608,0.152256,0.07808,-2.4675,-0.77875,-3.64,11.384001,-8.04,23.288002,inter_set_rest,4,7.0,40516.0,190276.0,103088.0,201865.0,110230.0
2026-04-14 18:15:27.046001,845612,1609508020609578,5620579457,-1.077504,0.193248,0.189344,-3.1325,-0.93625,-3.9025,10.144,-7.632,26.416,inter_set_rest,4,7.0,40407.0,190219.0,102949.0,201809.0,110121.0
2026-04-14 18:15:27.048414,845613,1609508020618489,5620588155,-1.077504,0.193248,0.189344,-2.765,-0.175,-3.5175,10.144,-7.632,26.416,inter_set_rest,4,7.0,40407.0,190219.0,102949.0,201809.0,110121.0
2026-04-14 18:15:27.050998,845614,1609508020633058,5620603216,-1.091168,0.197152,0.183488,-2.415,0.4375,-3.59625,10.456,-7.400001,27.328001,inter_set_rest,4,7.0,40407.0,190219.0,102949.0,201809.0,110121.0
2026-04-14 18:15:27.053514,845615,1609508020642007,5620611896,-1.091168,0.197152,0.183488,-2.1175,0.28,-2.80875,10.456,-7.400001,27.328001,inter_set_rest,4,7.0,40407.0,190219.0,102949.0,201809.0,110121.0
2026-04-14 18:15:27.055985,845616,1609508020651004,5620620693,-1.077504,0.169824,0.031232,-3.24625,-0.77,-1.75875,9.784,-7.312,27.456001,inter_set_rest,4,7.0,40407.0,190219.0,102949.0,201809.0,110121.0
2026-04-14 18:15:27.058301,845617,1609508020665567,5620635630,-1.077504,0.169824,0.031232,-3.3775,-1.02375,-1.89875,9.784,-7.312,27.456001,inter_set_rest,4,7.0,40407.0,190219.0,102949.0,201809.0,110121.0
2026-04-14 18:15:27.060994,845618,1609508020674731,5620644330,-1.011136,0.150304,0.113216,-3.9025,-0.35,-2.5725,9.648001,-7.464,27.560001,inter_set_rest,4,7.0,40407.0,190219.0,102949.0,201809.0,110121.0
2026-04-14 18:15:27.071032,845619,1609508020689228,5620659236,-1.042368,0.17568,0.212768,-4.27,-0.13125,-3.26375,10.496,-7.256001,26.232,inter_set_rest,4,7.0,40407.0,190219.0,102949.0,201809.0,110121.0
2026-04-14 18:15:27.102093,845630,1609508020698195,5620668281,-1.042368,0.17568,0.212768,-4.89125,-0.23625,-3.54375,10.496,-7.256001,26.232,inter_set_rest,4,7.0,40313.0,190081.0,102742.0,201653.0,109942.0
2026-04-14 18:15:27.104247,845631,1609508020712752,5620681249,-1.032608,0.179584,0.249856,-5.215,-0.9275,-3.85875,11.216001,-7.920001,25.272001,inter_set_rest,4,7.0,40313.0,190081.0,102742.0,201653.0,109942.0
2026-04-14 18:15:27.107153,845632,1609508020722271,5620692102,-1.032608,0.179584,0.249856,-4.935,-0.98,-3.77125,11.216001,-7.920001,25.272001,inter_set_rest,4,7.0,40313.0,190081.0,102742.0,201653.0,109942.0
2026-04-14 18:15:27.110908,845633,1609508020731244,5620700810,-1.098976,0.177632,0.044896,-3.49125,-1.49625,-3.605,11.200001,-7.368001,26.336,inter_set_rest,4,7.0,40313.0,190081.0,102742.0,201653.0,109942.0
2026-04-14 18:15:27.123542,845634,1609508020745783,5620715749,-1.098976,0.177632,0.044896,-1.93375,-0.93625,-3.80625,11.200001,-7.368001,26.336,inter_set_rest,4,7.0,40313.0,190081.0,102742.0,201653.0,109942.0
2026-04-14 18:15:27.138171,845635,1609508020754734,5620724476,-1.085312,0.199104,0.201056,-0.8575,-0.91875,-4.0775,10.512,-7.376,24.896002,inter_set_rest,4,7.0,40313.0,190081.0,102742.0,201653.0,109942.0
2026-04-14 18:15:27.149325,845636,1609508020769217,5620739401,-1.011136,0.158112,0.1464,-0.88375,-0.3675,-4.12125,10.328,-7.776001,25.2,inter_set_rest,4,7.0,40313.0,190081.0,102742.0,201653.0,109942.0
2026-04-14 18:15:27.157208,845637,1609508020778123,5620748095,-1.011136,0.158112,0.1464,-0.7175,-0.91875,-3.68375,10.328,-7.776001,25.2,inter_set_rest,4,7.0,40313.0,190081.0,102742.0,201653.0,109942.0
2026-04-14 18:15:27.164869,845638,1609508020787090,5620756777,-1.011136,0.158112,0.1464,-0.945,-0.90125,-3.61375,10.328,-7.776001,25.2,inter_set_rest,4,7.0,40313.0,190081.0,102742.0,201653.0,109942.0
2026-04-14 18:15:27.201784,845649,1609508020801677,5620771877,-1.075552,0.169824,0.011712,-1.77625,-1.1375,-3.115,11.112,-7.712,22.784,inter_set_rest,4,7.0,40247.0,189970.0,102632.0,201509.0,109863.0
2026-04-14 18:15:27.204324,845650,1609508020810796,5620780696,-1.081408,0.173728,0.031232,-2.94,-1.54875,-2.87875,10.512,-7.328001,26.720001,inter_set_rest,4,7.0,40247.0,189970.0,102632.0,201509.0,109863.0
2026-04-14 18:15:27.207217,845651,1609508020825455,5620795705,-1.081408,0.173728,0.031232,-3.92875,-1.855,-2.555,10.512,-7.328001,26.720001,inter_set_rest,4,7.0,40247.0,189970.0,102632.0,201509.0,109863.0
2026-04-14 18:15:27.214733,845652,1609508020834447,5620804449,-1.085312,0.169824,0.031232,-4.655,-1.785,-2.5375,10.376,-7.12,27.328001,inter_set_rest,4,7.0,40247.0,189970.0,102632.0,201509.0,109863.0
2026-04-14 18:15:27.220526,845653,1609508020843430,5620813191,-1.085312,0.169824,0.031232,-4.2525,-1.2775,-2.52,10.376,-7.12,27.328001,inter_set_rest,4,7.0,40247.0,189970.0,102632.0,201509.0,109863.0
2026-04-14 18:15:27.237142,845654,1609508020857939,5620828166,-1.056032,0.199104,0.257664,-3.33375,-0.53375,-2.75625,11.360001,-8.056001,25.224,inter_set_rest,4,7.0,40247.0,189970.0,102632.0,201509.0,109863.0
2026-04-14 18:15:27.246000,845655,1609508020866863,5620836849,-1.056032,0.199104,0.257664,-2.7475,-0.84875,-2.695,11.360001,-8.056001,25.224,inter_set_rest,4,7.0,40247.0,189970.0,102632.0,201509.0,109863.0
2026-04-14 18:15:27.261689,845656,1609508020881525,5620851743,-0.99552,0.169824,0.236192,-2.065,-0.20125,-2.8175,10.872001,-7.896,23.424002,inter_set_rest,4,7.0,40247.0,189970.0,102632.0,201509.0,109863.0
2026-04-14 18:15:27.269109,845657,1609508020890466,5620860436,-1.026752,0.160064,0.105408,-1.98625,-0.1925,-2.73,11.384001,-7.928001,25.176,inter_set_rest,4,7.0,40247.0,189970.0,102632.0,201509.0,109863.0
2026-04-14 18:15:27.302261,845668,1609508020905259,5620873655,-1.026752,0.160064,0.105408,-2.0825,-0.385,-2.49375,11.384001,-7.928001,25.176,inter_set_rest,4,7.0,40156.0,189929.0,102518.0,201461.0,109764.0
2026-04-14 18:15:27.304292,845669,1609508020914616,5620884494,-1.098976,0.203008,0.171776,-2.70375,-0.25375,-2.3975,10.512,-7.248,26.432001,inter_set_rest,4,7.0,40156.0,189929.0,102518.0,201461.0,109764.0
2026-04-14 18:15:27.306704,845670,1609508020923714,5620893342,-1.098976,0.203008,0.171776,-2.93125,-0.1225,-2.40625,10.512,-7.248,26.432001,inter_set_rest,4,7.0,40156.0,189929.0,102518.0,201461.0,109764.0
2026-04-14 18:15:27.317205,845671,1609508020938254,5620908215,-1.116544,0.18544,0.05856,-2.86125,-0.42875,-2.3275,10.448001,-7.192,26.336,inter_set_rest,4,7.0,40156.0,189929.0,102518.0,201461.0,109764.0
2026-04-14 18:15:27.325970,845672,1609508020947175,5620916914,-1.116544,0.18544,0.05856,-3.14125,-0.5425,-1.9775,10.448001,-7.192,26.336,inter_set_rest,4,7.0,40156.0,189929.0,102518.0,201461.0,109764.0
2026-04-14 18:15:27.365336,845673,1609508020961845,5620931841,-1.001376,0.167872,0.251808,-2.695,-0.65625,-1.54875,10.624001,-7.272,26.144001,inter_set_rest,4,7.0,40156.0,189929.0,102518.0,201461.0,109764.0
2026-04-14 18:15:27.380814,845674,1609508020970804,5620940541,-1.100928,0.177632,0.054656,-2.23125,-0.44625,-1.72375,10.528001,-7.496,26.376001,inter_set_rest,4,7.0,40156.0,189929.0,102518.0,201461.0,109764.0
2026-04-14 18:15:27.383223,845675,1609508020979725,5620949231,-1.100928,0.177632,0.054656,-2.00375,-0.62125,-1.30375,10.528001,-7.496,26.376001,inter_set_rest,4,7.0,40156.0,189929.0,102518.0,201461.0,109764.0
2026-04-14 18:15:27.385626,845676,1609508020994225,5620964118,-1.05408,0.191296,0.244,-1.75875,0.28875,-1.225,10.584001,-7.056,26.04,inter_set_rest,4,7.0,40156.0,189929.0,102518.0,201461.0,109764.0
2026-04-14 18:15:27.413606,845687,1609508021003667,5620972969,-1.05408,0.191296,0.244,-1.26,0.28875,-1.47,10.584001,-7.056,26.04,inter_set_rest,4,7.0,40063.0,189860.0,102347.0,201402.0,109603.0
2026-04-14 18:15:27.415512,845688,1609508021018333,5620988061,-0.993568,0.148352,0.160064,-1.75875,-0.04375,-1.505,10.536,-7.272,26.592001,inter_set_rest,4,7.0,40063.0,189860.0,102347.0,201402.0,109603.0
2026-04-14 18:15:27.418667,845689,1609508021027274,5620996822,-0.993568,0.148352,0.160064,-3.22875,0.0,-1.14625,10.536,-7.272,26.592001,inter_set_rest,4,7.0,40063.0,189860.0,102347.0,201402.0,109603.0
2026-04-14 18:15:27.420478,845690,1609508021036312,5621005528,-1.059936,0.1464,0.03904,-3.92,0.5775,-1.365,10.328,-7.104001,29.264002,inter_set_rest,4,7.0,40063.0,189860.0,102347.0,201402.0,109603.0
2026-04-14 18:15:27.427978,845691,1609508021050922,5621020454,-1.126304,0.171776,0.06832,-3.465,1.19875,-2.03,9.792001,-7.312,27.000002,inter_set_rest,4,7.0,40063.0,189860.0,102347.0,201402.0,109603.0
2026-04-14 18:15:27.438053,845692,1609508021059893,5621029141,-1.126304,0.171776,0.06832,-2.2925,1.07625,-2.6425,9.792001,-7.312,27.000002,inter_set_rest,4,7.0,40063.0,189860.0,102347.0,201402.0,109603.0
2026-04-14 18:15:27.475558,845693,1609508021074453,5621044030,-1.003328,0.160064,0.242048,-0.86625,0.27125,-2.79125,11.376,-7.68,25.312,inter_set_rest,4,7.0,40063.0,189860.0,102347.0,201402.0,109603.0
2026-04-14 18:15:27.478061,845694,1609508021083586,5621052818,-1.003328,0.160064,0.242048,-0.28,-0.51625,-2.52,11.376,-7.68,25.312,inter_set_rest,4,7.0,40063.0,189860.0,102347.0,201402.0,109603.0
2026-04-14 18:15:27.480662,845695,1609508021092545,5621061508,-1.048224,0.15616,0.046848,0.0875,-1.015,-2.51125,10.264001,-7.536,26.072,inter_set_rest,4,7.0,40063.0,189860.0,102347.0,201402.0,109603.0
2026-04-14 18:15:27.508238,845706,1609508021107214,5621076813,-1.048224,0.15616,0.046848,-0.55125,-0.1925,-2.91375,10.264001,-7.536,26.072,inter_set_rest,4,7.0,40026.0,189844.0,102252.0,201363.0,109545.0
2026-04-14 18:15:27.510709,845707,1609508021116328,5621085547,-1.026752,0.1464,0.08784,-0.90125,0.56875,-2.56375,10.480001,-7.504,26.384,inter_set_rest,4,7.0,40026.0,189844.0,102252.0,201363.0,109545.0
2026-04-14 18:15:27.513227,845708,1609508021130825,5621100465,-1.038464,0.140544,0.052704,-1.505,0.9975,-2.03,10.448001,-7.400001,25.240002,inter_set_rest,4,7.0,40026.0,189844.0,102252.0,201363.0,109545.0
2026-04-14 18:15:27.519376,845709,1609508021139757,5621109157,-1.038464,0.140544,0.052704,-2.0125,0.5775,-1.26875,10.448001,-7.400001,25.240002,inter_set_rest,4,7.0,40026.0,189844.0,102252.0,201363.0,109545.0
2026-04-14 18:15:27.531928,845710,1609508021154302,5621124183,-1.069696,0.15616,0.021472,-1.84625,-0.175,-1.40875,10.448001,-6.968,25.296001,inter_set_rest,4,7.0,40026.0,189844.0,102252.0,201363.0,109545.0
2026-04-14 18:15:27.543099,845711,1609508021163263,5621132887,-1.069696,0.15616,0.021472,-1.54875,-0.77875,-1.42625,10.448001,-6.968,25.296001,inter_set_rest,4,7.0,40026.0,189844.0,102252.0,201363.0,109545.0
2026-04-14 18:15:27.550466,845712,1609508021172304,5621141568,-1.01504,0.142496,0.083936,-1.2075,-1.26,-1.77625,10.376,-7.312,26.664001,inter_set_rest,4,7.0,40026.0,189844.0,102252.0,201363.0,109545.0
2026-04-14 18:15:27.565328,845713,1609508021186813,5621156454,-1.01504,0.142496,0.083936,-1.33,-0.8225,-2.2225,10.376,-7.312,26.664001,inter_set_rest,4,7.0,40026.0,189844.0,102252.0,201363.0,109545.0
2026-04-14 18:15:27.573137,845714,1609508021195909,5621165181,-1.057984,0.18544,0.244,-1.575,-0.665,-2.56375,11.104,-7.592001,25.36,inter_set_rest,4,7.0,40026.0,189844.0,102252.0,201363.0,109545.0
2026-04-14 18:15:27.605523,845725,1609508021210561,5621180246,-1.011136,0.15616,0.212768,-1.19875,-0.875,-3.0975,11.104,-7.592001,23.456001,inter_set_rest,4,7.0,39859.0,189743.0,102006.0,201278.0,109296.0
2026-04-14 18:15:27.608222,845726,1609508021219505,5621189062,-1.011136,0.15616,0.212768,0.2625,-0.97125,-3.15875,11.664001,-7.416,23.456001,inter_set_rest,4,7.0,39859.0,189743.0,102006.0,201278.0,109296.0
2026-04-14 18:15:27.610682,845727,1609508021228450,5621197813,-1.011136,0.15616,0.212768,1.89875,-1.0325,-3.24625,11.664001,-7.416,23.456001,inter_set_rest,4,7.0,39859.0,189743.0,102006.0,201278.0,109296.0
2026-04-14 18:15:27.620570,845728,1609508021243123,5621212865,-1.075552,0.15616,0.005856,3.29,-0.67375,-3.43,11.088,-7.568,24.512001,inter_set_rest,4,7.0,39859.0,189743.0,102006.0,201278.0,109296.0
2026-04-14 18:15:27.633112,845729,1609508021252176,5621221578,-1.061888,0.201056,0.240096,4.40125,-0.385,-3.29,11.504001,-7.616,24.856,inter_set_rest,4,7.0,39859.0,189743.0,102006.0,201278.0,109296.0
2026-04-14 18:15:27.647058,845730,1609508021266835,5621236634,-1.061888,0.201056,0.240096,4.31375,-0.8225,-3.15875,11.504001,-7.616,24.856,inter_set_rest,4,7.0,39859.0,189743.0,102006.0,201278.0,109296.0
2026-04-14 18:15:27.654157,845731,1609508021275907,5621245331,-1.1224,0.203008,0.080032,2.975,-1.0325,-3.01875,11.392,-8.0,24.848001,inter_set_rest,4,7.0,39859.0,189743.0,102006.0,201278.0,109296.0
2026-04-14 18:15:27.664585,845732,1609508021285009,5621254040,-1.1224,0.203008,0.080032,2.35375,-0.90125,-2.7825,11.392,-8.0,24.848001,inter_set_rest,4,7.0,39859.0,189743.0,102006.0,201278.0,109296.0
2026-04-14 18:15:27.676792,845733,1609508021299506,5621268971,-1.016992,0.162016,0.134688,1.40875,-0.90125,-2.45875,11.512,-7.712,24.992,inter_set_rest,4,7.0,39859.0,189743.0,102006.0,201278.0,109296.0
2026-04-14 18:15:27.749592,845744,1609508021308632,5621277901,-1.016992,0.162016,0.134688,0.2975,-1.015,-2.0125,11.512,-7.712,24.992,inter_set_rest,4,7.0,39772.0,189658.0,101828.0,201163.0,109116.0
2026-04-14 18:15:27.751628,845745,1609508021323237,5621292848,-1.069696,0.203008,0.220576,-0.42875,-0.455,-1.82,10.400001,-7.296001,26.376001,inter_set_rest,4,7.0,39772.0,189658.0,101828.0,201163.0,109116.0
2026-04-14 18:15:27.754300,845746,1609508021332194,5621301546,-1.079456,0.206912,0.218624,-0.60375,-0.39375,-1.68875,10.344001,-7.336,26.224,inter_set_rest,4,7.0,39772.0,189658.0,101828.0,201163.0,109116.0
2026-04-14 18:15:27.757161,845747,1609508021346693,5621316425,-1.079456,0.206912,0.218624,-0.245,0.02625,-1.70625,10.344001,-7.336,26.224,inter_set_rest,4,7.0,39772.0,189658.0,101828.0,201163.0,109116.0
2026-04-14 18:15:27.759662,845748,1609508021355641,5621325117,-1.089216,0.20496,0.173728,0.20125,0.39375,-1.65375,10.752001,-7.76,25.608002,inter_set_rest,4,7.0,39772.0,189658.0,101828.0,201163.0,109116.0
2026-04-14 18:15:27.761727,845749,1609508021364598,5621333858,-1.089216,0.20496,0.173728,0.21875,0.69125,-2.05625,10.752001,-7.76,25.608002,inter_set_rest,4,7.0,39772.0,189658.0,101828.0,201163.0,109116.0
2026-04-14 18:15:27.767244,845750,1609508021379116,5621348796,-1.10288,0.183488,0.031232,0.0525,0.525,-2.31875,10.92,-7.952,25.008001,inter_set_rest,4,7.0,39772.0,189658.0,101828.0,201163.0,109116.0
2026-04-14 18:15:27.769803,845751,1609508021388085,5621357492,-1.10288,0.183488,0.031232,-0.42,0.1925,-2.1875,10.92,-7.952,25.008001,inter_set_rest,4,7.0,39772.0,189658.0,101828.0,201163.0,109116.0
2026-04-14 18:15:27.805989,845762,1609508021402574,5621372440,-1.056032,0.163968,0.056608,-1.07625,0.04375,-2.1525,11.552001,-7.952,25.376001,inter_set_rest,4,7.0,39700.0,189607.0,101723.0,201129.0,109014.0
2026-04-14 18:15:27.808533,845763,1609508021411605,5621381236,-1.056032,0.183488,0.261568,-1.05875,-0.23625,-2.3975,11.552001,-7.952,27.424002,inter_set_rest,4,7.0,39700.0,189607.0,101723.0,201129.0,109014.0
2026-04-14 18:15:27.811015,845764,1609508021426221,5621396192,-1.028704,0.183488,0.261568,-0.2625,0.2625,-2.2925,10.568001,-7.488,28.560001,inter_set_rest,4,7.0,39700.0,189607.0,101723.0,201129.0,109014.0
2026-04-14 18:15:27.813408,845765,1609508021435222,5621404897,-1.057984,0.162016,0.03904,0.18375,-0.105,-2.16125,10.104,-7.28,27.536001,inter_set_rest,4,7.0,39700.0,189607.0,101723.0,201129.0,109014.0
2026-04-14 18:15:27.821799,845766,1609508021444208,5621413593,-1.057984,0.162016,0.03904,0.98,-0.51625,-2.17,10.104,-7.28,27.536001,inter_set_rest,4,7.0,39700.0,189607.0,101723.0,201129.0,109014.0
2026-04-14 18:15:27.837061,845767,1609508021458853,5621428493,-1.040416,0.20496,0.279136,1.435,-1.1375,-2.30125,11.448001,-8.04,25.488,inter_set_rest,4,7.0,39700.0,189607.0,101723.0,201129.0,109014.0
2026-04-14 18:15:27.848326,845768,1609508021467887,5621437164,-1.040416,0.20496,0.279136,0.4375,-0.88375,-1.95125,11.448001,-8.04,25.488,inter_set_rest,4,7.0,39700.0,189607.0,101723.0,201129.0,109014.0
2026-04-14 18:15:27.860917,845769,1609508021482372,5621452090,-1.106784,0.181536,0.033184,0.1925,-0.72625,-1.95125,11.376,-8.296001,25.544,inter_set_rest,4,7.0,39700.0,189607.0,101723.0,201129.0,109014.0
2026-04-14 18:15:27.869763,845770,1609508021491284,5621460795,-1.106784,0.181536,0.033184,-0.1925,-1.0325,-2.03,11.376,-8.296001,25.544,inter_set_rest,4,7.0,39700.0,189607.0,101723.0,201129.0,109014.0
2026-04-14 18:15:27.878536,845771,1609508021500242,5621469589,-0.999424,0.177632,0.271328,-0.0525,-1.32125,-2.00375,11.240001,-8.136001,25.480001,inter_set_rest,4,7.0,39700.0,189607.0,101723.0,201129.0,109014.0
2026-04-14 18:15:27.907232,845782,1609508021514925,5621484609,-1.098976,0.189344,0.109312,-0.93625,-1.3825,-1.42625,11.208,-7.904,26.072,inter_set_rest,4,7.0,39623.0,189562.0,101614.0,201077.0,108942.0
2026-04-14 18:15:27.909732,845783,1609508021523959,5621493440,-1.098976,0.189344,0.109312,-1.8725,-0.63875,-1.1375,11.208,-7.904,26.072,inter_set_rest,4,7.0,39623.0,189562.0,101614.0,201077.0,108942.0
2026-04-14 18:15:27.916819,845784,1609508021538586,5621508348,-1.095072,0.160064,0.01952,-2.065,-0.04375,-1.4175,10.456,-8.08,26.408,inter_set_rest,4,7.0,39623.0,189562.0,101614.0,201077.0,108942.0
2026-04-14 18:15:27.929329,845785,1609508021547536,5621517023,-1.095072,0.160064,0.01952,-0.86625,-0.0875,-1.82,10.456,-8.08,26.408,inter_set_rest,4,7.0,39623.0,189562.0,101614.0,201077.0,108942.0
2026-04-14 18:15:27.939696,845786,1609508021562026,5621531956,-1.077504,0.201056,0.261568,0.6825,-0.72625,-2.09125,10.184,-8.232,25.080002,inter_set_rest,4,7.0,39623.0,189562.0,101614.0,201077.0,108942.0
2026-04-14 18:15:27.950932,845787,1609508021570971,5621540684,-1.077504,0.201056,0.261568,1.54,-1.68,-2.1,10.184,-8.232,25.080002,inter_set_rest,4,7.0,39623.0,189562.0,101614.0,201077.0,108942.0
2026-04-14 18:15:27.958064,845788,1609508021579881,5621549365,-1.067744,0.162016,0.037088,1.42625,-2.14375,-2.05625,11.240001,-8.032001,23.488,inter_set_rest,4,7.0,39623.0,189562.0,101614.0,201077.0,108942.0
2026-04-14 18:15:27.974364,845789,1609508021594368,5621564272,-1.052128,0.187392,0.201056,1.19875,-2.31,-2.31875,11.048,-8.240001,25.920002,inter_set_rest,4,7.0,39623.0,189562.0,101614.0,201077.0,108942.0
2026-04-14 18:15:28.008129,845800,1609508021603300,5621573241,-1.052128,0.187392,0.201056,1.07625,-1.40875,-2.30125,11.048,-8.240001,25.920002,inter_set_rest,4,7.0,39500.0,189412.0,101398.0,200931.0,108734.0
2026-04-14 18:15:28.009232,845801,1609508021617853,5621588196,-1.018944,0.154208,0.080032,0.93625,-1.19875,-1.8025,10.288,-7.616,27.36,inter_set_rest,4,7.0,39500.0,189412.0,101398.0,200931.0,108734.0
2026-04-14 18:15:28.011768,845802,1609508021626825,5621596906,-1.018944,0.154208,0.080032,1.155,-1.68875,-1.2425,10.288,-7.616,27.36,inter_set_rest,4,7.0,39500.0,189412.0,101398.0,200931.0,108734.0
2026-04-14 18:15:28.019280,845803,1609508021641306,5621609745,-1.077504,0.173728,0.033184,0.6475,-1.63625,-1.26875,9.576,-7.336,26.792002,inter_set_rest,4,7.0,39500.0,189412.0,101398.0,200931.0,108734.0
2026-04-14 18:15:28.030827,845804,1609508021650613,5621620495,-1.077504,0.173728,0.033184,0.49875,-1.47,-1.925,9.576,-7.336,26.792002,inter_set_rest,4,7.0,39500.0,189412.0,101398.0,200931.0,108734.0
2026-04-14 18:15:28.036956,845805,1609508021659532,5621629196,-1.020896,0.160064,0.128832,-1.05,-1.18125,-2.42375,10.696,-8.160001,24.952002,inter_set_rest,4,7.0,39500.0,189412.0,101398.0,200931.0,108734.0
2026-04-14 18:15:28.053460,845806,1609508021674210,5621644138,-1.007232,0.17568,0.269376,-1.18125,-1.02375,-2.8,11.112,-8.224,25.464,inter_set_rest,4,7.0,39500.0,189412.0,101398.0,200931.0,108734.0
2026-04-14 18:15:28.062228,845807,1609508021683205,5621652817,-1.007232,0.17568,0.269376,-1.75875,-1.1025,-3.10625,11.112,-8.224,25.464,inter_set_rest,4,7.0,39500.0,189412.0,101398.0,200931.0,108734.0
2026-04-14 18:15:28.101901,845808,1609508021697710,5621667706,-1.097024,0.203008,0.181536,-1.47875,-1.68,-3.605,11.240001,-8.368,25.344002,inter_set_rest,4,7.0,39500.0,189412.0,101398.0,200931.0,108734.0
2026-04-14 18:15:28.167245,845819,1609508021706679,5621676472,-1.097024,0.203008,0.181536,-0.55125,-1.5575,-3.6225,11.240001,-8.368,25.344002,inter_set_rest,4,7.0,39436.0,189426.0,101262.0,200928.0,108631.0
2026-04-14 18:15:28.169831,845820,1609508021715926,5621685185,-1.048224,0.154208,0.066368,0.98875,-1.51375,-4.01625,10.352,-7.824,25.944002,inter_set_rest,4,7.0,39436.0,189426.0,101262.0,200928.0,108631.0
2026-04-14 18:15:28.172153,845821,1609508021730494,5621700101,-1.048224,0.154208,0.066368,2.02125,-0.91,-4.48,10.352,-7.824,25.944002,inter_set_rest,4,7.0,39436.0,189426.0,101262.0,200928.0,108631.0
2026-04-14 18:15:28.179344,845822,1609508021739414,5621708787,-1.026752,0.169824,0.22448,2.70375,-0.5075,-4.76,10.72,-7.832,26.328001,inter_set_rest,4,7.0,39436.0,189426.0,101262.0,200928.0,108631.0
2026-04-14 18:15:28.182233,845823,1609508021754023,5621723713,-1.071648,0.17568,0.115168,3.605,-0.90125,-4.96125,10.72,-9.88,26.992,inter_set_rest,4,7.0,39436.0,189426.0,101262.0,200928.0,108631.0
2026-04-14 18:15:28.184749,845824,1609508021763012,5621732424,-1.071648,0.17568,0.115168,3.8325,-2.65125,-4.48,10.088,-8.448,26.992,inter_set_rest,4,7.0,39436.0,189426.0,101262.0,200928.0,108631.0
2026-04-14 18:15:28.187133,845825,1609508021771920,5621741132,-1.071648,0.17568,0.115168,3.5,-3.71,-3.98125,10.088,-8.448,26.992,inter_set_rest,4,7.0,39436.0,189426.0,101262.0,200928.0,108631.0
2026-04-14 18:15:28.189734,845826,1609508021786469,5621756023,-1.081408,0.181536,0.10736,3.2025,-4.655,-3.43875,10.864,-8.488001,25.864,inter_set_rest,4,7.0,39436.0,189426.0,101262.0,200928.0,108631.0
2026-04-14 18:15:28.195528,845827,1609508021795482,5621764747,-1.100928,0.187392,0.089792,3.325,-4.82125,-2.5725,10.712001,-8.936001,24.472002,inter_set_rest,4,7.0,39436.0,189426.0,101262.0,200928.0,108631.0
2026-04-14 18:15:28.219017,845838,1609508021810412,5621779664,-1.100928,0.187392,0.089792,3.75375,-4.48875,-2.12625,10.712001,-8.936001,24.472002,inter_set_rest,4,7.0,39334.0,189347.0,101125.0,200804.0,108485.0
2026-04-14 18:15:28.222087,845839,1609508021819483,5621788338,-1.056032,0.206912,0.242048,4.73375,-4.62,-1.89,11.200001,-8.896001,25.064001,inter_set_rest,4,7.0,39334.0,189347.0,101125.0,200804.0,108485.0
2026-04-14 18:15:28.224559,845840,1609508021828451,5621797083,-1.056032,0.206912,0.242048,4.50625,-4.15625,-2.1175,11.200001,-8.896001,25.064001,inter_set_rest,4,7.0,39334.0,189347.0,101125.0,200804.0,108485.0
2026-04-14 18:15:28.226618,845841,1609508021843573,5621812034,-0.977952,0.173728,0.240096,3.21125,-3.8675,-2.52875,10.976001,-8.704,25.168001,inter_set_rest,4,7.0,39334.0,189347.0,101125.0,200804.0,108485.0
2026-04-14 18:15:28.232103,845842,1609508021852862,5621822963,-0.977952,0.173728,0.240096,1.6275,-3.4825,-3.3425,10.976001,-8.704,25.168001,inter_set_rest,4,7.0,39334.0,189347.0,101125.0,200804.0,108485.0
2026-04-14 18:15:28.244716,845843,1609508021867397,5621835850,-1.040416,0.206912,0.26352,0.0875,-2.02125,-4.4275,10.952001,-8.664001,23.592001,inter_set_rest,4,7.0,39334.0,189347.0,101125.0,200804.0,108485.0
2026-04-14 18:15:28.255869,845844,1609508021876690,5621846605,-1.038464,0.160064,0.076128,-0.8575,-1.44375,-5.46875,10.664001,-8.456,25.000002,inter_set_rest,4,7.0,39334.0,189347.0,101125.0,200804.0,108485.0
2026-04-14 18:15:28.264371,845845,1609508021885652,5621855336,-1.038464,0.160064,0.076128,-1.26875,-1.05,-7.09625,10.664001,-8.456,25.000002,inter_set_rest,4,7.0,39334.0,189347.0,101125.0,200804.0,108485.0
2026-04-14 18:15:28.283159,845846,1609508021900242,5621870248,-1.048224,0.158112,0.07808,-0.74375,-1.18125,-8.19,11.048,-8.688001,24.992,inter_set_rest,4,7.0,39334.0,189347.0,101125.0,200804.0,108485.0
2026-04-14 18:15:28.317945,845857,1609508021909822,5621879139,-1.048224,0.158112,0.07808,-0.18375,-1.25125,-8.33,11.048,-8.688001,24.992,inter_set_rest,4,7.0,39293.0,189237.0,101024.0,200697.0,108428.0
2026-04-14 18:15:28.320642,845858,1609508021924345,5621894107,-1.11264,0.18544,0.056608,0.84,-1.46125,-8.26,10.032001,-8.304001,26.152,inter_set_rest,4,7.0,39293.0,189237.0,101024.0,200697.0,108428.0
2026-04-14 18:15:28.321839,845859,1609508021933403,5621902865,-1.11264,0.18544,0.056608,1.72375,-1.35625,-8.61,10.032001,-8.304001,26.152,inter_set_rest,4,7.0,39293.0,189237.0,101024.0,200697.0,108428.0
2026-04-14 18:15:28.322892,845860,1609508021942350,5621911588,-1.128256,0.201056,0.103456,2.24875,-1.9075,-8.8725,10.184,-8.448,25.560001,inter_set_rest,4,7.0,39293.0,189237.0,101024.0,200697.0,108428.0
2026-04-14 18:15:28.334651,845861,1609508021956914,5621926520,-1.126304,0.21472,0.15616,2.905,-2.5725,-8.7325,10.112,-9.096001,25.088001,inter_set_rest,4,7.0,39293.0,189237.0,101024.0,200697.0,108428.0
2026-04-14 18:15:28.345869,845862,1609508021965915,5621935237,-1.126304,0.21472,0.15616,3.54375,-2.33625,-8.60125,10.112,-9.096001,25.088001,inter_set_rest,4,7.0,39293.0,189237.0,101024.0,200697.0,108428.0
2026-04-14 18:15:28.359328,845863,1609508021980411,5621950200,-1.08336,0.208864,0.23424,4.0075,-2.33625,-8.81125,10.672001,-9.160001,24.848001,inter_set_rest,4,7.0,39293.0,189237.0,101024.0,200697.0,108428.0
2026-04-14 18:15:28.366739,845864,1609508021989488,5621958925,-1.08336,0.208864,0.23424,3.8675,-3.0625,-8.295,10.672001,-9.160001,24.848001,inter_set_rest,4,7.0,39293.0,189237.0,101024.0,200697.0,108428.0
2026-04-14 18:15:28.377209,845865,1609508021998527,5621967620,-1.00528,0.173728,0.245952,2.2225,-3.78,-7.63875,9.904,-8.648001,26.528002,inter_set_rest,4,7.0,39293.0,189237.0,101024.0,200697.0,108428.0
2026-04-14 18:15:28.413341,845876,1609508022013127,5621982587,-1.00528,0.173728,0.245952,1.19,-3.61375,-7.35,9.904,-8.648001,26.528002,inter_set_rest,4,7.0,39162.0,189080.0,100833.0,200557.0,108200.0
2026-04-14 18:15:28.415373,845877,1609508022022166,5621991613,-1.040416,0.173728,0.226432,0.84875,-3.01,-7.44625,11.168,-8.904,24.536001,inter_set_rest,4,7.0,39162.0,189080.0,100833.0,200557.0,108200.0
2026-04-14 18:15:28.418394,845878,1609508022036692,5622006519,-1.124352,0.20496,0.173728,2.0125,-2.79125,-7.49,10.92,-8.864,23.304,inter_set_rest,4,7.0,39162.0,189080.0,100833.0,200557.0,108200.0
2026-04-14 18:15:28.424480,845879,1609508022045735,5622015382,-1.124352,0.20496,0.173728,3.1675,-3.22875,-7.11375,10.92,-8.864,23.304,inter_set_rest,4,7.0,39162.0,189080.0,100833.0,200557.0,108200.0
2026-04-14 18:15:28.434729,845880,1609508022054687,5622024067,-1.124352,0.20496,0.173728,3.15,-3.92875,-7.6825,10.92,-8.864,23.304,inter_set_rest,4,7.0,39162.0,189080.0,100833.0,200557.0,108200.0
2026-04-14 18:15:28.459684,845881,1609508022069222,5622039004,-1.110688,0.18544,0.072224,1.96,-4.8825,-8.2775,10.968,-9.056001,23.936,inter_set_rest,4,7.0,39162.0,189080.0,100833.0,200557.0,108200.0
2026-04-14 18:15:28.490414,845882,1609508022078160,5622047698,-1.007232,0.162016,0.245952,0.93625,-4.8475,-8.91625,9.88,-8.928,26.312002,inter_set_rest,4,7.0,39162.0,189080.0,100833.0,200557.0,108200.0
2026-04-14 18:15:28.505613,845883,1609508022092637,5622062597,-1.007232,0.162016,0.245952,1.16375,-4.4275,-8.9775,9.88,-8.928,26.312002,inter_set_rest,4,7.0,39162.0,189080.0,100833.0,200557.0,108200.0
2026-04-14 18:15:28.505695,845884,1609508022101573,5622071270,-1.030656,0.13664,0.089792,1.77625,-4.6025,-9.37125,10.128,-8.512,26.28,inter_set_rest,4,7.0,39162.0,189080.0,100833.0,200557.0,108200.0
2026-04-14 18:15:28.534659,845896,1609508022116645,5622086568,-1.075552,0.1464,0.027328,1.96875,-5.0225,-9.58125,9.848001,-8.72,28.024002,inter_set_rest,4,7.0,39053.0,188992.0,100649.0,200466.0,108045.0
2026-04-14 18:15:28.536694,845897,1609508022125746,5622095267,-1.075552,0.1464,0.027328,3.0625,-4.83875,-9.9225,9.848001,-8.72,28.024002,inter_set_rest,4,7.0,39053.0,188992.0,100649.0,200466.0,108045.0
2026-04-14 18:15:28.539667,845898,1609508022134710,5622103983,-1.075552,0.1464,0.027328,3.955,-4.865,-10.29,9.848001,-8.72,28.024002,inter_set_rest,4,7.0,39053.0,188992.0,100649.0,200466.0,108045.0
2026-04-14 18:15:28.542204,845899,1609508022149321,5622119007,-1.128256,0.18544,0.06832,4.6375,-4.7775,-11.13875,9.752001,-8.6,25.104002,inter_set_rest,4,7.0,39053.0,188992.0,100649.0,200466.0,108045.0
2026-04-14 18:15:28.544732,845900,1609508022158431,5622127795,-1.06384,0.183488,0.255712,4.43625,-5.43375,-11.2525,10.048,-9.264001,23.352001,inter_set_rest,4,7.0,39053.0,188992.0,100649.0,200466.0,108045.0
2026-04-14 18:15:28.550943,845901,1609508022172957,5622142782,-1.06384,0.183488,0.255712,3.64,-5.76625,-12.0575,10.048,-9.264001,23.352001,inter_set_rest,4,7.0,39053.0,188992.0,100649.0,200466.0,108045.0
2026-04-14 18:15:28.562213,845902,1609508022181906,5622151479,-1.0248,0.15616,0.255712,3.08875,-6.2825,-12.39875,10.288,-9.168,24.904001,inter_set_rest,4,7.0,39053.0,188992.0,100649.0,200466.0,108045.0
2026-04-14 18:15:28.569709,845903,1609508022190939,5622160200,-1.0248,0.15616,0.255712,3.26375,-6.29125,-12.88,10.288,-9.168,24.904001,inter_set_rest,4,7.0,39053.0,188992.0,100649.0,200466.0,108045.0
2026-04-14 18:15:28.584603,845904,1609508022205395,5622175090,-1.022848,0.134688,0.160064,4.26125,-6.335,-13.4225,10.576,-9.352,25.584002,inter_set_rest,4,7.0,39053.0,188992.0,100649.0,200466.0,108045.0
2026-04-14 18:15:28.614657,845915,1609508022214361,5622183860,-1.022848,0.134688,0.160064,5.145,-6.44,-13.78125,10.576,-9.352,25.584002,inter_set_rest,4,7.0,38884.0,188956.0,100355.0,200411.0,107707.0
2026-04-14 18:15:28.616693,845916,1609508022228957,5622198832,-1.069696,0.17568,0.245952,5.69625,-6.3525,-14.6475,10.352,-8.928,25.064001,inter_set_rest,4,7.0,38884.0,188956.0,100355.0,200411.0,107707.0
2026-04-14 18:15:28.619169,845917,1609508022237903,5622207541,-1.022848,0.1464,0.210816,6.44875,-6.02,-14.595,10.568001,-9.208,26.024002,inter_set_rest,4,7.0,38884.0,188956.0,100355.0,200411.0,107707.0
2026-04-14 18:15:28.632224,845918,1609508022252504,5622222500,-1.022848,0.1464,0.210816,6.23875,-6.79,-14.83125,10.568001,-9.208,26.024002,inter_set_rest,4,7.0,38884.0,188956.0,100355.0,200411.0,107707.0
2026-04-14 18:15:28.642214,845919,1609508022261595,5622231214,-1.118496,0.150304,0.011712,6.22125,-6.685,-15.225,10.728001,-9.200001,25.128,inter_set_rest,4,7.0,38884.0,188956.0,100355.0,200411.0,107707.0
2026-04-14 18:15:28.648097,845920,1609508022270756,5622239931,-1.118496,0.150304,0.011712,6.08125,-6.755,-15.82875,10.728001,-9.200001,25.128,inter_set_rest,4,7.0,38884.0,188956.0,100355.0,200411.0,107707.0
2026-04-14 18:15:28.667080,845921,1609508022285297,5622254931,-1.130208,0.160064,0.03904,5.60875,-6.9125,-16.16125,9.736,-9.208,26.064001,inter_set_rest,4,7.0,38884.0,188956.0,100355.0,200411.0,107707.0
2026-04-14 18:15:28.673402,845922,1609508022294244,5622263614,-1.130208,0.160064,0.03904,5.7575,-6.895,-16.40625,9.736,-9.208,26.064001,inter_set_rest,4,7.0,38884.0,188956.0,100355.0,200411.0,107707.0
2026-04-14 18:15:28.715630,845933,1609508022309029,5622278535,-1.069696,0.173728,0.26352,5.7225,-7.175,-16.8525,10.408001,-9.264001,24.76,inter_set_rest,4,7.0,38835.0,189025.0,100255.0,200470.0,107655.0
2026-04-14 18:15:28.718532,845934,1609508022318094,5622287278,-1.065792,0.128832,0.06832,6.0375,-7.18375,-16.8,9.408,-8.92,26.264002,inter_set_rest,4,7.0,38835.0,189025.0,100255.0,200470.0,107655.0
2026-04-14 18:15:28.720582,845935,1609508022327208,5622295990,-1.065792,0.128832,0.06832,6.04625,-6.79875,-17.0625,9.408,-8.92,26.264002,inter_set_rest,4,7.0,38835.0,189025.0,100255.0,200470.0,107655.0
2026-04-14 18:15:28.723541,845936,1609508022342328,5622310890,-1.108736,0.16592,0.17568,5.1625,-6.545,-17.01,9.76,-8.72,25.456001,inter_set_rest,4,7.0,38835.0,189025.0,100255.0,200470.0,107655.0
2026-04-14 18:15:28.752252,845937,1609508022351712,5622321708,-1.108736,0.16592,0.17568,4.61125,-6.65,-16.87,9.76,-8.72,25.456001,inter_set_rest,4,7.0,38835.0,189025.0,100255.0,200470.0,107655.0
2026-04-14 18:15:28.754313,845938,1609508022360780,5622330408,-1.098976,0.162016,0.238144,4.01625,-6.48375,-16.835001,9.824,-9.200001,26.192001,inter_set_rest,4,7.0,38835.0,189025.0,100255.0,200470.0,107655.0
2026-04-14 18:15:28.757285,845939,1609508022375264,5622345334,-1.098976,0.162016,0.238144,3.1675,-5.25875,-16.7825,9.824,-9.200001,26.192001,inter_set_rest,4,7.0,38835.0,189025.0,100255.0,200470.0,107655.0
2026-04-14 18:15:28.764213,845940,1609508022384216,5622354060,-1.03456,0.122976,0.300608,2.56375,-5.25875,-16.79125,9.768001,-8.856,25.744001,inter_set_rest,4,7.0,38835.0,189025.0,100255.0,200470.0,107655.0
2026-04-14 18:15:28.784973,845941,1609508022398765,5622369118,-1.042368,0.091744,0.21472,1.95125,-5.53,-16.58125,10.848001,-9.072001,24.888,inter_set_rest,4,7.0,38835.0,189025.0,100255.0,200470.0,107655.0
2026-04-14 18:15:28.869403,845952,1609508022407722,5622377941,-1.042368,0.091744,0.21472,2.19625,-6.51875,-15.785,10.848001,-9.072001,24.888,inter_set_rest,4,7.0,38701.0,189057.0,99975.0,200541.0,107350.0
2026-04-14 18:15:28.871889,845953,1609508022422422,5622390924,-1.130208,0.101504,0.197152,3.28125,-7.7875,-15.53125,10.552,-9.04,25.016,inter_set_rest,4,7.0,38701.0,189057.0,99975.0,200541.0,107350.0
2026-04-14 18:15:28.874369,845954,1609508022431828,5622401721,-1.130208,0.101504,0.197152,4.655,-8.44375,-15.2775,10.552,-9.04,25.016,inter_set_rest,4,7.0,38701.0,189057.0,99975.0,200541.0,107350.0
2026-04-14 18:15:28.876908,845955,1609508022440799,5622410434,-1.116544,0.080032,0.284992,7.35,-9.24875,-14.42,10.464001,-9.288,24.856,inter_set_rest,4,7.0,38701.0,189057.0,99975.0,200541.0,107350.0
2026-04-14 18:15:28.879360,845956,1609508022455282,5622425383,-1.116544,0.080032,0.284992,12.1975,-12.1275,-12.99375,10.464001,-9.288,24.856,inter_set_rest,4,7.0,38701.0,189057.0,99975.0,200541.0,107350.0
2026-04-14 18:15:28.881764,845957,1609508022464221,5622434073,-1.09312,0.08784,0.288896,17.2375,-15.365,-10.7275,10.200001,-9.784,25.008001,inter_set_rest,4,7.0,38701.0,189057.0,99975.0,200541.0,107350.0
2026-04-14 18:15:28.884325,845958,1609508022478702,5622448965,-1.007232,0.062464,0.20496,23.0125,-19.3725,-8.715,9.776,-9.888001,26.704,inter_set_rest,4,7.0,38701.0,189057.0,99975.0,200541.0,107350.0
2026-04-14 18:15:28.886892,845959,1609508022487725,5622457689,-1.007232,0.062464,0.20496,27.4575,-22.995,-6.58,9.776,-9.888001,26.704,inter_set_rest,4,7.0,38701.0,189057.0,99975.0,200541.0,107350.0
2026-04-14 18:15:28.889409,845960,1609508022496653,5622466419,-1.007232,0.062464,0.20496,28.630001,-24.91125,-4.24375,9.776,-9.888001,26.704,inter_set_rest,4,7.0,38701.0,189057.0,99975.0,200541.0,107350.0
2026-04-14 18:15:28.919445,845971,1609508022511361,5622481388,-1.040416,0.101504,0.376736,27.098751,-26.08375,-2.625,8.696,-9.856001,26.36,inter_set_rest,4,7.0,39045.0,190652.0,100620.0,202247.0,108088.0
2026-04-14 18:15:28.921875,845972,1609508022520525,5622490192,-1.100928,0.085888,0.30256,25.52375,-27.57125,-1.4175,8.312,-10.456,25.872002,inter_set_rest,4,7.0,39045.0,190652.0,100620.0,202247.0,108088.0
2026-04-14 18:15:28.924401,845973,1609508022535033,5622505183,-1.100928,0.085888,0.30256,23.6775,-29.365,-0.735,8.312,-10.456,25.872002,inter_set_rest,4,7.0,39045.0,190652.0,100620.0,202247.0,108088.0
2026-04-14 18:15:28.926903,845974,1609508022543960,5622513936,-1.079456,0.064416,0.288896,22.35625,-31.955,-0.28875,7.848001,-10.672001,25.656002,inter_set_rest,4,7.0,39045.0,190652.0,100620.0,202247.0,108088.0
2026-04-14 18:15:28.931955,845975,1609508022552907,5622522629,-1.079456,0.064416,0.288896,23.49375,-34.06375,-0.0875,7.848001,-10.672001,25.656002,inter_set_rest,4,7.0,39045.0,190652.0,100620.0,202247.0,108088.0
2026-04-14 18:15:28.945481,845976,1609508022567624,5622537605,-1.01504,0.07808,0.456768,26.95,-34.09875,0.21,8.192,-11.312,24.992,inter_set_rest,4,7.0,39045.0,190652.0,100620.0,202247.0,108088.0
2026-04-14 18:15:28.963394,845977,1609508022576575,5622546318,-1.01504,0.07808,0.456768,32.5325,-30.80875,-0.51625,8.192,-11.312,24.992,inter_set_rest,4,7.0,39045.0,190652.0,100620.0,202247.0,108088.0
2026-04-14 18:15:28.971569,845978,1609508022591135,5622561219,-0.974048,0.064416,0.365024,39.7775,-27.0725,-1.05875,8.120001,-12.048,24.952002,inter_set_rest,4,7.0,39045.0,190652.0,100620.0,202247.0,108088.0
2026-04-14 18:15:28.979335,845979,1609508022600068,5622569905,-0.962336,0.132736,0.452864,46.29625,-24.91125,-1.4525,7.664001,-12.496,25.880001,inter_set_rest,4,7.0,39045.0,190652.0,100620.0,202247.0,108088.0
2026-04-14 18:15:29.012265,845990,1609508022614770,5622583262,-0.962336,0.132736,0.452864,49.04375,-24.4825,-2.59,7.664001,-12.496,25.880001,inter_set_rest,4,7.0,39919.0,191809.0,102228.0,203146.0,109947.0
2026-04-14 18:15:29.014760,845991,1609508022624174,5622594062,-0.870592,0.128832,0.378688,47.1975,-23.45875,-4.7425,7.424,-13.168,24.624,inter_set_rest,4,7.0,39919.0,191809.0,102228.0,203146.0,109947.0
2026-04-14 18:15:29.017276,845992,1609508022633146,5622602773,-0.870592,0.128832,0.378688,41.16875,-20.90375,-7.70875,7.424,-13.168,24.624,inter_set_rest,4,7.0,39919.0,191809.0,102228.0,203146.0,109947.0
2026-04-14 18:15:29.025994,845993,1609508022647707,5622617747,-0.954528,0.162016,0.220576,31.8675,-18.78625,-11.0075,7.024,-13.368001,24.368002,inter_set_rest,4,7.0,39919.0,191809.0,102228.0,203146.0,109947.0
2026-04-14 18:15:29.038687,845994,1609508022656687,5622626441,-0.954528,0.162016,0.220576,20.685,-16.415,-14.79625,7.024,-13.368001,24.368002,inter_set_rest,4,7.0,39919.0,191809.0,102228.0,203146.0,109947.0
2026-04-14 18:15:29.050477,845995,1609508022671207,5622641376,-0.933056,0.134688,0.173728,8.70625,-13.4225,-19.06625,7.304,-13.000001,24.344002,inter_set_rest,4,7.0,39919.0,191809.0,102228.0,203146.0,109947.0
2026-04-14 18:15:29.060869,845996,1609508022680309,5622650100,-0.860832,0.10736,0.425536,-3.2025,-10.84125,-24.14125,6.736001,-12.232,23.744001,inter_set_rest,4,7.0,39919.0,191809.0,102228.0,203146.0,109947.0
2026-04-14 18:15:29.066582,845997,1609508022689353,5622658836,-0.860832,0.10736,0.425536,-12.67,-7.8925,-27.86,6.736001,-12.232,23.744001,inter_set_rest,4,7.0,39919.0,191809.0,102228.0,203146.0,109947.0
2026-04-14 18:15:29.083511,845998,1609508022703884,5622673927,-0.90768,0.101504,0.306464,-17.08,-4.36625,-31.01875,7.336,-12.496,24.720001,inter_set_rest,4,7.0,39919.0,191809.0,102228.0,203146.0,109947.0
2026-04-14 18:15:29.113241,846009,1609508022713301,5622682639,-0.90768,0.101504,0.306464,-18.40125,-0.28,-34.265,7.336,-12.496,24.720001,inter_set_rest,4,7.0,40603.0,190810.0,103392.0,201938.0,111309.0
2026-04-14 18:15:29.116018,846010,1609508022728144,5622697629,-0.892064,0.10736,0.464576,-18.0075,4.13875,-37.5375,6.888001,-11.968,25.536001,inter_set_rest,4,7.0,40603.0,190810.0,103392.0,201938.0,111309.0
2026-04-14 18:15:29.118540,846011,1609508022737111,5622706380,-0.892064,0.10736,0.464576,-17.325,7.93625,-40.775,6.888001,-11.968,25.536001,inter_set_rest,4,7.0,40603.0,190810.0,103392.0,201938.0,111309.0
2026-04-14 18:15:29.128510,846012,1609508022746059,5622715180,-0.866688,0.15616,0.378688,-18.1125,11.917501,-43.60125,7.032001,-11.592001,24.928001,inter_set_rest,4,7.0,40603.0,190810.0,103392.0,201938.0,111309.0
2026-04-14 18:15:29.139152,846013,1609508022760604,5622730147,-0.886208,0.275232,0.343552,-27.92125,13.8075,-49.14875,8.504001,-11.008,23.272001,inter_set_rest,4,7.0,40603.0,190810.0,103392.0,201938.0,111309.0
2026-04-14 18:15:29.146521,846014,1609508022769639,5622738928,-0.886208,0.275232,0.343552,-51.61625,12.78375,-56.93625,8.504001,-11.008,23.272001,inter_set_rest,4,7.0,40603.0,190810.0,103392.0,201938.0,111309.0
2026-04-14 18:15:29.163384,846015,1609508022784139,5622753856,-0.929152,0.25376,0.452864,-83.7375,10.50875,-60.5675,9.048,-8.896001,25.512001,inter_set_rest,4,7.0,40603.0,190810.0,103392.0,201938.0,111309.0
2026-04-14 18:15:29.198546,846016,1609508022793132,5622762563,-0.929152,0.25376,0.452864,-116.375,7.48125,-58.93125,9.048,-8.896001,25.512001,inter_set_rest,4,7.0,40603.0,190810.0,103392.0,201938.0,111309.0
2026-04-14 18:15:29.200993,846017,1609508022802108,5622771332,-0.93696,0.203008,0.447008,-142.905,6.3175,-57.23375,9.608001,-6.592001,26.096,inter_set_rest,4,7.0,40603.0,190810.0,103392.0,201938.0,111309.0
2026-04-14 18:15:29.273392,846028,1609508022816754,5622786403,-0.93696,0.203008,0.447008,-165.27,7.0,-58.52,9.608001,-6.592001,26.096,inter_set_rest,4,7.0,40586.0,187849.0,103575.0,199162.0,111468.0
2026-04-14 18:15:29.275363,846029,1609508022825694,5622795124,-0.962336,0.163968,0.40016,-186.97874,7.35875,-62.60625,9.512,-3.936,26.160002,inter_set_rest,4,7.0,40586.0,187849.0,103575.0,199162.0,111468.0
2026-04-14 18:15:29.278386,846030,1609508022840197,5622809974,-0.962336,0.163968,0.22448,-207.3225,5.10125,-63.67375,9.512,-3.936,26.160002,inter_set_rest,4,7.0,40586.0,187849.0,103575.0,199162.0,111468.0
2026-04-14 18:15:29.280878,846031,1609508022849137,5622818713,-1.003328,0.021472,0.22448,-223.95625,4.96125,-58.16125,9.768001,-0.888,25.816002,inter_set_rest,4,7.0,40586.0,187849.0,103575.0,199162.0,111468.0
2026-04-14 18:15:29.283505,846032,1609508022863711,5622833619,-0.942816,-0.132736,0.325984,-230.895,7.34125,-49.14,10.576,2.064,26.168001,inter_set_rest,4,7.0,40586.0,187849.0,103575.0,199162.0,111468.0
2026-04-14 18:15:29.285520,846033,1609508022872672,5622842450,-0.942816,-0.132736,0.325984,-224.7,11.64625,-39.24375,10.576,2.064,26.168001,inter_set_rest,4,7.0,40586.0,187849.0,103575.0,199162.0,111468.0
2026-04-14 18:15:29.287920,846034,1609508022881687,5622851141,-1.038464,-0.140544,0.368928,-206.26375,17.01,-30.31875,10.968,4.504,26.056002,inter_set_rest,4,7.0,40586.0,187849.0,103575.0,199162.0,111468.0
2026-04-14 18:15:29.290985,846035,1609508022896228,5622866071,-1.038464,-0.140544,0.368928,-183.21625,21.41125,-17.59625,10.968,4.504,26.056002,inter_set_rest,4,7.0,40586.0,187849.0,103575.0,199162.0,111468.0
2026-04-14 18:15:29.293517,846036,1609508022905192,5622874804,-0.915488,-0.181536,0.355264,-156.72125,27.76375,-11.19125,11.176001,6.224001,26.504002,inter_set_rest,4,7.0,40586.0,187849.0,103575.0,199162.0,111468.0
2026-04-14 18:15:29.320322,846047,1609508022919855,5622889833,-0.915488,-0.181536,0.355264,-133.70876,27.15125,-12.1625,11.176001,6.224001,26.504002,inter_set_rest,4,7.0,39263.0,187896.0,101233.0,199034.0,108734.0
2026-04-14 18:15:29.323335,846048,1609508022928929,5622898626,-0.9272,-0.1464,0.288896,-113.9775,26.36375,-7.735,11.080001,7.400001,27.928001,inter_set_rest,4,7.0,39263.0,187896.0,101233.0,199034.0,108734.0
2026-04-14 18:15:29.333950,846049,1609508022937987,5622907341,-0.9272,-0.1464,0.288896,-99.496254,27.475,2.4325,11.080001,7.400001,27.928001,inter_set_rest,4,7.0,39263.0,187896.0,101233.0,199034.0,108734.0
2026-04-14 18:15:29.335541,846050,1609508022952559,5622922340,-0.88816,-0.07808,0.337696,-91.76125,26.95875,9.45,10.92,8.176001,26.448002,inter_set_rest,4,7.0,39263.0,187896.0,101233.0,199034.0,108734.0
2026-04-14 18:15:29.341051,846051,1609508022961611,5622931079,-0.892064,-0.040992,0.538752,-91.67375,24.5525,11.655,10.92,9.0,25.208002,inter_set_rest,4,7.0,39263.0,187896.0,101233.0,199034.0,108734.0
2026-04-14 18:15:29.355896,846052,1609508022976077,5622946018,-0.892064,-0.040992,0.538752,-95.73375,21.25375,13.3525,12.496,9.0,25.208002,inter_set_rest,4,7.0,39263.0,187896.0,101233.0,199034.0,108734.0
2026-04-14 18:15:29.363197,846053,1609508022985001,5622954724,-0.894016,-0.066368,0.54656,-101.21125,18.13875,15.61875,12.848001,10.656,25.592001,inter_set_rest,4,7.0,39263.0,187896.0,101233.0,199034.0,108734.0
2026-04-14 18:15:29.393511,846054,1609508022999491,5622969659,-0.894016,-0.066368,0.54656,-105.07875,15.00625,16.9575,12.848001,10.656,25.592001,inter_set_rest,4,7.0,39263.0,187896.0,101233.0,199034.0,108734.0
2026-04-14 18:15:29.395992,846055,1609508023008481,5622978323,-0.88816,-0.091744,0.558272,-107.19625,12.34625,16.10875,12.536,11.872001,26.608002,inter_set_rest,4,7.0,39263.0,187896.0,101233.0,199034.0,108734.0
2026-04-14 18:15:29.423371,846066,1609508023017482,5622987124,-0.88816,-0.091744,0.558272,-107.135,9.37125,15.25125,12.536,11.872001,26.608002,inter_set_rest,4,7.0,37166.0,187398.0,97523.0,198712.0,104150.0
2026-04-14 18:15:29.425382,846067,1609508023032242,5623002072,-0.895968,-0.11712,0.349408,-108.0975,5.88,15.2425,11.376,12.784,26.568,inter_set_rest,4,7.0,37166.0,187398.0,97523.0,198712.0,104150.0
2026-04-14 18:15:29.427741,846068,1609508023041335,5623010767,-0.895968,-0.11712,0.349408,-109.9875,3.63125,15.417501,11.376,12.784,26.568,inter_set_rest,4,7.0,37166.0,187398.0,97523.0,198712.0,104150.0
2026-04-14 18:15:29.434729,846069,1609508023055890,5623025743,-0.847168,-0.122976,0.540704,-108.75375,2.415,18.15625,11.464001,14.152,25.336,inter_set_rest,4,7.0,37166.0,187398.0,97523.0,198712.0,104150.0
2026-04-14 18:15:29.443518,846070,1609508023064884,5623034437,-0.874496,-0.152256,0.306464,-103.83625,2.59,21.69125,13.648001,14.392001,23.968,inter_set_rest,4,7.0,37166.0,187398.0,97523.0,198712.0,104150.0
2026-04-14 18:15:29.453519,846071,1609508023073953,5623043252,-0.874496,-0.152256,0.306464,-95.515,3.43875,24.80625,13.648001,14.392001,23.968,inter_set_rest,4,7.0,37166.0,187398.0,97523.0,198712.0,104150.0
2026-04-14 18:15:29.469735,846072,1609508023088419,5623058202,-0.931104,-0.101504,0.308416,-86.17875,4.26125,28.0875,13.232,15.592001,24.240002,inter_set_rest,4,7.0,37166.0,187398.0,97523.0,198712.0,104150.0
2026-04-14 18:15:29.475998,846073,1609508023097354,5623066908,-0.931104,-0.101504,0.308416,-75.74,5.5825,31.99875,13.232,15.592001,24.240002,inter_set_rest,4,7.0,37166.0,187398.0,97523.0,198712.0,104150.0
2026-04-14 18:15:29.518442,846084,1609508023111868,5623081932,-0.95648,-0.072224,0.208864,-67.59375,6.71125,34.57125,14.368001,16.176,23.416,inter_set_rest,4,7.0,37320.0,186611.0,97816.0,197960.0,104409.0
2026-04-14 18:15:29.520031,846085,1609508023120967,5623090692,-0.95648,-0.072224,0.208864,-62.85125,8.23375,35.98875,14.368001,16.176,23.416,inter_set_rest,4,7.0,37320.0,186611.0,97816.0,197960.0,104409.0
2026-04-14 18:15:29.521740,846086,1609508023135539,5623105645,-1.007232,0.003904,0.366976,-65.3275,9.52875,35.28875,14.016001,16.560001,23.400002,inter_set_rest,4,7.0,37320.0,186611.0,97816.0,197960.0,104409.0
2026-04-14 18:15:29.524598,846087,1609508023144620,5623114346,-1.196576,-0.025376,0.35136,-74.15625,12.4075,32.47125,14.136001,17.720001,23.152,inter_set_rest,4,7.0,37320.0,186611.0,97816.0,197960.0,104409.0
2026-04-14 18:15:29.532149,846088,1609508023153694,5623123062,-1.196576,-0.025376,0.35136,-88.8125,13.2825,29.04125,14.136001,17.720001,23.152,inter_set_rest,4,7.0,37320.0,186611.0,97816.0,197960.0,104409.0
2026-04-14 18:15:29.562291,846089,1609508023168179,5623137964,-1.370304,-0.0976,0.210816,-103.2325,8.40875,26.32,15.496,18.36,22.624,inter_set_rest,4,7.0,37320.0,186611.0,97816.0,197960.0,104409.0
2026-04-14 18:15:29.564746,846090,1609508023177089,5623146637,-1.370304,-0.0976,0.210816,-110.88,0.58625,24.43,15.496,18.36,22.624,inter_set_rest,4,7.0,37320.0,186611.0,97816.0,197960.0,104409.0
2026-04-14 18:15:29.592248,846091,1609508023191682,5623161533,-1.32736,-0.162016,0.1464,-109.3925,-7.93625,21.55125,14.656001,19.92,24.2,inter_set_rest,4,7.0,37320.0,186611.0,97816.0,197960.0,104409.0
2026-04-14 18:15:29.597345,846092,1609508023200622,5623170275,-1.32736,-0.162016,0.1464,-100.9575,-17.07125,19.85375,14.656001,19.92,24.2,inter_set_rest,4,7.0,37320.0,186611.0,97816.0,197960.0,104409.0
2026-04-14 18:15:29.601444,846093,1609508023209627,5623178957,-1.399584,-0.08784,0.132736,-91.49875,-26.67,18.83875,14.160001,21.152,26.528002,inter_set_rest,4,7.0,37320.0,186611.0,97816.0,197960.0,104409.0
2026-04-14 18:15:29.627097,846104,1609508023224368,5623194094,-1.341024,-0.115168,0.105408,-84.49875,-36.9075,17.4475,13.424001,22.328001,23.816002,inter_set_rest,4,7.0,35513.0,190314.0,94474.0,202345.0,100295.0
2026-04-14 18:15:29.629106,846105,1609508023233500,5623202837,-1.341024,-0.115168,0.105408,-79.77375,-48.92125,19.5825,13.424001,22.328001,23.816002,inter_set_rest,4,7.0,35513.0,190314.0,94474.0,202345.0,100295.0
2026-04-14 18:15:29.632087,846106,1609508023248013,5623217936,-1.4152,-0.089792,-0.005856,-77.0525,-63.95375,22.741251,12.184001,22.528002,24.000002,inter_set_rest,4,7.0,35513.0,190314.0,94474.0,202345.0,100295.0
2026-04-14 18:15:29.636967,846107,1609508023256949,5623226639,-1.4152,-0.089792,-0.005856,-74.9525,-77.35,24.42125,12.184001,22.528002,24.000002,inter_set_rest,4,7.0,35513.0,190314.0,94474.0,202345.0,100295.0
2026-04-14 18:15:29.650877,846108,1609508023271467,5623241526,-1.348832,-0.0976,-0.128832,-71.12,-88.48,24.59625,12.880001,22.656,23.336,inter_set_rest,4,7.0,35513.0,190314.0,94474.0,202345.0,100295.0
2026-04-14 18:15:29.658374,846109,1609508023280435,5623250273,-1.348832,-0.0976,-0.128832,-65.66875,-95.55,23.625,12.880001,22.656,23.336,inter_set_rest,4,7.0,35513.0,190314.0,94474.0,202345.0,100295.0
2026-04-14 18:15:29.669756,846110,1609508023289384,5623259014,-1.342976,-0.011712,0.007808,-60.2175,-102.3575,21.105,11.632001,23.12,23.776001,inter_set_rest,4,7.0,35513.0,190314.0,94474.0,202345.0,100295.0
2026-04-14 18:15:29.683525,846111,1609508023303945,5623273965,-1.264896,0.001952,0.056608,-57.39125,-111.16,18.69,9.704,23.920002,24.624,inter_set_rest,4,7.0,35513.0,190314.0,94474.0,202345.0,100295.0
2026-04-14 18:15:29.718393,846122,1609508023312971,5623282973,-1.264896,0.001952,0.056608,-57.30375,-119.7525,19.005,9.704,23.920002,24.624,inter_set_rest,4,7.0,35152.0,188797.0,93559.0,200644.0,99312.0
2026-04-14 18:15:29.720449,846123,1609508023327563,5623297937,-1.274656,-0.037088,-0.035136,-56.77,-121.3625,21.56,7.352,24.584002,25.6,inter_set_rest,4,7.0,35152.0,188797.0,93559.0,200644.0,99312.0
2026-04-14 18:15:29.722974,846124,1609508023336575,5623306635,-1.274656,-0.037088,-0.035136,-53.6725,-121.91375,22.6975,7.352,24.584002,25.6,inter_set_rest,4,7.0,35152.0,188797.0,93559.0,200644.0,99312.0
2026-04-14 18:15:29.725464,846125,1609508023345528,5623315353,-1.30784,-0.064416,-0.0488,-47.62625,-122.885,21.83125,5.696,24.840002,25.168001,inter_set_rest,4,7.0,35152.0,188797.0,93559.0,200644.0,99312.0
2026-04-14 18:15:29.738378,846126,1609508023360098,5623328460,-1.30784,-0.064416,-0.0488,-37.0475,-124.11875,20.8775,5.696,24.840002,25.168001,inter_set_rest,4,7.0,35152.0,188797.0,93559.0,200644.0,99312.0
2026-04-14 18:15:29.751002,846127,1609508023369295,5623339205,-1.216096,-0.03904,-0.017568,-21.72625,-124.08375,21.81375,4.664,24.320002,25.376001,inter_set_rest,4,7.0,35152.0,188797.0,93559.0,200644.0,99312.0
2026-04-14 18:15:29.762296,846128,1609508023383800,5623352167,-1.216096,-0.03904,0.046848,-3.96375,-120.9775,22.63625,4.664,24.320002,25.376001,inter_set_rest,4,7.0,35152.0,188797.0,93559.0,200644.0,99312.0
2026-04-14 18:15:29.773636,846129,1609508023393003,5623362940,-1.104832,-0.037088,0.046848,12.7225,-113.96,24.45625,3.128,23.864,25.072,inter_set_rest,4,7.0,35152.0,188797.0,93559.0,200644.0,99312.0
2026-04-14 18:15:29.780554,846130,1609508023402022,5623371625,-1.104832,-0.037088,0.046848,29.015,-103.66125,26.39875,3.128,23.864,25.072,inter_set_rest,4,7.0,35152.0,188797.0,93559.0,200644.0,99312.0
2026-04-14 18:15:29.816754,846141,1609508023417059,5623386618,-1.255136,0.02928,-0.076128,41.74625,-95.340004,27.86875,1.0,23.704,26.152,inter_set_rest,4,7.0,38832.0,182467.0,100720.0,192950.0,107647.0
2026-04-14 18:15:29.819311,846142,1609508023426106,5623395374,-1.147776,0.054656,0.013664,48.99125,-88.43625,28.32375,0.568,23.112001,27.840002,inter_set_rest,4,7.0,38832.0,182467.0,100720.0,192950.0,107647.0
2026-04-14 18:15:29.821806,846143,1609508023440773,5623410366,-1.147776,0.054656,0.013664,51.5025,-80.59625,28.2625,0.568,23.112001,27.840002,inter_set_rest,4,7.0,38832.0,182467.0,100720.0,192950.0,107647.0
2026-04-14 18:15:29.829645,846144,1609508023449734,5623419094,-1.089216,0.08784,0.099552,50.5925,-70.81375,27.65875,-0.104,21.960001,27.112001,inter_set_rest,4,7.0,38832.0,182467.0,100720.0,192950.0,107647.0
2026-04-14 18:15:29.837023,846145,1609508023458657,5623427775,-1.089216,0.08784,0.099552,48.01125,-59.28125,25.095,-0.104,21.960001,27.112001,inter_set_rest,4,7.0,38832.0,182467.0,100720.0,192950.0,107647.0
2026-04-14 18:15:29.853593,846146,1609508023473187,5623442687,-1.126304,0.076128,0.171776,45.35125,-47.78375,21.56,-0.712,21.608002,27.288002,inter_set_rest,4,7.0,38832.0,182467.0,100720.0,192950.0,107647.0
2026-04-14 18:15:29.862286,846147,1609508023482224,5623451423,-1.126304,0.076128,0.171776,44.0475,-36.88125,20.1075,-0.712,21.608002,27.288002,inter_set_rest,4,7.0,38832.0,182467.0,100720.0,192950.0,107647.0
2026-04-14 18:15:29.874806,846148,1609508023496746,5623466331,-1.06384,0.040992,0.154208,42.84,-27.18625,18.585001,-1.16,21.384,28.496002,inter_set_rest,4,7.0,38832.0,182467.0,100720.0,192950.0,107647.0
2026-04-14 18:15:29.884306,846149,1609508023505688,5623475020,-1.124352,0.01952,-0.119072,41.57125,-16.49375,17.85875,-2.12,21.096,27.152,inter_set_rest,4,7.0,38832.0,182467.0,100720.0,192950.0,107647.0
2026-04-14 18:15:29.982111,846160,1609508023520292,5623490462,-1.124352,0.01952,-0.119072,41.8775,-6.8425,18.0075,-2.12,21.096,27.152,inter_set_rest,4,7.0,38336.0,183388.0,99740.0,194617.0,106662.0
2026-04-14 18:15:29.982817,846161,1609508023529275,5623499289,-1.108736,0.033184,-0.001952,43.3125,2.70375,16.94875,-2.064,20.112001,28.136002,inter_set_rest,4,7.0,38336.0,183388.0,99740.0,194617.0,106662.0
2026-04-14 18:15:29.986654,846162,1609508023538203,5623507997,-1.108736,0.033184,-0.001952,43.84625,11.76875,16.47625,-2.064,20.112001,28.136002,inter_set_rest,4,7.0,38336.0,183388.0,99740.0,194617.0,106662.0
2026-04-14 18:15:29.989298,846163,1609508023552723,5623522899,-1.120448,0.037088,-0.062464,44.1525,19.6175,17.22875,-1.024,19.264002,30.008001,inter_set_rest,4,7.0,38336.0,183388.0,99740.0,194617.0,106662.0
2026-04-14 18:15:29.991014,846164,1609508023561653,5623531715,-1.120448,0.037088,-0.062464,43.56625,26.425,18.55,-1.024,19.264002,30.008001,inter_set_rest,4,7.0,38336.0,183388.0,99740.0,194617.0,106662.0
2026-04-14 18:15:29.994183,846165,1609508023576155,5623544572,-0.983808,0.005856,0.01952,42.1225,32.68125,19.635,-0.864,19.024,28.664001,inter_set_rest,4,7.0,38336.0,183388.0,99740.0,194617.0,106662.0
2026-04-14 18:15:29.996238,846166,1609508023585458,5623555324,-1.007232,0.046848,-0.07808,40.495,37.94,19.94125,-0.864,19.024,29.608002,inter_set_rest,4,7.0,38336.0,183388.0,99740.0,194617.0,106662.0
2026-04-14 18:15:29.997917,846167,1609508023594520,5623563999,-1.007232,0.046848,-0.07808,34.5625,41.545002,17.45625,0.168,18.664001,29.608002,inter_set_rest,4,7.0,38336.0,183388.0,99740.0,194617.0,106662.0
2026-04-14 18:15:30.000884,846168,1609508023609084,5623578956,-1.059936,0.0488,-0.083936,23.975,44.765,13.41375,0.512,18.496,28.936,inter_set_rest,4,7.0,38336.0,183388.0,99740.0,194617.0,106662.0
2026-04-14 18:15:30.053598,846179,1609508023618389,5623587805,-1.059936,0.0488,-0.083936,12.425,47.46875,10.61375,0.512,18.496,28.936,inter_set_rest,4,7.0,38332.0,184541.0,99594.0,196082.0,106717.0
2026-04-14 18:15:30.055498,846180,1609508023632992,5623602762,-1.124352,0.025376,-0.144448,2.00375,48.74625,7.945,1.448,18.416,29.968002,inter_set_rest,4,7.0,38332.0,184541.0,99594.0,196082.0,106717.0
2026-04-14 18:15:30.058127,846181,1609508023641930,5623611487,-1.124352,0.025376,-0.144448,-4.165,50.18125,4.96125,1.448,18.416,29.968002,inter_set_rest,4,7.0,38332.0,184541.0,99594.0,196082.0,106717.0
2026-04-14 18:15:30.061004,846182,1609508023650847,5623620220,-1.032608,-0.003904,0.163968,-6.1075,51.73,2.38875,2.416,18.704,28.968002,inter_set_rest,4,7.0,38332.0,184541.0,99594.0,196082.0,106717.0
2026-04-14 18:15:30.063542,846183,1609508023665479,5623635150,-1.032608,-0.003904,-0.03904,-3.29,54.6875,-0.3675,2.416,18.704,28.968002,inter_set_rest,4,7.0,38332.0,184541.0,99594.0,196082.0,106717.0
2026-04-14 18:15:30.066018,846184,1609508023674476,5623643949,-1.075552,-0.021472,-0.037088,0.83125,58.45,-4.47125,3.512,18.688002,29.816002,inter_set_rest,4,7.0,38332.0,184541.0,99594.0,196082.0,106717.0
2026-04-14 18:15:30.070433,846185,1609508023688973,5623658847,-1.059936,0.003904,0.148352,2.7125,61.04,-10.87625,4.216,18.616001,29.896002,inter_set_rest,4,7.0,38332.0,184541.0,99594.0,196082.0,106717.0
2026-04-14 18:15:30.075998,846186,1609508023697935,5623667604,-1.059936,0.003904,0.148352,1.68875,62.825,-16.51125,4.216,18.616001,29.896002,inter_set_rest,4,7.0,38332.0,184541.0,99594.0,196082.0,106717.0
2026-04-14 18:15:30.090964,846187,1609508023712371,5623682503,-1.018944,-0.01952,0.15616,-0.91,63.81375,-19.01375,4.192,18.544,29.008001,inter_set_rest,4,7.0,38332.0,184541.0,99594.0,196082.0,106717.0
2026-04-14 18:15:30.119791,846198,1609508023721585,5623691549,-1.018944,-0.01952,0.15616,-2.2225,64.47875,-20.76375,4.192,18.544,29.008001,inter_set_rest,4,7.0,38126.0,185032.0,99145.0,196373.0,106289.0
2026-04-14 18:15:30.122230,846199,1609508023730595,5623700329,-1.075552,0.0,0.208864,-1.225,66.71,-22.95125,5.464,18.064001,28.736002,inter_set_rest,4,7.0,38126.0,185032.0,99145.0,196373.0,106289.0
2026-04-14 18:15:30.124756,846200,1609508023745252,5623715264,-1.075552,0.0,0.208864,2.31875,69.62375,-24.9025,5.464,18.064001,28.736002,inter_set_rest,4,7.0,38126.0,185032.0,99145.0,196373.0,106289.0
2026-04-14 18:15:30.141074,846201,1609508023754288,5623723970,-1.108736,-0.064416,0.001952,8.9425,72.52,-26.52125,7.264,18.472,28.504002,inter_set_rest,4,7.0,38126.0,185032.0,99145.0,196373.0,106289.0
2026-04-14 18:15:30.146919,846202,1609508023768794,5623738932,-1.153632,-0.005856,0.189344,18.06875,77.0875,-27.3,8.128,17.576,29.760002,inter_set_rest,4,7.0,38126.0,185032.0,99145.0,196373.0,106289.0
2026-04-14 18:15:30.156870,846203,1609508023777715,5623747801,-1.153632,-0.005856,0.189344,27.02,80.35125,-29.67125,8.128,17.576,29.760002,inter_set_rest,4,7.0,38126.0,185032.0,99145.0,196373.0,106289.0
2026-04-14 18:15:30.165720,846204,1609508023786699,5623756511,-1.20048,0.046848,0.040992,34.326252,81.996254,-32.025,8.128,17.576,28.488,inter_set_rest,4,7.0,38126.0,185032.0,99145.0,196373.0,106289.0
2026-04-14 18:15:30.185766,846205,1609508023801184,5623771397,-1.20048,0.046848,0.040992,36.0675,81.75125,-35.74375,9.192,17.448,28.488,inter_set_rest,4,7.0,38126.0,185032.0,99145.0,196373.0,106289.0
2026-04-14 18:15:30.187872,846206,1609508023810166,5623780131,-1.188768,0.025376,0.005856,32.13,79.02125,-39.17375,9.368,17.376001,28.912,inter_set_rest,4,7.0,38126.0,185032.0,99145.0,196373.0,106289.0
2026-04-14 18:15:30.218139,846217,1609508023824781,5623795132,-1.188768,0.025376,0.005856,26.67,76.8425,-40.232502,9.368,17.376001,28.912,inter_set_rest,4,7.0,38271.0,184796.0,99269.0,196008.0,106485.0
2026-04-14 18:15:30.220540,846218,1609508023833825,5623803867,-1.11264,-0.015616,0.23424,23.52875,74.935,-39.48875,9.72,17.072,29.496002,inter_set_rest,4,7.0,38271.0,184796.0,99269.0,196008.0,106485.0
2026-04-14 18:15:30.226988,846219,1609508023848421,5623818766,-1.177056,-0.001952,0.20496,26.06625,72.4325,-38.89375,11.68,16.664001,28.352001,inter_set_rest,4,7.0,38271.0,184796.0,99269.0,196008.0,106485.0
2026-04-14 18:15:30.237018,846220,1609508023857370,5623827480,-1.177056,-0.001952,0.20496,32.69875,69.41375,-37.5725,11.68,16.664001,28.352001,inter_set_rest,4,7.0,38271.0,184796.0,99269.0,196008.0,106485.0
2026-04-14 18:15:30.245729,846221,1609508023866310,5623836177,-1.177056,-0.001952,0.20496,42.9625,67.47125,-35.6125,11.68,16.664001,28.352001,inter_set_rest,4,7.0,38271.0,184796.0,99269.0,196008.0,106485.0
2026-04-14 18:15:30.259200,846222,1609508023880853,5623851138,-1.139968,0.00976,0.226432,52.1325,64.32125,-33.78375,13.544001,16.032001,30.128002,inter_set_rest,4,7.0,38271.0,184796.0,99269.0,196008.0,106485.0
2026-04-14 18:15:30.269115,846223,1609508023889743,5623859815,-1.173152,0.064416,0.00976,58.1175,60.99625,-33.43375,13.432001,15.768001,29.720001,inter_set_rest,4,7.0,38271.0,184796.0,99269.0,196008.0,106485.0
2026-04-14 18:15:30.296859,846224,1609508023904242,5623872705,-1.173152,0.064416,0.00976,55.78125,56.07,-35.3675,13.432001,15.768001,29.720001,inter_set_rest,4,7.0,38271.0,184796.0,99269.0,196008.0,106485.0
2026-04-14 18:15:30.321949,846225,1609508023913783,5623883468,-1.124352,0.060512,0.138592,48.46625,48.55375,-34.895,13.856001,15.320001,28.176,inter_set_rest,4,7.0,38271.0,184796.0,99269.0,196008.0,106485.0
2026-04-14 18:15:30.349272,846236,1609508023922826,5623892784,-1.124352,0.060512,0.138592,42.88375,40.17125,-29.89875,13.856001,15.320001,28.176,inter_set_rest,4,7.0,39322.0,185748.0,101123.0,196896.0,108668.0
2026-04-14 18:15:30.351690,846237,1609508023937363,5623905722,-1.214144,0.10736,0.115168,39.13,31.7975,-24.4475,14.056001,15.200001,29.032001,inter_set_rest,4,7.0,39322.0,185748.0,101123.0,196896.0,108668.0
2026-04-14 18:15:30.356944,846238,1609508023946535,5623916481,-1.214144,0.10736,0.115168,36.9775,24.73625,-21.39375,14.056001,15.200001,29.032001,inter_set_rest,4,7.0,39322.0,185748.0,101123.0,196896.0,108668.0
2026-04-14 18:15:30.357029,846239,1609508023961013,5623929414,-1.21024,0.12688,0.144448,34.195,18.62,-19.355,14.616001,14.512001,29.768002,inter_set_rest,4,7.0,39322.0,185748.0,101123.0,196896.0,108668.0
2026-04-14 18:15:30.359111,846240,1609508023970236,5623940198,-1.147776,0.111264,0.027328,29.56625,11.97,-17.29875,14.328001,14.56,29.624,inter_set_rest,4,7.0,39322.0,185748.0,101123.0,196896.0,108668.0
2026-04-14 18:15:30.361730,846241,1609508023979253,5623948936,-1.147776,0.111264,0.027328,21.210001,3.35125,-15.72375,14.328001,14.56,29.624,inter_set_rest,4,7.0,39322.0,185748.0,101123.0,196896.0,108668.0
2026-04-14 18:15:30.373385,846242,1609508023993784,5623963900,-1.212192,0.1464,0.01952,10.61375,-5.6175,-12.6525,13.72,14.856001,29.920002,inter_set_rest,4,7.0,39322.0,185748.0,101123.0,196896.0,108668.0
2026-04-14 18:15:30.382231,846243,1609508024002783,5623972614,-1.212192,0.1464,0.01952,-0.0175,-15.05875,-8.505,13.72,14.856001,29.920002,inter_set_rest,4,7.0,39322.0,185748.0,101123.0,196896.0,108668.0
2026-04-14 18:15:30.422261,846254,1609508024017441,5623987420,-1.08336,0.070272,0.12688,-6.92125,-22.365,-4.4275,14.088,13.976001,27.800001,inter_set_rest,4,7.0,39741.0,186984.0,101937.0,198110.0,109548.0
2026-04-14 18:15:30.424704,846255,1609508024026461,5623996189,-1.08336,0.070272,0.12688,-9.555,-27.8425,-0.84875,14.088,13.976001,27.800001,inter_set_rest,4,7.0,39741.0,186984.0,101937.0,198110.0,109548.0
2026-04-14 18:15:30.427270,846256,1609508024041013,5624011121,-1.157536,0.081984,0.070272,-8.3825,-32.78625,1.4525,13.000001,14.296001,28.320002,inter_set_rest,4,7.0,39741.0,186984.0,101937.0,198110.0,109548.0
2026-04-14 18:15:30.429719,846257,1609508024049974,5624019814,-1.08336,0.066368,0.179584,-4.8125,-36.68875,3.87625,13.832001,14.64,28.688002,inter_set_rest,4,7.0,39741.0,186984.0,101937.0,198110.0,109548.0
2026-04-14 18:15:30.437113,846258,1609508024058923,5624028542,-1.08336,0.066368,0.179584,-0.35875,-40.08375,7.5075,13.832001,14.64,28.688002,inter_set_rest,4,7.0,39741.0,186984.0,101937.0,198110.0,109548.0
2026-04-14 18:15:30.452106,846259,1609508024073416,5624043444,-1.145824,0.06832,0.052704,5.62625,-42.77875,10.7975,14.072001,13.624001,27.880001,inter_set_rest,4,7.0,39741.0,186984.0,101937.0,198110.0,109548.0
2026-04-14 18:15:30.460871,846260,1609508024082358,5624052126,-1.145824,0.06832,0.052704,13.06375,-44.42375,12.97625,14.072001,13.624001,27.880001,inter_set_rest,4,7.0,39741.0,186984.0,101937.0,198110.0,109548.0
2026-04-14 18:15:30.477227,846261,1609508024097003,5624067016,-1.050176,0.02928,0.052704,20.93875,-45.605,15.5225,12.6,13.8,29.296001,inter_set_rest,4,7.0,39741.0,186984.0,101937.0,198110.0,109548.0
2026-04-14 18:15:30.483535,846262,1609508024106127,5624075747,-1.050176,0.02928,0.052704,29.225,-46.8825,17.99875,12.6,13.8,29.296001,inter_set_rest,4,7.0,39741.0,186984.0,101937.0,198110.0,109548.0
2026-04-14 18:15:30.493539,846263,1609508024115188,5624084456,-1.069696,0.035136,-0.033184,37.8175,-47.74875,20.37875,12.68,12.592001,28.336,inter_set_rest,4,7.0,39741.0,186984.0,101937.0,198110.0,109548.0
2026-04-14 18:15:30.520571,846274,1609508024129837,5624099443,-1.081408,0.076128,0.083936,45.38625,-47.7925,21.866251,11.352,11.984,29.400002,inter_set_rest,4,7.0,39182.0,187540.0,100922.0,198721.0,108423.0
2026-04-14 18:15:30.523530,846275,1609508024138837,5624108193,-1.081408,0.076128,0.083936,51.695,-46.865,23.345,11.352,11.984,29.400002,inter_set_rest,4,7.0,39182.0,187540.0,100922.0,198721.0,108423.0
2026-04-14 18:15:30.532276,846276,1609508024153367,5624123117,-1.097024,0.076128,-0.01952,55.53625,-46.1475,23.49375,10.984,11.272,29.696001,inter_set_rest,4,7.0,39182.0,187540.0,100922.0,198721.0,108423.0
2026-04-14 18:15:30.541849,846277,1609508024162397,5624131798,-1.097024,0.076128,-0.01952,57.05875,-45.745,23.9225,10.984,11.272,29.696001,inter_set_rest,4,7.0,39182.0,187540.0,100922.0,198721.0,108423.0
2026-04-14 18:15:30.555862,846278,1609508024176916,5624146708,-1.091168,0.070272,-0.050752,56.822502,-45.54375,25.52375,11.448001,9.896001,28.936,inter_set_rest,4,7.0,39182.0,187540.0,100922.0,198721.0,108423.0
2026-04-14 18:15:30.564620,846279,1609508024185849,5624155433,-1.091168,0.070272,-0.050752,57.81125,-44.87,27.48375,11.448001,9.896001,28.936,inter_set_rest,4,7.0,39182.0,187540.0,100922.0,198721.0,108423.0
2026-04-14 18:15:30.571833,846280,1609508024194862,5624164141,-1.126304,0.06832,-0.144448,59.80625,-43.21625,29.35625,10.192,9.240001,30.192001,inter_set_rest,4,7.0,39182.0,187540.0,100922.0,198721.0,108423.0
2026-04-14 18:15:30.588109,846281,1609508024209402,5624179044,-1.134112,0.111264,0.011712,62.83375,-39.69875,30.7475,10.192,7.192,29.176,inter_set_rest,4,7.0,39182.0,187540.0,100922.0,198721.0,108423.0
2026-04-14 18:15:30.624758,846292,1609508024218333,5624187984,-1.134112,0.111264,0.011712,65.5025,-34.58,31.01875,11.088,7.704001,29.176,inter_set_rest,4,7.0,39133.0,189355.0,100792.0,200506.0,108351.0
2026-04-14 18:15:30.627142,846293,1609508024232954,5624202903,-1.061888,0.06832,-0.003904,66.0625,-28.60375,30.555,10.408001,6.832,29.320002,inter_set_rest,4,7.0,39133.0,189355.0,100792.0,200506.0,108351.0
2026-04-14 18:15:30.631882,846294,1609508024242007,5624211624,-1.061888,0.06832,-0.003904,65.5725,-23.66875,30.7475,10.408001,6.832,29.320002,inter_set_rest,4,7.0,39133.0,189355.0,100792.0,200506.0,108351.0
2026-04-14 18:15:30.632266,846295,1609508024251027,5624220335,-1.040416,0.07808,0.062464,64.04125,-18.66375,31.92,10.240001,5.624,28.816002,inter_set_rest,4,7.0,39133.0,189355.0,100792.0,200506.0,108351.0
2026-04-14 18:15:30.671819,846296,1609508024265530,5624235366,-1.040416,0.07808,0.062464,61.04,-12.74,32.22625,10.240001,5.624,28.816002,inter_set_rest,4,7.0,39133.0,189355.0,100792.0,200506.0,108351.0
2026-04-14 18:15:30.704289,846297,1609508024274490,5624244064,-1.046272,0.064416,0.003904,57.12,-6.81625,31.885,10.400001,5.096,30.032001,inter_set_rest,4,7.0,39133.0,189355.0,100792.0,200506.0,108351.0
2026-04-14 18:15:30.706826,846298,1609508024289034,5624258930,-1.046272,0.064416,0.003904,52.5175,0.035,30.47625,10.400001,5.096,30.032001,inter_set_rest,4,7.0,39133.0,189355.0,100792.0,200506.0,108351.0
2026-04-14 18:15:30.709733,846299,1609508024298033,5624267656,-1.061888,0.121024,0.251808,45.66625,7.2275,27.95625,9.784,4.448,29.856,inter_set_rest,4,7.0,39133.0,189355.0,100792.0,200506.0,108351.0
2026-04-14 18:15:30.721894,846300,1609508024312497,5624282584,-1.089216,0.099552,0.064416,36.5575,12.6525,24.31625,10.256001,4.568,29.784002,inter_set_rest,4,7.0,39133.0,189355.0,100792.0,200506.0,108351.0
2026-04-14 18:15:30.749612,846311,1609508024321530,5624291312,-1.089216,0.099552,0.064416,25.5675,15.846251,20.6675,10.256001,4.568,29.784002,inter_set_rest,4,7.0,39391.0,189550.0,101149.0,200474.0,108840.0
2026-04-14 18:15:30.752116,846312,1609508024330533,5624300075,-1.018944,0.113216,0.363072,12.6,17.77125,17.64,10.960001,4.648,27.984001,inter_set_rest,4,7.0,39391.0,189550.0,101149.0,200474.0,108840.0
2026-04-14 18:15:30.754113,846313,1609508024345062,5624315005,-1.018944,0.113216,0.363072,-1.26875,18.7075,14.84,10.960001,4.648,27.984001,inter_set_rest,4,7.0,39391.0,189550.0,101149.0,200474.0,108840.0
2026-04-14 18:15:30.756798,846314,1609508024354088,5624323756,-1.05408,0.0488,0.177632,-14.00875,18.3925,13.3525,11.216001,4.768,29.576002,inter_set_rest,4,7.0,39391.0,189550.0,101149.0,200474.0,108840.0
2026-04-14 18:15:30.759315,846315,1609508024368762,5624338669,-1.05408,0.0488,0.177632,-23.45,16.0125,10.89375,11.216001,4.768,29.576002,inter_set_rest,4,7.0,39391.0,189550.0,101149.0,200474.0,108840.0
2026-04-14 18:15:30.762001,846316,1609508024377731,5624347418,-1.077504,0.062464,0.279136,-29.6275,11.3925,8.7675,11.240001,5.496,30.568,inter_set_rest,4,7.0,39391.0,189550.0,101149.0,200474.0,108840.0
2026-04-14 18:15:30.764356,846317,1609508024386680,5624356127,-1.077504,0.062464,0.279136,-38.22875,3.7275,4.50625,11.240001,5.496,30.568,inter_set_rest,4,7.0,39391.0,189550.0,101149.0,200474.0,108840.0
2026-04-14 18:15:30.780675,846318,1609508024401180,5624371029,-1.09312,0.02928,0.30256,-56.14875,-10.167501,-2.905,10.536,6.76,30.264002,inter_set_rest,4,7.0,39391.0,189550.0,101149.0,200474.0,108840.0
2026-04-14 18:15:30.789437,846319,1609508024410173,5624379803,-1.09312,0.02928,0.534848,-79.05625,-25.76,-9.7475,10.536,6.76,30.264002,inter_set_rest,4,7.0,39391.0,189550.0,101149.0,200474.0,108840.0
2026-04-14 18:15:30.831734,846330,1609508024424830,5624394857,-0.979904,-0.089792,0.534848,-97.65875,-38.815,-14.49875,11.416,7.704001,28.928001,inter_set_rest,4,7.0,38609.0,188566.0,99562.0,199849.0,107181.0
2026-04-14 18:15:30.832184,846331,1609508024433829,5624403685,-0.968192,-0.1952,0.480192,-104.29125,-45.24625,-19.97625,9.688001,8.936001,28.888,inter_set_rest,4,7.0,38609.0,188566.0,99562.0,199849.0,107181.0
2026-04-14 18:15:30.834219,846332,1609508024448562,5624418607,-0.968192,-0.1952,0.480192,-98.5075,-43.1725,-27.3875,9.688001,8.936001,28.888,inter_set_rest,4,7.0,38609.0,188566.0,99562.0,199849.0,107181.0
2026-04-14 18:15:30.840883,846333,1609508024457702,5624427289,-1.013088,-0.284992,0.300608,-78.82875,-35.245,-34.107502,10.144,9.752001,30.528002,inter_set_rest,4,7.0,38609.0,188566.0,99562.0,199849.0,107181.0
2026-04-14 18:15:30.844059,846334,1609508024466813,5624436146,-1.013088,-0.284992,0.300608,-46.515,-24.7975,-38.465,10.144,9.752001,30.528002,inter_set_rest,4,7.0,38609.0,188566.0,99562.0,199849.0,107181.0
2026-04-14 18:15:30.859315,846335,1609508024481294,5624451086,-1.059936,-0.2928,0.327936,-7.46375,-13.06375,-41.1425,10.656,9.288,28.592001,inter_set_rest,4,7.0,38609.0,188566.0,99562.0,199849.0,107181.0
2026-04-14 18:15:30.868087,846336,1609508024490200,5624459775,-1.059936,-0.2928,0.327936,34.055,-2.6425,-43.076252,10.656,9.288,28.592001,inter_set_rest,4,7.0,38609.0,188566.0,99562.0,199849.0,107181.0
2026-04-14 18:15:30.884389,846337,1609508024504840,5624474678,-1.1712,-0.191296,0.452864,73.00125,5.10125,-44.56375,9.936001,8.704,27.552002,inter_set_rest,4,7.0,38609.0,188566.0,99562.0,199849.0,107181.0
2026-04-14 18:15:30.893204,846338,1609508024513782,5624483386,-1.081408,-0.105408,0.581696,107.24875,10.255,-44.02125,9.936001,6.408001,27.872002,inter_set_rest,4,7.0,38609.0,188566.0,99562.0,199849.0,107181.0
2026-04-14 18:15:30.934494,846349,1609508024523078,5624492108,-1.081408,-0.105408,0.581696,133.9975,11.48875,-39.99625,9.936001,6.408001,27.872002,inter_set_rest,4,7.0,37588.0,188976.0,97741.0,200150.0,105109.0
2026-04-14 18:15:30.944479,846350,1609508024537705,5624507108,-1.097024,0.003904,0.36112,152.775,10.54375,-34.44,9.480001,4.696,29.04,inter_set_rest,4,7.0,37588.0,188976.0,97741.0,200150.0,105109.0
2026-04-14 18:15:30.946030,846351,1609508024546733,5624515815,-1.097024,0.003904,0.36112,164.19376,7.105,-29.715,9.480001,4.696,29.04,inter_set_rest,4,7.0,37588.0,188976.0,97741.0,200150.0,105109.0
2026-04-14 18:15:30.947172,846352,1609508024561293,5624530791,-1.069696,0.148352,0.281088,166.50375,0.91,-25.45375,9.528001,2.728,29.624,inter_set_rest,4,7.0,37588.0,188976.0,97741.0,200150.0,105109.0
2026-04-14 18:15:30.955272,846353,1609508024570217,5624539478,-1.069696,0.148352,0.281088,161.51625,-7.84875,-22.95125,9.528001,2.728,29.624,inter_set_rest,4,7.0,37588.0,188976.0,97741.0,200150.0,105109.0
2026-04-14 18:15:30.959329,846354,1609508024579303,5624548220,-1.016992,0.203008,0.230336,149.1525,-15.12,-20.90375,9.432,0.56,31.848001,inter_set_rest,4,7.0,37588.0,188976.0,97741.0,200150.0,105109.0
2026-04-14 18:15:30.971778,846355,1609508024593831,5624563162,-0.913536,0.218624,0.220576,132.79,-19.3725,-17.36,8.504001,-0.16,28.528002,inter_set_rest,4,7.0,37588.0,188976.0,97741.0,200150.0,105109.0
2026-04-14 18:15:30.982158,846356,1609508024602785,5624571878,-0.913536,0.218624,0.220576,110.53875,-21.84875,-14.8225,8.504001,-0.16,28.528002,inter_set_rest,4,7.0,37588.0,188976.0,97741.0,200150.0,105109.0
2026-04-14 18:15:30.995938,846357,1609508024617268,5624586755,-0.870592,0.220576,0.218624,90.4925,-24.19375,-14.56,9.088,-1.688,28.016,inter_set_rest,4,7.0,37588.0,188976.0,97741.0,200150.0,105109.0
2026-04-14 18:15:31.089776,846368,1609508024626431,5624595478,-0.870592,0.220576,0.218624,74.06875,-24.59625,-14.2275,9.088,-1.688,28.016,inter_set_rest,4,7.0,39821.0,190504.0,101612.0,200747.0,109560.0
2026-04-14 18:15:31.092225,846369,1609508024640941,5624610444,-0.847168,0.249856,0.261568,57.86375,-24.14125,-15.60125,9.120001,-2.016,28.000002,inter_set_rest,4,7.0,39821.0,190504.0,101612.0,200747.0,109560.0
2026-04-14 18:15:31.094372,846370,1609508024649849,5624619122,-0.847168,0.249856,0.261568,44.51125,-23.63375,-18.85625,9.120001,-2.016,28.000002,inter_set_rest,4,7.0,39821.0,190504.0,101612.0,200747.0,109560.0
2026-04-14 18:15:31.097298,846371,1609508024658763,5624627836,-0.854976,0.203008,0.0976,31.10625,-22.47,-22.26,8.440001,-2.28,28.584002,inter_set_rest,4,7.0,39821.0,190504.0,101612.0,200747.0,109560.0
2026-04-14 18:15:31.099787,846372,1609508024673236,5624642732,-0.933056,0.242048,0.179584,20.5975,-19.94125,-24.26375,8.480001,-1.928,29.976002,inter_set_rest,4,7.0,39821.0,190504.0,101612.0,200747.0,109560.0
2026-04-14 18:15:31.101857,846373,1609508024682162,5624651427,-0.933056,0.242048,0.179584,12.73125,-17.08,-26.32,8.480001,-1.928,29.976002,inter_set_rest,4,7.0,39821.0,190504.0,101612.0,200747.0,109560.0
2026-04-14 18:15:31.104384,846374,1609508024696590,5624666396,-0.860832,0.1464,0.210816,5.20625,-13.195,-29.51375,7.432,-1.752,29.152002,inter_set_rest,4,7.0,39821.0,190504.0,101612.0,200747.0,109560.0
2026-04-14 18:15:31.107266,846375,1609508024705526,5624675081,-0.860832,0.1464,0.210816,5.3025,-11.62875,-28.4025,7.432,-1.752,29.152002,inter_set_rest,4,7.0,39821.0,190504.0,101612.0,200747.0,109560.0
2026-04-14 18:15:31.109539,846376,1609508024720078,5624690104,-0.890112,0.154208,0.1952,6.29125,-7.49,-27.50125,7.472,-2.16,28.992,inter_set_rest,4,7.0,39821.0,190504.0,101612.0,200747.0,109560.0
2026-04-14 18:15:31.141576,846387,1609508024729142,5624698883,-0.890112,0.154208,0.1952,7.8925,-4.1825,-27.37875,7.472,-2.16,28.992,inter_set_rest,4,7.0,40391.0,190164.0,102666.0,200648.0,110867.0
2026-04-14 18:15:31.144598,846388,1609508024738113,5624707592,-0.935008,0.242048,0.206912,7.0175,-2.02125,-26.50375,7.608,-2.2,29.472002,inter_set_rest,4,7.0,40391.0,190164.0,102666.0,200648.0,110867.0
2026-04-14 18:15:31.146716,846389,1609508024752620,5624722504,-0.935008,0.1464,0.294752,-5.29375,1.54875,-28.81375,7.608,-2.2,29.472002,inter_set_rest,4,7.0,40391.0,190164.0,102666.0,200648.0,110867.0
2026-04-14 18:15:31.149614,846390,1609508024761618,5624731490,-0.952576,0.1464,0.294752,-12.0925,2.09125,-26.5125,7.824,-1.544,28.840002,inter_set_rest,4,7.0,40391.0,190164.0,102666.0,200648.0,110867.0
2026-04-14 18:15:31.155787,846391,1609508024776188,5624746467,-1.001376,0.173728,0.368928,-11.445,5.06625,-19.635,7.008,-1.384,30.160002,inter_set_rest,4,7.0,40391.0,190164.0,102666.0,200648.0,110867.0
2026-04-14 18:15:31.164650,846392,1609508024785326,5624755187,-1.001376,0.173728,0.368928,-6.965,11.042501,-17.395,7.008,-1.384,30.160002,inter_set_rest,4,7.0,40391.0,190164.0,102666.0,200648.0,110867.0
2026-04-14 18:15:31.174705,846393,1609508024794293,5624763866,-1.069696,0.193248,0.355264,-4.34,13.11625,-16.7475,7.64,-0.992,29.192001,inter_set_rest,4,7.0,40391.0,190164.0,102666.0,200648.0,110867.0
2026-04-14 18:15:31.187196,846394,1609508024808877,5624778808,-1.069696,0.193248,0.355264,-5.39875,13.53625,-14.2975,7.64,-0.992,29.192001,inter_set_rest,4,7.0,40391.0,190164.0,102666.0,200648.0,110867.0
2026-04-14 18:15:31.197241,846395,1609508024817954,5624787511,-1.118496,0.173728,0.251808,-9.91375,12.8625,-9.9225,9.232,-1.512,27.888,inter_set_rest,4,7.0,40391.0,190164.0,102666.0,200648.0,110867.0
2026-04-14 18:15:31.224628,846406,1609508024832591,5624802477,-1.118496,0.173728,0.251808,-15.07625,11.41,-5.775,9.232,-1.512,27.888,inter_set_rest,4,7.0,38272.0,185354.0,98892.0,195952.0,106521.0
2026-04-14 18:15:31.227112,846407,1609508024841619,5624811270,-1.1224,0.152256,0.284992,-18.55,9.93125,-2.5025,8.912001,-1.056,26.872002,inter_set_rest,4,7.0,38272.0,185354.0,98892.0,195952.0,106521.0
2026-04-14 18:15:31.234285,846408,1609508024856119,5624826257,-1.071648,0.119072,0.17568,-20.6325,8.7325,0.945,8.784,-0.784,28.904001,inter_set_rest,4,7.0,38272.0,185354.0,98892.0,195952.0,106521.0
2026-04-14 18:15:31.244694,846409,1609508024865151,5624834965,-1.071648,0.119072,0.17568,-22.225,6.9825,4.20875,8.784,-0.784,28.904001,inter_set_rest,4,7.0,38272.0,185354.0,98892.0,195952.0,106521.0
2026-04-14 18:15:31.253142,846410,1609508024874130,5624843695,-1.104832,0.142496,0.249856,-27.83375,3.2025,6.3525,8.792001,-0.176,29.696001,inter_set_rest,4,7.0,38272.0,185354.0,98892.0,195952.0,106521.0
2026-04-14 18:15:31.268558,846411,1609508024888649,5624858684,-1.104832,0.142496,0.249856,-39.025,-2.17,6.72875,8.792001,-0.176,29.696001,inter_set_rest,4,7.0,38272.0,185354.0,98892.0,195952.0,106521.0
2026-04-14 18:15:31.276020,846412,1609508024897646,5624867376,-0.991616,0.056608,0.407968,-52.57875,-6.93875,7.27125,8.544001,0.368,28.192001,inter_set_rest,4,7.0,38272.0,185354.0,98892.0,195952.0,106521.0
2026-04-14 18:15:31.318347,846413,1609508024912222,5624882271,-0.991616,0.056608,0.407968,-64.0325,-9.84375,8.33875,8.544001,0.368,28.192001,inter_set_rest,4,7.0,38272.0,185354.0,98892.0,195952.0,106521.0
2026-04-14 18:15:31.320415,846414,1609508024921147,5624890980,-1.026752,-0.064416,0.16592,-71.1725,-10.92875,8.3825,9.672001,1.016,28.016,inter_set_rest,4,7.0,38272.0,185354.0,98892.0,195952.0,106521.0
2026-04-14 18:15:31.353502,846425,1609508024930330,5624899714,-1.026752,-0.064416,0.16592,-70.77,-11.19125,9.6775,9.672001,1.016,28.016,inter_set_rest,4,7.0,38405.0,187201.0,99205.0,198166.0,106714.0
2026-04-14 18:15:31.356003,846426,1609508024944857,5624914647,-1.003328,-0.081984,0.38064,-65.555,-11.54125,10.8675,8.888001,1.968,29.248001,inter_set_rest,4,7.0,38405.0,187201.0,99205.0,198166.0,106714.0
2026-04-14 18:15:31.358509,846427,1609508024953869,5624923396,-1.003328,-0.081984,0.199104,-56.58625,-12.285,11.71625,8.888001,1.968,29.248001,inter_set_rest,4,7.0,38405.0,187201.0,99205.0,198166.0,106714.0
2026-04-14 18:15:31.360540,846428,1609508024968491,5624938335,-1.118496,-0.091744,0.199104,-45.9375,-13.440001,13.5625,8.360001,2.968,32.544003,inter_set_rest,4,7.0,38405.0,187201.0,99205.0,198166.0,106714.0
2026-04-14 18:15:31.363474,846429,1609508024977524,5624947098,-1.040416,-0.0976,0.357216,-33.60875,-14.63875,15.5225,7.328001,3.032,30.072,inter_set_rest,4,7.0,38405.0,187201.0,99205.0,198166.0,106714.0
2026-04-14 18:15:31.370546,846430,1609508024992082,5624962135,-1.040416,-0.0976,0.357216,-19.48625,-14.8225,17.99875,7.328001,3.032,30.072,inter_set_rest,4,7.0,38405.0,187201.0,99205.0,198166.0,106714.0
2026-04-14 18:15:31.400277,846431,1609508025001077,5624970827,-1.009184,-0.119072,0.339648,-5.32,-14.4375,19.99375,8.576,2.096,28.800001,inter_set_rest,4,7.0,38405.0,187201.0,99205.0,198166.0,106714.0
2026-04-14 18:15:31.423143,846432,1609508025010032,5624979571,-1.009184,-0.119072,0.339648,6.0725,-14.8575,19.46875,8.576,2.096,28.800001,inter_set_rest,4,7.0,38405.0,187201.0,99205.0,198166.0,106714.0
2026-04-14 18:15:31.456021,846443,1609508025024998,5624994643,-1.087264,-0.085888,0.308416,14.51625,-15.9775,18.305,7.944,2.08,29.248001,inter_set_rest,4,7.0,38188.0,188335.0,98820.0,199286.0,106211.0
2026-04-14 18:15:31.458532,846444,1609508025034114,5625003413,-1.087264,-0.085888,0.277184,20.9475,-17.50875,17.87625,7.944,2.08,29.248001,inter_set_rest,4,7.0,38188.0,188335.0,98820.0,199286.0,106211.0
2026-04-14 18:15:31.460586,846445,1609508025048602,5625018296,-0.999424,-0.089792,0.267424,26.73125,-18.445,17.70125,8.0,1.432,30.672,inter_set_rest,4,7.0,38188.0,188335.0,98820.0,199286.0,106211.0
2026-04-14 18:15:31.463532,846446,1609508025057663,5625026997,-1.048224,-0.054656,0.26352,29.39125,-19.215,17.22875,7.384,0.84,29.384,inter_set_rest,4,7.0,38188.0,188335.0,98820.0,199286.0,106211.0
2026-04-14 18:15:31.466010,846447,1609508025066635,5625035733,-1.048224,-0.054656,0.26352,28.69125,-19.075,15.56625,7.384,0.84,29.384,inter_set_rest,4,7.0,38188.0,188335.0,98820.0,199286.0,106211.0
2026-04-14 18:15:31.468540,846448,1609508025081315,5625050694,-1.05408,-0.091744,0.162016,25.87375,-19.5125,12.80125,7.2,0.584,29.584002,inter_set_rest,4,7.0,38188.0,188335.0,98820.0,199286.0,106211.0
2026-04-14 18:15:31.470441,846449,1609508025090254,5625059400,-1.05408,-0.091744,0.162016,24.17625,-19.94125,10.64,7.2,0.584,29.584002,inter_set_rest,4,7.0,38188.0,188335.0,98820.0,199286.0,106211.0
2026-04-14 18:15:31.483540,846450,1609508025104770,5625074312,-1.0248,-0.11712,0.130784,24.5875,-19.0925,9.6075,7.32,0.16,28.392002,inter_set_rest,4,7.0,38188.0,188335.0,98820.0,199286.0,106211.0
2026-04-14 18:15:31.495623,846451,1609508025113726,5625082993,-1.0248,-0.11712,0.130784,29.05,-17.272501,8.47875,7.32,0.16,28.392002,inter_set_rest,4,7.0,38188.0,188335.0,98820.0,199286.0,106211.0
2026-04-14 18:15:31.511955,846452,1609508025122659,5625091722,-1.007232,-0.11712,0.12688,37.415,-14.3325,7.83125,7.552001,-0.656,27.968,inter_set_rest,4,7.0,38188.0,188335.0,98820.0,199286.0,106211.0
2026-04-14 18:15:31.528144,846463,1609508025137263,5625106667,-1.030656,-0.056608,0.181536,48.48375,-11.095,7.105,7.472,-1.576,28.024002,inter_set_rest,4,7.0,38724.0,187592.0,99749.0,198479.0,107388.0
2026-04-14 18:15:31.530717,846464,1609508025146185,5625115401,-1.030656,-0.056608,0.181536,59.29,-8.1375,6.76375,7.472,-1.576,28.024002,inter_set_rest,4,7.0,38724.0,187592.0,99749.0,198479.0,107388.0
2026-04-14 18:15:31.538237,846465,1609508025160848,5625130408,-0.942816,0.0,0.36112,68.6,-4.9875,6.0025,7.024,-2.968,28.616001,inter_set_rest,4,7.0,38724.0,187592.0,99749.0,198479.0,107388.0
2026-04-14 18:15:31.549455,846466,1609508025169921,5625139140,-0.942816,0.0,0.36112,75.03125,-1.7325,5.17125,7.024,-2.968,28.616001,inter_set_rest,4,7.0,38724.0,187592.0,99749.0,198479.0,107388.0
2026-04-14 18:15:31.563209,846467,1609508025184388,5625154018,-0.938912,0.044896,0.374784,78.277504,1.65375,3.71,6.248,-3.912,28.216002,inter_set_rest,4,7.0,38724.0,187592.0,99749.0,198479.0,107388.0
2026-04-14 18:15:31.571780,846468,1609508025193305,5625162907,-0.938912,0.044896,0.374784,78.645,4.725,2.3625,6.248,-3.912,28.216002,inter_set_rest,4,7.0,38724.0,187592.0,99749.0,198479.0,107388.0
2026-04-14 18:15:31.581853,846469,1609508025202345,5625171601,-0.974048,0.089792,0.353312,76.7375,7.2275,0.77875,7.504,-4.944,28.064001,inter_set_rest,4,7.0,38724.0,187592.0,99749.0,198479.0,107388.0
2026-04-14 18:15:31.594317,846470,1609508025216887,5625186529,-0.921344,0.054656,0.329888,71.47,9.1,-1.00625,7.368001,-5.376,28.04,inter_set_rest,4,7.0,38724.0,187592.0,99749.0,198479.0,107388.0
2026-04-14 18:15:31.626884,846481,1609508025226429,5625195793,-0.921344,0.054656,0.329888,64.4175,9.89625,-3.50875,7.368001,-5.376,28.04,inter_set_rest,4,7.0,38926.0,185825.0,100111.0,196652.0,107859.0
2026-04-14 18:15:31.629387,846482,1609508025241129,5625210938,-0.901824,0.02928,0.316224,57.18125,10.45625,-5.85375,6.776001,-5.784,28.712002,inter_set_rest,4,7.0,38926.0,185825.0,100111.0,196652.0,107859.0
2026-04-14 18:15:31.631943,846483,1609508025250291,5625219699,-0.901824,0.02928,0.316224,53.12125,12.005,-7.56875,6.776001,-5.784,28.712002,inter_set_rest,4,7.0,38926.0,185825.0,100111.0,196652.0,107859.0
2026-04-14 18:15:31.636961,846484,1609508025259364,5625228434,-0.950624,0.066368,0.353312,50.58375,14.5775,-8.42625,7.128,-6.584,28.504002,inter_set_rest,4,7.0,38926.0,185825.0,100111.0,196652.0,107859.0
2026-04-14 18:15:31.651933,846485,1609508025273931,5625243353,-0.950624,0.066368,0.353312,49.595,16.35375,-9.44125,7.128,-6.584,28.504002,inter_set_rest,4,7.0,38926.0,185825.0,100111.0,196652.0,107859.0
2026-04-14 18:15:31.663179,846486,1609508025282854,5625252045,-0.950624,0.05856,0.353312,48.72,17.3075,-9.835,7.448,-7.168,27.536001,inter_set_rest,4,7.0,38926.0,185825.0,100111.0,196652.0,107859.0
2026-04-14 18:15:31.675500,846487,1609508025297425,5625266989,-1.0248,0.0488,0.160064,49.105,18.10375,-10.3075,8.624001,-7.744,25.672,inter_set_rest,4,7.0,38926.0,185825.0,100111.0,196652.0,107859.0
2026-04-14 18:15:31.685556,846488,1609508025306366,5625275670,-1.0248,0.0488,0.160064,49.91875,18.9875,-10.71875,8.624001,-7.744,25.672,inter_set_rest,4,7.0,38926.0,185825.0,100111.0,196652.0,107859.0
2026-04-14 18:15:31.693251,846489,1609508025315370,5625284416,-1.0248,0.0488,0.160064,51.415,20.1775,-10.99875,8.624001,-7.744,25.672,inter_set_rest,4,7.0,38926.0,185825.0,100111.0,196652.0,107859.0
2026-04-14 18:15:31.729456,846500,1609508025330131,5625299470,-0.997472,0.081984,0.3904,53.24375,20.3525,-10.85,8.832001,-8.432,25.944002,inter_set_rest,4,7.0,38432.0,186229.0,99209.0,196895.0,106859.0
2026-04-14 18:15:31.732145,846501,1609508025339140,5625308249,-1.04432,0.07808,0.189344,55.83375,20.30875,-10.28125,8.784,-9.200001,26.392002,inter_set_rest,4,7.0,38432.0,186229.0,99209.0,196895.0,106859.0
2026-04-14 18:15:31.735144,846502,1609508025353693,5625323153,-1.04432,0.07808,0.189344,58.205,19.897501,-9.24875,8.784,-9.200001,26.392002,inter_set_rest,4,7.0,38432.0,186229.0,99209.0,196895.0,106859.0
2026-04-14 18:15:31.742301,846503,1609508025362622,5625331829,-0.997472,0.085888,0.187392,60.725,17.85875,-8.23375,9.016001,-9.96,26.240002,inter_set_rest,4,7.0,38432.0,186229.0,99209.0,196895.0,106859.0
2026-04-14 18:15:31.768384,846504,1609508025371651,5625340585,-0.997472,0.085888,0.187392,62.46625,16.38,-6.41375,9.016001,-9.96,26.240002,inter_set_rest,4,7.0,38432.0,186229.0,99209.0,196895.0,106859.0
2026-04-14 18:15:31.772914,846505,1609508025386134,5625355577,-1.057984,0.11712,0.115168,63.49,15.91625,-5.67875,7.832,-10.472,26.792002,inter_set_rest,4,7.0,38432.0,186229.0,99209.0,196895.0,106859.0
2026-04-14 18:15:31.798502,846506,1609508025395105,5625364287,-1.057984,0.11712,0.115168,64.54875,16.23125,-5.4425,7.832,-10.472,26.792002,inter_set_rest,4,7.0,38432.0,186229.0,99209.0,196895.0,106859.0
2026-04-14 18:15:31.803577,846507,1609508025409587,5625379159,-1.013088,0.130784,0.324032,64.75,16.625,-5.41625,8.928,-11.144,24.384,inter_set_rest,4,7.0,38432.0,186229.0,99209.0,196895.0,106859.0
2026-04-14 18:15:31.805664,846508,1609508025418521,5625387832,-1.04432,0.122976,0.201056,64.96,15.435,-5.59125,8.904,-12.096001,25.560001,inter_set_rest,4,7.0,38432.0,186229.0,99209.0,196895.0,106859.0
2026-04-14 18:15:31.833206,846519,1609508025433199,5625403136,-1.04432,0.122976,0.201056,65.555,13.02875,-6.53625,8.904,-12.096001,25.560001,inter_set_rest,4,7.0,38111.0,185943.0,98566.0,196426.0,106169.0
2026-04-14 18:15:31.836028,846520,1609508025442167,5625411882,-1.056032,0.138592,0.130784,66.325,10.43875,-7.63,9.184,-12.608001,25.656002,inter_set_rest,4,7.0,38111.0,185943.0,98566.0,196426.0,106169.0
2026-04-14 18:15:31.838517,846521,1609508025451182,5625420586,-1.056032,0.138592,0.130784,66.73625,7.7525,-8.93375,9.184,-12.608001,25.656002,inter_set_rest,4,7.0,38111.0,185943.0,98566.0,196426.0,106169.0
2026-04-14 18:15:31.845549,846522,1609508025465686,5625435491,-1.016992,0.150304,0.199104,66.43,5.87125,-10.6575,8.984,-13.544001,25.472002,inter_set_rest,4,7.0,38111.0,185943.0,98566.0,196426.0,106169.0
2026-04-14 18:15:31.851832,846523,1609508025474661,5625444218,-1.016992,0.150304,0.199104,66.29,3.8325,-11.725,8.984,-13.544001,25.472002,inter_set_rest,4,7.0,38111.0,185943.0,98566.0,196426.0,106169.0
2026-04-14 18:15:31.868381,846524,1609508025489174,5625459109,-1.10288,0.179584,0.0488,67.165,2.1525,-12.1975,9.84,-14.728001,24.144001,inter_set_rest,4,7.0,38111.0,185943.0,98566.0,196426.0,106169.0
2026-04-14 18:15:31.877104,846525,1609508025498138,5625467825,-1.089216,0.210816,0.154208,68.10125,0.63875,-13.1425,10.152,-15.344001,24.904001,inter_set_rest,4,7.0,38111.0,185943.0,98566.0,196426.0,106169.0
2026-04-14 18:15:31.893457,846526,1609508025512895,5625482707,-1.089216,0.210816,0.154208,68.53,0.34125,-14.2975,10.152,-15.344001,24.904001,inter_set_rest,4,7.0,38111.0,185943.0,98566.0,196426.0,106169.0
2026-04-14 18:15:31.899778,846527,1609508025521925,5625491453,-1.085312,0.210816,0.173728,67.57625,0.81375,-16.1,9.92,-16.240002,23.800001,inter_set_rest,4,7.0,38111.0,185943.0,98566.0,196426.0,106169.0
2026-04-14 18:15:31.960857,846538,1609508025531127,5625500204,-1.085312,0.210816,0.173728,66.61375,1.1725,-17.928751,9.92,-16.240002,23.800001,inter_set_rest,4,7.0,38354.0,186498.0,98946.0,196890.0,106691.0
2026-04-14 18:15:31.963391,846539,1609508025545693,5625515122,-1.026752,0.17568,0.072224,65.975,1.61875,-19.64375,10.096001,-16.776001,22.736002,inter_set_rest,4,7.0,38354.0,186498.0,98946.0,196890.0,106691.0
2026-04-14 18:15:31.965416,846540,1609508025554743,5625523904,-1.026752,0.17568,0.072224,65.33625,1.505,-21.3325,10.096001,-16.776001,22.736002,inter_set_rest,4,7.0,38354.0,186498.0,98946.0,196890.0,106691.0
2026-04-14 18:15:31.968341,846541,1609508025569260,5625538810,-1.126304,0.228384,0.031232,64.47875,0.91,-23.03875,10.024,-17.2,22.584002,inter_set_rest,4,7.0,38354.0,186498.0,98946.0,196890.0,106691.0
2026-04-14 18:15:31.970438,846542,1609508025578349,5625547516,-1.077504,0.193248,-0.001952,62.982502,0.53375,-24.815,10.024,-18.144001,21.752,inter_set_rest,4,7.0,38354.0,186498.0,98946.0,196890.0,106691.0
2026-04-14 18:15:31.975562,846543,1609508025587283,5625556203,-1.077504,0.193248,-0.001952,61.31125,1.05,-26.46875,10.200001,-18.144001,21.752,inter_set_rest,4,7.0,38354.0,186498.0,98946.0,196890.0,106691.0
2026-04-14 18:15:31.979470,846544,1609508025601795,5625571177,-1.184864,0.23424,0.064416,60.34875,2.4325,-28.0875,10.744,-18.248001,21.432001,inter_set_rest,4,7.0,38354.0,186498.0,98946.0,196890.0,106691.0
2026-04-14 18:15:31.989312,846545,1609508025610818,5625579871,-1.184864,0.23424,0.064416,60.06,3.98125,-30.49375,10.744,-18.248001,21.432001,inter_set_rest,4,7.0,38354.0,186498.0,98946.0,196890.0,106691.0
2026-04-14 18:15:32.003829,846546,1609508025625322,5625594816,-1.188768,0.244,0.208864,59.64875,4.795,-32.78625,9.728001,-18.424002,22.112001,inter_set_rest,4,7.0,38354.0,186498.0,98946.0,196890.0,106691.0
2026-04-14 18:15:32.031875,846557,1609508025634270,5625603561,-1.188768,0.244,0.208864,59.0625,4.69,-35.7,9.728001,-18.424002,22.112001,inter_set_rest,4,7.0,37363.0,185809.0,97077.0,196271.0,104558.0
2026-04-14 18:15:32.034442,846558,1609508025643345,5625612608,-1.206336,0.251808,0.201056,57.478752,4.165,-37.1525,9.864,-19.408,21.504002,inter_set_rest,4,7.0,37363.0,185809.0,97077.0,196271.0,104558.0
2026-04-14 18:15:32.036945,846559,1609508025657902,5625627563,-1.206336,0.251808,0.201056,56.0,3.01875,-38.36875,9.864,-19.408,21.504002,inter_set_rest,4,7.0,37363.0,185809.0,97077.0,196271.0,104558.0
2026-04-14 18:15:32.045710,846560,1609508025666875,5625636253,-1.15168,0.236192,0.171776,55.30875,2.12625,-38.96375,10.216001,-19.480001,17.768002,inter_set_rest,4,7.0,37363.0,185809.0,97077.0,196271.0,104558.0
2026-04-14 18:15:32.060779,846561,1609508025681416,5625651190,-1.179008,0.259616,0.076128,55.3875,0.74375,-38.605,10.72,-20.256,19.320002,inter_set_rest,4,7.0,37363.0,185809.0,97077.0,196271.0,104558.0
2026-04-14 18:15:32.068050,846562,1609508025690404,5625659880,-1.179008,0.259616,0.076128,54.97625,0.4025,-36.77625,10.72,-20.256,19.320002,inter_set_rest,4,7.0,37363.0,185809.0,97077.0,196271.0,104558.0
2026-04-14 18:15:32.083171,846563,1609508025704927,5625674916,-1.089216,0.251808,0.169824,53.73375,0.3325,-34.23,11.608001,-20.552,19.320002,inter_set_rest,4,7.0,37363.0,185809.0,97077.0,196271.0,104558.0
2026-04-14 18:15:32.093205,846564,1609508025714054,5625683608,-1.089216,0.251808,0.169824,51.9575,-0.63,-31.36,11.608001,-20.552,19.320002,inter_set_rest,4,7.0,37363.0,185809.0,97077.0,196271.0,104558.0
2026-04-14 18:15:32.100753,846565,1609508025723163,5625692403,-1.153632,0.290848,0.076128,50.04125,-1.86375,-27.41375,11.888001,-20.992,18.776001,inter_set_rest,4,7.0,37363.0,185809.0,97077.0,196271.0,104558.0
2026-04-14 18:15:32.173037,846576,1609508025737853,5625707422,-1.153632,0.290848,0.076128,46.45375,-3.42125,-23.89625,11.888001,-20.992,18.776001,inter_set_rest,4,7.0,37506.0,185598.0,97302.0,195939.0,104849.0
2026-04-14 18:15:32.175621,846577,1609508025746853,5625716104,-1.075552,0.271328,0.07808,42.00875,-4.8825,-20.58875,10.864,-20.376001,20.320002,inter_set_rest,4,7.0,37506.0,185598.0,97302.0,195939.0,104849.0
2026-04-14 18:15:32.178213,846578,1609508025761386,5625731121,-1.059936,0.247904,0.005856,36.46125,-5.88,-18.095,10.352,-20.84,20.152,inter_set_rest,4,7.0,37506.0,185598.0,97302.0,195939.0,104849.0
2026-04-14 18:15:32.180704,846579,1609508025770446,5625739827,-1.059936,0.247904,0.005856,30.8,-6.27375,-16.52875,10.352,-20.84,20.152,inter_set_rest,4,7.0,37506.0,185598.0,97302.0,195939.0,104849.0
2026-04-14 18:15:32.188271,846580,1609508025779384,5625748510,-1.147776,0.267424,-0.074176,26.32875,-7.44625,-15.89875,10.352,-20.84,19.12,inter_set_rest,4,7.0,37506.0,185598.0,97302.0,195939.0,104849.0
2026-04-14 18:15:32.190494,846581,1609508025793922,5625763423,-1.147776,0.267424,-0.074176,23.12625,-9.7475,-15.9075,10.144,-21.096,19.12,inter_set_rest,4,7.0,37506.0,185598.0,97302.0,195939.0,104849.0
2026-04-14 18:15:32.193173,846582,1609508025802999,5625772086,-1.00528,0.242048,0.111264,20.545,-12.59125,-15.3125,10.824,-21.76,19.160002,inter_set_rest,4,7.0,37506.0,185598.0,97302.0,195939.0,104849.0
2026-04-14 18:15:32.195694,846583,1609508025817478,5625786981,-1.00528,0.242048,0.111264,19.32,-15.68,-15.3475,10.824,-21.76,19.160002,inter_set_rest,4,7.0,37506.0,185598.0,97302.0,195939.0,104849.0
2026-04-14 18:15:32.204391,846584,1609508025826505,5625795692,-0.981856,0.218624,0.007808,18.7075,-17.29,-15.74125,11.080001,-21.640001,18.512001,inter_set_rest,4,7.0,37506.0,185598.0,97302.0,195939.0,104849.0
2026-04-14 18:15:32.231964,846595,1609508025841092,5625810701,-1.057984,0.255712,-0.021472,19.38125,-18.235,-16.31875,11.528001,-21.848001,18.352001,inter_set_rest,4,7.0,37924.0,186507.0,97979.0,196726.0,105708.0
2026-04-14 18:15:32.234499,846596,1609508025850078,5625819470,-1.057984,0.255712,-0.021472,21.8225,-18.2,-16.7475,11.528001,-21.848001,18.352001,inter_set_rest,4,7.0,37924.0,186507.0,97979.0,196726.0,105708.0
2026-04-14 18:15:32.238776,846597,1609508025859154,5625828165,-1.057984,0.255712,-0.021472,25.48,-17.50875,-17.40375,11.528001,-21.848001,18.352001,inter_set_rest,4,7.0,37924.0,186507.0,97979.0,196726.0,105708.0
2026-04-14 18:15:32.253464,846598,1609508025873653,5625843205,-0.983808,0.22448,-0.081984,28.04375,-16.31,-17.85875,10.688001,-22.016,18.768002,inter_set_rest,4,7.0,37924.0,186507.0,97979.0,196726.0,105708.0
2026-04-14 18:15:32.262144,846599,1609508025882871,5625851907,-0.948672,0.232288,0.005856,30.695,-14.77875,-18.55,12.104001,-22.488,16.536001,inter_set_rest,4,7.0,37924.0,186507.0,97979.0,196726.0,105708.0
2026-04-14 18:15:32.274782,846600,1609508025897391,5625866842,-0.948672,0.232288,0.005856,33.31125,-12.9675,-18.96125,12.104001,-22.488,16.536001,inter_set_rest,4,7.0,37924.0,186507.0,97979.0,196726.0,105708.0
2026-04-14 18:15:32.284760,846601,1609508025906320,5625875609,-1.016992,0.275232,0.0488,35.76125,-11.12125,-19.81875,12.104001,-22.488,16.752,inter_set_rest,4,7.0,37924.0,186507.0,97979.0,196726.0,105708.0
2026-04-14 18:15:32.293185,846602,1609508025915256,5625884350,-1.016992,0.275232,0.0488,38.49125,-9.70375,-20.39625,12.104001,-22.488,16.752,inter_set_rest,4,7.0,37924.0,186507.0,97979.0,196726.0,105708.0
2026-04-14 18:15:32.333005,846613,1609508025930069,5625899434,-1.038464,0.267424,-0.10736,40.10125,-8.7675,-19.87125,11.968,-22.952002,16.664001,inter_set_rest,4,7.0,37963.0,186868.0,97978.0,196960.0,105784.0
2026-04-14 18:15:32.335516,846614,1609508025939086,5625908180,-1.038464,0.267424,-0.10736,41.86875,-7.4725,-18.97875,11.968,-22.952002,16.664001,inter_set_rest,4,7.0,37963.0,186868.0,97978.0,196960.0,105784.0
2026-04-14 18:15:32.342762,846615,1609508025953672,5625923160,-1.032608,0.298656,0.03904,44.2925,-5.04,-18.147501,11.952001,-23.176,15.336,inter_set_rest,4,7.0,37963.0,186868.0,97978.0,196960.0,105784.0
2026-04-14 18:15:32.344455,846616,1609508025962798,5625931866,-1.05408,0.275232,-0.13664,46.1825,-1.9775,-17.0625,12.328001,-23.504002,15.184001,inter_set_rest,4,7.0,37963.0,186868.0,97978.0,196960.0,105784.0
2026-04-14 18:15:32.352109,846617,1609508025971859,5625940567,-1.05408,0.275232,-0.13664,46.9525,0.21875,-16.38,12.328001,-23.504002,15.184001,inter_set_rest,4,7.0,37963.0,186868.0,97978.0,196960.0,105784.0
2026-04-14 18:15:32.364639,846618,1609508025986680,5625955530,-0.981856,0.271328,-0.00976,46.61125,1.44375,-14.7875,11.496,-23.528002,15.856001,inter_set_rest,4,7.0,37963.0,186868.0,97978.0,196960.0,105784.0
2026-04-14 18:15:32.374782,846619,1609508025995610,5625964270,-0.981856,0.271328,-0.00976,44.94,2.205,-12.74875,11.496,-23.528002,15.856001,inter_set_rest,4,7.0,37963.0,186868.0,97978.0,196960.0,105784.0
2026-04-14 18:15:32.391069,846620,1609508026010395,5625979160,-1.01504,0.32208,0.113216,42.7875,3.80625,-11.4625,12.448001,-24.400002,13.984,inter_set_rest,4,7.0,37963.0,186868.0,97978.0,196960.0,105784.0
2026-04-14 18:15:32.401018,846621,1609508026019718,5625989912,-1.01504,0.32208,0.113216,39.69875,5.4775,-10.325,12.448001,-24.400002,13.984,inter_set_rest,4,7.0,37963.0,186868.0,97978.0,196960.0,105784.0
2026-04-14 18:15:32.436203,846632,1609508026028643,5625998683,-0.993568,0.294752,0.070272,36.23375,7.42875,-8.47,12.592001,-24.448002,13.6,inter_set_rest,4,7.0,37540.0,186201.0,97235.0,196251.0,104941.0
2026-04-14 18:15:32.450813,846633,1609508026043856,5626013655,-1.026752,0.296704,0.085888,32.61125,8.75875,-7.06125,11.704,-24.656002,14.872001,inter_set_rest,4,7.0,37540.0,186201.0,97235.0,196251.0,104941.0
2026-04-14 18:15:32.452137,846634,1609508026052827,5626022420,-1.026752,0.296704,0.085888,27.95625,10.08,-5.04,11.704,-24.656002,14.872001,inter_set_rest,4,7.0,37540.0,186201.0,97235.0,196251.0,104941.0
2026-04-14 18:15:32.452252,846635,1609508026067406,5626037338,-1.079456,0.304512,0.085888,23.3625,11.025,-2.31,11.976001,-24.920002,13.528001,inter_set_rest,4,7.0,37540.0,186201.0,97235.0,196251.0,104941.0
2026-04-14 18:15:32.454117,846636,1609508026076420,5626046115,-1.079456,0.304512,0.085888,18.94375,11.45375,-0.1225,11.976001,-24.920002,13.528001,inter_set_rest,4,7.0,37540.0,186201.0,97235.0,196251.0,104941.0
2026-04-14 18:15:32.464866,846637,1609508026085360,5626054807,-1.1712,0.316224,-0.037088,15.95125,11.7775,1.715,12.808001,-25.024002,13.328001,inter_set_rest,4,7.0,37540.0,186201.0,97235.0,196251.0,104941.0
2026-04-14 18:15:32.502286,846638,1609508026100004,5626069721,-1.1712,0.316224,-0.037088,12.25,11.19125,3.52625,12.808001,-25.024002,13.328001,inter_set_rest,4,7.0,37540.0,186201.0,97235.0,196251.0,104941.0
2026-04-14 18:15:32.526705,846639,1609508026108915,5626078483,-1.136064,0.277184,-0.13664,9.292501,10.9025,5.78375,12.912001,-25.36,14.648001,inter_set_rest,4,7.0,37540.0,186201.0,97235.0,196251.0,104941.0
2026-04-14 18:15:32.532011,846640,1609508026123597,5626093428,-1.05408,0.279136,0.121024,7.30625,11.75125,7.42,12.824,-25.160002,12.536,inter_set_rest,4,7.0,37540.0,186201.0,97235.0,196251.0,104941.0
2026-04-14 18:15:32.559772,846651,1609508026132907,5626102607,-1.05408,0.279136,0.121024,5.92375,13.9825,8.96875,12.824,-25.160002,12.536,inter_set_rest,4,7.0,37310.0,186223.0,96734.0,196287.0,104434.0
2026-04-14 18:15:32.562288,846652,1609508026142389,5626111733,-1.126304,0.2928,0.060512,4.795,16.45875,10.54375,12.968,-25.312,12.408001,inter_set_rest,4,7.0,37310.0,186223.0,96734.0,196287.0,104434.0
2026-04-14 18:15:32.564326,846653,1609508026157483,5626126964,-1.126304,0.2928,0.060512,3.885,19.022501,11.9,12.968,-25.312,12.408001,inter_set_rest,4,7.0,37310.0,186223.0,96734.0,196287.0,104434.0
2026-04-14 18:15:32.592290,846654,1609508026166626,5626135870,-1.10288,0.244,-0.105408,3.22,21.13125,13.0375,12.768001,-25.176,12.592001,inter_set_rest,4,7.0,37310.0,186223.0,96734.0,196287.0,104434.0
2026-04-14 18:15:32.599800,846655,1609508026175541,5626144570,-1.10288,0.244,-0.105408,2.02125,22.68,13.48375,12.768001,-25.176,12.592001,inter_set_rest,4,7.0,37310.0,186223.0,96734.0,196287.0,104434.0
2026-04-14 18:15:32.602309,846656,1609508026190083,5626159492,-1.153632,0.284992,-0.035136,0.0525,24.6225,13.62375,13.120001,-25.240002,12.68,inter_set_rest,4,7.0,37310.0,186223.0,96734.0,196287.0,104434.0
2026-04-14 18:15:32.604469,846657,1609508026199051,5626168180,-1.153632,0.284992,-0.035136,-2.4325,25.655,13.53625,13.120001,-25.240002,12.68,inter_set_rest,4,7.0,37310.0,186223.0,96734.0,196287.0,104434.0
2026-04-14 18:15:32.607280,846658,1609508026213647,5626183084,-1.14192,0.267424,-0.07808,-5.45125,27.265,14.2275,13.256001,-25.400002,12.768001,inter_set_rest,4,7.0,37310.0,186223.0,96734.0,196287.0,104434.0
2026-04-14 18:15:32.609848,846659,1609508026222592,5626191789,-1.124352,0.247904,-0.093696,-8.785,28.48125,15.3125,13.184001,-25.088001,14.648001,inter_set_rest,4,7.0,37310.0,186223.0,96734.0,196287.0,104434.0
2026-04-14 18:15:32.636589,846670,1609508026237183,5626206702,-1.124352,0.247904,-0.093696,-12.845,28.7875,15.715,13.184001,-25.088001,14.648001,inter_set_rest,4,7.0,37123.0,185725.0,96388.0,195784.0,104046.0
2026-04-14 18:15:32.639170,846671,1609508026246177,5626215437,-1.124352,0.257664,0.02928,-17.87625,29.11125,16.1175,12.616,-24.864,13.976001,inter_set_rest,4,7.0,37123.0,185725.0,96388.0,195784.0,104046.0
2026-04-14 18:15:32.641630,846672,1609508026255138,5626224129,-1.124352,0.257664,0.02928,-23.1,28.848751,16.80875,12.616,-24.864,13.976001,inter_set_rest,4,7.0,37123.0,185725.0,96388.0,195784.0,104046.0
2026-04-14 18:15:32.647953,846673,1609508026269662,5626239129,-1.175104,0.277184,0.1464,-30.59,27.475,16.5375,12.808001,-24.344002,16.128,inter_set_rest,4,7.0,37123.0,185725.0,96388.0,195784.0,104046.0
2026-04-14 18:15:32.656701,846674,1609508026278575,5626247831,-1.175104,0.277184,0.1464,-39.865,25.13875,15.6625,12.808001,-24.344002,16.128,inter_set_rest,4,7.0,37123.0,185725.0,96388.0,195784.0,104046.0
2026-04-14 18:15:32.672139,846675,1609508026293041,5626262777,-1.104832,0.222528,0.193248,-49.98,21.7875,15.04125,13.56,-24.616001,13.960001,inter_set_rest,4,7.0,37123.0,185725.0,96388.0,195784.0,104046.0
2026-04-14 18:15:32.679365,846676,1609508026302002,5626271495,-1.104832,0.222528,0.193248,-58.17875,19.43375,15.636251,13.56,-24.616001,13.960001,inter_set_rest,4,7.0,37123.0,185725.0,96388.0,195784.0,104046.0
2026-04-14 18:15:32.694232,846677,1609508026316563,5626286384,-1.182912,0.208864,0.060512,-62.85125,18.31375,16.09125,13.632001,-23.976002,15.096001,inter_set_rest,4,7.0,37123.0,185725.0,96388.0,195784.0,104046.0
2026-04-14 18:15:32.708483,846678,1609508026325600,5626295087,-1.116544,0.132736,0.091744,-69.6325,16.02125,15.58375,12.232,-22.896002,16.856,inter_set_rest,4,7.0,37123.0,185725.0,96388.0,195784.0,104046.0
2026-04-14 18:15:32.735521,846689,1609508026334774,5626303787,-1.116544,0.132736,0.091744,-76.8425,11.78625,13.32625,12.232,-22.896002,16.856,inter_set_rest,4,7.0,37107.0,186105.0,96324.0,196405.0,103966.0
2026-04-14 18:15:32.738107,846690,1609508026349287,5626318724,-1.120448,0.103456,0.085888,-81.19125,10.05375,14.14,13.928,-22.784,15.936001,inter_set_rest,4,7.0,37107.0,186105.0,96324.0,196405.0,103966.0
2026-04-14 18:15:32.741026,846691,1609508026358290,5626327476,-1.120448,0.103456,0.085888,-84.28,7.7175,16.07375,13.928,-22.784,15.936001,inter_set_rest,4,7.0,37107.0,186105.0,96324.0,196405.0,103966.0
2026-04-14 18:15:32.751025,846692,1609508026372817,5626342461,-1.071648,0.02928,0.486048,-84.77875,1.505,14.27125,13.6,-22.84,16.28,inter_set_rest,4,7.0,37107.0,186105.0,96324.0,196405.0,103966.0
2026-04-14 18:15:32.761019,846693,1609508026381756,5626351171,-1.071648,0.02928,0.486048,-74.725,-2.66875,7.3325,13.6,-22.84,16.28,inter_set_rest,4,7.0,37107.0,186105.0,96324.0,196405.0,103966.0
2026-04-14 18:15:32.769825,846694,1609508026390683,5626359842,-1.126304,-0.15616,0.38064,-61.853752,-1.28625,-1.435,13.928,-21.776001,17.424002,inter_set_rest,4,7.0,37107.0,186105.0,96324.0,196405.0,103966.0
2026-04-14 18:15:32.786620,846695,1609508026405301,5626374862,-1.11264,-0.160064,0.138592,-45.71,-3.61375,-8.2075,13.872001,-21.456001,16.952002,inter_set_rest,4,7.0,37107.0,186105.0,96324.0,196405.0,103966.0
2026-04-14 18:15:32.798996,846696,1609508026414400,5626383600,-1.11264,-0.160064,0.138592,-25.83875,-7.60375,-12.8975,13.872001,-21.456001,16.952002,inter_set_rest,4,7.0,37107.0,186105.0,96324.0,196405.0,103966.0
2026-04-14 18:15:32.810371,846697,1609508026428873,5626398503,-1.177056,0.0,-0.007808,-2.14375,-4.54125,-15.74125,13.840001,-22.016,16.384,inter_set_rest,4,7.0,37107.0,186105.0,96324.0,196405.0,103966.0
2026-04-14 18:15:32.838099,846708,1609508026437865,5626407442,-1.177056,0.0,-0.007808,23.695,1.96,-8.2075,13.840001,-22.016,16.384,inter_set_rest,4,7.0,38040.0,188673.0,98004.0,198804.0,105800.0
2026-04-14 18:15:32.840513,846709,1609508026452494,5626422413,-1.130208,0.230336,0.013664,42.28,0.04375,1.8725,12.944,-22.224,16.984001,inter_set_rest,4,7.0,38040.0,188673.0,98004.0,198804.0,105800.0
2026-04-14 18:15:32.843527,846710,1609508026461638,5626431278,-1.130208,0.230336,0.013664,47.22375,-1.82,2.66875,12.944,-22.224,16.984001,inter_set_rest,4,7.0,38040.0,188673.0,98004.0,198804.0,105800.0
2026-04-14 18:15:32.873522,846711,1609508026470591,5626440044,-1.022848,0.269376,0.072224,36.4875,-3.14125,-2.3975,12.776001,-22.320002,17.208,inter_set_rest,4,7.0,38040.0,188673.0,98004.0,198804.0,105800.0
2026-04-14 18:15:32.892439,846712,1609508026485121,5626454955,-1.069696,0.230336,0.007808,19.215,-7.06125,-10.87625,13.160001,-22.312,17.272001,inter_set_rest,4,7.0,38040.0,188673.0,98004.0,198804.0,105800.0
2026-04-14 18:15:32.892948,846713,1609508026494059,5626463658,-1.069696,0.230336,0.007808,2.45,-3.82375,-16.54625,13.160001,-22.312,17.272001,inter_set_rest,4,7.0,38040.0,188673.0,98004.0,198804.0,105800.0
2026-04-14 18:15:32.895498,846714,1609508026508525,5626478587,-1.081408,0.23424,0.070272,-11.48875,-1.47,-18.375,12.512001,-22.080002,17.616001,inter_set_rest,4,7.0,38040.0,188673.0,98004.0,198804.0,105800.0
2026-04-14 18:15:32.899971,846715,1609508026517439,5626487270,-1.081408,0.23424,0.070272,-19.1975,-5.6525,-21.35,12.512001,-22.080002,17.616001,inter_set_rest,4,7.0,38040.0,188673.0,98004.0,198804.0,105800.0
2026-04-14 18:15:32.906068,846716,1609508026526371,5626496003,-1.003328,0.210816,0.02928,-23.8175,-9.59,-26.39,12.016001,-21.6,17.992,inter_set_rest,4,7.0,38040.0,188673.0,98004.0,198804.0,105800.0
2026-04-14 18:15:32.938133,846727,1609508026541361,5626511127,-1.003328,0.210816,0.02928,-26.705,-11.76875,-29.88125,12.016001,-21.6,17.992,inter_set_rest,4,7.0,37265.0,185778.0,96586.0,195757.0,104365.0
2026-04-14 18:15:32.940753,846728,1609508026550355,5626519926,-1.011136,0.26352,0.162016,-30.1175,-13.3,-31.42125,12.376,-21.176,18.560001,inter_set_rest,4,7.0,37265.0,185778.0,96586.0,195757.0,104365.0
2026-04-14 18:15:32.944442,846729,1609508026564922,5626534881,-1.085312,0.236192,0.062464,-34.15125,-14.533751,-34.79,12.208,-21.12,16.92,inter_set_rest,4,7.0,37265.0,185778.0,96586.0,195757.0,104365.0
2026-04-14 18:15:32.951807,846730,1609508026574060,5626543689,-1.085312,0.236192,0.062464,-37.765,-15.25125,-39.138752,12.208,-21.12,16.92,inter_set_rest,4,7.0,37265.0,185778.0,96586.0,195757.0,104365.0
2026-04-14 18:15:32.962002,846731,1609508026583000,5626552371,-1.085312,0.236192,0.062464,-39.7775,-15.79375,-41.7375,12.208,-21.12,16.92,inter_set_rest,4,7.0,37265.0,185778.0,96586.0,195757.0,104365.0
2026-04-14 18:15:32.975783,846732,1609508026597531,5626567299,-1.022848,0.210816,0.201056,-39.17375,-16.09125,-42.857502,14.376,-20.784,17.880001,inter_set_rest,4,7.0,37265.0,185778.0,96586.0,195757.0,104365.0
2026-04-14 18:15:32.986203,846733,1609508026606573,5626576005,-1.011136,0.21472,0.16592,-36.33875,-16.397501,-43.951252,13.368001,-20.080002,18.52,inter_set_rest,4,7.0,37265.0,185778.0,96586.0,195757.0,104365.0
2026-04-14 18:15:33.000291,846734,1609508026621104,5626590992,-1.011136,0.21472,0.16592,-32.05125,-15.82875,-45.29875,13.368001,-20.080002,18.52,inter_set_rest,4,7.0,37265.0,185778.0,96586.0,195757.0,104365.0
2026-04-14 18:15:33.010524,846735,1609508026630051,5626599690,-1.06384,0.20496,-0.060512,-27.895,-15.12875,-45.94625,14.072001,-19.328001,18.704,inter_set_rest,4,7.0,37265.0,185778.0,96586.0,195757.0,104365.0
2026-04-14 18:15:33.042016,846746,1609508026644660,5626614635,-1.06384,0.20496,-0.072224,-24.115,-14.41125,-46.138752,14.072001,-19.328001,18.704,inter_set_rest,4,7.0,37114.0,185262.0,96262.0,195265.0,103999.0
2026-04-14 18:15:33.044479,846747,1609508026653608,5626623362,-1.09312,0.212768,-0.072224,-20.01125,-14.542501,-45.78,13.664001,-19.76,18.704,inter_set_rest,4,7.0,37114.0,185262.0,96262.0,195265.0,103999.0
2026-04-14 18:15:33.047001,846748,1609508026662576,5626632077,-1.09312,0.212768,-0.072224,-15.70625,-14.91875,-45.465,13.664001,-19.76,18.704,inter_set_rest,4,7.0,37114.0,185262.0,96262.0,195265.0,103999.0
2026-04-14 18:15:33.055798,846749,1609508026677099,5626646981,-1.13216,0.257664,0.060512,-11.165,-15.6625,-44.3275,13.504001,-18.816,18.744001,inter_set_rest,4,7.0,37114.0,185262.0,96262.0,195265.0,103999.0
2026-04-14 18:15:33.065728,846750,1609508026686068,5626655662,-1.05408,0.247904,0.130784,-6.09,-16.58125,-42.55125,14.752001,-19.136002,17.448,inter_set_rest,4,7.0,37114.0,185262.0,96262.0,195265.0,103999.0
2026-04-14 18:15:33.079862,846751,1609508026700564,5626670690,-1.05408,0.247904,0.130784,-1.2775,-17.045,-40.11875,14.752001,-19.136002,17.448,inter_set_rest,4,7.0,37114.0,185262.0,96262.0,195265.0,103999.0
2026-04-14 18:15:33.089635,846752,1609508026709487,5626679374,-1.01504,0.23424,0.0488,3.10625,-17.6575,-36.82875,14.752001,-19.136002,18.696001,inter_set_rest,4,7.0,37114.0,185262.0,96262.0,195265.0,103999.0
2026-04-14 18:15:33.103380,846753,1609508026723991,5626694259,-1.01504,0.23424,0.0488,6.90375,-18.1125,-32.97,14.752001,-19.136002,18.696001,inter_set_rest,4,7.0,37114.0,185262.0,96262.0,195265.0,103999.0
2026-04-14 18:15:33.139471,846764,1609508026733491,5626703057,-1.069696,0.240096,-0.095648,9.8525,-18.147501,-28.7525,13.968,-18.888,19.664001,inter_set_rest,4,7.0,36844.0,184638.0,95813.0,194651.0,103484.0
2026-04-14 18:15:33.142280,846765,1609508026742647,5626711925,-1.069696,0.240096,-0.095648,12.69625,-16.7825,-24.9375,13.968,-18.888,19.664001,inter_set_rest,4,7.0,36844.0,184638.0,95813.0,194651.0,103484.0
2026-04-14 18:15:33.144811,846766,1609508026757334,5626726885,-1.120448,0.259616,-0.083936,14.1575,-14.88375,-20.9125,12.968,-18.592001,19.560001,inter_set_rest,4,7.0,36844.0,184638.0,95813.0,194651.0,103484.0
2026-04-14 18:15:33.147308,846767,1609508026766284,5626735595,-1.100928,0.261568,-0.0488,15.198751,-13.475,-17.19375,13.144001,-19.008001,19.208,inter_set_rest,4,7.0,36844.0,184638.0,95813.0,194651.0,103484.0
2026-04-14 18:15:33.161072,846768,1609508026780782,5626750619,-1.100928,0.261568,-0.0488,15.4525,-12.41625,-13.41375,13.144001,-19.008001,19.208,inter_set_rest,4,7.0,36844.0,184638.0,95813.0,194651.0,103484.0
2026-04-14 18:15:33.168507,846769,1609508026789752,5626759353,-1.091168,0.290848,0.007808,14.5775,-11.9525,-9.59875,14.296001,-19.880001,17.976002,inter_set_rest,4,7.0,36844.0,184638.0,95813.0,194651.0,103484.0
2026-04-14 18:15:33.178762,846770,1609508026798774,5626768033,-1.091168,0.290848,0.007808,12.83625,-11.22625,-6.22125,14.296001,-19.880001,17.976002,inter_set_rest,4,7.0,36844.0,184638.0,95813.0,194651.0,103484.0
2026-04-14 18:15:33.192143,846771,1609508026813269,5626782922,-1.032608,0.288896,0.081984,9.54625,-10.19375,-4.1475,13.424001,-19.224,19.384,inter_set_rest,4,7.0,36844.0,184638.0,95813.0,194651.0,103484.0
2026-04-14 18:15:33.202912,846772,1609508026822218,5626791627,-1.032608,0.288896,0.081984,5.29375,-9.02125,-2.23125,13.424001,-19.224,19.384,inter_set_rest,4,7.0,36844.0,184638.0,95813.0,194651.0,103484.0
2026-04-14 18:15:33.328549,846783,1609508026837262,5626806591,-1.124352,0.28304,-0.11712,-0.11375,-7.3675,-0.4025,13.048,-19.36,19.28,inter_set_rest,4,7.0,36540.0,184355.0,95195.0,194359.0,102784.0
2026-04-14 18:15:33.330901,846784,1609508026846246,5626815352,-1.173152,0.32208,0.10736,-5.10125,-5.425,1.505,13.048,-19.36,19.6,inter_set_rest,4,7.0,36540.0,184355.0,95195.0,194359.0,102784.0
2026-04-14 18:15:33.338513,846785,1609508026855282,5626824053,-1.173152,0.32208,0.10736,-10.605001,-4.6725,2.40625,12.944,-19.376001,19.6,inter_set_rest,4,7.0,36540.0,184355.0,95195.0,194359.0,102784.0
2026-04-14 18:15:33.341038,846786,1609508026870336,5626839027,-1.089216,0.267424,0.017568,-15.02375,-6.20375,3.0275,12.736001,-19.368,19.656,inter_set_rest,4,7.0,36540.0,184355.0,95195.0,194359.0,102784.0
2026-04-14 18:15:33.343027,846787,1609508026879658,5626849777,-1.089216,0.267424,0.017568,-18.71625,-9.00375,5.95875,12.736001,-19.368,19.656,inter_set_rest,4,7.0,36540.0,184355.0,95195.0,194359.0,102784.0
2026-04-14 18:15:33.345491,846788,1609508026888576,5626858497,-1.030656,0.267424,0.119072,-22.37375,-11.13875,9.91375,12.496,-19.088001,19.712002,inter_set_rest,4,7.0,36540.0,184355.0,95195.0,194359.0,102784.0
2026-04-14 18:15:33.348217,846789,1609508026903108,5626873388,-1.030656,0.267424,0.119072,-25.26125,-11.0775,13.5275,12.496,-19.088001,19.712002,inter_set_rest,4,7.0,36540.0,184355.0,95195.0,194359.0,102784.0
2026-04-14 18:15:33.351061,846790,1609508026912044,5626882074,-1.143872,0.257664,-0.040992,-26.31125,-8.785,17.66625,12.184001,-18.76,21.128,inter_set_rest,4,7.0,36540.0,184355.0,95195.0,194359.0,102784.0
2026-04-14 18:15:33.353651,846791,1609508026926561,5626894946,-1.143872,0.216672,-0.111264,-25.55,-6.4575,22.91625,12.184001,-18.76,19.080002,inter_set_rest,4,7.0,36540.0,184355.0,95195.0,194359.0,102784.0
2026-04-14 18:15:33.380864,846802,1609508026936468,5626905699,-1.157536,0.216672,-0.111264,-24.053751,-4.48875,28.60375,11.296001,-18.792002,19.192001,inter_set_rest,4,7.0,36485.0,184544.0,95017.0,194557.0,102663.0
2026-04-14 18:15:33.383362,846803,1609508026945416,5626914352,-1.157536,0.216672,-0.111264,-23.38,-2.59875,33.90625,11.296001,-18.792002,19.192001,inter_set_rest,4,7.0,36485.0,184544.0,95017.0,194557.0,102663.0
2026-04-14 18:15:33.385897,846804,1609508026959997,5626929292,-1.134112,0.1952,-0.06832,-22.4875,-1.04125,38.36875,10.872001,-18.848001,20.104,inter_set_rest,4,7.0,36485.0,184544.0,95017.0,194557.0,102663.0
2026-04-14 18:15:33.388261,846805,1609508026968917,5626938077,-1.10288,0.1952,-0.03904,-21.44625,0.4725,42.84875,11.184001,-19.2,20.536001,inter_set_rest,4,7.0,36485.0,184544.0,95017.0,194557.0,102663.0
2026-04-14 18:15:33.390341,846806,1609508026983513,5626953153,-1.10288,0.1952,-0.03904,-21.72625,1.05875,46.83,11.184001,-19.2,20.536001,inter_set_rest,4,7.0,36485.0,184544.0,95017.0,194557.0,102663.0
2026-04-14 18:15:33.393472,846807,1609508026992518,5626961871,-1.143872,0.236192,-0.007808,-23.31875,1.60125,50.951252,10.576,-19.112001,21.320002,inter_set_rest,4,7.0,36485.0,184544.0,95017.0,194557.0,102663.0
2026-04-14 18:15:33.395947,846808,1609508027007051,5626976793,-1.143872,0.230336,0.17568,-27.195,2.84375,55.6675,10.576,-19.112001,21.320002,inter_set_rest,4,7.0,36485.0,184544.0,95017.0,194557.0,102663.0
2026-04-14 18:15:33.398400,846809,1609508027016022,5626985478,-1.087264,0.230336,0.17568,-32.59375,3.98125,60.0075,10.192,-19.392,20.616001,inter_set_rest,4,7.0,36485.0,184544.0,95017.0,194557.0,102663.0
2026-04-14 18:15:33.403529,846810,1609508027025026,5626994212,-1.087264,0.230336,0.17568,-38.98125,4.54125,64.4525,10.192,-19.392,20.616001,inter_set_rest,4,7.0,36485.0,184544.0,95017.0,194557.0,102663.0
2026-04-14 18:15:33.436709,846821,1609508027039696,5627009691,-1.13216,0.1952,0.017568,-46.2,4.165,69.86,9.576,-19.304,23.136002,inter_set_rest,4,7.0,36408.0,184231.0,94888.0,194212.0,102491.0
2026-04-14 18:15:33.442278,846822,1609508027048842,5627018412,-1.077504,0.17568,0.220576,-53.655,3.85,74.75125,8.872001,-19.088001,21.416,inter_set_rest,4,7.0,36408.0,184231.0,94888.0,194212.0,102491.0
2026-04-14 18:15:33.444791,846823,1609508027063322,5627033361,-1.077504,0.17568,0.220576,-61.416252,2.5375,79.84375,8.872001,-19.088001,21.416,inter_set_rest,4,7.0,36408.0,184231.0,94888.0,194212.0,102491.0
2026-04-14 18:15:33.451034,846824,1609508027072327,5627042075,-1.097024,0.130784,0.099552,-68.495,0.0175,84.34125,8.264,-18.68,22.984001,inter_set_rest,4,7.0,36408.0,184231.0,94888.0,194212.0,102491.0
2026-04-14 18:15:33.459349,846825,1609508027081267,5627050758,-1.097024,0.130784,0.099552,-75.53875,-2.75625,88.26125,8.264,-18.68,22.984001,inter_set_rest,4,7.0,36408.0,184231.0,94888.0,194212.0,102491.0
2026-04-14 18:15:33.475528,846826,1609508027095874,5627065653,-1.196576,0.128832,0.06832,-80.85,-5.7225,91.90125,8.208,-18.128,23.904001,inter_set_rest,4,7.0,36408.0,184231.0,94888.0,194212.0,102491.0
2026-04-14 18:15:33.484648,846827,1609508027104870,5627074340,-1.196576,0.128832,0.06832,-85.46125,-8.6275,94.4825,8.208,-18.128,23.904001,inter_set_rest,4,7.0,36408.0,184231.0,94888.0,194212.0,102491.0
2026-04-14 18:15:33.499695,846828,1609508027119515,5627089288,-1.227808,0.085888,0.033184,-88.75125,-11.97875,95.777504,8.192,-17.728,24.528002,inter_set_rest,4,7.0,36408.0,184231.0,94888.0,194212.0,102491.0
2026-04-14 18:15:33.507249,846829,1609508027128452,5627097985,-1.233664,0.070272,0.150304,-90.16,-15.00625,96.04875,5.336,-16.880001,25.536001,inter_set_rest,4,7.0,36408.0,184231.0,94888.0,194212.0,102491.0
2026-04-14 18:15:33.537910,846840,1609508027143062,5627112948,-1.233664,0.070272,0.150304,-90.02875,-18.5325,95.41,5.336,-16.880001,25.536001,inter_set_rest,4,7.0,36074.0,184463.0,94276.0,194569.0,101785.0
2026-04-14 18:15:33.539221,846841,1609508027152037,5627121710,-1.22976,0.042944,0.105408,-87.955,-22.785,94.6225,4.336,-16.496,25.760002,inter_set_rest,4,7.0,36074.0,184463.0,94276.0,194569.0,101785.0
2026-04-14 18:15:33.544599,846842,1609508027160966,5627130407,-1.22976,0.042944,0.105408,-84.23625,-26.13625,92.98625,4.336,-16.496,25.760002,inter_set_rest,4,7.0,36074.0,184463.0,94276.0,194569.0,101785.0
2026-04-14 18:15:33.554179,846843,1609508027175485,5627145316,-1.10288,-0.027328,0.085888,-79.33625,-28.805,90.79,4.592,-16.16,24.28,inter_set_rest,4,7.0,36074.0,184463.0,94276.0,194569.0,101785.0
2026-04-14 18:15:33.564668,846844,1609508027184473,5627154051,-1.10288,-0.027328,0.085888,-73.5525,-30.555,88.15625,4.592,-16.16,24.28,inter_set_rest,4,7.0,36074.0,184463.0,94276.0,194569.0,101785.0
2026-04-14 18:15:33.577133,846845,1609508027198984,5627168980,-1.153632,0.001952,0.144448,-68.0225,-30.30125,84.4375,4.808,-16.056002,25.608002,inter_set_rest,4,7.0,36074.0,184463.0,94276.0,194569.0,101785.0
2026-04-14 18:15:33.606071,846846,1609508027207929,5627177666,-1.153632,0.001952,0.33184,-63.315,-29.33,80.92875,4.808,-16.056002,25.608002,inter_set_rest,4,7.0,36074.0,184463.0,94276.0,194569.0,101785.0
2026-04-14 18:15:33.608544,846847,1609508027216848,5627186365,-1.038464,-0.021472,0.337696,-58.7825,-28.18375,76.81625,3.76,-15.808001,26.056002,inter_set_rest,4,7.0,36074.0,184463.0,94276.0,194569.0,101785.0
2026-04-14 18:15:33.610510,846848,1609508027231335,5627201236,-1.022848,-0.050752,0.22448,-55.7375,-27.2475,72.485,2.32,-14.888001,27.688002,inter_set_rest,4,7.0,36074.0,184463.0,94276.0,194569.0,101785.0
2026-04-14 18:15:33.665959,846860,1609508027240419,5627210064,-1.022848,-0.050752,0.22448,-52.75375,-25.7425,68.075,2.32,-14.888001,27.688002,inter_set_rest,4,7.0,36411.0,185494.0,94901.0,195543.0,102516.0
2026-04-14 18:15:33.668406,846861,1609508027254893,5627224985,-1.056032,-0.050752,0.113216,-50.44375,-24.8325,62.8075,1.376,-14.672001,27.688002,inter_set_rest,4,7.0,36411.0,185494.0,94901.0,195543.0,102516.0
2026-04-14 18:15:33.670580,846862,1609508027263838,5627233712,-1.056032,-0.050752,0.113216,-48.79875,-23.00375,57.8025,1.376,-14.672001,27.688002,inter_set_rest,4,7.0,36411.0,185494.0,94901.0,195543.0,102516.0
2026-04-14 18:15:33.673496,846863,1609508027278570,5627248628,-1.018944,-0.060512,0.150304,-47.87125,-21.13125,51.8525,1.272,-13.896001,27.872002,inter_set_rest,4,7.0,36411.0,185494.0,94901.0,195543.0,102516.0
2026-04-14 18:15:33.675449,846864,1609508027287577,5627257387,-1.018944,-0.060512,0.150304,-48.02875,-19.71375,45.36875,1.272,-13.896001,27.872002,inter_set_rest,4,7.0,36411.0,185494.0,94901.0,195543.0,102516.0
2026-04-14 18:15:33.677978,846865,1609508027296641,5627266095,-1.01504,-0.021472,0.372832,-50.0675,-18.1825,38.465,0.376,-13.544001,27.432001,inter_set_rest,4,7.0,36411.0,185494.0,94901.0,195543.0,102516.0
2026-04-14 18:15:33.689760,846866,1609508027311154,5627281153,-0.905728,-0.054656,0.417728,-52.80625,-17.89375,30.598751,0.64,-12.72,28.328001,inter_set_rest,4,7.0,36411.0,185494.0,94901.0,195543.0,102516.0
2026-04-14 18:15:33.698548,846867,1609508027320086,5627289847,-0.905728,-0.054656,0.417728,-55.78125,-18.76875,21.79625,0.64,-12.72,28.328001,inter_set_rest,4,7.0,36411.0,185494.0,94901.0,195543.0,102516.0
2026-04-14 18:15:33.739640,846878,1609508027334597,5627305157,-0.923296,-0.091744,0.17568,-58.1175,-19.29375,13.4575,0.672,-12.312,27.680002,inter_set_rest,4,7.0,37078.0,187434.0,96162.0,197426.0,103751.0
2026-04-14 18:15:33.742137,846879,1609508027343640,5627313928,-0.923296,-0.091744,0.17568,-59.465,-18.89125,4.52375,0.672,-12.312,27.680002,inter_set_rest,4,7.0,37078.0,187434.0,96162.0,197426.0,103751.0
2026-04-14 18:15:33.744641,846880,1609508027352671,5627322641,-0.895968,-0.103456,0.26352,-58.0475,-17.9025,-5.17125,0.872,-11.576,28.064001,inter_set_rest,4,7.0,37078.0,187434.0,96162.0,197426.0,103751.0
2026-04-14 18:15:33.746733,846881,1609508027367223,5627335586,-0.895968,-0.103456,0.26352,-52.47375,-15.09375,-15.190001,0.872,-11.576,28.064001,inter_set_rest,4,7.0,37078.0,187434.0,96162.0,197426.0,103751.0
2026-04-14 18:15:33.757253,846882,1609508027376409,5627346394,-0.808128,-0.124928,0.40016,-44.21375,-11.01625,-23.9925,0.976,-11.464001,28.016,inter_set_rest,4,7.0,37078.0,187434.0,96162.0,197426.0,103751.0
2026-04-14 18:15:33.769353,846883,1609508027390914,5627359334,-0.931104,-0.093696,0.22448,-34.51,-6.7725,-33.005,1.216,-11.024,28.624,inter_set_rest,4,7.0,37078.0,187434.0,96162.0,197426.0,103751.0
2026-04-14 18:15:33.780821,846884,1609508027400137,5627370122,-0.931104,-0.093696,0.22448,-26.85375,-2.905,-43.33,1.216,-11.024,28.624,inter_set_rest,4,7.0,37078.0,187434.0,96162.0,197426.0,103751.0
2026-04-14 18:15:33.794762,846885,1609508027414836,5627385052,-0.843264,-0.093696,0.46848,-21.49875,0.84875,-53.54125,0.92,-10.248,29.432001,inter_set_rest,4,7.0,37078.0,187434.0,96162.0,197426.0,103751.0
2026-04-14 18:15:33.803086,846886,1609508027423847,5627393766,-0.843264,-0.093696,0.46848,-16.6425,4.69875,-60.55875,0.92,-10.248,29.432001,inter_set_rest,4,7.0,37078.0,187434.0,96162.0,197426.0,103751.0
2026-04-14 18:15:33.812279,846887,1609508027432931,5627402476,-0.923296,-0.093696,0.220576,-10.71,9.05625,-66.84125,1.224,-10.232,28.304,inter_set_rest,4,7.0,37078.0,187434.0,96162.0,197426.0,103751.0
2026-04-14 18:15:33.844518,846898,1609508027447569,5627417520,-0.923296,-0.093696,0.220576,-2.975,14.4375,-73.29,1.224,-10.232,28.304,inter_set_rest,4,7.0,35643.0,188389.0,93517.0,198583.0,100532.0
2026-04-14 18:15:33.844628,846899,1609508027456583,5627426241,-0.913536,-0.06832,0.290848,6.3,20.43125,-79.75625,1.984,-9.792001,29.144001,inter_set_rest,4,7.0,35643.0,188389.0,93517.0,198583.0,100532.0
2026-04-14 18:15:33.876047,846900,1609508027471118,5627441176,-0.962336,-0.023424,0.407968,15.925,26.22375,-85.3825,3.176,-9.848001,27.784,inter_set_rest,4,7.0,35643.0,188389.0,93517.0,198583.0,100532.0
2026-04-14 18:15:33.878519,846901,1609508027480034,5627449917,-0.962336,-0.023424,0.407968,23.59875,31.66625,-91.621254,3.176,-9.848001,27.784,inter_set_rest,4,7.0,35643.0,188389.0,93517.0,198583.0,100532.0
2026-04-14 18:15:33.880529,846902,1609508027488973,5627458646,-0.962336,-0.023424,0.407968,30.40625,36.30375,-97.88625,3.176,-9.848001,27.784,inter_set_rest,4,7.0,35643.0,188389.0,93517.0,198583.0,100532.0
2026-04-14 18:15:33.883504,846903,1609508027503450,5627473541,-1.069696,0.023424,0.413824,35.5775,40.03125,-102.45375,4.832,-10.6,29.328001,inter_set_rest,4,7.0,35643.0,188389.0,93517.0,198583.0,100532.0
2026-04-14 18:15:33.892290,846904,1609508027512438,5627482205,-1.11264,0.007808,0.177632,40.31125,42.9275,-105.83125,6.088,-10.968,27.832,inter_set_rest,4,7.0,35643.0,188389.0,93517.0,198583.0,100532.0
2026-04-14 18:15:33.907262,846905,1609508027526974,5627497183,-1.11264,0.007808,0.177632,46.06875,44.79125,-109.01625,6.088,-10.968,27.832,inter_set_rest,4,7.0,35643.0,188389.0,93517.0,198583.0,100532.0
2026-04-14 18:15:33.939754,846916,1609508027535923,5627506304,-1.182912,0.070272,0.247904,53.34875,46.3925,-111.20375,6.136,-11.344001,27.016,inter_set_rest,4,7.0,34944.0,186214.0,92170.0,196207.0,98971.0
2026-04-14 18:15:33.942032,846917,1609508027550455,5627519382,-1.182912,0.080032,0.113216,61.145,47.06625,-112.5775,6.136,-11.344001,27.016,inter_set_rest,4,7.0,34944.0,186214.0,92170.0,196207.0,98971.0
2026-04-14 18:15:33.944778,846918,1609508027559492,5627528139,-1.216096,0.080032,0.113216,68.60875,47.57375,-112.70875,6.696,-11.120001,27.048,inter_set_rest,4,7.0,34944.0,186214.0,92170.0,196207.0,98971.0
2026-04-14 18:15:33.972212,846919,1609508027568835,5627538915,-1.216096,0.080032,0.113216,76.09875,47.18,-111.9125,6.696,-11.120001,27.048,inter_set_rest,4,7.0,34944.0,186214.0,92170.0,196207.0,98971.0
2026-04-14 18:15:33.998535,846920,1609508027583348,5627551794,-1.139968,0.085888,0.16592,82.99375,45.5175,-109.69,8.208,-11.960001,24.504002,inter_set_rest,4,7.0,34944.0,186214.0,92170.0,196207.0,98971.0
2026-04-14 18:15:34.001006,846921,1609508027592596,5627562592,-1.184864,0.179584,0.265472,88.52375,43.1375,-106.12,8.936001,-12.536,26.6,inter_set_rest,4,7.0,34944.0,186214.0,92170.0,196207.0,98971.0
2026-04-14 18:15:34.006657,846922,1609508027607099,5627575477,-1.184864,0.179584,0.265472,92.7675,40.888752,-101.902504,8.936001,-12.536,26.6,inter_set_rest,4,7.0,34944.0,186214.0,92170.0,196207.0,98971.0
2026-04-14 18:15:34.028406,846923,1609508027616294,5627586232,-1.188768,0.210816,0.162016,94.9375,37.84375,-97.265,9.592,-13.64,25.048,inter_set_rest,4,7.0,34944.0,186214.0,92170.0,196207.0,98971.0
2026-04-14 18:15:34.030566,846924,1609508027625281,5627594943,-1.188768,0.210816,0.162016,96.0225,35.27125,-92.02375,9.592,-13.64,25.048,inter_set_rest,4,7.0,34944.0,186214.0,92170.0,196207.0,98971.0
2026-04-14 18:15:34.058531,846935,1609508027640293,5627609894,-1.130208,0.240096,0.179584,95.06,32.22625,-85.68,10.064,-14.304001,24.424002,inter_set_rest,4,7.0,35315.0,181646.0,92873.0,191493.0,99980.0
2026-04-14 18:15:34.061021,846936,1609508027649357,5627618693,-1.130208,0.240096,0.179584,91.875,29.365,-78.96,10.064,-14.304001,24.424002,inter_set_rest,4,7.0,35315.0,181646.0,92873.0,191493.0,99980.0
2026-04-14 18:15:34.063280,846937,1609508027658353,5627627540,-1.08336,0.261568,0.1464,87.0975,26.10125,-72.40625,10.904,-14.872001,23.848001,inter_set_rest,4,7.0,35315.0,181646.0,92873.0,191493.0,99980.0
2026-04-14 18:15:34.068567,846938,1609508027672858,5627642477,-1.061888,0.2928,0.109312,80.21125,23.14375,-65.31875,11.464001,-15.440001,23.624,inter_set_rest,4,7.0,35315.0,181646.0,92873.0,191493.0,99980.0
2026-04-14 18:15:34.070608,846939,1609508027681841,5627651167,-1.061888,0.2928,0.109312,72.03,20.39625,-58.1,11.464001,-15.440001,23.624,inter_set_rest,4,7.0,35315.0,181646.0,92873.0,191493.0,99980.0
2026-04-14 18:15:34.074790,846940,1609508027696389,5627666097,-1.147776,0.355264,0.046848,61.99375,18.025,-50.39125,11.968,-15.616001,23.976002,inter_set_rest,4,7.0,35315.0,181646.0,92873.0,191493.0,99980.0
2026-04-14 18:15:34.084791,846941,1609508027705391,5627674843,-1.147776,0.355264,0.046848,50.05,15.68,-42.9275,11.968,-15.616001,23.976002,inter_set_rest,4,7.0,35315.0,181646.0,92873.0,191493.0,99980.0
2026-04-14 18:15:34.101031,846942,1609508027720079,5627689884,-1.057984,0.327936,0.085888,36.951252,14.21875,-36.1375,12.776001,-16.088001,21.688002,inter_set_rest,4,7.0,35315.0,181646.0,92873.0,191493.0,99980.0
2026-04-14 18:15:34.109285,846943,1609508027728966,5627698612,-1.057984,0.327936,0.085888,24.15875,12.69625,-30.0825,12.776001,-16.088001,21.688002,inter_set_rest,4,7.0,35315.0,181646.0,92873.0,191493.0,99980.0
2026-04-14 18:15:34.140575,846954,1609508027737913,5627707404,-1.149728,0.357216,0.066368,10.815,11.6025,-23.905,12.368001,-16.104,21.456001,inter_set_rest,4,7.0,35827.0,181155.0,93733.0,191121.0,101151.0
2026-04-14 18:15:34.143452,846955,1609508027752546,5627722377,-1.071648,0.286944,0.0,-1.63625,10.22875,-18.22625,11.920001,-15.424001,22.712002,inter_set_rest,4,7.0,35827.0,181155.0,93733.0,191121.0,101151.0
2026-04-14 18:15:34.145966,846956,1609508027761550,5627731087,-1.071648,0.286944,0.0,-13.405,8.12,-12.18,11.920001,-15.424001,22.712002,inter_set_rest,4,7.0,35827.0,181155.0,93733.0,191121.0,101151.0
2026-04-14 18:15:34.157241,846957,1609508027776133,5627745995,-1.077504,0.249856,-0.003904,-23.03,6.83375,-6.72875,12.320001,-15.368001,22.720001,inter_set_rest,4,7.0,35827.0,181155.0,93733.0,191121.0,101151.0
2026-04-14 18:15:34.163612,846958,1609508027785148,5627754707,-1.077504,0.249856,-0.003904,-29.3825,6.8075,-1.56625,12.320001,-15.368001,22.720001,inter_set_rest,4,7.0,35827.0,181155.0,93733.0,191121.0,101151.0
2026-04-14 18:15:34.174862,846959,1609508027794073,5627763395,-1.085312,0.261568,0.222528,-32.73375,7.49,3.57875,12.024,-15.240001,22.072,inter_set_rest,4,7.0,35827.0,181155.0,93733.0,191121.0,101151.0
2026-04-14 18:15:34.189831,846960,1609508027808701,5627778445,-1.085312,0.261568,0.222528,-33.075,7.28875,8.25125,12.024,-15.240001,22.072,inter_set_rest,4,7.0,35827.0,181155.0,93733.0,191121.0,101151.0
2026-04-14 18:15:34.208074,846961,1609508027817647,5627787132,-1.126304,0.251808,0.163968,-32.725,7.5775,12.5825,12.544001,-14.864,22.624,inter_set_rest,4,7.0,35827.0,181155.0,93733.0,191121.0,101151.0
2026-04-14 18:15:34.216158,846962,1609508027832197,5627802103,-1.126304,0.236192,0.142496,-31.57,7.62125,17.01875,12.544001,-14.864,22.624,inter_set_rest,4,7.0,35827.0,181155.0,93733.0,191121.0,101151.0
2026-04-14 18:15:34.240640,846973,1609508027841824,5627810797,-1.147776,0.236192,0.142496,-29.67125,8.4875,20.62375,12.968,-15.168001,21.832,inter_set_rest,4,7.0,35906.0,181946.0,93851.0,191936.0,101351.0
2026-04-14 18:15:34.243196,846974,1609508027850989,5627819669,-1.147776,0.236192,0.142496,-26.64375,8.96875,23.94875,12.968,-15.168001,21.832,inter_set_rest,4,7.0,35906.0,181946.0,93851.0,191936.0,101351.0
2026-04-14 18:15:34.245692,846975,1609508027865986,5627834680,-1.153632,0.212768,0.050752,-23.09125,8.93375,28.04375,13.088,-14.960001,22.168001,inter_set_rest,4,7.0,35906.0,181946.0,93851.0,191936.0,101351.0
2026-04-14 18:15:34.254481,846976,1609508027875342,5627845472,-1.11264,0.220576,0.183488,-19.9675,8.05,31.3075,13.080001,-15.176001,22.416,inter_set_rest,4,7.0,35906.0,181946.0,93851.0,191936.0,101351.0
2026-04-14 18:15:34.267018,846977,1609508027890005,5627858469,-1.11264,0.220576,0.183488,-17.68375,7.315,34.97375,13.080001,-15.176001,22.416,inter_set_rest,4,7.0,35906.0,181946.0,93851.0,191936.0,101351.0
2026-04-14 18:15:34.280788,846978,1609508027899329,5627869241,-1.01504,0.17568,0.199104,-16.2225,7.0525,38.1675,12.584001,-14.912001,23.240002,inter_set_rest,4,7.0,35906.0,181946.0,93851.0,191936.0,101351.0
2026-04-14 18:15:34.286961,846979,1609508027908285,5627877920,-1.01504,0.17568,0.199104,-15.42625,7.3325,40.9675,12.584001,-14.912001,23.240002,inter_set_rest,4,7.0,35906.0,181946.0,93851.0,191936.0,101351.0
2026-04-14 18:15:34.301931,846980,1609508027922807,5627892828,-1.016992,0.169824,0.222528,-15.35625,8.26,43.7675,11.56,-15.112,22.288,inter_set_rest,4,7.0,35906.0,181946.0,93851.0,191936.0,101351.0
2026-04-14 18:15:34.310224,846981,1609508027931767,5627901539,-1.016992,0.169824,0.222528,-16.0475,7.98,46.165,11.56,-15.112,22.288,inter_set_rest,4,7.0,35906.0,181946.0,93851.0,191936.0,101351.0
2026-04-14 18:15:34.409355,846992,1609508027946306,5627914873,-1.056032,0.197152,0.290848,-17.0275,8.0325,48.0375,12.192,-15.232,22.904001,inter_set_rest,4,7.0,36147.0,181746.0,94277.0,191709.0,101894.0
2026-04-14 18:15:34.411742,846993,1609508027955736,5627925634,-1.11264,0.179584,0.044896,-18.025,7.86625,49.6125,11.232,-15.336,23.28,inter_set_rest,4,7.0,36147.0,181746.0,94277.0,191709.0,101894.0
2026-04-14 18:15:34.414343,846994,1609508027964678,5627934337,-1.11264,0.179584,0.044896,-20.13375,7.77875,49.88375,11.232,-15.336,23.28,inter_set_rest,4,7.0,36147.0,181746.0,94277.0,191709.0,101894.0
2026-04-14 18:15:34.416871,846995,1609508027979340,5627949239,-1.050176,0.171776,0.265472,-23.4325,8.70625,49.74375,10.976001,-15.192,23.68,inter_set_rest,4,7.0,36147.0,181746.0,94277.0,191709.0,101894.0
2026-04-14 18:15:34.419395,846996,1609508027988441,5627957935,-1.050176,0.171776,0.265472,-27.116251,10.54375,48.1775,10.976001,-15.192,23.68,inter_set_rest,4,7.0,36147.0,181746.0,94277.0,191709.0,101894.0
2026-04-14 18:15:34.421621,846997,1609508028002958,5627972979,-1.19072,0.173728,0.056608,-31.491251,10.73625,46.138752,11.088,-15.136001,23.976002,inter_set_rest,4,7.0,36147.0,181746.0,94277.0,191709.0,101894.0
2026-04-14 18:15:34.424424,846998,1609508028011902,5627981676,-1.19072,0.173728,0.056608,-35.857502,9.0475,44.0825,11.088,-15.136001,23.976002,inter_set_rest,4,7.0,36147.0,181746.0,94277.0,191709.0,101894.0
2026-04-14 18:15:34.426922,846999,1609508028020903,5627990407,-1.075552,0.15616,0.257664,-39.3225,6.5275,42.035,11.264001,-14.68,22.432001,inter_set_rest,4,7.0,36147.0,181746.0,94277.0,191709.0,101894.0
2026-04-14 18:15:34.429488,847000,1609508028035393,5628005358,-1.100928,0.177632,0.247904,-42.25375,3.395,39.935,10.896001,-14.792001,23.04,inter_set_rest,4,7.0,36147.0,181746.0,94277.0,191709.0,101894.0
2026-04-14 18:15:34.457312,847011,1609508028044467,5628014186,-1.100928,0.177632,0.247904,-45.1325,0.72625,38.63125,10.896001,-14.792001,23.04,inter_set_rest,4,7.0,36253.0,181687.0,94441.0,191630.0,102121.0
2026-04-14 18:15:34.459802,847012,1609508028059137,5628029282,-1.0248,0.109312,0.16592,-47.10125,-0.8925,37.275,11.360001,-14.480001,23.736002,inter_set_rest,4,7.0,36253.0,181687.0,94441.0,191630.0,102121.0
2026-04-14 18:15:34.462183,847013,1609508028068098,5628037990,-1.0248,0.109312,0.16592,-48.9475,-1.8375,36.16375,11.360001,-14.480001,23.736002,inter_set_rest,4,7.0,36253.0,181687.0,94441.0,191630.0,102121.0
2026-04-14 18:15:34.464576,847014,1609508028082642,5628052890,-1.095072,0.101504,0.046848,-49.25375,-3.3775,35.06125,11.608001,-14.448001,23.976002,inter_set_rest,4,7.0,36253.0,181687.0,94441.0,191630.0,102121.0
2026-04-14 18:15:34.471829,847015,1609508028091717,5628061576,-1.095072,0.101504,0.046848,-49.51625,-5.81,35.1225,11.608001,-14.448001,23.976002,inter_set_rest,4,7.0,36253.0,181687.0,94441.0,191630.0,102121.0
2026-04-14 18:15:34.478527,847016,1609508028100799,5628070292,-1.106784,0.113216,0.119072,-47.99375,-8.42625,35.5075,11.136001,-13.816001,24.04,inter_set_rest,4,7.0,36253.0,181687.0,94441.0,191630.0,102121.0
2026-04-14 18:15:34.518303,847017,1609508028115294,5628085191,-0.999424,0.083936,0.279136,-46.2,-10.7625,36.2425,9.928,-13.472001,24.824001,inter_set_rest,4,7.0,36253.0,181687.0,94441.0,191630.0,102121.0
2026-04-14 18:15:34.520496,847018,1609508028124242,5628093890,-0.999424,0.083936,0.279136,-44.26625,-12.41625,36.74125,9.928,-13.472001,24.824001,inter_set_rest,4,7.0,36253.0,181687.0,94441.0,191630.0,102121.0
2026-04-14 18:15:34.523533,847019,1609508028138740,5628108792,-1.075552,0.062464,0.10736,-41.48375,-12.3375,36.32125,9.464001,-13.128,25.624,inter_set_rest,4,7.0,36253.0,181687.0,94441.0,191630.0,102121.0
2026-04-14 18:15:34.563039,847030,1609508028147851,5628117586,-1.075552,0.062464,0.10736,-38.71,-11.89125,35.79625,9.464001,-13.128,25.624,inter_set_rest,4,7.0,36133.0,182294.0,94218.0,192221.0,101873.0
2026-04-14 18:15:34.566063,847031,1609508028156883,5628126275,-1.167296,0.101504,0.191296,-35.58625,-11.6725,34.65875,8.864,-12.76,26.320002,inter_set_rest,4,7.0,36133.0,182294.0,94218.0,192221.0,101873.0
2026-04-14 18:15:34.568556,847032,1609508028171426,5628141262,-1.167296,0.101504,0.191296,-32.85625,-12.66125,33.075,8.864,-12.76,26.320002,inter_set_rest,4,7.0,36133.0,182294.0,94218.0,192221.0,101873.0
2026-04-14 18:15:34.570576,847033,1609508028180397,5628149993,-1.138016,0.05856,0.124928,-30.45875,-13.62375,32.33125,8.624001,-12.672001,26.152,inter_set_rest,4,7.0,36133.0,182294.0,94218.0,192221.0,101873.0
2026-04-14 18:15:34.576050,847034,1609508028194920,5628164978,-1.145824,0.113216,0.267424,-29.02375,-14.5775,30.9225,8.624001,-12.168,26.2,inter_set_rest,4,7.0,36133.0,182294.0,94218.0,192221.0,101873.0
2026-04-14 18:15:34.583129,847035,1609508028203868,5628173808,-1.145824,0.113216,0.267424,-30.58125,-15.417501,27.51875,8.432,-12.168,26.2,inter_set_rest,4,7.0,36133.0,182294.0,94218.0,192221.0,101873.0
2026-04-14 18:15:34.594296,847036,1609508028212953,5628182504,-1.145824,0.113216,0.267424,-36.925,-16.905,22.37375,8.432,-12.168,26.2,inter_set_rest,4,7.0,36133.0,182294.0,94218.0,192221.0,101873.0
2026-04-14 18:15:34.605900,847037,1609508028227458,5628197594,-1.145824,0.076128,0.232288,-45.45625,-19.4425,18.445,8.176001,-12.336,27.672,inter_set_rest,4,7.0,36133.0,182294.0,94218.0,192221.0,101873.0
2026-04-14 18:15:34.617169,847038,1609508028236398,5628206315,-1.167296,0.046848,0.113216,-52.19375,-21.55125,16.58125,8.624001,-11.264001,26.848001,inter_set_rest,4,7.0,36133.0,182294.0,94218.0,192221.0,101873.0
2026-04-14 18:15:34.644598,847049,1609508028251114,5628221340,-1.167296,0.046848,0.113216,-57.37375,-22.98625,14.735,8.624001,-11.264001,26.848001,inter_set_rest,4,7.0,35865.0,182554.0,93827.0,192623.0,101423.0
2026-04-14 18:15:34.647298,847050,1609508028260170,5628230129,-1.022848,-0.005856,0.216672,-59.29,-23.9575,12.8275,7.344,-10.528001,27.960001,inter_set_rest,4,7.0,35865.0,182554.0,93827.0,192623.0,101423.0
2026-04-14 18:15:34.652296,847051,1609508028274723,5628243089,-1.022848,-0.005856,0.216672,-58.23125,-23.72125,11.917501,7.344,-10.528001,27.960001,inter_set_rest,4,7.0,35865.0,182554.0,93827.0,192623.0,101423.0
2026-04-14 18:15:34.663417,847052,1609508028283947,5628253848,-0.987712,0.011712,0.296704,-54.13625,-22.82875,10.885,6.68,-9.704,29.240002,inter_set_rest,4,7.0,35865.0,182554.0,93827.0,192623.0,101423.0
2026-04-14 18:15:34.674009,847053,1609508028293010,5628262563,-0.987712,0.011712,0.296704,-48.4925,-21.46375,8.96,6.68,-9.704,29.240002,inter_set_rest,4,7.0,35865.0,182554.0,93827.0,192623.0,101423.0
2026-04-14 18:15:34.708806,847054,1609508028307574,5628277505,-0.942816,-0.035136,0.18544,-42.25375,-19.18875,6.20375,6.8,-9.712001,27.424002,inter_set_rest,4,7.0,35865.0,182554.0,93827.0,192623.0,101423.0
2026-04-14 18:15:34.733497,847055,1609508028316499,5628286179,-1.042368,0.015616,0.167872,-34.763752,-16.59875,3.49125,7.344,-9.848001,26.216002,inter_set_rest,4,7.0,35865.0,182554.0,93827.0,192623.0,101423.0
2026-04-14 18:15:34.758538,847056,1609508028330958,5628301072,-1.042368,0.015616,0.167872,-26.8275,-13.195,0.06125,7.344,-9.848001,26.216002,inter_set_rest,4,7.0,35865.0,182554.0,93827.0,192623.0,101423.0
2026-04-14 18:15:34.761043,847057,1609508028339960,5628309785,-0.999424,0.02928,0.294752,-18.0775,-9.63375,-4.24375,7.632,-9.416,27.352001,inter_set_rest,4,7.0,35865.0,182554.0,93827.0,192623.0,101423.0
2026-04-14 18:15:34.788051,847068,1609508028348953,5628318556,-0.999424,0.02928,0.294752,-9.03,-7.42,-8.18125,7.632,-9.416,27.352001,inter_set_rest,4,7.0,36424.0,183392.0,94773.0,193373.0,102519.0
2026-04-14 18:15:34.790424,847069,1609508028363573,5628333452,-0.944768,0.01952,0.216672,-0.20125,-4.97,-12.0925,6.992,-9.968,27.376001,inter_set_rest,4,7.0,36424.0,183392.0,94773.0,193373.0,102519.0
2026-04-14 18:15:34.793403,847070,1609508028372547,5628342307,-0.944768,0.01952,0.216672,7.16625,-3.36875,-15.11125,6.992,-9.968,27.376001,inter_set_rest,4,7.0,36424.0,183392.0,94773.0,193373.0,102519.0
2026-04-14 18:15:34.795898,847071,1609508028387013,5628357226,-1.036512,0.066368,0.085888,13.48375,-2.49375,-18.24375,7.328001,-9.816001,28.528002,inter_set_rest,4,7.0,36424.0,183392.0,94773.0,193373.0,102519.0
2026-04-14 18:15:34.798391,847072,1609508028395962,5628365963,-1.036512,0.0976,0.212768,19.20625,-1.00625,-20.09875,7.328001,-9.816001,28.528002,inter_set_rest,4,7.0,36424.0,183392.0,94773.0,193373.0,102519.0
2026-04-14 18:15:34.803513,847073,1609508028410707,5628380887,-1.003328,0.0976,0.212768,24.14125,0.25375,-21.25375,6.952,-10.168,28.232002,inter_set_rest,4,7.0,36424.0,183392.0,94773.0,193373.0,102519.0
2026-04-14 18:15:34.805999,847074,1609508028419664,5628389584,-0.981856,0.128832,0.28304,28.63875,0.8225,-22.1375,6.84,-10.456,27.960001,inter_set_rest,4,7.0,36424.0,183392.0,94773.0,193373.0,102519.0
2026-04-14 18:15:34.808549,847075,1609508028428731,5628398335,-0.981856,0.128832,0.28304,31.42125,0.9975,-22.44375,6.84,-10.456,27.960001,inter_set_rest,4,7.0,36424.0,183392.0,94773.0,193373.0,102519.0
2026-04-14 18:15:34.845708,847086,1609508028443984,5628413385,-0.94672,0.11712,0.20496,31.57875,0.77,-23.0475,6.872,-10.904,28.544,inter_set_rest,4,7.0,36572.0,182199.0,95015.0,192047.0,102829.0
2026-04-14 18:15:34.848493,847087,1609508028453065,5628422135,-0.94672,0.11712,0.20496,30.5025,0.2275,-23.77375,6.872,-10.904,28.544,inter_set_rest,4,7.0,36572.0,182199.0,95015.0,192047.0,102829.0
2026-04-14 18:15:34.851032,847088,1609508028462118,5628430917,-1.001376,0.124928,0.02928,28.65625,-0.4025,-24.31625,6.824,-10.8,28.640001,inter_set_rest,4,7.0,36572.0,182199.0,95015.0,192047.0,102829.0
2026-04-14 18:15:34.854374,847089,1609508028477048,5628445915,-0.935008,0.142496,0.236192,26.01375,-0.27125,-24.82375,6.384,-11.184001,27.568,inter_set_rest,4,7.0,36572.0,182199.0,95015.0,192047.0,102829.0
2026-04-14 18:15:34.863259,847090,1609508028485976,5628454794,-0.935008,0.142496,0.236192,23.695,-0.32375,-25.6375,6.384,-11.184001,27.568,inter_set_rest,4,7.0,36572.0,182199.0,95015.0,192047.0,102829.0
2026-04-14 18:15:34.878407,847091,1609508028501243,5628469745,-0.94672,0.128832,0.113216,21.428751,-0.51625,-26.145,6.864,-11.744,26.6,inter_set_rest,4,7.0,36572.0,182199.0,95015.0,192047.0,102829.0
2026-04-14 18:15:34.889653,847092,1609508028510568,5628480484,-0.94672,0.128832,0.113216,19.39875,-0.04375,-26.85375,6.864,-11.744,26.6,inter_set_rest,4,7.0,36572.0,182199.0,95015.0,192047.0,102829.0
2026-04-14 18:15:34.900872,847093,1609508028519538,5628489187,-1.06384,0.154208,0.025376,17.675,1.5925,-27.755001,8.008,-11.664001,26.240002,inter_set_rest,4,7.0,36572.0,182199.0,95015.0,192047.0,102829.0
2026-04-14 18:15:34.912281,847094,1609508028534068,5628504141,-1.06384,0.154208,0.025376,16.75625,3.28125,-29.12875,8.008,-11.664001,26.240002,inter_set_rest,4,7.0,36572.0,182199.0,95015.0,192047.0,102829.0
2026-04-14 18:15:34.944571,847105,1609508028543562,5628512991,-1.052128,0.128832,0.08784,16.835001,5.48625,-31.053751,8.328,-11.864,26.208002,inter_set_rest,4,7.0,35957.0,182346.0,93921.0,192210.0,101568.0
2026-04-14 18:15:34.947267,847106,1609508028552621,5628521763,-1.052128,0.128832,0.08784,16.84375,6.4575,-32.7775,8.328,-11.864,26.208002,inter_set_rest,4,7.0,35957.0,182346.0,93921.0,192210.0,101568.0
2026-04-14 18:15:34.949801,847107,1609508028567216,5628536733,-1.067744,0.13664,0.179584,17.45625,6.58,-33.635,8.544001,-11.784,27.176,inter_set_rest,4,7.0,35957.0,182346.0,93921.0,192210.0,101568.0
2026-04-14 18:15:34.957015,847108,1609508028576171,5628545510,-1.067744,0.13664,0.179584,18.43625,5.90625,-33.95,8.544001,-11.784,27.176,inter_set_rest,4,7.0,35957.0,182346.0,93921.0,192210.0,101568.0
2026-04-14 18:15:34.969224,847109,1609508028590682,5628560408,-1.071648,0.169824,0.251808,20.1075,4.68125,-33.64375,7.984,-11.76,26.968,inter_set_rest,4,7.0,35957.0,182346.0,93921.0,192210.0,101568.0
2026-04-14 18:15:34.980884,847110,1609508028599624,5628569097,-1.136064,0.171776,0.001952,21.90125,4.17375,-32.585,8.216001,-12.168,26.928001,inter_set_rest,4,7.0,35957.0,182346.0,93921.0,192210.0,101568.0
2026-04-14 18:15:34.992155,847111,1609508028614144,5628584025,-1.136064,0.171776,0.001952,22.61,4.50625,-30.6425,8.216001,-12.168,26.928001,inter_set_rest,4,7.0,35957.0,182346.0,93921.0,192210.0,101568.0
2026-04-14 18:15:35.000586,847112,1609508028623102,5628592744,-1.159488,0.191296,0.074176,22.4525,5.53875,-27.57125,9.200001,-12.432,25.944002,inter_set_rest,4,7.0,35957.0,182346.0,93921.0,192210.0,101568.0
2026-04-14 18:15:35.011013,847113,1609508028632068,5628601448,-1.159488,0.191296,0.074176,21.647501,7.0175,-24.31625,9.200001,-12.432,25.944002,inter_set_rest,4,7.0,35957.0,182346.0,93921.0,192210.0,101568.0
2026-04-14 18:15:35.047308,847124,1609508028647074,5628616583,-1.153632,0.1952,0.119072,19.6525,6.88625,-20.27375,9.488001,-12.76,25.872002,inter_set_rest,4,7.0,35668.0,181950.0,93453.0,191873.0,101051.0
2026-04-14 18:15:35.051866,847125,1609508028656259,5628625566,-1.153632,0.1952,0.119072,17.92,6.92125,-15.846251,9.488001,-12.76,25.872002,inter_set_rest,4,7.0,35668.0,181950.0,93453.0,191873.0,101051.0
2026-04-14 18:15:35.074658,847126,1609508028670790,5628640558,-1.022848,0.160064,0.187392,15.75875,7.13125,-11.06875,8.696,-12.576,27.736002,inter_set_rest,4,7.0,35668.0,181950.0,93453.0,191873.0,101051.0
2026-04-14 18:15:35.099379,847127,1609508028679774,5628649257,-1.016992,0.171776,0.212768,12.67,7.805,-7.0175,8.136001,-12.104001,27.504002,inter_set_rest,4,7.0,35668.0,181950.0,93453.0,191873.0,101051.0
2026-04-14 18:15:35.124850,847128,1609508028688667,5628657917,-1.016992,0.171776,0.212768,8.75875,9.065,-3.73625,8.136001,-12.104001,27.504002,inter_set_rest,4,7.0,35668.0,181950.0,93453.0,191873.0,101051.0
2026-04-14 18:15:35.126929,847129,1609508028703316,5628672821,-1.028704,0.162016,0.183488,5.18875,10.43875,-0.90125,7.712,-12.896001,26.568,inter_set_rest,4,7.0,35668.0,181950.0,93453.0,191873.0,101051.0
2026-04-14 18:15:35.156400,847130,1609508028712275,5628681519,-1.028704,0.162016,0.183488,2.09125,10.99,0.86625,7.712,-12.896001,26.568,inter_set_rest,4,7.0,35668.0,181950.0,93453.0,191873.0,101051.0
2026-04-14 18:15:35.167161,847131,1609508028726756,5628696429,-1.075552,0.181536,0.1952,-1.00625,10.31625,2.31,9.384001,-12.784,26.672,inter_set_rest,4,7.0,35668.0,181950.0,93453.0,191873.0,101051.0
2026-04-14 18:15:35.169666,847132,1609508028735685,5628705119,-1.075552,0.181536,0.1952,-3.01,9.16125,2.84375,9.384001,-12.784,26.672,inter_set_rest,4,7.0,35668.0,181950.0,93453.0,191873.0,101051.0
2026-04-14 18:15:35.197279,847143,1609508028750391,5628720151,-1.10288,0.163968,0.070272,-4.29625,8.365,3.01875,8.848001,-12.608001,26.320002,inter_set_rest,4,7.0,36005.0,181916.0,94002.0,191804.0,101712.0
2026-04-14 18:15:35.199783,847144,1609508028759329,5628728866,-1.032608,0.122976,0.099552,-4.4625,8.505,2.625,8.992001,-12.360001,25.384,inter_set_rest,4,7.0,36005.0,181916.0,94002.0,191804.0,101712.0
2026-04-14 18:15:35.202175,847145,1609508028768257,5628737534,-1.032608,0.122976,0.099552,-4.7425,9.52875,2.0475,8.992001,-12.360001,25.384,inter_set_rest,4,7.0,36005.0,181916.0,94002.0,191804.0,101712.0
2026-04-14 18:15:35.204320,847146,1609508028782801,5628752412,-1.018944,0.115168,0.081984,-3.40375,9.2575,1.715,9.448001,-12.872001,24.856,inter_set_rest,4,7.0,36005.0,181916.0,94002.0,191804.0,101712.0
2026-04-14 18:15:35.207253,847147,1609508028791755,5628761131,-1.018944,0.115168,0.081984,-1.12875,7.9275,1.84625,9.448001,-12.872001,24.856,inter_set_rest,4,7.0,36005.0,181916.0,94002.0,191804.0,101712.0
2026-04-14 18:15:35.209772,847148,1609508028806559,5628776198,-1.007232,0.160064,0.257664,0.93625,6.9475,2.49375,10.304001,-13.064001,25.776001,inter_set_rest,4,7.0,36005.0,181916.0,94002.0,191804.0,101712.0
2026-04-14 18:15:35.212206,847149,1609508028815504,5628784917,-1.007232,0.160064,0.257664,2.3275,7.455,2.02125,10.304001,-13.064001,25.776001,inter_set_rest,4,7.0,36005.0,181916.0,94002.0,191804.0,101712.0
2026-04-14 18:15:35.214561,847150,1609508028824733,5628793626,-1.079456,0.16592,0.138592,3.6925,9.45875,1.295,10.168,-13.416,24.976002,inter_set_rest,4,7.0,36005.0,181916.0,94002.0,191804.0,101712.0
2026-04-14 18:15:35.217293,847151,1609508028839235,5628808686,-1.085312,0.15616,0.095648,4.69,10.63125,0.6475,12.216001,-13.56,29.096,inter_set_rest,4,7.0,36005.0,181916.0,94002.0,191804.0,101712.0
2026-04-14 18:15:35.250592,847162,1609508028848834,5628817687,-1.085312,0.15616,0.095648,4.97,10.395,0.385,10.400001,-13.56,29.096,inter_set_rest,4,7.0,36064.0,181891.0,94121.0,191784.0,101891.0
2026-04-14 18:15:35.251543,847163,1609508028863549,5628832685,-1.036512,0.173728,0.27328,4.2175,9.555,0.11375,10.376,-13.64,24.880001,inter_set_rest,4,7.0,36064.0,181891.0,94121.0,191784.0,101891.0
2026-04-14 18:15:35.254201,847164,1609508028872643,5628841404,-1.036512,0.173728,0.27328,2.82625,8.14625,0.0525,10.376,-13.64,24.880001,inter_set_rest,4,7.0,36064.0,181891.0,94121.0,191784.0,101891.0
2026-04-14 18:15:35.260975,847165,1609508028882014,5628852173,-1.056032,0.177632,0.281088,1.0675,8.58375,0.0,10.616,-13.416,24.816002,inter_set_rest,4,7.0,36064.0,181891.0,94121.0,191784.0,101891.0
2026-04-14 18:15:35.274713,847166,1609508028896511,5628865034,-1.056032,0.177632,0.281088,-0.30625,9.37125,-0.58625,10.616,-13.416,24.816002,inter_set_rest,4,7.0,36064.0,181891.0,94121.0,191784.0,101891.0
2026-04-14 18:15:35.284801,847167,1609508028905910,5628875822,-1.042368,0.12688,0.128832,-1.645,9.065,-0.8575,10.688001,-12.872001,25.064001,inter_set_rest,4,7.0,36064.0,181891.0,94121.0,191784.0,101891.0
2026-04-14 18:15:35.293550,847168,1609508028914996,5628884482,-1.042368,0.12688,0.128832,-2.89625,8.40875,-0.245,10.688001,-12.872001,25.064001,inter_set_rest,4,7.0,36064.0,181891.0,94121.0,191784.0,101891.0
2026-04-14 18:15:35.308534,847169,1609508028929486,5628899375,-1.11264,0.1464,0.064416,-4.4625,7.595,0.32375,10.936001,-13.288001,25.04,inter_set_rest,4,7.0,36064.0,181891.0,94121.0,191784.0,101891.0
2026-04-14 18:15:35.319789,847170,1609508028938484,5628908049,-1.11264,0.1464,0.064416,-5.53875,7.21875,0.55125,10.936001,-13.288001,25.04,inter_set_rest,4,7.0,36064.0,181891.0,94121.0,191784.0,101891.0
2026-04-14 18:15:35.358711,847181,1609508028953066,5628923052,-1.030656,0.124928,0.244,-5.90625,6.62375,0.9625,10.816001,-13.408001,25.2,inter_set_rest,4,7.0,35922.0,181808.0,93812.0,191705.0,101557.0
2026-04-14 18:15:35.368614,847182,1609508028962223,5628931758,-1.042368,0.113216,0.1952,-6.09875,5.53875,1.3125,9.976001,-13.072001,25.720001,inter_set_rest,4,7.0,35922.0,181808.0,93812.0,191705.0,101557.0
2026-04-14 18:15:35.370760,847183,1609508028976812,5628946696,-1.042368,0.113216,0.1952,-5.88,3.6575,1.8025,9.976001,-13.072001,25.720001,inter_set_rest,4,7.0,35922.0,181808.0,93812.0,191705.0,101557.0
2026-04-14 18:15:35.370832,847184,1609508028985852,5628955423,-1.020896,0.128832,0.281088,-4.19125,1.82,2.03,10.008,-13.264001,24.840002,inter_set_rest,4,7.0,35922.0,181808.0,93812.0,191705.0,101557.0
2026-04-14 18:15:35.373380,847185,1609508028994821,5628964120,-1.020896,0.128832,0.281088,-3.08875,0.1925,2.75625,10.008,-13.264001,24.840002,inter_set_rest,4,7.0,35922.0,181808.0,93812.0,191705.0,101557.0
2026-04-14 18:15:35.389676,847186,1609508029009287,5628979056,-1.110688,0.15616,0.179584,-1.68,-0.8225,3.0625,11.320001,-13.480001,24.976002,inter_set_rest,4,7.0,35922.0,181808.0,93812.0,191705.0,101557.0
2026-04-14 18:15:35.397229,847187,1609508029018199,5628987729,-1.110688,0.15616,0.179584,-0.4025,-1.14625,2.765,11.320001,-13.480001,24.976002,inter_set_rest,4,7.0,35922.0,181808.0,93812.0,191705.0,101557.0
2026-04-14 18:15:35.412284,847188,1609508029032740,5629002642,-1.0248,0.138592,0.284992,1.11125,-2.03,2.695,10.728001,-13.512001,24.800001,inter_set_rest,4,7.0,35922.0,181808.0,93812.0,191705.0,101557.0
2026-04-14 18:15:35.446061,847189,1609508029041705,5629011355,-1.030656,0.15616,0.300608,2.87875,-2.66,2.345,10.112,-13.136001,24.480001,inter_set_rest,4,7.0,35922.0,181808.0,93812.0,191705.0,101557.0
2026-04-14 18:15:35.506016,847200,1609508029050908,5629020167,-1.030656,0.15616,0.300608,3.70125,-3.3425,2.485,10.112,-13.136001,24.480001,inter_set_rest,4,7.0,36043.0,181779.0,94028.0,191664.0,101850.0
2026-04-14 18:15:35.508328,847201,1609508029065462,5629035154,-1.10288,0.158112,0.054656,4.7775,-4.13875,1.89875,10.464001,-13.712001,24.688002,inter_set_rest,4,7.0,36043.0,181779.0,94028.0,191664.0,101850.0
2026-04-14 18:15:35.511033,847202,1609508029074397,5629043860,-1.10288,0.158112,0.054656,4.655,-4.6375,1.3825,10.464001,-13.712001,24.688002,inter_set_rest,4,7.0,36043.0,181779.0,94028.0,191664.0,101850.0
2026-04-14 18:15:35.513085,847203,1609508029088875,5629058754,-1.007232,0.158112,0.257664,4.7075,-4.2875,0.5075,10.536,-13.616,24.792002,inter_set_rest,4,7.0,36043.0,181779.0,94028.0,191664.0,101850.0
2026-04-14 18:15:35.515686,847204,1609508029097799,5629067429,-1.007232,0.158112,0.257664,3.91125,-4.47125,-0.28875,10.536,-13.616,24.792002,inter_set_rest,4,7.0,36043.0,181779.0,94028.0,191664.0,101850.0
2026-04-14 18:15:35.520747,847205,1609508029112291,5629082407,-1.087264,0.17568,0.138592,2.8175,-4.83875,-0.735,10.312,-13.848001,24.624,inter_set_rest,4,7.0,36043.0,181779.0,94028.0,191664.0,101850.0
2026-04-14 18:15:35.521288,847206,1609508029121279,5629091097,-1.036512,0.134688,0.06832,1.96,-5.18,-1.19,10.392,-13.544001,23.400002,inter_set_rest,4,7.0,36043.0,181779.0,94028.0,191664.0,101850.0
2026-04-14 18:15:35.522866,847207,1609508029130261,5629099797,-1.036512,0.134688,0.06832,1.33,-4.9875,-1.6275,10.392,-13.544001,23.400002,inter_set_rest,4,7.0,36043.0,181779.0,94028.0,191664.0,101850.0
2026-04-14 18:15:35.553162,847218,1609508029145031,5629115040,-1.067744,0.144448,0.056608,1.70625,-4.97,-1.96875,10.64,-13.64,25.184002,inter_set_rest,4,7.0,35998.0,181736.0,93983.0,191626.0,101784.0
2026-04-14 18:15:35.555737,847219,1609508029154061,5629123845,-1.067744,0.144448,0.056608,2.8175,-4.57625,-2.3975,10.64,-13.64,25.184002,inter_set_rest,4,7.0,35998.0,181736.0,93983.0,191626.0,101784.0
2026-04-14 18:15:35.558160,847220,1609508029168677,5629138757,-1.007232,0.148352,0.236192,3.17625,-4.55,-2.2575,9.6,-13.824,25.872002,inter_set_rest,4,7.0,35998.0,181736.0,93983.0,191626.0,101784.0
2026-04-14 18:15:35.560704,847221,1609508029177642,5629147498,-1.007232,0.148352,0.236192,3.395,-4.96125,-1.96875,9.6,-13.824,25.872002,inter_set_rest,4,7.0,35998.0,181736.0,93983.0,191626.0,101784.0
2026-04-14 18:15:35.565726,847222,1609508029186633,5629156202,-1.110688,0.187392,0.17568,3.7625,-5.0925,-1.58375,9.400001,-13.880001,25.984001,inter_set_rest,4,7.0,35998.0,181736.0,93983.0,191626.0,101784.0
2026-04-14 18:15:35.580757,847223,1609508029201135,5629171169,-1.110688,0.18544,0.158112,4.2875,-5.215,-0.595,9.400001,-13.880001,23.936,inter_set_rest,4,7.0,35998.0,181736.0,93983.0,191626.0,101784.0
2026-04-14 18:15:35.588152,847224,1609508029210137,5629179807,-1.114592,0.18544,0.158112,4.865,-5.1625,0.13125,10.224001,-14.168,22.84,inter_set_rest,4,7.0,35998.0,181736.0,93983.0,191626.0,101784.0
2026-04-14 18:15:35.603388,847225,1609508029224658,5629194693,-1.050176,0.177632,0.277184,5.145,-5.45125,1.18125,9.976001,-14.368001,25.080002,inter_set_rest,4,7.0,35998.0,181736.0,93983.0,191626.0,101784.0
2026-04-14 18:15:35.614495,847226,1609508029233725,5629203403,-1.050176,0.177632,0.277184,5.0925,-5.92375,1.54875,9.976001,-14.368001,25.080002,inter_set_rest,4,7.0,35998.0,181736.0,93983.0,191626.0,101784.0
2026-04-14 18:15:35.653209,847237,1609508029248366,5629218316,-1.04432,0.132736,0.074176,5.215,-6.15125,2.485,9.776,-14.416,25.656002,inter_set_rest,4,7.0,35936.0,181657.0,93865.0,191578.0,101678.0
2026-04-14 18:15:35.655735,847238,1609508029257558,5629227144,-1.04432,0.132736,0.074176,5.73125,-6.11625,3.5,9.776,-14.416,25.656002,inter_set_rest,4,7.0,35936.0,181657.0,93865.0,191578.0,101678.0
2026-04-14 18:15:35.657970,847239,1609508029266542,5629235875,-1.056032,0.183488,0.197152,7.41125,-6.5275,4.5675,8.072001,-13.696001,27.000002,inter_set_rest,4,7.0,35936.0,181657.0,93865.0,191578.0,101678.0
2026-04-14 18:15:35.660505,847240,1609508029281061,5629250805,-1.056032,0.183488,0.197152,8.23375,-7.315,5.27625,8.072001,-13.696001,27.000002,inter_set_rest,4,7.0,35936.0,181657.0,93865.0,191578.0,101678.0
2026-04-14 18:15:35.668189,847241,1609508029290133,5629259519,-0.977952,0.142496,0.11712,7.77875,-7.1575,6.23875,8.256001,-14.408001,26.664001,inter_set_rest,4,7.0,35936.0,181657.0,93865.0,191578.0,101678.0
2026-04-14 18:15:35.684496,847242,1609508029304647,5629274463,-1.071648,0.18544,0.124928,6.8775,-5.845,7.0,9.6,-15.152,24.52,inter_set_rest,4,7.0,35936.0,181657.0,93865.0,191578.0,101678.0
2026-04-14 18:15:35.692022,847243,1609508029313583,5629283159,-1.071648,0.18544,0.124928,5.71375,-4.0075,6.86,9.6,-15.152,24.52,inter_set_rest,4,7.0,35936.0,181657.0,93865.0,191578.0,101678.0
2026-04-14 18:15:35.702019,847244,1609508029322538,5629291848,-0.989664,0.16592,0.261568,5.3725,-2.72125,5.9325,9.496,-15.056001,24.880001,inter_set_rest,4,7.0,35936.0,181657.0,93865.0,191578.0,101678.0
2026-04-14 18:15:35.714553,847245,1609508029337046,5629306826,-0.989664,0.16592,0.261568,6.15125,-2.5375,5.3725,9.496,-15.056001,24.880001,inter_set_rest,4,7.0,35936.0,181657.0,93865.0,191578.0,101678.0
2026-04-14 18:15:35.725626,847246,1609508029346010,5629315542,-1.056032,0.1952,0.113216,6.44875,-3.6575,5.3725,9.176001,-14.968,25.784,inter_set_rest,4,7.0,35936.0,181657.0,93865.0,191578.0,101678.0
2026-04-14 18:15:35.755685,847257,1609508029360545,5629330480,-1.056032,0.1952,0.113216,6.48375,-3.94625,4.725,9.176001,-14.968,25.784,inter_set_rest,4,7.0,36291.0,181699.0,94502.0,191579.0,102419.0
2026-04-14 18:15:35.758167,847258,1609508029369478,5629339159,-0.981856,0.193248,0.240096,7.0,-3.49125,4.2875,8.264,-15.152,24.896002,inter_set_rest,4,7.0,36291.0,181699.0,94502.0,191579.0,102419.0
2026-04-14 18:15:35.764282,847259,1609508029384013,5629354051,-1.020896,0.197152,0.181536,7.49875,-2.8175,4.40125,9.336,-15.584001,23.344002,inter_set_rest,4,7.0,36291.0,181699.0,94502.0,191579.0,102419.0
2026-04-14 18:15:35.790737,847260,1609508029393065,5629362772,-1.020896,0.197152,0.181536,7.8225,-1.6625,4.40125,9.336,-15.584001,23.344002,inter_set_rest,4,7.0,36291.0,181699.0,94502.0,191579.0,102419.0
2026-04-14 18:15:35.793251,847261,1609508029402048,5629371479,-1.020896,0.197152,0.259616,8.25125,-1.25125,4.64625,9.336,-15.584001,23.344002,inter_set_rest,4,7.0,36291.0,181699.0,94502.0,191579.0,102419.0
2026-04-14 18:15:35.795716,847262,1609508029416565,5629386368,-1.00528,0.210816,0.261568,9.1525,-1.4,4.61125,9.120001,-15.576001,20.616001,inter_set_rest,4,7.0,36291.0,181699.0,94502.0,191579.0,102419.0
2026-04-14 18:15:35.823383,847263,1609508029425647,5629395093,-0.958432,0.187392,0.244,9.24875,-1.61875,4.19125,8.832001,-15.840001,24.128,inter_set_rest,4,7.0,36291.0,181699.0,94502.0,191579.0,102419.0
2026-04-14 18:15:35.826907,847264,1609508029440110,5629409992,-0.958432,0.187392,0.244,9.44125,-1.3125,3.605,8.832001,-15.840001,24.128,inter_set_rest,4,7.0,36291.0,181699.0,94502.0,191579.0,102419.0
2026-04-14 18:15:35.897004,847275,1609508029449419,5629419096,-1.001376,0.173728,0.11712,8.995,-1.1375,3.05375,7.352,-15.232,26.208002,inter_set_rest,4,7.0,36135.0,181950.0,94178.0,191778.0,102062.0
2026-04-14 18:15:35.899525,847276,1609508029458536,5629427845,-1.001376,0.173728,0.11712,8.39125,-1.37375,2.8525,7.352,-15.232,26.208002,inter_set_rest,4,7.0,36135.0,181950.0,94178.0,191778.0,102062.0
2026-04-14 18:15:35.901948,847277,1609508029472989,5629442776,-1.095072,0.206912,0.144448,8.07625,-2.31875,2.5375,7.224001,-15.272,26.152,inter_set_rest,4,7.0,36135.0,181950.0,94178.0,191778.0,102062.0
2026-04-14 18:15:35.904413,847278,1609508029481923,5629451483,-1.095072,0.206912,0.144448,8.89,-3.35125,2.93125,7.224001,-15.272,26.152,inter_set_rest,4,7.0,36135.0,181950.0,94178.0,191778.0,102062.0
2026-04-14 18:15:35.907031,847279,1609508029496571,5629466378,-1.052128,0.15616,0.070272,11.29625,-3.85,4.48,7.096,-15.856001,26.400002,inter_set_rest,4,7.0,36135.0,181950.0,94178.0,191778.0,102062.0
2026-04-14 18:15:35.910911,847280,1609508029505673,5629475098,-1.14192,0.17568,0.007808,14.28,-4.27875,6.36125,7.912,-15.944001,25.28,inter_set_rest,4,7.0,36135.0,181950.0,94178.0,191778.0,102062.0
2026-04-14 18:15:35.911707,847281,1609508029520201,5629490057,-1.14192,0.17568,0.007808,17.71875,-4.55875,8.9775,7.912,-15.944001,25.28,inter_set_rest,4,7.0,36135.0,181950.0,94178.0,191778.0,102062.0
2026-04-14 18:15:35.914285,847282,1609508029529199,5629498811,-1.149728,0.197152,0.11712,21.175,-4.71625,12.15375,7.736001,-16.728,25.064001,inter_set_rest,4,7.0,36135.0,181950.0,94178.0,191778.0,102062.0
2026-04-14 18:15:35.920165,847283,1609508029538155,5629507555,-1.149728,0.197152,0.11712,24.10625,-4.9,15.645,7.736001,-16.728,25.064001,inter_set_rest,4,7.0,36135.0,181950.0,94178.0,191778.0,102062.0
2026-04-14 18:15:35.950768,847294,1609508029552863,5629522546,-1.116544,0.199104,0.193248,25.69875,-4.4975,18.4625,7.568,-17.152,24.656002,inter_set_rest,4,7.0,35707.0,181741.0,93429.0,191675.0,101231.0
2026-04-14 18:15:35.953264,847295,1609508029562070,5629531285,-1.116544,0.199104,0.193248,26.74,-3.12375,21.06125,7.568,-17.152,24.656002,inter_set_rest,4,7.0,35707.0,181741.0,93429.0,191675.0,101231.0
2026-04-14 18:15:35.955731,847296,1609508029576585,5629546213,-1.16144,0.183488,-0.025376,27.39625,-0.55125,22.32125,7.416,-17.064001,24.264002,inter_set_rest,4,7.0,35707.0,181741.0,93429.0,191675.0,101231.0
2026-04-14 18:15:35.964468,847297,1609508029585535,5629554918,-1.155584,0.22448,0.191296,26.74,2.35375,22.2075,7.056,-18.096,24.288002,inter_set_rest,4,7.0,35707.0,181741.0,93429.0,191675.0,101231.0
2026-04-14 18:15:35.971890,847298,1609508029594470,5629563693,-1.155584,0.22448,0.191296,24.22875,5.52125,20.755,7.056,-18.096,24.288002,inter_set_rest,4,7.0,35707.0,181741.0,93429.0,191675.0,101231.0
2026-04-14 18:15:35.986962,847299,1609508029608983,5629578570,-1.167296,0.20496,-0.001952,20.58,7.315,18.8475,8.08,-18.184,23.36,inter_set_rest,4,7.0,35707.0,181741.0,93429.0,191675.0,101231.0
2026-04-14 18:15:35.998250,847300,1609508029617930,5629587256,-1.167296,0.20496,-0.001952,15.42625,8.4,15.89875,8.08,-18.184,23.36,inter_set_rest,4,7.0,35707.0,181741.0,93429.0,191675.0,101231.0
2026-04-14 18:15:36.014268,847301,1609508029632451,5629602160,-1.03456,0.193248,0.16592,9.02125,9.3975,12.66125,8.200001,-18.024,24.000002,inter_set_rest,4,7.0,35707.0,181741.0,93429.0,191675.0,101231.0
2026-04-14 18:15:36.019213,847302,1609508029641397,5629610940,-1.03456,0.193248,0.16592,2.12625,10.36,9.63375,8.200001,-18.024,24.000002,inter_set_rest,4,7.0,35707.0,181741.0,93429.0,191675.0,101231.0
2026-04-14 18:15:36.050691,847313,1609508029655994,5629624385,-1.03456,0.208864,0.269376,-5.565,11.235,6.895,8.272,-18.112001,23.096,inter_set_rest,4,7.0,35819.0,181702.0,93613.0,191570.0,101475.0
2026-04-14 18:15:36.053277,847314,1609508029665414,5629635171,-1.120448,0.17568,0.037088,-12.775,11.76875,4.2525,7.008,-17.248001,21.488,inter_set_rest,4,7.0,35819.0,181702.0,93613.0,191570.0,101475.0
2026-04-14 18:15:36.055737,847315,1609508029674388,5629643866,-1.120448,0.17568,0.037088,-18.4625,11.7775,2.86125,7.008,-17.248001,21.488,inter_set_rest,4,7.0,35819.0,181702.0,93613.0,191570.0,101475.0
2026-04-14 18:15:36.068237,847316,1609508029689006,5629658772,-1.130208,0.189344,0.199104,-22.365,10.92,1.785,7.920001,-17.240002,24.344002,inter_set_rest,4,7.0,35819.0,181702.0,93613.0,191570.0,101475.0
2026-04-14 18:15:36.077016,847317,1609508029698095,5629667475,-1.130208,0.189344,0.199104,-24.815,8.33,1.51375,7.920001,-17.240002,24.344002,inter_set_rest,4,7.0,35819.0,181702.0,93613.0,191570.0,101475.0
2026-04-14 18:15:36.093228,847318,1609508029712579,5629682360,-1.136064,0.16592,0.121024,-25.366251,6.69375,1.04125,8.56,-17.448,23.376001,inter_set_rest,4,7.0,35819.0,181702.0,93613.0,191570.0,101475.0
2026-04-14 18:15:36.100615,847319,1609508029721492,5629691029,-1.136064,0.16592,0.121024,-25.1825,5.0575,0.21875,8.56,-17.448,23.376001,inter_set_rest,4,7.0,35819.0,181702.0,93613.0,191570.0,101475.0
2026-04-14 18:15:36.108088,847320,1609508029730530,5629699740,-1.124352,0.13664,0.089792,-23.9225,3.77125,-0.60375,8.832001,-17.256,24.496,inter_set_rest,4,7.0,35819.0,181702.0,93613.0,191570.0,101475.0
2026-04-14 18:15:36.123115,847321,1609508029745024,5629714651,-1.046272,0.124928,0.306464,-23.12625,3.01,-1.4875,8.832001,-16.848001,23.560001,inter_set_rest,4,7.0,35819.0,181702.0,93613.0,191570.0,101475.0
2026-04-14 18:15:36.151984,847332,1609508029754147,5629723448,-1.046272,0.124928,0.306464,-21.63875,1.81125,-2.96625,8.608001,-16.848001,23.560001,inter_set_rest,4,7.0,35637.0,181567.0,93301.0,191457.0,101133.0
2026-04-14 18:15:36.177022,847333,1609508029768661,5629738390,-1.108736,0.1464,0.320128,-20.13375,-0.00875,-4.27,7.992001,-16.568,24.664001,inter_set_rest,4,7.0,35637.0,181567.0,93301.0,191457.0,101133.0
2026-04-14 18:15:36.202202,847334,1609508029777651,5629747118,-1.108736,0.1464,0.320128,-18.55,-2.6075,-4.8125,7.992001,-16.568,24.664001,inter_set_rest,4,7.0,35637.0,181567.0,93301.0,191457.0,101133.0
2026-04-14 18:15:36.212246,847335,1609508029786700,5629755828,-1.186816,0.124928,0.128832,-16.8525,-3.91125,-5.15375,8.120001,-16.16,25.432001,inter_set_rest,4,7.0,35637.0,181567.0,93301.0,191457.0,101133.0
2026-04-14 18:15:36.214792,847336,1609508029801155,5629770748,-1.186816,0.124928,0.128832,-14.3675,-5.13625,-5.67875,8.120001,-16.16,25.432001,inter_set_rest,4,7.0,35637.0,181567.0,93301.0,191457.0,101133.0
2026-04-14 18:15:36.216899,847337,1609508029810088,5629779423,-1.227808,0.11712,0.134688,-11.08625,-6.6675,-7.18375,7.512001,-16.024,24.816002,inter_set_rest,4,7.0,35637.0,181567.0,93301.0,191457.0,101133.0
2026-04-14 18:15:36.219692,847338,1609508029824572,5629794357,-1.227808,0.11712,0.134688,-6.9475,-9.70375,-8.07625,7.512001,-16.024,24.816002,inter_set_rest,4,7.0,35637.0,181567.0,93301.0,191457.0,101133.0
2026-04-14 18:15:36.221790,847339,1609508029833666,5629803225,-1.159488,0.05856,0.122976,-2.45,-13.685,-9.0125,7.688,-15.840001,26.640001,inter_set_rest,4,7.0,35637.0,181567.0,93301.0,191457.0,101133.0
2026-04-14 18:15:36.227312,847340,1609508029848401,5629818138,-1.13216,0.072224,0.27328,3.1325,-17.66625,-9.98375,6.704001,-15.808001,25.52,inter_set_rest,4,7.0,35637.0,181567.0,93301.0,191457.0,101133.0
2026-04-14 18:15:36.254396,847351,1609508029857410,5629826885,-1.13216,0.072224,0.27328,8.54875,-20.88625,-11.01625,6.704001,-15.808001,25.52,inter_set_rest,4,7.0,35245.0,181663.0,92559.0,191632.0,100282.0
2026-04-14 18:15:36.257323,847352,1609508029866515,5629835731,-1.114592,0.052704,0.17568,16.1175,-24.33375,-11.64625,6.096,-16.288,23.920002,inter_set_rest,4,7.0,35245.0,181663.0,92559.0,191632.0,100282.0
2026-04-14 18:15:36.261028,847353,1609508029881040,5629850636,-1.114592,0.052704,0.17568,24.29,-26.60875,-12.83625,6.096,-16.288,23.920002,inter_set_rest,4,7.0,35245.0,181663.0,92559.0,191632.0,100282.0
2026-04-14 18:15:36.268547,847354,1609508029890004,5629859356,-1.13216,0.101504,0.220576,32.095,-28.7175,-15.11125,6.920001,-17.008001,24.608002,inter_set_rest,4,7.0,35245.0,181663.0,92559.0,191632.0,100282.0
2026-04-14 18:15:36.285778,847355,1609508029904541,5629874272,-1.13216,0.101504,0.220576,38.35125,-30.30125,-17.43,6.920001,-17.008001,24.608002,inter_set_rest,4,7.0,35245.0,181663.0,92559.0,191632.0,100282.0
2026-04-14 18:15:36.293933,847356,1609508029913495,5629882966,-1.026752,0.103456,0.218624,43.6625,-30.70375,-20.0375,7.256001,-17.640001,23.152,inter_set_rest,4,7.0,35245.0,181663.0,92559.0,191632.0,100282.0
2026-04-14 18:15:36.302291,847357,1609508029922466,5629891629,-1.026752,0.103456,0.218624,47.32875,-30.616251,-22.93375,7.256001,-17.640001,23.152,inter_set_rest,4,7.0,35245.0,181663.0,92559.0,191632.0,100282.0
2026-04-14 18:15:36.314751,847358,1609508029937040,5629906591,-0.989664,0.1464,0.242048,49.1925,-30.00375,-26.31125,7.216001,-17.744001,23.984001,inter_set_rest,4,7.0,35245.0,181663.0,92559.0,191632.0,100282.0
2026-04-14 18:15:36.324787,847359,1609508029945971,5629915290,-1.00528,0.152256,-0.021472,49.28,-28.72625,-29.75,7.216001,-17.744001,22.128,inter_set_rest,4,7.0,35245.0,181663.0,92559.0,191632.0,100282.0
2026-04-14 18:15:36.356122,847370,1609508029960606,5629930370,-1.009184,0.152256,-0.021472,47.81,-26.775,-33.46875,7.152,-18.376001,22.128,inter_set_rest,4,7.0,36020.0,182312.0,93927.0,192146.0,101907.0
2026-04-14 18:15:36.358601,847371,1609508029969625,5629939067,-0.964288,0.148352,-0.03904,45.10625,-23.47625,-37.14375,6.28,-18.472,23.76,inter_set_rest,4,7.0,36020.0,182312.0,93927.0,192146.0,101907.0
2026-04-14 18:15:36.361796,847372,1609508029984236,5629954094,-0.964288,0.148352,-0.03904,41.36125,-19.92375,-41.36125,6.28,-18.472,23.76,inter_set_rest,4,7.0,36020.0,182312.0,93927.0,192146.0,101907.0
2026-04-14 18:15:36.372305,847373,1609508029993246,5629962796,-0.952576,0.154208,-0.027328,38.22875,-16.31,-45.89375,6.496,-18.448,22.44,inter_set_rest,4,7.0,36020.0,182312.0,93927.0,192146.0,101907.0
2026-04-14 18:15:36.380630,847374,1609508030002212,5629971484,-0.952576,0.154208,-0.027328,34.99125,-12.62625,-50.35625,6.496,-18.448,22.44,inter_set_rest,4,7.0,36020.0,182312.0,93927.0,192146.0,101907.0
2026-04-14 18:15:36.395879,847375,1609508030016805,5629986348,-0.997472,0.210816,0.167872,31.36,-9.30125,-55.04625,7.664001,-19.136002,22.36,inter_set_rest,4,7.0,36020.0,182312.0,93927.0,192146.0,101907.0
2026-04-14 18:15:36.403446,847376,1609508030025913,5629995055,-0.997472,0.210816,0.167872,28.11375,-6.46625,-59.885002,7.664001,-19.136002,22.36,inter_set_rest,4,7.0,36020.0,182312.0,93927.0,192146.0,101907.0
2026-04-14 18:15:36.432279,847377,1609508030040455,5630009928,-1.003328,0.173728,-0.066368,25.025,-3.24625,-64.155,7.864,-18.624,23.472002,inter_set_rest,4,7.0,36020.0,182312.0,93927.0,192146.0,101907.0
2026-04-14 18:15:36.434812,847378,1609508030049360,5630018646,-0.989664,0.187392,-0.05856,22.9075,-0.51625,-68.4425,7.952,-18.624,21.272001,inter_set_rest,4,7.0,36020.0,182312.0,93927.0,192146.0,101907.0
2026-04-14 18:15:36.462005,847389,1609508030058299,5630027379,-0.989664,0.187392,-0.05856,21.11375,2.52875,-71.54,7.952,-18.624,21.272001,inter_set_rest,4,7.0,35999.0,182436.0,93888.0,192235.0,101870.0
2026-04-14 18:15:36.464831,847390,1609508030072820,5630042419,-0.95648,0.232288,0.199104,19.03125,6.55375,-74.73375,9.440001,-18.768002,21.008001,inter_set_rest,4,7.0,35999.0,182436.0,93888.0,192235.0,101870.0
2026-04-14 18:15:36.467322,847391,1609508030081801,5630051191,-0.95648,0.232288,0.199104,16.94875,11.6725,-76.32625,9.440001,-18.768002,21.008001,inter_set_rest,4,7.0,35999.0,182436.0,93888.0,192235.0,101870.0
2026-04-14 18:15:36.475618,847392,1609508030096342,5630066111,-0.974048,0.238144,0.189344,14.42,16.4675,-77.735,10.264001,-18.488,21.192001,inter_set_rest,4,7.0,35999.0,182436.0,93888.0,192235.0,101870.0
2026-04-14 18:15:36.488120,847393,1609508030105297,5630074809,-0.974048,0.238144,0.189344,12.11875,20.58,-78.1375,10.264001,-18.488,21.192001,inter_set_rest,4,7.0,35999.0,182436.0,93888.0,192235.0,101870.0
2026-04-14 18:15:36.499753,847394,1609508030119887,5630089797,-0.976,0.206912,0.042944,9.6425,24.3775,-76.965004,10.976001,-18.216002,21.456001,inter_set_rest,4,7.0,35999.0,182436.0,93888.0,192235.0,101870.0
2026-04-14 18:15:36.507273,847395,1609508030128883,5630098482,-1.009184,0.216672,0.109312,6.615,28.192501,-75.99375,11.472,-17.76,20.976002,inter_set_rest,4,7.0,35999.0,182436.0,93888.0,192235.0,101870.0
2026-04-14 18:15:36.516927,847396,1609508030137986,5630107176,-1.009184,0.216672,0.109312,3.22,31.395,-73.42125,11.472,-17.76,20.976002,inter_set_rest,4,7.0,35999.0,182436.0,93888.0,192235.0,101870.0
2026-04-14 18:15:36.598519,847407,1609508030152506,5630122054,-1.03456,0.212768,0.288896,-0.02625,32.9175,-70.23625,11.488001,-17.264,20.608002,inter_set_rest,4,7.0,35779.0,181650.0,93497.0,191503.0,101429.0
2026-04-14 18:15:36.601124,847408,1609508030161599,5630130997,-1.03456,0.212768,0.288896,-2.28375,33.2675,-64.933754,11.488001,-17.264,20.608002,inter_set_rest,4,7.0,35779.0,181650.0,93497.0,191503.0,101429.0
2026-04-14 18:15:36.603620,847409,1609508030176142,5630145949,-1.036512,0.208864,0.269376,-1.84625,31.0625,-58.5025,12.824,-17.464,19.720001,inter_set_rest,4,7.0,35779.0,181650.0,93497.0,191503.0,101429.0
2026-04-14 18:15:36.605693,847410,1609508030185121,5630154761,-1.036512,0.208864,0.269376,1.505,27.01125,-51.93125,12.824,-17.464,19.720001,inter_set_rest,4,7.0,35779.0,181650.0,93497.0,191503.0,101429.0
2026-04-14 18:15:36.608159,847411,1609508030194066,5630163450,-1.059936,0.201056,0.140544,7.72625,22.155,-45.42125,13.952001,-17.144001,20.128,inter_set_rest,4,7.0,35779.0,181650.0,93497.0,191503.0,101429.0
2026-04-14 18:15:36.610592,847412,1609508030208749,5630178437,-1.056032,0.177632,0.290848,12.41625,18.15625,-37.94,14.056001,-17.032001,18.408,inter_set_rest,4,7.0,35779.0,181650.0,93497.0,191503.0,101429.0
2026-04-14 18:15:36.613407,847413,1609508030217788,5630187174,-1.056032,0.177632,0.290848,14.6475,13.7375,-29.3125,14.056001,-17.032001,18.408,inter_set_rest,4,7.0,35779.0,181650.0,93497.0,191503.0,101429.0
2026-04-14 18:15:36.616030,847414,1609508030232296,5630202139,-1.136064,0.16592,0.392352,16.24,7.42,-19.985,13.928,-17.584002,19.6,inter_set_rest,4,7.0,35779.0,181650.0,93497.0,191503.0,101429.0
2026-04-14 18:15:36.620642,847415,1609508030241223,5630210860,-1.136064,0.16592,0.392352,19.7575,-0.105,-10.31625,13.928,-17.584002,19.6,inter_set_rest,4,7.0,35779.0,181650.0,93497.0,191503.0,101429.0
2026-04-14 18:15:36.654325,847426,1609508030256446,5630225819,-1.11264,0.1464,0.199104,27.0375,-8.30375,-1.015,13.920001,-17.776001,19.368,inter_set_rest,4,7.0,36207.0,183657.0,94326.0,193560.0,102370.0
2026-04-14 18:15:36.657222,847427,1609508030265577,5630234549,-1.11264,0.1464,0.199104,37.1175,-16.79125,8.19,13.920001,-17.776001,19.368,inter_set_rest,4,7.0,36207.0,183657.0,94326.0,193560.0,102370.0
2026-04-14 18:15:36.661246,847428,1609508030274547,5630243300,-1.075552,0.244,0.462624,45.64875,-24.29,16.56375,11.856001,-17.880001,20.344002,inter_set_rest,4,7.0,36207.0,183657.0,94326.0,193560.0,102370.0
2026-04-14 18:15:36.672862,847429,1609508030289505,5630258215,-1.126304,0.203008,0.25376,49.035,-31.115,22.86375,11.832001,-18.736,18.248001,inter_set_rest,4,7.0,36207.0,183657.0,94326.0,193560.0,102370.0
2026-04-14 18:15:36.679121,847430,1609508030298815,5630269004,-1.126304,0.203008,0.25376,45.29,-35.2275,26.2325,11.832001,-18.736,18.248001,inter_set_rest,4,7.0,36207.0,183657.0,94326.0,193560.0,102370.0
2026-04-14 18:15:36.686846,847431,1609508030307941,5630277688,-1.126304,0.203008,0.269376,39.2875,-37.47625,30.02125,11.832001,-18.736,18.248001,inter_set_rest,4,7.0,36207.0,183657.0,94326.0,193560.0,102370.0
2026-04-14 18:15:36.702128,847432,1609508030322409,5630292573,-1.15168,0.181536,0.267424,36.61875,-38.38625,36.82,11.936001,-19.824001,20.408,inter_set_rest,4,7.0,36207.0,183657.0,94326.0,193560.0,102370.0
2026-04-14 18:15:36.709679,847433,1609508030331338,5630301275,-1.106784,0.203008,0.40016,35.42875,-38.045002,42.4025,10.696,-20.112001,20.328001,inter_set_rest,4,7.0,36207.0,183657.0,94326.0,193560.0,102370.0
2026-04-14 18:15:36.726027,847434,1609508030345987,5630316192,-1.106784,0.203008,0.40016,33.8625,-36.225,47.17125,10.696,-20.112001,20.328001,inter_set_rest,4,7.0,36207.0,183657.0,94326.0,193560.0,102370.0
2026-04-14 18:15:36.756573,847445,1609508030355381,5630325097,-1.056032,0.197152,0.228384,32.1475,-34.2825,52.01875,10.072001,-20.216002,18.752,inter_set_rest,4,7.0,36524.0,188642.0,94527.0,197908.0,102767.0
2026-04-14 18:15:36.759071,847446,1609508030364473,5630333823,-1.056032,0.197152,0.228384,27.67625,-32.52375,55.86,10.072001,-20.216002,18.752,inter_set_rest,4,7.0,36524.0,188642.0,94527.0,197908.0,102767.0
2026-04-14 18:15:36.761451,847447,1609508030379075,5630348772,-1.0248,0.160064,0.255712,19.99375,-32.08625,57.23375,8.992001,-20.768002,20.392,inter_set_rest,4,7.0,36524.0,188642.0,94527.0,197908.0,102767.0
2026-04-14 18:15:36.766909,847448,1609508030388024,5630357692,-1.0248,0.160064,0.255712,11.68125,-31.61375,57.86375,8.992001,-20.768002,20.392,inter_set_rest,4,7.0,36524.0,188642.0,94527.0,197908.0,102767.0
2026-04-14 18:15:36.780961,847449,1609508030402517,5630372603,-1.069696,0.169824,0.363072,4.3575,-31.7275,59.94625,8.304001,-21.232,20.160002,inter_set_rest,4,7.0,36524.0,188642.0,94527.0,197908.0,102767.0
2026-04-14 18:15:36.792306,847450,1609508030411448,5630381325,-1.065792,0.122976,0.150304,-1.30375,-32.27875,61.67875,7.328001,-21.648,21.376001,inter_set_rest,4,7.0,36524.0,188642.0,94527.0,197908.0,102767.0
2026-04-14 18:15:36.799289,847451,1609508030420545,5630390075,-1.065792,0.122976,0.150304,-6.405,-32.585,61.81875,7.328001,-21.648,21.376001,inter_set_rest,4,7.0,36524.0,188642.0,94527.0,197908.0,102767.0
2026-04-14 18:15:36.813632,847452,1609508030435141,5630405020,-1.050176,0.130784,0.300608,-11.29625,-32.54125,61.495,7.144001,-21.960001,19.648,inter_set_rest,4,7.0,36524.0,188642.0,94527.0,197908.0,102767.0
2026-04-14 18:15:36.823556,847453,1609508030444094,5630413723,-1.050176,0.130784,0.300608,-16.59875,-32.8125,60.87375,7.144001,-21.960001,19.648,inter_set_rest,4,7.0,36524.0,188642.0,94527.0,197908.0,102767.0
2026-04-14 18:15:36.859298,847464,1609508030458675,5630428635,-1.091168,0.083936,0.140544,-21.3675,-34.60625,59.3075,6.536,-22.096,20.048,inter_set_rest,4,7.0,34750.0,184197.0,91100.0,193273.0,99039.0
2026-04-14 18:15:36.859408,847465,1609508030467789,5630437416,-1.091168,0.083936,0.140544,-23.9225,-36.6625,57.5575,6.536,-22.096,20.048,inter_set_rest,4,7.0,34750.0,184197.0,91100.0,193273.0,99039.0
2026-04-14 18:15:36.863427,847466,1609508030482390,5630452419,-0.981856,0.035136,0.366976,-22.015,-37.31875,55.86875,3.784,-21.84,19.544,inter_set_rest,4,7.0,34750.0,184197.0,91100.0,193273.0,99039.0
2026-04-14 18:15:36.870427,847467,1609508030491307,5630461107,-1.028704,0.054656,0.386496,-18.62875,-36.89,53.445,4.4,-22.208,21.328001,inter_set_rest,4,7.0,34750.0,184197.0,91100.0,193273.0,99039.0
2026-04-14 18:15:36.878467,847468,1609508030500319,5630469765,-1.028704,0.054656,0.386496,-14.7,-35.385,50.89875,4.4,-22.208,21.328001,inter_set_rest,4,7.0,34750.0,184197.0,91100.0,193273.0,99039.0
2026-04-14 18:15:36.913527,847469,1609508030514839,5630484671,-1.00528,0.001952,0.314272,-12.81875,-35.00875,49.5075,3.592,-22.128,20.720001,inter_set_rest,4,7.0,34750.0,184197.0,91100.0,193273.0,99039.0
2026-04-14 18:15:36.916066,847470,1609508030523775,5630493350,-1.00528,0.001952,0.314272,-10.99,-35.09625,47.69625,3.592,-22.128,20.720001,inter_set_rest,4,7.0,34750.0,184197.0,91100.0,193273.0,99039.0
2026-04-14 18:15:36.918523,847471,1609508030538289,5630508239,-1.040416,-0.013664,0.329888,-7.28,-34.53625,45.64875,2.288,-21.952002,21.672,inter_set_rest,4,7.0,34750.0,184197.0,91100.0,193273.0,99039.0
2026-04-14 18:15:36.943419,847472,1609508030547230,5630516990,-1.040416,-0.013664,0.329888,-0.4725,-32.41875,44.45,2.288,-21.952002,21.672,inter_set_rest,4,7.0,34750.0,184197.0,91100.0,193273.0,99039.0
2026-04-14 18:15:36.970597,847483,1609508030556598,5630525710,-1.116544,0.007808,0.279136,7.90125,-28.95375,43.86375,1.616,-22.832,20.880001,inter_set_rest,4,7.0,34279.0,183022.0,90155.0,191983.0,97987.0
2026-04-14 18:15:36.973250,847484,1609508030571166,5630540700,-1.110688,0.023424,0.329888,14.74375,-25.48875,42.5425,1.544,-23.392,19.544,inter_set_rest,4,7.0,34279.0,183022.0,90155.0,191983.0,97987.0
2026-04-14 18:15:36.975649,847485,1609508030580271,5630549470,-1.110688,0.023424,0.329888,18.40125,-23.1875,41.37,1.544,-23.392,19.544,inter_set_rest,4,7.0,34279.0,183022.0,90155.0,191983.0,97987.0
2026-04-14 18:15:36.978213,847486,1609508030594764,5630564524,-1.134112,-0.017568,0.11712,19.31125,-20.4225,38.395,1.144,-23.432001,20.552,inter_set_rest,4,7.0,34279.0,183022.0,90155.0,191983.0,97987.0
2026-04-14 18:15:36.983231,847487,1609508030603691,5630573237,-1.134112,-0.017568,0.11712,22.37375,-19.32875,36.4525,1.144,-23.432001,20.552,inter_set_rest,4,7.0,34279.0,183022.0,90155.0,191983.0,97987.0
2026-04-14 18:15:36.996975,847488,1609508030618215,5630588167,-1.11264,-0.013664,0.33184,26.53875,-18.8475,36.23375,0.672,-23.976002,20.0,inter_set_rest,4,7.0,34279.0,183022.0,90155.0,191983.0,97987.0
2026-04-14 18:15:37.007035,847489,1609508030627188,5630596882,-1.11264,-0.013664,0.33184,30.8875,-19.1975,36.076252,0.672,-23.976002,20.0,inter_set_rest,4,7.0,34279.0,183022.0,90155.0,191983.0,97987.0
2026-04-14 18:15:37.015637,847490,1609508030636121,5630605575,-1.065792,-0.00976,0.197152,35.27125,-18.92625,35.16625,-0.728,-23.960001,19.696001,inter_set_rest,4,7.0,34279.0,183022.0,90155.0,191983.0,97987.0
2026-04-14 18:15:37.032385,847491,1609508030650690,5630620548,-0.997472,0.01952,0.27328,37.135,-17.75375,33.7925,-0.728,-24.736002,18.656,inter_set_rest,4,7.0,34279.0,183022.0,90155.0,191983.0,97987.0
2026-04-14 18:15:37.083247,847502,1609508030659788,5630629758,-0.997472,0.01952,0.27328,36.70625,-16.38,32.08625,-0.232,-24.736002,18.656,inter_set_rest,4,7.0,34765.0,181638.0,90905.0,190568.0,98986.0
2026-04-14 18:15:37.085760,847503,1609508030674358,5630642818,-1.020896,0.00976,0.210816,34.09875,-15.68,28.9625,-0.8,-25.208002,19.096,inter_set_rest,4,7.0,34765.0,181638.0,90905.0,190568.0,98986.0
2026-04-14 18:15:37.088139,847504,1609508030683663,5630653572,-1.020896,0.00976,0.210816,31.745,-15.51375,25.7425,-0.8,-25.208002,19.096,inter_set_rest,4,7.0,34765.0,181638.0,90905.0,190568.0,98986.0
2026-04-14 18:15:37.090626,847505,1609508030692606,5630662213,-0.925248,-0.01952,0.314272,32.2,-15.295,23.10875,-0.936,-25.208002,19.560001,inter_set_rest,4,7.0,34765.0,181638.0,90905.0,190568.0,98986.0
2026-04-14 18:15:37.093261,847506,1609508030707141,5630677160,-0.925248,-0.01952,0.314272,36.015,-14.4725,19.36375,-0.936,-25.208002,19.560001,inter_set_rest,4,7.0,34765.0,181638.0,90905.0,190568.0,98986.0
2026-04-14 18:15:37.095762,847507,1609508030716159,5630685913,-0.921344,-0.054656,0.105408,41.79875,-13.20375,14.971251,-1.384,-25.472002,19.640001,inter_set_rest,4,7.0,34765.0,181638.0,90905.0,190568.0,98986.0
2026-04-14 18:15:37.110765,847508,1609508030730696,5630700868,-0.921344,-0.03904,0.10736,48.3875,-11.06,9.31875,-1.384,-25.472002,19.640001,inter_set_rest,4,7.0,34765.0,181638.0,90905.0,190568.0,98986.0
2026-04-14 18:15:37.118212,847509,1609508030739633,5630709664,-0.913536,-0.046848,0.10736,55.02875,-9.975,2.5375,-1.728,-26.032001,17.912,inter_set_rest,4,7.0,34765.0,181638.0,90905.0,190568.0,98986.0
2026-04-14 18:15:37.131742,847510,1609508030754123,5630722528,-0.915488,0.02928,0.1952,62.405,-9.38,-5.67875,-0.688,-27.232,17.320002,inter_set_rest,4,7.0,34765.0,181638.0,90905.0,190568.0,98986.0
2026-04-14 18:15:37.159267,847521,1609508030763434,5630733331,-0.915488,0.02928,0.1952,67.996254,-9.61625,-13.62375,-0.688,-27.232,17.320002,inter_set_rest,4,7.0,36164.0,183648.0,93500.0,192442.0,101937.0
2026-04-14 18:15:37.161787,847522,1609508030772444,5630742032,-0.890112,0.056608,0.111264,71.785,-9.8,-21.79625,-0.296,-27.448002,16.304,inter_set_rest,4,7.0,36164.0,183648.0,93500.0,192442.0,101937.0
2026-04-14 18:15:37.166901,847523,1609508030787166,5630756980,-0.890112,0.056608,0.111264,73.85875,-10.2025,-31.473751,-0.296,-27.448002,16.304,inter_set_rest,4,7.0,36164.0,183648.0,93500.0,192442.0,101937.0
2026-04-14 18:15:37.174378,847524,1609508030796238,5630765709,-0.804224,0.031232,0.115168,74.375,-9.6775,-42.14,0.256,-28.168001,15.448001,inter_set_rest,4,7.0,36164.0,183648.0,93500.0,192442.0,101937.0
2026-04-14 18:15:37.189758,847525,1609508030810738,5630780632,-0.804224,0.031232,0.115168,75.64375,-7.595,-54.0925,0.256,-28.168001,15.448001,inter_set_rest,4,7.0,36164.0,183648.0,93500.0,192442.0,101937.0
2026-04-14 18:15:37.198222,847526,1609508030819757,5630789333,-0.86864,0.033184,0.15616,79.835,-4.61125,-66.49125,1.064,-28.816002,14.992001,inter_set_rest,4,7.0,36164.0,183648.0,93500.0,192442.0,101937.0
2026-04-14 18:15:37.208554,847527,1609508030828832,5630798026,-0.86864,0.033184,0.15616,86.28375,-2.485,-80.15,1.064,-28.816002,14.992001,inter_set_rest,4,7.0,36164.0,183648.0,93500.0,192442.0,101937.0
2026-04-14 18:15:37.221822,847528,1609508030843393,5630812978,-1.046272,0.042944,0.023424,93.8525,-0.455,-94.47375,1.912,-28.832,13.928,inter_set_rest,4,7.0,36164.0,183648.0,93500.0,192442.0,101937.0
2026-04-14 18:15:37.231868,847529,1609508030852430,5630821687,-1.0736,0.054656,0.154208,103.34625,1.53125,-107.8175,4.232,-29.28,12.152,inter_set_rest,4,7.0,36164.0,183648.0,93500.0,192442.0,101937.0
2026-04-14 18:15:37.302320,847540,1609508030866992,5630836683,-1.0736,0.054656,0.154208,115.0625,3.7975,-120.5225,4.232,-29.28,12.152,inter_set_rest,4,7.0,36666.0,189280.0,94319.0,197527.0,102914.0
2026-04-14 18:15:37.304423,847541,1609508030875943,5630845449,-1.262944,0.072224,-0.0488,127.5225,5.4775,-132.71126,6.184001,-29.672,10.824,inter_set_rest,4,7.0,36666.0,189280.0,94319.0,197527.0,102914.0
2026-04-14 18:15:37.307122,847542,1609508030884905,5630854170,-1.262944,0.072224,-0.0488,140.81375,5.355,-144.01625,6.184001,-29.672,10.824,inter_set_rest,4,7.0,36666.0,189280.0,94319.0,197527.0,102914.0
2026-04-14 18:15:37.309807,847543,1609508030899339,5630869104,-1.358592,0.121024,0.177632,154.0875,7.44625,-155.28625,8.112,-29.192001,8.0,inter_set_rest,4,7.0,36666.0,189280.0,94319.0,197527.0,102914.0
2026-04-14 18:15:37.313803,847544,1609508030908287,5630877804,-1.358592,0.121024,0.177632,170.975,10.84125,-164.36874,8.112,-29.192001,8.0,inter_set_rest,4,7.0,36666.0,189280.0,94319.0,197527.0,102914.0
2026-04-14 18:15:37.314295,847545,1609508030922812,5630892773,-1.506944,0.189344,-0.081984,190.16376,13.97375,-169.3825,9.632001,-29.352001,7.336,inter_set_rest,4,7.0,36666.0,189280.0,94319.0,197527.0,102914.0
2026-04-14 18:15:37.316745,847546,1609508030931851,5630901474,-1.506944,0.189344,0.066368,207.69,14.84875,-174.30875,9.632001,-29.352001,7.336,inter_set_rest,4,7.0,36666.0,189280.0,94319.0,197527.0,102914.0
2026-04-14 18:15:37.325729,847547,1609508030946338,5630916507,-1.504992,0.281088,0.066368,219.09125,12.46875,-178.17625,11.512,-29.424002,4.712,inter_set_rest,4,7.0,36666.0,189280.0,94319.0,197527.0,102914.0
2026-04-14 18:15:37.358487,847558,1609508030955294,5630925203,-1.341024,0.2928,0.103456,228.1475,8.6275,-176.365,14.120001,-29.208002,0.92,inter_set_rest,4,7.0,37816.0,198108.0,96334.0,204398.0,105120.0
2026-04-14 18:15:37.361053,847559,1609508030964284,5630933905,-1.341024,0.2928,0.103456,234.71,5.7225,-172.73375,14.120001,-29.208002,0.92,inter_set_rest,4,7.0,37816.0,198108.0,96334.0,204398.0,105120.0
2026-04-14 18:15:37.363572,847560,1609508030978810,5630948841,-1.23952,0.333792,-0.042944,235.69875,5.3025,-168.90125,15.760001,-28.44,-1.032,inter_set_rest,4,7.0,37816.0,198108.0,96334.0,204398.0,105120.0
2026-04-14 18:15:37.367266,847561,1609508030987816,5630957815,-1.23952,0.333792,-0.042944,230.895,4.80375,-160.4575,15.760001,-28.44,-1.032,inter_set_rest,4,7.0,37816.0,198108.0,96334.0,204398.0,105120.0
2026-04-14 18:15:37.383560,847562,1609508031002373,5630972694,-1.177056,0.3904,-0.11712,218.19875,3.115,-148.7675,17.640001,-28.008001,-3.552,inter_set_rest,4,7.0,37816.0,198108.0,96334.0,204398.0,105120.0
2026-04-14 18:15:37.389486,847563,1609508031011440,5630981402,-1.177056,0.3904,-0.11712,197.3125,-0.72625,-135.905,17.640001,-28.008001,-3.552,inter_set_rest,4,7.0,37816.0,198108.0,96334.0,204398.0,105120.0
2026-04-14 18:15:37.401077,847564,1609508031020520,5630990141,-1.126304,0.44896,0.064416,171.68375,-4.40125,-122.0975,18.848001,-26.744001,-3.12,inter_set_rest,4,7.0,37816.0,198108.0,96334.0,204398.0,105120.0
2026-04-14 18:15:37.417280,847565,1609508031035010,5631005032,-1.089216,0.462624,0.017568,144.26125,-7.0,-109.97875,18.528002,-25.832,-6.104,inter_set_rest,4,7.0,37816.0,198108.0,96334.0,204398.0,105120.0
2026-04-14 18:15:37.423425,847566,1609508031043985,5631013749,-1.089216,0.462624,0.017568,117.15375,-8.61,-100.19625,18.528002,-25.832,-6.104,inter_set_rest,4,7.0,37816.0,198108.0,96334.0,204398.0,105120.0
2026-04-14 18:15:37.460586,847577,1609508031058653,5631028711,-1.223904,0.525088,-0.187392,92.47875,-9.91375,-90.48375,20.928001,-24.768002,-6.536,inter_set_rest,4,7.0,36103.0,186554.0,93403.0,195262.0,101724.0
2026-04-14 18:15:37.463553,847578,1609508031067780,5631037516,-1.223904,0.525088,-0.187392,70.02625,-12.34625,-80.36,20.928001,-24.768002,-6.536,inter_set_rest,4,7.0,36103.0,186554.0,93403.0,195262.0,101724.0
2026-04-14 18:15:37.466047,847579,1609508031082353,5631052515,-1.22976,0.505568,-0.26352,48.23875,-14.971251,-71.96,21.424002,-24.472002,-6.624001,inter_set_rest,4,7.0,36103.0,186554.0,93403.0,195262.0,101724.0
2026-04-14 18:15:37.469520,847580,1609508031091498,5631061270,-1.22976,0.505568,-0.26352,27.79875,-18.92625,-63.91,21.424002,-24.472002,-6.624001,inter_set_rest,4,7.0,36103.0,186554.0,93403.0,195262.0,101724.0
2026-04-14 18:15:37.479778,847581,1609508031100540,5631069966,-1.227808,0.447008,-0.251808,10.5875,-22.23375,-55.86,21.616001,-23.864,-8.048,inter_set_rest,4,7.0,36103.0,186554.0,93403.0,195262.0,101724.0
2026-04-14 18:15:37.496093,847582,1609508031115091,5631084907,-1.108736,0.33184,-0.17568,-1.33875,-25.22625,-47.39,21.296001,-23.216002,-5.912,inter_set_rest,4,7.0,36103.0,186554.0,93403.0,195262.0,101724.0
2026-04-14 18:15:37.502995,847583,1609508031124021,5631093630,-1.108736,0.33184,-0.17568,-5.6525,-26.81875,-39.235,21.296001,-23.216002,-5.912,inter_set_rest,4,7.0,36103.0,186554.0,93403.0,195262.0,101724.0
2026-04-14 18:15:37.518409,847584,1609508031138695,5631108658,-1.177056,0.314272,-0.255712,-2.91375,-27.125,-30.54625,21.632002,-23.400002,-6.448,inter_set_rest,4,7.0,36103.0,186554.0,93403.0,195262.0,101724.0
2026-04-14 18:15:37.525887,847585,1609508031147670,5631117401,-1.177056,0.314272,-0.255712,4.62,-26.4425,-22.84625,21.632002,-23.400002,-6.448,inter_set_rest,4,7.0,36103.0,186554.0,93403.0,195262.0,101724.0
2026-04-14 18:15:37.560838,847596,1609508031156613,5631126316,-1.155584,0.28304,-0.216672,13.3875,-26.01375,-16.2925,21.504002,-22.560001,-5.24,inter_set_rest,4,7.0,35682.0,186730.0,92544.0,195531.0,100892.0
2026-04-14 18:15:37.563534,847597,1609508031171193,5631141261,-1.155584,0.28304,-0.216672,21.28,-24.7275,-10.66625,21.504002,-22.560001,-5.24,inter_set_rest,4,7.0,35682.0,186730.0,92544.0,195531.0,100892.0
2026-04-14 18:15:37.566086,847598,1609508031180217,5631149998,-1.097024,0.290848,-0.1464,31.59625,-21.595,-4.13875,21.624,-22.768002,-5.688,inter_set_rest,4,7.0,35682.0,186730.0,92544.0,195531.0,100892.0
2026-04-14 18:15:37.573277,847599,1609508031194772,5631165044,-1.046272,0.296704,0.011712,46.13,-17.5,3.045,21.368002,-22.176,-5.952,inter_set_rest,4,7.0,35682.0,186730.0,92544.0,195531.0,100892.0
2026-04-14 18:15:37.583591,847600,1609508031203718,5631173726,-1.046272,0.296704,0.011712,62.2475,-13.055,8.05,21.368002,-22.176,-5.952,inter_set_rest,4,7.0,35682.0,186730.0,92544.0,195531.0,100892.0
2026-04-14 18:15:37.597148,847601,1609508031218204,5631186567,-1.026752,0.249856,-0.232288,78.0675,-7.20125,12.53875,21.248001,-23.128,-7.336,inter_set_rest,4,7.0,35682.0,186730.0,92544.0,195531.0,100892.0
2026-04-14 18:15:37.610460,847602,1609508031227373,5631197354,-1.026752,0.249856,-0.232288,88.43625,-2.0825,17.14125,21.248001,-23.128,-7.336,inter_set_rest,4,7.0,35682.0,186730.0,92544.0,195531.0,100892.0
2026-04-14 18:15:37.619161,847603,1609508031236291,5631206039,-1.059936,0.281088,-0.247904,94.35125,2.7825,21.28875,21.6,-23.584002,-8.816,inter_set_rest,4,7.0,35682.0,186730.0,92544.0,195531.0,100892.0
2026-04-14 18:15:37.653575,847604,1609508031250800,5631221073,-1.059936,0.281088,-0.247904,101.77125,9.625,26.565,21.6,-23.584002,-8.816,inter_set_rest,4,7.0,35682.0,186730.0,92544.0,195531.0,100892.0
2026-04-14 18:15:37.723445,847615,1609508031259801,5631229818,-1.075552,0.327936,-0.101504,108.832504,15.79375,31.33375,21.400002,-23.592001,-9.784,inter_set_rest,4,7.0,36282.0,189259.0,93344.0,195712.0,102005.0
2026-04-14 18:15:37.728263,847616,1609508031274474,5631242892,-0.997472,0.316224,-0.064416,113.575,21.09625,33.43375,21.400002,-23.592001,-10.392,inter_set_rest,4,7.0,36282.0,189259.0,93344.0,195712.0,102005.0
2026-04-14 18:15:37.731027,847617,1609508031283852,5631253653,-0.997472,0.316224,-0.064416,115.15,26.17125,32.97875,19.928001,-22.864,-10.392,inter_set_rest,4,7.0,36282.0,189259.0,93344.0,195712.0,102005.0
2026-04-14 18:15:37.733553,847618,1609508031292818,5631262384,-0.997472,0.316224,-0.064416,112.175,31.255001,33.17125,19.928001,-22.864,-10.392,inter_set_rest,4,7.0,36282.0,189259.0,93344.0,195712.0,102005.0
2026-04-14 18:15:37.735582,847619,1609508031307389,5631277429,-1.04432,0.32208,-0.189344,104.72,35.420002,33.7575,19.824001,-23.168001,-11.896001,inter_set_rest,4,7.0,36282.0,189259.0,93344.0,195712.0,102005.0
2026-04-14 18:15:37.738563,847620,1609508031316340,5631286126,-1.120448,0.320128,-0.206912,94.9725,38.5875,33.69625,19.256,-23.400002,-9.808001,inter_set_rest,4,7.0,36282.0,189259.0,93344.0,195712.0,102005.0
2026-04-14 18:15:37.740579,847621,1609508031330820,5631301000,-1.120448,0.320128,-0.206912,84.37625,40.9325,33.59125,19.256,-23.400002,-9.808001,inter_set_rest,4,7.0,36282.0,189259.0,93344.0,195712.0,102005.0
2026-04-14 18:15:37.746055,847622,1609508031339788,5631309666,-1.104832,0.308416,-0.183488,75.18875,43.47875,33.39875,18.792002,-23.952002,-14.320001,inter_set_rest,4,7.0,36282.0,189259.0,93344.0,195712.0,102005.0
2026-04-14 18:15:37.748549,847623,1609508031348728,5631318370,-1.104832,0.308416,-0.183488,66.535,45.08875,32.7425,18.792002,-23.952002,-14.320001,inter_set_rest,4,7.0,36282.0,189259.0,93344.0,195712.0,102005.0
2026-04-14 18:15:37.776072,847634,1609508031363485,5631333739,-1.110688,0.31232,-0.062464,55.86875,46.9525,29.82,19.152,-23.992,-15.264001,inter_set_rest,4,7.0,35799.0,185973.0,92543.0,192819.0,101113.0
2026-04-14 18:15:37.778585,847635,1609508031372537,5631342573,-1.110688,0.31232,-0.062464,43.86375,48.85125,27.4925,19.152,-23.992,-15.264001,inter_set_rest,4,7.0,35799.0,185973.0,92543.0,192819.0,101113.0
2026-04-14 18:15:37.780755,847636,1609508031387124,5631355508,-1.09312,0.277184,-0.003904,30.45,50.35625,26.74875,19.032001,-24.000002,-15.400001,inter_set_rest,4,7.0,35799.0,185973.0,92543.0,192819.0,101113.0
2026-04-14 18:15:37.784699,847637,1609508031396418,5631366289,-1.173152,0.27328,-0.02928,17.03625,51.16125,25.515,18.552,-24.136002,-13.704,inter_set_rest,4,7.0,35799.0,185973.0,92543.0,192819.0,101113.0
2026-04-14 18:15:37.785504,847638,1609508031405415,5631375071,-1.173152,0.27328,-0.02928,4.90875,51.89625,23.178751,18.552,-24.136002,-13.704,inter_set_rest,4,7.0,35799.0,185973.0,92543.0,192819.0,101113.0
2026-04-14 18:15:37.798042,847639,1609508031419916,5631390107,-1.124352,0.257664,0.083936,-5.6175,53.34875,21.23625,18.304,-24.808,-16.296001,inter_set_rest,4,7.0,35799.0,185973.0,92543.0,192819.0,101113.0
2026-04-14 18:15:37.808430,847640,1609508031428847,5631398792,-1.124352,0.257664,0.083936,-14.98875,55.4225,20.15125,18.304,-24.808,-16.296001,inter_set_rest,4,7.0,35799.0,185973.0,92543.0,192819.0,101113.0
2026-04-14 18:15:37.824690,847641,1609508031443363,5631413706,-1.214144,0.251808,0.013664,-23.8175,56.79625,19.1625,17.696001,-24.920002,-15.576001,inter_set_rest,4,7.0,35799.0,185973.0,92543.0,192819.0,101113.0
2026-04-14 18:15:37.832247,847642,1609508031452302,5631422365,-1.214144,0.251808,0.013664,-33.71375,56.56,17.4125,17.696001,-24.920002,-15.576001,inter_set_rest,4,7.0,35799.0,185973.0,92543.0,192819.0,101113.0
2026-04-14 18:15:37.864661,847653,1609508031466833,5631435244,-1.25904,0.296704,0.062464,-47.2675,58.38,16.28375,17.176,-25.480001,-15.872001,inter_set_rest,4,7.0,38132.0,197995.0,96319.0,201239.0,105562.0
2026-04-14 18:15:37.867309,847654,1609508031476143,5631446081,-1.188768,0.290848,0.294752,-61.4075,62.86,16.07375,16.328001,-25.776001,-14.584001,inter_set_rest,4,7.0,38132.0,197995.0,96319.0,201239.0,105562.0
2026-04-14 18:15:37.869854,847655,1609508031485101,5631454773,-1.188768,0.290848,0.294752,-79.59875,67.05125,16.87,16.328001,-25.776001,-14.584001,inter_set_rest,4,7.0,38132.0,197995.0,96319.0,201239.0,105562.0
2026-04-14 18:15:37.878142,847656,1609508031499754,5631469702,-1.748992,-0.16592,1.860256,-99.855,64.995,17.12375,16.104,-25.824001,-14.240001,inter_set_rest,4,7.0,38132.0,197995.0,96319.0,201239.0,105562.0
2026-04-14 18:15:37.888713,847657,1609508031508775,5631478397,-1.748992,-0.16592,1.860256,-104.02,44.23125,17.3075,16.104,-25.824001,-14.240001,inter_set_rest,4,7.0,38132.0,197995.0,96319.0,201239.0,105562.0
2026-04-14 18:15:37.904244,847658,1609508031523325,5631493320,-0.558272,-1.362496,1.329312,-19.075,-9.5025,36.54875,16.512001,-26.032001,-13.696001,inter_set_rest,4,7.0,38132.0,197995.0,96319.0,201239.0,105562.0
2026-04-14 18:15:37.912276,847659,1609508031532415,5631502020,-0.558272,-1.362496,1.329312,1.58375,-39.34875,6.09,16.512001,-26.032001,-13.696001,inter_set_rest,4,7.0,38132.0,197995.0,96319.0,201239.0,105562.0
2026-04-14 18:15:37.919846,847660,1609508031541448,5631510771,-1.300032,-0.573888,-0.15616,65.91375,-38.5875,-91.11375,18.048,-24.52,-16.656,inter_set_rest,4,7.0,38132.0,197995.0,96319.0,201239.0,105562.0
2026-04-14 18:15:37.934821,847661,1609508031555933,5631525704,-1.300032,-0.573888,0.183488,171.3425,10.50875,-122.22,18.048,-24.52,-16.656,inter_set_rest,4,7.0,38132.0,197995.0,96319.0,201239.0,105562.0
2026-04-14 18:15:37.969050,847672,1609508031565116,5631534735,-1.866112,0.3416,0.183488,250.83626,31.31625,-51.8525,18.536001,-23.728,-17.664001,inter_set_rest,4,7.0,37510.0,194502.0,95116.0,200305.0,103819.0
2026-04-14 18:15:37.969153,847673,1609508031579680,5631549722,-1.391776,1.245376,0.593408,254.68625,-8.39125,9.9225,18.504002,-22.744001,-19.656,inter_set_rest,4,7.0,37510.0,194502.0,95116.0,200305.0,103819.0
2026-04-14 18:15:37.971553,847674,1609508031588616,5631558470,-1.391776,1.245376,0.593408,156.12625,-24.491251,6.7375,18.504002,-22.744001,-19.656,inter_set_rest,4,7.0,37510.0,194502.0,95116.0,200305.0,103819.0
2026-04-14 18:15:37.983443,847675,1609508031603309,5631573382,-1.165344,0.853024,0.466528,15.575,-45.15,-17.9025,18.864,-23.216002,-18.44,inter_set_rest,4,7.0,37510.0,194502.0,95116.0,200305.0,103819.0
2026-04-14 18:15:38.016101,847676,1609508031612249,5631582169,-1.165344,0.853024,0.466528,-112.70875,-63.14,-37.065,18.864,-23.216002,-18.44,inter_set_rest,4,7.0,37510.0,194502.0,95116.0,200305.0,103819.0
2026-04-14 18:15:38.018551,847677,1609508031621184,5631590885,-1.231712,0.251808,0.10736,-201.50375,-67.725,-50.951252,19.408,-23.584002,-15.592001,inter_set_rest,4,7.0,37510.0,194502.0,95116.0,200305.0,103819.0
2026-04-14 18:15:38.020676,847678,1609508031635720,5631605761,-1.231712,0.251808,0.10736,-242.48,-72.6075,-55.78125,19.408,-23.584002,-15.592001,inter_set_rest,4,7.0,37510.0,194502.0,95116.0,200305.0,103819.0
2026-04-14 18:15:38.045741,847679,1609508031644733,5631614462,-1.124352,0.062464,-0.025376,-236.3725,-80.4125,-49.21875,19.344002,-23.904001,-12.328001,inter_set_rest,4,7.0,37510.0,194502.0,95116.0,200305.0,103819.0
2026-04-14 18:15:38.103422,847690,1609508031659224,5631629346,-0.886208,0.089792,0.12688,-203.60374,-85.9075,-42.2625,19.824001,-24.128,-10.280001,inter_set_rest,4,7.0,39779.0,189295.0,98982.0,194924.0,108953.0
2026-04-14 18:15:38.105632,847691,1609508031668214,5631638058,-0.886208,0.089792,0.12688,-162.68001,-90.055,-39.34875,19.824001,-24.128,-10.280001,inter_set_rest,4,7.0,39779.0,189295.0,98982.0,194924.0,108953.0
2026-04-14 18:15:38.108393,847692,1609508031677175,5631646835,-0.872544,0.232288,0.187392,-133.035,-88.935,-37.5725,19.824001,-24.128,-10.704,inter_set_rest,4,7.0,39779.0,189295.0,98982.0,194924.0,108953.0
2026-04-14 18:15:38.110463,847693,1609508031691631,5631661700,-0.872544,0.232288,0.187392,-119.4725,-84.25375,-37.38,20.376001,-24.04,-10.704,inter_set_rest,4,7.0,39779.0,189295.0,98982.0,194924.0,108953.0
2026-04-14 18:15:38.113324,847694,1609508031700668,5631670398,-0.796416,0.134688,0.230336,-111.7375,-80.5175,-35.90125,20.576,-24.144001,-7.344,inter_set_rest,4,7.0,39779.0,189295.0,98982.0,194924.0,108953.0
2026-04-14 18:15:38.115815,847695,1609508031715254,5631685346,-0.796416,0.134688,0.230336,-101.4125,-76.06375,-36.05875,20.576,-24.144001,-7.344,inter_set_rest,4,7.0,39779.0,189295.0,98982.0,194924.0,108953.0
2026-04-14 18:15:38.118362,847696,1609508031724191,5631694087,-0.81984,0.011712,0.089792,-83.965004,-73.73625,-38.50875,20.992,-23.800001,-9.664001,inter_set_rest,4,7.0,39779.0,189295.0,98982.0,194924.0,108953.0
2026-04-14 18:15:38.120469,847697,1609508031738742,5631709047,-0.728096,0.076128,0.228384,-54.17125,-73.21125,-34.09875,21.952002,-24.056002,-7.08,inter_set_rest,4,7.0,39779.0,189295.0,98982.0,194924.0,108953.0
2026-04-14 18:15:38.128353,847698,1609508031747736,5631717731,-0.728096,0.076128,0.228384,-22.39125,-71.8025,-26.11,21.952002,-24.056002,-7.08,inter_set_rest,4,7.0,39779.0,189295.0,98982.0,194924.0,108953.0
2026-04-14 18:15:38.136934,847699,1609508031756693,5631726420,-0.728096,0.076128,0.228384,3.84125,-68.97625,-22.44375,21.952002,-24.056002,-7.08,inter_set_rest,4,7.0,39779.0,189295.0,98982.0,194924.0,108953.0
2026-04-14 18:15:38.164260,847710,1609508031771428,5631741388,-0.74176,0.101504,0.013664,26.3025,-65.84375,-20.615,22.264002,-23.744001,-7.336,inter_set_rest,4,7.0,41552.0,182570.0,101904.0,188918.0,111880.0
2026-04-14 18:15:38.169587,847711,1609508031780499,5631750155,-0.895968,0.189344,0.00976,44.31875,-62.97375,-17.1675,20.84,-23.080002,-5.008,inter_set_rest,4,7.0,41552.0,182570.0,101904.0,188918.0,111880.0
2026-04-14 18:15:38.174669,847712,1609508031795050,5631765147,-0.895968,0.189344,0.00976,59.263752,-61.25875,-11.96125,20.84,-23.080002,-5.008,inter_set_rest,4,7.0,41552.0,182570.0,101904.0,188918.0,111880.0
2026-04-14 18:15:38.182196,847713,1609508031804094,5631773849,-0.931104,0.183488,0.060512,71.47875,-58.49375,-7.665,21.872002,-23.712002,-7.656,inter_set_rest,4,7.0,41552.0,182570.0,101904.0,188918.0,111880.0
2026-04-14 18:15:38.193463,847714,1609508031813165,5631782583,-0.931104,0.183488,0.060512,84.183754,-54.81875,-3.7975,21.872002,-23.712002,-7.656,inter_set_rest,4,7.0,41552.0,182570.0,101904.0,188918.0,111880.0
2026-04-14 18:15:38.207320,847715,1609508031827668,5631797471,-1.032608,0.18544,0.052704,97.60625,-50.79375,-0.0875,22.368002,-23.528002,-8.016001,inter_set_rest,4,7.0,41552.0,182570.0,101904.0,188918.0,111880.0
2026-04-14 18:15:38.217301,847716,1609508031836604,5631806176,-1.032608,0.18544,0.052704,111.48375,-47.57375,4.43625,22.368002,-23.528002,-8.016001,inter_set_rest,4,7.0,41552.0,182570.0,101904.0,188918.0,111880.0
2026-04-14 18:15:38.229791,847717,1609508031851287,5631821279,-1.208288,0.249856,-0.033184,123.57625,-47.3725,9.49375,22.640001,-23.44,-9.152,inter_set_rest,4,7.0,41552.0,182570.0,101904.0,188918.0,111880.0
2026-04-14 18:15:38.265577,847728,1609508031860232,5631830223,-1.061888,0.265472,0.01952,132.65,-47.62625,16.8875,21.568,-23.472002,-8.584001,inter_set_rest,4,7.0,36441.0,181890.0,94249.0,191031.0,102965.0
2026-04-14 18:15:38.268075,847729,1609508031874818,5631845167,-1.061888,0.265472,0.01952,136.7975,-46.92625,25.095,21.568,-23.472002,-8.584001,inter_set_rest,4,7.0,36441.0,181890.0,94249.0,191031.0,102965.0
2026-04-14 18:15:38.270482,847730,1609508031883754,5631853870,-1.03456,0.304512,-0.05856,136.885,-44.35375,33.29375,21.056002,-23.656002,-9.408,inter_set_rest,4,7.0,36441.0,181890.0,94249.0,191031.0,102965.0
2026-04-14 18:15:38.273435,847731,1609508031892779,5631862579,-1.03456,0.304512,-0.05856,129.49126,-38.815,40.11,21.056002,-23.656002,-9.408,inter_set_rest,4,7.0,36441.0,181890.0,94249.0,191031.0,102965.0
2026-04-14 18:15:38.286904,847732,1609508031907303,5631877469,-0.942816,0.265472,-0.052704,114.68625,-32.27875,45.7275,20.472,-23.848001,-10.040001,inter_set_rest,4,7.0,36441.0,181890.0,94249.0,191031.0,102965.0
2026-04-14 18:15:38.295466,847733,1609508031916333,5631886246,-0.942816,0.265472,-0.052704,93.54625,-25.4975,51.77375,20.472,-23.848001,-10.040001,inter_set_rest,4,7.0,36441.0,181890.0,94249.0,191031.0,102965.0
2026-04-14 18:15:38.309471,847734,1609508031930817,5631901158,-0.85888,0.238144,0.03904,66.246254,-16.616251,57.32125,21.048,-24.720001,-11.592001,inter_set_rest,4,7.0,36441.0,181890.0,94249.0,191031.0,102965.0
2026-04-14 18:15:38.319475,847735,1609508031939762,5631909847,-0.974048,0.257664,-0.148352,37.388752,-6.37,61.4425,20.344002,-25.008001,-11.76,inter_set_rest,4,7.0,36441.0,181890.0,94249.0,191031.0,102965.0
2026-04-14 18:15:38.356856,847736,1609508031948710,5631918532,-0.974048,0.257664,-0.148352,10.6925,4.025,64.77625,20.344002,-25.008001,-11.76,inter_set_rest,4,7.0,36441.0,181890.0,94249.0,191031.0,102965.0
2026-04-14 18:15:38.451889,847747,1609508031963494,5631933616,-0.948672,0.242048,-0.1952,-12.22375,13.335,65.5375,19.352001,-25.960001,-11.664001,inter_set_rest,4,7.0,41806.0,206090.0,103126.0,208982.0,113420.0
2026-04-14 18:15:38.454278,847748,1609508031972733,5631942380,-0.948672,0.242048,-0.1952,-32.9175,23.45875,64.54875,19.352001,-25.960001,-11.664001,inter_set_rest,4,7.0,41806.0,206090.0,103126.0,208982.0,113420.0
2026-04-14 18:15:38.456809,847749,1609508031987459,5631957265,-0.950624,0.261568,-0.179584,-50.855,34.51,62.79,18.672,-26.712002,-11.472,inter_set_rest,4,7.0,41806.0,206090.0,103126.0,208982.0,113420.0
2026-04-14 18:15:38.459436,847750,1609508031996479,5631965931,-0.950624,0.261568,-0.179584,-66.6575,45.482502,60.4625,18.672,-26.712002,-11.472,inter_set_rest,4,7.0,41806.0,206090.0,103126.0,208982.0,113420.0
2026-04-14 18:15:38.461927,847751,1609508032005439,5631974639,-0.96624,0.23424,-0.130784,-79.2925,56.875,57.995,18.048,-27.408,-11.048,inter_set_rest,4,7.0,41806.0,206090.0,103126.0,208982.0,113420.0
2026-04-14 18:15:38.464367,847752,1609508032019932,5631989585,-0.977952,0.218624,0.046848,-87.99,65.70375,55.79875,17.432001,-28.168001,-12.232,inter_set_rest,4,7.0,41806.0,206090.0,103126.0,208982.0,113420.0
2026-04-14 18:15:38.466969,847753,1609508032028933,5631998269,-0.977952,0.218624,0.046848,-96.67875,75.34625,53.12125,17.432001,-28.168001,-12.232,inter_set_rest,4,7.0,41806.0,206090.0,103126.0,208982.0,113420.0
2026-04-14 18:15:38.469521,847754,1609508032043423,5632013174,-1.022848,0.206912,0.023424,-105.245,85.91625,50.435,16.560001,-28.808,-10.408001,inter_set_rest,4,7.0,41806.0,206090.0,103126.0,208982.0,113420.0
2026-04-14 18:15:38.471927,847755,1609508032052417,5632021866,-1.022848,0.206912,0.023424,-114.68625,96.97625,46.90875,16.560001,-28.808,-10.408001,inter_set_rest,4,7.0,41806.0,206090.0,103126.0,208982.0,113420.0
2026-04-14 18:15:38.504535,847766,1609508032067200,5632036783,-1.04432,0.236192,0.021472,-123.96125,110.59125,44.63375,15.736001,-28.824001,-10.512,inter_set_rest,4,7.0,43115.0,210592.0,104536.0,210834.0,115042.0
2026-04-14 18:15:38.507127,847767,1609508032076252,5632045559,-1.04432,0.236192,0.021472,-131.635,123.270004,42.7175,15.736001,-28.824001,-10.512,inter_set_rest,4,7.0,43115.0,210592.0,104536.0,210834.0,115042.0
2026-04-14 18:15:38.509538,847768,1609508032085205,5632054294,-1.0736,0.28304,0.070272,-141.3475,134.61874,39.54125,14.736001,-29.584002,-7.984,inter_set_rest,4,7.0,43115.0,210592.0,104536.0,210834.0,115042.0
2026-04-14 18:15:38.511905,847769,1609508032099819,5632069225,-1.026752,0.27328,0.197152,-154.72626,143.17625,35.28875,14.736001,-29.584002,-6.264,inter_set_rest,4,7.0,43115.0,210592.0,104536.0,210834.0,115042.0
2026-04-14 18:15:38.514534,847770,1609508032108771,5632078109,-1.030656,0.27328,0.197152,-176.14626,145.66125,30.56375,14.016001,-30.152002,-6.264,inter_set_rest,4,7.0,43115.0,210592.0,104536.0,210834.0,115042.0
2026-04-14 18:15:38.517028,847771,1609508032123297,5632093060,-1.056032,0.18544,0.150304,-201.6875,144.50626,26.08375,13.6,-30.568,-5.520001,inter_set_rest,4,7.0,43115.0,210592.0,104536.0,210834.0,115042.0
2026-04-14 18:15:38.519551,847772,1609508032132317,5632101906,-1.056032,0.18544,0.150304,-221.30501,145.81876,25.9175,13.6,-30.568,-5.520001,inter_set_rest,4,7.0,43115.0,210592.0,104536.0,210834.0,115042.0
2026-04-14 18:15:38.524490,847773,1609508032141267,5632110591,-1.173152,0.121024,0.05856,-227.82375,148.93375,32.43625,13.088,-31.104002,-5.624,inter_set_rest,4,7.0,43115.0,210592.0,104536.0,210834.0,115042.0
2026-04-14 18:15:38.535724,847774,1609508032155866,5632125581,-1.173152,0.121024,0.05856,-218.95125,147.49,42.07,13.088,-31.104002,-5.624,inter_set_rest,4,7.0,43115.0,210592.0,104536.0,210834.0,115042.0
2026-04-14 18:15:38.566863,847785,1609508032165283,5632134345,-1.397632,0.07808,0.183488,-195.93875,134.1025,52.63125,13.016001,-31.832,-2.552,inter_set_rest,4,7.0,41765.0,212367.0,102618.0,217276.0,112858.0
2026-04-14 18:15:38.569857,847786,1609508032179882,5632149237,-1.397632,0.07808,0.667584,-175.04375,107.52875,56.7525,13.016001,-31.832,-2.552,inter_set_rest,4,7.0,41765.0,212367.0,102618.0,217276.0,112858.0
2026-04-14 18:15:38.571924,847787,1609508032188841,5632157953,-1.458144,0.00976,0.667584,-178.54375,77.9625,44.38,10.952001,-31.272001,1.792,inter_set_rest,4,7.0,41765.0,212367.0,102618.0,217276.0,112858.0
2026-04-14 18:15:38.575725,847788,1609508032197760,5632166658,-1.458144,0.00976,0.667584,-186.1825,45.395,35.4375,10.952001,-31.272001,1.792,inter_set_rest,4,7.0,41765.0,212367.0,102618.0,217276.0,112858.0
2026-04-14 18:15:38.597332,847789,1609508032212328,5632181528,-1.24928,-0.236192,1.056032,-168.14876,11.9,43.7675,10.488001,-31.864002,0.44,inter_set_rest,4,7.0,41765.0,212367.0,102618.0,217276.0,112858.0
2026-04-14 18:15:38.599815,847790,1609508032221259,5632190242,-0.833504,-0.220576,0.7808,-129.885,2.91375,51.4325,10.536,-31.960001,1.496,inter_set_rest,4,7.0,41765.0,212367.0,102618.0,217276.0,112858.0
2026-04-14 18:15:38.614834,847791,1609508032235869,5632205152,-0.833504,-0.220576,0.7808,-75.775,13.3175,50.951252,10.536,-31.960001,1.496,inter_set_rest,4,7.0,41765.0,212367.0,102618.0,217276.0,112858.0
2026-04-14 18:15:38.625539,847792,1609508032244779,5632213874,-0.899872,0.128832,0.44896,-27.62375,25.94375,45.49125,10.960001,-32.936,-0.304,inter_set_rest,4,7.0,41765.0,212367.0,102618.0,217276.0,112858.0
2026-04-14 18:15:38.639181,847793,1609508032259264,5632228776,-0.899872,0.128832,0.44896,-3.52625,35.91,33.0575,10.960001,-32.936,-0.304,inter_set_rest,4,7.0,41765.0,212367.0,102618.0,217276.0,112858.0
2026-04-14 18:15:38.665954,847804,1609508032268283,5632237545,-0.997472,0.310368,0.163968,-5.7225,43.88125,20.01125,11.336,-32.416,3.624,inter_set_rest,4,7.0,41693.0,210457.0,103094.0,213671.0,113286.0
2026-04-14 18:15:38.668453,847805,1609508032277415,5632246323,-0.997472,0.310368,0.163968,-30.73875,50.96,10.22875,11.336,-32.416,3.624,inter_set_rest,4,7.0,41693.0,210457.0,103094.0,213671.0,113286.0
2026-04-14 18:15:38.670680,847806,1609508032291984,5632261296,-1.05408,0.33184,0.052704,-64.47875,54.39875,1.81125,10.328,-32.280003,1.768,inter_set_rest,4,7.0,41693.0,210457.0,103094.0,213671.0,113286.0
2026-04-14 18:15:38.681070,847807,1609508032300914,5632270052,-1.05408,0.232288,0.060512,-96.8625,56.1575,-9.135,10.328,-32.280003,1.768,inter_set_rest,4,7.0,41693.0,210457.0,103094.0,213671.0,113286.0
2026-04-14 18:15:38.698610,847808,1609508032315475,5632285110,-1.128256,0.232288,0.060512,-119.91875,57.37375,-22.21625,11.152,-32.328003,1.944,inter_set_rest,4,7.0,41693.0,210457.0,103094.0,213671.0,113286.0
2026-04-14 18:15:38.703655,847809,1609508032324432,5632293828,-1.22976,0.255712,0.25376,-130.43625,58.415,-34.475,11.648001,-31.512001,3.744,inter_set_rest,4,7.0,41693.0,210457.0,103094.0,213671.0,113286.0
2026-04-14 18:15:38.719488,847810,1609508032338932,5632308901,-1.22976,0.255712,0.25376,-134.72375,59.7975,-45.325,11.648001,-31.512001,3.744,inter_set_rest,4,7.0,41693.0,210457.0,103094.0,213671.0,113286.0
2026-04-14 18:15:38.767386,847811,1609508032348002,5632317584,-1.216096,0.25376,0.163968,-135.5025,59.40375,-54.985,13.232,-31.056002,3.728,inter_set_rest,4,7.0,41693.0,210457.0,103094.0,213671.0,113286.0
2026-04-14 18:15:38.769879,847812,1609508032357110,5632326297,-1.216096,0.25376,0.163968,-138.0225,55.728752,-63.91,13.232,-31.056002,3.728,inter_set_rest,4,7.0,41693.0,210457.0,103094.0,213671.0,113286.0
2026-04-14 18:15:38.799867,847823,1609508032371706,5632341453,-1.194624,0.277184,0.144448,-142.14375,48.23875,-69.95625,14.696001,-30.136002,4.848,inter_set_rest,4,7.0,37261.0,187315.0,95696.0,196573.0,104500.0
2026-04-14 18:15:38.802236,847824,1609508032380631,5632350166,-1.194624,0.277184,0.144448,-146.6325,39.445,-72.63375,14.696001,-30.136002,4.848,inter_set_rest,4,7.0,37261.0,187315.0,95696.0,196573.0,104500.0
2026-04-14 18:15:38.804543,847825,1609508032395242,5632365071,-1.266848,0.26352,-0.171776,-151.585,29.98625,-74.865,15.424001,-29.224,5.864,inter_set_rest,4,7.0,37261.0,187315.0,95696.0,196573.0,104500.0
2026-04-14 18:15:38.807364,847826,1609508032404253,5632373807,-1.286368,0.261568,-0.105408,-155.7675,21.2975,-76.23875,16.400002,-28.144001,8.392,inter_set_rest,4,7.0,37261.0,187315.0,95696.0,196573.0,104500.0
2026-04-14 18:15:38.809587,847827,1609508032413397,5632382586,-1.286368,0.261568,-0.105408,-157.745,13.62375,-76.755,16.400002,-28.144001,8.392,inter_set_rest,4,7.0,37261.0,187315.0,95696.0,196573.0,104500.0
2026-04-14 18:15:38.813571,847828,1609508032428011,5632397493,-1.218048,0.18544,-0.12688,-157.85,6.85125,-77.69125,17.208,-26.704,9.328,inter_set_rest,4,7.0,37261.0,187315.0,95696.0,196573.0,104500.0
2026-04-14 18:15:38.815583,847829,1609508032436943,5632406261,-1.218048,0.18544,-0.12688,-155.49625,-0.11375,-78.085,17.208,-26.704,9.328,inter_set_rest,4,7.0,37261.0,187315.0,95696.0,196573.0,104500.0
2026-04-14 18:15:38.829795,847830,1609508032451458,5632421349,-1.202432,0.210816,0.044896,-151.24374,-8.54,-78.53125,17.656,-25.720001,12.056001,inter_set_rest,4,7.0,37261.0,187315.0,95696.0,196573.0,104500.0
2026-04-14 18:15:38.839808,847831,1609508032460408,5632430104,-1.202432,0.210816,0.044896,-146.72,-16.275,-78.39125,17.656,-25.720001,12.056001,inter_set_rest,4,7.0,37261.0,187315.0,95696.0,196573.0,104500.0
2026-04-14 18:15:38.867397,847842,1609508032469516,5632438829,-1.231712,0.208864,-0.171776,-141.74126,-23.68625,-77.621254,18.048,-24.160002,12.808001,inter_set_rest,4,7.0,37082.0,183070.0,95557.0,193189.0,104206.0
2026-04-14 18:15:38.869899,847843,1609508032484064,5632453858,-1.202432,0.222528,-0.150304,-136.465,-29.84625,-75.20625,18.032001,-22.888,16.16,inter_set_rest,4,7.0,37082.0,183070.0,95557.0,193189.0,104206.0
2026-04-14 18:15:38.872139,847844,1609508032493099,5632462556,-1.202432,0.222528,-0.150304,-130.96126,-35.385,-71.1375,18.032001,-22.888,16.16,inter_set_rest,4,7.0,37082.0,183070.0,95557.0,193189.0,104206.0
2026-04-14 18:15:38.888187,847845,1609508032507619,5632477481,-1.106784,0.206912,-0.093696,-123.9875,-40.39,-65.7475,18.880001,-22.28,14.296001,inter_set_rest,4,7.0,37082.0,183070.0,95557.0,193189.0,104206.0
2026-04-14 18:15:38.895684,847846,1609508032516745,5632486174,-1.106784,0.206912,-0.093696,-115.56125,-44.30125,-59.40375,18.880001,-22.28,14.296001,inter_set_rest,4,7.0,37082.0,183070.0,95557.0,193189.0,104206.0
2026-04-14 18:15:38.909350,847847,1609508032531219,5632501099,-0.979904,0.20496,0.101504,-105.28875,-46.01625,-53.52375,18.784,-21.256,16.504002,inter_set_rest,4,7.0,37082.0,183070.0,95557.0,193189.0,104206.0
2026-04-14 18:15:38.919170,847848,1609508032540166,5632509802,-0.979904,0.20496,0.101504,-95.0425,-45.57875,-47.670002,18.784,-21.256,16.504002,inter_set_rest,4,7.0,37082.0,183070.0,95557.0,193189.0,104206.0
2026-04-14 18:15:38.928457,847849,1609508032549120,5632518508,-0.999424,0.197152,-0.101504,-83.8425,-43.96,-41.60625,18.576,-20.248001,17.672,inter_set_rest,4,7.0,37082.0,183070.0,95557.0,193189.0,104206.0
2026-04-14 18:15:38.944743,847850,1609508032563702,5632533459,-0.979904,0.23424,-0.017568,-72.16125,-42.1225,-36.645,17.856,-19.864,16.952002,inter_set_rest,4,7.0,37082.0,183070.0,95557.0,193189.0,104206.0
2026-04-14 18:15:39.011701,847862,1609508032572735,5632542190,-0.979904,0.23424,-0.017568,-62.09875,-40.4075,-32.52375,17.856,-19.864,16.952002,inter_set_rest,4,7.0,36632.0,183346.0,94847.0,193563.0,103428.0
2026-04-14 18:15:39.014709,847863,1609508032587359,5632557183,-1.018944,0.310368,0.052704,-54.31125,-40.13625,-28.28875,17.056002,-19.256,18.880001,inter_set_rest,4,7.0,36632.0,183346.0,94847.0,193563.0,103428.0
2026-04-14 18:15:39.017207,847864,1609508032596333,5632565894,-1.018944,0.310368,0.052704,-48.7375,-40.17125,-25.12125,17.056002,-19.256,18.880001,inter_set_rest,4,7.0,36632.0,183346.0,94847.0,193563.0,103428.0
2026-04-14 18:15:39.019618,847865,1609508032605341,5632574595,-1.067744,0.355264,0.060512,-45.87625,-39.27,-22.93375,17.632,-19.048,19.808,inter_set_rest,4,7.0,36632.0,183346.0,94847.0,193563.0,103428.0
2026-04-14 18:15:39.022191,847866,1609508032619873,5632589483,-1.067744,0.355264,0.060512,-45.85875,-38.22,-22.42625,17.632,-19.048,19.808,inter_set_rest,4,7.0,36632.0,183346.0,94847.0,193563.0,103428.0
2026-04-14 18:15:39.024728,847867,1609508032628808,5632598170,-1.139968,0.38064,0.027328,-47.451252,-37.23125,-22.44375,17.28,-18.672,20.136002,inter_set_rest,4,7.0,36632.0,183346.0,94847.0,193563.0,103428.0
2026-04-14 18:15:39.027225,847868,1609508032643356,5632613109,-1.155584,0.376736,-0.085888,-50.35625,-38.91125,-22.3825,17.28,-18.672,20.36,inter_set_rest,4,7.0,36632.0,183346.0,94847.0,193563.0,103428.0
2026-04-14 18:15:39.030470,847869,1609508032652315,5632621792,-1.149728,0.376736,-0.085888,-54.78375,-42.07875,-21.56875,17.2,-18.160002,20.36,inter_set_rest,4,7.0,36632.0,183346.0,94847.0,193563.0,103428.0
2026-04-14 18:15:39.068585,847880,1609508032667395,5632637004,-1.153632,0.382592,-0.257664,-61.24125,-46.357502,-20.0025,16.752,-17.528002,20.344002,inter_set_rest,4,7.0,36543.0,185584.0,94457.0,195586.0,103081.0
2026-04-14 18:15:39.070703,847881,1609508032676407,5632645736,-1.153632,0.382592,-0.257664,-68.32875,-50.9775,-17.99875,16.752,-17.528002,20.344002,inter_set_rest,4,7.0,36543.0,185584.0,94457.0,195586.0,103081.0
2026-04-14 18:15:39.073584,847882,1609508032685649,5632654594,-1.22976,0.402112,-0.36112,-76.02875,-54.81,-15.35625,16.08,-16.568,23.504002,inter_set_rest,4,7.0,36543.0,185584.0,94457.0,195586.0,103081.0
2026-04-14 18:15:39.079559,847883,1609508032700189,5632669570,-1.22976,0.402112,-0.36112,-84.77,-57.732502,-12.7575,16.08,-16.568,23.504002,inter_set_rest,4,7.0,36543.0,185584.0,94457.0,195586.0,103081.0
2026-04-14 18:15:39.086971,847884,1609508032709127,5632678353,-1.21024,0.374784,-0.099552,-94.08875,-60.55,-9.86125,16.08,-15.832001,22.264002,inter_set_rest,4,7.0,36543.0,185584.0,94457.0,195586.0,103081.0
2026-04-14 18:15:39.117158,847885,1609508032723640,5632693278,-1.21024,0.374784,-0.365024,-101.745,-62.8425,-4.2525,16.08,-15.832001,22.264002,inter_set_rest,4,7.0,36543.0,185584.0,94457.0,195586.0,103081.0
2026-04-14 18:15:39.142630,847886,1609508032732588,5632701977,-1.290272,0.374784,-0.365024,-106.53125,-65.555,5.2325,15.464001,-14.496,24.12,inter_set_rest,4,7.0,36543.0,185584.0,94457.0,195586.0,103081.0
2026-04-14 18:15:39.149848,847887,1609508032741475,5632710620,-1.290272,0.374784,-0.365024,-110.145004,-68.46,13.13375,15.464001,-14.496,24.12,inter_set_rest,4,7.0,36543.0,185584.0,94457.0,195586.0,103081.0
2026-04-14 18:15:39.152340,847888,1609508032756001,5632725517,-1.296128,0.365024,-0.167872,-116.3225,-71.88125,18.45375,13.72,-13.856001,24.28,inter_set_rest,4,7.0,36543.0,185584.0,94457.0,195586.0,103081.0
2026-04-14 18:15:39.154399,847889,1609508032765046,5632734271,-1.290272,0.286944,-0.36112,-121.2575,-73.66625,24.22,12.768001,-12.256001,25.608002,inter_set_rest,4,7.0,36543.0,185584.0,94457.0,195586.0,103081.0
2026-04-14 18:15:39.189363,847900,1609508032779923,5632749231,-1.290272,0.286944,-0.36112,-122.745,-73.75375,29.960001,12.768001,-12.256001,25.608002,inter_set_rest,4,7.0,35808.0,186158.0,92735.0,195121.0,101361.0
2026-04-14 18:15:39.191899,847901,1609508032788952,5632757962,-1.301984,0.25376,-0.325984,-113.60125,-72.4675,37.49375,11.648001,-11.904,26.296001,inter_set_rest,4,7.0,35808.0,186158.0,92735.0,195121.0,101361.0
2026-04-14 18:15:39.194890,847902,1609508032798000,5632766685,-1.301984,0.25376,-0.325984,-97.95625,-68.74,47.62625,11.648001,-11.904,26.296001,inter_set_rest,4,7.0,35808.0,186158.0,92735.0,195121.0,101361.0
2026-04-14 18:15:39.197521,847903,1609508032812836,5632781598,-1.264896,0.349408,-0.109312,-81.01625,-62.81625,60.90875,10.424001,-11.432,26.768002,inter_set_rest,4,7.0,35808.0,186158.0,92735.0,195121.0,101361.0
2026-04-14 18:15:39.200398,847904,1609508032822166,5632792469,-1.264896,0.349408,-0.109312,-67.5325,-58.89625,72.485,10.424001,-11.432,26.768002,inter_set_rest,4,7.0,35808.0,186158.0,92735.0,195121.0,101361.0
2026-04-14 18:15:39.214337,847905,1609508032836667,5632805327,-1.389824,0.357216,-0.304512,-62.67625,-55.947502,79.82625,9.056001,-11.136001,28.224,inter_set_rest,4,7.0,35808.0,186158.0,92735.0,195121.0,101361.0
2026-04-14 18:15:39.227329,847906,1609508032845918,5632816098,-1.409344,0.255712,-0.300608,-61.04,-53.935,85.19875,7.096,-10.176001,29.12,inter_set_rest,4,7.0,35808.0,186158.0,92735.0,195121.0,101361.0
2026-04-14 18:15:39.234820,847907,1609508032854905,5632824803,-1.409344,0.255712,-0.300608,-59.465,-52.745,92.2425,7.096,-10.176001,29.12,inter_set_rest,4,7.0,35808.0,186158.0,92735.0,195121.0,101361.0
2026-04-14 18:15:39.270753,847918,1609508032869786,5632839845,-1.399584,0.173728,-0.345504,-56.7875,-51.8875,100.590004,5.696,-10.288,28.032001,inter_set_rest,4,7.0,36518.0,192476.0,93643.0,198359.0,102603.0
2026-04-14 18:15:39.273600,847919,1609508032878991,5632848575,-1.399584,0.173728,-0.345504,-50.89875,-49.3675,110.1625,5.696,-10.288,28.032001,inter_set_rest,4,7.0,36518.0,192476.0,93643.0,198359.0,102603.0
2026-04-14 18:15:39.276103,847920,1609508032893586,5632863483,-1.315648,0.201056,-0.257664,-38.29,-44.5725,122.43,5.032,-10.536,28.296001,inter_set_rest,4,7.0,36518.0,192476.0,93643.0,198359.0,102603.0
2026-04-14 18:15:39.282058,847921,1609508032902660,5632872317,-1.315648,0.201056,-0.257664,-21.55125,-38.10625,135.3975,5.032,-10.536,28.296001,inter_set_rest,4,7.0,36518.0,192476.0,93643.0,198359.0,102603.0
2026-04-14 18:15:39.290897,847922,1609508032911625,5632881025,-1.40544,0.28304,-0.359168,-8.16375,-31.63125,146.1775,4.288,-10.6,27.160002,inter_set_rest,4,7.0,36518.0,192476.0,93643.0,198359.0,102603.0
2026-04-14 18:15:39.304202,847923,1609508032926145,5632895972,-1.34688,0.28304,-0.113216,-4.40125,-27.25625,151.96126,3.208,-11.056001,29.912,inter_set_rest,4,7.0,36518.0,192476.0,93643.0,198359.0,102603.0
2026-04-14 18:15:39.315925,847924,1609508032935160,5632904823,-1.34688,0.28304,-0.113216,-8.6975,-24.1675,155.32124,3.208,-11.056001,29.912,inter_set_rest,4,7.0,36518.0,192476.0,93643.0,198359.0,102603.0
2026-04-14 18:15:39.329509,847925,1609508032949663,5632919703,-1.292224,0.244,-0.140544,-17.71875,-20.7025,158.83875,2.168,-10.400001,28.008001,inter_set_rest,4,7.0,36518.0,192476.0,93643.0,198359.0,102603.0
2026-04-14 18:15:39.336994,847926,1609508032958696,5632928439,-1.292224,0.244,-0.140544,-27.57125,-17.61375,163.3625,2.168,-10.400001,28.008001,inter_set_rest,4,7.0,36518.0,192476.0,93643.0,198359.0,102603.0
2026-04-14 18:15:39.376947,847937,1609508032967653,5632937135,-1.272704,0.228384,-0.083936,-38.01,-13.3875,166.39876,-0.248,-9.88,29.36,inter_set_rest,4,7.0,38312.0,199749.0,96742.0,204020.0,106259.0
2026-04-14 18:15:39.379293,847938,1609508032982789,5632952101,-1.272704,0.228384,-0.083936,-47.13625,-8.79375,168.665,-0.248,-9.88,29.36,inter_set_rest,4,7.0,38312.0,199749.0,96742.0,204020.0,106259.0
2026-04-14 18:15:39.384257,847939,1609508032991745,5632960818,-1.34688,0.208864,-0.286944,-53.9,-4.8125,170.45,-0.92,-9.224,29.312002,inter_set_rest,4,7.0,38312.0,199749.0,96742.0,204020.0,106259.0
2026-04-14 18:15:39.386706,847940,1609508033006304,5632975828,-1.276608,0.197152,-0.232288,-62.41375,-1.61,169.68875,-0.584,-8.160001,29.464,inter_set_rest,4,7.0,38312.0,199749.0,96742.0,204020.0,106259.0
2026-04-14 18:15:39.394723,847941,1609508033015245,5632984554,-1.276608,0.197152,-0.232288,-73.91125,1.89,166.80125,-0.584,-8.160001,29.464,inter_set_rest,4,7.0,38312.0,199749.0,96742.0,204020.0,106259.0
2026-04-14 18:15:39.402292,847942,1609508033024206,5632993340,-1.276608,0.197152,-0.232288,-86.73,4.24375,163.45876,-0.584,-8.160001,29.464,inter_set_rest,4,7.0,38312.0,199749.0,96742.0,204020.0,106259.0
2026-04-14 18:15:39.418610,847943,1609508033038767,5633008236,-1.216096,0.173728,-0.052704,-99.54,6.72875,160.36125,-0.136,-7.168,28.656002,inter_set_rest,4,7.0,38312.0,199749.0,96742.0,204020.0,106259.0
2026-04-14 18:15:39.427231,847944,1609508033047705,5633016920,-1.22,0.124928,-0.169824,-110.62625,9.38875,156.905,-1.104,-5.2,28.600002,inter_set_rest,4,7.0,38312.0,199749.0,96742.0,204020.0,106259.0
2026-04-14 18:15:39.443574,847945,1609508033062233,5633031798,-1.22,0.124928,-0.169824,-119.81375,10.5875,153.20375,-1.104,-5.2,28.600002,inter_set_rest,4,7.0,38312.0,199749.0,96742.0,204020.0,106259.0
2026-04-14 18:15:39.524858,847956,1609508033071651,5633040586,-1.19072,0.1464,-0.035136,-128.44125,10.8325,148.6975,-1.016,-3.568,28.592001,inter_set_rest,4,7.0,39535.0,200513.0,99151.0,205892.0,108924.0
2026-04-14 18:15:39.527208,847957,1609508033080688,5633049368,-1.19072,0.1464,-0.035136,-136.21126,10.535,144.12125,-1.016,-3.568,28.592001,inter_set_rest,4,7.0,39535.0,200513.0,99151.0,205892.0,108924.0
2026-04-14 18:15:39.534836,847958,1609508033095558,5633064390,-1.139968,0.07808,-0.249856,-141.63625,9.9225,139.2125,-0.424,-1.712,28.992,inter_set_rest,4,7.0,39535.0,200513.0,99151.0,205892.0,108924.0
2026-04-14 18:15:39.536975,847959,1609508033104966,5633075154,-1.139968,0.07808,-0.249856,-144.2875,11.31375,133.7875,-0.424,-1.712,28.992,inter_set_rest,4,7.0,39535.0,200513.0,99151.0,205892.0,108924.0
2026-04-14 18:15:39.539673,847960,1609508033119462,5633087984,-1.087264,0.08784,-0.035136,-143.78876,13.1775,129.2025,-0.312,0.352,28.960001,inter_set_rest,4,7.0,39535.0,200513.0,99151.0,205892.0,108924.0
2026-04-14 18:15:39.542329,847961,1609508033128888,5633098776,-1.130208,0.119072,-0.005856,-141.39125,15.72375,124.53875,-0.048,2.144,29.008001,inter_set_rest,4,7.0,39535.0,200513.0,99151.0,205892.0,108924.0
2026-04-14 18:15:39.544487,847962,1609508033138004,5633107625,-1.130208,0.119072,-0.005856,-138.32875,17.6575,118.58,-0.048,2.144,29.008001,inter_set_rest,4,7.0,39535.0,200513.0,99151.0,205892.0,108924.0
2026-04-14 18:15:39.547313,847963,1609508033152601,5633122560,-1.030656,0.080032,0.044896,-135.415,19.76625,111.76375,0.48,4.208,28.424002,inter_set_rest,4,7.0,39535.0,200513.0,99151.0,205892.0,108924.0
2026-04-14 18:15:39.549841,847964,1609508033161520,5633131303,-1.030656,0.080032,0.044896,-132.3525,23.21375,104.2475,0.48,4.208,28.424002,inter_set_rest,4,7.0,39535.0,200513.0,99151.0,205892.0,108924.0
2026-04-14 18:15:39.577164,847975,1609508033176213,5633146340,-1.097024,0.064416,-0.189344,-126.76125,26.80125,96.705,1.192,6.048,28.04,inter_set_rest,4,7.0,39161.0,196909.0,98655.0,203992.0,108386.0
2026-04-14 18:15:39.579687,847976,1609508033185171,5633155066,-1.097024,0.064416,-0.189344,-118.475,31.605,89.27625,1.192,6.048,28.04,inter_set_rest,4,7.0,39161.0,196909.0,98655.0,203992.0,108386.0
2026-04-14 18:15:39.581745,847977,1609508033194123,5633163789,-1.03456,0.093696,-0.052704,-108.832504,37.555,82.433754,1.96,7.28,27.344002,inter_set_rest,4,7.0,39161.0,196909.0,98655.0,203992.0,108386.0
2026-04-14 18:15:39.588091,847978,1609508033208675,5633178704,-0.81984,0.081984,0.1464,-99.28625,43.82,76.25625,2.92,8.608001,25.712002,inter_set_rest,4,7.0,39161.0,196909.0,98655.0,203992.0,108386.0
2026-04-14 18:15:39.595931,847979,1609508033217700,5633187427,-0.81984,0.081984,0.1464,-92.00625,50.89,70.39375,2.92,8.608001,25.712002,inter_set_rest,4,7.0,39161.0,196909.0,98655.0,203992.0,108386.0
2026-04-14 18:15:39.636111,847980,1609508033232200,5633202404,-0.75152,0.074176,0.066368,-86.52875,58.8175,66.115,4.008,9.912001,27.464,inter_set_rest,4,7.0,39161.0,196909.0,98655.0,203992.0,108386.0
2026-04-14 18:15:39.638373,847981,1609508033241115,5633211094,-0.75152,0.074176,0.066368,-82.24125,66.52625,62.825,4.008,9.912001,27.464,inter_set_rest,4,7.0,39161.0,196909.0,98655.0,203992.0,108386.0
2026-04-14 18:15:39.641074,847982,1609508033255663,5633225979,-0.765184,0.109312,0.181536,-80.22875,75.03125,60.305,4.808,11.024,27.080002,inter_set_rest,4,7.0,39161.0,196909.0,98655.0,203992.0,108386.0
2026-04-14 18:15:39.643563,847983,1609508033264596,5633234713,-0.765184,0.109312,0.181536,-80.70125,83.41375,59.045002,4.808,11.024,27.080002,inter_set_rest,4,7.0,39161.0,196909.0,98655.0,203992.0,108386.0
2026-04-14 18:15:39.671853,847994,1609508033273706,5633243511,-0.753472,0.10736,0.281088,-84.525,90.1425,56.90125,6.784,11.832001,25.992,inter_set_rest,4,7.0,38116.0,188898.0,96979.0,197117.0,106508.0
2026-04-14 18:15:39.674721,847995,1609508033288299,5633258643,-0.778848,0.10736,0.365024,-91.13125,95.725,53.576252,7.968,13.184001,26.016,inter_set_rest,4,7.0,38116.0,188898.0,96979.0,197117.0,106508.0
2026-04-14 18:15:39.677188,847996,1609508033297267,5633267343,-0.778848,0.10736,0.365024,-100.24,100.345,48.58875,7.968,13.184001,26.016,inter_set_rest,4,7.0,38116.0,188898.0,96979.0,197117.0,106508.0
2026-04-14 18:15:39.689717,847997,1609508033311838,5633280342,-0.89792,0.076128,0.232288,-110.425,103.29375,42.805,10.480001,14.424001,25.344002,inter_set_rest,4,7.0,38116.0,188898.0,96979.0,197117.0,106508.0
2026-04-14 18:15:39.700740,847998,1609508033321277,5633291087,-0.89792,0.076128,0.232288,-121.4325,104.97375,37.09125,10.480001,14.424001,25.344002,inter_set_rest,4,7.0,38116.0,188898.0,96979.0,197117.0,106508.0
2026-04-14 18:15:39.708244,847999,1609508033330311,5633299800,-1.007232,0.072224,0.201056,-133.315,104.527504,29.89875,12.008,16.064001,23.464,inter_set_rest,4,7.0,38116.0,188898.0,96979.0,197117.0,106508.0
2026-04-14 18:15:39.723241,848000,1609508033344796,5633314688,-1.007232,0.072224,0.201056,-143.24625,101.43875,20.8775,12.008,16.064001,23.464,inter_set_rest,4,7.0,38116.0,188898.0,96979.0,197117.0,106508.0
2026-04-14 18:15:39.734531,848001,1609508033353740,5633323379,-1.098976,0.040992,0.240096,-151.29625,97.16,9.5375,11.888001,18.12,22.264002,inter_set_rest,4,7.0,38116.0,188898.0,96979.0,197117.0,106508.0
2026-04-14 18:15:39.748303,848002,1609508033368221,5633338282,-1.266848,-0.02928,0.115168,-155.015,94.35125,-1.435,13.936001,19.752,22.400002,inter_set_rest,4,7.0,38116.0,188898.0,96979.0,197117.0,106508.0
2026-04-14 18:15:39.775604,848013,1609508033377248,5633347127,-1.266848,-0.02928,0.115168,-155.39125,92.18125,-12.59125,14.216001,19.752,22.400002,inter_set_rest,4,7.0,34965.0,182102.0,91587.0,192253.0,99778.0
2026-04-14 18:15:39.778186,848014,1609508033391788,5633362100,-1.370304,-0.121024,0.281088,-152.97626,90.39625,-23.49375,15.040001,21.392,19.632002,inter_set_rest,4,7.0,34965.0,182102.0,91587.0,192253.0,99778.0
2026-04-14 18:15:39.780668,848015,1609508033400867,5633370838,-1.370304,-0.121024,0.281088,-148.3475,88.43625,-33.670002,15.040001,21.392,19.632002,inter_set_rest,4,7.0,34965.0,182102.0,91587.0,192253.0,99778.0
2026-04-14 18:15:39.789531,848016,1609508033409935,5633379530,-1.360544,-0.208864,0.415776,-144.7075,84.72625,-40.74,15.480001,23.168001,17.896,inter_set_rest,4,7.0,34965.0,182102.0,91587.0,192253.0,99778.0
2026-04-14 18:15:39.804464,848017,1609508033424427,5633394524,-1.360544,-0.208864,0.415776,-142.65125,78.1025,-44.9575,15.480001,23.168001,17.896,inter_set_rest,4,7.0,34965.0,182102.0,91587.0,192253.0,99778.0
2026-04-14 18:15:39.812131,848018,1609508033433347,5633403268,-1.2688,-0.28304,0.626592,-142.1875,71.435,-46.40125,15.832001,25.064001,18.256,inter_set_rest,4,7.0,34965.0,182102.0,91587.0,192253.0,99778.0
2026-04-14 18:15:39.827133,848019,1609508033447844,5633418170,-1.2688,-0.28304,0.626592,-140.6475,65.84375,-43.732502,15.832001,25.064001,18.256,inter_set_rest,4,7.0,34965.0,182102.0,91587.0,192253.0,99778.0
2026-04-14 18:15:39.861236,848020,1609508033456822,5633426867,-1.175104,-0.384544,0.806176,-134.015,62.11625,-39.515,17.048,26.400002,16.288,inter_set_rest,4,7.0,34965.0,182102.0,91587.0,192253.0,99778.0
2026-04-14 18:15:39.876931,848021,1609508033465743,5633435535,-1.175104,-0.384544,0.806176,-117.3025,60.47125,-34.4925,17.048,26.400002,16.288,inter_set_rest,4,7.0,34965.0,182102.0,91587.0,192253.0,99778.0
2026-04-14 18:15:39.909863,848032,1609508033480518,5633450551,-1.253184,-0.480192,0.642208,-92.68,58.89625,-29.4525,17.528002,26.928001,15.368001,inter_set_rest,4,7.0,32475.0,188111.0,86833.0,198601.0,94087.0
2026-04-14 18:15:39.912305,848033,1609508033489505,5633459245,-1.24928,-0.501664,0.640256,-64.67125,56.28875,-25.655,18.240002,27.088001,15.216001,inter_set_rest,4,7.0,32475.0,188111.0,86833.0,198601.0,94087.0
2026-04-14 18:15:39.914551,848034,1609508033504020,5633474175,-1.24928,-0.501664,0.640256,-35.35875,52.15875,-23.835001,18.240002,27.088001,15.216001,inter_set_rest,4,7.0,32475.0,188111.0,86833.0,198601.0,94087.0
2026-04-14 18:15:39.917313,848035,1609508033512957,5633482854,-1.300032,-0.386496,0.661728,-7.84,48.195,-22.68,18.08,27.544,15.008,inter_set_rest,4,7.0,32475.0,188111.0,86833.0,198601.0,94087.0
2026-04-14 18:15:39.919933,848036,1609508033527661,5633497751,-1.300032,-0.386496,0.661728,16.17,45.1675,-20.81625,18.08,27.544,15.008,inter_set_rest,4,7.0,32475.0,188111.0,86833.0,198601.0,94087.0
2026-04-14 18:15:39.922312,848037,1609508033536659,5633506453,-1.155584,-0.32208,0.691008,35.16625,43.75875,-21.11375,18.808,27.064001,12.976001,inter_set_rest,4,7.0,32475.0,188111.0,86833.0,198601.0,94087.0
2026-04-14 18:15:39.924879,848038,1609508033545680,5633515167,-1.155584,-0.32208,0.691008,49.25375,44.8875,-23.9925,18.808,27.064001,12.976001,inter_set_rest,4,7.0,32475.0,188111.0,86833.0,198601.0,94087.0
2026-04-14 18:15:39.940225,848039,1609508033560189,5633530089,-1.1712,-0.181536,0.755424,57.6625,47.27625,-28.06125,18.704,26.840002,15.152,inter_set_rest,4,7.0,32475.0,188111.0,86833.0,198601.0,94087.0
2026-04-14 18:15:39.948520,848040,1609508033569132,5633538821,-1.1712,-0.119072,0.753472,59.701252,50.93375,-34.3875,18.704,26.840002,17.2,inter_set_rest,4,7.0,32475.0,188111.0,86833.0,198601.0,94087.0
2026-04-14 18:15:39.976080,848051,1609508033583710,5633553777,-1.110688,-0.119072,0.753472,57.37375,56.7,-43.435,18.608002,27.048,17.088001,inter_set_rest,4,7.0,33271.0,183744.0,88209.0,193518.0,95817.0
2026-04-14 18:15:39.978310,848052,1609508033592692,5633562528,-1.16144,-0.060512,0.447008,51.03,61.416252,-55.09875,17.176,27.344002,15.864,inter_set_rest,4,7.0,33271.0,183744.0,88209.0,193518.0,95817.0
2026-04-14 18:15:39.980636,848053,1609508033601698,5633571284,-1.16144,-0.060512,0.447008,41.7375,64.058754,-68.36375,17.176,27.344002,15.864,inter_set_rest,4,7.0,33271.0,183744.0,88209.0,193518.0,95817.0
2026-04-14 18:15:39.994822,848054,1609508033616237,5633586209,-1.075552,0.015616,0.42944,29.723751,65.49375,-81.89125,16.912,27.648,14.672001,inter_set_rest,4,7.0,33271.0,183744.0,88209.0,193518.0,95817.0
2026-04-14 18:15:40.004412,848055,1609508033625181,5633594925,-1.075552,0.015616,0.42944,18.41875,64.2425,-94.50875,16.912,27.648,14.672001,inter_set_rest,4,7.0,33271.0,183744.0,88209.0,193518.0,95817.0
2026-04-14 18:15:40.019888,848056,1609508033639770,5633609812,-0.921344,0.015616,0.337696,10.01875,62.5625,-105.23625,16.936,27.984001,14.152,inter_set_rest,4,7.0,33271.0,183744.0,88209.0,193518.0,95817.0
2026-04-14 18:15:40.030473,848057,1609508033648728,5633618538,-0.921344,0.015616,0.337696,3.01875,60.29625,-114.03,16.936,27.984001,14.152,inter_set_rest,4,7.0,33271.0,183744.0,88209.0,193518.0,95817.0
2026-04-14 18:15:40.042845,848058,1609508033663346,5633633428,-0.833504,0.017568,0.286944,0.28875,59.955,-121.00375,15.464001,28.832,13.736001,inter_set_rest,4,7.0,33271.0,183744.0,88209.0,193518.0,95817.0
2026-04-14 18:15:40.077079,848069,1609508033672455,5633642145,-0.772992,0.03904,0.472384,2.45875,60.515,-125.81625,15.496,29.048002,13.528001,inter_set_rest,4,7.0,35354.0,181473.0,92207.0,191489.0,100745.0
2026-04-14 18:15:40.079857,848070,1609508033681435,5633650970,-0.772992,0.03904,0.472384,9.66875,60.41,-129.12375,15.496,29.048002,13.528001,inter_set_rest,4,7.0,35354.0,181473.0,92207.0,191489.0,100745.0
2026-04-14 18:15:40.082357,848071,1609508033695964,5633665902,-0.81984,0.050752,0.359168,21.665,60.13,-132.25626,13.448001,29.624,15.056001,inter_set_rest,4,7.0,35354.0,181473.0,92207.0,191489.0,100745.0
2026-04-14 18:15:40.084849,848072,1609508033704908,5633674646,-0.81984,0.050752,0.359168,37.42375,60.01625,-133.63875,13.448001,29.624,15.056001,inter_set_rest,4,7.0,35354.0,181473.0,92207.0,191489.0,100745.0
2026-04-14 18:15:40.098580,848073,1609508033719460,5633689719,-0.806176,0.03904,0.25376,53.0775,60.03375,-134.84625,12.304001,30.112001,16.296001,inter_set_rest,4,7.0,35354.0,181473.0,92207.0,191489.0,100745.0
2026-04-14 18:15:40.107344,848074,1609508033728418,5633698413,-0.806176,0.03904,0.25376,67.36625,60.2525,-137.375,12.304001,30.112001,16.296001,inter_set_rest,4,7.0,35354.0,181473.0,92207.0,191489.0,100745.0
2026-04-14 18:15:40.117344,848075,1609508033737376,5633707130,-0.911584,0.103456,0.306464,78.995,59.010002,-140.7525,12.056001,29.464,16.184,inter_set_rest,4,7.0,35354.0,181473.0,92207.0,191489.0,100745.0
2026-04-14 18:15:40.132983,848076,1609508033751867,5633722032,-1.145824,0.18544,0.119072,90.36125,54.25,-143.59625,10.504001,28.904001,15.160001,inter_set_rest,4,7.0,35354.0,181473.0,92207.0,191489.0,100745.0
2026-04-14 18:15:40.139661,848077,1609508033760795,5633730742,-1.145824,0.18544,0.119072,101.5,47.39,-143.50874,10.504001,28.904001,15.160001,inter_set_rest,4,7.0,35354.0,181473.0,92207.0,191489.0,100745.0
2026-04-14 18:15:40.178606,848088,1609508033775719,5633745654,-1.153632,0.20496,0.066368,113.75,38.84125,-139.58,9.76,28.304,16.44,inter_set_rest,4,7.0,40080.0,182132.0,100314.0,192124.0,110069.0
2026-04-14 18:15:40.180583,848089,1609508033784864,5633754478,-1.153632,0.20496,0.066368,125.50125,27.95625,-131.97626,9.76,28.304,16.44,inter_set_rest,4,7.0,40080.0,182132.0,100314.0,192124.0,110069.0
2026-04-14 18:15:40.183625,848090,1609508033799377,5633769410,-1.14192,0.245952,0.040992,134.925,16.135,-122.5875,8.92,27.496002,17.744001,inter_set_rest,4,7.0,40080.0,182132.0,100314.0,192124.0,110069.0
2026-04-14 18:15:40.187980,848091,1609508033808377,5633778111,-1.14192,0.245952,0.040992,143.4475,3.4825,-110.29375,8.92,27.496002,17.744001,inter_set_rest,4,7.0,40080.0,182132.0,100314.0,192124.0,110069.0
2026-04-14 18:15:40.220715,848092,1609508033817307,5633786735,-1.08336,0.247904,-0.046848,150.45625,-8.645,-96.73125,7.632,26.496002,20.232,inter_set_rest,4,7.0,40080.0,182132.0,100314.0,192124.0,110069.0
2026-04-14 18:15:40.245949,848093,1609508033831815,5633801624,-1.13216,0.300608,-0.013664,152.71375,-16.45875,-81.75125,6.016,25.44,22.000002,inter_set_rest,4,7.0,40080.0,182132.0,100314.0,192124.0,110069.0
2026-04-14 18:15:40.270658,848094,1609508033840779,5633810327,-1.13216,0.300608,-0.013664,150.84125,-17.85,-64.995,6.016,25.44,22.000002,inter_set_rest,4,7.0,40080.0,182132.0,100314.0,192124.0,110069.0
2026-04-14 18:15:40.293156,848095,1609508033855299,5633825209,-1.167296,0.300608,-0.111264,146.825,-15.09375,-45.0625,5.608,24.296001,22.592001,inter_set_rest,4,7.0,40080.0,182132.0,100314.0,192124.0,110069.0
2026-04-14 18:15:40.296097,848096,1609508033864223,5633833954,-1.167296,0.300608,-0.111264,141.28625,-10.36,-21.35,5.608,24.296001,22.592001,inter_set_rest,4,7.0,40080.0,182132.0,100314.0,192124.0,110069.0
2026-04-14 18:15:40.325014,848107,1609508033873599,5633842694,-1.22,0.357216,-0.1464,134.1025,-5.46875,3.1675,6.288,22.352001,23.368002,inter_set_rest,4,7.0,34285.0,174526.0,90509.0,184590.0,98631.0
2026-04-14 18:15:40.332154,848108,1609508033888440,5633857610,-1.22,0.357216,-0.1464,127.47,0.1225,23.98375,6.288,22.352001,23.368002,inter_set_rest,4,7.0,34285.0,174526.0,90509.0,184590.0,98631.0
2026-04-14 18:15:40.333504,848109,1609508033897373,5633866278,-1.23952,0.333792,-0.037088,114.82625,10.01875,38.482502,6.832,21.592001,24.944,inter_set_rest,4,7.0,34285.0,174526.0,90509.0,184590.0,98631.0
2026-04-14 18:15:40.334601,848110,1609508033911911,5633881177,-1.585024,0.2928,-0.056608,103.13625,24.395,47.9675,7.648,20.368,24.016,inter_set_rest,4,7.0,34285.0,174526.0,90509.0,184590.0,98631.0
2026-04-14 18:15:40.336570,848111,1609508033920839,5633889914,-1.585024,0.2928,-0.056608,94.5175,36.513752,56.91875,7.648,20.368,24.016,inter_set_rest,4,7.0,34285.0,174526.0,90509.0,184590.0,98631.0
2026-04-14 18:15:40.338707,848112,1609508033929835,5633898718,-1.585024,0.2928,-0.056608,88.655,43.54875,69.3525,7.648,20.368,24.016,inter_set_rest,4,7.0,34285.0,174526.0,90509.0,184590.0,98631.0
2026-04-14 18:15:40.340874,848113,1609508033944889,5633913642,-1.409344,0.357216,-0.11712,86.485,45.955,83.53625,8.312,19.504002,26.336,inter_set_rest,4,7.0,34285.0,174526.0,90509.0,184590.0,98631.0
2026-04-14 18:15:40.342318,848114,1609508033954226,5633924421,-1.067744,0.456768,0.163968,79.45,45.36875,91.49875,10.040001,18.272001,24.848001,inter_set_rest,4,7.0,34285.0,174526.0,90509.0,184590.0,98631.0
2026-04-14 18:15:40.347400,848115,1609508033968765,5633937340,-1.067744,0.456768,0.163968,61.355,47.4075,92.26,10.040001,18.272001,24.848001,inter_set_rest,4,7.0,34285.0,174526.0,90509.0,184590.0,98631.0
2026-04-14 18:15:40.379830,848126,1609508033978523,5633948795,-0.944768,0.407968,0.113216,33.55625,51.59,91.183754,12.928,17.800001,23.44,inter_set_rest,4,7.0,34777.0,175150.0,90988.0,184321.0,99399.0
2026-04-14 18:15:40.382306,848127,1609508033987562,5633957540,-0.944768,0.407968,0.113216,-1.35625,53.655,90.72,12.928,17.800001,23.44,inter_set_rest,4,7.0,34777.0,175150.0,90988.0,184321.0,99399.0
2026-04-14 18:15:40.384813,848128,1609508034002336,5633972482,-0.977952,0.347456,0.06832,-36.2775,53.41,93.35375,14.712001,18.368,23.592001,inter_set_rest,4,7.0,34777.0,175150.0,90988.0,184321.0,99399.0
2026-04-14 18:15:40.391057,848129,1609508034011403,5633981240,-0.977952,0.347456,0.06832,-67.20875,49.53375,97.746254,14.712001,18.368,23.592001,inter_set_rest,4,7.0,34777.0,175150.0,90988.0,184321.0,99399.0
2026-04-14 18:15:40.399849,848130,1609508034020468,5633989981,-1.100928,0.335744,0.072224,-93.9925,41.6325,99.96,15.800001,19.048,22.176,inter_set_rest,4,7.0,34777.0,175150.0,90988.0,184321.0,99399.0
2026-04-14 18:15:40.414714,848131,1609508034034974,5634005007,-1.136064,0.279136,0.023424,-119.48125,29.51375,98.595,16.424002,20.128,21.424002,inter_set_rest,4,7.0,34777.0,175150.0,90988.0,184321.0,99399.0
2026-04-14 18:15:40.423447,848132,1609508034043931,5634013692,-1.136064,0.279136,0.023424,-143.5,15.56625,97.57125,16.424002,20.128,21.424002,inter_set_rest,4,7.0,34777.0,175150.0,90988.0,184321.0,99399.0
2026-04-14 18:15:40.436805,848133,1609508034058424,5634028642,-1.110688,0.206912,0.191296,-162.54,3.57875,97.11625,18.448,20.936,20.264002,inter_set_rest,4,7.0,34777.0,175150.0,90988.0,184321.0,99399.0
2026-04-14 18:15:40.448457,848134,1609508034067357,5634037334,-1.110688,0.206912,0.191296,-176.11125,-5.11,94.605,18.448,20.936,20.264002,inter_set_rest,4,7.0,34777.0,175150.0,90988.0,184321.0,99399.0
2026-04-14 18:15:40.479827,848145,1609508034081953,5634052328,-1.15168,0.0976,0.226432,-185.4125,-11.515,89.775,19.28,22.2,19.0,inter_set_rest,4,7.0,34220.0,175666.0,90247.0,185748.0,98179.0
2026-04-14 18:15:40.481892,848146,1609508034090983,5634061240,-1.15168,0.0976,0.226432,-190.77625,-16.86125,83.6675,19.28,22.2,19.0,inter_set_rest,4,7.0,34220.0,175666.0,90247.0,185748.0,98179.0
2026-04-14 18:15:40.484155,848147,1609508034099936,5634069973,-1.138016,0.03904,0.238144,-192.05376,-20.58,78.19875,18.856,23.856,19.424002,inter_set_rest,4,7.0,34220.0,175666.0,90247.0,185748.0,98179.0
2026-04-14 18:15:40.492372,848148,1609508034114469,5634082884,-1.097024,0.03904,0.337696,-191.7475,-23.0475,71.79375,18.888,25.424002,18.712002,inter_set_rest,4,7.0,34220.0,175666.0,90247.0,185748.0,98179.0
2026-04-14 18:15:40.503192,848149,1609508034123726,5634093630,-1.097024,0.03904,0.337696,-190.5225,-23.26625,65.21375,18.888,25.424002,18.712002,inter_set_rest,4,7.0,34220.0,175666.0,90247.0,185748.0,98179.0
2026-04-14 18:15:40.517212,848150,1609508034138230,5634108581,-1.139968,0.052704,0.286944,-188.6325,-21.245,57.26875,20.456001,25.760002,15.176001,inter_set_rest,4,7.0,34220.0,175666.0,90247.0,185748.0,98179.0
2026-04-14 18:15:40.527232,848151,1609508034147138,5634117276,-1.139968,0.052704,0.286944,-186.2525,-18.27875,47.87125,20.456001,25.760002,15.176001,inter_set_rest,4,7.0,34220.0,175666.0,90247.0,185748.0,98179.0
2026-04-14 18:15:40.535973,848152,1609508034156160,5634125970,-1.296128,0.124928,0.35136,-183.07625,-17.4475,38.50875,21.136002,27.240002,13.968,inter_set_rest,4,7.0,34220.0,175666.0,90247.0,185748.0,98179.0
2026-04-14 18:15:40.550602,848153,1609508034170685,5634140934,-1.296128,0.124928,0.35136,-178.9375,-18.38375,30.975,21.136002,27.240002,13.968,inter_set_rest,4,7.0,34220.0,175666.0,90247.0,185748.0,98179.0
2026-04-14 18:15:40.646101,848164,1609508034179816,5634149731,-1.257088,0.119072,0.35136,-172.55875,-19.7225,26.6875,21.080002,27.928001,14.312,inter_set_rest,4,7.0,33245.0,178147.0,88424.0,188165.0,95863.0
2026-04-14 18:15:40.648575,848165,1609508034194423,5634164651,-1.35664,0.115168,0.083936,-163.80875,-23.07375,23.73875,20.672,28.912,12.792001,inter_set_rest,4,7.0,33245.0,178147.0,88424.0,188165.0,95863.0
2026-04-14 18:15:40.651105,848166,1609508034203389,5634173359,-1.35664,0.115168,0.083936,-155.82875,-28.23625,21.83125,20.672,28.912,12.792001,inter_set_rest,4,7.0,33245.0,178147.0,88424.0,188165.0,95863.0
2026-04-14 18:15:40.653633,848167,1609508034217845,5634186212,-1.33712,0.083936,0.25376,-149.0125,-34.9475,20.51,20.2,30.128002,11.728001,inter_set_rest,4,7.0,33245.0,178147.0,88424.0,188165.0,95863.0
2026-04-14 18:15:40.655988,848168,1609508034227041,5634196991,-1.33712,0.083936,0.25376,-143.36,-42.16625,21.46375,20.2,30.128002,11.728001,inter_set_rest,4,7.0,33245.0,178147.0,88424.0,188165.0,95863.0
2026-04-14 18:15:40.658374,848169,1609508034235961,5634205798,-1.362496,0.044896,0.228384,-135.96625,-50.86375,24.22,19.696001,30.176,11.472,inter_set_rest,4,7.0,33245.0,178147.0,88424.0,188165.0,95863.0
2026-04-14 18:15:40.661104,848170,1609508034250469,5634220679,-1.362496,0.044896,0.228384,-127.63625,-60.69,29.35625,19.696001,30.176,11.472,inter_set_rest,4,7.0,33245.0,178147.0,88424.0,188165.0,95863.0
2026-04-14 18:15:40.663579,848171,1609508034259411,5634229366,-1.280512,0.005856,0.160064,-116.52375,-70.63,36.26,19.432001,30.864002,10.208,inter_set_rest,4,7.0,33245.0,178147.0,88424.0,188165.0,95863.0
2026-04-14 18:15:40.666099,848172,1609508034273987,5634242373,-1.165344,-0.005856,0.015616,-103.005,-79.03875,44.05625,19.432001,30.464,10.824,inter_set_rest,4,7.0,33245.0,178147.0,88424.0,188165.0,95863.0
2026-04-14 18:15:40.698453,848183,1609508034283389,5634253202,-1.165344,-0.005856,0.015616,-88.095,-86.0125,53.0775,19.112001,30.464,10.824,inter_set_rest,4,7.0,32351.0,179420.0,86777.0,189467.0,94002.0
2026-04-14 18:15:40.700948,848184,1609508034292441,5634261953,-1.165344,-0.005856,0.015616,-75.50375,-91.13125,62.615,19.112001,30.464,10.824,inter_set_rest,4,7.0,32351.0,179420.0,86777.0,189467.0,94002.0
2026-04-14 18:15:40.702980,848185,1609508034307034,5634276878,-1.120448,0.052704,-0.01952,-65.2925,-91.53375,69.36125,19.272001,30.560001,10.608001,inter_set_rest,4,7.0,32351.0,179420.0,86777.0,189467.0,94002.0
2026-04-14 18:15:40.705515,848186,1609508034315966,5634285587,-1.188768,0.062464,-0.138592,-58.31,-88.73375,72.7475,18.76,30.520002,12.216001,inter_set_rest,4,7.0,32351.0,179420.0,86777.0,189467.0,94002.0
2026-04-14 18:15:40.710965,848187,1609508034330579,5634300482,-1.188768,0.062464,-0.138592,-53.17375,-87.2375,75.67875,18.76,30.520002,12.216001,inter_set_rest,4,7.0,32351.0,179420.0,86777.0,189467.0,94002.0
2026-04-14 18:15:40.718391,848188,1609508034339532,5634309197,-1.11264,0.027328,0.122976,-48.405,-87.5175,77.735,18.656,30.064001,9.512,inter_set_rest,4,7.0,32351.0,179420.0,86777.0,189467.0,94002.0
2026-04-14 18:15:40.733620,848189,1609508034354031,5634324113,-1.11264,-0.023424,0.054656,-39.235,-88.94375,77.97125,18.656,30.064001,9.512,inter_set_rest,4,7.0,32351.0,179420.0,86777.0,189467.0,94002.0
2026-04-14 18:15:40.742347,848190,1609508034362983,5634332807,-1.050176,-0.023424,0.054656,-25.935,-89.6175,77.9275,20.720001,28.728,8.392,inter_set_rest,4,7.0,32351.0,179420.0,86777.0,189467.0,94002.0
2026-04-14 18:15:40.752346,848191,1609508034371931,5634341503,-1.050176,-0.023424,0.054656,-11.71625,-86.72125,76.76375,20.720001,28.728,8.392,inter_set_rest,4,7.0,32351.0,179420.0,86777.0,189467.0,94002.0
2026-04-14 18:15:40.779850,848202,1609508034386573,5634356473,-1.042368,0.033184,-0.017568,-1.70625,-82.18875,73.955,20.848001,28.632002,9.488001,inter_set_rest,4,7.0,31927.0,179698.0,85778.0,189074.0,93054.0
2026-04-14 18:15:40.784670,848203,1609508034395623,5634365170,-1.057984,0.115168,-0.033184,2.5025,-77.840004,68.1275,20.728,27.960001,7.64,inter_set_rest,4,7.0,31927.0,179698.0,85778.0,189074.0,93054.0
2026-04-14 18:15:40.791883,848204,1609508034410155,5634380224,-1.057984,0.115168,-0.033184,2.205,-75.6,60.357502,20.728,27.960001,7.64,inter_set_rest,4,7.0,31927.0,179698.0,85778.0,189074.0,93054.0
2026-04-14 18:15:40.798137,848205,1609508034419146,5634388921,-1.085312,0.109312,-0.12688,-0.0875,-75.285,53.0775,19.904001,28.12,11.288,inter_set_rest,4,7.0,31927.0,179698.0,85778.0,189074.0,93054.0
2026-04-14 18:15:40.806996,848206,1609508034428072,5634397624,-1.085312,0.109312,-0.12688,-1.54875,-76.3175,46.31375,19.904001,28.12,11.288,inter_set_rest,4,7.0,31927.0,179698.0,85778.0,189074.0,93054.0
2026-04-14 18:15:40.822034,848207,1609508034442719,5634412509,-1.077504,0.064416,0.0976,0.49875,-77.0875,40.32,19.784,27.432001,11.168,inter_set_rest,4,7.0,31927.0,179698.0,85778.0,189074.0,93054.0
2026-04-14 18:15:40.829516,848208,1609508034451674,5634421222,-1.077504,0.064416,0.0976,5.29375,-75.2325,32.99625,19.784,27.432001,11.168,inter_set_rest,4,7.0,31927.0,179698.0,85778.0,189074.0,93054.0
2026-04-14 18:15:40.844548,848209,1609508034466335,5634436136,-1.059936,0.054656,0.128832,7.1575,-70.88375,25.62875,20.352001,27.264002,10.776001,inter_set_rest,4,7.0,31927.0,179698.0,85778.0,189074.0,93054.0
2026-04-14 18:15:40.880444,848220,1609508034475327,5634445193,-0.989664,0.111264,-0.040992,2.96625,-63.5425,17.52625,20.128,27.008001,11.64,inter_set_rest,4,7.0,34055.0,186587.0,89372.0,194261.0,97554.0
2026-04-14 18:15:40.883144,848221,1609508034489968,5634460163,-0.989664,0.111264,-0.040992,-6.32625,-49.04375,8.44375,20.128,27.008001,11.64,inter_set_rest,4,7.0,34055.0,186587.0,89372.0,194261.0,97554.0
2026-04-14 18:15:40.885630,848222,1609508034498914,5634468850,-1.009184,0.138592,-0.00976,-14.4025,-36.12,0.60375,19.832,27.624,10.672001,inter_set_rest,4,7.0,34055.0,186587.0,89372.0,194261.0,97554.0
2026-04-14 18:15:40.923277,848223,1609508034507859,5634477567,-1.009184,0.138592,-0.00976,-15.785,-31.5,-3.605,19.832,27.624,10.672001,inter_set_rest,4,7.0,34055.0,186587.0,89372.0,194261.0,97554.0
2026-04-14 18:15:40.925802,848224,1609508034522351,5634492451,-1.011136,0.017568,0.16592,-10.15875,-28.67375,-7.3325,19.664001,27.232,10.656,inter_set_rest,4,7.0,34055.0,186587.0,89372.0,194261.0,97554.0
2026-04-14 18:15:40.928267,848225,1609508034531283,5634501143,-1.011136,0.017568,0.16592,1.96875,-21.97125,-12.285,19.664001,27.232,10.656,inter_set_rest,4,7.0,34055.0,186587.0,89372.0,194261.0,97554.0
2026-04-14 18:15:40.953333,848226,1609508034545772,5634516007,-1.013088,0.044896,0.368928,11.6375,-12.88875,-17.045,19.848001,27.328001,10.904,inter_set_rest,4,7.0,34055.0,186587.0,89372.0,194261.0,97554.0
2026-04-14 18:15:40.978170,848227,1609508034554777,5634524926,-1.013088,0.044896,0.368928,17.22875,1.645,-23.765,19.848001,27.328001,10.904,inter_set_rest,4,7.0,34055.0,186587.0,89372.0,194261.0,97554.0
2026-04-14 18:15:40.980564,848228,1609508034563722,5634533621,-0.880352,0.0,0.218624,17.92,18.9875,-32.305,19.408,27.480001,10.328,inter_set_rest,4,7.0,34055.0,186587.0,89372.0,194261.0,97554.0
2026-04-14 18:15:41.013540,848239,1609508034578540,5634548502,-0.950624,0.021472,-0.0976,14.51625,37.45875,-38.78,19.576,27.512001,10.808001,inter_set_rest,4,7.0,46342.0,225304.0,109733.0,227582.0,121361.0
2026-04-14 18:15:41.016024,848240,1609508034587559,5634557348,-0.950624,0.021472,-0.0976,15.70625,53.06875,-42.04375,19.576,27.512001,10.808001,inter_set_rest,4,7.0,46342.0,225304.0,109733.0,227582.0,121361.0
2026-04-14 18:15:41.018437,848241,1609508034602038,5634572232,-0.841312,0.01952,0.181536,23.9225,62.2825,-43.1025,19.688002,28.008001,11.400001,inter_set_rest,4,7.0,46342.0,225304.0,109733.0,227582.0,121361.0
2026-04-14 18:15:41.020633,848242,1609508034611154,5634581060,-0.841312,0.01952,0.181536,30.87875,70.2625,-44.625,19.688002,28.008001,11.400001,inter_set_rest,4,7.0,46342.0,225304.0,109733.0,227582.0,121361.0
2026-04-14 18:15:41.023532,848243,1609508034620253,5634589785,-0.892064,0.0976,0.349408,22.09375,71.81125,-47.6,18.744001,27.856,11.032001,inter_set_rest,4,7.0,46342.0,225304.0,109733.0,227582.0,121361.0
2026-04-14 18:15:41.026042,848244,1609508034634782,5634604752,-0.892064,0.0976,0.349408,-1.3825,75.45125,-54.08375,18.744001,27.856,11.032001,inter_set_rest,4,7.0,46342.0,225304.0,109733.0,227582.0,121361.0
2026-04-14 18:15:41.028160,848245,1609508034643833,5634613462,-1.036512,0.070272,0.236192,-30.84375,79.5375,-62.88625,18.584002,28.856,9.952001,inter_set_rest,4,7.0,46342.0,225304.0,109733.0,227582.0,121361.0
2026-04-14 18:15:41.039779,848246,1609508034658373,5634628459,-1.04432,0.035136,0.460672,-60.05125,83.06375,-73.15,18.288,30.064001,9.080001,inter_set_rest,4,7.0,46342.0,225304.0,109733.0,227582.0,121361.0
2026-04-14 18:15:41.054719,848247,1609508034667284,5634637372,-1.04432,0.035136,0.460672,-84.37625,87.2025,-82.53875,18.288,30.064001,9.080001,inter_set_rest,4,7.0,46342.0,225304.0,109733.0,227582.0,121361.0
2026-04-14 18:15:41.079552,848258,1609508034682076,5634650585,-1.061888,-0.089792,0.249856,-100.45875,90.9125,-90.27375,18.776001,30.936,6.12,inter_set_rest,4,7.0,49923.0,220327.0,113995.0,221205.0,125625.0
2026-04-14 18:15:41.082448,848259,1609508034691585,5634661360,-1.061888,-0.089792,0.249856,-107.808754,93.835,-96.0575,18.776001,30.936,6.12,inter_set_rest,4,7.0,49923.0,220327.0,113995.0,221205.0,125625.0
2026-04-14 18:15:41.084199,848260,1609508034700568,5634670095,-1.225856,-0.124928,0.220576,-107.75625,96.32,-100.52875,18.216002,31.808,4.752,inter_set_rest,4,7.0,49923.0,220327.0,113995.0,221205.0,125625.0
2026-04-14 18:15:41.093179,848261,1609508034715136,5634685030,-1.225856,-0.124928,0.220576,-104.99125,96.145,-104.3175,18.216002,31.808,4.752,inter_set_rest,4,7.0,49923.0,220327.0,113995.0,221205.0,125625.0
2026-04-14 18:15:41.104480,848262,1609508034724099,5634693770,-1.301984,-0.199104,0.310368,-96.13625,94.395,-106.26875,16.504002,33.312,3.408,inter_set_rest,4,7.0,49923.0,220327.0,113995.0,221205.0,125625.0
2026-04-14 18:15:41.119548,848263,1609508034738572,5634708669,-1.286368,-0.277184,0.325984,-79.2225,91.8225,-106.46125,16.808,33.408,3.536,inter_set_rest,4,7.0,49923.0,220327.0,113995.0,221205.0,125625.0
2026-04-14 18:15:41.127104,848264,1609508034747504,5634717340,-1.286368,-0.277184,0.325984,-54.565,88.41875,-106.3125,16.808,33.408,3.536,inter_set_rest,4,7.0,49923.0,220327.0,113995.0,221205.0,125625.0
2026-04-14 18:15:41.136953,848265,1609508034756579,5634726021,-1.286368,-0.320128,0.363072,-23.02125,81.83,-105.91875,16.808,33.408,3.536,inter_set_rest,4,7.0,49923.0,220327.0,113995.0,221205.0,125625.0
2026-04-14 18:15:41.149508,848266,1609508034771162,5634740950,-1.196576,-0.320128,0.363072,8.89,73.2025,-105.0175,15.696001,34.016003,3.808,inter_set_rest,4,7.0,49923.0,220327.0,113995.0,221205.0,125625.0
2026-04-14 18:15:41.179382,848277,1609508034780617,5634749733,-1.257088,-0.325984,0.181536,38.92875,63.525,-105.46375,14.936001,34.248,3.832,inter_set_rest,4,7.0,53080.0,214485.0,118510.0,216073.0,130063.0
2026-04-14 18:15:41.181702,848278,1609508034795224,5634764678,-1.257088,-0.325984,0.181536,67.9175,53.90875,-105.07,14.936001,34.248,3.832,inter_set_rest,4,7.0,53080.0,214485.0,118510.0,216073.0,130063.0
2026-04-14 18:15:41.184386,848279,1609508034804173,5634773370,-1.227808,-0.308416,0.160064,96.92375,45.255,-102.5675,13.824,34.304,4.696,inter_set_rest,4,7.0,53080.0,214485.0,118510.0,216073.0,130063.0
2026-04-14 18:15:41.191987,848280,1609508034813146,5634782094,-1.227808,-0.308416,0.160064,124.88875,38.263752,-99.60125,13.824,34.304,4.696,inter_set_rest,4,7.0,53080.0,214485.0,118510.0,216073.0,130063.0
2026-04-14 18:15:41.205733,848281,1609508034827671,5634797069,-1.290272,-0.189344,0.160064,150.9375,31.5175,-96.27625,11.976001,34.216003,6.8,inter_set_rest,4,7.0,53080.0,214485.0,118510.0,216073.0,130063.0
2026-04-14 18:15:41.214532,848282,1609508034836599,5634805921,-1.290272,-0.189344,0.160064,172.47125,22.81125,-92.47875,11.976001,34.216003,6.8,inter_set_rest,4,7.0,53080.0,214485.0,118510.0,216073.0,130063.0
2026-04-14 18:15:41.230763,848283,1609508034851074,5634820873,-1.15168,-0.144448,0.16592,182.035,15.39125,-87.6925,11.816001,32.856003,9.816001,inter_set_rest,4,7.0,53080.0,214485.0,118510.0,216073.0,130063.0
2026-04-14 18:15:41.239541,848284,1609508034860082,5634829553,-1.087264,-0.0488,0.3416,184.19624,8.32125,-81.03375,10.776001,32.128002,10.52,inter_set_rest,4,7.0,53080.0,214485.0,118510.0,216073.0,130063.0
2026-04-14 18:15:41.254415,848285,1609508034874624,5634844508,-1.087264,-0.0488,0.3416,184.45876,2.87875,-71.58375,10.776001,32.128002,10.52,inter_set_rest,4,7.0,53080.0,214485.0,118510.0,216073.0,130063.0
2026-04-14 18:15:41.282208,848296,1609508034883718,5634853702,-1.10288,0.091744,0.40016,185.91125,3.85,-61.71375,10.312,30.832,13.296001,inter_set_rest,4,7.0,68029.0,240127.0,138984.0,236037.0,151597.0
2026-04-14 18:15:41.284586,848297,1609508034892799,5634862457,-1.10288,0.091744,0.40016,191.135,2.6775,-55.01125,10.312,30.832,13.296001,inter_set_rest,4,7.0,68029.0,240127.0,138984.0,236037.0,151597.0
2026-04-14 18:15:41.286809,848298,1609508034907314,5634877409,-0.987712,0.122976,0.347456,185.71,2.7125,-56.1225,7.984,30.512001,16.408,inter_set_rest,4,7.0,68029.0,240127.0,138984.0,236037.0,151597.0
2026-04-14 18:15:41.294340,848299,1609508034916489,5634886289,-0.987712,0.122976,0.347456,169.365,3.43,-61.78375,7.984,30.512001,16.408,inter_set_rest,4,7.0,68029.0,240127.0,138984.0,236037.0,151597.0
2026-04-14 18:15:41.323080,848300,1609508034931040,5634901221,-0.970144,0.105408,0.173728,140.14,5.04875,-68.0225,7.888001,29.184002,12.968,inter_set_rest,4,7.0,68029.0,240127.0,138984.0,236037.0,151597.0
2026-04-14 18:15:41.348577,848301,1609508034939956,5634909907,-0.882304,-0.037088,0.226432,108.47375,8.1025,-71.65375,8.184,28.816002,16.528,inter_set_rest,4,7.0,68029.0,240127.0,138984.0,236037.0,151597.0
2026-04-14 18:15:41.360038,848302,1609508034948880,5634918606,-0.882304,-0.037088,0.226432,87.96375,11.64625,-71.2075,8.184,28.816002,16.528,inter_set_rest,4,7.0,68029.0,240127.0,138984.0,236037.0,151597.0
2026-04-14 18:15:41.360373,848303,1609508034963351,5634933481,-0.974048,-0.072224,0.240096,79.695,17.325,-69.78125,7.376,28.04,16.784,inter_set_rest,4,7.0,68029.0,240127.0,138984.0,236037.0,151597.0
2026-04-14 18:15:41.364110,848304,1609508034972391,5634942269,-0.974048,-0.072224,0.240096,79.51125,21.98875,-67.585,7.376,28.04,16.784,inter_set_rest,4,7.0,68029.0,240127.0,138984.0,236037.0,151597.0
2026-04-14 18:15:41.391052,848315,1609508034986987,5634957301,-1.020896,-0.025376,0.158112,83.53625,23.19625,-64.23375,7.048,27.448002,17.984001,inter_set_rest,4,7.0,38661.0,184422.0,97900.0,192250.0,106586.0
2026-04-14 18:15:41.393575,848316,1609508034996034,5634966020,-1.020896,-0.025376,0.158112,83.25625,20.79,-59.77125,7.048,27.448002,17.984001,inter_set_rest,4,7.0,38661.0,184422.0,97900.0,192250.0,106586.0
2026-04-14 18:15:41.395661,848317,1609508035010554,5634978932,-0.991616,-0.033184,0.275232,73.14125,14.8925,-56.30625,6.064,27.640001,17.432001,inter_set_rest,4,7.0,38661.0,184422.0,97900.0,192250.0,106586.0
2026-04-14 18:15:41.401065,848318,1609508035019775,5634989766,-0.993568,-0.08784,0.160064,53.61125,9.0825,-54.60875,5.6,27.112001,19.704,inter_set_rest,4,7.0,38661.0,184422.0,97900.0,192250.0,106586.0
2026-04-14 18:15:41.408607,848319,1609508035028704,5634998459,-0.993568,-0.08784,0.160064,36.7675,5.83625,-50.30375,5.6,27.112001,19.704,inter_set_rest,4,7.0,38661.0,184422.0,97900.0,192250.0,106586.0
2026-04-14 18:15:41.422333,848320,1609508035043208,5635013388,-1.011136,0.015616,-0.046848,35.76125,4.71625,-41.763752,6.328,26.248001,18.696001,inter_set_rest,4,7.0,38661.0,184422.0,97900.0,192250.0,106586.0
2026-04-14 18:15:41.431072,848321,1609508035052138,5635022075,-1.011136,0.015616,-0.046848,46.62,5.6525,-32.9525,6.328,26.248001,18.696001,inter_set_rest,4,7.0,38661.0,184422.0,97900.0,192250.0,106586.0
2026-04-14 18:15:41.447359,848322,1609508035066645,5635036974,-0.8784,0.035136,0.095648,51.0475,7.27125,-28.35,4.936,26.328001,20.096,inter_set_rest,4,7.0,38661.0,184422.0,97900.0,192250.0,106586.0
2026-04-14 18:15:41.455589,848323,1609508035075593,5635045654,-0.8784,0.035136,0.095648,43.61,7.81375,-25.55875,4.936,26.328001,20.096,inter_set_rest,4,7.0,38661.0,184422.0,97900.0,192250.0,106586.0
2026-04-14 18:15:41.483430,848334,1609508035084818,5635054414,-0.968192,0.003904,0.050752,28.105,8.88125,-20.1425,6.008,25.712002,20.072,inter_set_rest,4,7.0,33648.0,184213.0,88984.0,192531.0,96255.0
2026-04-14 18:15:41.485927,848335,1609508035099393,5635069330,-1.009184,0.02928,0.3416,8.015,11.33125,-13.57125,4.392,26.992,18.496,inter_set_rest,4,7.0,33648.0,184213.0,88984.0,192531.0,96255.0
2026-04-14 18:15:41.488069,848336,1609508035108326,5635078059,-1.009184,0.02928,0.3416,-15.5925,12.52125,-10.815,4.392,26.992,18.496,inter_set_rest,4,7.0,33648.0,184213.0,88984.0,192531.0,96255.0
2026-04-14 18:15:41.502306,848337,1609508035122833,5635093032,-1.065792,-0.00976,0.122976,-39.97,9.21375,-8.18125,5.304,26.560001,17.992,inter_set_rest,4,7.0,33648.0,184213.0,88984.0,192531.0,96255.0
2026-04-14 18:15:41.510752,848338,1609508035131800,5635101712,-1.065792,-0.00976,0.122976,-60.43625,5.52125,-3.9375,5.304,26.560001,17.992,inter_set_rest,4,7.0,33648.0,184213.0,88984.0,192531.0,96255.0
2026-04-14 18:15:41.548794,848339,1609508035146327,5635116618,-1.0248,-0.099552,0.121024,-77.11375,3.52625,-3.47375,5.696,28.184002,18.36,inter_set_rest,4,7.0,33648.0,184213.0,88984.0,192531.0,96255.0
2026-04-14 18:15:41.560966,848340,1609508035155373,5635125331,-1.0248,-0.099552,0.121024,-88.025,2.37125,-4.82125,5.696,28.184002,18.36,inter_set_rest,4,7.0,33648.0,184213.0,88984.0,192531.0,96255.0
2026-04-14 18:15:41.563482,848341,1609508035164327,5635134054,-0.948672,-0.210816,0.396256,-91.8925,-0.46375,-3.2025,5.568,28.600002,17.68,inter_set_rest,4,7.0,33648.0,184213.0,88984.0,192531.0,96255.0
2026-04-14 18:15:41.590712,848352,1609508035178958,5635149148,-0.948672,-0.210816,0.411872,-89.59125,-1.70625,-0.09625,5.568,28.600002,17.68,inter_set_rest,4,7.0,31139.0,188645.0,83949.0,197098.0,90860.0
2026-04-14 18:15:41.593470,848353,1609508035188085,5635157866,-0.925248,-0.325984,0.417728,-74.7075,-0.28,4.12125,5.832,29.416002,15.368001,inter_set_rest,4,7.0,31139.0,188645.0,83949.0,197098.0,90860.0
2026-04-14 18:15:41.596088,848354,1609508035202655,5635172838,-1.007232,-0.406016,0.152256,-50.295002,3.465,6.72,5.928001,29.248001,17.112001,inter_set_rest,4,7.0,31139.0,188645.0,83949.0,197098.0,90860.0
2026-04-14 18:15:41.598572,848355,1609508035211608,5635181536,-1.007232,-0.406016,0.152256,-21.77,8.5575,7.9625,5.928001,29.248001,17.112001,inter_set_rest,4,7.0,31139.0,188645.0,83949.0,197098.0,90860.0
2026-04-14 18:15:41.601087,848356,1609508035220607,5635190293,-1.036512,-0.365024,0.269376,10.255,10.96375,9.96625,6.344,28.128002,16.448,inter_set_rest,4,7.0,31139.0,188645.0,83949.0,197098.0,90860.0
2026-04-14 18:15:41.614850,848357,1609508035235125,5635205186,-1.036512,-0.365024,0.269376,42.7,15.04125,12.38125,6.344,28.128002,16.448,inter_set_rest,4,7.0,31139.0,188645.0,83949.0,197098.0,90860.0
2026-04-14 18:15:41.623312,848358,1609508035244130,5635213950,-1.00528,-0.329888,0.304512,73.29875,18.4275,13.36125,7.568,27.672,17.568,inter_set_rest,4,7.0,31139.0,188645.0,83949.0,197098.0,90860.0
2026-04-14 18:15:41.639473,848359,1609508035258610,5635228843,-1.00528,-0.329888,0.304512,100.68625,19.4775,14.525,7.568,27.672,17.568,inter_set_rest,4,7.0,31139.0,188645.0,83949.0,197098.0,90860.0
2026-04-14 18:15:41.645784,848360,1609508035267752,5635237562,-1.085312,-0.238144,0.173728,119.875,18.2175,15.9775,7.608,26.04,18.648,inter_set_rest,4,7.0,31139.0,188645.0,83949.0,197098.0,90860.0
2026-04-14 18:15:41.727331,848371,1609508035282465,5635252526,-1.067744,-0.179584,0.163968,127.54,15.37375,17.675,7.792,24.936,20.264002,inter_set_rest,4,7.0,32466.0,185586.0,86556.0,193722.0,94151.0
2026-04-14 18:15:41.733177,848372,1609508035291476,5635261324,-1.067744,-0.179584,0.163968,123.61125,13.34375,18.5325,7.792,24.936,20.264002,inter_set_rest,4,7.0,32466.0,185586.0,86556.0,193722.0,94151.0
2026-04-14 18:15:41.736892,848373,1609508035300444,5635270128,-1.075552,-0.15616,0.208864,112.665,11.8825,18.29625,7.792,24.744001,24.2,inter_set_rest,4,7.0,32466.0,185586.0,86556.0,193722.0,94151.0
2026-04-14 18:15:41.743987,848374,1609508035314926,5635285028,-1.075552,-0.15616,0.208864,95.585,8.68875,16.94,6.480001,24.744001,24.2,inter_set_rest,4,7.0,32466.0,185586.0,86556.0,193722.0,94151.0
2026-04-14 18:15:41.744061,848375,1609508035323917,5635293713,-0.983808,-0.17568,0.257664,84.6825,5.24125,18.9875,6.648,23.456001,21.528002,inter_set_rest,4,7.0,32466.0,185586.0,86556.0,193722.0,94151.0
2026-04-14 18:15:41.744126,848376,1609508035338408,5635308619,-0.983808,-0.17568,0.257664,68.425,5.8275,19.04875,6.648,23.456001,21.528002,inter_set_rest,4,7.0,32466.0,185586.0,86556.0,193722.0,94151.0
2026-04-14 18:15:41.746760,848377,1609508035347357,5635317330,-1.0248,-0.199104,0.279136,48.9475,5.13625,15.58375,7.944,22.960001,21.68,inter_set_rest,4,7.0,32466.0,185586.0,86556.0,193722.0,94151.0
2026-04-14 18:15:41.749686,848378,1609508035356406,5635326065,-1.0248,-0.199104,0.279136,32.22625,5.7575,15.23375,7.944,22.960001,21.68,inter_set_rest,4,7.0,32466.0,185586.0,86556.0,193722.0,94151.0
2026-04-14 18:15:41.756002,848379,1609508035370990,5635341023,-0.99552,-0.261568,0.238144,21.3325,7.35,16.5375,7.920001,22.504002,22.12,inter_set_rest,4,7.0,32466.0,185586.0,86556.0,193722.0,94151.0
2026-04-14 18:15:41.759701,848380,1609508035379925,5635349715,-0.99552,-0.261568,0.238144,15.47875,9.1525,15.26875,7.920001,22.504002,22.12,inter_set_rest,4,7.0,32466.0,185586.0,86556.0,193722.0,94151.0
2026-04-14 18:15:41.786998,848391,1609508035394565,5635364709,-1.026752,-0.245952,0.378688,15.505,10.22875,13.7025,9.096001,22.408,20.304,inter_set_rest,4,7.0,34889.0,183445.0,91338.0,191711.0,99292.0
2026-04-14 18:15:41.789839,848392,1609508035403533,5635373499,-0.95648,-0.269376,0.452864,16.00375,12.52125,13.055,8.584001,22.264002,21.696001,inter_set_rest,4,7.0,34889.0,183445.0,91338.0,191711.0,99292.0
2026-04-14 18:15:41.795691,848393,1609508035418060,5635386436,-0.95648,-0.269376,0.452864,17.535,14.98875,12.03125,8.584001,22.264002,21.696001,inter_set_rest,4,7.0,34889.0,183445.0,91338.0,191711.0,99292.0
2026-04-14 18:15:41.807341,848394,1609508035427354,5635397228,-0.99552,-0.247904,0.425536,21.3325,17.00125,9.79125,9.080001,21.880001,21.176,inter_set_rest,4,7.0,34889.0,183445.0,91338.0,191711.0,99292.0
2026-04-14 18:15:41.816134,848395,1609508035436449,5635406068,-0.99552,-0.247904,0.425536,25.99625,17.03625,6.90375,9.080001,21.880001,21.176,inter_set_rest,4,7.0,34889.0,183445.0,91338.0,191711.0,99292.0
2026-04-14 18:15:41.832791,848396,1609508035450951,5635421010,-0.964288,-0.28304,0.320128,29.785,15.42625,3.6225,10.072001,21.016,21.712002,inter_set_rest,4,7.0,34889.0,183445.0,91338.0,191711.0,99292.0
2026-04-14 18:15:41.840905,848397,1609508035459899,5635429710,-0.964288,-0.28304,0.320128,32.78625,13.37875,1.25125,10.072001,21.016,21.712002,inter_set_rest,4,7.0,34889.0,183445.0,91338.0,191711.0,99292.0
2026-04-14 18:15:41.854281,848398,1609508035474615,5635444623,-0.979904,-0.249856,0.388448,36.44375,10.8325,0.23625,9.8,21.000002,23.304,inter_set_rest,4,7.0,34889.0,183445.0,91338.0,191711.0,99292.0
2026-04-14 18:15:41.884811,848409,1609508035484089,5635453450,-1.00528,-0.240096,0.23424,43.076252,8.39125,0.00875,9.448001,20.184,23.184002,inter_set_rest,4,7.0,33014.0,181816.0,87897.0,190535.0,95336.0
2026-04-14 18:15:41.886982,848410,1609508035493127,5635462224,-1.00528,-0.240096,0.23424,50.53125,7.62125,0.5075,9.448001,20.184,23.184002,inter_set_rest,4,7.0,33014.0,181816.0,87897.0,190535.0,95336.0
2026-04-14 18:15:41.889293,848411,1609508035507652,5635477211,-0.989664,-0.199104,0.267424,57.96875,9.695,-0.69125,10.232,19.144001,22.560001,inter_set_rest,4,7.0,33014.0,181816.0,87897.0,190535.0,95336.0
2026-04-14 18:15:41.894901,848412,1609508035516724,5635485905,-0.989664,-0.199104,0.267424,66.2025,9.695,-2.5375,10.232,19.144001,22.560001,inter_set_rest,4,7.0,33014.0,181816.0,87897.0,190535.0,95336.0
2026-04-14 18:15:41.909909,848413,1609508035531257,5635500873,-0.948672,-0.1952,0.242048,68.8625,9.10875,-4.7775,10.232,18.592001,22.744001,inter_set_rest,4,7.0,33014.0,181816.0,87897.0,190535.0,95336.0
2026-04-14 18:15:41.920748,848414,1609508035540186,5635509568,-0.948672,-0.1952,0.242048,68.652504,9.77375,-7.2625,10.232,18.592001,22.744001,inter_set_rest,4,7.0,33014.0,181816.0,87897.0,190535.0,95336.0
2026-04-14 18:15:41.927292,848415,1609508035549172,5635518219,-0.987712,-0.193248,0.0976,65.8175,7.70875,-8.505,9.792001,17.68,23.296001,inter_set_rest,4,7.0,33014.0,181816.0,87897.0,190535.0,95336.0
2026-04-14 18:15:41.943438,848416,1609508035563670,5635533129,-0.99552,-0.169824,0.08784,61.55625,5.73125,-9.33625,10.128,17.352001,24.704,inter_set_rest,4,7.0,33014.0,181816.0,87897.0,190535.0,95336.0
2026-04-14 18:15:41.950896,848417,1609508035572609,5635541804,-0.99552,-0.169824,0.08784,58.345,4.375,-9.292501,10.128,17.352001,24.704,inter_set_rest,4,7.0,33014.0,181816.0,87897.0,190535.0,95336.0
2026-04-14 18:15:41.986967,848428,1609508035587356,5635556751,-1.026752,-0.095648,0.28304,53.655,3.12375,-10.00125,9.992001,16.184,23.928001,inter_set_rest,4,7.0,32908.0,181291.0,87603.0,190453.0,94862.0
2026-04-14 18:15:41.989740,848429,1609508035596355,5635565479,-1.026752,-0.095648,0.28304,47.85375,2.1,-11.64625,9.992001,16.184,23.928001,inter_set_rest,4,7.0,32908.0,181291.0,87603.0,190453.0,94862.0
2026-04-14 18:15:41.992585,848430,1609508035605401,5635574220,-1.007232,-0.099552,0.310368,40.62625,1.3475,-12.64375,8.872001,16.68,25.320002,inter_set_rest,4,7.0,32908.0,181291.0,87603.0,190453.0,94862.0
2026-04-14 18:15:41.999887,848431,1609508035620548,5635589111,-1.007232,-0.099552,0.310368,31.94625,1.02375,-11.9875,8.872001,16.68,25.320002,inter_set_rest,4,7.0,32908.0,181291.0,87603.0,190453.0,94862.0
2026-04-14 18:15:42.009883,848432,1609508035629927,5635599896,-1.05408,-0.144448,0.089792,24.6225,1.6625,-11.96125,9.704,16.192001,23.616001,inter_set_rest,4,7.0,32908.0,181291.0,87603.0,190453.0,94862.0
2026-04-14 18:15:42.022754,848433,1609508035644412,5635612797,-0.983808,-0.1952,0.236192,21.16625,2.345,-12.52125,10.160001,15.664001,23.488,inter_set_rest,4,7.0,32908.0,181291.0,87603.0,190453.0,94862.0
2026-04-14 18:15:42.058051,848434,1609508035653670,5635623579,-0.983808,-0.1952,0.236192,21.385,4.08625,-12.1625,10.160001,15.664001,23.488,inter_set_rest,4,7.0,32908.0,181291.0,87603.0,190453.0,94862.0
2026-04-14 18:15:42.080770,848435,1609508035662940,5635632324,-1.067744,-0.187392,0.042944,25.4275,5.145,-11.1125,10.040001,15.68,24.616001,inter_set_rest,4,7.0,32908.0,181291.0,87603.0,190453.0,94862.0
2026-04-14 18:15:42.083589,848436,1609508035677515,5635647334,-1.067744,-0.187392,0.042944,31.50875,6.93875,-10.10625,10.040001,15.68,24.616001,inter_set_rest,4,7.0,32908.0,181291.0,87603.0,190453.0,94862.0
2026-04-14 18:15:42.110590,848447,1609508035687257,5635656539,-1.065792,-0.134688,0.189344,37.72125,7.63875,-9.63375,10.008,15.016001,25.048,inter_set_rest,4,7.0,32997.0,180299.0,87678.0,189488.0,94965.0
2026-04-14 18:15:42.116555,848448,1609508035696258,5635665330,-1.065792,-0.134688,0.189344,40.10125,7.91,-8.49625,10.008,15.016001,25.048,inter_set_rest,4,7.0,32997.0,180299.0,87678.0,189488.0,94965.0
2026-04-14 18:15:42.116660,848449,1609508035710951,5635680253,-1.065792,-0.13664,0.011712,40.39875,8.39125,-7.21,9.976001,14.616001,24.912,inter_set_rest,4,7.0,32997.0,180299.0,87678.0,189488.0,94965.0
2026-04-14 18:15:42.119646,848450,1609508035720130,5635688999,-1.065792,-0.13664,0.011712,38.57875,8.785,-5.43375,9.976001,14.616001,24.912,inter_set_rest,4,7.0,32997.0,180299.0,87678.0,189488.0,94965.0
2026-04-14 18:15:42.120319,848451,1609508035734653,5635703923,-1.03456,-0.132736,0.027328,33.11875,8.785,-4.13,9.992001,14.160001,25.2,inter_set_rest,4,7.0,32997.0,180299.0,87678.0,189488.0,94965.0
2026-04-14 18:15:42.123444,848452,1609508035743583,5635712595,-1.00528,-0.169824,0.163968,24.92,8.645,-4.73375,10.144,14.016001,26.704,inter_set_rest,4,7.0,32997.0,180299.0,87678.0,189488.0,94965.0
2026-04-14 18:15:42.129683,848453,1609508035752594,5635721444,-1.00528,-0.169824,0.163968,18.50625,9.66,-5.25875,10.144,14.016001,26.704,inter_set_rest,4,7.0,32997.0,180299.0,87678.0,189488.0,94965.0
2026-04-14 18:15:42.146043,848454,1609508035767090,5635736361,-1.00528,-0.197152,0.130784,16.26625,10.5525,-4.6375,10.592001,13.992001,26.224,inter_set_rest,4,7.0,32997.0,180299.0,87678.0,189488.0,94965.0
2026-04-14 18:15:42.154524,848455,1609508035776073,5635745048,-1.00528,-0.197152,0.130784,16.38,10.80625,-5.18,10.592001,13.992001,26.224,inter_set_rest,4,7.0,32997.0,180299.0,87678.0,189488.0,94965.0
2026-04-14 18:15:42.218480,848466,1609508035790694,5635759979,-1.0736,-0.158112,0.208864,15.82,11.13,-6.23,9.904,14.048,25.896002,inter_set_rest,4,7.0,33034.0,178418.0,87705.0,187594.0,95043.0
2026-04-14 18:15:42.227568,848467,1609508035799666,5635768747,-1.0736,-0.158112,0.208864,15.00625,11.52375,-6.55375,9.904,14.048,25.896002,inter_set_rest,4,7.0,33034.0,178418.0,87705.0,187594.0,95043.0
2026-04-14 18:15:42.227643,848468,1609508035814154,5635783638,-1.001376,-0.193248,0.160064,14.63,11.22625,-5.27625,10.016001,13.112,25.696001,inter_set_rest,4,7.0,33034.0,178418.0,87705.0,187594.0,95043.0
2026-04-14 18:15:42.227689,848469,1609508035823104,5635792356,-1.001376,-0.193248,0.072224,14.25375,11.13,-4.48875,10.016001,13.112,25.696001,inter_set_rest,4,7.0,33034.0,178418.0,87705.0,187594.0,95043.0
2026-04-14 18:15:42.227733,848470,1609508035832056,5635801101,-1.016992,-0.230336,0.072224,13.886251,11.59375,-4.52375,10.944,13.056001,27.384,inter_set_rest,4,7.0,33034.0,178418.0,87705.0,187594.0,95043.0
2026-04-14 18:15:42.227879,848471,1609508035846606,5635816048,-0.989664,-0.230336,0.222528,14.323751,13.37875,-4.47125,11.464001,12.624001,25.432001,inter_set_rest,4,7.0,33034.0,178418.0,87705.0,187594.0,95043.0
2026-04-14 18:15:42.234663,848472,1609508035855684,5635824773,-0.989664,-0.230336,0.222528,16.555,14.49,-3.885,11.464001,12.624001,25.432001,inter_set_rest,4,7.0,33034.0,178418.0,87705.0,187594.0,95043.0
2026-04-14 18:15:42.250983,848473,1609508035870186,5635839723,-1.067744,-0.181536,0.1464,18.06875,12.6875,-3.80625,11.440001,12.376,25.976002,inter_set_rest,4,7.0,33034.0,178418.0,87705.0,187594.0,95043.0
2026-04-14 18:15:42.257317,848474,1609508035879295,5635848464,-1.067744,-0.181536,0.1464,17.75375,10.31625,-2.23125,11.440001,12.376,25.976002,inter_set_rest,4,7.0,33034.0,178418.0,87705.0,187594.0,95043.0
2026-04-14 18:15:42.290546,848485,1609508035888707,5635857847,-0.89792,-0.169824,0.284992,16.28375,8.6975,1.4525,11.920001,12.552001,25.944002,inter_set_rest,4,7.0,34298.0,177582.0,90044.0,186599.0,97936.0
2026-04-14 18:15:42.295879,848486,1609508035903291,5635872797,-0.89792,-0.169824,0.284992,15.96875,9.31,4.61125,11.920001,12.552001,25.944002,inter_set_rest,4,7.0,34298.0,177582.0,90044.0,186599.0,97936.0
2026-04-14 18:15:42.296291,848487,1609508035912272,5635881578,-0.880352,-0.160064,0.261568,14.5075,10.823751,7.25375,10.648001,12.648001,26.856,inter_set_rest,4,7.0,34298.0,177582.0,90044.0,186599.0,97936.0
2026-04-14 18:15:42.304591,848488,1609508035926818,5635896527,-0.925248,-0.20496,0.316224,9.7125,12.97625,8.05875,11.416,12.528001,26.704,inter_set_rest,4,7.0,34298.0,177582.0,90044.0,186599.0,97936.0
2026-04-14 18:15:42.314795,848489,1609508035935783,5635905221,-0.925248,-0.20496,0.316224,1.75875,15.72375,7.945,11.416,12.528001,26.704,inter_set_rest,4,7.0,34298.0,177582.0,90044.0,186599.0,97936.0
2026-04-14 18:15:42.323421,848490,1609508035944802,5635913913,-1.0736,-0.187392,0.203008,-1.82875,17.50875,6.965,12.888001,11.816001,25.216002,inter_set_rest,4,7.0,34298.0,177582.0,90044.0,186599.0,97936.0
2026-04-14 18:15:42.338195,848491,1609508035959314,5635928795,-1.0736,-0.187392,0.203008,2.5725,15.77625,7.14,12.888001,11.816001,25.216002,inter_set_rest,4,7.0,34298.0,177582.0,90044.0,186599.0,97936.0
2026-04-14 18:15:42.346062,848492,1609508035968394,5635937540,-1.091168,-0.132736,0.259616,4.76,12.0925,6.67625,12.912001,12.016001,26.056002,inter_set_rest,4,7.0,34298.0,177582.0,90044.0,186599.0,97936.0
2026-04-14 18:15:42.362142,848493,1609508035982884,5635952444,-1.091168,-0.132736,0.259616,1.44375,7.14875,4.48,12.912001,12.016001,26.056002,inter_set_rest,4,7.0,34298.0,177582.0,90044.0,186599.0,97936.0
2026-04-14 18:15:42.391974,848504,1609508035991856,5635961266,-1.022848,-0.210816,0.275232,-2.87875,2.07375,2.98375,12.56,12.480001,26.2,inter_set_rest,4,7.0,34813.0,181233.0,90990.0,189886.0,99020.0
2026-04-14 18:15:42.396189,848505,1609508036006582,5635976249,-1.120448,-0.197152,0.327936,0.88375,-1.3475,3.14125,12.048,11.736001,27.656002,inter_set_rest,4,7.0,34813.0,181233.0,90990.0,189886.0,99020.0
2026-04-14 18:15:42.402362,848506,1609508036015583,5635984935,-1.120448,-0.197152,0.327936,10.08875,-2.415,3.57,12.048,11.736001,27.656002,inter_set_rest,4,7.0,34813.0,181233.0,90990.0,189886.0,99020.0
2026-04-14 18:15:42.426921,848507,1609508036024543,5635993668,-1.120448,-0.212768,0.206912,21.70875,-5.285,2.485,12.048,11.736001,27.656002,inter_set_rest,4,7.0,34813.0,181233.0,90990.0,189886.0,99020.0
2026-04-14 18:15:42.428913,848508,1609508036039068,5636008722,-1.221952,-0.206912,0.206912,31.675,-9.28375,-0.81375,12.368001,11.688001,27.664001,inter_set_rest,4,7.0,34813.0,181233.0,90990.0,189886.0,99020.0
2026-04-14 18:15:42.431504,848509,1609508036047996,5636017411,-1.2688,-0.201056,0.201056,39.655,-12.495,-5.81875,12.968,10.744,26.568,inter_set_rest,4,7.0,34813.0,181233.0,90990.0,189886.0,99020.0
2026-04-14 18:15:42.457073,848510,1609508036062509,5636032294,-1.2688,-0.201056,0.201056,48.92125,-15.77625,-8.6625,12.968,10.744,26.568,inter_set_rest,4,7.0,34813.0,181233.0,90990.0,189886.0,99020.0
2026-04-14 18:15:42.459549,848511,1609508036071424,5636040964,-1.266848,-0.103456,0.378688,58.26625,-18.78625,-12.08375,12.656,10.280001,27.616001,inter_set_rest,4,7.0,34813.0,181233.0,90990.0,189886.0,99020.0
2026-04-14 18:15:42.500720,848522,1609508036086281,5636056086,-1.194624,-0.091744,0.288896,68.565,-21.0,-16.345,10.928,10.344001,31.000002,inter_set_rest,4,7.0,35686.0,188894.0,91886.0,195192.0,100596.0
2026-04-14 18:15:42.503213,848523,1609508036095358,5636064807,-1.194624,-0.091744,0.288896,76.86875,-22.72375,-20.86,10.928,10.344001,31.000002,inter_set_rest,4,7.0,35686.0,188894.0,91886.0,195192.0,100596.0
2026-04-14 18:15:42.505783,848524,1609508036104284,5636073538,-1.194624,-0.091744,0.288896,85.60125,-23.625,-24.52625,10.928,10.344001,31.000002,inter_set_rest,4,7.0,35686.0,188894.0,91886.0,195192.0,100596.0
2026-04-14 18:15:42.508255,848525,1609508036118951,5636088584,-1.159488,-0.027328,0.343552,95.52375,-22.44375,-26.11875,11.88,8.088,28.312002,inter_set_rest,4,7.0,35686.0,188894.0,91886.0,195192.0,100596.0
2026-04-14 18:15:42.510698,848526,1609508036127904,5636097329,-1.128256,-0.02928,0.066368,105.8925,-18.803751,-29.2075,11.528001,6.696,27.560001,inter_set_rest,4,7.0,35686.0,188894.0,91886.0,195192.0,100596.0
2026-04-14 18:15:42.522037,848527,1609508036142566,5636112234,-1.128256,-0.02928,0.066368,117.99375,-11.9875,-31.3775,11.528001,6.696,27.560001,inter_set_rest,4,7.0,35686.0,188894.0,91886.0,195192.0,100596.0
2026-04-14 18:15:42.529528,848528,1609508036151528,5636120960,-1.085312,0.017568,0.169824,131.565,-3.9725,-32.29625,10.856001,5.064,27.656002,inter_set_rest,4,7.0,35686.0,188894.0,91886.0,195192.0,100596.0
2026-04-14 18:15:42.539471,848529,1609508036160517,5636129675,-1.085312,0.017568,0.169824,143.33376,4.7075,-33.48625,10.856001,5.064,27.656002,inter_set_rest,4,7.0,35686.0,188894.0,91886.0,195192.0,100596.0
2026-04-14 18:15:42.553318,848530,1609508036175004,5636144568,-1.13216,0.074176,0.113216,154.0,10.675,-34.53625,10.944,2.552,27.824001,inter_set_rest,4,7.0,35686.0,188894.0,91886.0,195192.0,100596.0
2026-04-14 18:15:42.563275,848531,1609508036183940,5636153276,-1.13216,0.074176,0.113216,164.10625,14.735,-34.58875,10.944,2.552,27.824001,inter_set_rest,4,7.0,35686.0,188894.0,91886.0,195192.0,100596.0
2026-04-14 18:15:42.593166,848542,1609508036198567,5636168325,-1.221952,0.15616,-0.060512,170.73,16.86125,-34.30875,10.528001,1.104,28.808,inter_set_rest,4,7.0,34024.0,175874.0,89085.0,183735.0,97367.0
2026-04-14 18:15:42.595659,848543,1609508036207662,5636177040,-1.1224,0.183488,0.003904,172.48,17.6575,-34.85125,10.176001,-1.016,28.768002,inter_set_rest,4,7.0,34024.0,175874.0,89085.0,183735.0,97367.0
2026-04-14 18:15:42.598211,848544,1609508036216644,5636185769,-1.1224,0.183488,0.003904,168.77,16.94875,-36.575,10.176001,-1.016,28.768002,inter_set_rest,4,7.0,34024.0,175874.0,89085.0,183735.0,97367.0
2026-04-14 18:15:42.610744,848545,1609508036231250,5636200681,-1.157536,0.275232,0.152256,157.395,13.9125,-38.68375,9.568001,-2.992,28.448002,inter_set_rest,4,7.0,34024.0,175874.0,89085.0,183735.0,97367.0
2026-04-14 18:15:42.618085,848546,1609508036240336,5636209408,-1.157536,0.275232,0.152256,136.40375,10.01875,-42.42875,9.568001,-2.992,28.448002,inter_set_rest,4,7.0,34024.0,175874.0,89085.0,183735.0,97367.0
2026-04-14 18:15:42.633651,848547,1609508036254833,5636224308,-1.130208,0.281088,0.007808,112.7,7.665,-45.45625,9.544001,-3.824,28.576002,inter_set_rest,4,7.0,34024.0,175874.0,89085.0,183735.0,97367.0
2026-04-14 18:15:42.642357,848548,1609508036263754,5636232995,-1.130208,0.281088,0.007808,92.47,6.7025,-46.3225,9.544001,-3.824,28.576002,inter_set_rest,4,7.0,34024.0,175874.0,89085.0,183735.0,97367.0
2026-04-14 18:15:42.658588,848549,1609508036278229,5636247883,-1.05408,0.30256,0.083936,76.13375,5.97625,-47.3025,10.52,-4.872,27.296001,inter_set_rest,4,7.0,34024.0,175874.0,89085.0,183735.0,97367.0
2026-04-14 18:15:42.692854,848560,1609508036287314,5636256572,-1.114592,0.314272,-0.046848,60.725,5.25875,-49.9275,9.096001,-4.496,28.608002,inter_set_rest,4,7.0,32562.0,171961.0,86712.0,180912.0,94351.0
2026-04-14 18:15:42.695365,848561,1609508036296375,5636265358,-1.114592,0.314272,-0.046848,46.73375,3.17625,-52.73625,9.096001,-4.496,28.608002,inter_set_rest,4,7.0,32562.0,171961.0,86712.0,180912.0,94351.0
2026-04-14 18:15:42.697970,848562,1609508036310979,5636280316,-1.079456,0.284992,-0.121024,33.92375,-0.3675,-53.06,8.432,-4.936,27.944002,inter_set_rest,4,7.0,32562.0,171961.0,86712.0,180912.0,94351.0
2026-04-14 18:15:42.700370,848563,1609508036319985,5636289025,-1.079456,0.284992,-0.121024,21.11375,-4.0075,-51.5725,8.432,-4.936,27.944002,inter_set_rest,4,7.0,32562.0,171961.0,86712.0,180912.0,94351.0
2026-04-14 18:15:42.713582,848564,1609508036334509,5636303885,-1.065792,0.261568,-0.103456,11.06,-6.5625,-49.8925,9.784,-5.424,28.176,inter_set_rest,4,7.0,32562.0,171961.0,86712.0,180912.0,94351.0
2026-04-14 18:15:42.722344,848565,1609508036343438,5636312573,-1.065792,0.261568,-0.103456,4.29625,-7.735,-47.0925,9.784,-5.424,28.176,inter_set_rest,4,7.0,32562.0,171961.0,86712.0,180912.0,94351.0
2026-04-14 18:15:42.730634,848566,1609508036352469,5636321274,-0.935008,0.203008,0.046848,2.00375,-8.96875,-43.40875,10.344001,-5.592001,27.416,inter_set_rest,4,7.0,32562.0,171961.0,86712.0,180912.0,94351.0
2026-04-14 18:15:42.746082,848567,1609508036367627,5636336143,-0.931104,0.18544,0.023424,3.33375,-9.730001,-38.7625,9.912001,-5.44,28.616001,inter_set_rest,4,7.0,32562.0,171961.0,86712.0,180912.0,94351.0
2026-04-14 18:15:42.757322,848568,1609508036376982,5636346893,-0.931104,0.18544,0.023424,6.76375,-9.63375,-33.80125,9.912001,-5.44,28.616001,inter_set_rest,4,7.0,32562.0,171961.0,86712.0,180912.0,94351.0
2026-04-14 18:15:42.866352,848579,1609508036391657,5636361852,-1.032608,0.226432,0.081984,12.15375,-8.5925,-29.77625,9.400001,-5.544,27.256,inter_set_rest,4,7.0,32834.0,173750.0,87270.0,183532.0,94956.0
2026-04-14 18:15:42.867810,848580,1609508036400592,5636370582,-1.032608,0.226432,0.081984,18.9525,-6.79875,-25.76875,9.400001,-5.544,27.256,inter_set_rest,4,7.0,32834.0,173750.0,87270.0,183532.0,94956.0
2026-04-14 18:15:42.870526,848581,1609508036409507,5636379272,-1.091168,0.23424,0.089792,25.7075,-5.355,-21.65625,9.384001,-6.416,26.840002,inter_set_rest,4,7.0,32834.0,173750.0,87270.0,183532.0,94956.0
2026-04-14 18:15:42.873469,848582,1609508036424065,5636394352,-1.091168,0.23424,0.089792,31.45625,-3.73625,-18.655,9.384001,-6.416,26.840002,inter_set_rest,4,7.0,32834.0,173750.0,87270.0,183532.0,94956.0
2026-04-14 18:15:42.876030,848583,1609508036432990,5636403042,-1.03456,0.20496,0.115168,35.74375,-2.23125,-16.63375,10.104,-6.288,26.544,inter_set_rest,4,7.0,32834.0,173750.0,87270.0,183532.0,94956.0
2026-04-14 18:15:42.878495,848584,1609508036447504,5636416028,-1.097024,0.216672,-0.054656,39.69,-0.18375,-14.77,10.104,-6.288,26.448002,inter_set_rest,4,7.0,32834.0,173750.0,87270.0,183532.0,94956.0
2026-04-14 18:15:42.880506,848585,1609508036456925,5636426842,-1.10288,0.216672,-0.054656,43.93375,1.89,-12.0925,10.232,-7.016,26.448002,inter_set_rest,4,7.0,32834.0,173750.0,87270.0,183532.0,94956.0
2026-04-14 18:15:42.883581,848586,1609508036465828,5636435517,-1.10288,0.216672,-0.054656,47.32,4.05125,-8.58375,10.232,-7.016,26.448002,inter_set_rest,4,7.0,32834.0,173750.0,87270.0,183532.0,94956.0
2026-04-14 18:15:42.885533,848587,1609508036480501,5636450461,-1.079456,0.259616,0.121024,51.2575,6.335,-4.725,10.032001,-7.608,27.296001,inter_set_rest,4,7.0,32834.0,173750.0,87270.0,183532.0,94956.0
2026-04-14 18:15:42.915694,848598,1609508036490150,5636459229,-1.0736,0.236192,-0.11712,55.11625,7.09625,-0.4725,10.032001,-8.728001,25.016,inter_set_rest,4,7.0,33355.0,174142.0,88178.0,184103.0,96046.0
2026-04-14 18:15:42.918148,848599,1609508036504770,5636474230,-1.0736,0.236192,-0.11712,58.3975,7.5425,5.18875,10.032001,-8.728001,25.016,inter_set_rest,4,7.0,33355.0,174142.0,88178.0,184103.0,96046.0
2026-04-14 18:15:42.920708,848600,1609508036513740,5636482931,-0.991616,0.261568,0.105408,60.305,7.98875,11.29625,9.864,-9.248,26.152,inter_set_rest,4,7.0,33355.0,174142.0,88178.0,184103.0,96046.0
2026-04-14 18:15:42.923498,848601,1609508036522889,5636491715,-0.991616,0.261568,0.105408,59.89375,8.54,17.491251,9.864,-9.248,26.152,inter_set_rest,4,7.0,33355.0,174142.0,88178.0,184103.0,96046.0
2026-04-14 18:15:42.926118,848602,1609508036537875,5636506668,-0.989664,0.244,0.060512,58.59,10.22875,23.2925,10.096001,-10.432,25.664001,inter_set_rest,4,7.0,33355.0,174142.0,88178.0,184103.0,96046.0
2026-04-14 18:15:42.928584,848603,1609508036547268,5636517452,-0.989664,0.244,0.060512,56.07875,12.11,28.76125,10.096001,-10.432,25.664001,inter_set_rest,4,7.0,33355.0,174142.0,88178.0,184103.0,96046.0
2026-04-14 18:15:42.936088,848604,1609508036556208,5636526192,-1.042368,0.249856,0.044896,53.59375,14.0,33.57375,9.872001,-11.000001,26.456001,inter_set_rest,4,7.0,33355.0,174142.0,88178.0,184103.0,96046.0
2026-04-14 18:15:42.949940,848605,1609508036570821,5636541126,-1.118496,0.244,-0.12688,50.54875,16.9925,38.12375,9.984,-12.008,25.184002,inter_set_rest,4,7.0,33355.0,174142.0,88178.0,184103.0,96046.0
2026-04-14 18:15:42.960407,848606,1609508036579956,5636549810,-1.118496,0.244,-0.12688,48.08125,20.13375,41.57125,9.984,-12.008,25.184002,inter_set_rest,4,7.0,33355.0,174142.0,88178.0,184103.0,96046.0
2026-04-14 18:15:42.990702,848617,1609508036594625,5636564848,-1.177056,0.286944,-0.007808,45.08875,23.73875,43.70625,9.288,-12.880001,24.936,inter_set_rest,4,7.0,34052.0,174467.0,89459.0,184497.0,97577.0
2026-04-14 18:15:42.993277,848618,1609508036603601,5636573648,-1.177056,0.286944,-0.007808,40.7925,26.425,45.45625,9.288,-12.880001,24.936,inter_set_rest,4,7.0,34052.0,174467.0,89459.0,184497.0,97577.0
2026-04-14 18:15:42.998617,848619,1609508036618106,5636586652,-1.198528,0.26352,-0.103456,34.06375,28.7525,46.85625,9.232,-12.848001,26.064001,inter_set_rest,4,7.0,34052.0,174467.0,89459.0,184497.0,97577.0
2026-04-14 18:15:43.008642,848620,1609508036627635,5636597486,-1.198528,0.26352,-0.103456,25.96125,30.54625,48.23,9.232,-12.848001,26.064001,inter_set_rest,4,7.0,34052.0,174467.0,89459.0,184497.0,97577.0
2026-04-14 18:15:43.016068,848621,1609508036636591,5636606187,-1.120448,0.247904,0.12688,17.22,31.911251,49.2625,10.68,-13.432001,24.112001,inter_set_rest,4,7.0,34052.0,174467.0,89459.0,184497.0,97577.0
2026-04-14 18:15:43.032204,848622,1609508036651151,5636621079,-1.25904,0.25376,0.0488,8.96,33.29375,49.91,10.752001,-13.184001,25.512001,inter_set_rest,4,7.0,34052.0,174467.0,89459.0,184497.0,97577.0
2026-04-14 18:15:43.038435,848623,1609508036660247,5636629739,-1.25904,0.25376,0.0488,1.33,35.27125,50.6975,10.752001,-13.184001,25.512001,inter_set_rest,4,7.0,34052.0,174467.0,89459.0,184497.0,97577.0
2026-04-14 18:15:43.054335,848624,1609508036674765,5636644785,-1.274656,0.1952,-0.035136,-6.02875,37.17875,51.52875,10.576,-13.080001,25.016,inter_set_rest,4,7.0,34052.0,174467.0,89459.0,184497.0,97577.0
2026-04-14 18:15:43.063438,848625,1609508036683709,5636653490,-1.274656,0.1952,-0.035136,-12.1275,37.8525,52.745,10.576,-13.080001,25.016,inter_set_rest,4,7.0,34052.0,174467.0,89459.0,184497.0,97577.0
2026-04-14 18:15:43.091041,848636,1609508036692921,5636662233,-1.294176,0.189344,-0.060512,-18.75125,37.79125,54.915,10.832001,-13.288001,24.480001,inter_set_rest,4,7.0,34154.0,176226.0,89637.0,186414.0,97688.0
2026-04-14 18:15:43.093496,848637,1609508036707587,5636677256,-1.294176,0.189344,-0.060512,-26.897501,37.05625,56.9975,10.832001,-13.288001,24.480001,inter_set_rest,4,7.0,34154.0,176226.0,89637.0,186414.0,97688.0
2026-04-14 18:15:43.096066,848638,1609508036716521,5636685954,-1.24928,0.16592,-0.01952,-34.475,35.88375,59.1325,10.576,-13.040001,25.952002,inter_set_rest,4,7.0,34154.0,176226.0,89637.0,186414.0,97688.0
2026-04-14 18:15:43.112326,848639,1609508036731172,5636700881,-1.251232,0.173728,0.163968,-42.35875,33.97625,61.80125,11.704,-13.152,24.824001,inter_set_rest,4,7.0,34154.0,176226.0,89637.0,186414.0,97688.0
2026-04-14 18:15:43.118238,848640,1609508036740132,5636709593,-1.251232,0.173728,0.163968,-48.6675,32.29625,65.38875,11.704,-13.152,24.824001,inter_set_rest,4,7.0,34154.0,176226.0,89637.0,186414.0,97688.0
2026-04-14 18:15:43.128603,848641,1609508036749247,5636718319,-1.251232,0.132736,0.187392,-54.888752,30.4675,68.355,11.704,-13.152,24.824001,inter_set_rest,4,7.0,34154.0,176226.0,89637.0,186414.0,97688.0
2026-04-14 18:15:43.178441,848642,1609508036763904,5636733222,-1.21024,0.132736,0.187392,-60.80375,28.23625,71.933754,12.272,-12.408001,24.968,inter_set_rest,4,7.0,34154.0,176226.0,89637.0,186414.0,97688.0
2026-04-14 18:15:43.180619,848643,1609508036772867,5636741957,-1.13216,0.105408,0.28304,-65.86125,25.73375,75.915,11.592001,-11.816001,26.096,inter_set_rest,4,7.0,34154.0,176226.0,89637.0,186414.0,97688.0
2026-04-14 18:15:43.183612,848644,1609508036787336,5636756866,-1.13216,0.105408,0.28304,-70.42875,23.73,79.3625,11.592001,-11.816001,26.096,inter_set_rest,4,7.0,34154.0,176226.0,89637.0,186414.0,97688.0
2026-04-14 18:15:43.215746,848655,1609508036796304,5636765553,-1.198528,0.089792,0.119072,-75.10125,22.6275,81.2875,11.904,-11.736001,25.096,inter_set_rest,4,7.0,33635.0,176864.0,88720.0,187204.0,96587.0
2026-04-14 18:15:43.218413,848656,1609508036805207,5636774314,-1.198528,0.089792,0.119072,-79.59875,21.00875,82.36375,11.904,-11.736001,25.096,inter_set_rest,4,7.0,33635.0,176864.0,88720.0,187204.0,96587.0
2026-04-14 18:15:43.220678,848657,1609508036819785,5636789239,-1.175104,0.080032,0.152256,-84.69125,19.29375,81.3575,12.488001,-11.472,26.016,inter_set_rest,4,7.0,33635.0,176864.0,88720.0,187204.0,96587.0
2026-04-14 18:15:43.223627,848658,1609508036828719,5636797916,-1.175104,0.080032,0.152256,-90.746254,17.745,78.44375,12.488001,-11.472,26.016,inter_set_rest,4,7.0,33635.0,176864.0,88720.0,187204.0,96587.0
2026-04-14 18:15:43.226119,848659,1609508036843313,5636812814,-1.098976,0.072224,0.261568,-99.1725,13.92125,73.36875,12.496,-10.320001,27.416,inter_set_rest,4,7.0,33635.0,176864.0,88720.0,187204.0,96587.0
2026-04-14 18:15:43.231098,848660,1609508036852239,5636821520,-0.983808,0.06832,0.411872,-113.53125,6.65875,66.08,12.384001,-8.728001,26.632002,inter_set_rest,4,7.0,33635.0,176864.0,88720.0,187204.0,96587.0
2026-04-14 18:15:43.246013,848661,1609508036866679,5636836445,-0.983808,0.06832,0.411872,-133.67375,-2.19625,56.72625,12.384001,-8.728001,26.632002,inter_set_rest,4,7.0,33635.0,176864.0,88720.0,187204.0,96587.0
2026-04-14 18:15:43.257270,848662,1609508036875610,5636845135,-0.958432,0.01952,0.612928,-165.725,-11.41875,42.11375,11.288,-6.08,27.216002,inter_set_rest,4,7.0,33635.0,176864.0,88720.0,187204.0,96587.0
2026-04-14 18:15:43.263535,848663,1609508036884527,5636853845,-0.958432,0.01952,0.612928,-197.07625,-17.08875,23.415,11.288,-6.08,27.216002,inter_set_rest,4,7.0,33635.0,176864.0,88720.0,187204.0,96587.0
2026-04-14 18:15:43.293120,848674,1609508036899383,5636869461,-0.901824,-0.35136,0.661728,-177.03876,-16.19625,11.45375,12.168,-4.84,27.752,inter_set_rest,4,7.0,33903.0,182675.0,89040.0,193123.0,97061.0
2026-04-14 18:15:43.296154,848675,1609508036908356,5636878179,-0.901824,-0.35136,0.661728,-122.045,-15.25125,2.45,12.168,-4.84,27.752,inter_set_rest,4,7.0,33903.0,182675.0,89040.0,193123.0,97061.0
2026-04-14 18:15:43.303602,848676,1609508036922930,5636893072,-0.977952,-0.26352,0.325984,-63.37625,-8.86375,-11.87375,11.920001,-4.48,27.480001,inter_set_rest,4,7.0,33903.0,182675.0,89040.0,193123.0,97061.0
2026-04-14 18:15:43.311098,848677,1609508036931938,5636901812,-0.952576,-0.066368,0.406016,-0.14,1.96875,-23.82625,11.904,-5.048,30.448002,inter_set_rest,4,7.0,33903.0,182675.0,89040.0,193123.0,97061.0
2026-04-14 18:15:43.319935,848678,1609508036940955,5636910519,-0.952576,-0.066368,0.406016,48.72,8.61,-24.56125,11.904,-5.048,30.448002,inter_set_rest,4,7.0,33903.0,182675.0,89040.0,193123.0,97061.0
2026-04-14 18:15:43.335533,848679,1609508036955499,5636925402,-0.987712,0.158112,0.320128,72.98375,15.295,-22.61,12.224001,-5.784,28.496002,inter_set_rest,4,7.0,33903.0,182675.0,89040.0,193123.0,97061.0
2026-04-14 18:15:43.344718,848680,1609508036964516,5636934099,-0.987712,0.158112,0.320128,73.78875,19.04,-26.565,12.224001,-5.784,28.496002,inter_set_rest,4,7.0,33903.0,182675.0,89040.0,193123.0,97061.0
2026-04-14 18:15:43.359671,848681,1609508036979030,5636949047,-0.909632,0.226432,0.384544,58.345,16.73875,-35.51625,11.736001,-5.952,26.680002,inter_set_rest,4,7.0,33903.0,182675.0,89040.0,193123.0,97061.0
2026-04-14 18:15:43.368233,848682,1609508036987968,5636957733,-0.909632,0.226432,0.384544,43.5225,11.83875,-48.53625,11.736001,-5.952,26.680002,inter_set_rest,4,7.0,33903.0,182675.0,89040.0,193123.0,97061.0
2026-04-14 18:15:43.395664,848693,1609508037002619,5636972750,-0.913536,0.167872,0.320128,30.1525,12.97625,-64.65375,12.952001,-6.24,26.672,inter_set_rest,4,7.0,33493.0,176022.0,88442.0,185891.0,96303.0
2026-04-14 18:15:43.398613,848694,1609508037011640,5636981480,-1.06384,0.140544,0.080032,18.3575,16.31875,-77.945,12.408001,-5.664,27.552002,inter_set_rest,4,7.0,33493.0,176022.0,88442.0,185891.0,96303.0
2026-04-14 18:15:43.401100,848695,1609508037020662,5636990246,-1.06384,0.140544,0.080032,7.7175,14.58625,-88.10375,12.408001,-5.664,27.552002,inter_set_rest,4,7.0,33493.0,176022.0,88442.0,185891.0,96303.0
2026-04-14 18:15:43.414896,848696,1609508037035195,5637005142,-1.15168,0.208864,0.18544,-4.9525,10.43,-94.92,13.344001,-4.896,27.552002,inter_set_rest,4,7.0,33493.0,176022.0,88442.0,185891.0,96303.0
2026-04-14 18:15:43.424445,848697,1609508037044305,5637013851,-1.15168,0.208864,0.18544,-17.43875,4.26125,-99.0325,13.344001,-4.896,27.552002,inter_set_rest,4,7.0,33493.0,176022.0,88442.0,185891.0,96303.0
2026-04-14 18:15:43.438097,848698,1609508037058775,5637028754,-1.139968,0.206912,0.197152,-28.0875,-1.8725,-103.01375,13.576,-3.776,26.704,inter_set_rest,4,7.0,33493.0,176022.0,88442.0,185891.0,96303.0
2026-04-14 18:15:43.472419,848699,1609508037067706,5637037438,-1.139968,0.206912,0.197152,-36.12,-6.5625,-106.84625,13.576,-3.776,26.704,inter_set_rest,4,7.0,33493.0,176022.0,88442.0,185891.0,96303.0
2026-04-14 18:15:43.474899,848700,1609508037082242,5637052474,-1.194624,0.16592,0.042944,-40.90625,-9.44125,-109.515,13.864,-2.784,26.920002,inter_set_rest,4,7.0,33493.0,176022.0,88442.0,185891.0,96303.0
2026-04-14 18:15:43.502369,848711,1609508037091168,5637061177,-1.194624,0.16592,0.18544,-41.18625,-11.34875,-110.22375,13.864,-2.784,26.920002,inter_set_rest,4,7.0,32963.0,176350.0,87509.0,186628.0,95145.0
2026-04-14 18:15:43.527310,848712,1609508037100887,5637069918,-1.130208,0.130784,0.18544,-37.415,-12.66125,-109.20875,13.296001,-2.24,27.752,inter_set_rest,4,7.0,32963.0,176350.0,87509.0,186628.0,95145.0
2026-04-14 18:15:43.552320,848713,1609508037115459,5637084957,-1.130208,0.105408,0.138592,-30.03,-14.49,-107.0125,13.320001,-1.384,27.328001,inter_set_rest,4,7.0,32963.0,176350.0,87509.0,186628.0,95145.0
2026-04-14 18:15:43.554478,848714,1609508037124576,5637093651,-1.130208,0.105408,0.138592,-20.08125,-15.37375,-103.60875,13.320001,-1.384,27.328001,inter_set_rest,4,7.0,32963.0,176350.0,87509.0,186628.0,95145.0
2026-04-14 18:15:43.564546,848715,1609508037133665,5637102420,-1.165344,0.158112,0.220576,-8.3825,-16.1525,-98.09625,12.848001,-0.84,28.184002,inter_set_rest,4,7.0,32963.0,176350.0,87509.0,186628.0,95145.0
2026-04-14 18:15:43.567405,848716,1609508037148524,5637117325,-1.165344,0.158112,0.220576,4.375,-17.07125,-91.27125,12.848001,-0.84,28.184002,inter_set_rest,4,7.0,32963.0,176350.0,87509.0,186628.0,95145.0
2026-04-14 18:15:43.570040,848717,1609508037157879,5637128083,-1.15168,0.138592,0.103456,16.98375,-17.6575,-84.42,11.808001,-0.712,28.288002,inter_set_rest,4,7.0,32963.0,176350.0,87509.0,186628.0,95145.0
2026-04-14 18:15:43.571937,848718,1609508037172375,5637140936,-1.16144,0.160064,0.134688,29.21625,-19.2675,-76.79875,11.808001,-1.48,25.672,inter_set_rest,4,7.0,32963.0,176350.0,87509.0,186628.0,95145.0
2026-04-14 18:15:43.574318,848719,1609508037181773,5637151711,-1.16144,0.160064,0.134688,41.5975,-21.4725,-69.308754,11.536,-1.48,25.672,inter_set_rest,4,7.0,32963.0,176350.0,87509.0,186628.0,95145.0
2026-04-14 18:15:43.602398,848730,1609508037190904,5637160739,-1.16144,0.160064,0.134688,53.5325,-23.33625,-61.15375,11.536,-1.48,25.672,inter_set_rest,4,7.0,33361.0,175911.0,88180.0,186374.0,95947.0
2026-04-14 18:15:43.606698,848731,1609508037205672,5637175675,-1.225856,0.167872,-0.115168,64.277504,-25.50625,-52.17625,11.232,-2.16,28.216002,inter_set_rest,4,7.0,33361.0,175911.0,88180.0,186374.0,95947.0
2026-04-14 18:15:43.607222,848732,1609508037214771,5637184453,-1.175104,0.212768,0.122976,74.375,-26.1625,-42.175,10.576,-3.176,28.472002,inter_set_rest,4,7.0,33361.0,175911.0,88180.0,186374.0,95947.0
2026-04-14 18:15:43.609309,848733,1609508037229321,5637199359,-1.175104,0.212768,0.122976,83.72875,-25.6725,-33.55625,10.576,-3.176,28.472002,inter_set_rest,4,7.0,33361.0,175911.0,88180.0,186374.0,95947.0
2026-04-14 18:15:43.616876,848734,1609508037238252,5637208087,-1.33712,0.226432,-0.0976,90.79,-24.38625,-26.81875,10.512,-3.76,29.144001,inter_set_rest,4,7.0,33361.0,175911.0,88180.0,186374.0,95947.0
2026-04-14 18:15:43.628472,848735,1609508037247259,5637216974,-1.33712,0.226432,-0.0976,96.425,-24.5,-22.02375,10.512,-3.76,29.144001,inter_set_rest,4,7.0,33361.0,175911.0,88180.0,186374.0,95947.0
2026-04-14 18:15:43.641072,848736,1609508037261757,5637231872,-1.294176,0.244,-0.05856,100.45,-26.0575,-16.54625,10.088,-5.936,27.328001,inter_set_rest,4,7.0,33361.0,175911.0,88180.0,186374.0,95947.0
2026-04-14 18:15:43.650770,848737,1609508037270876,5637240562,-1.294176,0.244,-0.05856,104.72,-27.3875,-7.90125,10.088,-5.936,27.328001,inter_set_rest,4,7.0,33361.0,175911.0,88180.0,186374.0,95947.0
2026-04-14 18:15:43.667369,848738,1609508037285411,5637255453,-1.079456,0.228384,-0.140544,107.75625,-28.5775,1.05875,9.752001,-7.744,26.632002,inter_set_rest,4,7.0,33361.0,175911.0,88180.0,186374.0,95947.0
2026-04-14 18:15:43.699723,848750,1609508037295088,5637264213,-1.022848,0.28304,0.044896,109.68125,-27.86875,8.2425,9.728001,-9.288,27.312002,inter_set_rest,4,7.0,35181.0,177776.0,91469.0,187808.0,99854.0
2026-04-14 18:15:43.700589,848751,1609508037304140,5637273068,-1.022848,0.28304,0.044896,110.46875,-25.85625,13.7025,9.728001,-9.288,27.312002,inter_set_rest,4,7.0,35181.0,177776.0,91469.0,187808.0,99854.0
2026-04-14 18:15:43.703106,848752,1609508037318645,5637288041,-1.001376,0.271328,-0.005856,109.01625,-22.8375,19.36375,9.56,-10.696,26.664001,inter_set_rest,4,7.0,35181.0,177776.0,91469.0,187808.0,99854.0
2026-04-14 18:15:43.707154,848753,1609508037327568,5637296712,-1.001376,0.271328,-0.005856,104.57125,-19.81,26.32875,9.56,-10.696,26.664001,inter_set_rest,4,7.0,35181.0,177776.0,91469.0,187808.0,99854.0
2026-04-14 18:15:43.722294,848754,1609508037342086,5637311681,-1.009184,0.267424,-0.089792,97.67625,-16.397501,32.87375,9.112,-11.616,26.720001,inter_set_rest,4,7.0,35181.0,177776.0,91469.0,187808.0,99854.0
2026-04-14 18:15:43.736079,848755,1609508037351177,5637320366,-1.009184,0.267424,-0.089792,90.090004,-11.6725,38.6575,9.112,-11.616,26.720001,inter_set_rest,4,7.0,35181.0,177776.0,91469.0,187808.0,99854.0
2026-04-14 18:15:43.738164,848756,1609508037360092,5637329061,-1.00528,0.251808,-0.169824,81.71625,-7.06125,43.295002,7.896,-12.168,25.776001,inter_set_rest,4,7.0,35181.0,177776.0,91469.0,187808.0,99854.0
2026-04-14 18:15:43.753533,848757,1609508037374708,5637343960,-0.96624,0.236192,-0.142496,72.73,-2.07375,46.96125,8.768001,-13.728001,25.416,inter_set_rest,4,7.0,35181.0,177776.0,91469.0,187808.0,99854.0
2026-04-14 18:15:43.762024,848758,1609508037383667,5637352665,-0.96624,0.236192,-0.142496,63.105,2.65125,50.68875,8.768001,-13.728001,25.416,inter_set_rest,4,7.0,35181.0,177776.0,91469.0,187808.0,99854.0
2026-04-14 18:15:43.797116,848769,1609508037398538,5637367577,-1.059936,0.26352,-0.158112,51.8175,7.3675,53.31375,8.384001,-14.544001,25.12,inter_set_rest,4,7.0,36649.0,182481.0,94135.0,191947.0,102995.0
2026-04-14 18:15:43.799517,848770,1609508037407537,5637376378,-1.059936,0.26352,-0.158112,38.36875,12.08375,56.25375,8.384001,-14.544001,25.12,inter_set_rest,4,7.0,36649.0,182481.0,94135.0,191947.0,102995.0
2026-04-14 18:15:43.802077,848771,1609508037416948,5637387157,-1.069696,0.236192,-0.158112,23.80875,15.9075,58.8875,8.432,-14.832001,24.960001,inter_set_rest,4,7.0,36649.0,182481.0,94135.0,191947.0,102995.0
2026-04-14 18:15:43.809340,848772,1609508037431561,5637400046,-1.069696,0.236192,-0.158112,8.12,19.46875,61.888752,8.432,-14.832001,24.960001,inter_set_rest,4,7.0,36649.0,182481.0,94135.0,191947.0,102995.0
2026-04-14 18:15:43.820599,848773,1609508037440952,5637410802,-1.097024,0.240096,0.023424,-7.18375,22.3125,64.96,7.440001,-14.488001,26.232,inter_set_rest,4,7.0,36649.0,182481.0,94135.0,191947.0,102995.0
2026-04-14 18:15:43.836810,848774,1609508037455504,5637425744,-1.155584,0.1952,-0.037088,-20.90375,25.7075,67.19125,8.232,-14.76,25.256,inter_set_rest,4,7.0,36649.0,182481.0,94135.0,191947.0,102995.0
2026-04-14 18:15:43.843242,848775,1609508037464439,5637434479,-1.155584,0.1952,-0.037088,-34.44,28.6825,70.0,8.232,-14.76,25.256,inter_set_rest,4,7.0,36649.0,182481.0,94135.0,191947.0,102995.0
2026-04-14 18:15:43.851963,848776,1609508037473391,5637443164,-1.155584,0.1952,-0.037088,-47.6525,30.397501,72.3625,8.232,-14.76,25.256,inter_set_rest,4,7.0,36649.0,182481.0,94135.0,191947.0,102995.0
2026-04-14 18:15:43.867003,848777,1609508037487882,5637458081,-1.15168,0.148352,-0.007808,-60.725,32.235,74.83875,8.424001,-13.984,24.480001,inter_set_rest,4,7.0,36649.0,182481.0,94135.0,191947.0,102995.0
2026-04-14 18:15:43.944529,848788,1609508037497462,5637466811,-1.18096,0.15616,0.238144,-74.0075,32.62875,78.26,8.248,-13.584001,25.944002,inter_set_rest,4,7.0,35436.0,177931.0,91959.0,187955.0,100500.0
2026-04-14 18:15:43.947077,848789,1609508037512032,5637481741,-1.18096,0.15616,0.238144,-86.625,31.84125,81.340004,8.248,-13.584001,25.944002,inter_set_rest,4,7.0,35436.0,177931.0,91959.0,187955.0,100500.0
2026-04-14 18:15:43.949551,848790,1609508037520965,5637490429,-1.192672,0.132736,0.271328,-100.03,30.73875,83.60625,8.528001,-11.944,29.056002,inter_set_rest,4,7.0,35436.0,177931.0,91959.0,187955.0,100500.0
2026-04-14 18:15:43.952099,848791,1609508037529944,5637499104,-1.192672,0.132736,0.271328,-113.277504,28.60375,84.7875,8.528001,-11.944,29.056002,inter_set_rest,4,7.0,35436.0,177931.0,91959.0,187955.0,100500.0
2026-04-14 18:15:43.954524,848792,1609508037544466,5637514036,-1.206336,0.066368,0.177632,-127.26875,23.8,84.63,8.136001,-10.784,28.128002,inter_set_rest,4,7.0,35436.0,177931.0,91959.0,187955.0,100500.0
2026-04-14 18:15:43.957064,848793,1609508037553653,5637522776,-1.206336,0.066368,0.177632,-141.5925,16.54625,83.25625,8.136001,-10.784,28.128002,inter_set_rest,4,7.0,35436.0,177931.0,91959.0,187955.0,100500.0
2026-04-14 18:15:43.959452,848794,1609508037568182,5637537690,-1.18096,0.017568,0.310368,-155.0675,9.485,80.683754,7.744,-8.84,28.36,inter_set_rest,4,7.0,35436.0,177931.0,91959.0,187955.0,100500.0
2026-04-14 18:15:43.962092,848795,1609508037577110,5637546400,-1.204384,-0.066368,0.347456,-165.6375,2.03875,77.2275,7.736001,-6.824,29.368002,inter_set_rest,4,7.0,35436.0,177931.0,91959.0,187955.0,100500.0
2026-04-14 18:15:43.970687,848796,1609508037591638,5637561366,-1.204384,-0.066368,0.347456,-173.7225,-5.06625,72.72125,7.736001,-6.824,29.368002,inter_set_rest,4,7.0,35436.0,177931.0,91959.0,187955.0,100500.0
2026-04-14 18:15:43.998124,848807,1609508037600597,5637570174,-1.10288,-0.20496,0.277184,-178.15875,-11.36625,66.82375,8.216001,-5.24,28.776001,inter_set_rest,4,7.0,33829.0,180817.0,89029.0,191235.0,96984.0
2026-04-14 18:15:44.002724,848808,1609508037609704,5637578979,-1.10288,-0.20496,0.277184,-177.415,-15.5575,60.64625,8.216001,-5.24,28.776001,inter_set_rest,4,7.0,33829.0,180817.0,89029.0,191235.0,96984.0
2026-04-14 18:15:44.003053,848809,1609508037624247,5637593882,-1.100928,-0.251808,0.284992,-174.86,-18.305,54.10125,8.088,-3.008,29.04,inter_set_rest,4,7.0,33829.0,180817.0,89029.0,191235.0,96984.0
2026-04-14 18:15:44.011916,848810,1609508037633250,5637602577,-1.100928,-0.251808,0.284992,-176.02376,-21.70875,46.01625,8.088,-3.008,29.04,inter_set_rest,4,7.0,33829.0,180817.0,89029.0,191235.0,96984.0
2026-04-14 18:15:44.028514,848811,1609508037647765,5637617497,-1.08336,-0.271328,0.384544,-187.0575,-26.83625,35.8225,7.928001,-0.88,29.264002,inter_set_rest,4,7.0,33829.0,180817.0,89029.0,191235.0,96984.0
2026-04-14 18:15:44.034752,848812,1609508037656817,5637626376,-1.026752,-0.3904,0.480192,-199.94624,-31.89375,31.2025,6.888001,1.976,27.840002,inter_set_rest,4,7.0,33829.0,180817.0,89029.0,191235.0,96984.0
2026-04-14 18:15:44.044734,848813,1609508037665840,5637635103,-1.026752,-0.3904,0.480192,-212.59875,-32.585,29.225,6.888001,1.976,27.840002,inter_set_rest,4,7.0,33829.0,180817.0,89029.0,191235.0,96984.0
2026-04-14 18:15:44.061103,848814,1609508037680328,5637650033,-1.052128,-0.593408,0.657824,-215.25,-29.91625,20.51,6.976,4.76,29.144001,inter_set_rest,4,7.0,33829.0,180817.0,89029.0,191235.0,96984.0
2026-04-14 18:15:44.068619,848815,1609508037689233,5637658748,-1.052128,-0.593408,0.657824,-195.37875,-30.73,5.985,6.976,4.76,29.144001,inter_set_rest,4,7.0,33829.0,180817.0,89029.0,191235.0,96984.0
2026-04-14 18:15:44.123464,848826,1609508037704203,5637674130,-0.88816,-0.74176,0.486048,-149.135,-28.8925,-7.95375,7.112001,5.776001,29.368002,inter_set_rest,4,7.0,33461.0,186628.0,88143.0,196481.0,96375.0
2026-04-14 18:15:44.126131,848827,1609508037713252,5637682845,-0.88816,-0.74176,0.486048,-82.59125,-22.11125,-12.11875,7.112001,5.776001,29.368002,inter_set_rest,4,7.0,33461.0,186628.0,88143.0,196481.0,96375.0
2026-04-14 18:15:44.128593,848828,1609508037722172,5637691554,-0.843264,-0.528992,0.452864,-9.94,-10.91125,-11.55875,6.496,5.504,29.928001,inter_set_rest,4,7.0,33461.0,186628.0,88143.0,196481.0,96375.0
2026-04-14 18:15:44.130677,848829,1609508037736798,5637706431,-0.950624,-0.345504,0.1952,57.1725,1.30375,-13.825,6.312,3.808,32.008003,inter_set_rest,4,7.0,33461.0,186628.0,88143.0,196481.0,96375.0
2026-04-14 18:15:44.133044,848830,1609508037745942,5637715179,-0.950624,-0.345504,0.1952,111.2475,9.730001,-20.1425,6.312,3.808,32.008003,inter_set_rest,4,7.0,33461.0,186628.0,88143.0,196481.0,96375.0
2026-04-14 18:15:44.139527,848831,1609508037760458,5637730139,-0.972096,-0.179584,0.284992,153.04625,14.28,-27.16875,5.992,1.408,30.240002,inter_set_rest,4,7.0,33461.0,186628.0,88143.0,196481.0,96375.0
2026-04-14 18:15:44.149910,848832,1609508037769403,5637738912,-0.972096,-0.179584,0.284992,181.825,15.49625,-33.635,5.992,1.408,30.240002,inter_set_rest,4,7.0,33461.0,186628.0,88143.0,196481.0,96375.0
2026-04-14 18:15:44.163249,848833,1609508037783932,5637753806,-1.079456,0.040992,0.271328,197.00626,14.315001,-38.87625,6.872,-1.664,29.136002,inter_set_rest,4,7.0,33461.0,186628.0,88143.0,196481.0,96375.0
2026-04-14 18:15:44.170706,848834,1609508037793046,5637762496,-1.079456,0.040992,0.271328,197.8725,11.8475,-45.03625,6.872,-1.664,29.136002,inter_set_rest,4,7.0,33461.0,186628.0,88143.0,196481.0,96375.0
2026-04-14 18:15:44.206108,848845,1609508037802087,5637771336,-1.071648,0.138592,0.1952,185.45625,9.30125,-50.4525,6.776001,-3.488,29.664001,inter_set_rest,4,7.0,34119.0,176841.0,89743.0,187057.0,97779.0
2026-04-14 18:15:44.207052,848846,1609508037816652,5637786360,-0.98576,0.115168,0.298656,164.71875,6.5975,-56.4025,4.728,-4.184,31.840002,inter_set_rest,4,7.0,34119.0,176841.0,89743.0,187057.0,97779.0
2026-04-14 18:15:44.209598,848847,1609508037825621,5637795097,-0.98576,0.115168,0.298656,143.08,4.90875,-64.16375,5.368,-4.184,31.840002,inter_set_rest,4,7.0,34119.0,176841.0,89743.0,187057.0,97779.0
2026-04-14 18:15:44.219150,848848,1609508037840131,5637810040,-1.120448,0.124928,0.111264,126.16625,2.59875,-72.30125,6.256001,-6.384,28.104002,inter_set_rest,4,7.0,34119.0,176841.0,89743.0,187057.0,97779.0
2026-04-14 18:15:44.228419,848849,1609508037849052,5637818736,-1.120448,0.124928,0.111264,112.63,-0.0875,-78.6625,6.256001,-6.384,28.104002,inter_set_rest,4,7.0,34119.0,176841.0,89743.0,187057.0,97779.0
2026-04-14 18:15:44.236925,848850,1609508037858043,5637827450,-1.10288,0.142496,0.148352,100.28375,-2.56375,-81.94375,5.944,-6.664001,30.016,inter_set_rest,4,7.0,34119.0,176841.0,89743.0,187057.0,97779.0
2026-04-14 18:15:44.266038,848851,1609508037872530,5637842406,-1.10288,0.142496,0.148352,87.21125,-5.10125,-83.27375,5.944,-6.664001,30.016,inter_set_rest,4,7.0,34119.0,176841.0,89743.0,187057.0,97779.0
2026-04-14 18:15:44.268562,848852,1609508037881464,5637851123,-1.106784,0.144448,0.138592,73.87625,-7.04375,-84.20125,7.24,-7.576,28.112001,inter_set_rest,4,7.0,34119.0,176841.0,89743.0,187057.0,97779.0
2026-04-14 18:15:44.348588,848863,1609508037896674,5637866103,-1.106784,0.144448,0.138592,61.2675,-7.1925,-85.60125,7.24,-7.576,28.112001,inter_set_rest,4,7.0,34533.0,176821.0,90473.0,187163.0,98644.0
2026-04-14 18:15:44.350637,848864,1609508037905801,5637874880,-1.079456,0.080032,0.054656,51.388752,-6.46625,-87.08875,6.568,-7.688,30.032001,inter_set_rest,4,7.0,34533.0,176821.0,90473.0,187163.0,98644.0
2026-04-14 18:15:44.353359,848865,1609508037914853,5637883593,-1.079456,0.080032,0.054656,46.2875,-4.90875,-87.45625,6.568,-7.688,30.032001,inter_set_rest,4,7.0,34533.0,176821.0,90473.0,187163.0,98644.0
2026-04-14 18:15:44.355881,848866,1609508037929801,5637898546,-1.14192,0.119072,0.17568,43.93375,-3.1675,-87.35125,6.888001,-8.320001,28.840002,inter_set_rest,4,7.0,34533.0,176821.0,90473.0,187163.0,98644.0
2026-04-14 18:15:44.358362,848867,1609508037939247,5637909286,-1.128256,0.128832,0.201056,43.2075,-1.61875,-86.2225,7.36,-8.408,28.856,inter_set_rest,4,7.0,34533.0,176821.0,90473.0,187163.0,98644.0
2026-04-14 18:15:44.360735,848868,1609508037953829,5637922195,-1.128256,0.128832,0.201056,43.23375,0.91,-85.09375,7.36,-8.408,28.856,inter_set_rest,4,7.0,34533.0,176821.0,90473.0,187163.0,98644.0
2026-04-14 18:15:44.363224,848869,1609508037963080,5637933016,-1.089216,0.12688,0.22448,44.1525,3.1675,-82.85375,8.440001,-8.968,27.504002,inter_set_rest,4,7.0,34533.0,176821.0,90473.0,187163.0,98644.0
2026-04-14 18:15:44.365759,848870,1609508037972029,5637941726,-1.089216,0.12688,0.22448,45.73625,5.55625,-79.3275,8.440001,-8.968,27.504002,inter_set_rest,4,7.0,34533.0,176821.0,90473.0,187163.0,98644.0
2026-04-14 18:15:44.370674,848871,1609508037986547,5637956690,-1.136064,0.121024,-0.005856,48.326252,8.4525,-75.94125,8.664001,-9.128,26.936,inter_set_rest,4,7.0,34533.0,176821.0,90473.0,187163.0,98644.0
2026-04-14 18:15:44.399518,848882,1609508037995494,5637965495,-1.136064,0.121024,-0.005856,49.90125,10.98125,-72.8,8.664001,-9.128,26.936,inter_set_rest,4,7.0,34793.0,176790.0,90898.0,187159.0,99202.0
2026-04-14 18:15:44.402045,848883,1609508038010103,5637980463,-1.100928,0.124928,-0.02928,50.74125,13.055,-68.7575,9.160001,-9.328,26.896002,inter_set_rest,4,7.0,34793.0,176790.0,90898.0,187159.0,99202.0
2026-04-14 18:15:44.404430,848884,1609508038019038,5637989148,-1.095072,0.169824,0.083936,50.785,14.8575,-64.058754,7.872,-9.416,29.160002,inter_set_rest,4,7.0,34793.0,176790.0,90898.0,187159.0,99202.0
2026-04-14 18:15:44.406874,848885,1609508038028044,5637997850,-1.095072,0.169824,0.083936,49.74375,16.51125,-58.66875,7.872,-9.416,29.160002,inter_set_rest,4,7.0,34793.0,176790.0,90898.0,187159.0,99202.0
2026-04-14 18:15:44.423266,848886,1609508038042541,5638012743,-1.06384,0.154208,-0.01952,47.29375,18.59375,-54.0575,9.152,-10.480001,26.248001,inter_set_rest,4,7.0,34793.0,176790.0,90898.0,187159.0,99202.0
2026-04-14 18:15:44.430798,848887,1609508038051446,5638021422,-1.06384,0.154208,-0.01952,43.81125,20.20375,-49.0175,9.152,-10.480001,26.248001,inter_set_rest,4,7.0,34793.0,176790.0,90898.0,187159.0,99202.0
2026-04-14 18:15:44.445805,848888,1609508038066096,5638036412,-1.067744,0.179584,0.001952,39.10375,21.81375,-44.91375,10.440001,-10.440001,25.800001,inter_set_rest,4,7.0,34793.0,176790.0,90898.0,187159.0,99202.0
2026-04-14 18:15:44.454504,848889,1609508038075064,5638045111,-1.067744,0.179584,0.001952,34.4925,22.925,-40.5825,10.440001,-10.440001,25.800001,inter_set_rest,4,7.0,34793.0,176790.0,90898.0,187159.0,99202.0
2026-04-14 18:15:44.470722,848890,1609508038089673,5638060085,-1.016992,0.208864,0.220576,28.56875,23.8,-36.26,10.368,-10.384001,25.464,inter_set_rest,4,7.0,34793.0,176790.0,90898.0,187159.0,99202.0
2026-04-14 18:15:44.501908,848901,1609508038098812,5638068826,-1.061888,0.222528,0.1464,22.49625,24.54375,-32.69875,11.224001,-10.208,23.52,inter_set_rest,4,7.0,34877.0,176426.0,91102.0,186761.0,99449.0
2026-04-14 18:15:44.504244,848902,1609508038107880,5638077557,-1.061888,0.222528,0.1464,16.75625,24.928751,-28.51625,11.224001,-10.208,23.52,inter_set_rest,4,7.0,34877.0,176426.0,91102.0,186761.0,99449.0
2026-04-14 18:15:44.507018,848903,1609508038122380,5638092508,-0.960384,0.169824,0.208864,12.495,24.99,-23.8,10.92,-10.112,26.112001,inter_set_rest,4,7.0,34877.0,176426.0,91102.0,186761.0,99449.0
2026-04-14 18:15:44.510680,848904,1609508038131339,5638101190,-0.960384,0.169824,0.208864,10.325,25.7775,-20.1075,10.92,-10.112,26.112001,inter_set_rest,4,7.0,34877.0,176426.0,91102.0,186761.0,99449.0
2026-04-14 18:15:44.525775,848905,1609508038145832,5638116127,-1.01504,0.183488,0.290848,9.87875,26.005,-15.7325,10.968,-10.104,25.912,inter_set_rest,4,7.0,34877.0,176426.0,91102.0,186761.0,99449.0
2026-04-14 18:15:44.534412,848906,1609508038154842,5638124875,-1.01504,0.183488,0.290848,11.095,25.8475,-12.5125,10.968,-10.104,25.912,inter_set_rest,4,7.0,34877.0,176426.0,91102.0,186761.0,99449.0
2026-04-14 18:15:44.544521,848907,1609508038163828,5638133565,-0.993568,0.081984,0.216672,15.23375,26.6,-8.89,12.328001,-11.072001,24.576,inter_set_rest,4,7.0,34877.0,176426.0,91102.0,186761.0,99449.0
2026-04-14 18:15:44.558327,848908,1609508038178446,5638148491,-0.993568,-0.128832,0.384544,28.65625,26.71375,-3.29,12.328001,-11.072001,24.576,inter_set_rest,4,7.0,34877.0,176426.0,91102.0,186761.0,99449.0
2026-04-14 18:15:44.569368,848909,1609508038187579,5638157207,-1.046272,-0.128832,0.384544,60.795002,28.27125,5.075,12.696001,-11.912001,25.152,inter_set_rest,4,7.0,34877.0,176426.0,91102.0,186761.0,99449.0
2026-04-14 18:15:44.605354,848920,1609508038202181,5638172149,-1.114592,-0.07808,0.542656,118.23,34.475,14.28875,12.664001,-13.824,24.416,inter_set_rest,4,7.0,34390.0,181882.0,89897.0,191411.0,98258.0
2026-04-14 18:15:44.629412,848921,1609508038211214,5638180883,-1.114592,-0.07808,0.542656,162.12875,36.5225,16.79125,12.664001,-13.824,24.416,inter_set_rest,4,7.0,34390.0,181882.0,89897.0,191411.0,98258.0
2026-04-14 18:15:44.654606,848922,1609508038220170,5638189642,-1.118496,0.085888,0.505568,173.67876,34.3,14.16625,13.088,-15.616001,23.000002,inter_set_rest,4,7.0,34390.0,181882.0,89897.0,191411.0,98258.0
2026-04-14 18:15:44.662299,848923,1609508038234762,5638204725,-1.118496,0.085888,0.505568,160.53625,28.81375,14.2625,13.088,-15.616001,23.000002,inter_set_rest,4,7.0,34390.0,181882.0,89897.0,191411.0,98258.0
2026-04-14 18:15:44.662682,848924,1609508038243721,5638213430,-1.095072,0.255712,0.372832,133.02625,22.1375,14.60375,12.64,-17.024,21.704,inter_set_rest,4,7.0,34390.0,181882.0,89897.0,191411.0,98258.0
2026-04-14 18:15:44.664312,848925,1609508038258256,5638228297,-1.095072,0.255712,0.372832,101.3425,13.86875,11.10375,12.64,-17.024,21.704,inter_set_rest,4,7.0,34390.0,181882.0,89897.0,191411.0,98258.0
2026-04-14 18:15:44.668127,848926,1609508038267200,5638237020,-1.15168,0.324032,0.15616,68.81,4.34,0.55125,12.992001,-17.480001,20.232,inter_set_rest,4,7.0,34390.0,181882.0,89897.0,191411.0,98258.0
2026-04-14 18:15:44.669880,848927,1609508038281703,5638251918,-1.110688,0.275232,0.251808,35.00875,-4.73375,-12.74,12.872001,-17.04,21.68,inter_set_rest,4,7.0,34390.0,181882.0,89897.0,191411.0,98258.0
2026-04-14 18:15:44.672558,848928,1609508038290676,5638260766,-1.110688,0.275232,0.251808,0.37625,-12.73125,-21.25375,12.872001,-17.04,21.68,inter_set_rest,4,7.0,34390.0,181882.0,89897.0,191411.0,98258.0
2026-04-14 18:15:44.706073,848939,1609508038299869,5638269718,-1.050176,0.1952,0.35136,-30.75625,-18.48,-21.91,12.872001,-16.2,23.36,inter_set_rest,4,7.0,33451.0,176705.0,88324.0,186417.0,96587.0
2026-04-14 18:15:44.708145,848940,1609508038314453,5638284701,-1.050176,0.1952,0.35136,-55.23875,-20.4225,-19.64375,12.84,-16.2,23.36,inter_set_rest,4,7.0,33451.0,176705.0,88324.0,186417.0,96587.0
2026-04-14 18:15:44.710651,848941,1609508038323395,5638293396,-1.10288,0.099552,0.275232,-73.08,-19.705,-17.89375,11.448001,-14.872001,23.464,inter_set_rest,4,7.0,33451.0,176705.0,88324.0,186417.0,96587.0
2026-04-14 18:15:44.718497,848942,1609508038338062,5638308296,-1.10288,0.099552,0.275232,-86.3625,-19.11,-16.65125,11.448001,-14.872001,23.464,inter_set_rest,4,7.0,33451.0,176705.0,88324.0,186417.0,96587.0
2026-04-14 18:15:44.726112,848943,1609508038346974,5638317010,-1.1224,0.0,0.0488,-93.94875,-21.6125,-13.7375,12.288,-14.464001,23.616001,inter_set_rest,4,7.0,33451.0,176705.0,88324.0,186417.0,96587.0
2026-04-14 18:15:44.756254,848944,1609508038361470,5638329860,-1.06384,-0.00976,0.255712,-98.183754,-24.31625,-9.5025,12.376,-13.328001,23.864,inter_set_rest,4,7.0,33451.0,176705.0,88324.0,186417.0,96587.0
2026-04-14 18:15:44.756622,848945,1609508038370705,5638340644,-1.06384,-0.00976,0.255712,-96.565,-24.8675,-4.235,12.376,-13.328001,23.864,inter_set_rest,4,7.0,33451.0,176705.0,88324.0,186417.0,96587.0
2026-04-14 18:15:44.763487,848946,1609508038379663,5638349333,-1.06384,-0.056608,0.242048,-92.8375,-25.3225,-0.385,12.376,-13.328001,23.864,inter_set_rest,4,7.0,33451.0,176705.0,88324.0,186417.0,96587.0
2026-04-14 18:15:44.773433,848947,1609508038394174,5638364281,-1.028704,-0.050752,0.242048,-86.905,-26.06625,0.9625,12.408001,-12.344001,24.68,inter_set_rest,4,7.0,33451.0,176705.0,88324.0,186417.0,96587.0
2026-04-14 18:15:44.803573,848958,1609508038403257,5638373108,-1.114592,-0.08784,0.046848,-80.7975,-25.8125,1.75,11.776001,-11.368001,24.496,inter_set_rest,4,7.0,34542.0,181117.0,90227.0,191264.0,98710.0
2026-04-14 18:15:44.806127,848959,1609508038417807,5638388068,-1.114592,-0.08784,0.046848,-74.3925,-25.7075,3.0275,11.776001,-11.368001,24.496,inter_set_rest,4,7.0,34542.0,181117.0,90227.0,191264.0,98710.0
2026-04-14 18:15:44.808633,848960,1609508038426762,5638396774,-1.139968,-0.109312,0.042944,-66.6925,-26.22375,4.61125,11.76,-10.904,25.12,inter_set_rest,4,7.0,34542.0,181117.0,90227.0,191264.0,98710.0
2026-04-14 18:15:44.814514,848961,1609508038435709,5638405479,-1.139968,-0.109312,0.042944,-57.86375,-26.59125,5.45125,11.76,-10.904,25.12,inter_set_rest,4,7.0,34542.0,181117.0,90227.0,191264.0,98710.0
2026-04-14 18:15:44.831112,848962,1609508038450211,5638420372,-1.013088,-0.160064,0.1952,-46.69,-26.25,5.3725,11.368001,-10.336,25.384,inter_set_rest,4,7.0,34542.0,181117.0,90227.0,191264.0,98710.0
2026-04-14 18:15:44.836962,848963,1609508038459167,5638429085,-1.013088,-0.160064,0.1952,-33.53,-25.73375,5.7575,11.368001,-10.336,25.384,inter_set_rest,4,7.0,34542.0,181117.0,90227.0,191264.0,98710.0
2026-04-14 18:15:44.853293,848964,1609508038473662,5638444000,-1.042368,-0.140544,0.247904,-20.58875,-24.36875,6.93,11.224001,-10.744,24.192001,inter_set_rest,4,7.0,34542.0,181117.0,90227.0,191264.0,98710.0
2026-04-14 18:15:44.862501,848965,1609508038482597,5638452685,-1.10288,-0.152256,0.031232,-9.765,-22.35625,8.82875,10.944,-10.856001,28.424002,inter_set_rest,4,7.0,34542.0,181117.0,90227.0,191264.0,98710.0
2026-04-14 18:15:44.877266,848966,1609508038497103,5638465635,-1.10288,-0.152256,0.031232,-0.56,-20.545,11.2525,10.944,-10.856001,28.424002,inter_set_rest,4,7.0,34542.0,181117.0,90227.0,191264.0,98710.0
2026-04-14 18:15:44.907342,848977,1609508038506510,5638476649,-1.085312,-0.124928,0.197152,7.84875,-18.8825,13.50125,10.344001,-11.096001,26.680002,inter_set_rest,4,7.0,35323.0,184136.0,91570.0,194418.0,100278.0
2026-04-14 18:15:44.909839,848978,1609508038515523,5638485381,-1.085312,-0.124928,0.197152,16.02125,-16.8875,15.5575,10.344001,-11.096001,26.680002,inter_set_rest,4,7.0,35323.0,184136.0,91570.0,194418.0,100278.0
2026-04-14 18:15:44.911916,848979,1609508038530173,5638500299,-1.003328,-0.130784,0.257664,21.49,-14.8225,16.59875,9.576,-11.048,26.016,inter_set_rest,4,7.0,35323.0,184136.0,91570.0,194418.0,100278.0
2026-04-14 18:15:44.919953,848980,1609508038539145,5638508988,-1.003328,-0.130784,0.257664,21.67375,-12.635,14.542501,9.576,-11.048,26.016,inter_set_rest,4,7.0,35323.0,184136.0,91570.0,194418.0,100278.0
2026-04-14 18:15:44.932368,848981,1609508038553695,5638523951,-1.052128,-0.0976,0.30256,14.14875,-11.48875,10.22,10.488001,-11.64,24.056002,inter_set_rest,4,7.0,35323.0,184136.0,91570.0,194418.0,100278.0
2026-04-14 18:15:44.946660,848982,1609508038562616,5638532650,-1.038464,-0.160064,0.343552,1.75875,-11.8125,4.9875,10.096001,-11.68,27.016,inter_set_rest,4,7.0,35323.0,184136.0,91570.0,194418.0,100278.0
2026-04-14 18:15:44.952403,848983,1609508038571595,5638541328,-1.038464,-0.160064,0.343552,-8.0325,-10.9025,-0.35875,10.096001,-11.68,27.016,inter_set_rest,4,7.0,35323.0,184136.0,91570.0,194418.0,100278.0
2026-04-14 18:15:44.965981,848984,1609508038586238,5638556259,-1.06384,-0.25376,0.132736,-8.65375,-9.695,-6.27375,10.208,-11.112,26.864002,inter_set_rest,4,7.0,35323.0,184136.0,91570.0,194418.0,100278.0
2026-04-14 18:15:45.001098,848985,1609508038595208,5638564985,-1.06384,-0.25376,0.132736,-1.58375,-9.2575,-12.1275,10.208,-11.112,26.864002,inter_set_rest,4,7.0,35323.0,184136.0,91570.0,194418.0,100278.0
2026-04-14 18:15:45.068580,848996,1609508038609812,5638579972,-0.94672,-0.238144,0.31232,9.9225,-8.4875,-16.9575,8.480001,-10.976001,27.664001,inter_set_rest,4,7.0,35856.0,188462.0,92307.0,198520.0,101367.0
2026-04-14 18:15:45.070647,848997,1609508038618735,5638588674,-0.94672,-0.238144,0.31232,23.765,-6.62375,-18.82125,8.480001,-10.976001,27.664001,inter_set_rest,4,7.0,35856.0,188462.0,92307.0,198520.0,101367.0
2026-04-14 18:15:45.073233,848998,1609508038627646,5638597488,-1.01504,-0.163968,0.095648,37.75625,-3.49125,-19.04875,8.448,-11.568001,26.304,inter_set_rest,4,7.0,35856.0,188462.0,92307.0,198520.0,101367.0
2026-04-14 18:15:45.076079,848999,1609508038642177,5638612414,-0.96624,-0.099552,0.267424,49.5425,0.455,-19.18,8.64,-12.6,25.976002,inter_set_rest,4,7.0,35856.0,188462.0,92307.0,198520.0,101367.0
2026-04-14 18:15:45.078640,849000,1609508038651084,5638621109,-0.96624,-0.099552,0.267424,58.275,4.41,-19.32875,8.64,-12.6,25.976002,inter_set_rest,4,7.0,35856.0,188462.0,92307.0,198520.0,101367.0
2026-04-14 18:15:45.080689,849001,1609508038665600,5638633965,-1.040416,-0.040992,0.197152,64.68,7.77875,-19.3375,9.448001,-13.512001,25.408,inter_set_rest,4,7.0,35856.0,188462.0,92307.0,198520.0,101367.0
2026-04-14 18:15:45.083599,849002,1609508038674853,5638644807,-1.040416,-0.040992,0.197152,68.81875,10.03625,-19.3375,9.448001,-13.512001,25.408,inter_set_rest,4,7.0,35856.0,188462.0,92307.0,198520.0,101367.0
2026-04-14 18:15:45.086087,849003,1609508038689593,5638659766,-0.987712,-0.00976,0.325984,71.75,11.61125,-19.241251,9.648001,-14.256001,23.968,inter_set_rest,4,7.0,35856.0,188462.0,92307.0,198520.0,101367.0
2026-04-14 18:15:45.088648,849004,1609508038698532,5638668462,-0.987712,-0.00976,0.325984,74.1125,12.4075,-19.48625,9.648001,-14.256001,23.968,inter_set_rest,4,7.0,35856.0,188462.0,92307.0,198520.0,101367.0
2026-04-14 18:15:45.118236,849015,1609508038707640,5638677251,-0.983808,-0.001952,0.216672,74.41,11.62875,-18.8825,9.96,-14.344001,24.728,inter_set_rest,4,7.0,36244.0,185446.0,93245.0,195581.0,102165.0
2026-04-14 18:15:45.120723,849016,1609508038722319,5638692370,-1.03456,0.0488,0.30256,73.78875,10.465,-18.6375,9.96,-14.344001,23.408,inter_set_rest,4,7.0,36244.0,185446.0,93245.0,195581.0,102165.0
2026-04-14 18:15:45.123505,849017,1609508038731343,5638701111,-1.03456,0.0488,0.30256,72.52,9.205,-18.8475,10.192,-15.424001,23.408,inter_set_rest,4,7.0,36244.0,185446.0,93245.0,195581.0,102165.0
2026-04-14 18:15:45.126121,849018,1609508038745830,5638716031,-1.077504,0.025376,0.10736,70.6475,8.417501,-18.62875,10.872001,-16.544,22.744001,inter_set_rest,4,7.0,36244.0,185446.0,93245.0,195581.0,102165.0
2026-04-14 18:15:45.147001,849019,1609508038754787,5638724800,-1.077504,0.025376,0.10736,68.18,8.12,-18.27875,10.872001,-16.544,22.744001,inter_set_rest,4,7.0,36244.0,185446.0,93245.0,195581.0,102165.0
2026-04-14 18:15:45.147145,849020,1609508038763724,5638733482,-1.032608,0.060512,0.349408,65.9925,7.9625,-17.4475,11.072001,-16.784,22.008001,inter_set_rest,4,7.0,36244.0,185446.0,93245.0,195581.0,102165.0
2026-04-14 18:15:45.158161,849021,1609508038778260,5638748422,-1.032608,0.060512,0.349408,63.69125,7.84,-16.33625,11.072001,-16.784,22.008001,inter_set_rest,4,7.0,36244.0,185446.0,93245.0,195581.0,102165.0
2026-04-14 18:15:45.165723,849022,1609508038787191,5638757134,-0.972096,0.02928,0.28304,61.81875,8.3125,-15.0675,11.52,-17.464,22.872002,inter_set_rest,4,7.0,36244.0,185446.0,93245.0,195581.0,102165.0
2026-04-14 18:15:45.205734,849033,1609508038801747,5638772094,-0.972096,0.02928,0.28304,58.98375,8.93375,-14.6475,11.52,-17.464,22.872002,inter_set_rest,4,7.0,36818.0,186939.0,94285.0,196866.0,103283.0
2026-04-14 18:15:45.208196,849034,1609508038810860,5638780901,-1.0736,0.054656,0.142496,55.5975,9.8,-14.21875,11.376,-18.216002,18.264,inter_set_rest,4,7.0,36818.0,186939.0,94285.0,196866.0,103283.0
2026-04-14 18:15:45.210797,849035,1609508038825394,5638793815,-1.098976,0.074176,0.132736,51.21375,9.7825,-13.92125,11.912001,-18.576,21.016,inter_set_rest,4,7.0,36818.0,186939.0,94285.0,196866.0,103283.0
2026-04-14 18:15:45.214429,849036,1609508038834666,5638804613,-1.098976,0.074176,0.132736,45.701252,9.77375,-13.265,11.912001,-18.576,21.016,inter_set_rest,4,7.0,36818.0,186939.0,94285.0,196866.0,103283.0
2026-04-14 18:15:45.223216,849037,1609508038843636,5638813326,-0.991616,0.052704,0.265472,39.55875,9.31875,-12.985,11.376,-18.536001,20.128,inter_set_rest,4,7.0,36818.0,186939.0,94285.0,196866.0,103283.0
2026-04-14 18:15:45.236771,849038,1609508038858153,5638828302,-0.991616,0.052704,0.265472,33.1975,8.81125,-12.845,11.376,-18.536001,20.128,inter_set_rest,4,7.0,36818.0,186939.0,94285.0,196866.0,103283.0
2026-04-14 18:15:45.246959,849039,1609508038867111,5638837019,-0.962336,0.0488,0.33184,26.64375,8.5575,-11.41,11.976001,-19.192001,20.720001,inter_set_rest,4,7.0,36818.0,186939.0,94285.0,196866.0,103283.0
2026-04-14 18:15:45.263252,849040,1609508038881712,5638851921,-0.962336,0.0488,0.33184,21.175,7.98,-9.765,11.976001,-19.192001,20.720001,inter_set_rest,4,7.0,36818.0,186939.0,94285.0,196866.0,103283.0
2026-04-14 18:15:45.270524,849041,1609508038890669,5638860598,-0.987712,0.052704,0.376736,17.0275,8.54,-9.52875,12.416,-18.752,22.960001,inter_set_rest,4,7.0,36818.0,186939.0,94285.0,196866.0,103283.0
2026-04-14 18:15:45.278180,849042,1609508038899616,5638869304,-0.987712,0.052704,0.376736,14.6125,9.24875,-8.88125,12.416,-18.752,22.960001,inter_set_rest,4,7.0,36818.0,186939.0,94285.0,196866.0,103283.0
2026-04-14 18:15:45.305820,849053,1609508038914205,5638884264,-1.028704,0.017568,0.115168,13.825,9.4675,-7.77,11.688001,-18.528002,21.056002,inter_set_rest,4,7.0,36874.0,186510.0,94356.0,196525.0,103361.0
2026-04-14 18:15:45.308292,849054,1609508038923153,5638893107,-1.028704,0.017568,0.12688,11.97,9.87875,-6.30875,11.688001,-18.528002,21.056002,inter_set_rest,4,7.0,36874.0,186510.0,94356.0,196525.0,103361.0
2026-04-14 18:15:45.320403,849055,1609508038937836,5638908067,-1.016992,0.017568,0.12688,9.835,10.66625,-5.36375,11.936001,-18.624,23.528002,inter_set_rest,4,7.0,36874.0,186510.0,94356.0,196525.0,103361.0
2026-04-14 18:15:45.327405,849056,1609508038946808,5638916933,-1.061888,0.062464,0.259616,7.35,10.9725,-4.095,12.400001,-18.704,19.808,inter_set_rest,4,7.0,36874.0,186510.0,94356.0,196525.0,103361.0
2026-04-14 18:15:45.338078,849057,1609508038961331,5638929792,-1.061888,0.062464,0.259616,3.56125,10.5175,-4.05125,12.400001,-18.704,19.808,inter_set_rest,4,7.0,36874.0,186510.0,94356.0,196525.0,103361.0
2026-04-14 18:15:45.364571,849058,1609508038970646,5638940559,-1.030656,-0.001952,0.122976,-1.28625,11.3225,-3.9375,12.376,-19.232,20.064001,inter_set_rest,4,7.0,36874.0,186510.0,94356.0,196525.0,103361.0
2026-04-14 18:15:45.367394,849059,1609508038979709,5638949240,-1.030656,-0.001952,0.122976,-6.04625,10.3775,-3.675,12.376,-19.232,20.064001,inter_set_rest,4,7.0,36874.0,186510.0,94356.0,196525.0,103361.0
2026-04-14 18:15:45.395758,849060,1609508038994269,5638964234,-1.009184,-0.031232,0.23424,-10.73625,10.1325,-3.03625,12.816001,-19.288,20.224,inter_set_rest,4,7.0,36874.0,186510.0,94356.0,196525.0,103361.0
2026-04-14 18:15:45.448551,849071,1609508039003767,5638973111,-1.009184,-0.031232,0.23424,-14.77,10.3425,-2.77375,12.816001,-19.288,20.224,inter_set_rest,4,7.0,36446.0,184783.0,93543.0,195025.0,102525.0
2026-04-14 18:15:45.451096,849072,1609508039012796,5638981962,-1.052128,-0.046848,0.095648,-16.2225,10.26375,-1.37375,11.288,-18.328001,21.44,inter_set_rest,4,7.0,36446.0,184783.0,93543.0,195025.0,102525.0
2026-04-14 18:15:45.453501,849073,1609508039027464,5638996882,-1.00528,-0.064416,0.218624,-15.98625,9.94,-0.5425,11.224001,-18.248001,21.176,inter_set_rest,4,7.0,36446.0,184783.0,93543.0,195025.0,102525.0
2026-04-14 18:15:45.455723,849074,1609508039036431,5639005554,-1.00528,-0.064416,0.218624,-15.37375,11.165,0.4725,11.224001,-18.248001,21.176,inter_set_rest,4,7.0,36446.0,184783.0,93543.0,195025.0,102525.0
2026-04-14 18:15:45.458589,849075,1609508039051052,5639020493,-1.030656,-0.074176,0.18544,-13.85125,10.2725,0.91,12.240001,-18.496,18.744001,inter_set_rest,4,7.0,36446.0,184783.0,93543.0,195025.0,102525.0
2026-04-14 18:15:45.461106,849076,1609508039060029,5639029215,-1.030656,-0.074176,0.18544,-11.1825,11.375,1.91625,12.240001,-18.496,18.744001,inter_set_rest,4,7.0,36446.0,184783.0,93543.0,195025.0,102525.0
2026-04-14 18:15:45.463598,849077,1609508039074585,5639044291,-1.052128,-0.040992,0.245952,-8.74125,12.74,3.57875,12.184001,-18.256,21.064001,inter_set_rest,4,7.0,36446.0,184783.0,93543.0,195025.0,102525.0
2026-04-14 18:15:45.466064,849078,1609508039083536,5639052989,-1.052128,-0.040992,0.245952,-7.0175,11.795,4.62,12.184001,-18.256,21.064001,inter_set_rest,4,7.0,36446.0,184783.0,93543.0,195025.0,102525.0
2026-04-14 18:15:45.470684,849079,1609508039092626,5639061734,-1.018944,-0.080032,0.12688,-7.53375,11.03375,5.705,12.448001,-18.28,18.984001,inter_set_rest,4,7.0,36446.0,184783.0,93543.0,195025.0,102525.0
2026-04-14 18:15:45.507385,849090,1609508039107307,5639076666,-1.087264,-0.0488,0.22448,-8.75,10.36875,6.08125,12.704,-18.184,20.352001,inter_set_rest,4,7.0,35547.0,182637.0,91956.0,193132.0,100757.0
2026-04-14 18:15:45.511531,849091,1609508039116318,5639085435,-1.087264,-0.0488,0.22448,-9.59875,9.37125,6.92125,12.704,-18.184,20.352001,inter_set_rest,4,7.0,35547.0,182637.0,91956.0,193132.0,100757.0
2026-04-14 18:15:45.512064,849092,1609508039131021,5639100300,-1.03456,-0.072224,0.327936,-9.0475,8.3125,7.62125,12.392,-18.312,20.848001,inter_set_rest,4,7.0,35547.0,182637.0,91956.0,193132.0,100757.0
2026-04-14 18:15:45.521882,849093,1609508039140073,5639109047,-1.03456,-0.072224,0.327936,-8.25125,6.51,7.41125,12.392,-18.312,20.848001,inter_set_rest,4,7.0,35547.0,182637.0,91956.0,193132.0,100757.0
2026-04-14 18:15:45.526917,849094,1609508039149047,5639117785,-0.987712,-0.10736,0.32208,-5.90625,5.7225,7.98,13.168,-18.768002,20.112001,inter_set_rest,4,7.0,35547.0,182637.0,91956.0,193132.0,100757.0
2026-04-14 18:15:45.541964,849095,1609508039163986,5639132699,-0.987712,-0.10736,0.32208,-3.3425,3.78875,8.51375,13.168,-18.768002,20.112001,inter_set_rest,4,7.0,35547.0,182637.0,91956.0,193132.0,100757.0
2026-04-14 18:15:45.553304,849096,1609508039173284,5639143476,-0.968192,-0.134688,0.310368,1.33875,2.24875,8.96875,13.328001,-18.720001,19.848001,inter_set_rest,4,7.0,35547.0,182637.0,91956.0,193132.0,100757.0
2026-04-14 18:15:45.564564,849097,1609508039187953,5639156367,-1.065792,-0.103456,0.232288,8.12875,1.39125,9.44125,13.184001,-19.048,19.656,inter_set_rest,4,7.0,35547.0,182637.0,91956.0,193132.0,100757.0
2026-04-14 18:15:45.577071,849098,1609508039197190,5639167136,-1.065792,-0.103456,0.232288,17.053751,0.42875,9.87,13.184001,-19.048,19.656,inter_set_rest,4,7.0,35547.0,182637.0,91956.0,193132.0,100757.0
2026-04-14 18:15:45.607647,849109,1609508039206558,5639176263,-1.050176,-0.08784,0.255712,27.64125,0.525,10.24625,11.264001,-18.784,20.088001,inter_set_rest,4,7.0,35203.0,182917.0,91356.0,193410.0,100092.0
2026-04-14 18:15:45.610381,849110,1609508039221299,5639191216,-1.050176,-0.08784,0.255712,39.6725,0.6825,10.29875,11.264001,-18.784,20.088001,inter_set_rest,4,7.0,35203.0,182917.0,91356.0,193410.0,100092.0
2026-04-14 18:15:45.612263,849111,1609508039230461,5639200097,-0.968192,-0.111264,0.30256,51.98375,1.785,10.5875,11.320001,-19.864,19.992,inter_set_rest,4,7.0,35203.0,182917.0,91356.0,193410.0,100092.0
2026-04-14 18:15:45.619460,849112,1609508039239453,5639208842,-0.968192,-0.111264,0.30256,64.88125,3.465,11.78625,11.320001,-19.864,19.992,inter_set_rest,4,7.0,35203.0,182917.0,91356.0,193410.0,100092.0
2026-04-14 18:15:45.633178,849113,1609508039253989,5639223724,-0.997472,-0.064416,0.304512,76.83375,5.95875,13.97375,12.664001,-21.208,18.088001,inter_set_rest,4,7.0,35203.0,182917.0,91356.0,193410.0,100092.0
2026-04-14 18:15:45.643292,849114,1609508039262958,5639232470,-0.997472,-0.064416,0.304512,88.3225,6.76375,16.8525,12.664001,-21.208,18.088001,inter_set_rest,4,7.0,35203.0,182917.0,91356.0,193410.0,100092.0
2026-04-14 18:15:45.657079,849115,1609508039277446,5639247400,-1.042368,-0.031232,0.080032,97.46625,6.85125,18.50625,13.056001,-22.032001,17.632,inter_set_rest,4,7.0,35203.0,182917.0,91356.0,193410.0,100092.0
2026-04-14 18:15:45.665764,849116,1609508039286409,5639256081,-1.0736,0.062464,0.257664,105.56,7.35,20.055,11.824,-22.912,16.960001,inter_set_rest,4,7.0,35203.0,182917.0,91356.0,193410.0,100092.0
2026-04-14 18:15:45.680670,849117,1609508039300958,5639271025,-1.0736,0.062464,0.257664,111.32625,8.33,21.3325,11.824,-22.912,16.960001,inter_set_rest,4,7.0,35203.0,182917.0,91356.0,193410.0,100092.0
2026-04-14 18:15:45.730771,849128,1609508039310042,5639279816,-1.108736,0.074176,0.089792,113.81125,8.645,21.945,11.264001,-24.096,15.456,inter_set_rest,4,7.0,35119.0,181178.0,91343.0,191792.0,99889.0
2026-04-14 18:15:45.755829,849129,1609508039319176,5639288538,-1.108736,0.074176,0.089792,114.40625,8.72375,20.545,11.264001,-24.096,15.456,inter_set_rest,4,7.0,35119.0,181178.0,91343.0,191792.0,99889.0
2026-04-14 18:15:45.758630,849130,1609508039333721,5639303525,-1.15168,0.113216,0.115168,113.65375,9.0125,19.005,11.448001,-24.888,14.792001,inter_set_rest,4,7.0,35119.0,181178.0,91343.0,191792.0,99889.0
2026-04-14 18:15:45.783634,849131,1609508039342716,5639312207,-1.15168,0.113216,0.115168,112.0,8.925,18.17375,11.448001,-24.888,14.792001,inter_set_rest,4,7.0,35119.0,181178.0,91343.0,191792.0,99889.0
2026-04-14 18:15:45.789226,849132,1609508039357200,5639327135,-1.048224,0.10736,0.173728,109.5325,8.5925,17.33375,11.280001,-26.192001,14.216001,inter_set_rest,4,7.0,35119.0,181178.0,91343.0,191792.0,99889.0
2026-04-14 18:15:45.790469,849133,1609508039366108,5639335840,-1.079456,0.189344,0.28304,106.14625,8.925,15.7675,11.280001,-26.192001,13.768001,inter_set_rest,4,7.0,35119.0,181178.0,91343.0,191792.0,99889.0
2026-04-14 18:15:45.798723,849134,1609508039375112,5639344532,-1.091168,0.189344,0.28304,102.68125,8.2775,13.22125,10.936001,-26.632002,13.768001,inter_set_rest,4,7.0,35119.0,181178.0,91343.0,191792.0,99889.0
2026-04-14 18:15:45.807512,849135,1609508039389637,5639359507,-1.013088,0.173728,0.187392,97.527504,6.81625,11.19125,10.608001,-26.976002,12.880001,inter_set_rest,4,7.0,35119.0,181178.0,91343.0,191792.0,99889.0
2026-04-14 18:15:45.807602,849136,1609508039398690,5639368193,-1.013088,0.173728,0.187392,89.67,5.8625,8.68,10.608001,-26.976002,12.880001,inter_set_rest,4,7.0,35119.0,181178.0,91343.0,191792.0,99889.0
2026-04-14 18:15:45.825653,849147,1609508039413525,5639383138,-1.056032,0.222528,0.255712,79.89625,5.38125,6.60625,10.072001,-27.336,12.008,inter_set_rest,4,7.0,34837.0,179253.0,90863.0,189743.0,99280.0
2026-04-14 18:15:45.828175,849148,1609508039422600,5639391878,-1.056032,0.222528,0.255712,67.34875,3.9725,4.29625,10.072001,-27.336,12.008,inter_set_rest,4,7.0,34837.0,179253.0,90863.0,189743.0,99280.0
2026-04-14 18:15:45.830586,849149,1609508039431615,5639400587,-1.075552,0.22448,0.144448,52.01,1.1725,1.3825,10.464001,-27.728,11.192,inter_set_rest,4,7.0,34837.0,179253.0,90863.0,189743.0,99280.0
2026-04-14 18:15:45.832948,849150,1609508039446157,5639415541,-1.075552,0.22448,0.238144,32.29625,-3.4825,-2.905,10.464001,-27.728,11.192,inter_set_rest,4,7.0,34837.0,179253.0,90863.0,189743.0,99280.0
2026-04-14 18:15:45.835708,849151,1609508039455097,5639424214,-1.069696,0.197152,0.236192,15.16375,-8.09375,-5.3375,10.736,-27.784,8.504001,inter_set_rest,4,7.0,34837.0,179253.0,90863.0,189743.0,99280.0
2026-04-14 18:15:45.848217,849152,1609508039469592,5639439239,-1.098976,0.17568,0.179584,1.95125,-12.6525,-6.0025,11.728001,-28.000002,10.608001,inter_set_rest,4,7.0,34837.0,179253.0,90863.0,189743.0,99280.0
2026-04-14 18:15:45.857151,849153,1609508039478589,5639447969,-1.098976,0.17568,0.179584,-6.22125,-16.8175,-6.5625,11.728001,-28.000002,10.608001,inter_set_rest,4,7.0,34837.0,179253.0,90863.0,189743.0,99280.0
2026-04-14 18:15:45.873326,849154,1609508039493236,5639462885,-1.04432,0.122976,0.212768,-9.72125,-20.76375,-7.1225,11.496,-27.720001,11.096001,inter_set_rest,4,7.0,34837.0,179253.0,90863.0,189743.0,99280.0
2026-04-14 18:15:45.882018,849155,1609508039502223,5639471613,-1.04432,0.122976,0.212768,-9.1875,-23.44125,-6.825,11.496,-27.720001,11.096001,inter_set_rest,4,7.0,34837.0,179253.0,90863.0,189743.0,99280.0
2026-04-14 18:15:45.909526,849166,1609508039511225,5639480399,-1.09312,0.113216,0.181536,-5.9675,-25.4625,-6.475,10.52,-27.824001,10.408001,inter_set_rest,4,7.0,34678.0,178859.0,90583.0,189379.0,99017.0
2026-04-14 18:15:45.912120,849167,1609508039525803,5639495400,-1.09312,0.113216,0.181536,-1.2425,-26.22375,-7.385,10.52,-27.824001,10.408001,inter_set_rest,4,7.0,34678.0,178859.0,90583.0,189379.0,99017.0
2026-04-14 18:15:45.914586,849168,1609508039534766,5639504119,-1.114592,0.056608,0.056608,6.405,-25.82125,-8.49625,10.664001,-27.656002,11.152,inter_set_rest,4,7.0,34678.0,178859.0,90583.0,189379.0,99017.0
2026-04-14 18:15:45.928305,849169,1609508039549276,5639519118,-1.266848,0.103456,-0.015616,15.95125,-25.0075,-10.63125,11.56,-28.264002,9.528001,inter_set_rest,4,7.0,34678.0,178859.0,90583.0,189379.0,99017.0
2026-04-14 18:15:45.936996,849170,1609508039558216,5639527808,-1.266848,0.103456,-0.015616,24.78,-24.80625,-14.58625,11.56,-28.264002,9.528001,inter_set_rest,4,7.0,34678.0,178859.0,90583.0,189379.0,99017.0
2026-04-14 18:15:45.952132,849171,1609508039572833,5639542719,-1.290272,0.128832,0.03904,32.99625,-24.59625,-18.45375,11.448001,-28.160002,10.336,inter_set_rest,4,7.0,34678.0,178859.0,90583.0,189379.0,99017.0
2026-04-14 18:15:45.960830,849172,1609508039581768,5639551453,-1.290272,0.128832,0.03904,41.27375,-25.27875,-23.00375,11.448001,-28.160002,10.336,inter_set_rest,4,7.0,34678.0,178859.0,90583.0,189379.0,99017.0
2026-04-14 18:15:45.969624,849173,1609508039590755,5639560194,-1.29808,0.142496,-0.005856,49.0,-26.565,-26.52125,11.736001,-28.592001,9.168,inter_set_rest,4,7.0,34678.0,178859.0,90583.0,189379.0,99017.0
2026-04-14 18:15:46.032366,849184,1609508039605289,5639575125,-1.29808,0.142496,-0.005856,57.42625,-27.965,-28.91,11.736001,-28.592001,9.168,inter_set_rest,4,7.0,34545.0,179391.0,90332.0,189976.0,98699.0
2026-04-14 18:15:46.034578,849185,1609508039614608,5639583882,-1.192672,0.148352,0.128832,66.64875,-28.7875,-30.9225,11.608001,-28.512001,8.744,inter_set_rest,4,7.0,34545.0,179391.0,90332.0,189976.0,98699.0
2026-04-14 18:15:46.036977,849186,1609508039629151,5639598902,-1.204384,0.15616,-0.081984,74.375,-29.42625,-31.71875,10.56,-28.400002,10.6,inter_set_rest,4,7.0,34545.0,179391.0,90332.0,189976.0,98699.0
2026-04-14 18:15:46.039905,849187,1609508039638067,5639607610,-1.204384,0.15616,-0.081984,81.08625,-29.56625,-32.01625,10.56,-28.400002,10.6,inter_set_rest,4,7.0,34545.0,179391.0,90332.0,189976.0,98699.0
2026-04-14 18:15:46.042384,849188,1609508039646968,5639616282,-1.204384,0.15616,-0.081984,87.05375,-29.68,-31.2025,10.56,-28.400002,10.6,inter_set_rest,4,7.0,34545.0,179391.0,90332.0,189976.0,98699.0
2026-04-14 18:15:46.044863,849189,1609508039661506,5639631239,-1.065792,0.142496,-0.031232,91.14875,-29.19,-29.47,11.232,-28.672,10.400001,inter_set_rest,4,7.0,34545.0,179391.0,90332.0,189976.0,98699.0
2026-04-14 18:15:46.049864,849190,1609508039670463,5639639958,-1.108736,0.206912,0.025376,93.8175,-27.46625,-27.195,11.448001,-29.336,6.728,inter_set_rest,4,7.0,34545.0,179391.0,90332.0,189976.0,98699.0
2026-04-14 18:15:46.064885,849191,1609508039684970,5639654876,-1.108736,0.206912,0.025376,95.2,-25.48,-25.34,11.448001,-29.336,6.728,inter_set_rest,4,7.0,34545.0,179391.0,90332.0,189976.0,98699.0
2026-04-14 18:15:46.075163,849192,1609508039694071,5639663561,-1.01504,0.208864,0.187392,95.2175,-23.695,-23.9225,12.272,-29.992,4.8,inter_set_rest,4,7.0,34545.0,179391.0,90332.0,189976.0,98699.0
2026-04-14 18:15:46.149884,849203,1609508039708693,5639678513,-1.022848,0.193248,0.10736,93.135,-21.63875,-22.37375,12.272,-30.056002,6.104,inter_set_rest,4,7.0,34763.0,178695.0,90750.0,189151.0,99206.0
2026-04-14 18:15:46.152391,849204,1609508039717693,5639687173,-1.022848,0.193248,0.10736,90.02,-19.64375,-20.475,11.384001,-30.056002,6.104,inter_set_rest,4,7.0,34763.0,178695.0,90750.0,189151.0,99206.0
2026-04-14 18:15:46.154872,849205,1609508039726684,5639695856,-1.022848,0.193248,0.10736,85.58375,-18.62,-19.15375,11.384001,-30.056002,6.104,inter_set_rest,4,7.0,34763.0,178695.0,90750.0,189151.0,99206.0
2026-04-14 18:15:46.157383,849206,1609508039741195,5639710864,-1.114592,0.222528,0.001952,80.675,-19.20625,-17.6925,11.68,-29.960001,4.16,inter_set_rest,4,7.0,34763.0,178695.0,90750.0,189151.0,99206.0
2026-04-14 18:15:46.159644,849207,1609508039750269,5639719574,-1.065792,0.189344,-0.128832,76.51875,-20.9125,-16.14375,11.968,-29.744001,5.488,inter_set_rest,4,7.0,34763.0,178695.0,90750.0,189151.0,99206.0
2026-04-14 18:15:46.163753,849208,1609508039764774,5639734512,-1.065792,0.189344,-0.128832,72.38875,-22.75875,-15.190001,11.968,-29.744001,5.488,inter_set_rest,4,7.0,34763.0,178695.0,90750.0,189151.0,99206.0
2026-04-14 18:15:46.164225,849209,1609508039773820,5639743302,-1.00528,0.179584,0.0,69.16,-23.8175,-14.65625,12.712001,-30.272001,2.048,inter_set_rest,4,7.0,34763.0,178695.0,90750.0,189151.0,99206.0
2026-04-14 18:15:46.169236,849210,1609508039782808,5639752072,-1.00528,0.179584,0.0,67.06,-24.2025,-14.48125,12.712001,-30.272001,2.048,inter_set_rest,4,7.0,34763.0,178695.0,90750.0,189151.0,99206.0
2026-04-14 18:15:46.177233,849211,1609508039797280,5639766983,-0.993568,0.181536,0.089792,65.73875,-24.5175,-14.00875,12.504001,-30.096,1.264,inter_set_rest,4,7.0,34763.0,178695.0,90750.0,189151.0,99206.0
2026-04-14 18:15:46.209883,849222,1609508039806273,5639775754,-0.993568,0.181536,0.089792,66.027504,-24.955,-14.2625,12.504001,-30.096,1.264,inter_set_rest,4,7.0,34982.0,179087.0,91157.0,189515.0,99704.0
2026-04-14 18:15:46.212386,849223,1609508039821440,5639790853,-0.987712,0.13664,-0.03904,67.6725,-23.86125,-14.28875,12.584001,-30.136002,0.632,inter_set_rest,4,7.0,34982.0,179087.0,91157.0,189515.0,99704.0
2026-04-14 18:15:46.214889,849224,1609508039830570,5639799546,-1.03456,0.17568,0.0976,69.3525,-22.12875,-15.4525,13.136001,-30.432001,-0.688,inter_set_rest,4,7.0,34982.0,179087.0,91157.0,189515.0,99704.0
2026-04-14 18:15:46.218621,849225,1609508039839525,5639808245,-1.03456,0.17568,0.0976,72.89625,-20.27375,-17.28125,13.136001,-30.432001,-0.688,inter_set_rest,4,7.0,34982.0,179087.0,91157.0,189515.0,99704.0
2026-04-14 18:15:46.232398,849226,1609508039854549,5639823189,-1.067744,0.158112,-0.13664,77.77875,-19.5475,-18.64625,13.128,-30.416002,-1.104,inter_set_rest,4,7.0,34982.0,179087.0,91157.0,189515.0,99704.0
2026-04-14 18:15:46.243655,849227,1609508039863935,5639833962,-1.067744,0.158112,-0.13664,82.48625,-18.19125,-20.195,13.128,-30.416002,-1.104,inter_set_rest,4,7.0,34982.0,179087.0,91157.0,189515.0,99704.0
2026-04-14 18:15:46.256962,849228,1609508039878405,5639846830,-0.972096,0.158112,0.01952,86.8875,-16.40625,-21.77,13.224001,-30.080002,-1.416,inter_set_rest,4,7.0,34982.0,179087.0,91157.0,189515.0,99704.0
2026-04-14 18:15:46.268517,849229,1609508039887630,5639857588,-0.972096,0.158112,0.01952,91.21,-14.62125,-23.2575,13.224001,-30.080002,-1.416,inter_set_rest,4,7.0,34982.0,179087.0,91157.0,189515.0,99704.0
2026-04-14 18:15:46.274758,849230,1609508039896581,5639866285,-0.99552,0.191296,0.115168,94.77125,-11.82125,-24.99,12.872001,-29.384,-3.016,inter_set_rest,4,7.0,34982.0,179087.0,91157.0,189515.0,99704.0
2026-04-14 18:15:46.309840,849241,1609508039911393,5639881286,-1.030656,0.162016,-0.13664,97.3875,-8.89875,-26.565,14.000001,-30.496002,-3.936,inter_set_rest,4,7.0,35227.0,179892.0,91506.0,190245.0,100131.0
2026-04-14 18:15:46.312387,849242,1609508039920389,5639890140,-1.030656,0.162016,-0.13664,99.3475,-6.53625,-27.7375,14.000001,-30.496002,-3.936,inter_set_rest,4,7.0,35227.0,179892.0,91506.0,190245.0,100131.0
2026-04-14 18:15:46.314526,849243,1609508039935122,5639905051,-1.007232,0.206912,0.027328,100.44125,-4.1475,-27.991251,13.616,-29.232002,-4.344,inter_set_rest,4,7.0,35227.0,179892.0,91506.0,190245.0,100131.0
2026-04-14 18:15:46.323629,849244,1609508039944119,5639913752,-1.007232,0.206912,0.027328,100.485,-1.21625,-28.8225,13.616,-29.232002,-4.344,inter_set_rest,4,7.0,35227.0,179892.0,91506.0,190245.0,100131.0
2026-04-14 18:15:46.333184,849245,1609508039953083,5639922456,-0.977952,0.187392,-0.07808,100.31,2.45875,-29.54,14.808001,-29.304,-5.752,inter_set_rest,4,7.0,35227.0,179892.0,91506.0,190245.0,100131.0
2026-04-14 18:15:46.346138,849246,1609508039967591,5639937395,-0.977952,0.187392,-0.07808,98.6125,6.6675,-31.0275,14.808001,-29.304,-5.752,inter_set_rest,4,7.0,35227.0,179892.0,91506.0,190245.0,100131.0
2026-04-14 18:15:46.358313,849247,1609508039976541,5639946109,-1.0248,0.228384,0.035136,95.40125,10.98125,-32.655,14.488001,-29.000002,-6.256001,inter_set_rest,4,7.0,35227.0,179892.0,91506.0,190245.0,100131.0
2026-04-14 18:15:46.370618,849248,1609508039991219,5639961174,-1.022848,0.22448,0.163968,90.95625,14.7875,-34.5975,15.992001,-28.944002,-9.432,inter_set_rest,4,7.0,35227.0,179892.0,91506.0,190245.0,100131.0
2026-04-14 18:15:46.379816,849249,1609508040000167,5639969864,-1.022848,0.22448,0.163968,84.88375,18.47125,-36.645,15.992001,-28.944002,-9.432,inter_set_rest,4,7.0,35227.0,179892.0,91506.0,190245.0,100131.0
2026-04-14 18:15:46.409892,849260,1609508040009420,5639978811,-1.022848,0.22448,0.163968,77.7,21.28875,-38.92875,15.992001,-28.944002,-9.432,inter_set_rest,4,7.0,35281.0,179910.0,91609.0,190225.0,100226.0
2026-04-14 18:15:46.411908,849261,1609508040023991,5639993737,-1.081408,0.193248,-0.003904,72.152504,23.205,-41.43125,16.072,-28.072,-7.712,inter_set_rest,4,7.0,35281.0,179910.0,91609.0,190225.0,100226.0
2026-04-14 18:15:46.414237,849262,1609508040032922,5640002477,-1.108736,0.22448,0.13664,67.62,25.0425,-44.2575,15.688001,-27.6,-8.408,inter_set_rest,4,7.0,35281.0,179910.0,91609.0,190225.0,100226.0
2026-04-14 18:15:46.426163,849263,1609508040047453,5640017413,-1.108736,0.22448,0.13664,64.47875,26.66125,-47.15375,15.688001,-27.6,-8.408,inter_set_rest,4,7.0,35281.0,179910.0,91609.0,190225.0,100226.0
2026-04-14 18:15:46.436203,849264,1609508040056581,5640026117,-1.061888,0.208864,0.208864,63.39375,27.098751,-49.98875,16.856,-27.376001,-10.064,inter_set_rest,4,7.0,35281.0,179910.0,91609.0,190225.0,100226.0
2026-04-14 18:15:46.467234,849265,1609508040065701,5640034812,-1.061888,0.208864,0.208864,61.71375,27.50125,-53.01625,16.856,-27.376001,-10.064,inter_set_rest,4,7.0,35281.0,179910.0,91609.0,190225.0,100226.0
2026-04-14 18:15:46.501131,849266,1609508040080206,5640049723,-1.042368,0.189344,0.240096,60.52375,27.74625,-54.888752,17.016,-26.288002,-10.704,inter_set_rest,4,7.0,35281.0,179910.0,91609.0,190225.0,100226.0
2026-04-14 18:15:46.516990,849267,1609508040089099,5640058393,-1.042368,0.189344,0.240096,60.06875,28.04375,-55.8075,17.016,-26.288002,-10.704,inter_set_rest,4,7.0,35281.0,179910.0,91609.0,190225.0,100226.0
2026-04-14 18:15:46.519631,849268,1609508040103583,5640073280,-1.149728,0.171776,0.015616,60.165,28.46375,-57.30375,17.752,-25.832,-12.184001,inter_set_rest,4,7.0,35281.0,179910.0,91609.0,190225.0,100226.0
2026-04-14 18:15:46.551582,849279,1609508040112708,5640082036,-1.20048,0.17568,0.025376,62.04625,28.77875,-58.56375,18.872002,-25.552002,-12.968,inter_set_rest,4,7.0,34564.0,178166.0,90362.0,188687.0,98779.0
2026-04-14 18:15:46.551973,849280,1609508040127267,5640097102,-1.20048,0.17568,0.025376,65.14375,27.86,-59.5,18.872002,-25.552002,-12.968,inter_set_rest,4,7.0,34564.0,178166.0,90362.0,188687.0,98779.0
2026-04-14 18:15:46.554353,849281,1609508040136195,5640105816,-1.126304,0.173728,0.255712,69.20375,26.4425,-60.8825,19.968,-24.696001,-13.688001,inter_set_rest,4,7.0,34564.0,178166.0,90362.0,188687.0,98779.0
2026-04-14 18:15:46.560211,849282,1609508040145130,5640114517,-1.126304,0.173728,0.255712,74.27875,24.63125,-61.34625,19.968,-24.696001,-13.688001,inter_set_rest,4,7.0,34564.0,178166.0,90362.0,188687.0,98779.0
2026-04-14 18:15:46.560289,849283,1609508040159715,5640129414,-1.196576,0.20496,0.310368,78.98625,23.10875,-61.5825,20.352001,-23.544,-14.64,inter_set_rest,4,7.0,34564.0,178166.0,90362.0,188687.0,98779.0
2026-04-14 18:15:46.561831,849284,1609508040168778,5640138117,-1.196576,0.20496,0.310368,82.81875,22.0325,-61.3375,20.352001,-23.544,-14.64,inter_set_rest,4,7.0,34564.0,178166.0,90362.0,188687.0,98779.0
2026-04-14 18:15:46.564271,849285,1609508040183325,5640153068,-1.315648,0.212768,0.111264,86.17,19.915,-60.795002,20.992,-23.016,-15.64,inter_set_rest,4,7.0,34564.0,178166.0,90362.0,188687.0,98779.0
2026-04-14 18:15:46.572048,849286,1609508040192319,5640161771,-1.266848,0.201056,0.25376,89.45125,17.4825,-60.0775,21.432001,-22.024,-16.6,inter_set_rest,4,7.0,34564.0,178166.0,90362.0,188687.0,98779.0
2026-04-14 18:15:46.582112,849287,1609508040201274,5640170458,-1.266848,0.201056,0.25376,91.0525,16.02125,-58.1875,21.432001,-22.024,-16.6,inter_set_rest,4,7.0,34564.0,178166.0,90362.0,188687.0,98779.0
2026-04-14 18:15:46.613329,849298,1609508040215943,5640185433,-1.389824,0.208864,0.173728,91.23625,16.03875,-56.2975,21.832,-21.288,-17.376001,inter_set_rest,4,7.0,33681.0,178142.0,88787.0,188981.0,96802.0
2026-04-14 18:15:46.615802,849299,1609508040225022,5640194208,-1.389824,0.208864,0.173728,90.67625,16.2225,-55.0375,21.832,-21.288,-17.376001,inter_set_rest,4,7.0,33681.0,178142.0,88787.0,188981.0,96802.0
2026-04-14 18:15:46.622079,849300,1609508040239530,5640209121,-1.417152,0.191296,0.226432,89.67875,15.0675,-54.59125,21.2,-20.064001,-17.264,inter_set_rest,4,7.0,33681.0,178142.0,88787.0,188981.0,96802.0
2026-04-14 18:15:46.629555,849301,1609508040248454,5640218029,-1.417152,0.191296,0.226432,89.8975,11.68125,-52.29875,21.2,-20.064001,-17.264,inter_set_rest,4,7.0,33681.0,178142.0,88787.0,188981.0,96802.0
2026-04-14 18:15:46.642137,849302,1609508040263043,5640232955,-1.354688,0.218624,0.33184,90.97375,7.72625,-47.88,22.000002,-19.0,-18.04,inter_set_rest,4,7.0,33681.0,178142.0,88787.0,188981.0,96802.0
2026-04-14 18:15:46.673178,849303,1609508040272016,5640241796,-1.339072,0.279136,0.304512,91.875,5.06625,-43.32125,22.000002,-19.0,-19.816002,inter_set_rest,4,7.0,33681.0,178142.0,88787.0,188981.0,96802.0
2026-04-14 18:15:46.675738,849304,1609508040281007,5640250485,-1.333216,0.279136,0.304512,90.7025,2.7125,-38.4475,21.560001,-18.04,-19.816002,inter_set_rest,4,7.0,33681.0,178142.0,88787.0,188981.0,96802.0
2026-04-14 18:15:46.678296,849305,1609508040295526,5640265405,-1.095072,0.27328,0.368928,86.625,-0.735,-32.76875,22.944,-17.912,-20.424002,inter_set_rest,4,7.0,33681.0,178142.0,88787.0,188981.0,96802.0
2026-04-14 18:15:46.683345,849306,1609508040304594,5640274115,-1.095072,0.27328,0.368928,79.02125,-6.0375,-25.99625,22.944,-17.912,-20.424002,inter_set_rest,4,7.0,33681.0,178142.0,88787.0,188981.0,96802.0
2026-04-14 18:15:46.714632,849317,1609508040319199,5640289094,-0.899872,0.26352,0.353312,69.0375,-11.795,-17.61375,22.528002,-17.560001,-19.792002,inter_set_rest,4,7.0,34691.0,175107.0,90850.0,185669.0,99302.0
2026-04-14 18:15:46.717383,849318,1609508040328130,5640297787,-0.899872,0.26352,0.353312,58.14375,-17.272501,-9.073751,22.528002,-17.560001,-19.792002,inter_set_rest,4,7.0,34691.0,175107.0,90850.0,185669.0,99302.0
2026-04-14 18:15:46.719893,849319,1609508040337177,5640306517,-0.862784,0.281088,0.22448,46.8825,-21.0875,-0.35875,22.048,-16.784,-18.768002,inter_set_rest,4,7.0,34691.0,175107.0,90850.0,185669.0,99302.0
2026-04-14 18:15:46.732403,849320,1609508040351684,5640321433,-0.862784,0.281088,0.22448,37.14375,-22.855,6.2825,22.048,-16.784,-18.768002,inter_set_rest,4,7.0,34691.0,175107.0,90850.0,185669.0,99302.0
2026-04-14 18:15:46.740534,849321,1609508040360611,5640330166,-0.827648,0.294752,0.218624,27.72,-24.96375,10.386251,22.168001,-17.232,-19.832,inter_set_rest,4,7.0,34691.0,175107.0,90850.0,185669.0,99302.0
2026-04-14 18:15:46.754344,849322,1609508040375236,5640345137,-0.774944,0.284992,0.22448,18.69875,-27.5975,12.11875,22.6,-17.624,-20.368,inter_set_rest,4,7.0,34691.0,175107.0,90850.0,185669.0,99302.0
2026-04-14 18:15:46.763490,849323,1609508040384213,5640353845,-0.774944,0.284992,0.22448,9.45,-29.435,12.88,22.6,-17.624,-20.368,inter_set_rest,4,7.0,34691.0,175107.0,90850.0,185669.0,99302.0
2026-04-14 18:15:46.778685,849324,1609508040398712,5640368771,-0.808128,0.265472,0.089792,-0.28875,-30.765,12.075,23.000002,-17.632,-20.256,inter_set_rest,4,7.0,34691.0,175107.0,90850.0,185669.0,99302.0
2026-04-14 18:15:46.787098,849325,1609508040407655,5640377463,-0.808128,0.265472,0.089792,-9.58125,-31.473751,9.5025,23.000002,-17.632,-20.256,inter_set_rest,4,7.0,34691.0,175107.0,90850.0,185669.0,99302.0
2026-04-14 18:15:46.866035,849336,1609508040416751,5640386237,-0.862784,0.284992,0.324032,-17.80625,-32.38375,6.04625,23.152,-18.024,-20.096,inter_set_rest,4,7.0,40036.0,179377.0,100608.0,189707.0,110384.0
2026-04-14 18:15:46.868423,849337,1609508040431295,5640401181,-0.862784,0.284992,0.324032,-24.01875,-32.99625,1.86375,23.152,-18.024,-20.096,inter_set_rest,4,7.0,40036.0,179377.0,100608.0,189707.0,110384.0
2026-04-14 18:15:46.870593,849338,1609508040440212,5640409884,-0.944768,0.240096,0.261568,-27.92125,-33.215,-1.925,23.208,-17.624,-18.408,inter_set_rest,4,7.0,40036.0,179377.0,100608.0,189707.0,110384.0
2026-04-14 18:15:46.873535,849339,1609508040454663,5640424904,-1.089216,0.201056,0.093696,-29.75875,-33.775,-4.66375,22.848001,-17.76,-15.840001,inter_set_rest,4,7.0,40036.0,179377.0,100608.0,189707.0,110384.0
2026-04-14 18:15:46.876075,849340,1609508040463613,5640433593,-1.089216,0.201056,0.093696,-29.015,-34.3175,-8.04125,22.848001,-17.76,-15.840001,inter_set_rest,4,7.0,40036.0,179377.0,100608.0,189707.0,110384.0
2026-04-14 18:15:46.878077,849341,1609508040478210,5640448562,-1.139968,0.148352,0.0488,-26.31125,-35.18375,-10.07125,23.160002,-17.528002,-17.688002,inter_set_rest,4,7.0,40036.0,179377.0,100608.0,189707.0,110384.0
2026-04-14 18:15:46.880683,849342,1609508040487254,5640457310,-1.139968,0.148352,0.0488,-19.92375,-36.6975,-9.75625,23.160002,-17.528002,-17.688002,inter_set_rest,4,7.0,40036.0,179377.0,100608.0,189707.0,110384.0
2026-04-14 18:15:46.883208,849343,1609508040496298,5640465998,-1.155584,0.148352,0.177632,-11.2525,-37.835,-5.62625,23.12,-17.92,-17.552,inter_set_rest,4,7.0,40036.0,179377.0,100608.0,189707.0,110384.0
2026-04-14 18:15:46.923633,849354,1609508040510998,5640481339,-1.155584,0.148352,0.177632,-1.07625,-38.99,1.1025,23.12,-17.92,-17.552,inter_set_rest,4,7.0,34137.0,176962.0,90384.0,187936.0,98601.0
2026-04-14 18:15:46.926129,849355,1609508040520002,5640490177,-1.245376,0.158112,0.025376,9.09125,-40.36375,10.167501,24.376001,-18.264,-17.304,inter_set_rest,4,7.0,34137.0,176962.0,90384.0,187936.0,98601.0
2026-04-14 18:15:46.930152,849356,1609508040534537,5640503178,-1.157536,0.119072,-0.080032,17.815,-41.67625,20.8775,22.800001,-17.968,-16.28,inter_set_rest,4,7.0,34137.0,176962.0,90384.0,187936.0,98601.0
2026-04-14 18:15:46.930482,849357,1609508040543753,5640513959,-1.157536,0.119072,-0.080032,24.272501,-42.14,32.9875,22.800001,-17.968,-16.28,inter_set_rest,4,7.0,34137.0,176962.0,90384.0,187936.0,98601.0
2026-04-14 18:15:46.943502,849358,1609508040552724,5640522646,-1.157536,0.119072,-0.080032,28.49875,-41.08125,45.57875,22.800001,-17.968,-16.28,inter_set_rest,4,7.0,34137.0,176962.0,90384.0,187936.0,98601.0
2026-04-14 18:15:46.949397,849359,1609508040567234,5640537563,-1.085312,0.12688,-0.076128,31.24625,-37.91375,57.8025,22.152,-18.208,-17.128,inter_set_rest,4,7.0,34137.0,176962.0,90384.0,187936.0,98601.0
2026-04-14 18:15:46.955692,849360,1609508040576302,5640546258,-1.0736,0.167872,-0.042944,31.63125,-33.67875,69.62375,21.784,-19.160002,-17.264,inter_set_rest,4,7.0,34137.0,176962.0,90384.0,187936.0,98601.0
2026-04-14 18:15:46.968509,849361,1609508040590802,5640559238,-1.0736,0.167872,-0.042944,29.303751,-27.772501,79.68625,21.784,-19.160002,-17.264,inter_set_rest,4,7.0,34137.0,176962.0,90384.0,187936.0,98601.0
2026-04-14 18:15:46.979822,849362,1609508040600126,5640570051,-1.011136,0.187392,0.128832,23.275,-21.3675,87.15875,22.152,-20.504002,-18.12,inter_set_rest,4,7.0,34137.0,176962.0,90384.0,187936.0,98601.0
2026-04-14 18:15:46.989360,849363,1609508040609068,5640578744,-1.011136,0.187392,0.128832,14.13125,-15.96875,92.12,22.152,-20.504002,-18.12,inter_set_rest,4,7.0,34137.0,176962.0,90384.0,187936.0,98601.0
2026-04-14 18:15:47.023642,849374,1609508040623840,5640593877,-1.120448,0.210816,-0.064416,2.7825,-11.445,94.8325,21.624,-21.336,-17.240002,inter_set_rest,4,7.0,35221.0,178006.0,92229.0,188976.0,100840.0
2026-04-14 18:15:47.024296,849375,1609508040632788,5640602618,-1.120448,0.210816,-0.064416,-10.17625,-7.245,95.78625,21.624,-21.336,-17.240002,inter_set_rest,4,7.0,35221.0,178006.0,92229.0,188976.0,100840.0
2026-04-14 18:15:47.027534,849376,1609508040647483,5640617555,-1.085312,0.21472,-0.0976,-24.15,-3.38625,94.4825,20.712002,-21.472,-17.880001,inter_set_rest,4,7.0,35221.0,178006.0,92229.0,188976.0,100840.0
2026-04-14 18:15:47.036045,849377,1609508040656990,5640626257,-0.933056,0.201056,0.10736,-38.535,0.1925,91.76125,19.080002,-22.712002,-16.480001,inter_set_rest,4,7.0,35221.0,178006.0,92229.0,188976.0,100840.0
2026-04-14 18:15:47.047218,849378,1609508040665948,5640634932,-0.933056,0.201056,0.10736,-52.40375,4.4275,86.9575,19.080002,-22.712002,-16.480001,inter_set_rest,4,7.0,35221.0,178006.0,92229.0,188976.0,100840.0
2026-04-14 18:15:47.058588,849379,1609508040680438,5640649879,-0.976,0.191296,0.01952,-64.995,9.7125,80.8325,18.304,-23.784,-16.016,inter_set_rest,4,7.0,35221.0,178006.0,92229.0,188976.0,100840.0
2026-04-14 18:15:47.069990,849380,1609508040689359,5640658609,-0.976,0.191296,0.01952,-75.285,15.3125,74.82125,18.304,-23.784,-16.016,inter_set_rest,4,7.0,35221.0,178006.0,92229.0,188976.0,100840.0
2026-04-14 18:15:47.083386,849381,1609508040703880,5640673499,-0.901824,0.13664,0.015616,-83.51,21.42,69.1425,18.256,-24.720001,-16.28,inter_set_rest,4,7.0,35221.0,178006.0,92229.0,188976.0,100840.0
2026-04-14 18:15:47.113618,849392,1609508040713204,5640682616,-0.901824,0.13664,0.015616,-89.11,27.79,63.69125,18.256,-24.720001,-16.28,inter_set_rest,4,7.0,36654.0,182167.0,94684.0,192597.0,103691.0
2026-04-14 18:15:47.118164,849393,1609508040722217,5640691348,-0.8784,0.115168,-0.037088,-94.2375,34.74625,58.6775,17.592001,-25.544,-15.928,inter_set_rest,4,7.0,36654.0,182167.0,94684.0,192597.0,103691.0
2026-04-14 18:15:47.120642,849394,1609508040736876,5640706339,-0.93696,0.138592,-0.033184,-97.99125,42.0525,54.075,17.152,-26.584002,-15.608001,inter_set_rest,4,7.0,36654.0,182167.0,94684.0,192597.0,103691.0
2026-04-14 18:15:47.125810,849395,1609508040745969,5640715052,-0.93696,0.138592,-0.033184,-101.35125,49.14875,49.09625,17.152,-26.584002,-15.608001,inter_set_rest,4,7.0,36654.0,182167.0,94684.0,192597.0,103691.0
2026-04-14 18:15:47.139855,849396,1609508040760473,5640729990,-0.979904,0.162016,0.001952,-105.0875,56.53375,43.7675,15.672001,-27.352001,-14.936001,inter_set_rest,4,7.0,36654.0,182167.0,94684.0,192597.0,103691.0
2026-04-14 18:15:47.148063,849397,1609508040769433,5640738705,-0.979904,0.162016,0.001952,-109.26125,63.37625,38.955,15.672001,-27.352001,-14.936001,inter_set_rest,4,7.0,36654.0,182167.0,94684.0,192597.0,103691.0
2026-04-14 18:15:47.163557,849398,1609508040783912,5640753683,-0.892064,0.148352,0.140544,-114.8875,69.9825,34.06375,15.752001,-28.000002,-14.624001,inter_set_rest,4,7.0,36654.0,182167.0,94684.0,192597.0,103691.0
2026-04-14 18:15:47.172131,849399,1609508040792889,5640762362,-0.892064,0.148352,0.140544,-122.36875,75.39,29.14625,15.752001,-28.000002,-14.624001,inter_set_rest,4,7.0,36654.0,182167.0,94684.0,192597.0,103691.0
2026-04-14 18:15:47.203524,849400,1609508040801824,5640771054,-0.911584,0.163968,0.18544,-130.40125,80.29875,24.395,15.280001,-28.472002,-13.232,inter_set_rest,4,7.0,36654.0,182167.0,94684.0,192597.0,103691.0
2026-04-14 18:15:47.281141,849411,1609508040816571,5640786160,-0.938912,0.183488,0.203008,-140.28,84.74375,19.3725,15.144001,-28.968002,-13.112,inter_set_rest,4,7.0,36324.0,180124.0,94125.0,190614.0,103073.0
2026-04-14 18:15:47.283664,849412,1609508040825550,5640794932,-0.938912,0.183488,0.203008,-149.82625,87.815,14.77875,15.144001,-28.968002,-13.112,inter_set_rest,4,7.0,36324.0,180124.0,94125.0,190614.0,103073.0
2026-04-14 18:15:47.286052,849413,1609508040840095,5640809822,-1.030656,0.191296,0.027328,-159.66125,90.18625,10.99875,13.68,-29.616001,-10.64,inter_set_rest,4,7.0,36324.0,180124.0,94125.0,190614.0,103073.0
2026-04-14 18:15:47.312936,849414,1609508040849014,5640818510,-1.030656,0.191296,0.027328,-170.7125,91.945,7.35875,13.68,-29.616001,-10.64,inter_set_rest,4,7.0,36324.0,180124.0,94125.0,190614.0,103073.0
2026-04-14 18:15:47.315960,849415,1609508040857909,5640827213,-0.974048,0.142496,0.066368,-181.55376,92.715004,3.59625,13.56,-29.912,-8.848001,inter_set_rest,4,7.0,36324.0,180124.0,94125.0,190614.0,103073.0
2026-04-14 18:15:47.318153,849416,1609508040872379,5640842256,-0.974048,0.142496,0.066368,-191.275,93.7825,-0.2275,13.56,-29.912,-8.848001,inter_set_rest,4,7.0,36324.0,180124.0,94125.0,190614.0,103073.0
2026-04-14 18:15:47.320784,849417,1609508040881280,5640850969,-1.022848,0.163968,0.251808,-198.73875,92.86375,-3.56125,13.456,-30.528002,-7.304,inter_set_rest,4,7.0,36324.0,180124.0,94125.0,190614.0,103073.0
2026-04-14 18:15:47.323479,849418,1609508040895784,5640865874,-1.022848,0.163968,0.021472,-204.09375,90.86,-7.1575,13.456,-30.528002,-7.304,inter_set_rest,4,7.0,36324.0,180124.0,94125.0,190614.0,103073.0
2026-04-14 18:15:47.325982,849419,1609508040904787,5640874636,-1.106784,0.134688,0.021472,-207.515,88.996254,-11.1825,13.552001,-30.592001,-5.264,inter_set_rest,4,7.0,36324.0,180124.0,94125.0,190614.0,103073.0
2026-04-14 18:15:47.356070,849430,1609508040919435,5640887796,-1.186816,0.148352,0.064416,-210.77,86.45875,-15.1375,13.408001,-30.168001,-2.808,inter_set_rest,4,7.0,34989.0,177381.0,91656.0,187983.0,100286.0
2026-04-14 18:15:47.358587,849431,1609508040928747,5640898573,-1.186816,0.148352,0.064416,-212.51125,82.38125,-19.075,13.408001,-30.168001,-2.808,inter_set_rest,4,7.0,34989.0,177381.0,91656.0,187983.0,100286.0
2026-04-14 18:15:47.361091,849432,1609508040937687,5640907274,-1.25904,0.113216,0.134688,-212.82625,76.76375,-23.0125,13.52,-30.192001,-3.864,inter_set_rest,4,7.0,34989.0,177381.0,91656.0,187983.0,100286.0
2026-04-14 18:15:47.363593,849433,1609508040952254,5640922225,-1.25904,0.113216,0.134688,-210.79625,70.30625,-25.45375,13.52,-30.192001,-3.864,inter_set_rest,4,7.0,34989.0,177381.0,91656.0,187983.0,100286.0
2026-04-14 18:15:47.365676,849434,1609508040961187,5640930912,-1.25904,0.054656,0.279136,-204.855,61.38125,-26.241251,13.792001,-30.336002,-0.328,inter_set_rest,4,7.0,34989.0,177381.0,91656.0,187983.0,100286.0
2026-04-14 18:15:47.368088,849435,1609508040975730,5640945864,-1.25904,0.054656,0.279136,-190.95125,51.1175,-25.13,13.792001,-30.336002,-0.328,inter_set_rest,4,7.0,34989.0,177381.0,91656.0,187983.0,100286.0
2026-04-14 18:15:47.370605,849436,1609508040984801,5640954580,-1.311744,0.109312,0.22448,-170.30125,40.9325,-23.905,14.968,-29.576002,-0.592,inter_set_rest,4,7.0,34989.0,177381.0,91656.0,187983.0,100286.0
2026-04-14 18:15:47.373285,849437,1609508040993764,5640963314,-1.311744,0.109312,0.22448,-149.6425,32.78625,-23.7825,14.968,-29.576002,-0.592,inter_set_rest,4,7.0,34989.0,177381.0,91656.0,187983.0,100286.0
2026-04-14 18:15:47.389895,849438,1609508041008284,5640978212,-1.206336,0.218624,0.349408,-136.66624,25.94375,-25.0775,15.256001,-29.44,2.184,inter_set_rest,4,7.0,34989.0,177381.0,91656.0,187983.0,100286.0
2026-04-14 18:15:47.422554,849449,1609508041017355,5640986939,-1.309792,0.245952,0.05856,-134.93375,19.5825,-26.495,16.312,-28.848001,4.624,inter_set_rest,4,7.0,34383.0,176975.0,90550.0,187549.0,98961.0
2026-04-14 18:15:47.425873,849450,1609508041031933,5641001888,-1.309792,0.245952,0.05856,-142.59,12.69625,-27.9475,16.312,-28.848001,4.624,inter_set_rest,4,7.0,34383.0,176975.0,90550.0,187549.0,98961.0
2026-04-14 18:15:47.435724,849451,1609508041040857,5641010592,-1.28832,0.173728,0.011712,-154.105,3.815,-28.805,16.088001,-28.176,5.520001,inter_set_rest,4,7.0,34383.0,176975.0,90550.0,187549.0,98961.0
2026-04-14 18:15:47.435801,849452,1609508041055384,5641025538,-1.28832,0.173728,0.011712,-164.2375,-4.6025,-28.2275,16.088001,-28.176,5.520001,inter_set_rest,4,7.0,34383.0,176975.0,90550.0,187549.0,98961.0
2026-04-14 18:15:47.445969,849453,1609508041064402,5641034215,-1.29808,0.150304,0.02928,-166.85374,-12.87125,-26.48625,17.08,-27.592001,5.208,inter_set_rest,4,7.0,34383.0,176975.0,90550.0,187549.0,98961.0
2026-04-14 18:15:47.452284,849454,1609508041073348,5641042961,-1.29808,0.150304,0.02928,-162.295,-20.76375,-23.765,17.08,-27.592001,5.208,inter_set_rest,4,7.0,34383.0,176975.0,90550.0,187549.0,98961.0
2026-04-14 18:15:47.468641,849455,1609508041087838,5641057866,-1.243424,0.124928,-0.037088,-151.9875,-27.973751,-20.44,17.04,-27.424002,7.592001,inter_set_rest,4,7.0,34383.0,176975.0,90550.0,187549.0,98961.0
2026-04-14 18:15:47.475746,849456,1609508041096771,5641066556,-1.243424,0.124928,-0.037088,-139.11626,-34.43125,-15.46125,17.04,-27.424002,7.592001,inter_set_rest,4,7.0,34383.0,176975.0,90550.0,187549.0,98961.0
2026-04-14 18:15:47.493507,849457,1609508041111258,5641081434,-1.18096,0.083936,-0.07808,-126.84875,-39.66375,-11.165,16.768002,-26.672,6.872,inter_set_rest,4,7.0,34383.0,176975.0,90550.0,187549.0,98961.0
2026-04-14 18:15:47.518581,849468,1609508041120247,5641090269,-1.202432,0.066368,-0.085888,-114.16125,-45.325,-7.56875,16.408,-26.352001,10.104,inter_set_rest,4,7.0,34833.0,176576.0,91402.0,187475.0,99918.0
2026-04-14 18:15:47.520658,849469,1609508041134827,5641103200,-1.202432,0.066368,-0.085888,-98.74375,-50.11125,-1.72375,16.408,-26.352001,10.104,inter_set_rest,4,7.0,34833.0,176576.0,91402.0,187475.0,99918.0
2026-04-14 18:15:47.523618,849470,1609508041144029,5641113958,-1.118496,0.085888,0.138592,-81.64625,-54.87125,4.585,15.856001,-26.192001,11.176001,inter_set_rest,4,7.0,34833.0,176576.0,91402.0,187475.0,99918.0
2026-04-14 18:15:47.530838,849471,1609508041153001,5641122693,-1.118496,0.085888,0.138592,-64.54,-59.31625,9.86125,15.856001,-26.192001,11.176001,inter_set_rest,4,7.0,34833.0,176576.0,91402.0,187475.0,99918.0
2026-04-14 18:15:47.573115,849472,1609508041167499,5641137662,-1.214144,0.134688,-0.03904,-47.985,-63.39375,14.00875,15.488001,-26.256,11.648001,inter_set_rest,4,7.0,34833.0,176576.0,91402.0,187475.0,99918.0
2026-04-14 18:15:47.575624,849473,1609508041176434,5641146350,-1.214144,0.134688,-0.03904,-34.01125,-66.6925,17.22,15.488001,-26.256,11.648001,inter_set_rest,4,7.0,34833.0,176576.0,91402.0,187475.0,99918.0
2026-04-14 18:15:47.578173,849474,1609508041191066,5641161330,-1.091168,0.138592,0.099552,-22.63625,-68.11,19.95,14.656001,-26.736002,11.576,inter_set_rest,4,7.0,34833.0,176576.0,91402.0,187475.0,99918.0
2026-04-14 18:15:47.603378,849475,1609508041199993,5641170079,-1.052128,0.148352,0.095648,-12.64375,-68.69625,22.4,13.456,-26.6,13.472001,inter_set_rest,4,7.0,34833.0,176576.0,91402.0,187475.0,99918.0
2026-04-14 18:15:47.605964,849476,1609508041208979,5641178826,-1.052128,0.148352,0.095648,-3.5525,-68.24125,25.366251,13.456,-26.6,13.472001,inter_set_rest,4,7.0,34833.0,176576.0,91402.0,187475.0,99918.0
2026-04-14 18:15:47.636156,849487,1609508041223815,5641193877,-1.128256,0.183488,-0.121024,5.145,-66.29875,26.83625,11.952001,-27.12,13.168,inter_set_rest,4,7.0,34850.0,178182.0,91436.0,189194.0,100016.0
2026-04-14 18:15:47.638669,849488,1609508041232788,5641202592,-1.128256,0.183488,-0.121024,12.11,-63.30625,28.0,11.952001,-27.12,13.168,inter_set_rest,4,7.0,34850.0,178182.0,91436.0,189194.0,100016.0
2026-04-14 18:15:47.640617,849489,1609508041247360,5641217561,-1.100928,0.220576,-0.089792,17.61375,-59.82375,28.735,11.056001,-27.752,13.512001,inter_set_rest,4,7.0,34850.0,178182.0,91436.0,189194.0,100016.0
2026-04-14 18:15:47.643636,849490,1609508041256309,5641226290,-1.100928,0.220576,-0.089792,21.02625,-55.79875,28.2975,11.056001,-27.752,13.512001,inter_set_rest,4,7.0,34850.0,178182.0,91436.0,189194.0,100016.0
2026-04-14 18:15:47.651133,849491,1609508041270895,5641241200,-0.999424,0.206912,-0.142496,21.42,-50.9425,27.95625,10.616,-27.784,13.368001,inter_set_rest,4,7.0,34850.0,178182.0,91436.0,189194.0,100016.0
2026-04-14 18:15:47.659893,849492,1609508041279880,5641249915,-0.93696,0.23424,-0.046848,20.405,-45.955,27.3525,9.92,-28.264002,15.032001,inter_set_rest,4,7.0,34850.0,178182.0,91436.0,189194.0,100016.0
2026-04-14 18:15:47.667340,849493,1609508041288944,5641258681,-0.93696,0.23424,-0.046848,16.94875,-40.4425,26.1975,9.92,-28.264002,15.032001,inter_set_rest,4,7.0,34850.0,178182.0,91436.0,189194.0,100016.0
2026-04-14 18:15:47.684114,849494,1609508041303429,5641273654,-0.892064,0.242048,0.00976,11.69,-35.13125,24.6925,10.528001,-28.808,12.280001,inter_set_rest,4,7.0,34850.0,178182.0,91436.0,189194.0,100016.0
2026-04-14 18:15:47.691923,849495,1609508041312318,5641282366,-0.892064,0.242048,0.00976,5.41625,-29.5925,23.19625,10.528001,-28.808,12.280001,inter_set_rest,4,7.0,34850.0,178182.0,91436.0,189194.0,100016.0
2026-04-14 18:15:47.719854,849506,1609508041327011,5641297321,-1.01504,0.265472,-0.228384,-1.6975,-23.82625,20.60625,9.352,-28.096,12.392,inter_set_rest,4,7.0,36503.0,183245.0,94301.0,193606.0,103335.0
2026-04-14 18:15:47.722276,849507,1609508041336199,5641306065,-1.01504,0.265472,-0.228384,-9.5725,-18.147501,17.465,9.352,-28.096,12.392,inter_set_rest,4,7.0,36503.0,183245.0,94301.0,193606.0,103335.0
2026-04-14 18:15:47.724784,849508,1609508041345206,5641314798,-0.993568,0.306464,-0.062464,-18.0775,-13.51,13.9125,9.616,-29.304,12.696001,inter_set_rest,4,7.0,36503.0,183245.0,94301.0,193606.0,103335.0
2026-04-14 18:15:47.741120,849509,1609508041359745,5641329692,-1.030656,0.31232,-0.199104,-27.83375,-8.785,10.64,9.576,-28.648,12.496,inter_set_rest,4,7.0,36503.0,183245.0,94301.0,193606.0,103335.0
2026-04-14 18:15:47.753484,849510,1609508041368676,5641338377,-1.030656,0.31232,-0.199104,-38.50875,-4.62875,7.27125,9.576,-28.648,12.496,inter_set_rest,4,7.0,36503.0,183245.0,94301.0,193606.0,103335.0
2026-04-14 18:15:47.762380,849511,1609508041383265,5641353300,-0.954528,0.286944,-0.10736,-50.4525,-0.1225,3.0275,9.264001,-28.024002,14.64,inter_set_rest,4,7.0,36503.0,183245.0,94301.0,193606.0,103335.0
2026-04-14 18:15:47.771652,849512,1609508041392211,5641362141,-0.954528,0.286944,-0.10736,-61.95,3.64,-0.6825,9.264001,-28.024002,14.64,inter_set_rest,4,7.0,36503.0,183245.0,94301.0,193606.0,103335.0
2026-04-14 18:15:47.781897,849513,1609508041401277,5641370846,-1.067744,0.324032,-0.169824,-73.71875,6.58,-4.05125,8.664001,-27.176,15.352001,inter_set_rest,4,7.0,36503.0,183245.0,94301.0,193606.0,103335.0
2026-04-14 18:15:47.818661,849524,1609508041415928,5641386321,-1.067744,0.324032,-0.169824,-84.79625,9.42375,-6.755,8.664001,-27.176,15.352001,inter_set_rest,4,7.0,36847.0,184695.0,94843.0,194630.0,104008.0
2026-04-14 18:15:47.820633,849525,1609508041424986,5641395132,-0.968192,0.290848,-0.072224,-95.01625,12.075,-8.05,9.184,-26.272001,16.048,inter_set_rest,4,7.0,36847.0,184695.0,94843.0,194630.0,104008.0
2026-04-14 18:15:47.823622,849526,1609508041439713,5641410088,-1.030656,0.316224,-0.033184,-103.915,14.34125,-8.645,9.184,-26.272001,16.184,inter_set_rest,4,7.0,36847.0,184695.0,94843.0,194630.0,104008.0
2026-04-14 18:15:47.828628,849527,1609508041448798,5641418841,-1.0248,0.316224,-0.033184,-110.95,16.42375,-8.925,9.496,-26.112001,16.184,inter_set_rest,4,7.0,36847.0,184695.0,94843.0,194630.0,104008.0
2026-04-14 18:15:47.841169,849528,1609508041463320,5641431688,-1.108736,0.30256,-0.222528,-117.06625,18.0425,-9.31,10.688001,-25.192001,17.44,inter_set_rest,4,7.0,36847.0,184695.0,94843.0,194630.0,104008.0
2026-04-14 18:15:47.851973,849529,1609508041472501,5641442473,-1.108736,0.30256,-0.222528,-121.9925,19.73125,-8.32125,10.688001,-25.192001,17.44,inter_set_rest,4,7.0,36847.0,184695.0,94843.0,194630.0,104008.0
2026-04-14 18:15:47.861135,849530,1609508041481607,5641451195,-1.038464,0.271328,-0.085888,-125.825,21.25375,-6.92125,9.968,-23.488,19.584002,inter_set_rest,4,7.0,36847.0,184695.0,94843.0,194630.0,104008.0
2026-04-14 18:15:47.875816,849531,1609508041496142,5641466105,-1.038464,0.271328,-0.085888,-128.1,22.63625,-4.89125,9.968,-23.488,19.584002,inter_set_rest,4,7.0,36847.0,184695.0,94843.0,194630.0,104008.0
2026-04-14 18:15:47.883209,849532,1609508041505101,5641474890,-1.085312,0.257664,-0.134688,-129.2725,24.22875,-2.51125,10.368,-22.496,20.0,inter_set_rest,4,7.0,36847.0,184695.0,94843.0,194630.0,104008.0
2026-04-14 18:15:47.985562,849543,1609508041520122,5641489880,-1.085312,0.306464,-0.091744,-128.485,25.27,0.32375,10.368,-22.496,22.368002,inter_set_rest,4,7.0,36051.0,180884.0,93421.0,191332.0,102471.0
2026-04-14 18:15:47.999500,849544,1609508041529141,5641498711,-1.223904,0.306464,-0.091744,-126.41125,26.04875,3.675,11.104,-21.704,22.368002,inter_set_rest,4,7.0,36051.0,180884.0,93421.0,191332.0,102471.0
2026-04-14 18:15:48.001776,849545,1609508041538174,5641507422,-1.223904,0.306464,-0.091744,-124.29375,26.4075,6.93875,11.104,-21.704,22.368002,inter_set_rest,4,7.0,36051.0,180884.0,93421.0,191332.0,102471.0
2026-04-14 18:15:48.003246,849546,1609508041552699,5641522313,-1.282464,0.277184,-0.216672,-121.31875,26.5475,10.78,11.208,-20.584002,19.880001,inter_set_rest,4,7.0,36051.0,180884.0,93421.0,191332.0,102471.0
2026-04-14 18:15:48.005788,849547,1609508041561600,5641530991,-1.329312,0.286944,-0.109312,-117.39875,26.6175,14.542501,11.280001,-19.872002,22.368002,inter_set_rest,4,7.0,36051.0,180884.0,93421.0,191332.0,102471.0
2026-04-14 18:15:48.008293,849548,1609508041576122,5641545928,-1.329312,0.286944,-0.109312,-112.8925,25.9175,19.71375,11.280001,-19.872002,22.368002,inter_set_rest,4,7.0,36051.0,180884.0,93421.0,191332.0,102471.0
2026-04-14 18:15:48.010799,849549,1609508041585060,5641554622,-1.344928,0.23424,-0.240096,-108.40375,24.91125,26.005,11.296001,-18.696001,22.448002,inter_set_rest,4,7.0,36051.0,180884.0,93421.0,191332.0,102471.0
2026-04-14 18:15:48.013347,849550,1609508041594012,5641563308,-1.344928,0.23424,-0.240096,-102.90875,24.08,32.76875,11.296001,-18.696001,22.448002,inter_set_rest,4,7.0,36051.0,180884.0,93421.0,191332.0,102471.0
2026-04-14 18:15:48.015812,849551,1609508041608523,5641578293,-1.303936,0.236192,-0.005856,-96.355,23.03875,41.48375,10.576,-18.480001,23.52,inter_set_rest,4,7.0,36051.0,180884.0,93421.0,191332.0,102471.0
2026-04-14 18:15:48.043351,849562,1609508041618042,5641587409,-1.303936,0.236192,-0.005856,-89.3725,21.60375,50.513752,10.576,-18.480001,23.52,inter_set_rest,4,7.0,35301.0,178927.0,92074.0,189754.0,100919.0
2026-04-14 18:15:48.045814,849563,1609508041632781,5641602355,-1.305888,0.177632,-0.20496,-81.8825,20.29125,59.6925,9.536,-17.488,23.864,inter_set_rest,4,7.0,35301.0,178927.0,92074.0,189754.0,100919.0
2026-04-14 18:15:48.048354,849564,1609508041641777,5641611101,-1.18096,0.130784,-0.095648,-74.1125,19.7225,70.0525,9.336,-17.032001,23.672,inter_set_rest,4,7.0,35301.0,178927.0,92074.0,189754.0,100919.0
2026-04-14 18:15:48.053626,849565,1609508041650783,5641619862,-1.18096,0.130784,-0.095648,-66.14125,20.6325,80.902504,9.336,-17.032001,23.672,inter_set_rest,4,7.0,35301.0,178927.0,92074.0,189754.0,100919.0
2026-04-14 18:15:48.053909,849566,1609508041665289,5641634812,-1.214144,0.134688,-0.089792,-58.353752,22.9775,91.0,8.584001,-17.088001,24.496,inter_set_rest,4,7.0,35301.0,178927.0,92074.0,189754.0,100919.0
2026-04-14 18:15:48.055515,849567,1609508041674230,5641643537,-1.214144,0.134688,-0.089792,-51.51125,25.9525,99.89,8.584001,-17.088001,24.496,inter_set_rest,4,7.0,35301.0,178927.0,92074.0,189754.0,100919.0
2026-04-14 18:15:48.070480,849568,1609508041688737,5641658472,-1.245376,0.173728,0.064416,-47.73125,29.295,106.65375,8.280001,-17.112001,25.464,inter_set_rest,4,7.0,35301.0,178927.0,92074.0,189754.0,100919.0
2026-04-14 18:15:48.075662,849569,1609508041697687,5641667212,-1.245376,0.173728,0.064416,-47.08375,32.55875,111.39625,8.280001,-17.112001,25.464,inter_set_rest,4,7.0,35301.0,178927.0,92074.0,189754.0,100919.0
2026-04-14 18:15:48.092323,849570,1609508041712185,5641682107,-1.315648,0.167872,-0.15616,-48.23875,34.9125,114.905,7.872,-17.160002,25.024002,inter_set_rest,4,7.0,35301.0,178927.0,92074.0,189754.0,100919.0
2026-04-14 18:15:48.119927,849581,1609508041721262,5641690901,-1.315648,0.162016,0.040992,-51.03,37.065,116.47125,7.872,-17.160002,25.024002,inter_set_rest,4,7.0,35964.0,181272.0,93260.0,192086.0,102193.0
2026-04-14 18:15:48.122388,849582,1609508041730256,5641699662,-1.21024,0.162016,0.040992,-54.62625,38.815,117.285,7.672,-17.472,24.800001,inter_set_rest,4,7.0,35964.0,181272.0,93260.0,192086.0,102193.0
2026-04-14 18:15:48.124875,849583,1609508041744865,5641714582,-1.208288,0.173728,0.064416,-59.5525,39.26125,117.48625,7.456,-17.12,24.312,inter_set_rest,4,7.0,35964.0,181272.0,93260.0,192086.0,102193.0
2026-04-14 18:15:48.133498,849584,1609508041753948,5641723331,-1.208288,0.173728,0.064416,-65.28375,38.92875,117.01375,7.456,-17.12,24.312,inter_set_rest,4,7.0,35964.0,181272.0,93260.0,192086.0,102193.0
2026-04-14 18:15:48.148332,849585,1609508041768442,5641738302,-1.218048,0.183488,0.066368,-72.44125,37.91375,115.6925,6.184001,-15.896001,24.896002,inter_set_rest,4,7.0,35964.0,181272.0,93260.0,192086.0,102193.0
2026-04-14 18:15:48.155568,849586,1609508041777456,5641747021,-1.218048,0.183488,0.066368,-79.84375,35.60375,113.67125,6.184001,-15.896001,24.896002,inter_set_rest,4,7.0,35964.0,181272.0,93260.0,192086.0,102193.0
2026-04-14 18:15:48.168088,849587,1609508041786409,5641755758,-1.202432,0.171776,0.046848,-86.765,33.20625,111.457504,6.8,-15.824,25.672,inter_set_rest,4,7.0,35964.0,181272.0,93260.0,192086.0,102193.0
2026-04-14 18:15:48.180717,849588,1609508041800975,5641770678,-1.202432,0.171776,0.046848,-92.98625,30.6775,109.03375,6.8,-15.824,25.672,inter_set_rest,4,7.0,35964.0,181272.0,93260.0,192086.0,102193.0
2026-04-14 18:15:48.188211,849589,1609508041810204,5641779391,-1.087264,0.11712,0.042944,-98.402504,27.9125,105.48125,5.984,-14.272,27.456001,inter_set_rest,4,7.0,35964.0,181272.0,93260.0,192086.0,102193.0
2026-04-14 18:15:48.220774,849600,1609508041824791,5641794700,-1.06384,0.083936,-0.085888,-103.075,25.165,101.885,5.408001,-13.312,26.424002,inter_set_rest,4,7.0,35937.0,180883.0,93237.0,191697.0,102175.0
2026-04-14 18:15:48.223159,849601,1609508041833775,5641803466,-1.06384,0.083936,-0.085888,-107.03,23.51125,96.985,5.408001,-13.312,26.424002,inter_set_rest,4,7.0,35937.0,180883.0,93237.0,191697.0,102175.0
2026-04-14 18:15:48.225837,849602,1609508041842738,5641812175,-1.071648,0.08784,-0.122976,-110.3025,22.37375,91.37625,5.848,-12.192,26.472002,inter_set_rest,4,7.0,35937.0,180883.0,93237.0,191697.0,102175.0
2026-04-14 18:15:48.235864,849603,1609508041857315,5641827193,-1.071648,0.08784,-0.122976,-112.48125,21.63875,84.7525,5.848,-12.192,26.472002,inter_set_rest,4,7.0,35937.0,180883.0,93237.0,191697.0,102175.0
2026-04-14 18:15:48.247129,849604,1609508041866254,5641835888,-1.01504,0.121024,0.11712,-114.065,21.79625,77.385,6.296001,-11.224001,27.064001,inter_set_rest,4,7.0,35937.0,180883.0,93237.0,191697.0,102175.0
2026-04-14 18:15:48.261266,849605,1609508041880771,5641850777,-1.01504,0.121024,0.11712,-114.61625,22.54,69.64125,6.296001,-11.224001,27.064001,inter_set_rest,4,7.0,35937.0,180883.0,93237.0,191697.0,102175.0
2026-04-14 18:15:48.267980,849606,1609508041889721,5641859481,-0.981856,0.07808,-0.085888,-114.835,23.66875,61.4075,6.456,-9.6,28.216002,inter_set_rest,4,7.0,35937.0,180883.0,93237.0,191697.0,102175.0
2026-04-14 18:15:48.315841,849607,1609508041904187,5641874415,-0.981856,0.095648,-0.040992,-114.345,25.59375,52.745,5.72,-8.088,27.536001,inter_set_rest,4,7.0,35937.0,180883.0,93237.0,191697.0,102175.0
2026-04-14 18:15:48.318326,849608,1609508041913109,5641883119,-0.981856,0.095648,-0.040992,-112.988754,28.428751,43.49625,5.72,-8.088,27.536001,inter_set_rest,4,7.0,35937.0,180883.0,93237.0,191697.0,102175.0
2026-04-14 18:15:48.359336,849619,1609508041922336,5641891864,-0.981856,0.095648,0.130784,-111.01125,31.08,34.29125,5.72,-8.088,27.536001,inter_set_rest,4,7.0,36335.0,181872.0,93912.0,192596.0,103031.0
2026-04-14 18:15:48.361661,849620,1609508041936840,5641906819,-0.938912,0.109312,0.130784,-108.43875,33.495,24.5175,7.296001,-6.888001,26.952002,inter_set_rest,4,7.0,36335.0,181872.0,93912.0,192596.0,103031.0
2026-04-14 18:15:48.363799,849621,1609508041945783,5641915576,-0.8784,0.103456,0.22448,-105.91875,36.00625,15.39125,7.984,-5.408001,28.36,inter_set_rest,4,7.0,36335.0,181872.0,93912.0,192596.0,103031.0
2026-04-14 18:15:48.366927,849622,1609508041960370,5641930461,-0.8784,0.103456,0.22448,-102.76875,38.03625,6.57125,7.984,-5.408001,28.36,inter_set_rest,4,7.0,36335.0,181872.0,93912.0,192596.0,103031.0
2026-04-14 18:15:48.368925,849623,1609508041969415,5641939215,-0.837408,0.074176,0.20496,-100.6775,40.38125,-2.21375,8.624001,-4.232,28.12,inter_set_rest,4,7.0,36335.0,181872.0,93912.0,192596.0,103031.0
2026-04-14 18:15:48.371802,849624,1609508041978531,5641948077,-0.837408,0.074176,0.20496,-98.183754,42.7525,-10.92,8.624001,-4.232,28.12,inter_set_rest,4,7.0,36335.0,181872.0,93912.0,192596.0,103031.0
2026-04-14 18:15:48.374107,849625,1609508041993175,5641962971,-0.952576,0.091744,0.105408,-94.98125,44.63375,-19.95,9.496,-2.76,29.320002,inter_set_rest,4,7.0,36335.0,181872.0,93912.0,192596.0,103031.0
2026-04-14 18:15:48.383550,849626,1609508042002150,5641971737,-0.952576,0.091744,0.105408,-92.435,46.13,-28.49875,9.496,-2.76,29.320002,inter_set_rest,4,7.0,36335.0,181872.0,93912.0,192596.0,103031.0
2026-04-14 18:15:48.397116,849627,1609508042016652,5641986663,-0.938912,0.101504,0.245952,-90.32625,46.48875,-36.75,9.416,-0.816,28.408,inter_set_rest,4,7.0,36335.0,181872.0,93912.0,192596.0,103031.0
2026-04-14 18:15:48.424886,849638,1609508042025606,5641995389,-1.032608,0.124928,0.23424,-88.121254,46.2875,-45.14125,11.016001,-0.296,28.216002,inter_set_rest,4,7.0,35583.0,178981.0,92592.0,189617.0,101545.0
2026-04-14 18:15:48.427381,849639,1609508042040137,5642010343,-1.032608,0.124928,0.23424,-86.33625,46.31375,-54.013752,11.016001,-0.296,28.216002,inter_set_rest,4,7.0,35583.0,178981.0,92592.0,189617.0,101545.0
2026-04-14 18:15:48.429903,849640,1609508042049136,5642019054,-1.03456,0.08784,0.255712,-84.525,46.43625,-62.825,11.84,1.736,28.144001,inter_set_rest,4,7.0,35583.0,178981.0,92592.0,189617.0,101545.0
2026-04-14 18:15:48.440151,849641,1609508042058100,5642027775,-1.03456,0.08784,0.255712,-83.48375,45.98125,-71.54875,11.84,1.736,28.144001,inter_set_rest,4,7.0,35583.0,178981.0,92592.0,189617.0,101545.0
2026-04-14 18:15:48.453131,849642,1609508042072717,5642042705,-1.128256,0.093696,0.31232,-82.04875,44.21375,-80.15875,12.504001,2.952,28.400002,inter_set_rest,4,7.0,35583.0,178981.0,92592.0,189617.0,101545.0
2026-04-14 18:15:48.461056,849643,1609508042081603,5642051396,-1.128256,0.093696,0.31232,-79.8175,40.92375,-87.7975,12.504001,2.952,28.400002,inter_set_rest,4,7.0,35583.0,178981.0,92592.0,189617.0,101545.0
2026-04-14 18:15:48.477377,849644,1609508042096121,5642066276,-1.286368,0.076128,0.13664,-75.4425,36.77625,-93.8175,12.896001,4.528,27.568,inter_set_rest,4,7.0,35583.0,178981.0,92592.0,189617.0,101545.0
2026-04-14 18:15:48.483691,849645,1609508042105073,5642075047,-1.216096,0.027328,0.236192,-67.777504,32.3925,-98.63,12.544001,5.568,26.896002,inter_set_rest,4,7.0,35583.0,178981.0,92592.0,189617.0,101545.0
2026-04-14 18:15:48.522393,849656,1609508042119915,5642090278,-1.216096,0.027328,0.236192,-53.7425,27.545,-100.625,12.544001,5.568,26.896002,inter_set_rest,4,7.0,34239.0,176794.0,90210.0,187567.0,98795.0
2026-04-14 18:15:48.524870,849657,1609508042129042,5642099003,-1.20048,0.023424,0.173728,-34.7375,21.63875,-99.6975,13.488001,5.992,27.192001,inter_set_rest,4,7.0,34239.0,176794.0,90210.0,187567.0,98795.0
2026-04-14 18:15:48.527369,849658,1609508042138035,5642107779,-1.20048,0.023424,0.173728,-13.34375,17.5,-97.02,13.488001,5.992,27.192001,inter_set_rest,4,7.0,34239.0,176794.0,90210.0,187567.0,98795.0
2026-04-14 18:15:48.534010,849659,1609508042152550,5642122836,-1.065792,-0.015616,0.011712,10.59625,14.0175,-92.645,13.696001,6.216,27.008001,inter_set_rest,4,7.0,34239.0,176794.0,90210.0,187567.0,98795.0
2026-04-14 18:15:48.540705,849660,1609508042161500,5642131529,-1.065792,-0.015616,0.011712,35.5425,11.54125,-86.93125,13.696001,6.216,27.008001,inter_set_rest,4,7.0,34239.0,176794.0,90210.0,187567.0,98795.0
2026-04-14 18:15:48.554381,849661,1609508042175994,5642144365,-0.915488,0.00976,0.08784,59.98125,9.98375,-79.485,13.784,5.584,27.336,inter_set_rest,4,7.0,34239.0,176794.0,90210.0,187567.0,98795.0
2026-04-14 18:15:48.566157,849662,1609508042185192,5642155203,-0.933056,0.089792,0.044896,81.85625,10.0975,-71.86375,13.848001,4.784,29.400002,inter_set_rest,4,7.0,34239.0,176794.0,90210.0,187567.0,98795.0
2026-04-14 18:15:48.591062,849663,1609508042194144,5642163894,-0.933056,0.089792,0.044896,100.8175,12.94125,-63.84875,13.848001,4.784,29.400002,inter_set_rest,4,7.0,34239.0,176794.0,90210.0,187567.0,98795.0
2026-04-14 18:15:48.603437,849664,1609508042208629,5642178848,-0.866688,0.160064,0.230336,115.115,18.655,-57.2425,13.392,3.088,27.072,inter_set_rest,4,7.0,34239.0,176794.0,90210.0,187567.0,98795.0
2026-04-14 18:15:48.606113,849665,1609508042217544,5642187525,-0.866688,0.160064,0.230336,124.075,25.795,-53.27875,13.392,3.088,27.072,inter_set_rest,4,7.0,34239.0,176794.0,90210.0,187567.0,98795.0
2026-04-14 18:15:48.635729,849676,1609508042232260,5642202505,-1.032608,0.251808,0.07808,128.02126,32.0425,-52.5,14.248001,1.832,26.312002,inter_set_rest,4,7.0,35929.0,179752.0,93324.0,190457.0,102183.0
2026-04-14 18:15:48.635851,849677,1609508042241231,5642211289,-1.032608,0.251808,0.07808,125.60625,36.855,-54.59125,14.248001,1.832,26.312002,inter_set_rest,4,7.0,35929.0,179752.0,93324.0,190457.0,102183.0
2026-04-14 18:15:48.638516,849678,1609508042250189,5642219992,-1.08336,0.308416,0.152256,117.01375,39.48,-58.93125,14.952001,0.912,26.960001,inter_set_rest,4,7.0,35929.0,179752.0,93324.0,190457.0,102183.0
2026-04-14 18:15:48.644336,849679,1609508042264841,5642234934,-1.16144,0.38064,0.22448,103.9325,40.18875,-63.665,14.952001,0.912,28.504002,inter_set_rest,4,7.0,35929.0,179752.0,93324.0,190457.0,102183.0
2026-04-14 18:15:48.672197,849680,1609508042273808,5642243625,-1.163392,0.38064,0.22448,84.6125,41.02875,-69.86875,15.64,0.416,28.504002,inter_set_rest,4,7.0,35929.0,179752.0,93324.0,190457.0,102183.0
2026-04-14 18:15:48.697718,849681,1609508042288355,5642258585,-1.3176,0.382592,0.119072,61.915,41.2475,-76.16875,14.56,1.496,27.960001,inter_set_rest,4,7.0,35929.0,179752.0,93324.0,190457.0,102183.0
2026-04-14 18:15:48.702333,849682,1609508042297272,5642267257,-1.3176,0.382592,0.119072,38.6575,40.78375,-80.815,14.56,1.496,27.960001,inter_set_rest,4,7.0,35929.0,179752.0,93324.0,190457.0,102183.0
2026-04-14 18:15:48.704445,849683,1609508042311906,5642282126,-1.329312,0.35136,0.167872,18.38375,38.885,-82.74875,14.840001,1.72,25.160002,inter_set_rest,4,7.0,35929.0,179752.0,93324.0,190457.0,102183.0
2026-04-14 18:15:48.734117,849694,1609508042321167,5642291296,-1.329312,0.35136,0.167872,3.22875,36.505,-81.27,14.840001,1.72,25.160002,inter_set_rest,4,7.0,34373.0,176326.0,90457.0,187160.0,98909.0
2026-04-14 18:15:48.746855,849695,1609508042330204,5642300106,-1.3664,0.31232,-0.044896,-8.77625,33.53875,-77.23625,15.616001,2.104,26.672,inter_set_rest,4,7.0,34373.0,176326.0,90457.0,187160.0,98909.0
2026-04-14 18:15:48.747091,849696,1609508042344863,5642315010,-1.3664,0.31232,0.064416,-18.803751,29.04125,-71.70625,15.616001,2.104,26.672,inter_set_rest,4,7.0,34373.0,176326.0,90457.0,187160.0,98909.0
2026-04-14 18:15:48.747251,849697,1609508042353918,5642323721,-1.194624,0.27328,0.072224,-26.775,24.4825,-63.455,16.184,3.08,27.04,inter_set_rest,4,7.0,34373.0,176326.0,90457.0,187160.0,98909.0
2026-04-14 18:15:48.748106,849698,1609508042368456,5642338657,-1.11264,0.257664,0.064416,-33.285,20.74625,-53.655,16.456001,3.904,26.296001,inter_set_rest,4,7.0,34373.0,176326.0,90457.0,187160.0,98909.0
2026-04-14 18:15:48.758536,849699,1609508042377445,5642347337,-1.11264,0.257664,0.064416,-39.36625,18.06875,-44.28375,16.456001,3.904,26.296001,inter_set_rest,4,7.0,34373.0,176326.0,90457.0,187160.0,98909.0
2026-04-14 18:15:48.764492,849700,1609508042386491,5642356077,-1.09312,0.265472,0.199104,-45.45625,16.75625,-34.1775,16.84,4.816001,26.088001,inter_set_rest,4,7.0,34373.0,176326.0,90457.0,187160.0,98909.0
2026-04-14 18:15:48.780674,849701,1609508042400998,5642370970,-1.09312,0.265472,0.199104,-51.37125,15.75,-23.49375,16.84,4.816001,26.088001,inter_set_rest,4,7.0,34373.0,176326.0,90457.0,187160.0,98909.0
2026-04-14 18:15:48.789558,849702,1609508042409955,5642379712,-0.98576,0.203008,0.245952,-54.62625,13.50125,-13.02,16.744001,5.104,24.840002,inter_set_rest,4,7.0,34373.0,176326.0,90457.0,187160.0,98909.0
2026-04-14 18:15:48.826780,849713,1609508042424933,5642394615,-0.98576,0.203008,0.245952,-54.5825,11.85625,-2.6425,16.744001,5.104,24.840002,inter_set_rest,4,7.0,34926.0,176199.0,91615.0,187125.0,100271.0
2026-04-14 18:15:48.829211,849714,1609508042434109,5642403420,-1.00528,0.20496,0.2928,-51.00375,10.7975,5.45125,17.912,5.688,24.984001,inter_set_rest,4,7.0,34926.0,176199.0,91615.0,187125.0,100271.0
2026-04-14 18:15:48.832230,849715,1609508042443153,5642412161,-1.00528,0.20496,0.2928,-44.8525,9.73875,12.215,17.912,5.688,24.984001,inter_set_rest,4,7.0,34926.0,176199.0,91615.0,187125.0,100271.0
2026-04-14 18:15:48.836797,849716,1609508042457636,5642427084,-1.038464,0.23424,0.333792,-39.6375,8.74125,17.78,18.024,6.232,24.384,inter_set_rest,4,7.0,34926.0,176199.0,91615.0,187125.0,100271.0
2026-04-14 18:15:48.847263,849717,1609508042466583,5642435782,-1.095072,0.21472,0.140544,-36.7675,7.5425,22.25125,18.184,6.68,24.352001,inter_set_rest,4,7.0,34926.0,176199.0,91615.0,187125.0,100271.0
2026-04-14 18:15:48.859829,849718,1609508042481128,5642450722,-1.095072,0.21472,0.140544,-37.51125,6.055,25.655,18.184,6.68,24.352001,inter_set_rest,4,7.0,34926.0,176199.0,91615.0,187125.0,100271.0
2026-04-14 18:15:48.869961,849719,1609508042490102,5642459421,-1.136064,0.169824,0.158112,-40.25,3.77125,28.7175,17.512001,7.24,25.168001,inter_set_rest,4,7.0,34926.0,176199.0,91615.0,187125.0,100271.0
2026-04-14 18:15:48.883625,849720,1609508042504777,5642474383,-1.136064,0.169824,0.158112,-44.23125,0.00875,30.98375,17.512001,7.24,25.168001,inter_set_rest,4,7.0,34926.0,176199.0,91615.0,187125.0,100271.0
2026-04-14 18:15:48.893677,849721,1609508042513708,5642483064,-1.108736,0.10736,0.374784,-49.42875,-6.3875,32.55875,17.2,7.2,23.232,inter_set_rest,4,7.0,34926.0,176199.0,91615.0,187125.0,100271.0
2026-04-14 18:15:48.928519,849732,1609508042523250,5642491902,-1.108736,0.10736,0.374784,-53.4275,-13.90375,33.22375,17.2,7.2,23.232,inter_set_rest,4,7.0,34321.0,177521.0,90486.0,188418.0,98989.0
2026-04-14 18:15:48.930533,849733,1609508042537969,5642507065,-1.134112,0.052704,0.201056,-55.55375,-20.08125,34.195,17.856,7.904,24.408,inter_set_rest,4,7.0,34321.0,177521.0,90486.0,188418.0,98989.0
2026-04-14 18:15:48.933513,849734,1609508042547062,5642515771,-1.020896,0.091744,0.33184,-56.02625,-24.82375,36.785,16.528,8.824,23.728,inter_set_rest,4,7.0,34321.0,177521.0,90486.0,188418.0,98989.0
2026-04-14 18:15:48.938173,849735,1609508042556329,5642526637,-1.020896,0.091744,0.33184,-58.14375,-27.69375,38.7625,16.528,8.824,23.728,inter_set_rest,4,7.0,34321.0,177521.0,90486.0,188418.0,98989.0
2026-04-14 18:15:48.949799,849736,1609508042570871,5642539485,-0.991616,0.0976,0.179584,-64.86375,-29.2425,39.29625,16.296001,9.528001,25.352001,inter_set_rest,4,7.0,34321.0,177521.0,90486.0,188418.0,98989.0
2026-04-14 18:15:48.961114,849737,1609508042580119,5642550324,-0.991616,0.0976,0.179584,-77.525,-30.51125,38.59625,16.296001,9.528001,25.352001,inter_set_rest,4,7.0,34321.0,177521.0,90486.0,188418.0,98989.0
2026-04-14 18:15:48.972023,849738,1609508042594672,5642563185,-0.983808,0.093696,0.288896,-89.565,-32.5325,37.24,17.136002,10.352,24.744001,inter_set_rest,4,7.0,34321.0,177521.0,90486.0,188418.0,98989.0
2026-04-14 18:15:48.983675,849739,1609508042603983,5642573932,-0.983808,0.093696,0.288896,-95.15625,-34.195,38.85,17.136002,10.352,24.744001,inter_set_rest,4,7.0,34321.0,177521.0,90486.0,188418.0,98989.0
2026-04-14 18:15:48.992400,849740,1609508042613083,5642582625,-0.950624,0.033184,0.206912,-93.63375,-33.92375,41.09,15.864,10.824,24.744001,inter_set_rest,4,7.0,34321.0,177521.0,90486.0,188418.0,98989.0
2026-04-14 18:15:49.076159,849752,1609508042627666,5642597610,-0.9272,0.0,0.105408,-87.22,-32.10375,41.65875,16.472,11.752001,24.080002,inter_set_rest,4,7.0,35337.0,178635.0,92334.0,189576.0,101124.0
2026-04-14 18:15:49.078523,849753,1609508042636671,5642606324,-0.9272,0.0,0.105408,-75.635,-29.33875,41.5625,16.472,11.752001,24.080002,inter_set_rest,4,7.0,35337.0,178635.0,92334.0,189576.0,101124.0
2026-04-14 18:15:49.080805,849754,1609508042651174,5642621215,-0.935008,0.08784,0.228384,-61.985,-26.45125,40.39875,16.688002,11.984,24.376001,inter_set_rest,4,7.0,35337.0,178635.0,92334.0,189576.0,101124.0
2026-04-14 18:15:49.083635,849755,1609508042660092,5642629877,-0.935008,0.08784,0.228384,-50.05875,-23.7125,38.96375,16.688002,11.984,24.376001,inter_set_rest,4,7.0,35337.0,178635.0,92334.0,189576.0,101124.0
2026-04-14 18:15:49.086194,849756,1609508042669061,5642638628,-0.948672,0.128832,0.01952,-42.35,-22.04125,36.9775,16.392,12.400001,24.304,inter_set_rest,4,7.0,35337.0,178635.0,92334.0,189576.0,101124.0
2026-04-14 18:15:49.088608,849757,1609508042683571,5642653534,-0.948672,0.128832,0.01952,-38.4125,-20.5625,33.32,16.392,12.400001,24.304,inter_set_rest,4,7.0,35337.0,178635.0,92334.0,189576.0,101124.0
2026-04-14 18:15:49.091169,849758,1609508042692527,5642662278,-0.933056,0.16592,0.02928,-37.91375,-19.565,28.48125,16.568,12.864,24.232,inter_set_rest,4,7.0,35337.0,178635.0,92334.0,189576.0,101124.0
2026-04-14 18:15:49.096589,849759,1609508042707066,5642677292,-0.933056,0.16592,0.02928,-40.04,-18.0775,23.14375,16.568,12.864,24.232,inter_set_rest,4,7.0,35337.0,178635.0,92334.0,189576.0,101124.0
2026-04-14 18:15:49.097030,849760,1609508042716005,5642685980,-0.854976,0.16592,0.203008,-42.8225,-16.275,16.51125,16.672,13.224001,24.112001,inter_set_rest,4,7.0,35337.0,178635.0,92334.0,189576.0,101124.0
2026-04-14 18:15:49.132276,849771,1609508042730676,5642700964,-1.00528,0.16592,0.031232,-44.93125,-13.39625,9.47625,16.408,13.976001,23.824001,inter_set_rest,4,7.0,35628.0,179249.0,92795.0,189995.0,101634.0
2026-04-14 18:15:49.134772,849772,1609508042739650,5642709744,-1.00528,0.16592,0.031232,-47.215,-11.480001,1.75,16.408,13.976001,23.824001,inter_set_rest,4,7.0,35628.0,179249.0,92795.0,189995.0,101634.0
2026-04-14 18:15:49.137013,849773,1609508042748664,5642718501,-0.974048,0.115168,0.105408,-49.72625,-10.3425,-4.78625,15.424001,14.952001,24.648,inter_set_rest,4,7.0,35628.0,179249.0,92795.0,189995.0,101634.0
2026-04-14 18:15:49.142013,849774,1609508042763332,5642733522,-0.974048,0.115168,0.105408,-50.6975,-10.50875,-9.730001,15.424001,14.952001,24.648,inter_set_rest,4,7.0,35628.0,179249.0,92795.0,189995.0,101634.0
2026-04-14 18:15:49.151125,849775,1609508042772348,5642742231,-1.032608,0.11712,0.076128,-49.665,-11.3575,-12.24125,16.288,15.656001,23.720001,inter_set_rest,4,7.0,35628.0,179249.0,92795.0,189995.0,101634.0
2026-04-14 18:15:49.167373,849776,1609508042786920,5642757213,-1.032608,0.11712,0.076128,-44.765,-12.0225,-12.92375,16.288,15.656001,23.720001,inter_set_rest,4,7.0,35628.0,179249.0,92795.0,189995.0,101634.0
2026-04-14 18:15:49.177617,849777,1609508042795881,5642765903,-1.05408,0.130784,0.046848,-37.345,-12.27625,-12.25875,15.344001,16.128,22.392,inter_set_rest,4,7.0,35628.0,179249.0,92795.0,189995.0,101634.0
2026-04-14 18:15:49.190224,849778,1609508042810495,5642780850,-0.974048,0.095648,-0.025376,-28.51625,-12.4775,-10.61375,16.296001,16.560001,23.256,inter_set_rest,4,7.0,35628.0,179249.0,92795.0,189995.0,101634.0
2026-04-14 18:15:49.200962,849779,1609508042819385,5642789525,-0.974048,0.095648,-0.025376,-20.25625,-12.635,-7.42,16.296001,16.560001,23.256,inter_set_rest,4,7.0,35628.0,179249.0,92795.0,189995.0,101634.0
2026-04-14 18:15:49.257121,849790,1609508042828457,5642798555,-0.974048,0.121024,0.064416,-12.4775,-12.24125,-3.07125,16.296001,16.560001,21.208,inter_set_rest,4,7.0,35113.0,177769.0,91911.0,188627.0,100691.0
2026-04-14 18:15:49.259560,849791,1609508042842975,5642811392,-0.964288,0.121024,0.064416,-5.45125,-10.89375,2.3625,16.384,15.976001,21.576,inter_set_rest,4,7.0,35113.0,177769.0,91911.0,188627.0,100691.0
2026-04-14 18:15:49.261949,849792,1609508042852236,5642822145,-0.968192,0.124928,0.105408,1.82,-8.32125,7.48125,16.752,16.16,23.264002,inter_set_rest,4,7.0,35113.0,177769.0,91911.0,188627.0,100691.0
2026-04-14 18:15:49.264258,849793,1609508042866802,5642837034,-0.968192,0.124928,0.105408,8.82875,-4.3225,11.83875,16.752,16.16,23.264002,inter_set_rest,4,7.0,35113.0,177769.0,91911.0,188627.0,100691.0
2026-04-14 18:15:49.267141,849794,1609508042875955,5642845718,-1.087264,0.119072,0.035136,15.61875,1.9775,14.23625,16.880001,15.808001,23.168001,inter_set_rest,4,7.0,35113.0,177769.0,91911.0,188627.0,100691.0
2026-04-14 18:15:49.269608,849795,1609508042885110,5642854509,-1.087264,0.119072,0.035136,21.21875,10.75375,13.965,16.880001,15.808001,23.168001,inter_set_rest,4,7.0,35113.0,177769.0,91911.0,188627.0,100691.0
2026-04-14 18:15:49.282610,849796,1609508042899654,5642869401,-1.311744,0.18544,0.103456,24.5525,18.06,10.01,17.344002,15.456,23.584002,inter_set_rest,4,7.0,35113.0,177769.0,91911.0,188627.0,100691.0
2026-04-14 18:15:49.288451,849797,1609508042908586,5642878099,-1.311744,0.18544,0.158112,25.6725,22.085001,4.69,17.344002,15.456,23.584002,inter_set_rest,4,7.0,35113.0,177769.0,91911.0,188627.0,100691.0
2026-04-14 18:15:49.329575,849808,1609508042923211,5642893056,-1.331264,0.25376,0.158112,22.82,24.955,-1.295,17.68,15.248001,26.392002,inter_set_rest,4,7.0,35916.0,182683.0,93133.0,193478.0,101996.0
2026-04-14 18:15:49.332021,849809,1609508042932262,5642901867,-1.25904,0.339648,0.152256,16.35375,30.555,-7.245,18.376001,15.368001,23.168001,inter_set_rest,4,7.0,35916.0,182683.0,93133.0,193478.0,101996.0
2026-04-14 18:15:49.334595,849810,1609508042941216,5642910602,-1.25904,0.339648,0.152256,5.425,35.98,-14.65625,18.376001,15.368001,23.168001,inter_set_rest,4,7.0,35916.0,182683.0,93133.0,193478.0,101996.0
2026-04-14 18:15:49.336999,849811,1609508042955743,5642925490,-1.2688,0.388448,0.12688,-9.87875,41.1425,-23.0125,18.704,15.784,23.592001,inter_set_rest,4,7.0,35916.0,182683.0,93133.0,193478.0,101996.0
2026-04-14 18:15:49.344585,849812,1609508042964711,5642934192,-1.2688,0.388448,0.12688,-28.32375,43.75,-29.39125,18.704,15.784,23.592001,inter_set_rest,4,7.0,35916.0,182683.0,93133.0,193478.0,101996.0
2026-04-14 18:15:49.358169,849813,1609508042979177,5642949132,-1.223904,0.40016,0.083936,-47.3375,41.86875,-30.52875,18.728,16.344,23.352001,inter_set_rest,4,7.0,35916.0,182683.0,93133.0,193478.0,101996.0
2026-04-14 18:15:49.367106,849814,1609508042988128,5642957979,-1.223904,0.40016,0.083936,-67.03375,35.5775,-26.15375,18.728,16.344,23.352001,inter_set_rest,4,7.0,35916.0,182683.0,93133.0,193478.0,101996.0
2026-04-14 18:15:49.382458,849815,1609508043002653,5642972871,-1.052128,0.316224,-0.0488,-86.30125,27.04625,-17.63125,19.624,17.344002,21.792002,inter_set_rest,4,7.0,35916.0,182683.0,93133.0,193478.0,101996.0
2026-04-14 18:15:49.408092,849816,1609508043011590,5642981556,-1.091168,0.300608,-0.083936,-103.32,18.68125,-6.95625,18.952002,18.848001,22.176,inter_set_rest,4,7.0,35916.0,182683.0,93133.0,193478.0,101996.0
2026-04-14 18:15:49.431984,849817,1609508043020535,5642990299,-1.091168,0.300608,-0.083936,-118.055,10.745,4.59375,18.952002,18.848001,22.176,inter_set_rest,4,7.0,35916.0,182683.0,93133.0,193478.0,101996.0
2026-04-14 18:15:49.469432,849828,1609508043035111,5643005204,-1.05408,0.197152,-0.056608,-129.78876,5.3375,15.21625,19.36,19.960001,21.912,inter_set_rest,4,7.0,35003.0,175888.0,91732.0,186862.0,100399.0
2026-04-14 18:15:49.471949,849829,1609508043044087,5643014028,-1.05408,0.197152,-0.056608,-139.41376,0.7875,24.4475,19.36,19.960001,21.912,inter_set_rest,4,7.0,35003.0,175888.0,91732.0,186862.0,100399.0
2026-04-14 18:15:49.478375,849830,1609508043058591,5643028975,-1.143872,0.177632,0.060512,-144.80376,-4.43625,32.90875,19.344002,21.448002,21.984001,inter_set_rest,4,7.0,35003.0,175888.0,91732.0,186862.0,100399.0
2026-04-14 18:15:49.478722,849831,1609508043067505,5643037652,-1.143872,0.177632,0.060512,-145.215,-10.07125,40.6175,19.344002,21.448002,21.984001,inter_set_rest,4,7.0,35003.0,175888.0,91732.0,186862.0,100399.0
2026-04-14 18:15:49.480493,849832,1609508043082203,5643050618,-1.147776,0.142496,0.064416,-144.80376,-16.31875,46.64625,18.92,22.336,21.448002,inter_set_rest,4,7.0,35003.0,175888.0,91732.0,186862.0,100399.0
2026-04-14 18:15:49.486891,849833,1609508043091614,5643061413,-1.21024,0.132736,0.122976,-142.73875,-23.1175,49.70875,19.248001,22.888,21.768002,inter_set_rest,4,7.0,35003.0,175888.0,91732.0,186862.0,100399.0
2026-04-14 18:15:49.489850,849834,1609508043100557,5643070158,-1.21024,0.132736,0.122976,-139.27376,-29.015,51.65125,19.248001,22.888,21.768002,inter_set_rest,4,7.0,35003.0,175888.0,91732.0,186862.0,100399.0
2026-04-14 18:15:49.493514,849835,1609508043115147,5643085136,-1.225856,0.064416,-0.007808,-132.72,-32.235,51.89625,21.256,22.856,18.08,inter_set_rest,4,7.0,35003.0,175888.0,91732.0,186862.0,100399.0
2026-04-14 18:15:49.529910,849846,1609508043124107,5643093834,-1.225856,0.064416,-0.007808,-121.65125,-34.58,51.065,21.256,22.856,18.08,inter_set_rest,4,7.0,35080.0,181017.0,91644.0,192003.0,100416.0
2026-04-14 18:15:49.532382,849847,1609508043138677,5643108786,-1.212192,0.080032,0.089792,-105.25375,-37.8,49.665,20.6,23.480001,18.592001,inter_set_rest,4,7.0,35080.0,181017.0,91644.0,192003.0,100416.0
2026-04-14 18:15:49.534876,849848,1609508043147706,5643117477,-1.212192,0.080032,0.089792,-85.1025,-39.29625,48.39625,20.6,23.480001,18.592001,inter_set_rest,4,7.0,35080.0,181017.0,91644.0,192003.0,100416.0
2026-04-14 18:15:49.542495,849849,1609508043156780,5643126174,-1.104832,0.081984,0.093696,-62.7725,-39.3925,47.6525,19.776001,23.488,19.320002,inter_set_rest,4,7.0,35080.0,181017.0,91644.0,192003.0,100416.0
2026-04-14 18:15:49.549527,849850,1609508043171335,5643141200,-1.130208,0.08784,-0.11712,-39.10375,-37.49375,47.11875,19.560001,22.816002,18.064001,inter_set_rest,4,7.0,35080.0,181017.0,91644.0,192003.0,100416.0
2026-04-14 18:15:49.561707,849851,1609508043180300,5643149903,-1.130208,0.08784,-0.11712,-14.56875,-34.09,47.705,19.560001,22.816002,18.064001,inter_set_rest,4,7.0,35080.0,181017.0,91644.0,192003.0,100416.0
2026-04-14 18:15:49.576899,849852,1609508043194902,5643164904,-1.087264,0.109312,-0.154208,9.44125,-30.817501,50.33,20.28,22.024,18.512001,inter_set_rest,4,7.0,35080.0,181017.0,91644.0,192003.0,100416.0
2026-04-14 18:15:49.584962,849853,1609508043203905,5643173599,-1.087264,0.109312,-0.154208,28.5075,-26.775,53.92625,20.28,22.024,18.512001,inter_set_rest,4,7.0,35080.0,181017.0,91644.0,192003.0,100416.0
2026-04-14 18:15:49.591161,849854,1609508043212998,5643182374,-1.108736,0.210816,-0.037088,41.5275,-23.1,58.02125,19.288,21.12,20.024,inter_set_rest,4,7.0,35080.0,181017.0,91644.0,192003.0,100416.0
2026-04-14 18:15:49.628664,849865,1609508043228153,5643197348,-1.108736,0.210816,-0.037088,48.8075,-20.9825,62.02875,19.288,21.12,20.024,inter_set_rest,4,7.0,35527.0,180604.0,92513.0,191349.0,101351.0
2026-04-14 18:15:49.630842,849866,1609508043237354,5643206100,-1.085312,0.249856,-0.130784,51.065,-20.2475,65.2925,19.272001,20.624,20.960001,inter_set_rest,4,7.0,35527.0,180604.0,92513.0,191349.0,101351.0
2026-04-14 18:15:49.633676,849867,1609508043246762,5643216966,-1.085312,0.249856,-0.130784,49.41125,-20.1425,68.285,19.272001,20.624,20.960001,inter_set_rest,4,7.0,35527.0,180604.0,92513.0,191349.0,101351.0
2026-04-14 18:15:49.643686,849868,1609508043261280,5643229864,-0.954528,0.267424,0.0,45.2375,-20.1775,71.435,18.552,19.888,21.432001,inter_set_rest,4,7.0,35527.0,180604.0,92513.0,191349.0,101351.0
2026-04-14 18:15:49.651226,849869,1609508043270803,5643240642,-0.954528,0.267424,-0.015616,40.215,-21.0,74.3225,18.552,19.888,21.432001,inter_set_rest,4,7.0,35527.0,180604.0,92513.0,191349.0,101351.0
2026-04-14 18:15:49.665801,849870,1609508043285493,5643255600,-1.013088,0.300608,-0.011712,34.78125,-21.72625,76.9125,19.12,18.992,21.824001,inter_set_rest,4,7.0,35527.0,180604.0,92513.0,191349.0,101351.0
2026-04-14 18:15:49.674855,849871,1609508043294618,5643264312,-0.933056,0.23424,-0.160064,30.00375,-23.3625,79.54625,20.504002,17.36,19.752,inter_set_rest,4,7.0,35527.0,180604.0,92513.0,191349.0,101351.0
2026-04-14 18:15:49.682326,849872,1609508043303561,5643273093,-0.933056,0.23424,-0.160064,25.4625,-24.8325,82.4425,20.504002,17.36,19.752,inter_set_rest,4,7.0,35527.0,180604.0,92513.0,191349.0,101351.0
2026-04-14 18:15:49.698582,849873,1609508043318064,5643287976,-0.88816,0.242048,0.001952,21.8575,-27.39625,85.91625,20.608002,16.712,19.944,inter_set_rest,4,7.0,35527.0,180604.0,92513.0,191349.0,101351.0
2026-04-14 18:15:49.728681,849884,1609508043327634,5643297228,-0.88816,0.242048,0.001952,22.0325,-27.01125,90.685,20.608002,16.712,19.944,inter_set_rest,4,7.0,35977.0,181997.0,93285.0,192392.0,102301.0
2026-04-14 18:15:49.730813,849885,1609508043342229,5643312215,-0.798368,0.212768,-0.044896,25.94375,-25.2525,94.185,20.064001,16.264,21.160002,inter_set_rest,4,7.0,35977.0,181997.0,93285.0,192392.0,102301.0
2026-04-14 18:15:49.733683,849886,1609508043351169,5643320904,-0.798368,0.212768,-0.044896,30.91375,-23.9925,94.99,20.064001,16.264,21.160002,inter_set_rest,4,7.0,35977.0,181997.0,93285.0,192392.0,102301.0
2026-04-14 18:15:49.738681,849887,1609508043360136,5643329667,-0.856928,0.255712,-0.060512,35.9975,-23.12625,95.20875,19.776001,15.336,19.2,inter_set_rest,4,7.0,35977.0,181997.0,93285.0,192392.0,102301.0
2026-04-14 18:15:49.773617,849888,1609508043374647,5643344560,-0.782752,0.23424,-0.085888,40.7225,-21.72625,94.92,20.104,13.76,20.504002,inter_set_rest,4,7.0,35977.0,181997.0,93285.0,192392.0,102301.0
2026-04-14 18:15:49.776112,849889,1609508043383608,5643353249,-0.782752,0.23424,-0.085888,45.08,-20.88625,93.9925,20.104,13.76,20.504002,inter_set_rest,4,7.0,35977.0,181997.0,93285.0,192392.0,102301.0
2026-04-14 18:15:49.778614,849890,1609508043398093,5643368123,-0.755424,0.247904,0.06832,48.72875,-20.16875,91.70875,21.288,12.216001,20.776001,inter_set_rest,4,7.0,35977.0,181997.0,93285.0,192392.0,102301.0
2026-04-14 18:15:49.803531,849891,1609508043407078,5643376862,-0.755424,0.247904,0.06832,52.675,-19.6875,87.96375,21.288,12.216001,20.776001,inter_set_rest,4,7.0,35977.0,181997.0,93285.0,192392.0,102301.0
2026-04-14 18:15:49.816158,849892,1609508043421559,5643391753,-0.782752,0.201056,-0.187392,59.80625,-18.375,84.9275,21.176,11.296001,21.216002,inter_set_rest,4,7.0,35977.0,181997.0,93285.0,192392.0,102301.0
2026-04-14 18:15:49.843196,849903,1609508043430727,5643400539,-0.782752,0.201056,-0.187392,71.9425,-17.01875,83.62375,21.176,11.296001,21.216002,inter_set_rest,4,7.0,36578.0,184226.0,94223.0,193975.0,103459.0
2026-04-14 18:15:49.845607,849904,1609508043439716,5643409282,-0.76128,0.236192,0.01952,88.61125,-14.105001,81.725,21.248001,9.544001,24.024002,inter_set_rest,4,7.0,36578.0,184226.0,94223.0,193975.0,103459.0
2026-04-14 18:15:49.870509,849905,1609508043454329,5643424213,-0.759328,0.296704,-0.011712,109.025,-9.75625,77.6125,21.408,7.76,22.76,inter_set_rest,4,7.0,36578.0,184226.0,94223.0,193975.0,103459.0
2026-04-14 18:15:49.883532,849906,1609508043463404,5643432915,-0.759328,0.296704,-0.011712,124.425,-7.28875,70.49,21.408,7.76,22.76,inter_set_rest,4,7.0,36578.0,184226.0,94223.0,193975.0,103459.0
2026-04-14 18:15:49.886011,849907,1609508043477927,5643447790,-0.798368,0.423584,-0.027328,127.54,-7.665,61.80125,21.392,6.192,21.960001,inter_set_rest,4,7.0,36578.0,184226.0,94223.0,193975.0,103459.0
2026-04-14 18:15:49.888528,849908,1609508043486972,5643456530,-0.798368,0.423584,-0.027328,115.3425,-9.6075,52.08,21.392,6.192,21.960001,inter_set_rest,4,7.0,36578.0,184226.0,94223.0,193975.0,103459.0
2026-04-14 18:15:49.891013,849909,1609508043496043,5643465214,-0.823744,0.462624,-0.15616,92.26,-14.95375,43.91625,21.216002,5.504,22.048,inter_set_rest,4,7.0,36578.0,184226.0,94223.0,193975.0,103459.0
2026-04-14 18:15:49.893648,849910,1609508043510523,5643480171,-0.823744,0.462624,-0.15616,67.3925,-20.1075,38.2725,21.216002,5.504,22.048,inter_set_rest,4,7.0,36578.0,184226.0,94223.0,193975.0,103459.0
2026-04-14 18:15:49.899538,849911,1609508043519417,5643488885,-0.733952,0.3904,-0.00976,48.9125,-23.49375,32.89125,20.880001,4.808,22.504002,inter_set_rest,4,7.0,36578.0,184226.0,94223.0,193975.0,103459.0
2026-04-14 18:15:49.929913,849922,1609508043533964,5643503853,-0.808128,0.31232,0.00976,45.2725,-25.59375,25.4275,19.904001,4.008,23.456001,inter_set_rest,4,7.0,34471.0,176160.0,90389.0,185857.0,99038.0
2026-04-14 18:15:49.932409,849923,1609508043543018,5643512635,-0.808128,0.31232,0.00976,60.76875,-24.08,18.235,19.904001,4.008,23.456001,inter_set_rest,4,7.0,34471.0,176160.0,90389.0,185857.0,99038.0
2026-04-14 18:15:49.937018,849924,1609508043557541,5643527582,-0.726144,0.247904,0.115168,90.83375,-20.335001,12.27625,19.640001,1.896,23.528002,inter_set_rest,4,7.0,34471.0,176160.0,90389.0,185857.0,99038.0
2026-04-14 18:15:49.947234,849925,1609508043566553,5643536293,-0.726144,0.247904,0.115168,127.4525,-14.90125,6.0375,19.640001,1.896,23.528002,inter_set_rest,4,7.0,34471.0,176160.0,90389.0,185857.0,99038.0
2026-04-14 18:15:49.953368,849926,1609508043575653,5643545034,-0.749568,0.279136,-0.08784,169.42625,-8.12,2.3975,19.584002,-1.264,22.640001,inter_set_rest,4,7.0,34471.0,176160.0,90389.0,185857.0,99038.0
2026-04-14 18:15:49.969989,849927,1609508043590168,5643559922,-0.749568,0.279136,-0.08784,214.9,-2.42375,2.485,19.584002,-1.264,22.640001,inter_set_rest,4,7.0,34471.0,176160.0,90389.0,185857.0,99038.0
2026-04-14 18:15:49.978600,849928,1609508043599099,5643568650,-0.806176,0.433344,-0.007808,251.83376,-0.90125,-1.16375,20.384,-3.696,21.984001,inter_set_rest,4,7.0,34471.0,176160.0,90389.0,185857.0,99038.0
2026-04-14 18:15:49.993618,849929,1609508043613584,5643583521,-0.921344,0.698816,-0.206912,274.42624,0.315,-8.417501,20.384,-7.792,22.320002,inter_set_rest,4,7.0,34471.0,176160.0,90389.0,185857.0,99038.0
2026-04-14 18:15:50.001192,849930,1609508043622538,5643592311,-0.921344,0.698816,-0.206912,277.2875,0.79625,-13.50125,20.04,-6.832,22.320002,inter_set_rest,4,7.0,34471.0,176160.0,90389.0,185857.0,99038.0
2026-04-14 18:15:50.045645,849941,1609508043632020,5643601082,-0.921344,0.698816,-0.206912,254.065,-2.5025,-14.11375,20.04,-6.832,22.320002,inter_set_rest,4,7.0,34330.0,177385.0,90083.0,185120.0,98440.0
2026-04-14 18:15:50.048068,849942,1609508043646628,5643616006,-0.98576,0.91744,-0.269376,205.40625,-10.5525,-10.2375,18.608002,-8.168,23.000002,inter_set_rest,4,7.0,34330.0,177385.0,90083.0,185120.0,98440.0
2026-04-14 18:15:50.051245,849943,1609508043655525,5643624701,-0.860832,0.765184,-0.037088,143.0625,-22.1375,-9.03875,18.048,-8.536,23.104002,inter_set_rest,4,7.0,34330.0,177385.0,90083.0,185120.0,98440.0
2026-04-14 18:15:50.054207,849944,1609508043670134,5643639620,-0.860832,0.765184,-0.037088,82.29375,-31.8325,-10.605001,18.048,-8.536,23.104002,inter_set_rest,4,7.0,34330.0,177385.0,90083.0,185120.0,98440.0
2026-04-14 18:15:50.060352,849945,1609508043679140,5643648453,-0.88816,0.532896,0.0,37.94875,-38.01,-14.096251,19.0,-9.008,21.064001,inter_set_rest,4,7.0,34330.0,177385.0,90083.0,185120.0,98440.0
2026-04-14 18:15:50.066863,849946,1609508043688080,5643657177,-0.88816,0.532896,0.0,16.2575,-41.78125,-19.1975,19.0,-9.008,21.064001,inter_set_rest,4,7.0,34330.0,177385.0,90083.0,185120.0,98440.0
2026-04-14 18:15:50.081783,849947,1609508043702599,5643672048,-1.1224,0.484096,-0.042944,16.5725,-45.21125,-23.0125,19.560001,-9.360001,21.320002,inter_set_rest,4,7.0,34330.0,177385.0,90083.0,185120.0,98440.0
2026-04-14 18:15:50.090595,849948,1609508043711519,5643680766,-1.1224,0.484096,-0.042944,36.435,-46.095,-21.09625,19.560001,-9.360001,21.320002,inter_set_rest,4,7.0,34330.0,177385.0,90083.0,185120.0,98440.0
2026-04-14 18:15:50.105581,849949,1609508043726137,5643695671,-1.218048,0.636352,-0.0488,66.535,-43.74125,-15.33875,18.952002,-10.656,20.848001,inter_set_rest,4,7.0,34330.0,177385.0,90083.0,185120.0,98440.0
2026-04-14 18:15:50.184226,849960,1609508043735154,5643704599,-1.212192,0.831552,0.011712,93.87875,-35.84,-11.52375,18.04,-11.392,20.456001,inter_set_rest,4,7.0,40213.0,215832.0,99664.0,215853.0,109759.0
2026-04-14 18:15:50.186516,849961,1609508043749679,5643719494,-1.212192,0.831552,0.011712,104.11625,-31.50875,-7.91875,18.04,-11.392,20.456001,inter_set_rest,4,7.0,40213.0,215832.0,99664.0,215853.0,109759.0
2026-04-14 18:15:50.188942,849962,1609508043758624,5643728211,-1.237568,0.903776,0.005856,99.96875,-28.0875,-4.24375,18.096,-12.136001,20.416,inter_set_rest,4,7.0,40213.0,215832.0,99664.0,215853.0,109759.0
2026-04-14 18:15:50.191418,849963,1609508043767572,5643736934,-1.237568,0.903776,0.005856,86.808754,-25.83,2.1525,18.096,-12.136001,20.416,inter_set_rest,4,7.0,40213.0,215832.0,99664.0,215853.0,109759.0
2026-04-14 18:15:50.192919,849964,1609508043782040,5643751866,-1.321504,0.851072,-0.257664,58.31,-24.7975,6.99125,18.328001,-12.664001,19.816002,inter_set_rest,4,7.0,40213.0,215832.0,99664.0,215853.0,109759.0
2026-04-14 18:15:50.195441,849965,1609508043790968,5643760558,-1.321504,0.851072,-0.257664,18.43625,-22.11125,12.81875,18.328001,-12.664001,19.816002,inter_set_rest,4,7.0,40213.0,215832.0,99664.0,215853.0,109759.0
2026-04-14 18:15:50.197973,849966,1609508043805586,5643775429,-1.245376,0.815936,-0.197152,-17.22,-18.9,26.32875,18.216002,-13.104001,20.016,inter_set_rest,4,7.0,40213.0,215832.0,99664.0,215853.0,109759.0
2026-04-14 18:15:50.200422,849967,1609508043814537,5643784144,-1.245376,0.815936,-0.007808,-37.24875,-14.91,42.04375,18.216002,-13.104001,20.016,inter_set_rest,4,7.0,40213.0,215832.0,99664.0,215853.0,109759.0
2026-04-14 18:15:50.233018,849978,1609508043829602,5643799056,-1.089216,0.726144,-0.007808,-47.5125,-9.4325,52.3775,18.136002,-12.848001,21.552002,inter_set_rest,4,7.0,48026.0,238854.0,112794.0,234455.0,124754.0
2026-04-14 18:15:50.235470,849979,1609508043838594,5643807845,-0.989664,0.61488,0.089792,-50.5925,-1.53125,59.9375,18.024,-12.904,20.12,inter_set_rest,4,7.0,48026.0,238854.0,112794.0,234455.0,124754.0
2026-04-14 18:15:50.237921,849980,1609508043847597,5643816607,-0.989664,0.61488,0.089792,-42.3325,8.5225,66.78,18.024,-12.904,20.12,inter_set_rest,4,7.0,48026.0,238854.0,112794.0,234455.0,124754.0
2026-04-14 18:15:50.240431,849981,1609508043862151,5643831539,-0.895968,0.540704,-0.144448,-24.64875,18.9,72.12625,17.472,-13.768001,18.912,inter_set_rest,4,7.0,48026.0,238854.0,112794.0,234455.0,124754.0
2026-04-14 18:15:50.252092,849982,1609508043871074,5643840265,-0.895968,0.540704,-0.144448,-6.30875,26.95875,74.6025,17.472,-13.768001,18.912,inter_set_rest,4,7.0,48026.0,238854.0,112794.0,234455.0,124754.0
2026-04-14 18:15:50.263163,849983,1609508043885708,5643855208,-1.069696,0.359168,-0.05856,6.72875,29.93375,73.36,17.424002,-13.992001,19.968,inter_set_rest,4,7.0,48026.0,238854.0,112794.0,234455.0,124754.0
2026-04-14 18:15:50.274408,849984,1609508043894653,5643863907,-1.069696,0.359168,-0.05856,2.07375,14.95375,72.52875,17.424002,-13.992001,19.968,inter_set_rest,4,7.0,48026.0,238854.0,112794.0,234455.0,124754.0
2026-04-14 18:15:50.281805,849985,1609508043903662,5643872600,-1.555744,0.203008,0.49776,14.90125,-44.24,90.64125,16.296001,-15.192,19.544,inter_set_rest,4,7.0,48026.0,238854.0,112794.0,234455.0,124754.0
2026-04-14 18:15:50.298252,849986,1609508043918194,5643887583,-0.86864,0.431392,0.013664,32.73375,-55.92125,83.1075,15.736001,-16.464,20.368,inter_set_rest,4,7.0,48026.0,238854.0,112794.0,234455.0,124754.0
2026-04-14 18:15:50.304403,849987,1609508043927166,5643896316,-0.86864,0.431392,0.013664,70.65625,-23.23125,51.5725,15.736001,-16.464,20.368,inter_set_rest,4,7.0,48026.0,238854.0,112794.0,234455.0,124754.0
2026-04-14 18:15:50.333131,849998,1609508043941794,5643911325,-1.056032,1.097024,-0.345504,104.79875,-11.22625,44.79125,14.496,-17.368,20.008001,inter_set_rest,4,7.0,64071.0,261195.0,137204.0,252999.0,149681.0
2026-04-14 18:15:50.335584,849999,1609508043950769,5643920069,-1.056032,1.097024,-0.345504,95.66375,-14.46375,53.6375,14.496,-17.368,20.008001,inter_set_rest,4,7.0,64071.0,261195.0,137204.0,252999.0,149681.0
2026-04-14 18:15:50.338258,850000,1609508043959846,5643928878,-0.769088,1.03456,-0.251808,30.03,-17.815,47.6175,13.808001,-17.256,20.072,inter_set_rest,4,7.0,64071.0,261195.0,137204.0,252999.0,149681.0
2026-04-14 18:15:50.354558,850001,1609508043974333,5643943784,-0.769088,1.03456,-0.251808,-27.615,-23.7125,37.54625,13.808001,-17.256,20.072,inter_set_rest,4,7.0,64071.0,261195.0,137204.0,252999.0,149681.0
2026-04-14 18:15:50.362158,850002,1609508043983259,5643952457,-0.675392,0.564128,-0.320128,-43.61,-27.475,33.7225,14.616001,-17.488,19.392,inter_set_rest,4,7.0,64071.0,261195.0,137204.0,252999.0,149681.0
2026-04-14 18:15:50.382505,850003,1609508043997859,5643967360,-0.81008,0.530944,-0.329888,-11.06875,-23.205,33.4075,13.896001,-18.776001,19.504002,inter_set_rest,4,7.0,64071.0,261195.0,137204.0,252999.0,149681.0
2026-04-14 18:15:50.384901,850004,1609508044006826,5643976153,-0.81008,0.530944,-0.329888,46.75125,-16.24875,32.4275,13.896001,-18.776001,19.504002,inter_set_rest,4,7.0,64071.0,261195.0,137204.0,252999.0,149681.0
2026-04-14 18:15:50.400715,850005,1609508044021455,5643991055,-0.765184,0.860832,-0.368928,103.88875,-10.7975,31.33375,13.568001,-19.984001,17.768002,inter_set_rest,4,7.0,64071.0,261195.0,137204.0,252999.0,149681.0
2026-04-14 18:15:50.432364,850016,1609508044030633,5643999820,-0.765184,0.860832,-0.368928,136.94624,-8.61,28.6825,13.568001,-19.984001,17.768002,inter_set_rest,4,7.0,66875.0,255800.0,140488.0,249140.0,153946.0
2026-04-14 18:15:50.434850,850017,1609508044039649,5644008599,-0.724192,1.06384,-0.220576,139.79875,-12.845,28.84,12.928,-21.352001,16.824001,inter_set_rest,4,7.0,66875.0,255800.0,140488.0,249140.0,153946.0
2026-04-14 18:15:50.436987,850018,1609508044054194,5644023536,-0.724192,1.06384,-0.220576,129.2025,-15.5925,27.9125,12.928,-21.352001,16.824001,inter_set_rest,4,7.0,66875.0,255800.0,140488.0,249140.0,153946.0
2026-04-14 18:15:50.442372,850019,1609508044063128,5644032256,-0.6832,0.876448,-0.206912,115.99875,-19.897501,23.65125,12.392,-22.504002,15.68,inter_set_rest,4,7.0,66875.0,255800.0,140488.0,249140.0,153946.0
2026-04-14 18:15:50.456083,850020,1609508044077611,5644047190,-0.71248,0.724192,-0.163968,96.24125,-22.53125,21.4375,12.232,-23.416,14.848001,inter_set_rest,4,7.0,66875.0,255800.0,140488.0,249140.0,153946.0
2026-04-14 18:15:50.466128,850021,1609508044086614,5644055907,-0.71248,0.724192,-0.163968,85.70625,-19.60875,20.37875,12.232,-23.416,14.848001,inter_set_rest,4,7.0,66875.0,255800.0,140488.0,249140.0,153946.0
2026-04-14 18:15:50.474481,850022,1609508044095612,5644064689,-0.71248,0.724192,-0.163968,80.71875,-18.095,18.1125,12.232,-23.416,14.848001,inter_set_rest,4,7.0,66875.0,255800.0,140488.0,249140.0,153946.0
2026-04-14 18:15:50.509753,850023,1609508044110171,5644079607,-0.825696,0.767136,-0.203008,74.78625,-13.09875,13.9825,12.328001,-23.816002,16.480001,inter_set_rest,4,7.0,66875.0,255800.0,140488.0,249140.0,153946.0
2026-04-14 18:15:50.534768,850024,1609508044119104,5644088367,-0.919392,0.831552,-0.247904,57.916252,-7.665,9.37125,11.368001,-23.896002,15.704,inter_set_rest,4,7.0,66875.0,255800.0,140488.0,249140.0,153946.0
2026-04-14 18:15:50.606969,850035,1609508044134243,5644103663,-0.919392,0.831552,-0.247904,29.19875,-7.455,7.805,11.368001,-23.896002,15.704,inter_set_rest,4,7.0,74055.0,254237.0,146726.0,245652.0,160507.0
2026-04-14 18:15:50.609422,850036,1609508044143178,5644112401,-0.890112,0.64416,-0.41968,-2.23125,-12.66125,6.4925,10.984,-23.856,16.312,inter_set_rest,4,7.0,74055.0,254237.0,146726.0,245652.0,160507.0
2026-04-14 18:15:50.611958,850037,1609508044152091,5644121086,-0.890112,0.64416,-0.41968,-23.40625,-18.13,5.06625,10.984,-23.856,16.312,inter_set_rest,4,7.0,74055.0,254237.0,146726.0,245652.0,160507.0
2026-04-14 18:15:50.614462,850038,1609508044166715,5644136059,-0.774944,0.57584,-0.115168,-20.09,-21.77,6.23,10.976001,-23.688002,16.584002,inter_set_rest,4,7.0,74055.0,254237.0,146726.0,245652.0,160507.0
2026-04-14 18:15:50.616998,850039,1609508044175638,5644144747,-0.774944,0.57584,-0.115168,-5.22375,-19.53875,7.95375,10.976001,-23.688002,16.584002,inter_set_rest,4,7.0,74055.0,254237.0,146726.0,245652.0,160507.0
2026-04-14 18:15:50.619519,850040,1609508044190148,5644159674,-0.929152,0.925248,-0.025376,3.35125,-11.6375,8.09375,10.488001,-23.728,16.528,inter_set_rest,4,7.0,74055.0,254237.0,146726.0,245652.0,160507.0
2026-04-14 18:15:50.622107,850041,1609508044199072,5644168378,-0.648064,0.577792,-0.587552,-14.665,2.21375,-12.775,10.696,-22.848001,18.44,inter_set_rest,4,7.0,74055.0,254237.0,146726.0,245652.0,160507.0
2026-04-14 18:15:50.624550,850042,1609508044213691,5644183339,-0.648064,0.577792,-0.587552,-79.96625,-6.58,-44.77375,10.696,-22.848001,18.44,inter_set_rest,4,7.0,74055.0,254237.0,146726.0,245652.0,160507.0
2026-04-14 18:15:50.627015,850043,1609508044222738,5644192035,-0.560224,0.794464,-0.277184,-109.4625,-17.15,-32.6025,10.616,-21.088001,19.320002,inter_set_rest,4,7.0,74055.0,254237.0,146726.0,245652.0,160507.0
2026-04-14 18:15:50.654560,850054,1609508044231781,5644200831,-0.560224,0.794464,-0.277184,-107.54625,-1.60125,-16.19625,10.616,-21.088001,19.320002,inter_set_rest,4,7.0,69182.0,242960.0,138840.0,234333.0,153890.0
2026-04-14 18:15:50.657206,850055,1609508044246561,5644215822,-0.583648,0.76128,-0.528992,-123.83,0.98875,-24.00125,10.984,-20.488,18.816,inter_set_rest,4,7.0,69182.0,242960.0,138840.0,234333.0,153890.0
2026-04-14 18:15:50.659456,850056,1609508044255586,5644224610,-0.583648,0.76128,-0.528992,-113.207504,-3.50875,-20.58875,10.984,-20.488,18.816,inter_set_rest,4,7.0,69182.0,242960.0,138840.0,234333.0,153890.0
2026-04-14 18:15:50.662075,850057,1609508044270188,5644239498,-0.47824,1.0736,-0.357216,-56.42875,-0.86625,-1.0675,10.344001,-20.960001,19.048,inter_set_rest,4,7.0,69182.0,242960.0,138840.0,234333.0,153890.0
2026-04-14 18:15:50.664591,850058,1609508044279191,5644248279,-0.562176,1.098976,-0.49776,19.97625,6.51875,18.45375,11.208,-21.856,18.84,inter_set_rest,4,7.0,69182.0,242960.0,138840.0,234333.0,153890.0
2026-04-14 18:15:50.667131,850059,1609508044288261,5644256986,-0.562176,1.098976,-0.49776,79.05625,15.14625,25.0425,11.208,-21.856,18.84,inter_set_rest,4,7.0,69182.0,242960.0,138840.0,234333.0,153890.0
2026-04-14 18:15:50.681871,850060,1609508044303181,5644271985,-0.77104,0.603168,-0.28304,103.67,16.59,24.36,11.76,-23.256,16.720001,inter_set_rest,4,7.0,69182.0,242960.0,138840.0,234333.0,153890.0
2026-04-14 18:15:50.695673,850061,1609508044312546,5644282879,-0.77104,0.603168,-0.28304,99.39125,8.39125,33.62625,11.76,-23.256,16.720001,inter_set_rest,4,7.0,69182.0,242960.0,138840.0,234333.0,153890.0
2026-04-14 18:15:50.704315,850062,1609508044327078,5644295766,-1.003328,0.603168,0.32208,73.70125,-8.4525,58.89625,10.944,-23.624,15.736001,inter_set_rest,4,7.0,69182.0,242960.0,138840.0,234333.0,153890.0
2026-04-14 18:15:50.739456,850073,1609508044336538,5644306894,-1.003328,0.603168,0.32208,47.48625,-33.9325,55.825,10.944,-23.624,15.736001,inter_set_rest,4,7.0,90454.0,266019.0,164946.0,254557.0,181298.0
2026-04-14 18:15:50.741963,850074,1609508044345568,5644315608,-0.89792,0.782752,-0.482144,68.635,-37.44125,13.877501,9.688001,-24.592001,16.584002,inter_set_rest,4,7.0,90454.0,266019.0,164946.0,254557.0,181298.0
2026-04-14 18:15:50.744632,850075,1609508044360167,5644328534,-0.909632,1.026752,-0.495808,120.77625,-21.1925,17.15875,10.008,-26.184002,12.712001,inter_set_rest,4,7.0,90454.0,266019.0,164946.0,254557.0,181298.0
2026-04-14 18:15:50.748168,850076,1609508044369511,5644339333,-0.909632,1.026752,-0.495808,155.82,-7.51625,36.1725,10.008,-26.184002,12.712001,inter_set_rest,4,7.0,90454.0,266019.0,164946.0,254557.0,181298.0
2026-04-14 18:15:50.758330,850077,1609508044378656,5644348058,-0.769088,1.011136,-0.286944,172.55875,0.83125,36.26875,10.008,-26.184002,10.0,inter_set_rest,4,7.0,90454.0,266019.0,164946.0,254557.0,181298.0
2026-04-14 18:15:50.777120,850078,1609508044393195,5644363139,-0.7808,1.011136,-0.286944,158.24374,0.63,39.4275,9.440001,-27.208002,10.0,inter_set_rest,4,7.0,90454.0,266019.0,164946.0,254557.0,181298.0
2026-04-14 18:15:50.786853,850079,1609508044402264,5644371825,-0.749568,0.794464,-0.435296,112.2975,-11.3925,38.0975,8.664001,-27.640001,12.664001,inter_set_rest,4,7.0,90454.0,266019.0,164946.0,254557.0,181298.0
2026-04-14 18:15:50.795733,850080,1609508044416809,5644386795,-0.749568,0.794464,-0.435296,69.3175,-23.7125,35.91875,8.664001,-27.640001,12.664001,inter_set_rest,4,7.0,90454.0,266019.0,164946.0,254557.0,181298.0
2026-04-14 18:15:50.804393,850081,1609508044425784,5644395496,-0.66368,0.5856,-0.368928,43.00625,-32.41875,40.9675,7.528,-27.800001,11.408001,inter_set_rest,4,7.0,90454.0,266019.0,164946.0,254557.0,181298.0
2026-04-14 18:15:50.834579,850092,1609508044440481,5644410471,-0.65392,0.733952,-0.437248,26.2675,-29.3475,36.88125,7.864,-28.912,9.936001,inter_set_rest,4,7.0,59731.0,257382.0,123467.0,246863.0,136950.0
2026-04-14 18:15:50.837007,850093,1609508044449539,5644419293,-0.65392,0.733952,-0.437248,41.107502,-21.14875,30.975,7.864,-28.912,9.936001,inter_set_rest,4,7.0,59731.0,257382.0,123467.0,246863.0,136950.0
2026-04-14 18:15:50.842121,850094,1609508044458502,5644428002,-0.65392,0.733952,-0.46848,61.97625,-10.1325,31.1325,7.864,-28.912,9.936001,inter_set_rest,4,7.0,59731.0,257382.0,123467.0,246863.0,136950.0
2026-04-14 18:15:50.852121,850095,1609508044473161,5644442902,-0.782752,0.983808,-0.46848,61.075,-3.6925,28.035,7.536,-29.216002,10.6,inter_set_rest,4,7.0,59731.0,257382.0,123467.0,246863.0,136950.0
2026-04-14 18:15:50.876785,850096,1609508044482118,5644451595,-0.874496,1.0736,-0.523136,45.605,1.575,24.87625,7.224001,-29.624,10.848001,inter_set_rest,4,7.0,59731.0,257382.0,123467.0,246863.0,136950.0
2026-04-14 18:15:50.901984,850097,1609508044496617,5644466512,-0.874496,1.0736,-0.523136,21.1225,3.00125,26.915,7.224001,-29.624,10.848001,inter_set_rest,4,7.0,59731.0,257382.0,123467.0,246863.0,136950.0
2026-04-14 18:15:50.904476,850098,1609508044505561,5644475197,-0.8784,0.802272,-0.472384,-5.3025,-3.22875,26.08375,6.336,-29.168001,11.496,inter_set_rest,4,7.0,59731.0,257382.0,123467.0,246863.0,136950.0
2026-04-14 18:15:50.907065,850099,1609508044514505,5644483876,-0.8784,0.802272,-0.472384,-16.52,-9.93125,22.33,6.336,-29.168001,11.496,inter_set_rest,4,7.0,59731.0,257382.0,123467.0,246863.0,136950.0
2026-04-14 18:15:50.909465,850100,1609508044529086,5644498829,-0.806176,0.757376,-0.495808,-6.95625,-11.48875,28.28,5.128,-29.240002,11.960001,inter_set_rest,4,7.0,59731.0,257382.0,123467.0,246863.0,136950.0
2026-04-14 18:15:50.942075,850111,1609508044538172,5644507974,-0.806176,0.757376,-0.495808,7.4025,-8.1375,36.6275,5.128,-29.240002,11.960001,inter_set_rest,4,7.0,42153.0,249360.0,98791.0,240636.0,111348.0
2026-04-14 18:15:50.944402,850112,1609508044552783,5644522904,-0.794464,1.19072,-0.35136,20.58875,-0.0175,43.89875,4.392,-29.688002,13.488001,inter_set_rest,4,7.0,42153.0,249360.0,98791.0,240636.0,111348.0
2026-04-14 18:15:50.946794,850113,1609508044561914,5644531724,-0.694912,1.149728,-0.441152,5.39875,9.765,50.12,3.96,-29.416002,12.8,inter_set_rest,4,7.0,42153.0,249360.0,98791.0,240636.0,111348.0
2026-04-14 18:15:50.949358,850114,1609508044570951,5644540452,-0.694912,1.149728,-0.441152,-31.4125,15.14625,48.1775,3.96,-29.416002,12.8,inter_set_rest,4,7.0,42153.0,249360.0,98791.0,240636.0,111348.0
2026-04-14 18:15:50.966590,850115,1609508044585422,5644555344,-0.728096,0.8784,-0.374784,-41.8075,17.1675,46.40125,4.256,-29.896002,12.352,inter_set_rest,4,7.0,42153.0,249360.0,98791.0,240636.0,111348.0
2026-04-14 18:15:50.976282,850116,1609508044594352,5644564079,-0.728096,0.8784,-0.374784,-39.48,17.78875,49.7,4.256,-29.896002,12.352,inter_set_rest,4,7.0,42153.0,249360.0,98791.0,240636.0,111348.0
2026-04-14 18:15:50.986779,850117,1609508044608858,5644578962,-0.749568,1.04432,-0.593408,-37.23125,18.55,59.19375,2.896,-29.736002,12.792001,inter_set_rest,4,7.0,42153.0,249360.0,98791.0,240636.0,111348.0
2026-04-14 18:15:50.997946,850118,1609508044617850,5644587735,-0.749568,1.04432,-0.593408,-30.49375,14.4025,65.835,2.896,-29.736002,12.792001,inter_set_rest,4,7.0,42153.0,249360.0,98791.0,240636.0,111348.0
2026-04-14 18:15:51.039487,850129,1609508044632366,5644602594,-0.603168,1.116544,-0.489952,-38.3775,9.5725,71.6625,2.344,-29.616001,12.312,inter_set_rest,4,7.0,50333.0,264394.0,110132.0,253038.0,123715.0
2026-04-14 18:15:51.042066,850130,1609508044641504,5644611285,-0.46848,1.001376,-0.333792,-48.48375,5.7225,76.27375,0.584,-29.016,13.896001,inter_set_rest,4,7.0,50333.0,264394.0,110132.0,253038.0,123715.0
2026-04-14 18:15:51.044573,850131,1609508044650644,5644620066,-0.46848,1.001376,-0.333792,-44.5025,6.825,79.0475,0.584,-29.016,13.896001,inter_set_rest,4,7.0,50333.0,264394.0,110132.0,253038.0,123715.0
2026-04-14 18:15:51.047183,850132,1609508044665178,5644634967,-0.474336,1.16144,-0.374784,-31.325,12.32,83.6325,-0.168,-28.968002,14.128,inter_set_rest,4,7.0,50333.0,264394.0,110132.0,253038.0,123715.0
2026-04-14 18:15:51.053534,850133,1609508044674156,5644643734,-0.474336,1.16144,-0.374784,-19.11875,19.66125,87.4825,-0.168,-28.968002,14.128,inter_set_rest,4,7.0,50333.0,264394.0,110132.0,253038.0,123715.0
2026-04-14 18:15:51.069865,850134,1609508044688665,5644658669,-0.548512,1.204384,-0.550464,-23.73875,24.80625,89.11,-0.296,-29.072,14.52,inter_set_rest,4,7.0,50333.0,264394.0,110132.0,253038.0,123715.0
2026-04-14 18:15:51.077330,850135,1609508044697567,5644667361,-0.548512,1.204384,-0.550464,-31.692501,30.14375,91.98,-0.296,-29.072,14.52,inter_set_rest,4,7.0,50333.0,264394.0,110132.0,253038.0,123715.0
2026-04-14 18:15:51.092444,850136,1609508044712111,5644682246,-0.454816,1.011136,-0.437248,-33.845,33.215,93.6075,-2.352,-28.816002,14.64,inter_set_rest,4,7.0,50333.0,264394.0,110132.0,253038.0,123715.0
2026-04-14 18:15:51.099833,850137,1609508044721157,5644691016,-0.49776,1.214144,-0.261568,-24.8325,35.53375,96.5825,-2.352,-28.960001,14.696001,inter_set_rest,4,7.0,50333.0,264394.0,110132.0,253038.0,123715.0
2026-04-14 18:15:51.108576,850138,1609508044730125,5644699753,-0.49776,1.214144,-0.261568,-14.18375,37.975,98.49,-2.928,-28.960001,14.696001,inter_set_rest,4,7.0,50333.0,264394.0,110132.0,253038.0,123715.0
2026-04-14 18:15:51.167233,850149,1609508044744706,5644714785,-0.534848,1.095072,-0.325984,-15.32125,40.97625,98.175,-2.904,-29.112001,14.208001,inter_set_rest,4,7.0,61315.0,273283.0,126117.0,261185.0,140121.0
2026-04-14 18:15:51.169874,850150,1609508044753762,5644723505,-0.534848,1.095072,-0.325984,-20.30875,45.17625,96.32875,-2.904,-29.112001,14.208001,inter_set_rest,4,7.0,61315.0,273283.0,126117.0,261185.0,140121.0
2026-04-14 18:15:51.172343,850151,1609508044768240,5644738400,-0.519232,1.091168,-0.45872,-19.45125,50.91625,95.795,-4.04,-28.744001,14.784,inter_set_rest,4,7.0,61315.0,273283.0,126117.0,261185.0,140121.0
2026-04-14 18:15:51.174797,850152,1609508044777236,5644747086,-0.519232,1.091168,-0.45872,-17.15,56.46375,94.92,-4.04,-28.744001,14.784,inter_set_rest,4,7.0,61315.0,273283.0,126117.0,261185.0,140121.0
2026-04-14 18:15:51.177190,850153,1609508044786206,5644755803,-0.558272,1.085312,-0.583648,-18.0075,58.19625,91.27125,-4.664,-28.256,14.968,inter_set_rest,4,7.0,61315.0,273283.0,126117.0,261185.0,140121.0
2026-04-14 18:15:51.179776,850154,1609508044800796,5644770901,-0.558272,1.085312,-0.599264,-18.48,57.32125,87.675,-4.664,-28.256,14.968,inter_set_rest,4,7.0,61315.0,273283.0,126117.0,261185.0,140121.0
2026-04-14 18:15:51.189787,850155,1609508044809784,5644779645,-0.476288,0.989664,-0.597312,-20.79875,53.29625,83.9475,-4.864,-28.2,17.376001,inter_set_rest,4,7.0,61315.0,273283.0,126117.0,261185.0,140121.0
2026-04-14 18:15:51.206046,850156,1609508044824405,5644794692,-0.347456,1.011136,-0.238144,-22.925,47.50375,82.10125,-5.480001,-28.096,15.52,inter_set_rest,4,7.0,61315.0,273283.0,126117.0,261185.0,140121.0
2026-04-14 18:15:51.309931,850167,1609508044833333,5644803466,-0.347456,1.011136,-0.238144,-21.95375,44.05625,82.32875,-5.480001,-28.096,15.52,inter_set_rest,4,7.0,79235.0,282863.0,150774.0,270333.0,165371.0
2026-04-14 18:15:51.312482,850168,1609508044847974,5644816379,-0.300608,0.976,-0.366976,-25.10375,44.275,83.32625,-6.368001,-27.52,16.312,inter_set_rest,4,7.0,79235.0,282863.0,150774.0,270333.0,165371.0
2026-04-14 18:15:51.314571,850169,1609508044857215,5644827181,-0.300608,0.976,-0.366976,-28.83125,46.357502,81.33125,-6.368001,-27.52,16.312,inter_set_rest,4,7.0,79235.0,282863.0,150774.0,270333.0,165371.0
2026-04-14 18:15:51.317475,850170,1609508044866118,5644835838,-0.374784,1.032608,-0.41968,-25.71625,45.395,78.79375,-6.864,-27.688002,16.960001,inter_set_rest,4,7.0,79235.0,282863.0,150774.0,270333.0,165371.0
2026-04-14 18:15:51.319998,850171,1609508044880674,5644850791,-0.374784,1.032608,-0.41968,-20.755,44.45875,76.8775,-6.864,-27.688002,16.960001,inter_set_rest,4,7.0,79235.0,282863.0,150774.0,270333.0,165371.0
2026-04-14 18:15:51.322741,850172,1609508044889607,5644859488,-0.339648,1.09312,-0.406016,-17.115,42.875,75.705,-7.232,-26.712002,16.312,inter_set_rest,4,7.0,79235.0,282863.0,150774.0,270333.0,165371.0
2026-04-14 18:15:51.324399,850173,1609508044904113,5644872485,-0.275232,1.110688,-0.407968,-17.84125,41.763752,75.9675,-7.848001,-26.784,17.912,inter_set_rest,4,7.0,79235.0,282863.0,150774.0,270333.0,165371.0
2026-04-14 18:15:51.327106,850174,1609508044913364,5644883228,-0.275232,1.110688,-0.407968,-24.92,42.875,76.125,-7.848001,-26.784,17.912,inter_set_rest,4,7.0,79235.0,282863.0,150774.0,270333.0,165371.0
2026-04-14 18:15:51.332479,850175,1609508044922290,5644891931,-0.189344,1.032608,-0.325984,-33.81,43.8725,76.6675,-9.896001,-26.448002,18.304,inter_set_rest,4,7.0,79235.0,282863.0,150774.0,270333.0,165371.0
2026-04-14 18:15:51.360470,850186,1609508044937454,5644906880,-0.189344,1.032608,-0.325984,-33.53875,43.70625,76.44875,-8.408,-26.448002,18.304,inter_set_rest,4,7.0,88786.0,290562.0,163293.0,277417.0,178106.0
2026-04-14 18:15:51.362394,850187,1609508044946406,5644915611,-0.132736,1.08336,-0.288896,-25.05125,43.5575,77.46375,-8.912001,-26.28,18.464,inter_set_rest,4,7.0,88786.0,290562.0,163293.0,277417.0,178106.0
2026-04-14 18:15:51.364805,850188,1609508044960930,5644930548,-0.132736,1.08336,-0.288896,-17.57875,44.61625,79.03,-8.912001,-26.28,18.464,inter_set_rest,4,7.0,88786.0,290562.0,163293.0,277417.0,178106.0
2026-04-14 18:15:51.367338,850189,1609508044969878,5644939303,-0.218624,1.124352,-0.433344,-17.99875,46.50625,80.5525,-9.088,-25.464,18.976002,inter_set_rest,4,7.0,88786.0,290562.0,163293.0,277417.0,178106.0
2026-04-14 18:15:51.369336,850190,1609508044978913,5644948025,-0.218624,1.124352,-0.433344,-25.585001,49.63,83.57125,-9.088,-25.464,18.976002,inter_set_rest,4,7.0,88786.0,290562.0,163293.0,277417.0,178106.0
2026-04-14 18:15:51.372426,850191,1609508044993498,5644962945,-0.187392,1.075552,-0.406016,-33.22375,52.28125,85.435,-9.904,-25.072,20.272001,inter_set_rest,4,7.0,88786.0,290562.0,163293.0,277417.0,178106.0
2026-04-14 18:15:51.382448,850192,1609508045002538,5644971643,-0.187392,1.095072,-0.345504,-37.44125,52.64,86.26625,-9.904,-25.072,19.92,inter_set_rest,4,7.0,88786.0,290562.0,163293.0,277417.0,178106.0
2026-04-14 18:15:51.397477,850193,1609508045017006,5644986582,-0.21472,1.095072,-0.345504,-39.40125,51.31,86.87875,-8.864,-25.36,19.92,inter_set_rest,4,7.0,88786.0,290562.0,163293.0,277417.0,178106.0
2026-04-14 18:15:51.404598,850194,1609508045025953,5644995467,-0.152256,1.089216,-0.22448,-40.2675,50.21625,88.50625,-9.256001,-24.416,18.912,inter_set_rest,4,7.0,88786.0,290562.0,163293.0,277417.0,178106.0
2026-04-14 18:15:51.444681,850205,1609508045040732,5645010756,-0.152256,1.089216,-0.22448,-44.21375,53.725,91.72625,-9.256001,-24.416,18.912,inter_set_rest,4,7.0,111654.0,298510.0,194903.0,285594.0,209547.0
2026-04-14 18:15:51.446872,850206,1609508045049715,5645019510,-0.119072,1.10288,-0.404064,-47.78375,58.00375,96.425,-10.056001,-23.496,20.248001,inter_set_rest,4,7.0,111654.0,298510.0,194903.0,285594.0,209547.0
2026-04-14 18:15:51.449803,850207,1609508045058676,5645028251,-0.119072,1.10288,-0.404064,-53.96125,61.075,101.045,-10.056001,-23.496,20.248001,inter_set_rest,4,7.0,111654.0,298510.0,194903.0,285594.0,209547.0
2026-04-14 18:15:51.452335,850208,1609508045073254,5645043201,-0.160064,1.118496,-0.423584,-65.42375,65.21375,105.27125,-10.360001,-22.928001,21.12,inter_set_rest,4,7.0,111654.0,298510.0,194903.0,285594.0,209547.0
2026-04-14 18:15:51.463137,850209,1609508045082191,5645051895,-0.160064,1.118496,-0.423584,-74.33125,67.0775,107.6075,-10.360001,-22.928001,21.12,inter_set_rest,4,7.0,111654.0,298510.0,194903.0,285594.0,209547.0
2026-04-14 18:15:51.477475,850210,1609508045096696,5645066777,-0.025376,0.979904,-0.343552,-74.4625,66.85,111.34375,-10.544001,-21.68,24.696001,inter_set_rest,4,7.0,111654.0,298510.0,194903.0,285594.0,209547.0
2026-04-14 18:15:51.484909,850211,1609508045105625,5645075523,-0.001952,0.935008,-0.244,-76.72875,65.77375,115.01,-10.808001,-21.032001,21.296001,inter_set_rest,4,7.0,111654.0,298510.0,194903.0,285594.0,209547.0
2026-04-14 18:15:51.494514,850212,1609508045114670,5645084221,-0.001952,0.935008,-0.244,-75.53,62.06375,119.735,-10.808001,-21.032001,21.296001,inter_set_rest,4,7.0,111654.0,298510.0,194903.0,285594.0,209547.0
2026-04-14 18:15:51.510705,850213,1609508045129147,5645099095,0.02928,0.979904,-0.201056,-68.36375,59.05375,123.69,-10.296001,-20.672,21.672,inter_set_rest,4,7.0,111654.0,298510.0,194903.0,285594.0,209547.0
2026-04-14 18:15:51.541894,850224,1609508045138415,5645107877,0.02928,0.979904,-0.201056,-63.1575,58.52,128.695,-10.296001,-20.672,21.672,inter_set_rest,4,7.0,148699.0,298124.0,241208.0,285154.0,252935.0
2026-04-14 18:15:51.544383,850225,1609508045153078,5645122792,0.095648,0.882304,-0.197152,-62.2825,56.27125,133.14876,-10.496,-19.144001,22.216002,inter_set_rest,4,7.0,148699.0,298124.0,241208.0,285154.0,252935.0
2026-04-14 18:15:51.547383,850226,1609508045162155,5645131506,0.095648,0.882304,-0.197152,-60.935,52.2025,138.38126,-10.496,-19.144001,22.216002,inter_set_rest,4,7.0,148699.0,298124.0,241208.0,285154.0,252935.0
2026-04-14 18:15:51.549789,850227,1609508045171167,5645140443,0.132736,0.911584,-0.206912,-57.015,47.50375,141.32124,-11.056001,-18.720001,21.408,inter_set_rest,4,7.0,148699.0,298124.0,241208.0,285154.0,252935.0
2026-04-14 18:15:51.564837,850228,1609508045185746,5645155336,0.40016,0.796416,-0.124928,-53.29625,43.33,141.9075,-11.744,-17.616001,23.024,inter_set_rest,4,7.0,148699.0,298124.0,241208.0,285154.0,252935.0
2026-04-14 18:15:51.574915,850229,1609508045194739,5645164050,0.40016,0.796416,-0.124928,-54.20625,38.4475,143.28125,-11.744,-17.616001,23.024,inter_set_rest,4,7.0,148699.0,298124.0,241208.0,285154.0,252935.0
2026-04-14 18:15:51.613679,850230,1609508045209237,5645178985,0.464576,0.739808,-0.031232,-49.2975,33.67875,145.7575,-12.200001,-16.992,23.192001,inter_set_rest,4,7.0,148699.0,298124.0,241208.0,285154.0,252935.0
2026-04-14 18:15:51.616178,850231,1609508045218155,5645187676,0.464576,0.739808,-0.031232,-39.4275,33.005,145.92375,-12.200001,-16.992,23.192001,inter_set_rest,4,7.0,148699.0,298124.0,241208.0,285154.0,252935.0
2026-04-14 18:15:51.618680,850232,1609508045232658,5645202595,0.488,0.866688,0.101504,-31.29,34.8075,145.7225,-13.672001,-15.608001,24.408,inter_set_rest,4,7.0,148699.0,298124.0,241208.0,285154.0,252935.0
2026-04-14 18:15:51.668660,850243,1609508045241798,5645211813,0.488,0.866688,0.101504,-35.39375,34.93875,142.38,-13.672001,-15.608001,24.408,inter_set_rest,4,7.0,137734.0,299157.0,228215.0,286707.0,240275.0
2026-04-14 18:15:51.670753,850244,1609508045250847,5645220564,0.577792,0.700768,-0.179584,-44.87875,33.5825,140.0,-14.040001,-14.832001,24.168001,inter_set_rest,4,7.0,137734.0,299157.0,228215.0,286707.0,240275.0
2026-04-14 18:15:51.673560,850245,1609508045265355,5645235425,0.616832,0.626592,0.085888,-44.9225,29.54,136.42125,-14.768001,-13.984,26.992,inter_set_rest,4,7.0,137734.0,299157.0,228215.0,286707.0,240275.0
2026-04-14 18:15:51.676105,850246,1609508045274348,5645244158,0.616832,0.626592,0.085888,-34.95625,26.1625,132.18625,-14.768001,-13.984,26.992,inter_set_rest,4,7.0,137734.0,299157.0,228215.0,286707.0,240275.0
2026-04-14 18:15:51.678599,850247,1609508045288850,5645259109,0.667584,0.72224,0.220576,-26.18,29.70625,128.31,-14.344001,-13.104001,24.976002,inter_set_rest,4,7.0,137734.0,299157.0,228215.0,286707.0,240275.0
2026-04-14 18:15:51.680770,850248,1609508045297795,5645267800,0.667584,0.72224,0.220576,-27.3525,36.82,126.30625,-14.344001,-13.104001,24.976002,inter_set_rest,4,7.0,137734.0,299157.0,228215.0,286707.0,240275.0
2026-04-14 18:15:51.687073,850249,1609508045306752,5645276539,0.704672,0.476288,0.052704,-40.31125,40.76625,125.65,-14.320001,-12.696001,24.408,inter_set_rest,4,7.0,137734.0,299157.0,228215.0,286707.0,240275.0
2026-04-14 18:15:51.700688,850250,1609508045321291,5645291436,0.704672,0.476288,0.052704,-56.91,41.30875,127.74125,-14.320001,-12.696001,24.408,inter_set_rest,4,7.0,137734.0,299157.0,228215.0,286707.0,240275.0
2026-04-14 18:15:51.711186,850251,1609508045330235,5645300164,0.638304,0.417728,-0.013664,-56.58625,43.61875,132.32625,-13.656001,-11.576,24.960001,inter_set_rest,4,7.0,137734.0,299157.0,228215.0,286707.0,240275.0
2026-04-14 18:15:51.741012,850262,1609508045344879,5645315253,0.626592,0.343552,0.025376,-64.33875,46.025,133.67375,-13.656001,-9.528001,26.464,inter_set_rest,4,7.0,115056.0,300114.0,200298.0,288511.0,214440.0
2026-04-14 18:15:51.743512,850263,1609508045353930,5645324071,0.626592,0.343552,0.025376,-70.98875,48.405,135.485,-13.72,-9.784,26.464,inter_set_rest,4,7.0,115056.0,300114.0,200298.0,288511.0,214440.0
2026-04-14 18:15:51.746009,850264,1609508045368418,5645337009,0.618784,0.454816,0.095648,-84.91,51.26625,131.80125,-13.352,-8.496,25.776001,inter_set_rest,4,7.0,115056.0,300114.0,200298.0,288511.0,214440.0
2026-04-14 18:15:51.757363,850265,1609508045377883,5645347770,0.618784,0.454816,0.095648,-82.36375,51.275,131.005,-13.352,-8.496,25.776001,inter_set_rest,4,7.0,115056.0,300114.0,200298.0,288511.0,214440.0
2026-04-14 18:15:51.792491,850266,1609508045386844,5645356519,0.472384,0.32208,0.027328,-73.7625,50.16375,126.595,-14.408001,-6.56,28.472002,inter_set_rest,4,7.0,115056.0,300114.0,200298.0,288511.0,214440.0
2026-04-14 18:15:51.794544,850267,1609508045401314,5645371429,0.472384,0.32208,0.027328,-95.92625,54.8275,115.50875,-14.408001,-6.56,28.472002,inter_set_rest,4,7.0,115056.0,300114.0,200298.0,288511.0,214440.0
2026-04-14 18:15:51.797161,850268,1609508045410234,5645380144,0.495808,0.265472,0.160064,-117.25875,53.7075,121.8,-14.168,-4.64,27.456001,inter_set_rest,4,7.0,115056.0,300114.0,200298.0,288511.0,214440.0
2026-04-14 18:15:51.804575,850269,1609508045424770,5645395092,0.495808,0.265472,0.122976,-129.86751,49.8925,129.885,-14.168,-4.64,27.456001,inter_set_rest,4,7.0,115056.0,300114.0,200298.0,288511.0,214440.0
2026-04-14 18:15:51.813277,850270,1609508045433705,5645403787,0.550464,0.095648,0.122976,-139.27376,50.715,134.6275,-12.528001,-2.24,28.104002,inter_set_rest,4,7.0,115056.0,300114.0,200298.0,288511.0,214440.0
2026-04-14 18:15:51.843001,850281,1609508045442814,5645412878,0.550464,0.095648,0.122976,-145.10126,44.8525,134.085,-12.528001,-2.24,28.104002,inter_set_rest,4,7.0,104978.0,304550.0,186339.0,292676.0,201674.0
2026-04-14 18:15:51.846142,850282,1609508045457405,5645425781,0.466528,0.134688,0.040992,-143.70125,40.7575,127.225,-11.208,-0.76,26.808,inter_set_rest,4,7.0,104978.0,304550.0,186339.0,292676.0,201674.0
2026-04-14 18:15:51.848652,850283,1609508045466626,5645436540,0.618784,0.499712,-0.179584,-147.7175,38.75375,123.340004,-10.328,2.824,27.184002,inter_set_rest,4,7.0,104978.0,304550.0,186339.0,292676.0,201674.0
2026-04-14 18:15:51.862519,850284,1609508045481275,5645451457,0.618784,0.499712,-0.179584,-168.98,36.54875,126.72625,-10.328,2.824,27.184002,inter_set_rest,4,7.0,104978.0,304550.0,186339.0,292676.0,201674.0
2026-04-14 18:15:51.870006,850285,1609508045490206,5645460233,0.794464,0.470432,0.005856,-208.2325,28.14,125.08125,-11.000001,6.496,26.808,inter_set_rest,4,7.0,104978.0,304550.0,186339.0,292676.0,201674.0
2026-04-14 18:15:51.878671,850286,1609508045499165,5645468907,0.794464,0.470432,0.005856,-249.4625,17.675,120.4175,-11.000001,6.496,26.808,inter_set_rest,4,7.0,104978.0,304550.0,186339.0,292676.0,201674.0
2026-04-14 18:15:51.893680,850287,1609508045513689,5645483792,0.759328,-0.023424,0.124928,-279.57126,0.1225,121.54625,-10.552,10.272,26.744001,inter_set_rest,4,7.0,104978.0,304550.0,186339.0,292676.0,201674.0
2026-04-14 18:15:51.901170,850288,1609508045522770,5645492520,0.759328,-0.023424,0.124928,-280.23624,-19.81,119.74375,-10.552,10.272,26.744001,inter_set_rest,4,7.0,104978.0,304550.0,186339.0,292676.0,201674.0
2026-04-14 18:15:51.942467,850299,1609508045537312,5645507397,0.774944,-0.132736,0.423584,-248.29875,-34.50125,112.81375,-9.592,12.608001,25.04,inter_set_rest,4,7.0,164248.0,337383.0,260976.0,324920.0,272495.0
2026-04-14 18:15:51.944931,850300,1609508045546278,5645516157,0.474336,0.099552,0.671488,-199.73625,-41.29125,102.19125,-9.592,14.840001,24.336,inter_set_rest,4,7.0,164248.0,337383.0,260976.0,324920.0,272495.0
2026-04-14 18:15:51.947383,850301,1609508045560847,5645531187,0.474336,0.099552,0.671488,-159.97626,-48.97375,82.20625,-9.728001,14.840001,24.336,inter_set_rest,4,7.0,164248.0,337383.0,260976.0,324920.0,272495.0
2026-04-14 18:15:51.949920,850302,1609508045569797,5645539881,0.113216,0.530944,0.286944,-118.6325,-68.32,84.30625,-10.016001,16.016,23.832,inter_set_rest,4,7.0,164248.0,337383.0,260976.0,324920.0,272495.0
2026-04-14 18:15:51.989407,850303,1609508045578786,5645548587,0.113216,0.530944,0.286944,-83.65,-80.85875,86.1875,-10.016001,16.016,23.832,inter_set_rest,4,7.0,164248.0,337383.0,260976.0,324920.0,272495.0
2026-04-14 18:15:51.991840,850304,1609508045593267,5645563485,0.599264,-0.169824,0.491904,-65.05625,-67.655,68.85375,-10.408001,16.664001,24.904001,inter_set_rest,4,7.0,164248.0,337383.0,260976.0,324920.0,272495.0
2026-04-14 18:15:51.994266,850305,1609508045602216,5645572182,0.599264,-0.169824,0.491904,-61.53875,-45.40375,52.5525,-10.408001,16.664001,24.904001,inter_set_rest,4,7.0,164248.0,337383.0,260976.0,324920.0,272495.0
2026-04-14 18:15:52.009271,850306,1609508045616724,5645587075,0.726144,-0.259616,0.298656,-56.04375,-44.1175,37.75625,-10.664001,17.472,22.944,inter_set_rest,4,7.0,164248.0,337383.0,260976.0,324920.0,272495.0
2026-04-14 18:15:52.011826,850307,1609508045625763,5645595754,0.726144,-0.259616,0.298656,-29.61875,-42.201252,17.85875,-10.664001,17.472,22.944,inter_set_rest,4,7.0,164248.0,337383.0,260976.0,324920.0,272495.0
2026-04-14 18:15:52.043365,850318,1609508045640403,5645610737,0.74176,-0.074176,0.222528,-3.92,-40.5475,5.565,-10.888001,17.12,23.224,inter_set_rest,4,7.0,169075.0,343651.0,267892.0,332650.0,276031.0
2026-04-14 18:15:52.045879,850319,1609508045649412,5645619503,0.778848,-0.099552,0.22448,4.33125,-39.61125,-0.175,-12.848001,17.296001,23.576,inter_set_rest,4,7.0,169075.0,343651.0,267892.0,332650.0,276031.0
2026-04-14 18:15:52.048352,850320,1609508045658397,5645628207,0.778848,-0.099552,0.22448,12.7225,-38.94625,-2.8875,-12.848001,17.296001,23.576,inter_set_rest,4,7.0,169075.0,343651.0,267892.0,332650.0,276031.0
2026-04-14 18:15:52.054586,850321,1609508045672983,5645643135,0.743712,-0.173728,0.238144,33.81875,-37.23125,-3.94625,-12.832001,16.864,24.128,inter_set_rest,4,7.0,169075.0,343651.0,267892.0,332650.0,276031.0
2026-04-14 18:15:52.060742,850322,1609508045681938,5645651860,0.743712,-0.173728,0.238144,50.81125,-34.81625,-4.795,-12.832001,16.864,24.128,inter_set_rest,4,7.0,169075.0,343651.0,267892.0,332650.0,276031.0
2026-04-14 18:15:52.077103,850323,1609508045696468,5645666749,0.757376,-0.199104,0.193248,49.70875,-31.2375,-3.815,-12.280001,16.04,23.28,inter_set_rest,4,7.0,169075.0,343651.0,267892.0,332650.0,276031.0
2026-04-14 18:15:52.085866,850324,1609508045705406,5645675465,0.757376,-0.199104,0.193248,37.7125,-24.47375,-4.6025,-12.280001,16.04,23.28,inter_set_rest,4,7.0,169075.0,343651.0,267892.0,332650.0,276031.0
2026-04-14 18:15:52.095733,850325,1609508045714408,5645684205,0.833504,-0.023424,0.36112,30.96625,-15.96,-7.42875,-12.512001,15.784,25.632002,inter_set_rest,4,7.0,169075.0,343651.0,267892.0,332650.0,276031.0
2026-04-14 18:15:52.109213,850326,1609508045728941,5645699197,0.841312,0.035136,0.306464,35.2275,-7.98,-9.35375,-12.280001,15.200001,22.832,inter_set_rest,4,7.0,169075.0,343651.0,267892.0,332650.0,276031.0
2026-04-14 18:15:52.143278,850337,1609508045737855,5645708286,0.841312,0.035136,0.306464,43.58375,-2.4325,-9.79125,-12.280001,15.200001,22.832,inter_set_rest,4,7.0,124973.0,329441.0,213728.0,321458.0,226489.0
2026-04-14 18:15:52.145842,850338,1609508045752497,5645721197,0.843264,0.0,0.435296,46.41,2.065,-10.9375,-12.672001,14.76,23.528002,inter_set_rest,4,7.0,124973.0,329441.0,213728.0,321458.0,226489.0
2026-04-14 18:15:52.148315,850339,1609508045761813,5645732000,0.843264,0.0,0.435296,41.8075,6.3,-13.877501,-12.672001,14.76,23.528002,inter_set_rest,4,7.0,124973.0,329441.0,213728.0,321458.0,226489.0
2026-04-14 18:15:52.155875,850340,1609508045776535,5645744974,0.952576,-0.037088,0.103456,36.81125,9.7125,-17.85875,-12.712001,13.976001,24.2,inter_set_rest,4,7.0,124973.0,329441.0,213728.0,321458.0,226489.0
2026-04-14 18:15:52.167167,850341,1609508045785829,5645755718,0.952576,-0.037088,0.103456,36.365,11.57625,-19.3375,-12.712001,13.976001,24.2,inter_set_rest,4,7.0,124973.0,329441.0,213728.0,321458.0,226489.0
2026-04-14 18:15:52.173347,850342,1609508045794766,5645764483,0.954528,0.040992,0.199104,40.25875,11.095,-18.38375,-13.256001,13.568001,22.44,inter_set_rest,4,7.0,124973.0,329441.0,213728.0,321458.0,226489.0
2026-04-14 18:15:52.189511,850343,1609508045809254,5645779427,0.915488,0.072224,0.316224,39.27875,10.10625,-17.64,-12.744,13.784,24.224,inter_set_rest,4,7.0,124973.0,329441.0,213728.0,321458.0,226489.0
2026-04-14 18:15:52.199375,850344,1609508045818173,5645788117,0.915488,0.072224,0.316224,24.64875,8.1375,-18.45375,-12.744,13.784,24.224,inter_set_rest,4,7.0,124973.0,329441.0,213728.0,321458.0,226489.0
2026-04-14 18:15:52.213483,850345,1609508045832822,5645803037,1.022848,0.07808,0.308416,-0.77875,6.9825,-19.62625,-12.576,13.648001,23.856,inter_set_rest,4,7.0,124973.0,329441.0,213728.0,321458.0,226489.0
2026-04-14 18:15:52.244909,850356,1609508045842444,5645811816,1.022848,0.07808,0.308416,-13.51875,6.15125,-20.4925,-12.576,13.648001,23.856,inter_set_rest,4,7.0,96697.0,301090.0,179257.0,298434.0,192825.0
2026-04-14 18:15:52.246988,850357,1609508045851424,5645820601,0.958432,0.095648,0.16592,-6.2475,3.64875,-20.20375,-13.568001,13.968,24.960001,inter_set_rest,4,7.0,96697.0,301090.0,179257.0,298434.0,192825.0
2026-04-14 18:15:52.249893,850358,1609508045866039,5645835720,0.958432,0.095648,0.16592,2.51125,0.9975,-22.23375,-13.568001,13.968,24.960001,inter_set_rest,4,7.0,96697.0,301090.0,179257.0,298434.0,192825.0
2026-04-14 18:15:52.254928,850359,1609508045874987,5645844444,0.94672,0.060512,0.486048,1.63625,-3.01,-21.1925,-13.944,14.240001,24.472002,inter_set_rest,4,7.0,96697.0,301090.0,179257.0,298434.0,192825.0
2026-04-14 18:15:52.270729,850360,1609508045889490,5645859363,0.940864,0.025376,0.407968,-9.65125,-4.12125,-16.70375,-13.296001,13.704,23.464,inter_set_rest,4,7.0,96697.0,301090.0,179257.0,298434.0,192825.0
2026-04-14 18:15:52.278193,850361,1609508045898411,5645868048,0.940864,0.025376,0.407968,-20.5625,-2.5375,-10.54375,-13.296001,13.704,23.464,inter_set_rest,4,7.0,96697.0,301090.0,179257.0,298434.0,192825.0
2026-04-14 18:15:52.285606,850362,1609508045907505,5645876782,0.940864,0.025376,0.407968,-27.16875,0.35,-6.195,-13.296001,13.704,23.464,inter_set_rest,4,7.0,96697.0,301090.0,179257.0,298434.0,192825.0
2026-04-14 18:15:52.301042,850363,1609508045921936,5645891731,1.030656,-0.046848,0.314272,-23.21375,2.66,-0.13125,-13.072001,13.920001,25.176,inter_set_rest,4,7.0,96697.0,301090.0,179257.0,298434.0,192825.0
2026-04-14 18:15:52.309323,850364,1609508045930925,5645900442,1.057984,0.040992,0.324032,-17.3775,3.01,3.47375,-13.864,14.800001,25.112001,inter_set_rest,4,7.0,96697.0,301090.0,179257.0,298434.0,192825.0
2026-04-14 18:15:52.395418,850375,1609508045945590,5645915765,1.057984,0.040992,0.324032,-15.75875,1.42625,2.0475,-13.864,14.800001,25.112001,inter_set_rest,4,7.0,82874.0,282595.0,161897.0,282881.0,174590.0
2026-04-14 18:15:52.395525,850376,1609508045954598,5645924505,0.872544,0.134688,0.288896,-16.485,2.00375,-0.55125,-14.256001,15.072001,25.456001,inter_set_rest,4,7.0,82874.0,282595.0,161897.0,282881.0,174590.0
2026-04-14 18:15:52.397966,850377,1609508045963549,5645933268,0.872544,0.134688,0.288896,-19.4775,3.185,-2.975,-14.256001,15.072001,25.456001,inter_set_rest,4,7.0,82874.0,282595.0,161897.0,282881.0,174590.0
2026-04-14 18:15:52.401059,850378,1609508045978104,5645948156,1.079456,-0.060512,0.464576,-30.625,4.31375,-4.03375,-14.656001,15.6,25.192001,inter_set_rest,4,7.0,82874.0,282595.0,161897.0,282881.0,174590.0
2026-04-14 18:15:52.403022,850379,1609508045987086,5645956887,1.079456,-0.060512,0.464576,-39.48875,4.31375,-3.4825,-14.656001,15.6,25.192001,inter_set_rest,4,7.0,82874.0,282595.0,161897.0,282881.0,174590.0
2026-04-14 18:15:52.406996,850380,1609508046001569,5645971836,0.976,-0.101504,0.189344,-35.07,1.93375,-5.2675,-14.6,15.608001,24.664001,inter_set_rest,4,7.0,82874.0,282595.0,161897.0,282881.0,174590.0
2026-04-14 18:15:52.434410,850381,1609508046010513,5645980567,0.987712,-0.031232,0.44896,-26.3375,-2.695,-9.56375,-13.792001,15.672001,23.640001,inter_set_rest,4,7.0,82874.0,282595.0,161897.0,282881.0,174590.0
2026-04-14 18:15:52.436235,850382,1609508046025069,5645993493,0.987712,-0.031232,0.44896,-20.23875,-5.32,-12.3725,-13.792001,15.672001,23.640001,inter_set_rest,4,7.0,82874.0,282595.0,161897.0,282881.0,174590.0
2026-04-14 18:15:52.439044,850383,1609508046034375,5646004326,0.931104,-0.02928,0.528992,-13.545,-5.10125,-12.52125,-14.112,15.784,23.712002,inter_set_rest,4,7.0,82874.0,282595.0,161897.0,282881.0,174590.0
2026-04-14 18:15:52.465648,850394,1609508046043708,5646013079,0.931104,-0.02928,0.528992,-8.02375,-4.025,-11.05125,-14.112,15.784,23.712002,inter_set_rest,4,7.0,91030.0,292538.0,172748.0,291822.0,185934.0
2026-04-14 18:15:52.468461,850395,1609508046058281,5646028059,0.970144,-0.148352,0.296704,-9.63375,-3.15875,-9.89625,-13.744,15.824,23.800001,inter_set_rest,4,7.0,91030.0,292538.0,172748.0,291822.0,185934.0
2026-04-14 18:15:52.470514,850396,1609508046067397,5646036753,0.970144,-0.148352,0.296704,-12.285,-4.52375,-7.5775,-13.744,15.824,23.800001,inter_set_rest,4,7.0,91030.0,292538.0,172748.0,291822.0,185934.0
2026-04-14 18:15:52.473065,850397,1609508046081981,5646051753,0.935008,-0.115168,0.187392,-12.075,-9.44125,-1.54875,-13.976001,16.344,22.984001,inter_set_rest,4,7.0,91030.0,292538.0,172748.0,291822.0,185934.0
2026-04-14 18:15:52.475942,850398,1609508046090998,5646060488,0.784704,-0.023424,0.23424,-9.86125,-14.30625,2.87875,-13.288001,15.792001,22.056002,inter_set_rest,4,7.0,91030.0,292538.0,172748.0,291822.0,185934.0
2026-04-14 18:15:52.480627,850399,1609508046099974,5646069422,0.784704,-0.023424,0.23424,-7.53375,-18.01625,8.35625,-13.288001,15.792001,22.056002,inter_set_rest,4,7.0,91030.0,292538.0,172748.0,291822.0,185934.0
2026-04-14 18:15:52.494765,850400,1609508046114503,5646084360,0.890112,-0.091744,0.357216,-3.01875,-20.15125,14.70875,-13.648001,16.248001,22.160002,inter_set_rest,4,7.0,91030.0,292538.0,172748.0,291822.0,185934.0
2026-04-14 18:15:52.501932,850401,1609508046123605,5646093185,0.890112,-0.091744,0.357216,-2.33625,-21.55125,20.44875,-13.648001,16.248001,22.160002,inter_set_rest,4,7.0,91030.0,292538.0,172748.0,291822.0,185934.0
2026-04-14 18:15:52.518270,850402,1609508046138262,5646108086,0.769088,-0.07808,0.140544,-4.165,-24.255,25.515,-14.504001,17.144001,24.232,inter_set_rest,4,7.0,91030.0,292538.0,172748.0,291822.0,185934.0
2026-04-14 18:15:52.545664,850413,1609508046147472,5646116961,0.769088,-0.07808,0.140544,-3.3425,-27.3525,31.36875,-14.504001,17.144001,24.232,inter_set_rest,4,7.0,92410.0,292958.0,175177.0,292367.0,188389.0
2026-04-14 18:15:52.548661,850414,1609508046156452,5646125740,0.735904,-0.011712,0.091744,-2.80875,-29.96875,34.39625,-13.968,16.848001,22.384,inter_set_rest,4,7.0,92410.0,292958.0,175177.0,292367.0,188389.0
2026-04-14 18:15:52.552918,850415,1609508046171306,5646141119,0.6832,-0.00976,0.144448,-5.39,-32.5675,35.21,-13.864,16.824001,21.848001,inter_set_rest,4,7.0,92410.0,292958.0,175177.0,292367.0,188389.0
2026-04-14 18:15:52.561878,850416,1609508046180271,5646149851,0.6832,-0.00976,0.144448,-10.07125,-34.44875,35.14875,-13.864,16.824001,21.848001,inter_set_rest,4,7.0,92410.0,292958.0,175177.0,292367.0,188389.0
2026-04-14 18:15:52.574736,850417,1609508046194787,5646164771,0.696864,-0.066368,0.3416,-8.96,-35.035,37.16125,-13.904,17.12,21.576,inter_set_rest,4,7.0,92410.0,292958.0,175177.0,292367.0,188389.0
2026-04-14 18:15:52.582327,850418,1609508046203881,5646173536,0.696864,-0.066368,0.3416,-4.1825,-33.888752,39.71625,-13.904,17.12,21.576,inter_set_rest,4,7.0,92410.0,292958.0,175177.0,292367.0,188389.0
2026-04-14 18:15:52.594854,850419,1609508046212853,5646182229,0.76128,-0.1464,0.347456,-5.08375,-31.29,39.9175,-14.584001,17.664001,23.008001,inter_set_rest,4,7.0,92410.0,292958.0,175177.0,292367.0,188389.0
2026-04-14 18:15:52.607484,850420,1609508046227417,5646197137,0.76128,-0.1464,0.347456,-6.39625,-31.14125,41.43125,-14.584001,17.664001,23.008001,inter_set_rest,4,7.0,92410.0,292958.0,175177.0,292367.0,188389.0
2026-04-14 18:15:52.617459,850421,1609508046236350,5646205832,0.650016,-0.162016,0.298656,-4.585,-32.19125,42.84,-13.872001,17.664001,22.528002,inter_set_rest,4,7.0,92410.0,292958.0,175177.0,292367.0,188389.0
2026-04-14 18:15:52.646968,850432,1609508046251331,5646220896,0.655872,0.005856,0.269376,-1.54875,-31.745,41.37875,-14.216001,17.488,22.624,inter_set_rest,4,7.0,83679.0,305419.0,163638.0,300363.0,176203.0
2026-04-14 18:15:52.649374,850433,1609508046260317,5646229639,0.655872,0.005856,0.269376,9.37125,-26.215,36.88125,-14.216001,17.488,22.624,inter_set_rest,4,7.0,83679.0,305419.0,163638.0,300363.0,176203.0
2026-04-14 18:15:52.653735,850434,1609508046269292,5646238416,0.655872,0.005856,0.269376,17.9375,-18.99625,31.84125,-14.216001,17.488,22.624,inter_set_rest,4,7.0,83679.0,305419.0,163638.0,300363.0,176203.0
2026-04-14 18:15:52.662377,850435,1609508046283912,5646253384,0.75152,-0.037088,0.16592,3.15,-11.8825,25.4975,-14.312,18.0,21.232,inter_set_rest,4,7.0,83679.0,305419.0,163638.0,300363.0,176203.0
2026-04-14 18:15:52.673536,850436,1609508046292841,5646262075,0.755424,-0.203008,-0.037088,-23.6425,-4.2525,20.9825,-13.536,18.36,21.776001,inter_set_rest,4,7.0,83679.0,305419.0,163638.0,300363.0,176203.0
2026-04-14 18:15:52.686855,850437,1609508046307471,5646276963,0.755424,-0.203008,-0.037088,-33.74,0.4725,17.955,-13.536,18.36,21.776001,inter_set_rest,4,7.0,83679.0,305419.0,163638.0,300363.0,176203.0
2026-04-14 18:15:52.714550,850438,1609508046316419,5646285674,0.759328,-0.244,0.181536,-29.1375,4.31375,15.77625,-13.144001,18.872002,21.056002,inter_set_rest,4,7.0,83679.0,305419.0,163638.0,300363.0,176203.0
2026-04-14 18:15:52.739350,850439,1609508046330927,5646300573,0.759328,-0.183488,0.044896,-22.75,8.4,14.91,-13.144001,18.872002,21.056002,inter_set_rest,4,7.0,83679.0,305419.0,163638.0,300363.0,176203.0
2026-04-14 18:15:52.743949,850440,1609508046339822,5646309266,0.835456,-0.183488,0.044896,-14.3325,12.24125,16.7475,-13.224001,19.080002,21.416,inter_set_rest,4,7.0,83679.0,305419.0,163638.0,300363.0,176203.0
2026-04-14 18:15:52.769842,850451,1609508046348992,5646318079,0.835456,-0.183488,0.044896,-6.39625,14.761251,16.66,-13.224001,19.080002,21.416,inter_set_rest,4,7.0,74680.0,303525.0,152302.0,298223.0,164800.0
2026-04-14 18:15:52.772343,850452,1609508046363477,5646333000,0.851072,-0.122976,0.300608,-4.06,13.825,12.94125,-13.432001,18.864,22.872002,inter_set_rest,4,7.0,74680.0,303525.0,152302.0,298223.0,164800.0
2026-04-14 18:15:52.774800,850453,1609508046372422,5646341743,0.892064,-0.232288,0.347456,-7.97125,10.77125,9.6075,-12.68,19.352001,23.264002,inter_set_rest,4,7.0,74680.0,303525.0,152302.0,298223.0,164800.0
2026-04-14 18:15:52.777478,850454,1609508046386983,5646356794,0.892064,-0.232288,0.347456,-9.87,11.2175,10.05375,-12.68,19.352001,23.264002,inter_set_rest,4,7.0,74680.0,303525.0,152302.0,298223.0,164800.0
2026-04-14 18:15:52.779894,850455,1609508046395925,5646365494,0.970144,-0.265472,0.076128,-5.99375,14.07875,12.04875,-12.440001,19.096,21.488,inter_set_rest,4,7.0,74680.0,303525.0,152302.0,298223.0,164800.0
2026-04-14 18:15:52.783177,850456,1609508046404880,5646374218,0.970144,-0.265472,0.076128,3.99,13.85125,13.72875,-12.440001,19.096,21.488,inter_set_rest,4,7.0,74680.0,303525.0,152302.0,298223.0,164800.0
2026-04-14 18:15:52.804539,850457,1609508046419391,5646389150,1.120448,-0.1952,0.244,9.9575,10.7625,13.51875,-13.248001,19.792002,22.296001,inter_set_rest,4,7.0,74680.0,303525.0,152302.0,298223.0,164800.0
2026-04-14 18:15:52.807488,850458,1609508046428336,5646397877,1.120448,-0.1952,0.244,10.35125,6.5975,13.32625,-13.248001,19.792002,22.296001,inter_set_rest,4,7.0,74680.0,303525.0,152302.0,298223.0,164800.0
2026-04-14 18:15:52.846959,850469,1609508046442821,5646412739,1.048224,-0.206912,0.42944,10.5,1.2775,9.91375,-12.72,19.576,22.68,inter_set_rest,4,7.0,92093.0,307500.0,175025.0,304017.0,187403.0
2026-04-14 18:15:52.849778,850470,1609508046451842,5646421468,1.048224,-0.197152,0.267424,14.56875,4.89125,8.47,-12.72,19.576,24.728,inter_set_rest,4,7.0,92093.0,307500.0,175025.0,304017.0,187403.0
2026-04-14 18:15:52.852341,850471,1609508046466395,5646436366,1.100928,-0.197152,0.267424,17.61375,10.045,12.29375,-12.944,19.336,24.864,inter_set_rest,4,7.0,92093.0,307500.0,175025.0,304017.0,187403.0
2026-04-14 18:15:52.854388,850472,1609508046475344,5646445168,1.030656,-0.21472,0.197152,14.56,11.41,8.54,-13.032001,19.424002,22.960001,inter_set_rest,4,7.0,92093.0,307500.0,175025.0,304017.0,187403.0
2026-04-14 18:15:52.863496,850473,1609508046484368,5646453875,1.030656,-0.21472,0.197152,11.15625,16.1,10.08,-13.032001,19.424002,22.960001,inter_set_rest,4,7.0,92093.0,307500.0,175025.0,304017.0,187403.0
2026-04-14 18:15:52.879757,850474,1609508046498892,5646468780,1.050176,-0.171776,0.277184,4.3925,20.1775,11.41875,-11.704,19.312,21.68,inter_set_rest,4,7.0,92093.0,307500.0,175025.0,304017.0,187403.0
2026-04-14 18:15:52.888643,850475,1609508046507978,5646477461,1.050176,-0.171776,0.277184,0.56875,22.26,9.59875,-11.704,19.312,21.68,inter_set_rest,4,7.0,92093.0,307500.0,175025.0,304017.0,187403.0
2026-04-14 18:15:52.901174,850476,1609508046522464,5646492430,1.0248,-0.140544,0.099552,0.83125,21.51625,5.50375,-11.200001,19.224,21.608002,inter_set_rest,4,7.0,92093.0,307500.0,175025.0,304017.0,187403.0
2026-04-14 18:15:52.913705,850477,1609508046531397,5646501133,1.0248,-0.140544,0.099552,0.1225,22.4,1.05,-11.200001,19.224,21.608002,inter_set_rest,4,7.0,92093.0,307500.0,175025.0,304017.0,187403.0
2026-04-14 18:15:52.949429,850488,1609508046546468,5646516040,0.915488,-0.187392,0.269376,-5.2325,20.29125,-4.61125,-11.64,19.984001,21.464,inter_set_rest,4,7.0,71497.0,296844.0,147710.0,294013.0,159231.0
2026-04-14 18:15:52.952406,850489,1609508046555549,5646524861,1.007232,-0.208864,-0.021472,-11.55875,18.87375,-6.1075,-12.552001,20.28,24.072,inter_set_rest,4,7.0,71497.0,296844.0,147710.0,294013.0,159231.0
2026-04-14 18:15:52.952512,850490,1609508046564506,5646533623,1.007232,-0.208864,-0.021472,-12.8975,20.06375,-4.36625,-12.552001,20.28,24.072,inter_set_rest,4,7.0,71497.0,296844.0,147710.0,294013.0,159231.0
2026-04-14 18:15:52.958252,850491,1609508046579145,5646548588,1.00528,-0.281088,0.062464,-9.065,21.51625,-4.3225,-12.072001,19.960001,22.936,inter_set_rest,4,7.0,71497.0,296844.0,147710.0,294013.0,159231.0
2026-04-14 18:15:52.968609,850492,1609508046588089,5646557277,1.00528,-0.281088,0.062464,-3.395,22.3825,-3.56125,-12.072001,19.960001,22.936,inter_set_rest,4,7.0,71497.0,296844.0,147710.0,294013.0,159231.0
2026-04-14 18:15:52.980696,850493,1609508046602573,5646572236,0.976,-0.193248,0.140544,7.39375,26.425,-2.82625,-10.536,19.584002,22.408,inter_set_rest,4,7.0,71497.0,296844.0,147710.0,294013.0,159231.0
2026-04-14 18:15:52.992388,850494,1609508046611554,5646580952,0.976,-0.193248,0.140544,13.79875,28.1575,-5.215,-10.536,19.584002,22.408,inter_set_rest,4,7.0,71497.0,296844.0,147710.0,294013.0,159231.0
2026-04-14 18:15:52.999793,850495,1609508046620494,5646589629,0.911584,-0.158112,0.177632,12.18875,26.880001,-4.47125,-9.92,19.304,23.12,inter_set_rest,4,7.0,71497.0,296844.0,147710.0,294013.0,159231.0
2026-04-14 18:15:53.017504,850496,1609508046634991,5646604496,0.968192,-0.247904,0.173728,5.36375,23.68625,2.07375,-10.304001,19.76,24.400002,inter_set_rest,4,7.0,71497.0,296844.0,147710.0,294013.0,159231.0
2026-04-14 18:15:53.073670,850507,1609508046643988,5646613530,0.968192,-0.247904,0.173728,-2.23125,21.9625,10.9025,-10.304001,19.76,24.400002,inter_set_rest,4,7.0,121777.0,315610.0,212623.0,305155.0,225630.0
2026-04-14 18:15:53.098684,850508,1609508046658574,5646628429,1.091168,-0.310368,0.15616,-0.7175,26.18875,15.95125,-9.88,19.896002,23.696001,inter_set_rest,4,7.0,121777.0,315610.0,212623.0,305155.0,225630.0
2026-04-14 18:15:53.123177,850509,1609508046667626,5646637261,1.091168,-0.310368,0.15616,10.605001,26.775,18.147501,-9.88,19.896002,23.696001,inter_set_rest,4,7.0,121777.0,315610.0,212623.0,305155.0,225630.0
2026-04-14 18:15:53.126390,850510,1609508046676567,5646645959,1.003328,-0.201056,-0.074176,23.05625,25.2,20.1425,-9.872001,19.640001,23.944,inter_set_rest,4,7.0,121777.0,315610.0,212623.0,305155.0,225630.0
2026-04-14 18:15:53.131105,850511,1609508046691127,5646660871,1.003328,-0.201056,-0.074176,29.77625,19.285,18.4275,-9.872001,19.640001,23.944,inter_set_rest,4,7.0,121777.0,315610.0,212623.0,305155.0,225630.0
2026-04-14 18:15:53.133606,850512,1609508046700100,5646669622,0.880352,-0.103456,0.236192,25.7075,13.0725,18.75125,-9.440001,19.448002,23.776001,inter_set_rest,4,7.0,121777.0,315610.0,212623.0,305155.0,225630.0
2026-04-14 18:15:53.135662,850513,1609508046714604,5646684539,0.733952,-0.216672,0.18544,13.81625,11.698751,18.5675,-9.736,19.816002,25.36,inter_set_rest,4,7.0,121777.0,315610.0,212623.0,305155.0,225630.0
2026-04-14 18:15:53.138136,850514,1609508046723574,5646693203,0.733952,-0.216672,0.18544,5.50375,14.46375,19.48625,-9.736,19.816002,25.36,inter_set_rest,4,7.0,121777.0,315610.0,212623.0,305155.0,225630.0
2026-04-14 18:15:53.141106,850515,1609508046738115,5646708140,0.720288,-0.089792,0.070272,4.76,16.30125,21.77,-9.544001,19.712002,24.976002,inter_set_rest,4,7.0,121777.0,315610.0,212623.0,305155.0,225630.0
2026-04-14 18:15:53.168666,850526,1609508046747485,5646716866,0.720288,-0.089792,0.070272,0.5775,16.52875,20.0375,-9.544001,19.712002,24.976002,inter_set_rest,4,7.0,152520.0,319748.0,248940.0,307801.0,258547.0
2026-04-14 18:15:53.170780,850527,1609508046756518,5646725600,0.677344,-0.066368,-0.081984,-8.42625,16.07375,17.053751,-9.536,19.576,24.152,inter_set_rest,4,7.0,152520.0,319748.0,248940.0,307801.0,258547.0
2026-04-14 18:15:53.173719,850528,1609508046771180,5646740607,0.677344,-0.066368,-0.081984,-16.56375,12.31125,13.25625,-9.536,19.576,24.152,inter_set_rest,4,7.0,152520.0,319748.0,248940.0,307801.0,258547.0
2026-04-14 18:15:53.175741,850529,1609508046780128,5646749300,0.661728,-0.179584,0.031232,-25.55875,7.48125,9.42375,-8.696,20.296001,23.816002,inter_set_rest,4,7.0,152520.0,319748.0,248940.0,307801.0,258547.0
2026-04-14 18:15:53.178396,850530,1609508046794670,5646764252,0.708576,-0.154208,0.259616,-36.53125,3.35125,7.07875,-8.952001,21.192001,23.488,inter_set_rest,4,7.0,152520.0,319748.0,248940.0,307801.0,258547.0
2026-04-14 18:15:53.183714,850531,1609508046803630,5646773000,0.708576,-0.154208,0.259616,-43.28625,1.785,5.3725,-8.952001,21.192001,23.488,inter_set_rest,4,7.0,152520.0,319748.0,248940.0,307801.0,258547.0
2026-04-14 18:15:53.191198,850532,1609508046812589,5646781718,0.708576,-0.154208,0.259616,-43.7675,1.77625,3.14125,-8.952001,21.192001,23.488,inter_set_rest,4,7.0,152520.0,319748.0,248940.0,307801.0,258547.0
2026-04-14 18:15:53.208898,850533,1609508046827083,5646796680,0.755424,-0.115168,-0.00976,-45.01875,2.00375,-1.72375,-7.496,21.272001,23.272001,inter_set_rest,4,7.0,152520.0,319748.0,248940.0,307801.0,258547.0
2026-04-14 18:15:53.214293,850534,1609508046836075,5646805386,0.862784,-0.216672,-0.02928,-45.52625,-1.12,-5.88,-8.696,21.504002,21.816002,inter_set_rest,4,7.0,152520.0,319748.0,248940.0,307801.0,258547.0
2026-04-14 18:15:53.249473,850545,1609508046850769,5646820953,0.862784,-0.216672,-0.02928,-42.7875,-5.95875,-7.27125,-8.696,21.504002,21.816002,inter_set_rest,4,7.0,172810.0,331049.0,273946.0,318487.0,281232.0
2026-04-14 18:15:53.252249,850546,1609508046859755,5646829713,0.862784,-0.304512,0.238144,-40.355,-10.54375,-7.35875,-8.816,21.920002,22.664001,inter_set_rest,4,7.0,172810.0,331049.0,273946.0,318487.0,281232.0
2026-04-14 18:15:53.254411,850547,1609508046874271,5646842636,0.862784,-0.304512,0.271328,-35.53375,-13.755,-6.965,-8.816,21.920002,22.664001,inter_set_rest,4,7.0,172810.0,331049.0,273946.0,318487.0,281232.0
2026-04-14 18:15:53.263675,850548,1609508046883548,5646853419,0.83936,-0.201056,0.271328,-23.87875,-15.30375,-7.44625,-8.608001,21.864,22.720001,inter_set_rest,4,7.0,172810.0,331049.0,273946.0,318487.0,281232.0
2026-04-14 18:15:53.273753,850549,1609508046892506,5646862283,0.83936,-0.201056,0.271328,-17.4475,-13.93,-8.645,-8.608001,21.864,22.720001,inter_set_rest,4,7.0,172810.0,331049.0,273946.0,318487.0,281232.0
2026-04-14 18:15:53.287060,850550,1609508046907095,5646877165,0.823744,-0.197152,0.216672,-14.035,-9.86125,-9.292501,-8.336,21.992,20.720001,inter_set_rest,4,7.0,172810.0,331049.0,273946.0,318487.0,281232.0
2026-04-14 18:15:53.296184,850551,1609508046916177,5646886055,0.899872,-0.277184,0.171776,-8.9775,-5.8275,-10.185,-9.744,22.176,21.656,inter_set_rest,4,7.0,172810.0,331049.0,273946.0,318487.0,281232.0
2026-04-14 18:15:53.309452,850552,1609508046930691,5646900964,0.899872,-0.277184,0.171776,0.65625,-1.7675,-10.5,-9.744,22.176,21.656,inter_set_rest,4,7.0,172810.0,331049.0,273946.0,318487.0,281232.0
2026-04-14 18:15:53.319351,850553,1609508046939775,5646909654,0.89792,-0.314272,0.001952,9.91375,2.03,-10.84125,-9.464001,21.784,21.872002,inter_set_rest,4,7.0,172810.0,331049.0,273946.0,318487.0,281232.0
2026-04-14 18:15:53.354574,850564,1609508046948913,5646918403,0.89792,-0.314272,0.001952,12.7575,5.4775,-11.94375,-9.464001,21.784,21.872002,inter_set_rest,4,7.0,129759.0,316635.0,220495.0,306132.0,231214.0
2026-04-14 18:15:53.357132,850565,1609508046963503,5646933418,0.79056,-0.290848,0.081984,11.10375,8.6975,-12.0575,-10.088,21.736002,22.544,inter_set_rest,4,7.0,129759.0,316635.0,220495.0,306132.0,231214.0
2026-04-14 18:15:53.359609,850566,1609508046972445,5646942126,0.79056,-0.290848,0.081984,7.46375,11.1475,-12.45125,-10.088,21.736002,22.544,inter_set_rest,4,7.0,129759.0,316635.0,220495.0,306132.0,231214.0
2026-04-14 18:15:53.367174,850567,1609508046987004,5646957060,0.901824,-0.300608,0.162016,10.57875,14.035,-11.8475,-9.248,21.488,22.664001,inter_set_rest,4,7.0,129759.0,316635.0,220495.0,306132.0,231214.0
2026-04-14 18:15:53.374429,850568,1609508046995962,5646965788,0.837408,-0.236192,0.259616,20.22125,16.4675,-12.22375,-9.144,21.024,24.144001,inter_set_rest,4,7.0,129759.0,316635.0,220495.0,306132.0,231214.0
2026-04-14 18:15:53.384649,850569,1609508047004942,5646974487,0.837408,-0.236192,0.259616,25.9875,20.125,-15.12875,-9.144,21.024,24.144001,inter_set_rest,4,7.0,129759.0,316635.0,220495.0,306132.0,231214.0
2026-04-14 18:15:53.400860,850570,1609508047019470,5646989368,0.884256,-0.238144,0.25376,28.0,22.00625,-16.45875,-9.024,21.072,23.296001,inter_set_rest,4,7.0,129759.0,316635.0,220495.0,306132.0,231214.0
2026-04-14 18:15:53.408908,850571,1609508047028451,5646998109,0.884256,-0.238144,0.25376,27.09,23.21375,-16.8175,-9.024,21.072,23.296001,inter_set_rest,4,7.0,129759.0,316635.0,220495.0,306132.0,231214.0
2026-04-14 18:15:53.423219,850572,1609508047042982,5647013026,0.847168,-0.169824,0.265472,27.2475,22.16375,-19.7225,-8.664001,20.216002,23.888,inter_set_rest,4,7.0,129759.0,316635.0,220495.0,306132.0,231214.0
2026-04-14 18:15:53.502142,850583,1609508047052156,5647021884,0.847168,-0.169824,0.265472,25.69,18.095,-24.10625,-8.664001,20.216002,23.888,inter_set_rest,4,7.0,47786.0,241162.0,112505.0,246803.0,122859.0
2026-04-14 18:15:53.503024,850584,1609508047066793,5647036992,0.757376,-0.109312,0.177632,20.62375,14.875,-26.76625,-9.536,20.296001,23.720001,inter_set_rest,4,7.0,47786.0,241162.0,112505.0,246803.0,122859.0
2026-04-14 18:15:53.505549,850585,1609508047075787,5647045688,0.757376,-0.152256,0.070272,14.0525,12.03125,-28.49,-9.536,20.296001,23.720001,inter_set_rest,4,7.0,47786.0,241162.0,112505.0,246803.0,122859.0
2026-04-14 18:15:53.509934,850586,1609508047084891,5647054446,0.911584,-0.152256,0.070272,2.23125,8.155,-30.38875,-9.672001,20.368,23.968,inter_set_rest,4,7.0,47786.0,241162.0,112505.0,246803.0,122859.0
2026-04-14 18:15:53.513643,850587,1609508047099398,5647069357,0.977952,-0.187392,0.281088,-8.198751,6.4225,-32.62875,-9.136001,20.616001,24.464,inter_set_rest,4,7.0,47786.0,241162.0,112505.0,246803.0,122859.0
2026-04-14 18:15:53.523954,850588,1609508047108455,5647078125,0.977952,-0.187392,0.281088,-12.24125,4.62875,-34.763752,-9.136001,20.616001,24.464,inter_set_rest,4,7.0,47786.0,241162.0,112505.0,246803.0,122859.0
2026-04-14 18:15:53.525603,850589,1609508047123022,5647093057,0.94672,-0.255712,0.37088,-13.15125,2.975,-38.01,-10.784,20.6,24.576,inter_set_rest,4,7.0,47786.0,241162.0,112505.0,246803.0,122859.0
2026-04-14 18:15:53.527258,850590,1609508047131993,5647101778,0.94672,-0.255712,0.37088,-14.81375,2.52875,-39.6025,-10.784,20.6,24.576,inter_set_rest,4,7.0,47786.0,241162.0,112505.0,246803.0,122859.0
2026-04-14 18:15:53.527456,850591,1609508047141007,5647110513,0.942816,-0.294752,0.210816,-13.475,3.10625,-34.36125,-10.904,20.352001,23.496,inter_set_rest,4,7.0,47786.0,241162.0,112505.0,246803.0,122859.0
2026-04-14 18:15:53.552079,850602,1609508047155579,5647125598,0.942816,-0.294752,0.210816,-5.67875,4.12125,-24.70125,-10.904,20.352001,23.496,inter_set_rest,4,7.0,49398.0,250570.0,115232.0,256084.0,126407.0
2026-04-14 18:15:53.554355,850603,1609508047164542,5647134353,0.905728,-0.228384,0.460672,1.32125,4.12125,-15.12875,-9.072001,20.104,21.12,inter_set_rest,4,7.0,49398.0,250570.0,115232.0,256084.0,126407.0
2026-04-14 18:15:53.558469,850604,1609508047179396,5647149440,0.845216,-0.130784,0.46848,4.13,3.0625,-8.09375,-9.344001,19.744001,22.376001,inter_set_rest,4,7.0,49398.0,250570.0,115232.0,256084.0,126407.0
2026-04-14 18:15:53.568663,850605,1609508047188378,5647158141,0.845216,-0.130784,0.46848,4.8825,3.10625,-5.46875,-9.344001,19.744001,22.376001,inter_set_rest,4,7.0,49398.0,250570.0,115232.0,256084.0,126407.0
2026-04-14 18:15:53.576999,850606,1609508047197449,5647166829,0.882304,-0.083936,0.491904,6.50125,3.955,-6.1425,-10.280001,20.04,24.352001,inter_set_rest,4,7.0,49398.0,250570.0,115232.0,256084.0,126407.0
2026-04-14 18:15:53.595971,850607,1609508047211942,5647181742,0.882304,-0.083936,0.491904,4.9875,2.59,-8.74125,-10.280001,20.04,24.352001,inter_set_rest,4,7.0,49398.0,250570.0,115232.0,256084.0,126407.0
2026-04-14 18:15:53.599426,850608,1609508047220929,5647190569,0.815936,-0.115168,0.488,-2.1525,0.14,-10.255,-9.792001,19.928001,23.392,inter_set_rest,4,7.0,49398.0,250570.0,115232.0,256084.0,126407.0
2026-04-14 18:15:53.614866,850609,1609508047235418,5647205473,0.815936,-0.115168,0.488,-11.76875,-2.73,-9.8,-9.792001,19.928001,23.392,inter_set_rest,4,7.0,49398.0,250570.0,115232.0,256084.0,126407.0
2026-04-14 18:15:53.625696,850610,1609508047244378,5647214178,0.812032,-0.236192,0.36112,-20.09,-4.38375,-9.5725,-10.312,19.808,20.84,inter_set_rest,4,7.0,49398.0,250570.0,115232.0,256084.0,126407.0
2026-04-14 18:15:53.653493,850621,1609508047259095,5647229484,0.74176,-0.152256,0.447008,-22.07625,-4.9875,-9.59875,-9.216001,20.152,22.192001,inter_set_rest,4,7.0,53730.0,256482.0,122083.0,261955.0,133596.0
2026-04-14 18:15:53.658702,850622,1609508047268235,5647238233,0.74176,-0.152256,0.447008,-18.31375,-6.93875,-11.4975,-9.216001,20.152,22.192001,inter_set_rest,4,7.0,53730.0,256482.0,122083.0,261955.0,133596.0
2026-04-14 18:15:53.661219,850623,1609508047277318,5647246990,0.788608,-0.13664,0.30256,-12.145,-8.4875,-14.14875,-9.216001,20.152,21.128,inter_set_rest,4,7.0,53730.0,256482.0,122083.0,261955.0,133596.0
2026-04-14 18:15:53.672142,850624,1609508047291943,5647261924,0.788608,-0.13664,0.30256,-10.33375,-9.38,-15.4,-9.896001,19.888,21.128,inter_set_rest,4,7.0,53730.0,256482.0,122083.0,261955.0,133596.0
2026-04-14 18:15:53.680017,850625,1609508047301075,5647270629,0.825696,-0.210816,0.523136,-16.38,-10.49125,-14.77,-10.552,20.624,22.856,inter_set_rest,4,7.0,53730.0,256482.0,122083.0,261955.0,133596.0
2026-04-14 18:15:53.713551,850626,1609508047315551,5647285513,0.825696,-0.210816,0.523136,-25.48,-10.4825,-11.7775,-10.552,20.624,22.856,inter_set_rest,4,7.0,53730.0,256482.0,122083.0,261955.0,133596.0
2026-04-14 18:15:53.716036,850627,1609508047324473,5647294197,0.794464,-0.230336,0.443104,-31.01,-9.94,-9.1175,-11.304001,20.480001,21.52,inter_set_rest,4,7.0,53730.0,256482.0,122083.0,261955.0,133596.0
2026-04-14 18:15:53.718224,850628,1609508047333411,5647302894,0.794464,-0.230336,0.443104,-27.22125,-10.00125,-7.56,-11.304001,20.480001,21.52,inter_set_rest,4,7.0,53730.0,256482.0,122083.0,261955.0,133596.0
2026-04-14 18:15:53.753543,850639,1609508047348032,5647317774,0.774944,-0.167872,0.343552,-18.5325,-10.42125,-5.36375,-10.216001,20.904001,21.448002,inter_set_rest,4,7.0,54472.0,257059.0,123303.0,262416.0,134795.0
2026-04-14 18:15:53.756198,850640,1609508047357138,5647326599,0.774944,-0.167872,0.343552,-14.9275,-11.27875,-5.25,-10.216001,20.904001,21.448002,inter_set_rest,4,7.0,54472.0,257059.0,123303.0,262416.0,134795.0
2026-04-14 18:15:53.761249,850641,1609508047371667,5647341526,0.894016,-0.216672,0.286944,-16.1875,-11.38375,-3.675,-10.424001,20.832,20.84,inter_set_rest,4,7.0,54472.0,257059.0,123303.0,262416.0,134795.0
2026-04-14 18:15:53.763700,850642,1609508047380646,5647350279,0.919392,-0.249856,0.488,-18.83,-10.68375,-2.38,-10.856001,21.216002,21.984001,inter_set_rest,4,7.0,54472.0,257059.0,123303.0,262416.0,134795.0
2026-04-14 18:15:53.775003,850643,1609508047395168,5647365224,0.919392,-0.249856,0.488,-20.9475,-11.0775,-1.7675,-10.856001,21.216002,21.984001,inter_set_rest,4,7.0,54472.0,257059.0,123303.0,262416.0,134795.0
2026-04-14 18:15:53.784582,850644,1609508047404090,5647374057,0.823744,-0.265472,0.181536,-19.85375,-11.9,0.385,-11.016001,21.640001,22.408,inter_set_rest,4,7.0,54472.0,257059.0,123303.0,262416.0,134795.0
2026-04-14 18:15:53.793535,850645,1609508047413197,5647382764,0.823744,-0.265472,0.181536,-17.29875,-13.7725,0.875,-11.016001,21.640001,22.408,inter_set_rest,4,7.0,54472.0,257059.0,123303.0,262416.0,134795.0
2026-04-14 18:15:53.818519,850646,1609508047427700,5647397643,0.864736,-0.201056,0.300608,-12.705,-16.31,0.28875,-11.832001,21.608002,20.936,inter_set_rest,4,7.0,54472.0,257059.0,123303.0,262416.0,134795.0
2026-04-14 18:15:53.820761,850647,1609508047436617,5647406370,0.864736,-0.201056,0.300608,-10.3775,-16.6075,1.14625,-11.832001,21.608002,20.936,inter_set_rest,4,7.0,54472.0,257059.0,123303.0,262416.0,134795.0
2026-04-14 18:15:53.879410,850658,1609508047451760,5647421280,0.870592,-0.267424,0.16592,-12.10125,-15.82,2.24,-11.544001,21.784,22.544,inter_set_rest,4,7.0,47654.0,232452.0,112556.0,241137.0,123148.0
2026-04-14 18:15:53.881955,850659,1609508047460867,5647430252,0.83936,-0.23424,0.347456,-14.665,-14.91875,2.33625,-10.928,21.624,21.128,inter_set_rest,4,7.0,47654.0,232452.0,112556.0,241137.0,123148.0
2026-04-14 18:15:53.888537,850660,1609508047469781,5647438939,0.83936,-0.23424,0.347456,-13.3,-13.335,3.10625,-10.928,21.624,21.128,inter_set_rest,4,7.0,47654.0,232452.0,112556.0,241137.0,123148.0
2026-04-14 18:15:53.888620,850661,1609508047484309,5647453832,0.813984,-0.17568,0.325984,-10.85,-11.2875,3.92875,-10.776001,21.616001,20.784,inter_set_rest,4,7.0,47654.0,232452.0,112556.0,241137.0,123148.0
2026-04-14 18:15:53.889432,850662,1609508047493348,5647462538,0.813984,-0.17568,0.325984,-12.32,-8.09375,3.57,-10.776001,21.616001,20.784,inter_set_rest,4,7.0,47654.0,232452.0,112556.0,241137.0,123148.0
2026-04-14 18:15:53.891813,850663,1609508047507861,5647477416,0.9272,-0.21472,0.255712,-19.06625,-6.65,2.28375,-11.216001,22.136002,20.696001,inter_set_rest,4,7.0,47654.0,232452.0,112556.0,241137.0,123148.0
2026-04-14 18:15:53.895620,850664,1609508047516804,5647486111,0.9272,-0.21472,0.255712,-29.42625,-5.67,0.665,-11.216001,22.136002,20.696001,inter_set_rest,4,7.0,47654.0,232452.0,112556.0,241137.0,123148.0
2026-04-14 18:15:53.905653,850665,1609508047525728,5647494845,0.929152,-0.300608,0.101504,-36.26875,-5.11875,1.44375,-11.072001,22.584002,20.272001,inter_set_rest,4,7.0,47654.0,232452.0,112556.0,241137.0,123148.0
2026-04-14 18:15:53.918550,850666,1609508047540241,5647509824,0.823744,-0.279136,0.085888,-35.4725,-4.305,2.1,-10.792001,22.512001,21.984001,inter_set_rest,4,7.0,47654.0,232452.0,112556.0,241137.0,123148.0
2026-04-14 18:15:53.953235,850677,1609508047549210,5647518506,0.823744,-0.279136,0.085888,-26.425,-4.10375,0.90125,-10.792001,22.512001,21.984001,inter_set_rest,4,7.0,47760.0,219831.0,113379.0,230737.0,124356.0
2026-04-14 18:15:53.955734,850678,1609508047563847,5647533456,0.85888,-0.13664,0.191296,-16.135,-4.1125,-0.0175,-11.72,23.376001,20.992,inter_set_rest,4,7.0,47760.0,219831.0,113379.0,230737.0,124356.0
2026-04-14 18:15:53.958678,850679,1609508047572850,5647542150,0.85888,-0.13664,0.191296,-15.5225,-3.5525,-1.60125,-11.72,23.376001,20.992,inter_set_rest,4,7.0,47760.0,219831.0,113379.0,230737.0,124356.0
2026-04-14 18:15:53.967158,850680,1609508047587346,5647557071,0.915488,-0.177632,0.333792,-23.10875,-1.89875,-3.56125,-12.120001,23.528002,21.096,inter_set_rest,4,7.0,47760.0,219831.0,113379.0,230737.0,124356.0
2026-04-14 18:15:53.975282,850681,1609508047596272,5647565785,0.915488,-0.177632,0.333792,-29.26,-2.10875,-5.18,-12.120001,23.528002,21.096,inter_set_rest,4,7.0,47760.0,219831.0,113379.0,230737.0,124356.0
2026-04-14 18:15:53.983185,850682,1609508047605198,5647574506,0.940864,-0.20496,0.368928,-31.71875,-1.2425,-4.9175,-11.704,23.784,20.704,inter_set_rest,4,7.0,47760.0,219831.0,113379.0,230737.0,124356.0
2026-04-14 18:15:53.999798,850683,1609508047619703,5647589443,0.894016,-0.255712,0.316224,-34.08125,-0.6125,-6.16,-11.704,23.632002,19.880001,inter_set_rest,4,7.0,47760.0,219831.0,113379.0,230737.0,124356.0
2026-04-14 18:15:54.009903,850684,1609508047628748,5647598132,0.894016,-0.255712,0.316224,-33.95,-0.805,-7.39375,-11.792001,23.632002,19.880001,inter_set_rest,4,7.0,47760.0,219831.0,113379.0,230737.0,124356.0
2026-04-14 18:15:54.022453,850685,1609508047643256,5647613028,0.913536,-0.218624,0.240096,-26.9325,-0.2625,-8.47875,-11.224001,23.848001,19.544,inter_set_rest,4,7.0,47760.0,219831.0,113379.0,230737.0,124356.0
2026-04-14 18:15:54.055782,850697,1609508047652881,5647621779,0.913536,-0.218624,0.240096,-13.08125,-0.1575,-10.10625,-11.224001,23.848001,19.544,inter_set_rest,4,7.0,61084.0,246586.0,134501.0,255180.0,146600.0
2026-04-14 18:15:54.058680,850698,1609508047662463,5647632655,0.853024,-0.132736,0.275232,-1.5925,-0.245,-11.03375,-11.176001,23.888,19.528002,inter_set_rest,4,7.0,61084.0,246586.0,134501.0,255180.0,146600.0
2026-04-14 18:15:54.061174,850699,1609508047677014,5647645516,0.853024,-0.132736,0.275232,-1.91625,-0.2275,-12.136251,-11.176001,23.888,19.528002,inter_set_rest,4,7.0,61084.0,246586.0,134501.0,255180.0,146600.0
2026-04-14 18:15:54.066582,850700,1609508047686355,5647656300,0.84912,-0.189344,0.189344,-7.6825,-0.35875,-12.075,-11.216001,23.768002,19.816002,inter_set_rest,4,7.0,61084.0,246586.0,134501.0,255180.0,146600.0
2026-04-14 18:15:54.075766,850701,1609508047695299,5647665172,0.84912,-0.189344,0.189344,-11.55,-0.84875,-11.36625,-11.216001,23.768002,19.816002,inter_set_rest,4,7.0,61084.0,246586.0,134501.0,255180.0,146600.0
2026-04-14 18:15:54.091032,850702,1609508047709860,5647680115,0.796416,-0.218624,0.080032,-11.34875,-1.575,-10.10625,-12.352,24.072,19.528002,inter_set_rest,4,7.0,61084.0,246586.0,134501.0,255180.0,146600.0
2026-04-14 18:15:54.098571,850703,1609508047718863,5647688962,0.796416,-0.218624,0.080032,-7.34125,-1.68875,-8.12,-12.352,24.072,19.528002,inter_set_rest,4,7.0,61084.0,246586.0,134501.0,255180.0,146600.0
2026-04-14 18:15:54.113248,850704,1609508047733542,5647703861,0.854976,-0.206912,0.245952,-1.63625,-1.46125,-5.95875,-11.528001,23.728,19.728,inter_set_rest,4,7.0,61084.0,246586.0,134501.0,255180.0,146600.0
2026-04-14 18:15:54.122480,850705,1609508047742488,5647712552,0.825696,-0.181536,0.072224,2.87875,-1.23375,-2.98375,-11.096001,23.808,19.592001,inter_set_rest,4,7.0,61084.0,246586.0,134501.0,255180.0,146600.0
2026-04-14 18:15:54.154804,850716,1609508047757105,5647725487,0.825696,-0.181536,0.072224,8.3125,0.42,-0.41125,-11.096001,23.808,19.592001,inter_set_rest,4,7.0,76329.0,296368.0,154769.0,295323.0,166870.0
2026-04-14 18:15:54.160816,850717,1609508047766520,5647736343,0.83936,-0.124928,0.050752,12.53875,1.6275,0.69125,-11.984,23.904001,20.784,inter_set_rest,4,7.0,76329.0,296368.0,154769.0,295323.0,166870.0
2026-04-14 18:15:54.161017,850718,1609508047775478,5647745050,0.83936,-0.124928,0.050752,14.67375,3.325,1.16375,-11.984,23.904001,20.784,inter_set_rest,4,7.0,76329.0,296368.0,154769.0,295323.0,166870.0
2026-04-14 18:15:54.184776,850719,1609508047790005,5647760057,0.944768,-0.183488,0.23424,12.845,3.745,1.855,-12.392,24.208002,20.84,inter_set_rest,4,7.0,76329.0,296368.0,154769.0,295323.0,166870.0
2026-04-14 18:15:54.210344,850720,1609508047798937,5647768746,0.944768,-0.183488,0.23424,11.06,3.395,3.395,-12.392,24.208002,20.84,inter_set_rest,4,7.0,76329.0,296368.0,154769.0,295323.0,166870.0
2026-04-14 18:15:54.212437,850721,1609508047813595,5647783708,0.954528,-0.1952,0.220576,15.09375,4.7775,5.45125,-11.808001,23.720001,19.472,inter_set_rest,4,7.0,76329.0,296368.0,154769.0,295323.0,166870.0
2026-04-14 18:15:54.214581,850722,1609508047822539,5647792419,0.847168,-0.140544,0.037088,21.595,6.1425,6.50125,-10.936001,23.552002,20.328001,inter_set_rest,4,7.0,76329.0,296368.0,154769.0,295323.0,166870.0
2026-04-14 18:15:54.217477,850723,1609508047831452,5647801119,0.847168,-0.140544,0.037088,25.2175,9.345,6.3,-10.936001,23.552002,20.328001,inter_set_rest,4,7.0,76329.0,296368.0,154769.0,295323.0,166870.0
2026-04-14 18:15:54.226177,850724,1609508047846100,5647816025,0.884256,-0.10736,0.0976,26.6875,11.83,6.475,-10.648001,22.960001,20.36,inter_set_rest,4,7.0,76329.0,296368.0,154769.0,295323.0,166870.0
2026-04-14 18:15:54.255665,850735,1609508047855564,5647824789,0.884256,-0.10736,0.0976,27.2825,12.20625,6.27375,-10.648001,22.960001,20.36,inter_set_rest,4,7.0,69303.0,299563.0,144369.0,295667.0,156180.0
2026-04-14 18:15:54.263882,850736,1609508047870164,5647839972,0.876448,-0.122976,-0.007808,27.23,10.6575,6.22125,-11.264001,23.288002,22.968,inter_set_rest,4,7.0,69303.0,299563.0,144369.0,295667.0,156180.0
2026-04-14 18:15:54.275291,850737,1609508047879109,5647848739,0.876448,-0.122976,-0.007808,25.96125,8.785,5.88,-11.264001,23.288002,22.968,inter_set_rest,4,7.0,69303.0,299563.0,144369.0,295667.0,156180.0
2026-04-14 18:15:54.275359,850738,1609508047888040,5647857412,0.942816,-0.0976,0.228384,24.045,7.72625,5.53875,-11.864,23.176,23.304,inter_set_rest,4,7.0,69303.0,299563.0,144369.0,295667.0,156180.0
2026-04-14 18:15:54.282233,850739,1609508047902580,5647872454,0.964288,-0.130784,0.12688,20.615,6.9475,5.985,-11.168,22.664001,21.752,inter_set_rest,4,7.0,69303.0,299563.0,144369.0,295667.0,156180.0
2026-04-14 18:15:54.291020,850740,1609508047911535,5647881161,0.964288,-0.130784,0.12688,17.64875,5.8975,5.9675,-11.168,22.664001,21.752,inter_set_rest,4,7.0,69303.0,299563.0,144369.0,295667.0,156180.0
2026-04-14 18:15:54.306031,850741,1609508047926089,5647896090,0.89792,-0.06832,0.242048,17.0625,5.1975,5.9325,-10.192,21.984001,21.352001,inter_set_rest,4,7.0,69303.0,299563.0,144369.0,295667.0,156180.0
2026-04-14 18:15:54.314447,850742,1609508047935214,5647904794,0.89792,-0.06832,0.242048,18.41875,4.89125,5.5825,-10.192,21.984001,21.352001,inter_set_rest,4,7.0,69303.0,299563.0,144369.0,295667.0,156180.0
2026-04-14 18:15:54.354863,850743,1609508047949754,5647919773,0.964288,-0.121024,0.244,16.7825,4.34,5.06625,-9.76,22.224,21.104,inter_set_rest,4,7.0,69303.0,299563.0,144369.0,295667.0,156180.0
2026-04-14 18:15:54.382386,850754,1609508047958770,5647928473,0.964288,-0.121024,0.244,14.1225,3.3425,5.01375,-9.76,22.224,21.104,inter_set_rest,4,7.0,60571.0,288483.0,131717.0,285801.0,143327.0
2026-04-14 18:15:54.384815,850755,1609508047967685,5647937185,0.931104,-0.158112,0.017568,12.9325,1.61875,5.11,-9.864,22.264002,22.448002,inter_set_rest,4,7.0,60571.0,288483.0,131717.0,285801.0,143327.0
2026-04-14 18:15:54.386901,850756,1609508047982307,5647952130,0.89792,-0.081984,0.269376,12.425,-0.14875,5.1625,-10.76,22.368002,24.576,inter_set_rest,4,7.0,60571.0,288483.0,131717.0,285801.0,143327.0
2026-04-14 18:15:54.389872,850757,1609508047991344,5647960912,0.89792,-0.081984,0.269376,12.29375,-0.945,5.46875,-10.76,22.368002,24.576,inter_set_rest,4,7.0,60571.0,288483.0,131717.0,285801.0,143327.0
2026-04-14 18:15:54.391912,850758,1609508048006030,5647975838,0.925248,-0.134688,0.187392,11.7075,-1.7325,5.88875,-10.704,21.768002,22.84,inter_set_rest,4,7.0,60571.0,288483.0,131717.0,285801.0,143327.0
2026-04-14 18:15:54.394347,850759,1609508048015133,5647984594,0.925248,-0.134688,0.187392,9.31875,-1.4875,6.16875,-10.704,21.768002,22.84,inter_set_rest,4,7.0,60571.0,288483.0,131717.0,285801.0,143327.0
2026-04-14 18:15:54.402446,850760,1609508048024097,5647993357,0.911584,-0.160064,0.085888,6.615,-0.23625,7.49875,-10.488001,22.128,22.880001,inter_set_rest,4,7.0,60571.0,288483.0,131717.0,285801.0,143327.0
2026-04-14 18:15:54.418701,850761,1609508048038569,5648008379,0.911584,-0.160064,0.085888,2.51125,1.2075,8.6625,-10.488001,22.128,22.880001,inter_set_rest,4,7.0,60571.0,288483.0,131717.0,285801.0,143327.0
2026-04-14 18:15:54.427183,850762,1609508048047485,5648017115,0.884256,-0.142496,0.251808,-1.44375,2.44125,8.40875,-9.6,21.792002,22.000002,inter_set_rest,4,7.0,60571.0,288483.0,131717.0,285801.0,143327.0
2026-04-14 18:15:54.455925,850773,1609508048062328,5648032325,0.931104,-0.179584,0.124928,-1.12,2.7475,7.7525,-9.6,21.792002,19.704,inter_set_rest,4,7.0,55981.0,278430.0,125034.0,277441.0,136398.0
2026-04-14 18:15:54.458519,850774,1609508048071339,5648041039,0.923296,-0.179584,0.124928,1.84625,2.87875,6.965,-9.472,21.888,19.704,inter_set_rest,4,7.0,55981.0,278430.0,125034.0,277441.0,136398.0
2026-04-14 18:15:54.461017,850775,1609508048080428,5648049724,0.923296,-0.179584,0.124928,2.9925,3.00125,6.32625,-9.472,21.888,19.704,inter_set_rest,4,7.0,55981.0,278430.0,125034.0,277441.0,136398.0
2026-04-14 18:15:54.474851,850776,1609508048095155,5648064690,0.827648,-0.140544,0.11712,1.6975,2.59875,6.6675,-9.728001,22.016,20.688002,inter_set_rest,4,7.0,55981.0,278430.0,125034.0,277441.0,136398.0
2026-04-14 18:15:54.482450,850777,1609508048104100,5648073416,0.853024,-0.163968,0.113216,-3.38625,2.40625,7.2275,-10.584001,22.480001,22.896002,inter_set_rest,4,7.0,55981.0,278430.0,125034.0,277441.0,136398.0
2026-04-14 18:15:54.498666,850778,1609508048118618,5648088346,0.853024,-0.163968,0.113216,-7.07,2.44125,7.42,-10.584001,22.480001,22.896002,inter_set_rest,4,7.0,55981.0,278430.0,125034.0,277441.0,136398.0
2026-04-14 18:15:54.507500,850779,1609508048127536,5648097046,0.823744,-0.12688,0.130784,-8.75,3.465,6.65875,-9.192,22.024,21.976002,inter_set_rest,4,7.0,55981.0,278430.0,125034.0,277441.0,136398.0
2026-04-14 18:15:54.522168,850780,1609508048142047,5648111965,0.823744,-0.12688,0.130784,-8.14625,4.19125,5.17125,-9.192,22.024,21.976002,inter_set_rest,4,7.0,55981.0,278430.0,125034.0,277441.0,136398.0
2026-04-14 18:15:54.573633,850781,1609508048151052,5648120653,0.8296,-0.171776,0.113216,-7.98875,4.235,3.7975,-8.896001,22.256,19.896002,inter_set_rest,4,7.0,55981.0,278430.0,125034.0,277441.0,136398.0
2026-04-14 18:15:54.603459,850792,1609508048160012,5648129430,0.8296,-0.171776,0.113216,-10.57875,4.61125,3.96375,-8.896001,22.256,19.896002,inter_set_rest,4,7.0,52212.0,267891.0,119285.0,268693.0,130294.0
2026-04-14 18:15:54.605692,850793,1609508048174532,5648144375,0.831552,-0.212768,0.06832,-13.20375,5.10125,4.6375,-9.112,22.44,22.640001,inter_set_rest,4,7.0,52212.0,267891.0,119285.0,268693.0,130294.0
2026-04-14 18:15:54.608674,850794,1609508048183462,5648153080,0.925248,-0.181536,0.181536,-11.61125,5.46875,4.17375,-9.52,22.696001,22.560001,inter_set_rest,4,7.0,52212.0,267891.0,119285.0,268693.0,130294.0
2026-04-14 18:15:54.610686,850795,1609508048197929,5648167961,0.925248,-0.181536,0.181536,-7.39375,6.20375,3.33375,-9.52,22.696001,22.560001,inter_set_rest,4,7.0,52212.0,267891.0,119285.0,268693.0,130294.0
2026-04-14 18:15:54.613193,850796,1609508048207012,5648176654,0.825696,-0.105408,0.128832,-5.01375,6.195,2.94875,-9.608001,22.672,22.552002,inter_set_rest,4,7.0,52212.0,267891.0,119285.0,268693.0,130294.0
2026-04-14 18:15:54.615777,850797,1609508048221701,5648191586,0.825696,-0.105408,0.128832,-7.25375,6.5275,3.78875,-9.608001,22.672,22.552002,inter_set_rest,4,7.0,52212.0,267891.0,119285.0,268693.0,130294.0
2026-04-14 18:15:54.618726,850798,1609508048230782,5648200318,0.84912,-0.17568,0.138592,-15.417501,6.93875,5.17125,-9.432,23.096,22.104002,inter_set_rest,4,7.0,52212.0,267891.0,119285.0,268693.0,130294.0
2026-04-14 18:15:54.620795,850799,1609508048239849,5648209026,0.84912,-0.17568,0.138592,-23.1525,8.14625,6.57125,-9.432,23.096,22.104002,inter_set_rest,4,7.0,52212.0,267891.0,119285.0,268693.0,130294.0
2026-04-14 18:15:54.670754,850810,1609508048255006,5648223883,0.821792,-0.193248,0.187392,-25.62,10.19375,7.98875,-9.344001,23.28,22.736002,inter_set_rest,4,7.0,49816.0,257782.0,115717.0,260673.0,126505.0
2026-04-14 18:15:54.684851,850811,1609508048264048,5648232703,0.862784,-0.179584,0.144448,-23.5725,12.24125,7.14,-9.336,23.584002,22.016,inter_set_rest,4,7.0,49816.0,257782.0,115717.0,260673.0,126505.0
2026-04-14 18:15:54.685516,850812,1609508048273379,5648243534,0.862784,-0.179584,0.144448,-18.6025,12.6875,5.6525,-9.336,23.584002,22.016,inter_set_rest,4,7.0,49816.0,257782.0,115717.0,260673.0,126505.0
2026-04-14 18:15:54.685761,850813,1609508048287905,5648256363,0.938912,-0.162016,0.339648,-16.28375,11.795,4.61125,-8.216001,23.176,21.072,inter_set_rest,4,7.0,49816.0,257782.0,115717.0,260673.0,126505.0
2026-04-14 18:15:54.685940,850814,1609508048297287,5648267135,0.938912,-0.162016,0.339648,-17.26375,11.94375,4.2525,-8.216001,23.176,21.072,inter_set_rest,4,7.0,49816.0,257782.0,115717.0,260673.0,126505.0
2026-04-14 18:15:54.692195,850815,1609508048311879,5648282089,0.958432,-0.1952,0.275232,-20.265,10.9375,3.94625,-9.016001,23.584002,22.104002,inter_set_rest,4,7.0,49816.0,257782.0,115717.0,260673.0,126505.0
2026-04-14 18:15:54.699658,850816,1609508048320832,5648290832,0.958432,-0.1952,0.275232,-22.68,9.61625,2.7825,-9.016001,23.584002,22.104002,inter_set_rest,4,7.0,49816.0,257782.0,115717.0,260673.0,126505.0
2026-04-14 18:15:54.709650,850817,1609508048329774,5648299521,0.933056,-0.154208,0.363072,-24.4475,9.14375,1.42625,-7.712,23.400002,20.960001,inter_set_rest,4,7.0,49816.0,257782.0,115717.0,260673.0,126505.0
2026-04-14 18:15:54.730612,850818,1609508048344293,5648314427,0.940864,-0.179584,0.396256,-27.335001,8.05875,-0.25375,-7.712,23.952002,21.952002,inter_set_rest,4,7.0,49816.0,257782.0,115717.0,260673.0,126505.0
2026-04-14 18:15:54.756942,850829,1609508048353244,5648323135,0.940864,-0.179584,0.396256,-31.57875,6.39625,-2.87875,-7.552001,23.952002,21.952002,inter_set_rest,4,7.0,46323.0,228920.0,110344.0,236924.0,120346.0
2026-04-14 18:15:54.759505,850830,1609508048367931,5648338108,0.98576,-0.249856,0.365024,-35.02625,5.5825,-5.50375,-7.552001,24.52,21.320002,inter_set_rest,4,7.0,46323.0,228920.0,110344.0,236924.0,120346.0
2026-04-14 18:15:54.762110,850831,1609508048376871,5648346823,0.98576,-0.249856,0.365024,-39.94375,3.045,-9.31875,-7.552001,24.52,21.320002,inter_set_rest,4,7.0,46323.0,228920.0,110344.0,236924.0,120346.0
2026-04-14 18:15:54.772148,850832,1609508048391605,5648361774,0.862784,-0.271328,0.265472,-40.03125,0.97125,-11.69,-8.464001,24.664001,20.672,inter_set_rest,4,7.0,46323.0,228920.0,110344.0,236924.0,120346.0
2026-04-14 18:15:54.779601,850833,1609508048400586,5648370553,0.862784,-0.271328,0.265472,-38.255,-0.25375,-12.32875,-8.464001,24.664001,20.672,inter_set_rest,4,7.0,46323.0,228920.0,110344.0,236924.0,120346.0
2026-04-14 18:15:54.788406,850834,1609508048409522,5648379247,0.804224,-0.230336,0.183488,-31.15,-0.1925,-11.82125,-7.808001,24.576,19.568,inter_set_rest,4,7.0,46323.0,228920.0,110344.0,236924.0,120346.0
2026-04-14 18:15:54.804636,850835,1609508048424150,5648394139,0.804224,-0.230336,0.277184,-29.1725,-2.16125,-12.24125,-7.808001,24.576,19.568,inter_set_rest,4,7.0,46323.0,228920.0,110344.0,236924.0,120346.0
2026-04-14 18:15:54.814374,850836,1609508048433122,5648402812,0.874496,-0.28304,0.269376,-40.76625,-1.575,-12.01375,-7.920001,24.888,19.704,inter_set_rest,4,7.0,46323.0,228920.0,110344.0,236924.0,120346.0
2026-04-14 18:15:54.826747,850837,1609508048447651,5648417863,0.806176,-0.245952,0.343552,-38.61375,-1.37375,-3.9025,-7.736001,25.192001,19.512001,inter_set_rest,4,7.0,46323.0,228920.0,110344.0,236924.0,120346.0
2026-04-14 18:15:54.857041,850848,1609508048457312,5648426655,0.806176,-0.245952,0.343552,-36.225,1.0325,-2.625,-7.736001,25.192001,19.512001,inter_set_rest,4,7.0,42784.0,207102.0,104558.0,217675.0,113815.0
2026-04-14 18:15:54.859411,850849,1609508048466385,5648435403,0.772992,-0.277184,0.26352,-39.20875,0.2275,-8.26875,-9.456,26.296001,20.312,inter_set_rest,4,7.0,42784.0,207102.0,104558.0,217675.0,113815.0
2026-04-14 18:15:54.862147,850850,1609508048480914,5648450450,0.772992,-0.277184,0.26352,-32.445,-1.68,-10.6575,-9.456,26.296001,20.312,inter_set_rest,4,7.0,42784.0,207102.0,104558.0,217675.0,113815.0
2026-04-14 18:15:54.869627,850851,1609508048489836,5648459128,0.737856,-0.232288,0.308416,-19.355,-4.99625,-7.07875,-9.6,26.032001,19.768002,inter_set_rest,4,7.0,42784.0,207102.0,104558.0,217675.0,113815.0
2026-04-14 18:15:54.884631,850852,1609508048504432,5648474026,0.737856,-0.232288,0.308416,-10.35125,-12.69625,-7.48125,-9.6,26.032001,19.768002,inter_set_rest,4,7.0,42784.0,207102.0,104558.0,217675.0,113815.0
2026-04-14 18:15:54.892205,850853,1609508048513544,5648482770,0.757376,-0.259616,0.208864,-6.125,-17.87625,-9.68625,-8.280001,25.272001,16.936,inter_set_rest,4,7.0,42784.0,207102.0,104558.0,217675.0,113815.0
2026-04-14 18:15:54.920548,850854,1609508048522525,5648491473,0.757376,-0.259616,0.208864,2.835,-23.12625,-11.15625,-8.280001,25.272001,16.936,inter_set_rest,4,7.0,42784.0,207102.0,104558.0,217675.0,113815.0
2026-04-14 18:15:54.923556,850855,1609508048537022,5648506354,0.823744,-0.212768,0.267424,20.055,-23.0825,-15.505,-8.784,24.856,18.640001,inter_set_rest,4,7.0,42784.0,207102.0,104558.0,217675.0,113815.0
2026-04-14 18:15:54.925555,850856,1609508048545938,5648515051,0.710528,-0.128832,0.242048,28.65625,-11.5325,-23.8875,-8.784,24.728,21.952002,inter_set_rest,4,7.0,42784.0,207102.0,104558.0,217675.0,113815.0
2026-04-14 18:15:55.001067,850867,1609508048560563,5648530622,0.710528,-0.128832,0.242048,30.3275,-7.6475,-27.01125,-8.784,24.728,21.952002,inter_set_rest,4,7.0,65803.0,284208.0,138188.0,280968.0,150054.0
2026-04-14 18:15:55.003107,850868,1609508048569511,5648539298,0.83936,-0.115168,0.464576,26.18,-7.315,-27.965,-9.768001,24.432001,20.392,inter_set_rest,4,7.0,65803.0,284208.0,138188.0,280968.0,150054.0
2026-04-14 18:15:55.005630,850869,1609508048578429,5648547985,0.83936,-0.115168,0.464576,21.4025,-3.35125,-27.7375,-9.768001,24.432001,20.392,inter_set_rest,4,7.0,65803.0,284208.0,138188.0,280968.0,150054.0
2026-04-14 18:15:55.014500,850870,1609508048592984,5648562908,0.728096,-0.203008,0.538752,16.73875,-1.2425,-30.4325,-10.304001,24.264002,19.224,inter_set_rest,4,7.0,65803.0,284208.0,138188.0,280968.0,150054.0
2026-04-14 18:15:55.016340,850871,1609508048601889,5648571593,0.728096,-0.203008,0.538752,18.3925,0.30625,-32.9525,-10.304001,24.264002,19.224,inter_set_rest,4,7.0,65803.0,284208.0,138188.0,280968.0,150054.0
2026-04-14 18:15:55.016432,850872,1609508048616494,5648586511,0.854976,-0.230336,0.564128,30.7125,2.9225,-32.29625,-10.672001,23.752,20.968,inter_set_rest,4,7.0,65803.0,284208.0,138188.0,280968.0,150054.0
2026-04-14 18:15:55.016500,850873,1609508048625507,5648595209,0.854976,-0.230336,0.249856,47.78375,5.66125,-34.65,-10.672001,23.752,20.968,inter_set_rest,4,7.0,65803.0,284208.0,138188.0,280968.0,150054.0
2026-04-14 18:15:55.018555,850874,1609508048640005,5648610113,0.892064,-0.128832,0.249856,58.59,10.40375,-36.05,-10.960001,23.008001,21.208,inter_set_rest,4,7.0,65803.0,284208.0,138188.0,280968.0,150054.0
2026-04-14 18:15:55.028516,850875,1609508048648964,5648618836,0.681248,-0.040992,0.2928,58.765,15.68,-34.055,-10.656,23.080002,22.208,inter_set_rest,4,7.0,65803.0,284208.0,138188.0,280968.0,150054.0
2026-04-14 18:15:55.059892,850886,1609508048658361,5648627571,0.681248,-0.040992,0.2928,31.885,18.94375,-33.46875,-10.656,23.080002,22.208,inter_set_rest,4,7.0,43688.0,246184.0,104446.0,248130.0,113182.0
2026-04-14 18:15:55.061923,850887,1609508048673070,5648642565,0.798368,-0.16592,0.454816,-0.21875,13.43125,-29.61,-10.256001,22.52,20.984001,inter_set_rest,4,7.0,43688.0,246184.0,104446.0,248130.0,113182.0
2026-04-14 18:15:55.064482,850888,1609508048682034,5648651272,0.798368,-0.16592,0.454816,-21.70875,9.8175,-25.99625,-10.256001,22.52,20.984001,inter_set_rest,4,7.0,43688.0,246184.0,104446.0,248130.0,113182.0
2026-04-14 18:15:55.075868,850889,1609508048696573,5648666187,0.743712,-0.167872,0.573888,-28.77,11.2525,-25.9175,-9.992001,22.52,20.088001,inter_set_rest,4,7.0,43688.0,246184.0,104446.0,248130.0,113182.0
2026-04-14 18:15:55.087134,850890,1609508048705506,5648674874,0.743712,-0.167872,0.573888,-24.4475,9.98375,-24.73625,-9.992001,22.52,20.088001,inter_set_rest,4,7.0,43688.0,246184.0,104446.0,248130.0,113182.0
2026-04-14 18:15:55.093223,850891,1609508048714439,5648683633,0.817888,-0.169824,0.325984,-18.85625,6.44,-22.65375,-10.336,22.904001,18.896002,inter_set_rest,4,7.0,43688.0,246184.0,104446.0,248130.0,113182.0
2026-04-14 18:15:55.108230,850892,1609508048728961,5648698576,0.823744,-0.134688,0.31232,-15.3825,6.475,-18.48,-10.224001,22.528002,19.688002,inter_set_rest,4,7.0,43688.0,246184.0,104446.0,248130.0,113182.0
2026-04-14 18:15:55.118267,850893,1609508048737923,5648707273,0.823744,-0.134688,0.31232,-12.11875,5.635,-14.8225,-10.224001,22.528002,19.688002,inter_set_rest,4,7.0,43688.0,246184.0,104446.0,248130.0,113182.0
2026-04-14 18:15:55.132112,850894,1609508048752450,5648722200,0.83936,-0.167872,0.402112,-12.83625,3.42125,-14.67375,-10.864,23.192001,20.68,inter_set_rest,4,7.0,43688.0,246184.0,104446.0,248130.0,113182.0
2026-04-14 18:15:55.160812,850905,1609508048761508,5648730937,0.83936,-0.167872,0.402112,-10.94625,2.82625,-12.32875,-10.864,23.192001,20.68,inter_set_rest,4,7.0,55376.0,264013.0,124020.0,263278.0,134763.0
2026-04-14 18:15:55.163389,850906,1609508048776164,5648745912,0.755424,-0.228384,0.325984,-4.48,2.70375,-9.61625,-11.240001,23.248001,20.808,inter_set_rest,4,7.0,55376.0,264013.0,124020.0,263278.0,134763.0
2026-04-14 18:15:55.165716,850907,1609508048785232,5648754618,0.755424,-0.228384,0.325984,3.05375,-1.61875,-8.42625,-11.240001,23.248001,20.808,inter_set_rest,4,7.0,55376.0,264013.0,124020.0,263278.0,134763.0
2026-04-14 18:15:55.173383,850908,1609508048794180,5648763326,0.993568,-0.115168,0.337696,11.66375,-7.16625,-1.4175,-11.232,22.864,17.784,inter_set_rest,4,7.0,55376.0,264013.0,124020.0,263278.0,134763.0
2026-04-14 18:15:55.186950,850909,1609508048808794,5648778279,0.882304,-0.220576,0.366976,8.16375,-8.82875,2.17875,-10.736,22.560001,18.008001,inter_set_rest,4,7.0,55376.0,264013.0,124020.0,263278.0,134763.0
2026-04-14 18:15:55.195925,850910,1609508048817757,5648787104,0.882304,-0.220576,0.366976,2.16125,-9.7475,0.67375,-10.736,22.560001,18.008001,inter_set_rest,4,7.0,55376.0,264013.0,124020.0,263278.0,134763.0
2026-04-14 18:15:55.213224,850911,1609508048832252,5648802006,0.815936,-0.0976,0.343552,4.64625,-11.50625,5.90625,-10.400001,22.400002,20.712002,inter_set_rest,4,7.0,55376.0,264013.0,124020.0,263278.0,134763.0
2026-04-14 18:15:55.220678,850912,1609508048841266,5648810688,0.815936,-0.0976,0.343552,9.135,-12.52125,11.27,-10.400001,22.400002,20.712002,inter_set_rest,4,7.0,55376.0,264013.0,124020.0,263278.0,134763.0
2026-04-14 18:15:55.228085,850913,1609508048850216,5648819437,0.796416,-0.091744,0.423584,8.61,-12.9675,13.895,-10.672001,22.952002,20.928001,inter_set_rest,4,7.0,55376.0,264013.0,124020.0,263278.0,134763.0
2026-04-14 18:15:55.260802,850924,1609508048864848,5648834499,0.796416,-0.091744,0.423584,1.7675,-12.25,14.8575,-10.672001,22.952002,20.928001,inter_set_rest,4,7.0,52557.0,248580.0,120272.0,252451.0,131408.0
2026-04-14 18:15:55.289482,850925,1609508048873822,5648843213,0.886208,-0.15616,0.40992,-4.0425,-12.92375,18.38375,-10.264001,22.856,19.960001,inter_set_rest,4,7.0,52557.0,248580.0,120272.0,252451.0,131408.0
2026-04-14 18:15:55.310693,850926,1609508048888449,5648858101,0.774944,-0.142496,0.388448,-4.41,-12.04,21.07,-10.352,22.240002,18.208,inter_set_rest,4,7.0,52557.0,248580.0,120272.0,252451.0,131408.0
2026-04-14 18:15:55.336093,850927,1609508048897421,5648866805,0.774944,-0.142496,0.388448,4.97,-14.9975,19.5825,-10.352,22.240002,18.208,inter_set_rest,4,7.0,52557.0,248580.0,120272.0,252451.0,131408.0
2026-04-14 18:15:55.340952,850928,1609508048911895,5648881678,0.84912,-0.122976,0.318176,11.99625,-19.41625,18.33125,-10.064,22.616001,19.984001,inter_set_rest,4,7.0,52557.0,248580.0,120272.0,252451.0,131408.0
2026-04-14 18:15:55.343701,850929,1609508048920823,5648890405,0.84912,-0.122976,0.318176,15.33875,-20.2825,21.0175,-10.064,22.616001,19.984001,inter_set_rest,4,7.0,52557.0,248580.0,120272.0,252451.0,131408.0
2026-04-14 18:15:55.346173,850930,1609508048929793,5648899106,0.876448,-0.060512,0.521184,16.205,-18.41875,24.36,-9.96,22.568,20.624,inter_set_rest,4,7.0,52557.0,248580.0,120272.0,252451.0,131408.0
2026-04-14 18:15:55.348695,850931,1609508048944277,5648914062,0.876448,-0.060512,0.521184,12.565,-16.45,25.62,-9.96,22.568,20.624,inter_set_rest,4,7.0,52557.0,248580.0,120272.0,252451.0,131408.0
2026-04-14 18:15:55.351190,850932,1609508048953279,5648922731,0.782752,-0.109312,0.357216,7.72625,-15.67125,26.425,-10.6,22.824001,21.344002,inter_set_rest,4,7.0,52557.0,248580.0,120272.0,252451.0,131408.0
2026-04-14 18:15:55.381492,850943,1609508048967880,5648937720,0.782752,-0.18544,0.35136,3.1325,-14.67375,28.56,-10.6,22.824001,21.344002,inter_set_rest,4,7.0,54665.0,257757.0,123559.0,259388.0,134942.0
2026-04-14 18:15:55.383061,850944,1609508048976925,5648946559,0.940864,-0.18544,0.35136,3.61375,-14.096251,31.5525,-10.528001,23.016,23.256,inter_set_rest,4,7.0,54665.0,257757.0,123559.0,259388.0,134942.0
2026-04-14 18:15:55.385727,850945,1609508048985959,5648955304,0.940864,-0.18544,0.35136,7.58625,-13.02,32.095,-10.528001,23.016,23.256,inter_set_rest,4,7.0,54665.0,257757.0,123559.0,259388.0,134942.0
2026-04-14 18:15:55.388152,850946,1609508049000683,5648970261,0.85888,-0.191296,0.181536,12.7225,-14.21,30.93125,-10.656,23.216002,21.232,inter_set_rest,4,7.0,54665.0,257757.0,123559.0,259388.0,134942.0
2026-04-14 18:15:55.391027,850947,1609508049009738,5648978996,0.903776,-0.167872,0.318176,15.627501,-17.255,29.56625,-10.344001,23.160002,21.192001,inter_set_rest,4,7.0,54665.0,257757.0,123559.0,259388.0,134942.0
2026-04-14 18:15:55.403269,850948,1609508049024323,5648994079,0.903776,-0.167872,0.318176,14.752501,-19.241251,29.33875,-10.344001,23.160002,21.192001,inter_set_rest,4,7.0,54665.0,257757.0,123559.0,259388.0,134942.0
2026-04-14 18:15:55.412338,850949,1609508049033261,5649002785,0.843264,-0.134688,0.366976,11.38375,-19.99375,28.46375,-9.728001,23.168001,21.544,inter_set_rest,4,7.0,54665.0,257757.0,123559.0,259388.0,134942.0
2026-04-14 18:15:55.427491,850950,1609508049047784,5649017682,0.843264,-0.134688,0.366976,6.72875,-19.55625,26.6875,-9.728001,23.168001,21.544,inter_set_rest,4,7.0,54665.0,257757.0,123559.0,259388.0,134942.0
2026-04-14 18:15:55.437064,850951,1609508049056740,5649026395,0.79056,-0.189344,0.193248,2.905,-17.50875,25.8825,-10.352,23.024,21.552002,inter_set_rest,4,7.0,54665.0,257757.0,123559.0,259388.0,134942.0
2026-04-14 18:15:55.464951,850962,1609508049065828,5649035112,0.79056,-0.189344,0.193248,1.91625,-15.05,25.27,-10.352,23.024,21.552002,inter_set_rest,4,7.0,55112.0,256671.0,124395.0,257873.0,135745.0
2026-04-14 18:15:55.469250,850963,1609508049080392,5649050179,0.81984,-0.191296,0.296704,2.82625,-12.3375,25.0775,-9.456,22.920002,20.28,inter_set_rest,4,7.0,55112.0,256671.0,124395.0,257873.0,135745.0
2026-04-14 18:15:55.469822,850964,1609508049089365,5649058884,0.90768,-0.228384,0.314272,4.8125,-9.38875,23.65125,-9.016001,22.664001,19.160002,inter_set_rest,4,7.0,55112.0,256671.0,124395.0,257873.0,135745.0
2026-04-14 18:15:55.486040,850965,1609508049104118,5649073949,0.90768,-0.228384,0.314272,6.5275,-6.37875,21.14,-9.016001,22.664001,19.160002,inter_set_rest,4,7.0,55112.0,256671.0,124395.0,257873.0,135745.0
2026-04-14 18:15:55.492295,850966,1609508049113157,5649082650,0.854976,-0.210816,0.197152,5.59125,-3.4125,18.7775,-8.848001,22.752,20.584002,inter_set_rest,4,7.0,55112.0,256671.0,124395.0,257873.0,135745.0
2026-04-14 18:15:55.501022,850967,1609508049122093,5649091339,0.854976,-0.210816,0.197152,3.92875,-1.77625,17.00125,-8.848001,22.752,20.584002,inter_set_rest,4,7.0,55112.0,256671.0,124395.0,257873.0,135745.0
2026-04-14 18:15:55.518644,850968,1609508049136729,5649106236,0.833504,-0.226432,0.134688,0.76125,-0.8225,14.4725,-9.88,23.448002,21.176,inter_set_rest,4,7.0,55112.0,256671.0,124395.0,257873.0,135745.0
2026-04-14 18:15:55.527447,850969,1609508049145849,5649114946,0.833504,-0.226432,0.134688,-4.025,-0.84,11.97,-9.88,23.448002,21.176,inter_set_rest,4,7.0,55112.0,256671.0,124395.0,257873.0,135745.0
2026-04-14 18:15:55.563248,850980,1609508049160526,5649129910,0.841312,-0.26352,0.162016,-10.535,-0.70875,10.6225,-9.656,23.36,21.544,inter_set_rest,4,7.0,54139.0,252198.0,122966.0,254940.0,134410.0
2026-04-14 18:15:55.565635,850981,1609508049169552,5649139301,0.817888,-0.294752,0.121024,-12.73125,-0.21,10.10625,-9.656,23.512001,22.000002,inter_set_rest,4,7.0,54139.0,252198.0,122966.0,254940.0,134410.0
2026-04-14 18:15:55.569520,850982,1609508049178729,5649148366,0.817888,-0.294752,0.121024,-9.61625,-0.7875,9.511251,-9.752001,23.512001,22.000002,inter_set_rest,4,7.0,54139.0,252198.0,122966.0,254940.0,134410.0
2026-04-14 18:15:55.575162,850983,1609508049193328,5649163303,0.854976,-0.247904,0.329888,-3.40375,-1.02375,8.07625,-8.504001,23.104002,20.232,inter_set_rest,4,7.0,54139.0,252198.0,122966.0,254940.0,134410.0
2026-04-14 18:15:55.583046,850984,1609508049202288,5649171987,0.854976,-0.247904,0.329888,3.80625,-2.555,6.3525,-8.504001,23.104002,20.232,inter_set_rest,4,7.0,54139.0,252198.0,122966.0,254940.0,134410.0
2026-04-14 18:15:55.596128,850985,1609508049216807,5649186916,0.81008,-0.218624,0.130784,10.08875,-4.375,4.85625,-9.488001,23.560001,22.216002,inter_set_rest,4,7.0,54139.0,252198.0,122966.0,254940.0,134410.0
2026-04-14 18:15:55.604341,850986,1609508049225755,5649195639,0.81008,-0.218624,0.130784,11.94375,-5.845,2.17,-9.488001,23.560001,22.216002,inter_set_rest,4,7.0,54139.0,252198.0,122966.0,254940.0,134410.0
2026-04-14 18:15:55.636207,850987,1609508049240385,5649210650,0.899872,-0.208864,0.267424,12.15375,-7.37625,-0.56875,-9.352,22.688002,21.84,inter_set_rest,4,7.0,54139.0,252198.0,122966.0,254940.0,134410.0
2026-04-14 18:15:55.638154,850988,1609508049249323,5649219332,0.899872,-0.208864,0.267424,11.19125,-8.19,-2.72125,-9.352,22.688002,21.84,inter_set_rest,4,7.0,54139.0,252198.0,122966.0,254940.0,134410.0
2026-04-14 18:15:55.713477,850999,1609508049258258,5649228305,0.884256,-0.201056,0.187392,7.98875,-8.70625,-3.92875,-9.048,22.880001,22.376001,inter_set_rest,4,7.0,56157.0,256882.0,126096.0,259290.0,137668.0
2026-04-14 18:15:55.716016,851000,1609508049272779,5649241197,0.83936,-0.1952,0.30256,5.6875,-8.32125,-5.39,-9.096001,22.800001,20.768002,inter_set_rest,4,7.0,56157.0,256882.0,126096.0,259290.0,137668.0
2026-04-14 18:15:55.718340,851001,1609508049282032,5649251982,0.83936,-0.1952,0.30256,4.66375,-8.12875,-6.65,-9.096001,22.800001,20.768002,inter_set_rest,4,7.0,56157.0,256882.0,126096.0,259290.0,137668.0
2026-04-14 18:15:55.720523,851002,1609508049296703,5649266910,0.86864,-0.206912,0.30256,4.10375,-7.28875,-7.245,-9.024,22.456001,20.984001,inter_set_rest,4,7.0,56157.0,256882.0,126096.0,259290.0,137668.0
2026-04-14 18:15:55.722964,851003,1609508049305732,5649275600,0.86864,-0.206912,0.30256,5.18875,-6.25625,-7.21,-9.024,22.456001,20.984001,inter_set_rest,4,7.0,56157.0,256882.0,126096.0,259290.0,137668.0
2026-04-14 18:15:55.725785,851004,1609508049314832,5649284278,0.929152,-0.228384,0.22448,6.3175,-4.865,-7.58625,-9.032001,22.36,21.872002,inter_set_rest,4,7.0,56157.0,256882.0,126096.0,259290.0,137668.0
2026-04-14 18:15:55.728199,851005,1609508049329585,5649299230,0.929152,-0.228384,0.22448,7.62125,-3.56125,-8.225,-9.032001,22.36,21.872002,inter_set_rest,4,7.0,56157.0,256882.0,126096.0,259290.0,137668.0
2026-04-14 18:15:55.730753,851006,1609508049338527,5649307934,0.833504,-0.169824,0.21472,7.56,-2.66875,-8.70625,-9.888001,22.744001,20.432001,inter_set_rest,4,7.0,56157.0,256882.0,126096.0,259290.0,137668.0
2026-04-14 18:15:55.733492,851007,1609508049353069,5649322865,0.915488,-0.199104,0.247904,6.95625,-2.065,-8.14625,-10.120001,22.616001,22.240002,inter_set_rest,4,7.0,56157.0,256882.0,126096.0,259290.0,137668.0
2026-04-14 18:15:55.763203,851018,1609508049362598,5649331690,0.915488,-0.199104,0.247904,3.57875,-1.505,-7.3675,-10.120001,22.616001,22.240002,inter_set_rest,4,7.0,56581.0,257589.0,126761.0,259962.0,138329.0
2026-04-14 18:15:55.765560,851019,1609508049371664,5649340444,0.81984,-0.167872,0.300608,-0.3325,-0.62125,-6.32625,-10.128,22.84,22.664001,inter_set_rest,4,7.0,56581.0,257589.0,126761.0,259962.0,138329.0
2026-04-14 18:15:55.768542,851020,1609508049386668,5649355497,0.81984,-0.167872,0.300608,-4.06875,0.6475,-5.81875,-10.128,22.84,22.664001,inter_set_rest,4,7.0,56581.0,257589.0,126761.0,259962.0,138329.0
2026-04-14 18:15:55.776114,851021,1609508049396081,5649366269,0.79056,-0.177632,0.197152,-5.495,2.065,-5.97625,-10.256001,23.024,22.064001,inter_set_rest,4,7.0,56581.0,257589.0,126761.0,259962.0,138329.0
2026-04-14 18:15:55.784898,851022,1609508049405161,5649375113,0.79056,-0.177632,0.197152,-6.06375,1.9775,-6.4575,-10.256001,23.024,22.064001,inter_set_rest,4,7.0,56581.0,257589.0,126761.0,259962.0,138329.0
2026-04-14 18:15:55.799919,851023,1609508049419675,5649389995,0.925248,-0.236192,0.17568,-6.4575,2.135,-6.76375,-9.008,22.888,22.272001,inter_set_rest,4,7.0,56581.0,257589.0,126761.0,259962.0,138329.0
2026-04-14 18:15:55.807469,851024,1609508049428820,5649398773,0.925248,-0.236192,0.17568,-5.53875,1.32125,-6.69375,-9.008,22.888,22.272001,inter_set_rest,4,7.0,56581.0,257589.0,126761.0,259962.0,138329.0
2026-04-14 18:15:55.824450,851025,1609508049443285,5649411682,0.83936,-0.203008,0.220576,-5.845,1.33875,-5.97625,-10.064,22.808,23.216002,inter_set_rest,4,7.0,56581.0,257589.0,126761.0,259962.0,138329.0
2026-04-14 18:15:55.832050,851026,1609508049452580,5649422453,0.870592,-0.216672,0.23424,-6.90375,1.54,-5.1625,-9.048,22.912,19.28,inter_set_rest,4,7.0,56581.0,257589.0,126761.0,259962.0,138329.0
2026-04-14 18:15:55.870754,851037,1609508049461921,5649431584,0.870592,-0.216672,0.23424,-6.74625,2.17875,-4.59375,-9.048,22.912,19.28,inter_set_rest,4,7.0,57140.0,259872.0,127498.0,261987.0,139054.0
2026-04-14 18:15:55.872902,851038,1609508049476582,5649446536,0.835456,-0.22448,0.134688,-4.20875,2.89625,-5.6175,-9.216001,22.544,20.872002,inter_set_rest,4,7.0,57140.0,259872.0,127498.0,261987.0,139054.0
2026-04-14 18:15:55.874998,851039,1609508049485761,5649455331,0.835456,-0.22448,0.134688,-1.61875,3.5,-6.92125,-9.216001,22.544,20.872002,inter_set_rest,4,7.0,57140.0,259872.0,127498.0,261987.0,139054.0
2026-04-14 18:15:55.879544,851040,1609508049500268,5649470270,0.880352,-0.261568,0.06832,0.035,3.71875,-6.7725,-9.368,22.448002,20.880001,inter_set_rest,4,7.0,57140.0,259872.0,127498.0,261987.0,139054.0
2026-04-14 18:15:55.889655,851041,1609508049509240,5649478946,0.880352,-0.261568,0.06832,1.28625,3.6575,-5.97625,-9.368,22.448002,20.880001,inter_set_rest,4,7.0,57140.0,259872.0,127498.0,261987.0,139054.0
2026-04-14 18:15:55.897066,851042,1609508049518219,5649487692,0.892064,-0.230336,0.23424,3.05375,3.815,-5.78375,-9.240001,22.784,22.408,inter_set_rest,4,7.0,57140.0,259872.0,127498.0,261987.0,139054.0
2026-04-14 18:15:55.912138,851043,1609508049532708,5649502609,0.931104,-0.230336,0.277184,5.7575,3.98125,-5.88875,-10.072001,23.04,24.232,inter_set_rest,4,7.0,57140.0,259872.0,127498.0,261987.0,139054.0
2026-04-14 18:15:55.920725,851044,1609508049541662,5649511293,0.931104,-0.230336,0.277184,8.47875,4.38375,-6.86875,-10.072001,23.04,24.232,inter_set_rest,4,7.0,57140.0,259872.0,127498.0,261987.0,139054.0
2026-04-14 18:15:55.937511,851045,1609508049556232,5649526228,0.853024,-0.187392,0.083936,12.17125,5.01375,-7.3325,-9.104,22.584002,21.296001,inter_set_rest,4,7.0,57140.0,259872.0,127498.0,261987.0,139054.0
2026-04-14 18:15:55.967019,851056,1609508049565294,5649534969,0.853024,-0.187392,0.083936,15.30375,4.82125,-7.30625,-9.104,22.584002,21.296001,inter_set_rest,4,7.0,55650.0,260271.0,125137.0,261994.0,136494.0
2026-04-14 18:15:55.969676,851057,1609508049580007,5649549952,0.901824,-0.187392,0.286944,14.91875,4.57625,-7.4375,-10.136001,22.400002,22.904001,inter_set_rest,4,7.0,55650.0,260271.0,125137.0,261994.0,136494.0
2026-04-14 18:15:55.972089,851058,1609508049589081,5649558675,0.901824,-0.187392,0.286944,12.4775,4.69,-6.58875,-10.136001,22.400002,22.904001,inter_set_rest,4,7.0,55650.0,260271.0,125137.0,261994.0,136494.0
2026-04-14 18:15:55.977147,851059,1609508049598164,5649567393,0.915488,-0.179584,0.288896,11.445,4.76,-5.81,-10.032001,22.552002,22.888,inter_set_rest,4,7.0,55650.0,260271.0,125137.0,261994.0,136494.0
2026-04-14 18:15:55.993376,851060,1609508049612690,5649582309,0.853024,-0.134688,0.113216,12.20625,5.32,-5.6,-9.464001,22.152,22.912,inter_set_rest,4,7.0,55650.0,260271.0,125137.0,261994.0,136494.0
2026-04-14 18:15:56.025864,851061,1609508049621610,5649590992,0.853024,-0.134688,0.113216,14.27125,5.11,-6.76375,-9.464001,22.152,22.912,inter_set_rest,4,7.0,55650.0,260271.0,125137.0,261994.0,136494.0
2026-04-14 18:15:56.031450,851062,1609508049636143,5649605866,0.83936,-0.124928,0.064416,15.190001,5.4775,-8.8725,-9.248,21.568,21.872002,inter_set_rest,4,7.0,55650.0,260271.0,125137.0,261994.0,136494.0
2026-04-14 18:15:56.031800,851063,1609508049645097,5649614581,0.83936,-0.124928,0.064416,13.74625,4.935,-10.1325,-9.248,21.568,21.872002,inter_set_rest,4,7.0,55650.0,260271.0,125137.0,261994.0,136494.0
2026-04-14 18:15:56.055741,851064,1609508049654031,5649623274,0.909632,-0.150304,0.138592,10.56125,4.3925,-10.45625,-9.176001,21.704,22.152,inter_set_rest,4,7.0,55650.0,260271.0,125137.0,261994.0,136494.0
2026-04-14 18:15:56.095867,851075,1609508049668782,5649638259,0.909632,-0.150304,0.138592,7.21875,4.47125,-10.15,-9.176001,21.704,22.152,inter_set_rest,4,7.0,56986.0,262259.0,127245.0,263608.0,138716.0
2026-04-14 18:15:56.098391,851076,1609508049677736,5649646979,0.83936,-0.122976,0.027328,4.935,4.99625,-9.66,-9.592,21.400002,22.304,inter_set_rest,4,7.0,56986.0,262259.0,127245.0,263608.0,138716.0
2026-04-14 18:15:56.100779,851077,1609508049692276,5649661862,0.83936,-0.122976,0.183488,2.87,5.04,-9.1,-9.592,21.400002,22.304,inter_set_rest,4,7.0,56986.0,262259.0,127245.0,263608.0,138716.0
2026-04-14 18:15:56.103339,851078,1609508049701339,5649670573,0.911584,-0.115168,0.183488,0.20125,4.76875,-8.1725,-9.488001,21.456001,24.152,inter_set_rest,4,7.0,56986.0,262259.0,127245.0,263608.0,138716.0
2026-04-14 18:15:56.105914,851079,1609508049710333,5649679337,0.911584,-0.115168,0.183488,-3.45625,4.375,-7.455,-9.488001,21.456001,24.152,inter_set_rest,4,7.0,56986.0,262259.0,127245.0,263608.0,138716.0
2026-04-14 18:15:56.108061,851080,1609508049724893,5649694240,0.866688,-0.1464,0.01952,-6.76375,3.73625,-6.6675,-9.384001,21.920002,23.232,inter_set_rest,4,7.0,56986.0,262259.0,127245.0,263608.0,138716.0
2026-04-14 18:15:56.114659,851081,1609508049733888,5649703012,0.968192,-0.1464,0.191296,-10.12375,2.40625,-5.9325,-10.120001,22.240002,23.272001,inter_set_rest,4,7.0,56986.0,262259.0,127245.0,263608.0,138716.0
2026-04-14 18:15:56.128270,851082,1609508049748519,5649717892,0.968192,-0.1464,0.191296,-12.06625,0.56,-5.50375,-10.120001,22.240002,23.272001,inter_set_rest,4,7.0,56986.0,262259.0,127245.0,263608.0,138716.0
2026-04-14 18:15:56.135608,851083,1609508049757482,5649726688,0.938912,-0.111264,0.284992,-12.50375,-0.5775,-6.60625,-9.688001,21.744001,21.888,inter_set_rest,4,7.0,56986.0,262259.0,127245.0,263608.0,138716.0
2026-04-14 18:15:56.168335,851094,1609508049772140,5649741697,0.938912,-0.111264,0.284992,-14.83125,-2.09125,-7.25375,-9.688001,21.744001,21.888,inter_set_rest,4,7.0,58538.0,265623.0,129612.0,266699.0,141109.0
2026-04-14 18:15:56.170789,851095,1609508049781290,5649750579,0.938912,-0.134688,0.288896,-18.41,-3.255,-8.09375,-10.576,22.424002,22.872002,inter_set_rest,4,7.0,58538.0,265623.0,129612.0,266699.0,141109.0
2026-04-14 18:15:56.173394,851096,1609508049790223,5649759331,0.938912,-0.134688,0.288896,-21.98875,-4.0425,-8.9425,-10.576,22.424002,22.872002,inter_set_rest,4,7.0,58538.0,265623.0,129612.0,266699.0,141109.0
2026-04-14 18:15:56.183359,851097,1609508049804729,5649774246,0.942816,-0.177632,0.339648,-24.00125,-4.4275,-10.21125,-10.76,22.544,23.576,inter_set_rest,4,7.0,58538.0,265623.0,129612.0,266699.0,141109.0
2026-04-14 18:15:56.194630,851098,1609508049813681,5649782987,0.854976,-0.199104,0.179584,-24.4475,-4.06875,-11.43625,-10.76,22.544,21.592001,inter_set_rest,4,7.0,58538.0,265623.0,129612.0,266699.0,141109.0
2026-04-14 18:15:56.208322,851099,1609508049828261,5649797874,0.854976,-0.199104,0.179584,-23.7125,-2.84375,-10.36,-10.208,22.640001,21.592001,inter_set_rest,4,7.0,58538.0,265623.0,129612.0,266699.0,141109.0
2026-04-14 18:15:56.218888,851100,1609508049837274,5649806683,0.919392,-0.228384,0.3416,-24.255,-1.925,-8.365,-10.496,22.056002,21.456001,inter_set_rest,4,7.0,58538.0,265623.0,129612.0,266699.0,141109.0
2026-04-14 18:15:56.225827,851101,1609508049846212,5649815366,0.919392,-0.228384,0.3416,-25.4275,-0.2975,-5.90625,-10.496,22.056002,21.456001,inter_set_rest,4,7.0,58538.0,265623.0,129612.0,266699.0,141109.0
2026-04-14 18:15:56.239495,851102,1609508049860735,5649830265,0.901824,-0.240096,0.337696,-24.491251,1.19,-3.675,-10.52,22.752,21.920002,inter_set_rest,4,7.0,58538.0,265623.0,129612.0,266699.0,141109.0
2026-04-14 18:15:56.295823,851113,1609508049869671,5649839004,0.901824,-0.240096,0.337696,-21.42,3.12375,-2.23125,-10.52,22.752,21.920002,inter_set_rest,4,7.0,57506.0,267069.0,127880.0,268000.0,139365.0
2026-04-14 18:15:56.298730,851114,1609508049884191,5649853948,0.890112,-0.208864,0.347456,-18.52375,4.33125,-2.19625,-10.320001,23.336,21.928001,inter_set_rest,4,7.0,57506.0,267069.0,127880.0,268000.0,139365.0
2026-04-14 18:15:56.301228,851115,1609508049893131,5649862626,0.890112,-0.208864,0.347456,-16.555,4.62,-2.8525,-10.320001,23.336,21.928001,inter_set_rest,4,7.0,57506.0,267069.0,127880.0,268000.0,139365.0
2026-04-14 18:15:56.303454,851116,1609508049907666,5649877545,0.817888,-0.17568,0.32208,-15.21625,5.915,-3.38625,-10.144,23.336,21.848001,inter_set_rest,4,7.0,57506.0,267069.0,127880.0,268000.0,139365.0
2026-04-14 18:15:56.305839,851117,1609508049916630,5649886248,0.854976,-0.203008,0.394304,-14.7,6.3525,-3.4825,-10.256001,23.320002,21.592001,inter_set_rest,4,7.0,57506.0,267069.0,127880.0,268000.0,139365.0
2026-04-14 18:15:56.312437,851118,1609508049925568,5649894932,0.854976,-0.203008,0.394304,-14.761251,7.53375,-4.78625,-10.256001,23.320002,21.592001,inter_set_rest,4,7.0,57506.0,267069.0,127880.0,268000.0,139365.0
2026-04-14 18:15:56.319247,851119,1609508049940106,5649909859,0.890112,-0.21472,0.355264,-14.28,8.7675,-5.46875,-10.144,23.072,20.472,inter_set_rest,4,7.0,57506.0,267069.0,127880.0,268000.0,139365.0
2026-04-14 18:15:56.336713,851120,1609508049949049,5649918582,0.890112,-0.21472,0.355264,-11.41,9.24875,-6.23,-10.144,23.072,20.472,inter_set_rest,4,7.0,57506.0,267069.0,127880.0,268000.0,139365.0
2026-04-14 18:15:56.388242,851131,1609508049963818,5649933505,0.866688,-0.189344,0.327936,-6.37,9.09125,-7.81375,-9.320001,22.84,20.52,inter_set_rest,4,7.0,59180.0,270680.0,130479.0,271641.0,142028.0
2026-04-14 18:15:56.415953,851132,1609508049972852,5649942328,0.866688,-0.189344,0.327936,-2.1525,8.11125,-9.3975,-9.320001,22.84,20.52,inter_set_rest,4,7.0,59180.0,270680.0,130479.0,271641.0,142028.0
2026-04-14 18:15:56.420634,851133,1609508049987432,5649957280,0.823744,-0.163968,0.316224,-0.9975,6.46625,-10.4125,-9.264001,23.072,20.752,inter_set_rest,4,7.0,59180.0,270680.0,130479.0,271641.0,142028.0
2026-04-14 18:15:56.423523,851134,1609508049996371,5649965976,0.827648,-0.193248,0.25376,-1.5225,5.5125,-10.167501,-9.344001,23.424002,22.312,inter_set_rest,4,7.0,59180.0,270680.0,130479.0,271641.0,142028.0
2026-04-14 18:15:56.425607,851135,1609508050005259,5649974638,0.827648,-0.193248,0.25376,-3.19375,6.02,-9.555,-9.344001,23.424002,22.312,inter_set_rest,4,7.0,59180.0,270680.0,130479.0,271641.0,142028.0
2026-04-14 18:15:56.428532,851136,1609508050019936,5649989770,0.874496,-0.189344,0.392352,-4.585,7.0875,-8.56625,-9.248,22.960001,20.696001,inter_set_rest,4,7.0,59180.0,270680.0,130479.0,271641.0,142028.0
2026-04-14 18:15:56.430615,851137,1609508050028887,5649998472,0.874496,-0.189344,0.392352,-3.2725,8.23375,-8.225,-9.248,22.960001,20.696001,inter_set_rest,4,7.0,59180.0,270680.0,130479.0,271641.0,142028.0
2026-04-14 18:15:56.433592,851138,1609508050043434,5650013334,0.813984,-0.154208,0.335744,-0.72625,8.98625,-8.085,-9.280001,22.584002,20.808,inter_set_rest,4,7.0,59180.0,270680.0,130479.0,271641.0,142028.0
2026-04-14 18:15:56.436106,851139,1609508050052495,5650022051,0.813984,-0.154208,0.335744,1.42625,9.03875,-8.645,-9.280001,22.584002,20.808,inter_set_rest,4,7.0,59180.0,270680.0,130479.0,271641.0,142028.0
2026-04-14 18:15:56.441125,851140,1609508050061450,5650030802,0.796416,-0.158112,0.226432,3.1325,9.1175,-8.505,-9.152,22.552002,20.896002,inter_set_rest,4,7.0,59180.0,270680.0,130479.0,271641.0,142028.0
2026-04-14 18:15:56.468262,851151,1609508050076019,5650045870,0.827648,-0.163968,0.242048,2.12625,9.6775,-7.67375,-8.904,22.744001,21.056002,inter_set_rest,4,7.0,61091.0,274270.0,133275.0,274970.0,144813.0
2026-04-14 18:15:56.470743,851152,1609508050085017,5650054681,0.827648,-0.163968,0.242048,-1.3475,10.535,-6.78125,-8.904,22.744001,21.056002,inter_set_rest,4,7.0,61091.0,274270.0,133275.0,274970.0,144813.0
2026-04-14 18:15:56.478710,851153,1609508050099609,5650069644,0.909632,-0.1952,0.296704,-4.80375,10.92875,-6.3,-9.160001,23.2,21.720001,inter_set_rest,4,7.0,61091.0,274270.0,133275.0,274970.0,144813.0
2026-04-14 18:15:56.488217,851154,1609508050108543,5650078373,0.909632,-0.1952,0.296704,-7.0525,11.10375,-5.74,-9.160001,23.2,21.720001,inter_set_rest,4,7.0,61091.0,274270.0,133275.0,274970.0,144813.0
2026-04-14 18:15:56.503243,851155,1609508050123063,5650093253,0.81008,-0.1952,0.177632,-8.645,11.6025,-6.51875,-9.936001,23.12,21.6,inter_set_rest,4,7.0,61091.0,274270.0,133275.0,274970.0,144813.0
2026-04-14 18:15:56.511100,851156,1609508050132069,5650101978,0.81008,-0.1952,0.177632,-7.6825,10.54375,-6.895,-9.936001,23.12,21.6,inter_set_rest,4,7.0,61091.0,274270.0,133275.0,274970.0,144813.0
2026-04-14 18:15:56.520580,851157,1609508050141124,5650110680,0.899872,-0.22448,0.2928,-7.2625,9.3975,-6.65875,-9.320001,23.36,20.592001,inter_set_rest,4,7.0,61091.0,274270.0,133275.0,274970.0,144813.0
2026-04-14 18:15:56.536940,851158,1609508050155610,5650125580,0.899872,-0.150304,0.357216,-7.945,9.65125,-5.7225,-9.320001,23.36,20.592001,inter_set_rest,4,7.0,61091.0,274270.0,133275.0,274970.0,144813.0
2026-04-14 18:15:56.568571,851169,1609508050164978,5650134389,0.827648,-0.150304,0.357216,-9.1525,9.68625,-4.7775,-8.392,23.352001,21.384,inter_set_rest,4,7.0,58304.0,270274.0,128953.0,271449.0,140290.0
2026-04-14 18:15:56.570746,851170,1609508050179605,5650149368,0.831552,-0.154208,0.427488,-10.43,9.05625,-4.8825,-9.552,23.184002,22.416,inter_set_rest,4,7.0,58304.0,270274.0,128953.0,271449.0,140290.0
2026-04-14 18:15:56.573703,851171,1609508050188552,5650158122,0.831552,-0.154208,0.427488,-10.17625,8.5575,-5.53875,-9.552,23.184002,22.416,inter_set_rest,4,7.0,58304.0,270274.0,128953.0,271449.0,140290.0
2026-04-14 18:15:56.577029,851172,1609508050197478,5650166843,0.86864,-0.189344,0.466528,-9.8525,8.015,-5.59125,-10.224001,23.824001,22.688002,inter_set_rest,4,7.0,58304.0,270274.0,128953.0,271449.0,140290.0
2026-04-14 18:15:56.594884,851173,1609508050212011,5650181750,0.86864,-0.189344,0.466528,-10.31625,7.49875,-5.4775,-10.224001,23.824001,22.688002,inter_set_rest,4,7.0,58304.0,270274.0,128953.0,271449.0,140290.0
2026-04-14 18:15:56.601966,851174,1609508050220968,5650190524,0.884256,-0.232288,0.308416,-12.0575,7.56875,-5.0225,-9.008,23.112001,20.2,inter_set_rest,4,7.0,58304.0,270274.0,128953.0,271449.0,140290.0
2026-04-14 18:15:56.616610,851175,1609508050235479,5650205461,0.884256,-0.232288,0.308416,-13.11625,8.198751,-4.61125,-9.008,23.112001,20.2,inter_set_rest,4,7.0,58304.0,270274.0,128953.0,271449.0,140290.0
2026-04-14 18:15:56.624918,851176,1609508050244452,5650214138,0.876448,-0.220576,0.304512,-12.45125,8.60125,-5.5825,-8.488001,23.504002,21.632002,inter_set_rest,4,7.0,58304.0,270274.0,128953.0,271449.0,140290.0
2026-04-14 18:15:56.641118,851177,1609508050258939,5650229100,0.769088,-0.17568,0.212768,-10.12375,7.84,-6.06375,-8.744,23.240002,20.456001,inter_set_rest,4,7.0,58304.0,270274.0,128953.0,271449.0,140290.0
2026-04-14 18:15:56.670682,851188,1609508050268491,5650237980,0.769088,-0.17568,0.212768,-9.65125,7.25375,-6.3175,-8.744,23.240002,20.456001,inter_set_rest,4,7.0,54859.0,260960.0,123620.0,263678.0,134756.0
2026-04-14 18:15:56.673149,851189,1609508050277579,5650246723,0.81984,-0.1952,0.288896,-11.585,6.6675,-6.37,-9.112,23.712002,23.160002,inter_set_rest,4,7.0,54859.0,260960.0,123620.0,263678.0,134756.0
2026-04-14 18:15:56.678745,851190,1609508050292143,5650261648,0.81984,-0.1952,0.288896,-12.78375,6.86,-6.825,-9.112,23.712002,23.160002,inter_set_rest,4,7.0,54859.0,260960.0,123620.0,263678.0,134756.0
2026-04-14 18:15:56.680900,851191,1609508050301106,5650270465,0.763232,-0.183488,0.2928,-12.95875,6.53625,-7.8575,-9.656,23.928001,21.088001,inter_set_rest,4,7.0,54859.0,260960.0,123620.0,263678.0,134756.0
2026-04-14 18:15:56.694467,851192,1609508050315619,5650285405,0.763232,-0.183488,0.2928,-13.46625,6.09875,-8.84625,-9.656,23.928001,21.088001,inter_set_rest,4,7.0,54859.0,260960.0,123620.0,263678.0,134756.0
2026-04-14 18:15:56.704545,851193,1609508050324530,5650294087,0.745664,-0.18544,0.267424,-12.985,5.53,-9.205,-9.384001,23.936,22.2,inter_set_rest,4,7.0,54859.0,260960.0,123620.0,263678.0,134756.0
2026-04-14 18:15:56.713557,851194,1609508050333532,5650302787,0.745664,-0.18544,0.267424,-11.76,5.3025,-9.6425,-9.384001,23.936,22.2,inter_set_rest,4,7.0,54859.0,260960.0,123620.0,263678.0,134756.0
2026-04-14 18:15:56.728701,851195,1609508050348027,5650317684,0.86864,-0.181536,0.42944,-10.395,5.32,-10.17625,-8.456,23.464,19.76,inter_set_rest,4,7.0,54859.0,260960.0,123620.0,263678.0,134756.0
2026-04-14 18:15:56.761224,851196,1609508050356997,5650326369,0.86864,-0.17568,0.216672,-10.185,4.655,-11.06875,-8.456,23.464,17.712,inter_set_rest,4,7.0,54859.0,260960.0,123620.0,263678.0,134756.0
2026-04-14 18:15:56.830955,851207,1609508050371617,5650341336,0.772992,-0.17568,0.216672,-11.4975,3.84125,-12.18,-8.64,23.840002,17.160002,inter_set_rest,4,7.0,57671.0,268969.0,127867.0,270686.0,139366.0
2026-04-14 18:15:56.833765,851208,1609508050380570,5650350154,0.903776,-0.199104,0.359168,-12.775,3.605,-12.775,-8.408,24.032001,20.224,inter_set_rest,4,7.0,57671.0,268969.0,127867.0,270686.0,139366.0
2026-04-14 18:15:56.836097,851209,1609508050389554,5650358879,0.903776,-0.199104,0.359168,-13.48375,2.93125,-13.30875,-8.408,24.032001,20.224,inter_set_rest,4,7.0,57671.0,268969.0,127867.0,270686.0,139366.0
2026-04-14 18:15:56.838737,851210,1609508050404067,5650373807,0.80032,-0.201056,0.181536,-15.68875,1.79375,-14.90125,-8.400001,23.800001,19.640001,inter_set_rest,4,7.0,57671.0,268969.0,127867.0,270686.0,139366.0
2026-04-14 18:15:56.841217,851211,1609508050413091,5650382479,0.80032,-0.201056,0.181536,-15.79375,0.91875,-16.63375,-8.400001,23.800001,19.640001,inter_set_rest,4,7.0,57671.0,268969.0,127867.0,270686.0,139366.0
2026-04-14 18:15:56.843729,851212,1609508050427729,5650397385,0.825696,-0.222528,0.187392,-15.295,-0.13125,-17.22,-8.744,24.240002,19.84,inter_set_rest,4,7.0,57671.0,268969.0,127867.0,270686.0,139366.0
2026-04-14 18:15:56.846119,851213,1609508050436645,5650406097,0.825696,-0.222528,0.187392,-16.44125,-0.77875,-16.975,-8.744,24.240002,19.84,inter_set_rest,4,7.0,57671.0,268969.0,127867.0,270686.0,139366.0
2026-04-14 18:15:56.848405,851214,1609508050451344,5650421048,0.9272,-0.226432,0.345504,-18.03375,-1.30375,-16.82625,-8.68,24.232,17.888,inter_set_rest,4,7.0,57671.0,268969.0,127867.0,270686.0,139366.0
2026-04-14 18:15:56.851232,851215,1609508050460300,5650429760,0.864736,-0.189344,0.23424,-16.00375,-0.95375,-17.491251,-8.968,23.800001,19.416,inter_set_rest,4,7.0,57671.0,268969.0,127867.0,270686.0,139366.0
2026-04-14 18:15:56.878151,851226,1609508050469812,5650439060,0.864736,-0.189344,0.23424,-13.37,-1.35625,-19.39,-8.968,23.800001,19.416,inter_set_rest,4,7.0,68359.0,292649.0,143024.0,290633.0,154800.0
2026-04-14 18:15:56.881185,851227,1609508050484536,5650454134,0.831552,-0.1464,0.238144,-12.285,-0.8575,-20.60625,-9.04,24.152,20.168001,inter_set_rest,4,7.0,68359.0,292649.0,143024.0,290633.0,154800.0
2026-04-14 18:15:56.883686,851228,1609508050493652,5650462918,0.831552,-0.1464,0.238144,-11.76875,-0.60375,-23.03875,-9.04,24.152,20.168001,inter_set_rest,4,7.0,68359.0,292649.0,143024.0,290633.0,154800.0
2026-04-14 18:15:56.914943,851229,1609508050508183,5650477897,0.83936,-0.16592,0.286944,-14.70875,-0.02625,-24.78,-10.056001,24.408,20.304,inter_set_rest,4,7.0,68359.0,292649.0,143024.0,290633.0,154800.0
2026-04-14 18:15:56.917491,851230,1609508050517098,5650486609,0.83936,-0.16592,0.286944,-18.6375,1.00625,-24.8325,-10.056001,24.408,20.304,inter_set_rest,4,7.0,68359.0,292649.0,143024.0,290633.0,154800.0
2026-04-14 18:15:56.920042,851231,1609508050526027,5650495400,0.85888,-0.158112,0.3416,-18.90875,1.3475,-24.56125,-10.160001,24.208002,17.344002,inter_set_rest,4,7.0,68359.0,292649.0,143024.0,290633.0,154800.0
2026-04-14 18:15:56.922140,851232,1609508050540514,5650510336,0.929152,-0.17568,0.365024,-15.25125,1.02375,-25.22625,-9.688001,24.392002,19.552,inter_set_rest,4,7.0,68359.0,292649.0,143024.0,290633.0,154800.0
2026-04-14 18:15:56.928476,851233,1609508050549670,5650519238,0.929152,-0.17568,0.365024,-9.98375,0.2975,-26.005,-9.688001,24.392002,19.552,inter_set_rest,4,7.0,68359.0,292649.0,143024.0,290633.0,154800.0
2026-04-14 18:15:56.944943,851234,1609508050564293,5650534145,0.815936,-0.140544,0.226432,-5.2325,-0.25375,-27.69375,-10.088,24.456001,19.528002,inter_set_rest,4,7.0,68359.0,292649.0,143024.0,290633.0,154800.0
2026-04-14 18:15:56.971947,851245,1609508050573297,5650542944,0.815936,-0.140544,0.226432,-1.82875,0.37625,-28.3325,-10.088,24.456001,19.528002,inter_set_rest,4,7.0,81359.0,311474.0,159605.0,306252.0,171579.0
2026-04-14 18:15:56.974824,851246,1609508050582326,5650551710,0.909632,-0.074176,0.452864,-1.93375,2.56375,-29.6625,-10.144,24.592001,19.432001,inter_set_rest,4,7.0,81359.0,311474.0,159605.0,306252.0,171579.0
2026-04-14 18:15:56.977357,851247,1609508050596887,5650566630,0.909632,-0.074176,0.452864,-3.01875,3.92875,-31.5525,-10.144,24.592001,19.432001,inter_set_rest,4,7.0,81359.0,311474.0,159605.0,306252.0,171579.0
2026-04-14 18:15:56.984793,851248,1609508050605828,5650575323,0.81008,-0.035136,0.277184,-2.1,4.83,-33.3725,-10.408001,24.176,19.056002,inter_set_rest,4,7.0,81359.0,311474.0,159605.0,306252.0,171579.0
2026-04-14 18:15:57.001057,851249,1609508050620277,5650590245,0.85888,-0.113216,0.201056,-3.5525,3.29875,-33.95875,-11.048,24.048,19.432001,inter_set_rest,4,7.0,81359.0,311474.0,159605.0,306252.0,171579.0
2026-04-14 18:15:57.009691,851250,1609508050629209,5650598930,0.85888,-0.113216,0.201056,-9.70375,0.70875,-32.06875,-11.048,24.048,19.432001,inter_set_rest,4,7.0,81359.0,311474.0,159605.0,306252.0,171579.0
2026-04-14 18:15:57.023640,851251,1609508050643867,5650613906,0.802272,-0.06832,0.242048,-17.5875,-1.19,-28.98875,-11.088,24.392002,19.096,inter_set_rest,4,7.0,81359.0,311474.0,159605.0,306252.0,171579.0
2026-04-14 18:15:57.033638,851252,1609508050653044,5650622616,0.802272,-0.06832,0.242048,-22.96875,-2.14375,-26.52125,-11.088,24.392002,19.096,inter_set_rest,4,7.0,81359.0,311474.0,159605.0,306252.0,171579.0
2026-04-14 18:15:57.041199,851253,1609508050662139,5650631315,0.77104,-0.027328,0.406016,-20.16875,-4.29625,-27.5975,-11.120001,24.304,18.952002,inter_set_rest,4,7.0,81359.0,311474.0,159605.0,306252.0,171579.0
2026-04-14 18:15:57.075166,851264,1609508050676837,5650646365,0.77104,-0.027328,0.406016,-13.71125,-4.62,-27.685,-11.120001,24.304,18.952002,inter_set_rest,4,7.0,80192.0,308251.0,157513.0,303797.0,169492.0
2026-04-14 18:15:57.075420,851265,1609508050685770,5650655094,0.765184,-0.0488,0.226432,-12.45125,-4.41,-26.03125,-11.976001,24.408,19.160002,inter_set_rest,4,7.0,80192.0,308251.0,157513.0,303797.0,169492.0
2026-04-14 18:15:57.081057,851266,1609508050700400,5650670141,0.79056,-0.105408,0.220576,-15.98625,-3.9375,-23.24,-12.568001,24.592001,18.36,inter_set_rest,4,7.0,80192.0,308251.0,157513.0,303797.0,169492.0
2026-04-14 18:15:57.088552,851267,1609508050709345,5650678898,0.79056,-0.105408,0.220576,-19.95,-2.94,-18.9875,-12.568001,24.592001,18.36,inter_set_rest,4,7.0,80192.0,308251.0,157513.0,303797.0,169492.0
2026-04-14 18:15:57.097325,851268,1609508050718297,5650687580,0.79056,-0.105408,0.220576,-20.57125,-2.415,-14.595,-12.568001,24.592001,18.36,inter_set_rest,4,7.0,80192.0,308251.0,157513.0,303797.0,169492.0
2026-04-14 18:15:57.124957,851269,1609508050732791,5650702514,0.853024,-0.056608,0.503616,-17.07125,-0.7875,-10.815,-12.360001,24.376001,18.432001,inter_set_rest,4,7.0,80192.0,308251.0,157513.0,303797.0,169492.0
2026-04-14 18:15:57.149549,851270,1609508050741710,5650711204,0.843264,-0.031232,0.49776,-12.46875,0.56,-10.2025,-12.336,24.888,19.712002,inter_set_rest,4,7.0,80192.0,308251.0,157513.0,303797.0,169492.0
2026-04-14 18:15:57.162000,851271,1609508050756254,5650726171,0.843264,-0.031232,0.49776,-10.9725,2.37125,-10.57,-12.336,24.888,19.712002,inter_set_rest,4,7.0,80192.0,308251.0,157513.0,303797.0,169492.0
2026-04-14 18:15:57.164930,851272,1609508050765323,5650734858,0.821792,-0.099552,0.335744,-12.62625,4.375,-10.56125,-12.288,24.952002,20.496,inter_set_rest,4,7.0,80192.0,308251.0,157513.0,303797.0,169492.0
2026-04-14 18:15:57.192487,851283,1609508050779900,5650749783,0.765184,-0.132736,0.304512,-13.0725,6.58,-9.72125,-12.288,25.128,22.192001,inter_set_rest,4,7.0,76696.0,300691.0,153053.0,298140.0,164947.0
2026-04-14 18:15:57.194959,851284,1609508050788837,5650758502,0.765184,-0.132736,0.304512,-11.515,8.3825,-7.8925,-12.936001,25.128,22.192001,inter_set_rest,4,7.0,76696.0,300691.0,153053.0,298140.0,164947.0
2026-04-14 18:15:57.197402,851285,1609508050797809,5650767209,0.765184,-0.132736,0.304512,-8.4,9.80875,-5.43375,-12.936001,25.128,22.192001,inter_set_rest,4,7.0,76696.0,300691.0,153053.0,298140.0,164947.0
2026-04-14 18:15:57.199923,851286,1609508050812355,5650782225,0.827648,-0.111264,0.530944,-5.34625,10.78,-3.36875,-13.360001,24.976002,21.264002,inter_set_rest,4,7.0,76696.0,300691.0,153053.0,298140.0,164947.0
2026-04-14 18:15:57.202462,851287,1609508050821300,5650790948,0.837408,-0.140544,0.460672,-1.19,11.83875,-1.19,-12.192,25.048,17.544,inter_set_rest,4,7.0,76696.0,300691.0,153053.0,298140.0,164947.0
2026-04-14 18:15:57.216219,851288,1609508050835930,5650805838,0.837408,-0.140544,0.460672,5.3375,12.11,2.07375,-12.192,25.048,17.544,inter_set_rest,4,7.0,76696.0,300691.0,153053.0,298140.0,164947.0
2026-04-14 18:15:57.224163,851289,1609508050844931,5650814550,0.853024,-0.226432,0.300608,9.5025,10.955,6.06375,-10.984,24.672,18.640001,inter_set_rest,4,7.0,76696.0,300691.0,153053.0,298140.0,164947.0
2026-04-14 18:15:57.232181,851290,1609508050853971,5650823283,0.853024,-0.226432,0.300608,12.32,8.47875,12.18875,-10.984,24.672,18.640001,inter_set_rest,4,7.0,76696.0,300691.0,153053.0,298140.0,164947.0
2026-04-14 18:15:57.275612,851301,1609508050868565,5650838193,0.870592,-0.206912,0.300608,16.3625,6.4925,19.64375,-11.448001,24.840002,19.880001,inter_set_rest,4,7.0,85187.0,307868.0,164793.0,305042.0,177185.0
2026-04-14 18:15:57.278599,851302,1609508050877570,5650847001,0.870592,-0.206912,0.300608,22.1025,5.11,24.42125,-11.448001,24.840002,19.880001,inter_set_rest,4,7.0,85187.0,307868.0,164793.0,305042.0,177185.0
2026-04-14 18:15:57.280807,851303,1609508050892187,5650861961,0.892064,-0.119072,0.499712,27.67625,4.2175,25.3225,-10.744,24.576,19.464,inter_set_rest,4,7.0,85187.0,307868.0,164793.0,305042.0,177185.0
2026-04-14 18:15:57.283650,851304,1609508050901139,5650870665,0.843264,-0.083936,0.244,34.02,3.6575,23.17,-11.216001,24.048,21.6,inter_set_rest,4,7.0,85187.0,307868.0,164793.0,305042.0,177185.0
2026-04-14 18:15:57.296163,851305,1609508050915658,5650885546,0.843264,-0.083936,0.244,39.68125,3.15,18.87375,-11.216001,24.048,21.6,inter_set_rest,4,7.0,85187.0,307868.0,164793.0,305042.0,177185.0
2026-04-14 18:15:57.303489,851306,1609508050924649,5650894295,0.91744,-0.103456,0.31232,41.8775,1.98625,13.0725,-10.192,23.52,20.112001,inter_set_rest,4,7.0,85187.0,307868.0,164793.0,305042.0,177185.0
2026-04-14 18:15:57.313693,851307,1609508050933579,5650903031,0.91744,-0.103456,0.31232,45.2025,0.665,9.19625,-10.192,23.52,20.112001,inter_set_rest,4,7.0,85187.0,307868.0,164793.0,305042.0,177185.0
2026-04-14 18:15:57.327493,851308,1609508050948063,5650917931,0.901824,-0.080032,0.49776,49.35,2.07375,7.67375,-10.92,23.480001,21.704,inter_set_rest,4,7.0,85187.0,307868.0,164793.0,305042.0,177185.0
2026-04-14 18:15:57.337236,851309,1609508050956988,5650926596,0.901824,-0.080032,0.49776,51.388752,5.38125,8.25125,-10.92,23.480001,21.704,inter_set_rest,4,7.0,85187.0,307868.0,164793.0,305042.0,177185.0
2026-04-14 18:15:57.372157,851320,1609508050972263,5650941784,0.94672,-0.091744,0.406016,49.245,10.15,9.073751,-10.144,23.112001,21.888,inter_set_rest,4,7.0,98912.0,318492.0,182370.0,313920.0,194788.0
2026-04-14 18:15:57.374499,851321,1609508050981449,5650950614,0.8784,-0.06832,0.21472,44.94875,13.0725,11.2525,-10.144,22.432001,16.92,inter_set_rest,4,7.0,98912.0,318492.0,182370.0,313920.0,194788.0
2026-04-14 18:15:57.377463,851322,1609508050990426,5650959377,0.8784,-0.06832,0.21472,42.1925,15.198751,11.480001,-9.76,22.432001,16.92,inter_set_rest,4,7.0,98912.0,318492.0,182370.0,313920.0,194788.0
2026-04-14 18:15:57.384377,851323,1609508051005229,5650974299,0.860832,-0.027328,0.226432,44.3975,17.0275,11.095,-9.368,21.552002,21.344002,inter_set_rest,4,7.0,98912.0,318492.0,182370.0,313920.0,194788.0
2026-04-14 18:15:57.392519,851324,1609508051014350,5650983102,0.860832,-0.027328,0.226432,47.94125,16.7125,11.4625,-9.368,21.552002,21.344002,inter_set_rest,4,7.0,98912.0,318492.0,182370.0,313920.0,194788.0
2026-04-14 18:15:57.408073,851325,1609508051023692,5650993865,0.876448,-0.021472,0.142496,48.04625,14.6125,12.52125,-9.200001,21.384,21.800001,inter_set_rest,4,7.0,98912.0,318492.0,182370.0,313920.0,194788.0
2026-04-14 18:15:57.417144,851326,1609508051038227,5651006700,0.876448,-0.021472,0.142496,45.71875,12.985,13.667501,-9.200001,21.384,21.800001,inter_set_rest,4,7.0,98912.0,318492.0,182370.0,313920.0,194788.0
2026-04-14 18:15:57.428254,851327,1609508051047516,5651017535,0.845216,0.03904,0.16592,40.5475,10.6575,14.18375,-8.92,20.960001,22.424002,inter_set_rest,4,7.0,98912.0,318492.0,182370.0,313920.0,194788.0
2026-04-14 18:15:57.439291,851328,1609508051062050,5651030423,0.89792,0.040992,0.368928,33.670002,7.805,13.58875,-9.064,20.936,23.992,inter_set_rest,4,7.0,98912.0,318492.0,182370.0,313920.0,194788.0
2026-04-14 18:15:57.514630,851339,1609508051071833,5651041281,0.89792,0.040992,0.368928,28.9625,5.64375,14.0875,-9.064,20.936,23.992,inter_set_rest,4,7.0,99677.0,317897.0,183307.0,312628.0,195556.0
2026-04-14 18:15:57.517239,851340,1609508051080964,5651050127,0.89792,0.040992,0.368928,27.475,3.89375,12.66125,-9.064,20.936,23.992,inter_set_rest,4,7.0,99677.0,317897.0,183307.0,312628.0,195556.0
2026-04-14 18:15:57.521177,851341,1609508051095534,5651065056,0.933056,-0.042944,0.216672,26.39875,1.8375,11.76875,-9.296001,20.888,23.160002,inter_set_rest,4,7.0,99677.0,317897.0,183307.0,312628.0,195556.0
2026-04-14 18:15:57.521982,851342,1609508051104589,5651073731,0.931104,-0.001952,0.337696,27.13375,-0.6125,11.8475,-9.728001,20.368,24.088001,inter_set_rest,4,7.0,99677.0,317897.0,183307.0,312628.0,195556.0
2026-04-14 18:15:57.526819,851343,1609508051119074,5651088690,0.931104,-0.001952,0.337696,26.88875,-3.03625,11.05125,-9.728001,20.368,24.088001,inter_set_rest,4,7.0,99677.0,317897.0,183307.0,312628.0,195556.0
2026-04-14 18:15:57.554380,851344,1609508051127982,5651097540,0.870592,0.054656,0.251808,24.28125,-5.3025,10.4825,-9.368,20.496,24.176,inter_set_rest,4,7.0,99677.0,317897.0,183307.0,312628.0,195556.0
2026-04-14 18:15:57.557144,851345,1609508051136904,5651106251,0.870592,0.054656,0.251808,20.41375,-7.37625,10.21125,-9.368,20.496,24.176,inter_set_rest,4,7.0,99677.0,317897.0,183307.0,312628.0,195556.0
2026-04-14 18:15:57.559521,851346,1609508051151550,5651121200,0.876448,0.044896,0.347456,16.24,-9.47625,8.96,-9.424001,19.936,24.608002,inter_set_rest,4,7.0,99677.0,317897.0,183307.0,312628.0,195556.0
2026-04-14 18:15:57.562178,851347,1609508051160475,5651129848,0.876448,0.044896,0.347456,11.6725,-10.33375,8.51375,-9.424001,19.936,24.608002,inter_set_rest,4,7.0,99677.0,317897.0,183307.0,312628.0,195556.0
2026-04-14 18:15:57.589648,851358,1609508051175378,5651144844,0.845216,0.013664,0.296704,8.39125,-10.42125,7.84,-10.056001,20.504002,25.104002,inter_set_rest,4,7.0,79656.0,300484.0,157930.0,296365.0,169502.0
2026-04-14 18:15:57.592173,851359,1609508051184332,5651153736,0.8296,-0.007808,0.085888,5.11,-11.27875,6.5625,-10.632001,20.624,24.416,inter_set_rest,4,7.0,79656.0,300484.0,157930.0,296365.0,169502.0
2026-04-14 18:15:57.594660,851360,1609508051193428,5651162444,0.8296,-0.007808,0.085888,3.15875,-12.8275,5.915,-10.632001,20.624,24.416,inter_set_rest,4,7.0,79656.0,300484.0,157930.0,296365.0,169502.0
2026-04-14 18:15:57.597137,851361,1609508051207959,5651177350,0.85888,0.050752,0.314272,3.68375,-13.78125,3.40375,-11.024,20.176,24.216002,inter_set_rest,4,7.0,79656.0,300484.0,157930.0,296365.0,169502.0
2026-04-14 18:15:57.599621,851362,1609508051216904,5651186048,0.85888,0.050752,0.314272,4.13875,-14.595,-1.07625,-11.024,20.176,24.216002,inter_set_rest,4,7.0,79656.0,300484.0,157930.0,296365.0,169502.0
2026-04-14 18:15:57.609627,851363,1609508051231442,5651200995,0.827648,0.046848,0.359168,0.5425,-13.7725,-4.03375,-9.976001,20.312,24.000002,inter_set_rest,4,7.0,79656.0,300484.0,157930.0,296365.0,169502.0
2026-04-14 18:15:57.620684,851364,1609508051240361,5651209677,0.827648,0.046848,0.359168,-8.40875,-11.29625,-5.3025,-9.976001,20.312,24.000002,inter_set_rest,4,7.0,79656.0,300484.0,157930.0,296365.0,169502.0
2026-04-14 18:15:57.634786,851365,1609508051254866,5651224598,0.796416,-0.007808,0.232288,-14.7,-7.8225,-5.39875,-8.904,20.04,23.728,inter_set_rest,4,7.0,79656.0,300484.0,157930.0,296365.0,169502.0
2026-04-14 18:15:57.642105,851366,1609508051263812,5651233312,0.80032,-0.035136,0.085888,-18.31375,-5.8275,-5.915,-9.992001,20.424002,24.592001,inter_set_rest,4,7.0,79656.0,300484.0,157930.0,296365.0,169502.0
2026-04-14 18:15:57.675817,851377,1609508051272918,5651242255,0.80032,-0.035136,0.085888,-19.6525,-3.71875,-6.44,-9.992001,20.424002,24.592001,inter_set_rest,4,7.0,64486.0,282150.0,137395.0,280378.0,148898.0
2026-04-14 18:15:57.678753,851378,1609508051287557,5651257185,0.835456,0.001952,0.132736,-19.8275,-2.135,-5.705,-10.248,20.776001,23.968,inter_set_rest,4,7.0,64486.0,282150.0,137395.0,280378.0,148898.0
2026-04-14 18:15:57.681011,851379,1609508051296570,5651265882,0.835456,0.001952,0.132736,-21.1575,-1.51375,-5.55625,-10.248,20.776001,23.968,inter_set_rest,4,7.0,64486.0,282150.0,137395.0,280378.0,148898.0
2026-04-14 18:15:57.691227,851380,1609508051311100,5651280837,0.919392,-0.042944,0.12688,-24.35125,-1.4,-5.32,-10.016001,21.080002,23.664001,inter_set_rest,4,7.0,64486.0,282150.0,137395.0,280378.0,148898.0
2026-04-14 18:15:57.701240,851381,1609508051320032,5651289514,0.919392,-0.042944,0.12688,-27.6675,-1.5925,-5.6175,-10.016001,21.080002,23.664001,inter_set_rest,4,7.0,64486.0,282150.0,137395.0,280378.0,148898.0
2026-04-14 18:15:57.715569,851382,1609508051334722,5651304530,0.931104,-0.03904,0.388448,-30.52,-2.07375,-6.74625,-9.392,20.824001,22.744001,inter_set_rest,4,7.0,64486.0,282150.0,137395.0,280378.0,148898.0
2026-04-14 18:15:57.723666,851383,1609508051343841,5651313223,1.013088,-0.042944,0.353312,-32.99625,-1.98625,-8.015,-9.392,21.656,22.144001,inter_set_rest,4,7.0,64486.0,282150.0,137395.0,280378.0,148898.0
2026-04-14 18:15:57.732436,851384,1609508051352801,5651321914,1.013088,-0.042944,0.353312,-33.92375,-0.95375,-11.08625,-9.336,21.656,22.144001,inter_set_rest,4,7.0,64486.0,282150.0,137395.0,280378.0,148898.0
2026-04-14 18:15:57.748710,851385,1609508051367293,5651336789,0.903776,-0.040992,0.267424,-35.857502,-0.39375,-14.9275,-9.480001,21.616001,22.04,inter_set_rest,4,7.0,64486.0,282150.0,137395.0,280378.0,148898.0
2026-04-14 18:15:57.778741,851396,1609508051376420,5651345934,0.903776,-0.040992,0.267424,-37.065,-1.68,-17.29,-9.480001,21.616001,22.04,inter_set_rest,4,7.0,76382.0,299674.0,153397.0,296246.0,165255.0
2026-04-14 18:15:57.781233,851397,1609508051390959,5651360898,0.880352,-0.119072,0.171776,-37.31,-2.52,-17.955,-11.592001,22.392,22.544,inter_set_rest,4,7.0,76382.0,299674.0,153397.0,296246.0,165255.0
2026-04-14 18:15:57.783398,851398,1609508051399900,5651369579,0.880352,-0.119072,0.171776,-37.9925,-2.73,-17.928751,-11.592001,22.392,22.544,inter_set_rest,4,7.0,76382.0,299674.0,153397.0,296246.0,165255.0
2026-04-14 18:15:57.788348,851399,1609508051408862,5651378305,0.935008,-0.113216,0.431392,-37.2225,-2.1875,-16.31,-10.88,22.384,22.144001,inter_set_rest,4,7.0,76382.0,299674.0,153397.0,296246.0,165255.0
2026-04-14 18:15:57.804546,851400,1609508051423400,5651393214,0.935008,-0.113216,0.337696,-36.09375,-2.1525,-15.47875,-10.88,22.384,22.144001,inter_set_rest,4,7.0,76382.0,299674.0,153397.0,296246.0,165255.0
2026-04-14 18:15:57.812130,851401,1609508051432337,5651401904,0.93696,-0.150304,0.33184,-36.7675,-1.7675,-14.533751,-10.416,22.912,19.296001,inter_set_rest,4,7.0,76382.0,299674.0,153397.0,296246.0,165255.0
2026-04-14 18:15:57.826170,851402,1609508051447042,5651416904,0.851072,-0.144448,0.199104,-36.32125,-2.03,-13.2475,-10.216001,22.52,21.632002,inter_set_rest,4,7.0,76382.0,299674.0,153397.0,296246.0,165255.0
2026-04-14 18:15:57.866250,851403,1609508051456121,5651425601,0.851072,-0.144448,0.199104,-33.46875,-2.4325,-12.8625,-10.216001,22.52,21.632002,inter_set_rest,4,7.0,76382.0,299674.0,153397.0,296246.0,165255.0
2026-04-14 18:15:57.886241,851404,1609508051465208,5651434285,0.892064,-0.138592,0.452864,-30.79125,-2.5725,-14.04375,-11.168,23.056002,20.008001,inter_set_rest,4,7.0,76382.0,299674.0,153397.0,296246.0,165255.0
2026-04-14 18:15:57.913549,851415,1609508051479738,5651449225,0.892064,-0.138592,0.452864,-26.64375,-3.43,-15.30375,-11.168,23.056002,20.008001,inter_set_rest,4,7.0,77318.0,302474.0,154475.0,298978.0,166205.0
2026-04-14 18:15:57.916070,851416,1609508051488659,5651457932,0.813984,-0.150304,0.271328,-24.6575,-5.04,-16.47625,-10.76,22.752,20.52,inter_set_rest,4,7.0,77318.0,302474.0,154475.0,298978.0,166205.0
2026-04-14 18:15:57.918514,851417,1609508051503147,5651472870,0.813984,-0.150304,0.271328,-24.491251,-5.495,-17.08,-10.76,22.752,20.52,inter_set_rest,4,7.0,77318.0,302474.0,154475.0,298978.0,166205.0
2026-04-14 18:15:57.920568,851418,1609508051512106,5651481548,0.749568,-0.128832,0.388448,-24.80625,-5.18,-17.08875,-10.440001,23.032001,22.336,inter_set_rest,4,7.0,77318.0,302474.0,154475.0,298978.0,166205.0
2026-04-14 18:15:57.923281,851419,1609508051526712,5651496440,0.733952,-0.11712,0.259616,-22.8025,-4.9525,-18.1125,-10.528001,23.112001,20.128,inter_set_rest,4,7.0,77318.0,302474.0,154475.0,298978.0,166205.0
2026-04-14 18:15:57.926151,851420,1609508051535703,5651505164,0.733952,-0.11712,0.259616,-17.87625,-4.6375,-20.2825,-10.528001,23.112001,20.128,inter_set_rest,4,7.0,77318.0,302474.0,154475.0,298978.0,166205.0
2026-04-14 18:15:57.928641,851421,1609508051544710,5651513909,0.718336,-0.103456,0.286944,-12.915,-5.57375,-22.8375,-10.528001,23.112001,21.400002,inter_set_rest,4,7.0,77318.0,302474.0,154475.0,298978.0,166205.0
2026-04-14 18:15:57.939563,851422,1609508051559225,5651528824,0.728096,-0.103456,0.286944,-10.3425,-6.79875,-24.52625,-11.064,23.456001,21.400002,inter_set_rest,4,7.0,77318.0,302474.0,154475.0,298978.0,166205.0
2026-04-14 18:15:57.948729,851423,1609508051568217,5651537520,0.778848,-0.128832,0.337696,-9.40625,-7.30625,-25.41,-12.080001,23.416,20.336,inter_set_rest,4,7.0,77318.0,302474.0,154475.0,298978.0,166205.0
2026-04-14 18:15:57.979966,851434,1609508051582870,5651552600,0.778848,-0.128832,0.337696,-8.33875,-5.71375,-25.9875,-12.080001,23.416,20.336,inter_set_rest,4,7.0,75339.0,299808.0,151813.0,297095.0,163496.0
2026-04-14 18:15:57.982505,851435,1609508051591801,5651561283,0.827648,-0.11712,0.396256,-4.69875,-3.6925,-26.215,-13.136001,23.824001,20.416,inter_set_rest,4,7.0,75339.0,299808.0,151813.0,297095.0,163496.0
2026-04-14 18:15:57.984948,851436,1609508051600814,5651569979,0.827648,-0.11712,0.396256,-0.735,-1.75875,-27.08125,-13.136001,23.824001,20.416,inter_set_rest,4,7.0,75339.0,299808.0,151813.0,297095.0,163496.0
2026-04-14 18:15:57.996634,851437,1609508051615513,5651585001,0.815936,-0.121024,0.267424,2.9925,0.18375,-26.897501,-12.864,22.944,21.016,inter_set_rest,4,7.0,75339.0,299808.0,151813.0,297095.0,163496.0
2026-04-14 18:15:58.003341,851438,1609508051624484,5651593809,0.815936,-0.121024,0.267424,6.37,1.14625,-25.0075,-12.864,22.944,21.016,inter_set_rest,4,7.0,75339.0,299808.0,151813.0,297095.0,163496.0
2026-04-14 18:15:58.020032,851439,1609508051639124,5651608717,0.784704,-0.119072,0.333792,10.33375,2.8175,-21.88375,-11.544001,22.36,21.400002,inter_set_rest,4,7.0,75339.0,299808.0,151813.0,297095.0,163496.0
2026-04-14 18:15:58.027459,851440,1609508051648126,5651617447,0.921344,-0.1464,0.441152,9.16125,5.22375,-16.80875,-11.768001,22.656,20.0,inter_set_rest,4,7.0,75339.0,299808.0,151813.0,297095.0,163496.0
2026-04-14 18:15:58.042447,851441,1609508051662651,5651632432,0.921344,-0.1464,0.441152,9.3275,7.245,-10.5525,-11.768001,22.656,20.0,inter_set_rest,4,7.0,75339.0,299808.0,151813.0,297095.0,163496.0
2026-04-14 18:15:58.083527,851452,1609508051671603,5651641399,0.874496,-0.11712,0.423584,9.21375,10.57875,-4.15625,-12.336,22.52,20.968,inter_set_rest,4,7.0,87780.0,308993.0,168111.0,305441.0,180319.0
2026-04-14 18:15:58.083877,851453,1609508051680719,5651650200,0.874496,-0.11712,0.423584,9.52,11.48875,1.56625,-12.336,22.52,20.968,inter_set_rest,4,7.0,87780.0,308993.0,168111.0,305441.0,180319.0
2026-04-14 18:15:58.086071,851454,1609508051695282,5651665158,0.929152,-0.10736,0.310368,13.13375,11.94375,6.1775,-12.392,22.552002,21.448002,inter_set_rest,4,7.0,87780.0,308993.0,168111.0,305441.0,180319.0
2026-04-14 18:15:58.089997,851455,1609508051704229,5651673843,0.929152,-0.10736,0.310368,16.17,11.66375,8.82,-12.392,22.552002,21.448002,inter_set_rest,4,7.0,87780.0,308993.0,168111.0,305441.0,180319.0
2026-04-14 18:15:58.098564,851456,1609508051718762,5651688854,0.886208,0.001952,0.509472,16.65125,11.15625,8.39125,-12.024,22.576,21.288,inter_set_rest,4,7.0,87780.0,308993.0,168111.0,305441.0,180319.0
2026-04-14 18:15:58.108619,851457,1609508051727907,5651697648,0.794464,0.001952,0.26352,15.225,11.1825,6.36125,-11.752001,22.376001,22.136002,inter_set_rest,4,7.0,87780.0,308993.0,168111.0,305441.0,180319.0
2026-04-14 18:15:58.116104,851458,1609508051736975,5651706346,0.794464,0.001952,0.26352,12.7575,12.38125,3.89375,-11.752001,22.376001,22.136002,inter_set_rest,4,7.0,87780.0,308993.0,168111.0,305441.0,180319.0
2026-04-14 18:15:58.132473,851459,1609508051751463,5651721213,0.851072,-0.046848,0.454816,12.01375,12.55625,2.1875,-10.856001,21.984001,21.048,inter_set_rest,4,7.0,87780.0,308993.0,168111.0,305441.0,180319.0
2026-04-14 18:15:58.139945,851460,1609508051760466,5651729917,0.851072,-0.046848,0.454816,11.78625,10.10625,1.56625,-10.856001,21.984001,21.048,inter_set_rest,4,7.0,87780.0,308993.0,168111.0,305441.0,180319.0
2026-04-14 18:15:58.228500,851471,1609508051775515,5651744918,0.864736,-0.027328,0.503616,10.03625,7.48125,3.08,-11.496,21.728,20.728,inter_set_rest,4,7.0,93700.0,312323.0,175874.0,308352.0,188153.0
2026-04-14 18:15:58.253181,851472,1609508051784634,5651753775,0.864736,-0.027328,0.503616,7.62125,6.58,4.24375,-11.496,21.728,20.728,inter_set_rest,4,7.0,93700.0,312323.0,175874.0,308352.0,188153.0
2026-04-14 18:15:58.256246,851473,1609508051793603,5651762477,0.80032,0.025376,0.308416,5.46,6.48375,3.9025,-12.488001,22.104002,22.976002,inter_set_rest,4,7.0,93700.0,312323.0,175874.0,308352.0,188153.0
2026-04-14 18:15:58.258264,851474,1609508051808620,5651777364,0.860832,-0.044896,0.284992,2.79125,6.9125,2.35375,-11.384001,22.072,21.960001,inter_set_rest,4,7.0,93700.0,312323.0,175874.0,308352.0,188153.0
2026-04-14 18:15:58.260840,851475,1609508051817917,5651788148,0.860832,-0.044896,0.284992,-0.88375,8.0325,0.525,-11.384001,22.072,21.960001,inter_set_rest,4,7.0,93700.0,312323.0,175874.0,308352.0,188153.0
2026-04-14 18:15:58.263734,851476,1609508051832417,5651800991,0.872544,-0.08784,0.265472,-3.54375,7.97125,0.3675,-11.360001,22.104002,22.016,inter_set_rest,4,7.0,93700.0,312323.0,175874.0,308352.0,188153.0
2026-04-14 18:15:58.266066,851477,1609508051841753,5651811738,0.872544,-0.08784,0.265472,-4.78625,5.90625,1.4,-11.360001,22.104002,22.016,inter_set_rest,4,7.0,93700.0,312323.0,175874.0,308352.0,188153.0
2026-04-14 18:15:58.270507,851478,1609508051850678,5651820468,0.8296,-0.056608,0.199104,-5.41625,3.92,2.80875,-11.320001,22.224,22.232,inter_set_rest,4,7.0,93700.0,312323.0,175874.0,308352.0,188153.0
2026-04-14 18:15:58.270984,851479,1609508051865206,5651835380,0.8296,-0.056608,0.199104,-7.11375,2.3275,3.9725,-11.320001,22.224,22.232,inter_set_rest,4,7.0,93700.0,312323.0,175874.0,308352.0,188153.0
2026-04-14 18:15:58.301040,851490,1609508051874245,5651844591,0.856928,0.005856,0.402112,-8.75,1.4,4.3575,-10.944,22.160002,20.76,inter_set_rest,4,7.0,93297.0,311693.0,175350.0,307799.0,187528.0
2026-04-14 18:15:58.303404,851491,1609508051889011,5651857479,0.812032,-0.0488,0.31232,-8.6275,0.98875,4.0075,-10.016001,22.344002,21.400002,inter_set_rest,4,7.0,93297.0,311693.0,175350.0,307799.0,187528.0
2026-04-14 18:15:58.306210,851492,1609508051898459,5651868308,0.812032,-0.0488,0.31232,-10.167501,0.21,3.28125,-10.016001,22.344002,21.400002,inter_set_rest,4,7.0,93297.0,311693.0,175350.0,307799.0,187528.0
2026-04-14 18:15:58.308706,851493,1609508051907591,5651877120,0.913536,-0.085888,0.31232,-10.89375,-1.3825,4.29625,-10.368,22.416,20.464,inter_set_rest,4,7.0,93297.0,311693.0,175350.0,307799.0,187528.0
2026-04-14 18:15:58.311188,851494,1609508051922195,5651892039,0.913536,-0.085888,0.31232,-9.86125,-1.79375,5.565,-10.368,22.416,20.464,inter_set_rest,4,7.0,93297.0,311693.0,175350.0,307799.0,187528.0
2026-04-14 18:15:58.313743,851495,1609508051931129,5651900781,0.923296,-0.066368,0.366976,-10.68375,-1.9425,5.6175,-10.088,22.768002,20.816002,inter_set_rest,4,7.0,93297.0,311693.0,175350.0,307799.0,187528.0
2026-04-14 18:15:58.326197,851496,1609508051945677,5651915682,0.923296,-0.066368,0.366976,-12.69625,-1.2075,6.1425,-10.088,22.768002,20.816002,inter_set_rest,4,7.0,93297.0,311693.0,175350.0,307799.0,187528.0
2026-04-14 18:15:58.333658,851497,1609508051954708,5651924463,0.880352,-0.080032,0.206912,-13.1075,-0.91,6.41375,-9.992001,22.384,22.320002,inter_set_rest,4,7.0,93297.0,311693.0,175350.0,307799.0,187528.0
2026-04-14 18:15:58.342156,851498,1609508051963656,5651933199,0.880352,-0.080032,0.206912,-10.1325,-0.1925,5.705,-9.992001,22.384,22.320002,inter_set_rest,4,7.0,93297.0,311693.0,175350.0,307799.0,187528.0
2026-04-14 18:15:58.376990,851509,1609508051978364,5651948186,0.899872,-0.089792,0.42944,-7.34125,-0.70875,4.69875,-10.72,22.488,20.816002,inter_set_rest,4,7.0,92647.0,312568.0,174491.0,308452.0,186673.0
2026-04-14 18:15:58.379436,851510,1609508051987491,5651957012,0.899872,-0.07808,0.17568,-5.285,-1.61,5.48625,-10.72,22.488,20.816002,inter_set_rest,4,7.0,92647.0,312568.0,174491.0,308452.0,186673.0
2026-04-14 18:15:58.382339,851511,1609508052002092,5651971988,0.821792,-0.07808,0.17568,-4.33125,-1.645,6.27375,-11.368001,23.064001,20.328001,inter_set_rest,4,7.0,92647.0,312568.0,174491.0,308452.0,186673.0
2026-04-14 18:15:58.393572,851512,1609508052011021,5651980841,0.90768,-0.05856,0.44896,-5.635,-1.42625,6.79,-10.672001,22.864,21.568,inter_set_rest,4,7.0,92647.0,312568.0,174491.0,308452.0,186673.0
2026-04-14 18:15:58.399912,851513,1609508052019945,5651989543,0.90768,-0.05856,0.44896,-7.525,-0.5775,6.97375,-10.672001,22.864,21.568,inter_set_rest,4,7.0,92647.0,312568.0,174491.0,308452.0,186673.0
2026-04-14 18:15:58.413707,851514,1609508052034488,5652004449,0.894016,-0.070272,0.454816,-8.54875,0.735,7.07,-10.384001,23.336,22.104002,inter_set_rest,4,7.0,92647.0,312568.0,174491.0,308452.0,186673.0
2026-04-14 18:15:58.423613,851515,1609508052043433,5652013143,0.894016,-0.070272,0.454816,-7.02625,1.65375,6.335,-10.384001,23.336,22.104002,inter_set_rest,4,7.0,92647.0,312568.0,174491.0,308452.0,186673.0
2026-04-14 18:15:58.439440,851516,1609508052058057,5652028029,0.843264,-0.056608,0.388448,-4.4975,2.555,5.11,-10.584001,23.064001,21.560001,inter_set_rest,4,7.0,92647.0,312568.0,174491.0,308452.0,186673.0
2026-04-14 18:15:58.446179,851517,1609508052066977,5652036835,0.843264,-0.056608,0.388448,-1.82,2.75625,5.11,-10.584001,23.064001,21.560001,inter_set_rest,4,7.0,92647.0,312568.0,174491.0,308452.0,186673.0
2026-04-14 18:15:58.478580,851528,1609508052081622,5652051971,0.85888,-0.091744,0.238144,-0.07,2.2925,5.1275,-9.696,22.944,18.376001,inter_set_rest,4,7.0,97699.0,317507.0,180967.0,312739.0,193329.0
2026-04-14 18:15:58.480722,851529,1609508052090623,5652060675,0.81008,-0.072224,0.197152,0.46375,1.58375,5.53875,-10.392,23.152,21.480001,inter_set_rest,4,7.0,97699.0,317507.0,180967.0,312739.0,193329.0
2026-04-14 18:15:58.483565,851530,1609508052099724,5652069387,0.81008,-0.072224,0.197152,0.0,1.085,6.16,-10.392,23.152,21.480001,inter_set_rest,4,7.0,97699.0,317507.0,180967.0,312739.0,193329.0
2026-04-14 18:15:58.493629,851531,1609508052114287,5652084339,0.81984,-0.066368,0.208864,-0.41125,1.365,6.4925,-10.312,23.032001,21.992,inter_set_rest,4,7.0,97699.0,317507.0,180967.0,312739.0,193329.0
2026-04-14 18:15:58.501961,851532,1609508052123248,5652093051,0.81984,-0.066368,0.208864,-0.63,1.68,6.85125,-10.312,23.032001,21.992,inter_set_rest,4,7.0,97699.0,317507.0,180967.0,312739.0,193329.0
2026-04-14 18:15:58.518207,851533,1609508052137770,5652107932,0.913536,-0.101504,0.316224,-0.55125,2.23125,5.88875,-9.52,23.168001,21.664001,inter_set_rest,4,7.0,97699.0,317507.0,180967.0,312739.0,193329.0
2026-04-14 18:15:58.525565,851534,1609508052146759,5652116653,0.913536,-0.101504,0.316224,-0.3325,1.44375,5.20625,-9.52,23.168001,21.664001,inter_set_rest,4,7.0,97699.0,317507.0,180967.0,312739.0,193329.0
2026-04-14 18:15:58.535723,851535,1609508052155714,5652125366,0.905728,-0.081984,0.35136,0.86625,-0.1225,4.48,-9.992001,23.12,20.664001,inter_set_rest,4,7.0,97699.0,317507.0,180967.0,312739.0,193329.0
2026-04-14 18:15:58.552101,851536,1609508052170223,5652140301,0.860832,-0.074176,0.240096,1.5225,-1.715,3.98125,-8.976001,23.032001,22.160002,inter_set_rest,4,7.0,97699.0,317507.0,180967.0,312739.0,193329.0
2026-04-14 18:15:58.627152,851547,1609508052179325,5652149071,0.860832,-0.074176,0.240096,0.805,-2.52,3.9375,-8.976001,23.032001,22.160002,inter_set_rest,4,7.0,103241.0,320986.0,187872.0,315694.0,200099.0
2026-04-14 18:15:58.629973,851548,1609508052193954,5652163995,0.86864,-0.081984,0.394304,-1.2775,-2.52,3.78,-9.240001,22.920002,20.376001,inter_set_rest,4,7.0,103241.0,320986.0,187872.0,315694.0,200099.0
2026-04-14 18:15:58.632281,851549,1609508052202897,5652172695,0.86864,-0.081984,0.394304,-3.91125,-1.89,4.0775,-9.240001,22.920002,20.376001,inter_set_rest,4,7.0,103241.0,320986.0,187872.0,315694.0,200099.0
2026-04-14 18:15:58.634939,851550,1609508052217440,5652187708,0.821792,-0.11712,0.1952,-4.85625,-1.47875,4.8125,-9.176001,22.68,21.080002,inter_set_rest,4,7.0,103241.0,320986.0,187872.0,315694.0,200099.0
2026-04-14 18:15:58.637090,851551,1609508052226359,5652196400,0.821792,-0.11712,0.1952,-3.14125,-1.33,5.2325,-9.176001,22.68,21.080002,inter_set_rest,4,7.0,103241.0,320986.0,187872.0,315694.0,200099.0
2026-04-14 18:15:58.639950,851552,1609508052235472,5652205095,0.80032,-0.0488,0.335744,-0.7875,-1.58375,5.6175,-9.144,23.112001,21.712002,inter_set_rest,4,7.0,103241.0,320986.0,187872.0,315694.0,200099.0
2026-04-14 18:15:58.642083,851553,1609508052249976,5652219974,0.784704,-0.074176,0.244,-1.61,-1.89875,5.99375,-10.072001,23.016,20.648,inter_set_rest,4,7.0,103241.0,320986.0,187872.0,315694.0,200099.0
2026-04-14 18:15:58.646493,851554,1609508052258960,5652228806,0.784704,-0.074176,0.244,-4.7775,-1.88125,5.92375,-10.072001,23.016,20.648,inter_set_rest,4,7.0,103241.0,320986.0,187872.0,315694.0,200099.0
2026-04-14 18:15:58.656438,851555,1609508052273448,5652243778,0.788608,-0.074176,0.327936,-5.97625,-0.90125,6.62375,-9.72,23.352001,21.856,inter_set_rest,4,7.0,103241.0,320986.0,187872.0,315694.0,200099.0
2026-04-14 18:15:58.682424,851566,1609508052282521,5652252578,0.788608,-0.074176,0.327936,-4.62,0.175,6.27375,-9.72,23.352001,21.856,inter_set_rest,4,7.0,100401.0,317051.0,184476.0,312604.0,196575.0
2026-04-14 18:15:58.684856,851567,1609508052291477,5652261310,0.8784,-0.101504,0.460672,-2.66875,0.65625,5.52125,-9.576,23.392,23.112001,inter_set_rest,4,7.0,100401.0,317051.0,184476.0,312604.0,196575.0
2026-04-14 18:15:58.687072,851568,1609508052306048,5652276222,0.8784,-0.101504,0.460672,-0.5075,0.44625,5.97625,-9.576,23.392,23.112001,inter_set_rest,4,7.0,100401.0,317051.0,184476.0,312604.0,196575.0
2026-04-14 18:15:58.699910,851569,1609508052315024,5652284926,0.866688,-0.132736,0.288896,0.07875,-0.27125,6.5275,-9.816001,23.336,22.392,inter_set_rest,4,7.0,100401.0,317051.0,184476.0,312604.0,196575.0
2026-04-14 18:15:58.711217,851570,1609508052329542,5652299867,0.866688,-0.115168,0.238144,-0.83125,-0.63875,7.39375,-9.816001,23.336,22.392,inter_set_rest,4,7.0,100401.0,317051.0,184476.0,312604.0,196575.0
2026-04-14 18:15:58.721224,851571,1609508052338465,5652308602,0.833504,-0.115168,0.238144,-2.03,-1.4525,7.9975,-9.280001,23.44,20.272001,inter_set_rest,4,7.0,100401.0,317051.0,184476.0,312604.0,196575.0
2026-04-14 18:15:58.732094,851572,1609508052352989,5652321431,0.84912,-0.070272,0.474336,-2.19625,-3.0275,8.7325,-8.864,22.752,20.68,inter_set_rest,4,7.0,100401.0,317051.0,184476.0,312604.0,196575.0
2026-04-14 18:15:58.741646,851573,1609508052362235,5652332285,0.84912,-0.070272,0.474336,-0.51625,-3.36875,8.21625,-8.864,22.752,20.68,inter_set_rest,4,7.0,100401.0,317051.0,184476.0,312604.0,196575.0
2026-04-14 18:15:58.750415,851574,1609508052371196,5652340985,0.7808,-0.113216,0.216672,0.0525,-4.0425,7.30625,-9.712001,23.416,21.784,inter_set_rest,4,7.0,100401.0,317051.0,184476.0,312604.0,196575.0
2026-04-14 18:15:58.782262,851585,1609508052385872,5652355987,0.7808,-0.113216,0.216672,-1.9075,-5.04,7.5775,-9.712001,23.416,21.784,inter_set_rest,4,7.0,96519.0,311896.0,179855.0,308556.0,191820.0
2026-04-14 18:15:58.783130,851586,1609508052394901,5652364730,0.796416,-0.119072,0.208864,-3.3075,-5.95875,8.35625,-8.864,23.416,20.568,inter_set_rest,4,7.0,96519.0,311896.0,179855.0,308556.0,191820.0
2026-04-14 18:15:58.789567,851587,1609508052409633,5652379626,0.796416,-0.119072,0.208864,-3.6575,-6.37,9.24875,-8.864,23.416,20.568,inter_set_rest,4,7.0,96519.0,311896.0,179855.0,308556.0,191820.0
2026-04-14 18:15:58.799504,851588,1609508052418712,5652388301,0.874496,-0.128832,0.314272,-5.32875,-7.2625,9.66875,-8.68,22.984001,20.848001,inter_set_rest,4,7.0,96519.0,311896.0,179855.0,308556.0,191820.0
2026-04-14 18:15:58.805861,851589,1609508052427797,5652397024,0.874496,-0.128832,0.314272,-6.1775,-8.32125,9.5725,-8.68,22.984001,20.848001,inter_set_rest,4,7.0,96519.0,311896.0,179855.0,308556.0,191820.0
2026-04-14 18:15:58.833390,851590,1609508052442393,5652411916,0.823744,-0.130784,0.245952,-6.195,-8.82875,8.98625,-9.120001,23.320002,21.496,inter_set_rest,4,7.0,96519.0,311896.0,179855.0,308556.0,191820.0
2026-04-14 18:15:58.835894,851591,1609508052451305,5652420602,0.813984,-0.121024,0.327936,-5.215,-8.435,8.26875,-9.344001,23.560001,19.928001,inter_set_rest,4,7.0,96519.0,311896.0,179855.0,308556.0,191820.0
2026-04-14 18:15:58.848079,851592,1609508052465805,5652435518,0.813984,-0.121024,0.327936,-3.3425,-8.26,8.09375,-9.344001,23.560001,19.928001,inter_set_rest,4,7.0,96519.0,311896.0,179855.0,308556.0,191820.0
2026-04-14 18:15:58.854053,851593,1609508052474731,5652444217,0.88816,-0.160064,0.265472,-2.94875,-8.37375,7.88375,-8.84,23.528002,20.336,inter_set_rest,4,7.0,96519.0,311896.0,179855.0,308556.0,191820.0
2026-04-14 18:15:58.880861,851604,1609508052489308,5652459169,0.88816,-0.160064,0.265472,-3.91125,-8.435,9.0825,-8.84,23.528002,20.336,inter_set_rest,4,7.0,93904.0,309975.0,176623.0,306967.0,188513.0
2026-04-14 18:15:58.883352,851605,1609508052498362,5652467891,0.882304,-0.169824,0.255712,-6.22125,-8.11125,9.275,-9.568001,23.744001,19.784,inter_set_rest,4,7.0,93904.0,309975.0,176623.0,306967.0,188513.0
2026-04-14 18:15:58.885883,851606,1609508052507408,5652476646,0.882304,-0.169824,0.255712,-8.75875,-7.8225,9.3975,-9.568001,23.744001,19.784,inter_set_rest,4,7.0,93904.0,309975.0,176623.0,306967.0,188513.0
2026-04-14 18:15:58.900911,851607,1609508052522082,5652491571,0.847168,-0.163968,0.216672,-9.730001,-7.595,9.93125,-9.376,24.056002,21.976002,inter_set_rest,4,7.0,93904.0,309975.0,176623.0,306967.0,188513.0
2026-04-14 18:15:58.910901,851608,1609508052531043,5652500278,0.825696,-0.12688,0.3904,-9.415,-6.83375,9.66,-9.376,24.056002,19.76,inter_set_rest,4,7.0,93904.0,309975.0,176623.0,306967.0,188513.0
2026-04-14 18:15:58.925875,851609,1609508052545524,5652515208,0.825696,-0.12688,0.3904,-8.77625,-6.3175,8.8025,-8.608001,23.696001,19.76,inter_set_rest,4,7.0,93904.0,309975.0,176623.0,306967.0,188513.0
2026-04-14 18:15:58.933264,851610,1609508052554468,5652523905,0.872544,-0.177632,0.31232,-8.35625,-6.125,8.12,-9.464001,23.888,19.896002,inter_set_rest,4,7.0,93904.0,309975.0,176623.0,306967.0,188513.0
2026-04-14 18:15:58.963360,851611,1609508052563424,5652532812,0.872544,-0.177632,0.31232,-8.68,-5.99375,7.77,-9.464001,23.888,19.896002,inter_set_rest,4,7.0,93904.0,309975.0,176623.0,306967.0,188513.0
2026-04-14 18:15:59.013719,851622,1609508052578079,5652547762,0.778848,-0.154208,0.245952,-9.1875,-5.74875,7.04375,-9.256001,24.12,21.320002,inter_set_rest,4,7.0,90025.0,307870.0,171649.0,304862.0,183376.0
2026-04-14 18:15:59.016201,851623,1609508052587069,5652556737,0.778848,-0.154208,0.245952,-9.47625,-4.935,6.79,-9.256001,24.12,21.320002,inter_set_rest,4,7.0,90025.0,307870.0,171649.0,304862.0,183376.0
2026-04-14 18:15:59.018716,851624,1609508052601756,5652571676,0.83936,-0.191296,0.197152,-9.66,-4.10375,6.86875,-9.448001,24.512001,20.736,inter_set_rest,4,7.0,90025.0,307870.0,171649.0,304862.0,183376.0
2026-04-14 18:15:59.020712,851625,1609508052610699,5652580377,0.83936,-0.191296,0.197152,-9.975,-3.75375,6.2125,-9.448001,24.512001,20.736,inter_set_rest,4,7.0,90025.0,307870.0,171649.0,304862.0,183376.0
2026-04-14 18:15:59.023713,851626,1609508052619784,5652589116,0.88816,-0.20496,0.382592,-9.77375,-4.2,6.3525,-9.064,24.512001,20.512001,inter_set_rest,4,7.0,90025.0,307870.0,171649.0,304862.0,183376.0
2026-04-14 18:15:59.026220,851627,1609508052634277,5652604081,0.802272,-0.201056,0.177632,-8.09375,-4.1825,6.48375,-9.448001,24.712002,20.736,inter_set_rest,4,7.0,90025.0,307870.0,171649.0,304862.0,183376.0
2026-04-14 18:15:59.028714,851628,1609508052643224,5652612837,0.802272,-0.201056,0.177632,-5.97625,-3.57,5.9325,-9.448001,24.712002,20.736,inter_set_rest,4,7.0,90025.0,307870.0,171649.0,304862.0,183376.0
2026-04-14 18:15:59.036922,851629,1609508052657744,5652627785,0.864736,-0.154208,0.45872,-4.4625,-2.77375,4.48875,-8.968,24.152,19.608002,inter_set_rest,4,7.0,90025.0,307870.0,171649.0,304862.0,183376.0
2026-04-14 18:15:59.047004,851630,1609508052666679,5652636516,0.864736,-0.154208,0.45872,-4.80375,-2.065,3.17625,-8.968,24.152,19.608002,inter_set_rest,4,7.0,90025.0,307870.0,171649.0,304862.0,183376.0
2026-04-14 18:15:59.080752,851641,1609508052681883,5652651454,0.813984,-0.187392,0.187392,-6.81625,-0.84,2.1525,-8.248,24.352001,19.688002,inter_set_rest,4,7.0,96449.0,314420.0,179914.0,310272.0,191954.0
2026-04-14 18:15:59.083398,851642,1609508052690873,5652660280,0.813984,-0.187392,0.187392,-9.21375,0.56,0.7875,-8.248,24.352001,19.688002,inter_set_rest,4,7.0,96449.0,314420.0,179914.0,310272.0,191954.0
2026-04-14 18:15:59.086250,851643,1609508052699872,5652669163,0.81984,-0.226432,0.179584,-9.205,1.1375,-0.02625,-8.184,24.2,19.568,inter_set_rest,4,7.0,96449.0,314420.0,179914.0,310272.0,191954.0
2026-04-14 18:15:59.094721,851644,1609508052714381,5652684141,0.86864,-0.183488,0.427488,-7.14875,1.16375,-0.86625,-8.312,24.104002,19.76,inter_set_rest,4,7.0,96449.0,314420.0,179914.0,310272.0,191954.0
2026-04-14 18:15:59.104617,851645,1609508052723323,5652692843,0.86864,-0.183488,0.427488,-5.3025,1.7675,-1.53125,-8.312,24.104002,19.76,inter_set_rest,4,7.0,96449.0,314420.0,179914.0,310272.0,191954.0
2026-04-14 18:15:59.118696,851646,1609508052737851,5652707818,0.843264,-0.160064,0.413824,-4.3225,1.4175,-1.68,-9.584001,24.832,21.984001,inter_set_rest,4,7.0,96449.0,314420.0,179914.0,310272.0,191954.0
2026-04-14 18:15:59.129259,851647,1609508052746775,5652716584,0.843264,-0.160064,0.413824,-6.475,0.6125,-1.995,-9.584001,24.832,21.984001,inter_set_rest,4,7.0,96449.0,314420.0,179914.0,310272.0,191954.0
2026-04-14 18:15:59.137097,851648,1609508052755726,5652725265,0.813984,-0.181536,0.179584,-8.14625,0.4725,-1.9775,-8.968,24.320002,19.488,inter_set_rest,4,7.0,96449.0,314420.0,179914.0,310272.0,191954.0
2026-04-14 18:15:59.152316,851649,1609508052770280,5652740175,0.813984,-0.181536,0.179584,-7.95375,0.3325,-2.94,-8.968,24.320002,19.488,inter_set_rest,4,7.0,96449.0,314420.0,179914.0,310272.0,191954.0
2026-04-14 18:15:59.183718,851660,1609508052779383,5652748909,0.831552,-0.15616,0.349408,-6.475,0.65625,-4.41,-7.920001,24.432001,19.496,inter_set_rest,4,7.0,100326.0,319031.0,184556.0,314087.0,196637.0
2026-04-14 18:15:59.186179,851661,1609508052794096,5652763880,0.91744,-0.218624,0.343552,-4.5325,0.48125,-5.22375,-8.512,24.704,19.056002,inter_set_rest,4,7.0,100326.0,319031.0,184556.0,314087.0,196637.0
2026-04-14 18:15:59.188727,851662,1609508052803078,5652772602,0.91744,-0.218624,0.343552,-4.9875,0.14875,-5.565,-8.512,24.704,19.056002,inter_set_rest,4,7.0,100326.0,319031.0,184556.0,314087.0,196637.0
2026-04-14 18:15:59.193724,851663,1609508052812090,5652781384,0.91744,-0.218624,0.343552,-5.29375,0.175,-5.39,-8.512,24.704,19.056002,inter_set_rest,4,7.0,100326.0,319031.0,184556.0,314087.0,196637.0
2026-04-14 18:15:59.208184,851664,1609508052826581,5652796322,0.921344,-0.199104,0.3904,-4.41875,0.21875,-4.4275,-8.432,24.312,20.6,inter_set_rest,4,7.0,100326.0,319031.0,184556.0,314087.0,196637.0
2026-04-14 18:15:59.219553,851665,1609508052835513,5652805027,0.864736,-0.152256,0.378688,-4.12125,-0.07,-3.605,-9.096001,25.104002,20.696001,inter_set_rest,4,7.0,100326.0,319031.0,184556.0,314087.0,196637.0
2026-04-14 18:15:59.231157,851666,1609508052850094,5652820073,0.864736,-0.152256,0.378688,-4.655,-0.48125,-3.38625,-9.096001,25.104002,20.696001,inter_set_rest,4,7.0,100326.0,319031.0,184556.0,314087.0,196637.0
2026-04-14 18:15:59.238217,851667,1609508052859027,5652828785,0.796416,-0.171776,0.197152,-5.39875,-0.48125,-3.78875,-8.696,24.512001,19.584002,inter_set_rest,4,7.0,100326.0,319031.0,184556.0,314087.0,196637.0
