pc_time,serial_num,sensor_ts,host_ts,ax,ay,az,gx,gy,gz,mx,my,mz,phase,rpe,weight_kg,ppg_a,ppg_b,ppg_c,ppg_d,ppg_e,ppg_f,ppg_g,ppg_h,ppg_i,ppg_j
2026-05-06 16:11:32.953745,651054,1609506156387193,3756298046,0.876448,0.007808,0.386496,-14.55125,-5.11,9.975,-44.456,-34.784,-64.12,inter_set_rest,4,5.0,37517.0,32427.0,86524.0,148673.0,36759.0,39756.0,38060.0,84608.0,25461.0,13112.0
2026-05-06 16:11:33.028888,651065,1609506156396923,3756308941,0.880352,-0.023424,0.41968,-12.9675,-4.445,9.625,-44.432003,-31.632002,-65.560005,inter_set_rest,4,5.0,37697.0,32543.0,86752.0,149169.0,36927.0,39863.0,38126.0,84869.0,25538.0,13161.0
2026-05-06 16:11:33.031468,651066,1609506156405991,3756317696,0.880352,-0.023424,0.41968,-12.76625,-3.01,8.3475,-44.432003,-31.632002,-65.560005,inter_set_rest,4,5.0,37697.0,32543.0,86752.0,149169.0,36927.0,39863.0,38126.0,84869.0,25538.0,13161.0
2026-05-06 16:11:33.035628,651067,1609506156420514,3756332673,0.884256,-0.017568,0.4392,-12.5475,-2.1525,8.05875,-44.36,-30.832,-66.472,inter_set_rest,4,5.0,37697.0,32543.0,86752.0,149169.0,36927.0,39863.0,38126.0,84869.0,25538.0,13161.0
2026-05-06 16:11:33.036174,651068,1609506156429405,3756341367,0.884256,-0.017568,0.4392,-12.39875,-2.4675,8.5225,-44.36,-30.832,-66.472,inter_set_rest,4,5.0,37697.0,32543.0,86752.0,149169.0,36927.0,39863.0,38126.0,84869.0,25538.0,13161.0
2026-05-06 16:11:33.038688,651069,1609506156443949,3756356334,0.854976,0.00976,0.406016,-11.585,-4.03375,7.69125,-43.952003,-30.952002,-66.424,inter_set_rest,4,5.0,37697.0,32543.0,86752.0,149169.0,36927.0,39863.0,38126.0,84869.0,25538.0,13161.0
2026-05-06 16:11:33.042607,651070,1609506156452883,3756365038,0.854976,0.00976,0.406016,-11.05125,-5.20625,6.965,-43.952003,-30.952002,-66.424,inter_set_rest,4,5.0,37697.0,32543.0,86752.0,149169.0,36927.0,39863.0,38126.0,84869.0,25538.0,13161.0
2026-05-06 16:11:33.045079,651071,1609506156462021,3756373754,0.845216,-0.040992,0.372832,-9.54625,-6.2475,6.825,-44.264004,-30.864002,-66.68,inter_set_rest,4,5.0,37697.0,32543.0,86752.0,149169.0,36927.0,39863.0,38126.0,84869.0,25538.0,13161.0
2026-05-06 16:11:33.046652,651072,1609506156476587,3756388766,0.845216,0.003904,0.406016,-7.14,-6.2475,7.53375,-44.264004,-30.864002,-66.68,inter_set_rest,4,5.0,37697.0,32543.0,86752.0,149169.0,36927.0,39863.0,38126.0,84869.0,25538.0,13161.0
2026-05-06 16:11:33.048457,651073,1609506156485517,3756397523,0.813984,0.003904,0.406016,-6.3875,-5.18,8.4,-44.52,-32.584003,-62.864002,inter_set_rest,4,5.0,37697.0,32543.0,86752.0,149169.0,36927.0,39863.0,38126.0,84869.0,25538.0,13161.0
2026-05-06 16:11:33.078853,651085,1609506156500265,3756412523,0.79056,0.01952,0.365024,-7.0875,-3.73625,7.88375,-44.264004,-30.672,-66.416,inter_set_rest,4,5.0,38216.0,32644.0,87027.0,151921.0,37518.0,39954.0,38237.0,86173.0,25929.0,13205.0
2026-05-06 16:11:33.081403,651086,1609506156509297,3756421288,0.79056,0.01952,0.365024,-7.93625,-2.31875,5.24125,-44.264004,-30.672,-66.416,inter_set_rest,4,5.0,38216.0,32644.0,87027.0,151921.0,37518.0,39954.0,38237.0,86173.0,25929.0,13205.0
2026-05-06 16:11:33.083764,651087,1609506156518577,3756430116,0.786656,0.011712,0.38064,-6.965,-2.05625,3.03625,-44.232002,-30.872002,-67.096,inter_set_rest,4,5.0,38216.0,32644.0,87027.0,151921.0,37518.0,39954.0,38237.0,86173.0,25929.0,13205.0
2026-05-06 16:11:33.086411,651088,1609506156533163,3756445041,0.786656,0.011712,0.38064,-4.68125,-2.555,2.765,-44.232002,-30.872002,-67.096,inter_set_rest,4,5.0,38216.0,32644.0,87027.0,151921.0,37518.0,39954.0,38237.0,86173.0,25929.0,13205.0
2026-05-06 16:11:33.092573,651089,1609506156542103,3756453764,0.788608,-0.027328,0.378688,-4.0775,-2.28375,3.15,-44.104004,-30.480001,-66.80801,inter_set_rest,4,5.0,38216.0,32644.0,87027.0,151921.0,37518.0,39954.0,38237.0,86173.0,25929.0,13205.0
2026-05-06 16:11:33.106518,651090,1609506156556605,3756468715,0.788608,-0.027328,0.378688,-5.7925,-1.33875,2.73875,-44.104004,-30.480001,-66.80801,inter_set_rest,4,5.0,38216.0,32644.0,87027.0,151921.0,37518.0,39954.0,38237.0,86173.0,25929.0,13205.0
2026-05-06 16:11:33.115223,651091,1609506156565523,3756477427,0.786656,-0.035136,0.396256,-9.073751,0.27125,3.1325,-44.280003,-30.488,-67.672005,inter_set_rest,4,5.0,38216.0,32644.0,87027.0,151921.0,37518.0,39954.0,38237.0,86173.0,25929.0,13205.0
2026-05-06 16:11:33.128945,651092,1609506156580047,3756492443,0.833504,-0.081984,0.316224,-10.54375,0.945,2.8525,-44.104004,-30.912,-66.896,inter_set_rest,4,5.0,38216.0,32644.0,87027.0,151921.0,37518.0,39954.0,38237.0,86173.0,25929.0,13205.0
2026-05-06 16:11:33.137569,651093,1609506156588968,3756501175,0.833504,-0.081984,0.316224,-9.94,1.47,3.5525,-44.104004,-30.912,-66.896,inter_set_rest,4,5.0,38216.0,32644.0,87027.0,151921.0,37518.0,39954.0,38237.0,86173.0,25929.0,13205.0
2026-05-06 16:11:33.168626,651104,1609506156598054,3756509957,0.808128,-0.064416,0.35136,-7.46375,0.63,5.94125,-44.328003,-31.840002,-65.672005,inter_set_rest,4,5.0,37469.0,32456.0,86960.0,148654.0,36693.0,39760.0,38225.0,84630.0,25405.0,13085.0
2026-05-06 16:11:33.170985,651105,1609506156612706,3756525169,0.808128,-0.064416,0.35136,-3.9375,-0.88375,8.56625,-44.328003,-31.840002,-65.672005,inter_set_rest,4,5.0,37469.0,32456.0,86960.0,148654.0,36693.0,39760.0,38225.0,84630.0,25405.0,13085.0
2026-05-06 16:11:33.173658,651106,1609506156621686,3756533913,0.81008,-0.021472,0.359168,-1.81125,-2.065,10.73625,-44.480003,-31.2,-65.336006,inter_set_rest,4,5.0,37469.0,32456.0,86960.0,148654.0,36693.0,39760.0,38225.0,84630.0,25405.0,13085.0
2026-05-06 16:11:33.187532,651107,1609506156636301,3756548930,0.81008,-0.021472,0.359168,-3.43875,-2.73875,10.73625,-44.480003,-31.2,-65.336006,inter_set_rest,4,5.0,37469.0,32456.0,86960.0,148654.0,36693.0,39760.0,38225.0,84630.0,25405.0,13085.0
2026-05-06 16:11:33.193777,651108,1609506156645189,3756557641,0.817888,-0.062464,0.300608,-5.46,-2.47625,9.38,-44.376003,-30.136002,-65.48,inter_set_rest,4,5.0,37469.0,32456.0,86960.0,148654.0,36693.0,39760.0,38225.0,84630.0,25405.0,13085.0
2026-05-06 16:11:33.202601,651109,1609506156654207,3756566350,0.817888,-0.062464,0.300608,-5.355,-1.95125,8.37375,-44.376003,-30.136002,-65.48,inter_set_rest,4,5.0,37469.0,32456.0,86960.0,148654.0,36693.0,39760.0,38225.0,84630.0,25405.0,13085.0
2026-05-06 16:11:33.231834,651110,1609506156668864,3756581293,0.884256,-0.103456,0.347456,-0.21,-1.58375,9.59,-44.344,-29.944002,-67.176,inter_set_rest,4,5.0,37469.0,32456.0,86960.0,148654.0,36693.0,39760.0,38225.0,84630.0,25405.0,13085.0
2026-05-06 16:11:33.232329,651111,1609506156677808,3756590056,0.884256,-0.103456,0.382592,3.78875,-1.12,11.08625,-44.344,-29.944002,-67.176,inter_set_rest,4,5.0,37469.0,32456.0,86960.0,148654.0,36693.0,39760.0,38225.0,84630.0,25405.0,13085.0
2026-05-06 16:11:33.247384,651112,1609506156692334,3756605004,0.827648,-0.076128,0.382592,3.325,-0.21875,11.235,-44.304,-29.488,-66.976006,inter_set_rest,4,5.0,37469.0,32456.0,86960.0,148654.0,36693.0,39760.0,38225.0,84630.0,25405.0,13085.0
2026-05-06 16:11:33.272580,651123,1609506156701457,3756613715,0.79056,-0.042944,0.320128,1.63625,0.2275,9.415,-44.712,-29.608002,-67.200005,inter_set_rest,4,5.0,37651.0,32495.0,87012.0,149629.0,36892.0,39754.0,38210.0,85060.0,25521.0,13097.0
2026-05-06 16:11:33.275056,651124,1609506156716109,3756628824,0.79056,-0.042944,0.320128,1.96,0.48125,8.81125,-44.712,-29.608002,-67.200005,inter_set_rest,4,5.0,37651.0,32495.0,87012.0,149629.0,36892.0,39754.0,38210.0,85060.0,25521.0,13097.0
2026-05-06 16:11:33.281441,651125,1609506156725143,3756637569,0.788608,-0.099552,0.269376,2.0125,1.84625,7.735,-44.608,-29.2,-66.8,inter_set_rest,4,5.0,37651.0,32495.0,87012.0,149629.0,36892.0,39754.0,38210.0,85060.0,25521.0,13097.0
2026-05-06 16:11:33.283758,651126,1609506156734197,3756646360,0.788608,-0.099552,0.269376,5.38125,3.56125,6.93,-44.608,-29.2,-66.8,inter_set_rest,4,5.0,37651.0,32495.0,87012.0,149629.0,36892.0,39754.0,38210.0,85060.0,25521.0,13097.0
2026-05-06 16:11:33.317464,651127,1609506156748850,3756661457,0.823744,-0.08784,0.355264,9.96625,5.1975,6.39625,-44.640003,-30.792002,-65.944,inter_set_rest,4,5.0,37651.0,32495.0,87012.0,149629.0,36892.0,39754.0,38210.0,85060.0,25521.0,13097.0
2026-05-06 16:11:33.342587,651128,1609506156757931,3756670185,0.823744,-0.08784,0.355264,8.98625,6.86,6.405,-44.640003,-30.792002,-65.944,inter_set_rest,4,5.0,37651.0,32495.0,87012.0,149629.0,36892.0,39754.0,38210.0,85060.0,25521.0,13097.0
2026-05-06 16:11:33.360149,651129,1609506156772451,3756685074,0.749568,-0.121024,0.378688,3.77125,9.1525,3.8675,-44.024002,-28.952002,-65.264,inter_set_rest,4,5.0,37651.0,32495.0,87012.0,149629.0,36892.0,39754.0,38210.0,85060.0,25521.0,13097.0
2026-05-06 16:11:33.362637,651130,1609506156781398,3756693825,0.802272,-0.163968,0.343552,2.205,10.85,1.74125,-44.616,-29.176,-66.824005,inter_set_rest,4,5.0,37651.0,32495.0,87012.0,149629.0,36892.0,39754.0,38210.0,85060.0,25521.0,13097.0
2026-05-06 16:11:33.365240,651131,1609506156790332,3756702650,0.802272,-0.163968,0.343552,8.25125,10.19375,2.6425,-44.616,-29.176,-66.824005,inter_set_rest,4,5.0,37651.0,32495.0,87012.0,149629.0,36892.0,39754.0,38210.0,85060.0,25521.0,13097.0
2026-05-06 16:11:33.395249,651142,1609506156805005,3756717631,0.757376,-0.060512,0.378688,16.6775,8.95125,5.775,-44.848003,-29.000002,-67.144005,inter_set_rest,4,5.0,37919.0,32575.0,86957.0,150334.0,37157.0,39825.0,38195.0,85435.0,25694.0,13137.0
2026-05-06 16:11:33.397685,651143,1609506156813922,3756726424,0.757376,-0.060512,0.378688,15.4,9.66,6.8775,-44.848003,-29.000002,-67.144005,inter_set_rest,4,5.0,37919.0,32575.0,86957.0,150334.0,37157.0,39825.0,38195.0,85435.0,25694.0,13137.0
2026-05-06 16:11:33.400185,651144,1609506156828646,3756741365,0.743712,-0.08784,0.3904,7.16625,12.6875,4.4975,-44.88,-30.688002,-65.328,inter_set_rest,4,5.0,37919.0,32575.0,86957.0,150334.0,37157.0,39825.0,38195.0,85435.0,25694.0,13137.0
2026-05-06 16:11:33.402512,651145,1609506156837727,3756750146,0.743712,-0.08784,0.3904,-0.8925,14.980001,0.6125,-44.88,-30.688002,-65.328,inter_set_rest,4,5.0,37919.0,32575.0,86957.0,150334.0,37157.0,39825.0,38195.0,85435.0,25694.0,13137.0
2026-05-06 16:11:33.408998,651146,1609506156846800,3756758923,0.759328,-0.160064,0.339648,3.535,15.435,-0.6475,-44.968002,-30.632002,-62.056004,inter_set_rest,4,5.0,37919.0,32575.0,86957.0,150334.0,37157.0,39825.0,38195.0,85435.0,25694.0,13137.0
2026-05-06 16:11:33.411451,651147,1609506156861282,3756773843,0.77104,-0.042944,0.41968,14.971251,14.323751,1.82875,-44.848003,-31.632002,-64.416,inter_set_rest,4,5.0,37919.0,32575.0,86957.0,150334.0,37157.0,39825.0,38195.0,85435.0,25694.0,13137.0
2026-05-06 16:11:33.421652,651148,1609506156870242,3756782640,0.77104,-0.042944,0.41968,19.81875,13.011251,4.36625,-44.848003,-31.632002,-64.416,inter_set_rest,4,5.0,37919.0,32575.0,86957.0,150334.0,37157.0,39825.0,38195.0,85435.0,25694.0,13137.0
2026-05-06 16:11:33.436043,651149,1609506156884736,3756795494,0.759328,-0.11712,0.456768,14.035,14.56875,3.64,-44.936,-31.560001,-65.896,inter_set_rest,4,5.0,37919.0,32575.0,86957.0,150334.0,37157.0,39825.0,38195.0,85435.0,25694.0,13137.0
2026-05-06 16:11:33.442459,651150,1609506156893926,3756806295,0.759328,-0.11712,0.456768,4.6725,16.5375,-0.1225,-44.936,-31.560001,-65.896,inter_set_rest,4,5.0,37919.0,32575.0,86957.0,150334.0,37157.0,39825.0,38195.0,85435.0,25694.0,13137.0
2026-05-06 16:11:33.470140,651161,1609506156908651,3756821294,0.80032,-0.103456,0.460672,5.8275,16.065,-1.8725,-44.808002,-28.424002,-66.68,inter_set_rest,4,5.0,37765.0,32499.0,87054.0,149887.0,37044.0,39758.0,38245.0,85289.0,25602.0,13109.0
2026-05-06 16:11:33.475136,651162,1609506156917666,3756830118,0.80032,-0.103456,0.460672,13.667501,14.39375,-0.5775,-44.808002,-28.424002,-66.68,inter_set_rest,4,5.0,37765.0,32499.0,87054.0,149887.0,37044.0,39758.0,38245.0,85289.0,25602.0,13109.0
2026-05-06 16:11:33.477674,651163,1609506156926706,3756838876,0.769088,-0.011712,0.509472,18.9525,13.335,-0.2975,-44.848003,-29.784002,-65.784004,inter_set_rest,4,5.0,37765.0,32499.0,87054.0,149887.0,37044.0,39758.0,38245.0,85289.0,25602.0,13109.0
2026-05-06 16:11:33.491173,651164,1609506156941253,3756853793,0.730048,-0.072224,0.50752,14.6125,14.945,-1.3825,-45.296,-29.936,-65.68,inter_set_rest,4,5.0,37765.0,32499.0,87054.0,149887.0,37044.0,39758.0,38245.0,85289.0,25602.0,13109.0
2026-05-06 16:11:33.526221,651165,1609506156950152,3756862502,0.730048,-0.072224,0.50752,0.06125,19.45125,-4.5675,-45.296,-29.936,-65.68,inter_set_rest,4,5.0,37765.0,32499.0,87054.0,149887.0,37044.0,39758.0,38245.0,85289.0,25602.0,13109.0
2026-05-06 16:11:33.528558,651166,1609506156964630,3756875383,0.743712,-0.101504,0.452864,-9.4675,21.735,-8.65375,-44.688004,-28.824001,-66.376,inter_set_rest,4,5.0,37765.0,32499.0,87054.0,149887.0,37044.0,39758.0,38245.0,85289.0,25602.0,13109.0
2026-05-06 16:11:33.531092,651167,1609506156973793,3756886128,0.743712,-0.101504,0.452864,-4.75125,20.475,-9.77375,-44.688004,-28.824001,-66.376,inter_set_rest,4,5.0,37765.0,32499.0,87054.0,149887.0,37044.0,39758.0,38245.0,85289.0,25602.0,13109.0
2026-05-06 16:11:33.537381,651168,1609506156982724,3756894873,0.772992,-0.037088,0.49776,5.46875,17.7275,-7.53375,-44.760002,-28.576002,-66.096,inter_set_rest,4,5.0,37765.0,32499.0,87054.0,149887.0,37044.0,39758.0,38245.0,85289.0,25602.0,13109.0
2026-05-06 16:11:33.571117,651179,1609506156997224,3756909943,0.772992,-0.037088,0.49776,8.51375,15.3825,-6.64125,-44.760002,-28.576002,-66.096,inter_set_rest,4,5.0,37706.0,32493.0,87029.0,149655.0,36955.0,39752.0,38238.0,85152.0,25542.0,13093.0
2026-05-06 16:11:33.573452,651180,1609506157006207,3756918874,0.745664,-0.044896,0.56608,0.8575,15.575,-7.105,-44.640003,-28.784002,-65.064,inter_set_rest,4,5.0,37706.0,32493.0,87029.0,149655.0,36955.0,39752.0,38238.0,85152.0,25542.0,13093.0
2026-05-06 16:11:33.576178,651181,1609506157020783,3756931970,0.745664,-0.085888,0.460672,-12.5475,16.555,-9.23125,-44.640003,-28.784002,-63.016003,inter_set_rest,4,5.0,37706.0,32493.0,87029.0,149655.0,36955.0,39752.0,38238.0,85152.0,25542.0,13093.0
2026-05-06 16:11:33.578809,651182,1609506157030157,3756942776,0.733952,-0.085888,0.460672,-19.9675,16.485,-10.2375,-45.336002,-32.208,-61.808002,inter_set_rest,4,5.0,37706.0,32493.0,87029.0,149655.0,36955.0,39752.0,38238.0,85152.0,25542.0,13093.0
2026-05-06 16:11:33.587582,651183,1609506157039166,3756951505,0.733952,-0.085888,0.460672,-15.65375,14.0525,-8.47875,-45.336002,-32.208,-61.808002,inter_set_rest,4,5.0,37706.0,32493.0,87029.0,149655.0,36955.0,39752.0,38238.0,85152.0,25542.0,13093.0
2026-05-06 16:11:33.621272,651184,1609506157053709,3756966437,0.76128,-0.099552,0.456768,-5.03125,10.43,-5.565,-45.144,-29.04,-65.104004,inter_set_rest,4,5.0,37706.0,32493.0,87029.0,149655.0,36955.0,39752.0,38238.0,85152.0,25542.0,13093.0
2026-05-06 16:11:33.623747,651185,1609506157062659,3756975155,0.69296,-0.091744,0.50752,2.28375,7.62125,-1.30375,-44.856003,-28.904001,-65.48,inter_set_rest,4,5.0,37706.0,32493.0,87029.0,149655.0,36955.0,39752.0,38238.0,85152.0,25542.0,13093.0
2026-05-06 16:11:33.626278,651186,1609506157077175,3756988031,0.69296,-0.091744,0.50752,0.02625,6.93875,0.805,-44.856003,-28.904001,-65.48,inter_set_rest,4,5.0,37706.0,32493.0,87029.0,149655.0,36955.0,39752.0,38238.0,85152.0,25542.0,13093.0
2026-05-06 16:11:33.637556,651187,1609506157086483,3756998889,0.72224,-0.056608,0.437248,-6.55375,8.14625,0.49875,-44.544003,-30.392002,-64.48,inter_set_rest,4,5.0,37706.0,32493.0,87029.0,149655.0,36955.0,39752.0,38238.0,85152.0,25542.0,13093.0
2026-05-06 16:11:33.748723,651198,1609506157101743,3757013890,0.72224,-0.056608,0.445056,-12.24125,9.5025,-1.09375,-44.544003,-29.216002,-65.144005,inter_set_rest,4,5.0,37792.0,32477.0,87072.0,149997.0,37044.0,39737.0,38245.0,85294.0,25609.0,13095.0
2026-05-06 16:11:33.751428,651199,1609506157110784,3757022727,0.716384,-0.044896,0.445056,-12.64375,9.6425,-1.8725,-45.168003,-29.216002,-65.144005,inter_set_rest,4,5.0,37792.0,32477.0,87072.0,149997.0,37044.0,39737.0,38245.0,85294.0,25609.0,13095.0
2026-05-06 16:11:33.753926,651200,1609506157119730,3757031472,0.716384,-0.044896,0.445056,-9.86125,9.19625,-1.47875,-45.168003,-29.216002,-65.144005,inter_set_rest,4,5.0,37792.0,32477.0,87072.0,149997.0,37044.0,39737.0,38245.0,85294.0,25609.0,13095.0
2026-05-06 16:11:33.756371,651201,1609506157134274,3757046421,0.698816,-0.040992,0.57584,-6.02875,9.1175,-1.785,-44.952003,-30.400002,-63.632004,inter_set_rest,4,5.0,37792.0,32477.0,87072.0,149997.0,37044.0,39737.0,38245.0,85294.0,25609.0,13095.0
2026-05-06 16:11:33.758899,651202,1609506157143207,3757055121,0.665632,-0.021472,0.44896,-9.205,10.45625,-1.4525,-44.968002,-28.768002,-65.264,inter_set_rest,4,5.0,37792.0,32477.0,87072.0,149997.0,37044.0,39737.0,38245.0,85294.0,25609.0,13095.0
2026-05-06 16:11:33.761414,651203,1609506157152130,3757063807,0.665632,-0.021472,0.44896,-16.21375,12.85375,-4.19125,-44.968002,-28.768002,-65.264,inter_set_rest,4,5.0,37792.0,32477.0,87072.0,149997.0,37044.0,39737.0,38245.0,85294.0,25609.0,13095.0
2026-05-06 16:11:33.763928,651204,1609506157166607,3757078739,0.710528,-0.089792,0.427488,-19.27625,14.7875,-7.7525,-45.544003,-28.704,-64.944,inter_set_rest,4,5.0,37792.0,32477.0,87072.0,149997.0,37044.0,39737.0,38245.0,85294.0,25609.0,13095.0
2026-05-06 16:11:33.766335,651205,1609506157175504,3757087462,0.710528,-0.089792,0.427488,-12.92375,14.315001,-6.895,-45.544003,-28.704,-64.944,inter_set_rest,4,5.0,37792.0,32477.0,87072.0,149997.0,37044.0,39737.0,38245.0,85294.0,25609.0,13095.0
2026-05-06 16:11:33.768619,651206,1609506157189997,3757102374,0.718336,-0.033184,0.480192,-1.9425,12.11875,-3.395,-45.152,-28.768002,-64.672005,inter_set_rest,4,5.0,37792.0,32477.0,87072.0,149997.0,37044.0,39737.0,38245.0,85294.0,25609.0,13095.0
2026-05-06 16:11:33.798427,651217,1609506157198964,3757111160,0.718336,-0.033184,0.480192,1.86375,11.7775,-2.5725,-45.152,-28.768002,-64.672005,inter_set_rest,4,5.0,37202.0,32312.0,86923.0,147586.0,36383.0,39544.0,38210.0,84084.0,25154.0,12968.0
2026-05-06 16:11:33.801150,651218,1609506157213673,3757126158,0.706624,-0.05856,0.538752,-2.66,12.46,-2.8175,-45.000004,-29.272001,-64.376,inter_set_rest,4,5.0,37202.0,32312.0,86923.0,147586.0,36383.0,39544.0,38210.0,84084.0,25154.0,12968.0
2026-05-06 16:11:33.806279,651219,1609506157222647,3757134954,0.720288,-0.130784,0.470432,-8.785,13.27375,-4.01625,-47.048,-28.952002,-64.512,inter_set_rest,4,5.0,37202.0,32312.0,86923.0,147586.0,36383.0,39544.0,38210.0,84084.0,25154.0,12968.0
2026-05-06 16:11:33.808804,651220,1609506157231669,3757143724,0.720288,-0.130784,0.470432,-10.03625,12.7225,-3.9375,-45.208004,-28.952002,-64.512,inter_set_rest,4,5.0,37202.0,32312.0,86923.0,147586.0,36383.0,39544.0,38210.0,84084.0,25154.0,12968.0
2026-05-06 16:11:33.811292,651221,1609506157246318,3757158678,0.74176,-0.081984,0.480192,-4.75125,9.9575,-0.6125,-45.216003,-28.576002,-64.208,inter_set_rest,4,5.0,37202.0,32312.0,86923.0,147586.0,36383.0,39544.0,38210.0,84084.0,25154.0,12968.0
2026-05-06 16:11:33.813807,651222,1609506157255245,3757167383,0.74176,-0.081984,0.480192,0.20125,8.1025,2.3275,-45.216003,-28.576002,-64.208,inter_set_rest,4,5.0,37202.0,32312.0,86923.0,147586.0,36383.0,39544.0,38210.0,84084.0,25154.0,12968.0
2026-05-06 16:11:33.817423,651223,1609506157269777,3757182350,0.724192,-0.03904,0.523136,0.60375,7.69125,3.49125,-45.600002,-29.752,-62.928,inter_set_rest,4,5.0,37202.0,32312.0,86923.0,147586.0,36383.0,39544.0,38210.0,84084.0,25154.0,12968.0
2026-05-06 16:11:33.831357,651224,1609506157278754,3757191186,0.724192,-0.03904,0.523136,-3.28125,6.7725,3.3775,-45.600002,-29.752,-62.928,inter_set_rest,4,5.0,37202.0,32312.0,86923.0,147586.0,36383.0,39544.0,38210.0,84084.0,25154.0,12968.0
2026-05-06 16:11:33.845189,651225,1609506157293361,3757206117,0.714432,-0.109312,0.480192,-5.67,6.13375,3.22875,-45.280003,-30.328001,-64.208,inter_set_rest,4,5.0,37202.0,32312.0,86923.0,147586.0,36383.0,39544.0,38210.0,84084.0,25154.0,12968.0
2026-05-06 16:11:33.874744,651236,1609506157302920,3757214868,0.714432,-0.109312,0.480192,-3.045,5.11,3.96375,-45.280003,-30.328001,-62.160004,inter_set_rest,4,5.0,37026.0,32224.0,86747.0,146646.0,36176.0,39446.0,38099.0,83615.0,25034.0,12941.0
2026-05-06 16:11:33.877281,651237,1609506157312083,3757223637,0.698816,-0.095648,0.532896,1.04125,3.73625,6.37,-45.416,-28.272001,-63.304005,inter_set_rest,4,5.0,37026.0,32224.0,86747.0,146646.0,36176.0,39446.0,38099.0,83615.0,25034.0,12941.0
2026-05-06 16:11:33.879710,651238,1609506157326654,3757238620,0.689056,-0.074176,0.454816,2.1175,2.1875,8.417501,-45.280003,-28.144001,-64.304,inter_set_rest,4,5.0,37026.0,32224.0,86747.0,146646.0,36176.0,39446.0,38099.0,83615.0,25034.0,12941.0
2026-05-06 16:11:33.883954,651239,1609506157335585,3757247362,0.689056,-0.074176,0.454816,0.84875,1.26,9.9225,-45.280003,-28.144001,-64.304,inter_set_rest,4,5.0,37026.0,32224.0,86747.0,146646.0,36176.0,39446.0,38099.0,83615.0,25034.0,12941.0
2026-05-06 16:11:33.899861,651240,1609506157350098,3757262294,0.718336,-0.177632,0.505568,-2.03875,0.32375,11.655,-46.136,-30.864002,-60.376003,inter_set_rest,4,5.0,37026.0,32224.0,86747.0,146646.0,36176.0,39446.0,38099.0,83615.0,25034.0,12941.0
2026-05-06 16:11:33.908758,651241,1609506157359054,3757271034,0.718336,-0.177632,0.505568,-6.01125,0.3325,13.27375,-46.136,-30.864002,-60.376003,inter_set_rest,4,5.0,37026.0,32224.0,86747.0,146646.0,36176.0,39446.0,38099.0,83615.0,25034.0,12941.0
2026-05-06 16:11:33.918789,651242,1609506157368158,3757279857,0.661728,-0.128832,0.511424,-7.7175,-0.77875,15.225,-45.912003,-28.600002,-64.232,inter_set_rest,4,5.0,37026.0,32224.0,86747.0,146646.0,36176.0,39446.0,38099.0,83615.0,25034.0,12941.0
2026-05-06 16:11:33.940162,651243,1609506157382682,3757294837,0.661728,-0.128832,0.511424,-4.13875,-3.045,18.17375,-45.912003,-28.600002,-64.232,inter_set_rest,4,5.0,37026.0,32224.0,86747.0,146646.0,36176.0,39446.0,38099.0,83615.0,25034.0,12941.0
2026-05-06 16:11:33.942657,651244,1609506157391607,3757303578,0.675392,-0.017568,0.519232,-2.8525,-5.27625,19.94125,-46.248,-27.04,-62.504,inter_set_rest,4,5.0,37026.0,32224.0,86747.0,146646.0,36176.0,39446.0,38099.0,83615.0,25034.0,12941.0
2026-05-06 16:11:33.987519,651255,1609506157406250,3757318795,0.65392,-0.103456,0.435296,-5.78375,-6.1075,21.28,-46.448,-26.928001,-63.848003,inter_set_rest,4,5.0,37177.0,32525.0,86501.0,145935.0,36292.0,39744.0,37981.0,83219.0,25035.0,13027.0
2026-05-06 16:11:33.992580,651256,1609506157415442,3757327598,0.65392,-0.103456,0.435296,-10.5,-6.36125,21.60375,-46.448,-26.928001,-63.848003,inter_set_rest,4,5.0,37177.0,32525.0,86501.0,145935.0,36292.0,39744.0,37981.0,83219.0,25035.0,13027.0
2026-05-06 16:11:33.995063,651257,1609506157424444,3757336372,0.612928,-0.197152,0.396256,-14.60375,-7.7875,23.38875,-46.312004,-27.6,-63.512005,inter_set_rest,4,5.0,37177.0,32525.0,86501.0,145935.0,36292.0,39744.0,37981.0,83219.0,25035.0,13027.0
2026-05-06 16:11:33.997556,651258,1609506157438951,3757351386,0.612928,-0.197152,0.396256,-6.95625,-11.83875,28.39375,-46.312004,-27.6,-63.512005,inter_set_rest,4,5.0,37177.0,32525.0,86501.0,145935.0,36292.0,39744.0,37981.0,83219.0,25035.0,13027.0
2026-05-06 16:11:34.002646,651259,1609506157447903,3757360117,0.630496,-0.193248,0.415776,3.605,-18.795,35.525,-47.120003,-26.936,-63.800003,inter_set_rest,4,5.0,37177.0,32525.0,86501.0,145935.0,36292.0,39744.0,37981.0,83219.0,25035.0,13027.0
2026-05-06 16:11:34.011429,651260,1609506157462540,3757375107,0.630496,-0.193248,0.415776,10.115,-24.91125,43.3125,-47.120003,-26.936,-63.800003,inter_set_rest,4,5.0,37177.0,32525.0,86501.0,145935.0,36292.0,39744.0,37981.0,83219.0,25035.0,13027.0
2026-05-06 16:11:34.019923,651261,1609506157471482,3757383818,0.530944,-0.144448,0.431392,10.29875,-27.9825,50.365,-46.944004,-24.464,-65.304,inter_set_rest,4,5.0,37177.0,32525.0,86501.0,145935.0,36292.0,39744.0,37981.0,83219.0,25035.0,13027.0
2026-05-06 16:11:34.055199,651262,1609506157485966,3757396720,0.503616,-0.208864,0.353312,4.06,-29.225,55.615,-47.056004,-23.064001,-67.472,inter_set_rest,4,5.0,37177.0,32525.0,86501.0,145935.0,36292.0,39744.0,37981.0,83219.0,25035.0,13027.0
2026-05-06 16:11:34.081426,651263,1609506157495174,3757407553,0.503616,-0.208864,0.353312,-0.28,-32.55,60.515,-47.056004,-23.064001,-67.472,inter_set_rest,4,5.0,37177.0,32525.0,86501.0,145935.0,36292.0,39744.0,37981.0,83219.0,25035.0,13027.0
2026-05-06 16:11:34.172331,651274,1609506157504399,3757416330,0.503616,-0.208864,0.388448,7.97125,-39.10375,67.0425,-47.056004,-23.064001,-67.472,inter_set_rest,4,5.0,36359.0,32947.0,85747.0,135931.0,35361.0,40289.0,37680.0,78123.0,24470.0,13164.0
2026-05-06 16:11:34.178312,651275,1609506157518952,3757431278,0.45872,-0.230336,0.388448,27.64125,-48.2475,76.8775,-47.256,-21.464,-66.584,inter_set_rest,4,5.0,36359.0,32947.0,85747.0,135931.0,35361.0,40289.0,37680.0,78123.0,24470.0,13164.0
2026-05-06 16:11:34.180707,651276,1609506157527884,3757440028,0.456768,-0.236192,0.37088,48.7025,-57.951252,89.635,-48.024002,-19.464,-67.872,inter_set_rest,4,5.0,36359.0,32947.0,85747.0,135931.0,35361.0,40289.0,37680.0,78123.0,24470.0,13164.0
2026-05-06 16:11:34.182347,651277,1609506157542577,3757454998,0.456768,-0.236192,0.37088,58.59,-64.98625,101.01875,-48.024002,-19.464,-67.872,inter_set_rest,4,5.0,36359.0,32947.0,85747.0,135931.0,35361.0,40289.0,37680.0,78123.0,24470.0,13164.0
2026-05-06 16:11:34.185012,651278,1609506157551517,3757463707,0.571936,-0.242048,0.27328,53.2875,-66.38625,105.02625,-48.144,-17.84,-69.304,inter_set_rest,4,5.0,36359.0,32947.0,85747.0,135931.0,35361.0,40289.0,37680.0,78123.0,24470.0,13164.0
2026-05-06 16:11:34.187575,651279,1609506157560455,3757472431,0.571936,-0.242048,0.27328,37.56375,-63.23625,104.72875,-48.144,-17.84,-69.304,inter_set_rest,4,5.0,36359.0,32947.0,85747.0,135931.0,35361.0,40289.0,37680.0,78123.0,24470.0,13164.0
2026-05-06 16:11:34.193832,651280,1609506157574988,3757487414,0.642208,-0.222528,0.21472,17.465,-58.03,101.815,-48.496002,-16.16,-69.44,inter_set_rest,4,5.0,36359.0,32947.0,85747.0,135931.0,35361.0,40289.0,37680.0,78123.0,24470.0,13164.0
2026-05-06 16:11:34.196342,651281,1609506157583896,3757496145,0.642208,-0.222528,0.21472,3.21125,-52.82375,94.1325,-48.496002,-16.16,-69.44,inter_set_rest,4,5.0,36359.0,32947.0,85747.0,135931.0,35361.0,40289.0,37680.0,78123.0,24470.0,13164.0
2026-05-06 16:11:34.198592,651282,1609506157598461,3757511067,0.786656,-0.236192,0.31232,-4.47125,-48.50125,83.62375,-48.288002,-16.608002,-67.264,inter_set_rest,4,5.0,36359.0,32947.0,85747.0,135931.0,35361.0,40289.0,37680.0,78123.0,24470.0,13164.0
2026-05-06 16:11:34.231410,651293,1609506157607540,3757519908,0.491904,-0.103456,0.456768,-2.485,-46.27,79.21375,-48.496002,-13.76,-71.16,inter_set_rest,4,5.0,39007.0,34081.0,85485.0,133516.0,37478.0,41456.0,37452.0,76323.0,25991.0,13804.0
2026-05-06 16:11:34.233839,651294,1609506157616451,3757528662,0.491904,-0.103456,0.456768,7.07875,-49.1925,84.2275,-48.496002,-13.76,-71.16,inter_set_rest,4,5.0,39007.0,34081.0,85485.0,133516.0,37478.0,41456.0,37452.0,76323.0,25991.0,13804.0
2026-05-06 16:11:34.236429,651295,1609506157631065,3757543619,0.42944,-0.187392,0.33184,15.365,-56.58625,93.2225,-48.384003,-11.008,-72.296005,inter_set_rest,4,5.0,39007.0,34081.0,85485.0,133516.0,37478.0,41456.0,37452.0,76323.0,25991.0,13804.0
2026-05-06 16:11:34.238942,651296,1609506157640063,3757552423,0.42944,-0.187392,0.33184,23.6425,-62.64125,99.86375,-48.384003,-11.008,-72.296005,inter_set_rest,4,5.0,39007.0,34081.0,85485.0,133516.0,37478.0,41456.0,37452.0,76323.0,25991.0,13804.0
2026-05-06 16:11:34.241316,651297,1609506157654723,3757567537,1.106784,-0.513376,0.203008,5.39875,-60.62,94.5525,-48.368004,-9.92,-72.912,inter_set_rest,4,5.0,39007.0,34081.0,85485.0,133516.0,37478.0,41456.0,37452.0,76323.0,25991.0,13804.0
2026-05-06 16:11:34.243880,651298,1609506157663910,3757576330,1.106784,-0.513376,0.203008,-24.745,-48.15125,71.0675,-48.368004,-9.92,-72.912,inter_set_rest,4,5.0,39007.0,34081.0,85485.0,133516.0,37478.0,41456.0,37452.0,76323.0,25991.0,13804.0
2026-05-06 16:11:34.246439,651299,1609506157678533,3757589324,1.085312,-0.476288,0.445056,-35.77875,-35.27125,52.10625,-48.320004,-10.960001,-69.208,inter_set_rest,4,5.0,39007.0,34081.0,85485.0,133516.0,37478.0,41456.0,37452.0,76323.0,25991.0,13804.0
2026-05-06 16:11:34.248813,651300,1609506157687930,3757600212,0.560224,-0.203008,0.445056,-29.96875,-31.36,47.76625,-48.480003,-11.280001,-72.552,inter_set_rest,4,5.0,39007.0,34081.0,85485.0,133516.0,37478.0,41456.0,37452.0,76323.0,25991.0,13804.0
2026-05-06 16:11:34.252783,651301,1609506157696931,3757608933,0.560224,-0.203008,0.445056,-13.011251,-37.87,49.32375,-48.480003,-11.280001,-72.552,inter_set_rest,4,5.0,39007.0,34081.0,85485.0,133516.0,37478.0,41456.0,37452.0,76323.0,25991.0,13804.0
2026-05-06 16:11:34.281310,651312,1609506157711638,3757623971,0.55632,-0.247904,0.368928,6.1075,-47.67875,56.2625,-47.984,-10.200001,-73.496,inter_set_rest,4,5.0,39713.0,33389.0,84843.0,130248.0,37697.0,40758.0,37023.0,74504.0,26312.0,13578.0
2026-05-06 16:11:34.286215,651313,1609506157720669,3757632780,0.55632,-0.247904,0.368928,15.015,-52.64,62.755,-47.984,-10.200001,-73.496,inter_set_rest,4,5.0,39713.0,33389.0,84843.0,130248.0,37697.0,40758.0,37023.0,74504.0,26312.0,13578.0
2026-05-06 16:11:34.288610,651314,1609506157729642,3757641491,1.05408,-0.601216,0.154208,19.25875,-51.84375,60.025,-47.544003,-6.000001,-75.608,inter_set_rest,4,5.0,39713.0,33389.0,84843.0,130248.0,37697.0,40758.0,37023.0,74504.0,26312.0,13578.0
2026-05-06 16:11:34.292610,651315,1609506157744204,3757656521,1.05408,-0.601216,0.154208,7.035,-45.54375,45.08875,-47.544003,-6.000001,-75.608,inter_set_rest,4,5.0,39713.0,33389.0,84843.0,130248.0,37697.0,40758.0,37023.0,74504.0,26312.0,13578.0
2026-05-06 16:11:34.301174,651316,1609506157753219,3757665246,1.098976,-0.607072,0.279136,-3.92,-35.455,23.9925,-47.744003,-6.808,-74.560005,inter_set_rest,4,5.0,39713.0,33389.0,84843.0,130248.0,37697.0,40758.0,37023.0,74504.0,26312.0,13578.0
2026-05-06 16:11:34.335177,651317,1609506157767739,3757680185,0.61488,-0.368928,0.325984,3.57875,-31.5525,17.045,-47.704002,-5.992,-74.136,inter_set_rest,4,5.0,39713.0,33389.0,84843.0,130248.0,37697.0,40758.0,37023.0,74504.0,26312.0,13578.0
2026-05-06 16:11:34.337655,651318,1609506157776653,3757688931,0.61488,-0.368928,0.325984,19.76625,-33.53,16.91375,-47.704002,-5.992,-74.136,inter_set_rest,4,5.0,39713.0,33389.0,84843.0,130248.0,37697.0,40758.0,37023.0,74504.0,26312.0,13578.0
2026-05-06 16:11:34.340190,651319,1609506157791266,3757703907,0.618784,-0.365024,0.47824,47.22375,-41.5275,23.37125,-46.960003,-3.232,-76.920006,inter_set_rest,4,5.0,39713.0,33389.0,84843.0,130248.0,37697.0,40758.0,37023.0,74504.0,26312.0,13578.0
2026-05-06 16:11:34.353684,651320,1609506157800185,3757712620,0.618784,-0.365024,0.47824,62.78125,-49.00875,36.28625,-46.960003,-3.232,-76.920006,inter_set_rest,4,5.0,39713.0,33389.0,84843.0,130248.0,37697.0,40758.0,37023.0,74504.0,26312.0,13578.0
2026-05-06 16:11:34.385075,651331,1609506157809362,3757721440,0.79056,-0.466528,0.247904,77.42875,-54.853752,42.455,-46.656002,-1.912,-78.064,inter_set_rest,4,5.0,39724.0,33558.0,83625.0,122144.0,37462.0,41027.0,36445.0,69965.0,26178.0,13665.0
2026-05-06 16:11:34.387590,651332,1609506157823972,3757736483,0.79056,-0.466528,0.247904,92.65375,-56.945,43.96,-46.656002,-1.912,-78.064,inter_set_rest,4,5.0,39724.0,33558.0,83625.0,122144.0,37462.0,41027.0,36445.0,69965.0,26178.0,13665.0
2026-05-06 16:11:34.390051,651333,1609506157832912,3757745182,1.028704,-0.640256,0.042944,98.35,-51.7825,40.3375,-46.448,-0.144,-78.44,inter_set_rest,4,5.0,39724.0,33558.0,83625.0,122144.0,37462.0,41027.0,36445.0,69965.0,26178.0,13665.0
2026-05-06 16:11:34.396424,651334,1609506157847434,3757758219,0.802272,-0.447008,0.310368,88.82125,-41.44,29.98625,-46.672,-2.944,-74.568,inter_set_rest,4,5.0,39724.0,33558.0,83625.0,122144.0,37462.0,41027.0,36445.0,69965.0,26178.0,13665.0
2026-05-06 16:11:34.421428,651335,1609506157856630,3757769038,0.802272,-0.447008,0.310368,57.30375,-29.741251,19.43375,-46.672,-2.944,-74.568,inter_set_rest,4,5.0,39724.0,33558.0,83625.0,122144.0,37462.0,41027.0,36445.0,69965.0,26178.0,13665.0
2026-05-06 16:11:34.446360,651336,1609506157865561,3757777811,0.802272,-0.447008,0.310368,36.9775,-24.0625,16.1525,-46.672,-2.944,-74.568,inter_set_rest,4,5.0,39724.0,33558.0,83625.0,122144.0,37462.0,41027.0,36445.0,69965.0,26178.0,13665.0
2026-05-06 16:11:34.457338,651337,1609506157880221,3757792749,0.66368,-0.236192,0.415776,26.0575,-25.62875,21.665,-46.264004,1.128,-79.248,inter_set_rest,4,5.0,39724.0,33558.0,83625.0,122144.0,37462.0,41027.0,36445.0,69965.0,26178.0,13665.0
2026-05-06 16:11:34.459816,651338,1609506157889253,3757801496,0.9272,-0.347456,0.476288,15.39125,-29.303751,25.87375,-46.120003,2.04,-79.312004,inter_set_rest,4,5.0,39724.0,33558.0,83625.0,122144.0,37462.0,41027.0,36445.0,69965.0,26178.0,13665.0
2026-05-06 16:11:34.492646,651349,1609506157903770,3757816411,0.9272,-0.347456,0.476288,1.995,-31.63125,28.62125,-46.120003,2.04,-79.312004,inter_set_rest,4,5.0,40581.0,34318.0,82235.0,119018.0,38147.0,41858.0,35704.0,67780.0,26726.0,13999.0
2026-05-06 16:11:34.495191,651350,1609506157913166,3757825136,0.89792,-0.554368,0.294752,-13.85125,-31.64,30.4675,-45.464,2.384,-79.944,inter_set_rest,4,5.0,40581.0,34318.0,82235.0,119018.0,38147.0,41858.0,35704.0,67780.0,26726.0,13999.0
2026-05-06 16:11:34.497673,651351,1609506157922256,3757833885,0.89792,-0.554368,0.294752,-3.9025,-32.50625,25.9175,-45.464,2.384,-79.944,inter_set_rest,4,5.0,40581.0,34318.0,82235.0,119018.0,38147.0,41858.0,35704.0,67780.0,26726.0,13999.0
2026-05-06 16:11:34.500165,651352,1609506157936732,3757848824,0.827648,-0.74176,0.11712,8.00625,-33.53875,16.975,-45.248,1.12,-79.296005,inter_set_rest,4,5.0,40581.0,34318.0,82235.0,119018.0,38147.0,41858.0,35704.0,67780.0,26726.0,13999.0
2026-05-06 16:11:34.502634,651353,1609506157945647,3757857523,0.827648,-0.74176,0.11712,16.87,-33.670002,5.95,-45.248,1.12,-79.296005,inter_set_rest,4,5.0,40581.0,34318.0,82235.0,119018.0,38147.0,41858.0,35704.0,67780.0,26726.0,13999.0
2026-05-06 16:11:34.511417,651354,1609506157960365,3757872493,0.901824,-0.607072,0.265472,25.76875,-36.19,3.35125,-45.000004,1.696,-79.416,inter_set_rest,4,5.0,40581.0,34318.0,82235.0,119018.0,38147.0,41858.0,35704.0,67780.0,26726.0,13999.0
2026-05-06 16:11:34.517690,651355,1609506157969372,3757881278,0.972096,-0.433344,0.3416,23.79125,-35.88375,7.945,-44.88,3.896,-81.176,inter_set_rest,4,5.0,40581.0,34318.0,82235.0,119018.0,38147.0,41858.0,35704.0,67780.0,26726.0,13999.0
2026-05-06 16:11:34.539702,651356,1609506157983865,3757896293,0.972096,-0.433344,0.3416,9.275,-31.94625,8.16375,-44.88,3.896,-81.176,inter_set_rest,4,5.0,40581.0,34318.0,82235.0,119018.0,38147.0,41858.0,35704.0,67780.0,26726.0,13999.0
2026-05-06 16:11:34.541225,651357,1609506157992780,3757904980,0.938912,-0.462624,0.269376,-6.8075,-27.22125,1.98625,-44.328003,4.104,-81.944,inter_set_rest,4,5.0,40581.0,34318.0,82235.0,119018.0,38147.0,41858.0,35704.0,67780.0,26726.0,13999.0
2026-05-06 16:11:34.550857,651358,1609506158001689,3757913726,0.938912,-0.462624,0.269376,-14.49875,-23.94,-4.515,-44.328003,4.104,-81.944,inter_set_rest,4,5.0,40581.0,34318.0,82235.0,119018.0,38147.0,41858.0,35704.0,67780.0,26726.0,13999.0
2026-05-06 16:11:34.582600,651369,1609506158016432,3757928726,1.028704,-0.646112,0.22448,-12.145,-22.54,-8.89875,-44.776,3.792,-82.048004,inter_set_rest,4,5.0,41500.0,34517.0,82007.0,119532.0,39210.0,42160.0,35604.0,68008.0,27476.0,14202.0
2026-05-06 16:11:34.585163,651370,1609506158025435,3757937517,1.028704,-0.646112,0.22448,-5.285,-20.16,-7.9975,-44.776,3.792,-82.048004,inter_set_rest,4,5.0,41500.0,34517.0,82007.0,119532.0,39210.0,42160.0,35604.0,68008.0,27476.0,14202.0
2026-05-06 16:11:34.588941,651371,1609506158040115,3757952518,0.977952,-0.720288,0.154208,2.96625,-14.4375,-8.56625,-44.776,3.872,-82.26401,inter_set_rest,4,5.0,41500.0,34517.0,82007.0,119532.0,39210.0,42160.0,35604.0,68008.0,27476.0,14202.0
2026-05-06 16:11:34.600053,651372,1609506158049079,3757961217,0.974048,-0.67344,0.076128,10.45625,-7.41125,-13.6325,-44.528004,2.2,-81.48,inter_set_rest,4,5.0,41500.0,34517.0,82007.0,119532.0,39210.0,42160.0,35604.0,68008.0,27476.0,14202.0
2026-05-06 16:11:34.606422,651373,1609506158058122,3757969931,0.974048,-0.67344,0.076128,16.26625,-0.735,-17.78,-44.528004,2.2,-81.48,inter_set_rest,4,5.0,41500.0,34517.0,82007.0,119532.0,39210.0,42160.0,35604.0,68008.0,27476.0,14202.0
2026-05-06 16:11:34.642910,651374,1609506158072639,3757984909,1.097024,-0.542656,0.199104,17.57875,6.02875,-17.85,-44.864002,3.744,-81.824005,inter_set_rest,4,5.0,41500.0,34517.0,82007.0,119532.0,39210.0,42160.0,35604.0,68008.0,27476.0,14202.0
2026-05-06 16:11:34.645282,651375,1609506158081554,3757993641,1.097024,-0.542656,0.199104,13.20375,13.55375,-19.81,-44.864002,3.744,-81.824005,inter_set_rest,4,5.0,41500.0,34517.0,82007.0,119532.0,39210.0,42160.0,35604.0,68008.0,27476.0,14202.0
2026-05-06 16:11:34.647492,651376,1609506158096079,3758008567,0.997472,-0.505568,0.284992,12.67,18.8475,-24.885,-45.248,3.792,-83.632,inter_set_rest,4,5.0,41500.0,34517.0,82007.0,119532.0,39210.0,42160.0,35604.0,68008.0,27476.0,14202.0
2026-05-06 16:11:34.683917,651387,1609506158105033,3758017291,0.997472,-0.505568,0.284992,13.2125,23.49375,-29.4175,-45.248,3.792,-83.632,inter_set_rest,4,5.0,41859.0,34385.0,82052.0,121218.0,39628.0,42109.0,35635.0,68897.0,27742.0,14191.0
2026-05-06 16:11:34.686406,651388,1609506158120149,3758032437,0.901824,-0.52704,0.169824,18.6025,26.74,-32.2525,-45.496002,2.616,-81.176,inter_set_rest,4,5.0,41859.0,34385.0,82052.0,121218.0,39628.0,42109.0,35635.0,68897.0,27742.0,14191.0
2026-05-06 16:11:34.688917,651389,1609506158129108,3758041221,0.901824,-0.550464,0.11712,27.02,29.435,-33.99375,-45.496002,2.616,-83.22401,inter_set_rest,4,5.0,41859.0,34385.0,82052.0,121218.0,39628.0,42109.0,35635.0,68897.0,27742.0,14191.0
2026-05-06 16:11:34.691415,651390,1609506158138089,3758049942,0.950624,-0.550464,0.11712,32.8825,33.7225,-37.19625,-46.104004,3.656,-82.672005,inter_set_rest,4,5.0,41859.0,34385.0,82052.0,121218.0,39628.0,42109.0,35635.0,68897.0,27742.0,14191.0
2026-05-06 16:11:34.702678,651391,1609506158152605,3758064956,0.98576,-0.491904,0.203008,35.21875,38.87625,-41.405,-46.824,2.512,-79.632,inter_set_rest,4,5.0,41859.0,34385.0,82052.0,121218.0,39628.0,42109.0,35635.0,68897.0,27742.0,14191.0
2026-05-06 16:11:34.710186,651392,1609506158161532,3758073688,0.98576,-0.491904,0.203008,34.22125,43.39125,-44.17875,-46.824,2.512,-79.632,inter_set_rest,4,5.0,41859.0,34385.0,82052.0,121218.0,39628.0,42109.0,35635.0,68897.0,27742.0,14191.0
2026-05-06 16:11:34.743638,651393,1609506158176010,3758088626,0.94672,-0.372832,0.294752,31.2375,47.69625,-47.11875,-47.536003,-1.056,-76.688,inter_set_rest,4,5.0,41859.0,34385.0,82052.0,121218.0,39628.0,42109.0,35635.0,68897.0,27742.0,14191.0
2026-05-06 16:11:34.746560,651394,1609506158184941,3758097399,0.94672,-0.372832,0.294752,26.55625,52.0275,-50.65375,-47.536003,-1.056,-76.688,inter_set_rest,4,5.0,41859.0,34385.0,82052.0,121218.0,39628.0,42109.0,35635.0,68897.0,27742.0,14191.0
2026-05-06 16:11:34.750748,651395,1609506158193890,3758106099,0.886208,-0.345504,0.337696,25.99625,56.48125,-53.68125,-47.680004,1.456,-78.16801,inter_set_rest,4,5.0,41859.0,34385.0,82052.0,121218.0,39628.0,42109.0,35635.0,68897.0,27742.0,14191.0
2026-05-06 16:11:34.865130,651406,1609506158208587,3758121357,0.886208,-0.345504,0.337696,34.37875,59.57,-55.15125,-47.680004,1.456,-78.16801,inter_set_rest,4,5.0,41918.0,34513.0,82141.0,121497.0,39793.0,42350.0,35689.0,69036.0,27856.0,14276.0
2026-05-06 16:11:34.867681,651407,1609506158217639,3758130135,0.968192,-0.425536,0.327936,48.8075,61.22375,-56.822502,-48.264004,0.84,-77.328,inter_set_rest,4,5.0,41918.0,34513.0,82141.0,121497.0,39793.0,42350.0,35689.0,69036.0,27856.0,14276.0
2026-05-06 16:11:34.870194,651408,1609506158232139,3758143116,0.919392,-0.411872,0.284992,61.425,63.04375,-61.10125,-48.88,0.6,-75.664,inter_set_rest,4,5.0,41918.0,34513.0,82141.0,121497.0,39793.0,42350.0,35689.0,69036.0,27856.0,14276.0
2026-05-06 16:11:34.872680,651409,1609506158241582,3758153952,0.919392,-0.411872,0.284992,70.56875,65.152504,-65.65125,-48.88,0.6,-75.664,inter_set_rest,4,5.0,41918.0,34513.0,82141.0,121497.0,39793.0,42350.0,35689.0,69036.0,27856.0,14276.0
2026-05-06 16:11:34.875172,651410,1609506158250518,3758162689,0.827648,-0.310368,0.318176,74.4625,68.38125,-66.85875,-49.600002,-1.56,-73.04,inter_set_rest,4,5.0,41918.0,34513.0,82141.0,121497.0,39793.0,42350.0,35689.0,69036.0,27856.0,14276.0
2026-05-06 16:11:34.877719,651411,1609506158264997,3758177602,0.827648,-0.310368,0.318176,67.90875,72.00375,-64.9425,-49.600002,-1.56,-73.04,inter_set_rest,4,5.0,41918.0,34513.0,82141.0,121497.0,39793.0,42350.0,35689.0,69036.0,27856.0,14276.0
2026-05-06 16:11:34.883735,651412,1609506158274071,3758186294,0.870592,-0.179584,0.366976,47.87125,78.4175,-62.86875,-50.136,-1.072,-73.472,inter_set_rest,4,5.0,41918.0,34513.0,82141.0,121497.0,39793.0,42350.0,35689.0,69036.0,27856.0,14276.0
2026-05-06 16:11:34.886193,651413,1609506158288641,3758201247,0.870592,-0.179584,0.366976,27.44,85.715004,-62.326252,-50.136,-1.072,-73.472,inter_set_rest,4,5.0,41918.0,34513.0,82141.0,121497.0,39793.0,42350.0,35689.0,69036.0,27856.0,14276.0
2026-05-06 16:11:34.888707,651414,1609506158297706,3758209991,0.911584,-0.189344,0.452864,14.875,93.0475,-63.07,-50.904003,-2.224,-72.28001,inter_set_rest,4,5.0,41918.0,34513.0,82141.0,121497.0,39793.0,42350.0,35689.0,69036.0,27856.0,14276.0
2026-05-06 16:11:34.924605,651425,1609506158312285,3758225009,0.890112,-0.398208,0.407968,20.125,95.83,-64.4875,-51.024002,-2.88,-70.608,inter_set_rest,4,5.0,40706.0,34516.0,82224.0,119612.0,38533.0,42432.0,35811.0,67962.0,26925.0,14227.0
2026-05-06 16:11:34.924729,651426,1609506158321297,3758233733,0.890112,-0.398208,0.407968,36.513752,91.09625,-63.4725,-51.024002,-2.88,-70.608,inter_set_rest,4,5.0,40706.0,34516.0,82224.0,119612.0,38533.0,42432.0,35811.0,67962.0,26925.0,14227.0
2026-05-06 16:11:34.924797,651427,1609506158330404,3758242641,0.890112,-0.398208,0.242048,52.94625,84.735,-63.70875,-51.024002,-2.88,-70.608,inter_set_rest,4,5.0,40706.0,34516.0,82224.0,119612.0,38533.0,42432.0,35811.0,67962.0,26925.0,14227.0
2026-05-06 16:11:34.927372,651428,1609506158345027,3758257633,0.960384,-0.558272,0.242048,64.23375,81.33125,-65.75625,-51.248,-3.608,-68.408005,inter_set_rest,4,5.0,40706.0,34516.0,82224.0,119612.0,38533.0,42432.0,35811.0,67962.0,26925.0,14227.0
2026-05-06 16:11:34.930098,651429,1609506158353981,3758266361,1.0248,-0.119072,0.343552,57.4525,80.99875,-68.495,-51.920002,-8.616,-65.624,inter_set_rest,4,5.0,40706.0,34516.0,82224.0,119612.0,38533.0,42432.0,35811.0,67962.0,26925.0,14227.0
2026-05-06 16:11:34.932550,651430,1609506158368586,3758279356,1.0248,-0.119072,0.343552,46.9175,81.80375,-69.16,-51.920002,-8.616,-65.624,inter_set_rest,4,5.0,40706.0,34516.0,82224.0,119612.0,38533.0,42432.0,35811.0,67962.0,26925.0,14227.0
2026-05-06 16:11:34.935143,651431,1609506158377819,3758290174,1.028704,0.238144,0.472384,28.77875,87.82375,-70.525,-52.096,-9.72,-63.936005,inter_set_rest,4,5.0,40706.0,34516.0,82224.0,119612.0,38533.0,42432.0,35811.0,67962.0,26925.0,14227.0
2026-05-06 16:11:34.937578,651432,1609506158386711,3758298891,1.028704,0.238144,0.472384,11.1475,99.12,-78.3825,-52.096,-9.72,-63.936005,inter_set_rest,4,5.0,40706.0,34516.0,82224.0,119612.0,38533.0,42432.0,35811.0,67962.0,26925.0,14227.0
2026-05-06 16:11:34.951386,651433,1609506158401253,3758313798,0.884256,-0.40016,0.509472,11.36625,105.665,-85.79375,-52.176003,-7.392,-65.392006,inter_set_rest,4,5.0,40706.0,34516.0,82224.0,119612.0,38533.0,42432.0,35811.0,67962.0,26925.0,14227.0
2026-05-06 16:11:34.992708,651444,1609506158410842,3758322512,0.884256,-0.40016,0.509472,7.00875,104.11625,-90.9125,-52.176003,-7.392,-65.392006,inter_set_rest,4,5.0,38244.0,33812.0,83647.0,119609.0,35746.0,41536.0,36405.0,67829.0,24955.0,13720.0
2026-05-06 16:11:34.995212,651445,1609506158425445,3758337595,0.948672,-0.691008,0.650016,9.835,103.34625,-91.67375,-52.232002,-11.280001,-61.192,inter_set_rest,4,5.0,38244.0,33812.0,83647.0,119609.0,35746.0,41536.0,36405.0,67829.0,24955.0,13720.0
2026-05-06 16:11:34.997657,651446,1609506158434404,3758346312,0.798368,-0.003904,0.671488,30.03,102.0075,-85.68875,-52.224003,-12.176001,-61.096004,inter_set_rest,4,5.0,38244.0,33812.0,83647.0,119609.0,35746.0,41536.0,36405.0,67829.0,24955.0,13720.0
2026-05-06 16:11:35.000178,651447,1609506158443336,3758355072,0.798368,-0.003904,0.671488,44.388752,103.005,-80.54375,-52.224003,-12.176001,-61.096004,inter_set_rest,4,5.0,38244.0,33812.0,83647.0,119609.0,35746.0,41536.0,36405.0,67829.0,24955.0,13720.0
2026-05-06 16:11:35.008836,651448,1609506158457906,3758369995,0.406016,0.21472,0.728096,44.6425,110.99375,-79.66,-52.352,-13.568001,-59.328003,inter_set_rest,4,5.0,38244.0,33812.0,83647.0,119609.0,35746.0,41536.0,36405.0,67829.0,24955.0,13720.0
2026-05-06 16:11:35.017992,651449,1609506158466820,3758378840,0.406016,0.21472,0.728096,46.06,119.25375,-85.575,-52.352,-13.568001,-59.328003,inter_set_rest,4,5.0,38244.0,33812.0,83647.0,119609.0,35746.0,41536.0,36405.0,67829.0,24955.0,13720.0
2026-05-06 16:11:35.032496,651450,1609506158481329,3758393752,0.236192,-0.269376,0.534848,59.5525,117.78375,-85.12875,-52.144,-13.184001,-58.784004,inter_set_rest,4,5.0,38244.0,33812.0,83647.0,119609.0,35746.0,41536.0,36405.0,67829.0,24955.0,13720.0
2026-05-06 16:11:35.038883,651451,1609506158490272,3758402467,0.236192,-0.269376,0.534848,63.83125,110.8975,-82.355,-52.144,-13.184001,-58.784004,inter_set_rest,4,5.0,38244.0,33812.0,83647.0,119609.0,35746.0,41536.0,36405.0,67829.0,24955.0,13720.0
2026-05-06 16:11:35.072706,651452,1609506158504775,3758417365,0.398208,-0.08784,0.579744,54.60875,106.42625,-78.89875,-51.968002,-17.048,-55.072002,inter_set_rest,4,5.0,38244.0,33812.0,83647.0,119609.0,35746.0,41536.0,36405.0,67829.0,24955.0,13720.0
2026-05-06 16:11:35.102515,651463,1609506158513821,3758426158,0.247904,0.40016,0.745664,47.50375,101.85875,-62.895,-51.552002,-16.376001,-56.832005,inter_set_rest,4,5.0,37582.0,33062.0,85399.0,127562.0,35310.0,40453.0,37106.0,72285.0,24563.0,13331.0
2026-05-06 16:11:35.103043,651464,1609506158522761,3758434934,0.247904,0.40016,0.745664,37.91375,98.91,-52.535,-51.552002,-16.376001,-56.832005,inter_set_rest,4,5.0,37582.0,33062.0,85399.0,127562.0,35310.0,40453.0,37106.0,72285.0,24563.0,13331.0
2026-05-06 16:11:35.104987,651465,1609506158537488,3758449911,-0.042944,-0.121024,0.763232,14.16625,97.25625,-63.51625,-51.056004,-17.480001,-54.456,inter_set_rest,4,5.0,37582.0,33062.0,85399.0,127562.0,35310.0,40453.0,37106.0,72285.0,24563.0,13331.0
2026-05-06 16:11:35.107468,651466,1609506158546476,3758458745,-0.042944,-0.121024,0.763232,-12.0575,93.5375,-66.66625,-51.056004,-17.480001,-54.456,inter_set_rest,4,5.0,37582.0,33062.0,85399.0,127562.0,35310.0,40453.0,37106.0,72285.0,24563.0,13331.0
2026-05-06 16:11:35.113005,651467,1609506158561149,3758473842,0.140544,-0.238144,0.714432,-17.5,83.72,-41.5625,-50.624,-17.888,-53.56,inter_set_rest,4,5.0,37582.0,33062.0,85399.0,127562.0,35310.0,40453.0,37106.0,72285.0,24563.0,13331.0
2026-05-06 16:11:35.120118,651468,1609506158570107,3758482549,0.140544,-0.238144,0.714432,-11.38375,69.53625,-10.3425,-50.624,-17.888,-53.56,inter_set_rest,4,5.0,37582.0,33062.0,85399.0,127562.0,35310.0,40453.0,37106.0,72285.0,24563.0,13331.0
2026-05-06 16:11:35.129945,651469,1609506158579177,3758491250,0.236192,0.22448,0.706624,12.69625,52.17625,1.7325,-50.376003,-17.400002,-53.048004,inter_set_rest,4,5.0,37582.0,33062.0,85399.0,127562.0,35310.0,40453.0,37106.0,72285.0,24563.0,13331.0
2026-05-06 16:11:35.157654,651470,1609506158593722,3758506201,0.333792,0.226432,0.67344,39.7425,36.58375,-3.22875,-50.648003,-16.144001,-53.104004,inter_set_rest,4,5.0,37582.0,33062.0,85399.0,127562.0,35310.0,40453.0,37106.0,72285.0,24563.0,13331.0
2026-05-06 16:11:35.182574,651471,1609506158602632,3758515012,0.333792,0.226432,0.67344,51.86125,29.37375,-8.35625,-50.648003,-16.144001,-53.104004,inter_set_rest,4,5.0,37582.0,33062.0,85399.0,127562.0,35310.0,40453.0,37106.0,72285.0,24563.0,13331.0
2026-05-06 16:11:35.216169,651482,1609506158617666,3758529993,0.427488,0.222528,0.786656,35.53375,32.2,-5.31125,-50.440002,-16.904001,-53.368004,inter_set_rest,4,5.0,37383.0,32700.0,85074.0,127851.0,35133.0,40053.0,36972.0,72557.0,24392.0,13168.0
2026-05-06 16:11:35.218774,651483,1609506158626590,3758538824,0.427488,0.222528,0.786656,13.825,35.53375,-1.33875,-50.440002,-16.904001,-53.368004,inter_set_rest,4,5.0,37383.0,32700.0,85074.0,127851.0,35133.0,40053.0,36972.0,72557.0,24392.0,13168.0
2026-05-06 16:11:35.221239,651484,1609506158635530,3758547541,0.495808,0.210816,0.806176,20.4225,33.41625,-2.8875,-50.320004,-16.008001,-53.176003,inter_set_rest,4,5.0,37383.0,32700.0,85074.0,127851.0,35133.0,40053.0,36972.0,72557.0,24392.0,13168.0
2026-05-06 16:11:35.223761,651485,1609506158650095,3758562444,0.495808,0.210816,0.806176,45.465,29.2075,-10.045,-50.320004,-16.008001,-53.176003,inter_set_rest,4,5.0,37383.0,32700.0,85074.0,127851.0,35133.0,40053.0,36972.0,72557.0,24392.0,13168.0
2026-05-06 16:11:35.228776,651486,1609506158659168,3758571162,0.41968,0.035136,0.952576,67.55,26.71375,-12.4425,-50.624,-19.576,-50.144,inter_set_rest,4,5.0,37383.0,32700.0,85074.0,127851.0,35133.0,40053.0,36972.0,72557.0,24392.0,13168.0
2026-05-06 16:11:35.233775,651487,1609506158673712,3758586147,0.363072,0.130784,0.856928,69.37,28.04375,-8.61875,-50.08,-19.720001,-49.824,inter_set_rest,4,5.0,37383.0,32700.0,85074.0,127851.0,35133.0,40053.0,36972.0,72557.0,24392.0,13168.0
2026-05-06 16:11:35.236296,651488,1609506158682666,3758594853,0.363072,0.130784,0.856928,62.30875,33.87125,-3.605,-50.08,-19.720001,-49.824,inter_set_rest,4,5.0,37383.0,32700.0,85074.0,127851.0,35133.0,40053.0,36972.0,72557.0,24392.0,13168.0
2026-05-06 16:11:35.250073,651489,1609506158697154,3758609804,0.3416,0.452864,0.823744,67.6025,38.31625,3.36875,-50.024002,-18.928001,-51.376003,inter_set_rest,4,5.0,37383.0,32700.0,85074.0,127851.0,35133.0,40053.0,36972.0,72557.0,24392.0,13168.0
2026-05-06 16:11:35.256413,651490,1609506158706081,3758618477,0.3416,0.452864,0.823744,69.95625,39.85625,6.3525,-50.024002,-18.928001,-51.376003,inter_set_rest,4,5.0,37383.0,32700.0,85074.0,127851.0,35133.0,40053.0,36972.0,72557.0,24392.0,13168.0
2026-05-06 16:11:35.286414,651501,1609506158715191,3758627335,0.251808,0.437248,0.706624,67.94375,40.04875,-1.56625,-49.616,-17.336,-50.344,inter_set_rest,4,5.0,37920.0,33211.0,84392.0,125949.0,35578.0,40711.0,36681.0,71557.0,24702.0,13468.0
2026-05-06 16:11:35.290603,651502,1609506158729750,3758642284,0.251808,0.437248,0.706624,68.74,40.32,-12.32,-49.616,-17.336,-50.344,inter_set_rest,4,5.0,37920.0,33211.0,84392.0,125949.0,35578.0,40711.0,36681.0,71557.0,24702.0,13468.0
2026-05-06 16:11:35.293722,651503,1609506158738785,3758651068,0.138592,0.220576,0.776896,61.6,45.10625,-18.6375,-49.688004,-19.240002,-50.248,inter_set_rest,4,5.0,37920.0,33211.0,84392.0,125949.0,35578.0,40711.0,36681.0,71557.0,24702.0,13468.0
2026-05-06 16:11:35.303496,651504,1609506158753303,3758666009,0.138592,0.220576,0.776896,42.0875,53.3225,-17.22,-49.688004,-19.240002,-50.248,inter_set_rest,4,5.0,37920.0,33211.0,84392.0,125949.0,35578.0,40711.0,36681.0,71557.0,24702.0,13468.0
2026-05-06 16:11:35.312549,651505,1609506158762219,3758674812,0.054656,0.320128,0.964288,26.1625,57.4875,-8.56625,-49.760002,-19.368,-49.216003,inter_set_rest,4,5.0,37920.0,33211.0,84392.0,125949.0,35578.0,40711.0,36681.0,71557.0,24702.0,13468.0
2026-05-06 16:11:35.336378,651506,1609506158776722,3758687713,0.083936,0.44896,0.769088,30.695,54.95,-1.2775,-49.376003,-17.944,-50.576004,inter_set_rest,4,5.0,37920.0,33211.0,84392.0,125949.0,35578.0,40711.0,36681.0,71557.0,24702.0,13468.0
2026-05-06 16:11:35.342653,651507,1609506158785912,3758698529,0.083936,0.44896,0.769088,53.6725,45.91125,0.25375,-49.376003,-17.944,-50.576004,inter_set_rest,4,5.0,37920.0,33211.0,84392.0,125949.0,35578.0,40711.0,36681.0,71557.0,24702.0,13468.0
2026-05-06 16:11:35.345106,651508,1609506158794847,3758707262,0.140544,0.404064,0.772992,69.64125,38.99,0.385,-49.52,-17.288,-50.120003,inter_set_rest,4,5.0,37920.0,33211.0,84392.0,125949.0,35578.0,40711.0,36681.0,71557.0,24702.0,13468.0
2026-05-06 16:11:35.389998,651520,1609506158809970,3758722699,0.140544,0.404064,0.772992,64.89875,38.15875,-0.5775,-49.52,-17.288,-50.120003,inter_set_rest,4,5.0,39384.0,34218.0,84119.0,126667.0,36971.0,41796.0,36546.0,71521.0,25570.0,13946.0
2026-05-06 16:11:35.392224,651521,1609506158819101,3758731493,0.056608,0.337696,0.93696,47.90625,42.62125,-0.72625,-49.192,-17.992,-49.424004,inter_set_rest,4,5.0,39384.0,34218.0,84119.0,126667.0,36971.0,41796.0,36546.0,71521.0,25570.0,13946.0
2026-05-06 16:11:35.395024,651522,1609506158828133,3758740252,0.056608,0.337696,0.93696,28.2975,47.78375,3.38625,-49.192,-17.992,-49.424004,inter_set_rest,4,5.0,39384.0,34218.0,84119.0,126667.0,36971.0,41796.0,36546.0,71521.0,25570.0,13946.0
2026-05-06 16:11:35.397601,651523,1609506158842708,3758755315,0.085888,0.343552,0.91744,10.115,53.2,4.90875,-49.408,-20.776001,-46.648003,inter_set_rest,4,5.0,39384.0,34218.0,84119.0,126667.0,36971.0,41796.0,36546.0,71521.0,25570.0,13946.0
2026-05-06 16:11:35.400019,651524,1609506158851842,3758764062,0.085888,0.343552,0.91744,5.83625,55.1775,4.41875,-49.408,-20.776001,-46.648003,inter_set_rest,4,5.0,39384.0,34218.0,84119.0,126667.0,36971.0,41796.0,36546.0,71521.0,25570.0,13946.0
2026-05-06 16:11:35.448732,651525,1609506158866391,3758778988,0.203008,0.343552,0.755424,16.4325,53.235,3.6575,-48.832,-20.512001,-47.216003,inter_set_rest,4,5.0,39384.0,34218.0,84119.0,126667.0,36971.0,41796.0,36546.0,71521.0,25570.0,13946.0
2026-05-06 16:11:35.451243,651526,1609506158875322,3758787663,0.286944,0.31232,0.851072,26.06625,52.1325,-2.52,-48.408,-17.512001,-47.904003,inter_set_rest,4,5.0,39384.0,34218.0,84119.0,126667.0,36971.0,41796.0,36546.0,71521.0,25570.0,13946.0
2026-05-06 16:11:35.453813,651527,1609506158889854,3758800630,0.286944,0.31232,0.851072,27.965,53.9175,-8.4,-48.408,-17.512001,-47.904003,inter_set_rest,4,5.0,39384.0,34218.0,84119.0,126667.0,36971.0,41796.0,36546.0,71521.0,25570.0,13946.0
2026-05-06 16:11:35.456400,651528,1609506158899185,3758811411,0.144448,0.355264,0.958432,24.61375,58.0825,-7.42,-47.968002,-17.608002,-46.52,inter_set_rest,4,5.0,39384.0,34218.0,84119.0,126667.0,36971.0,41796.0,36546.0,71521.0,25570.0,13946.0
2026-05-06 16:11:35.458758,651529,1609506158908085,3758820168,0.144448,0.355264,0.958432,24.42125,60.103752,-1.67125,-47.968002,-17.608002,-46.52,inter_set_rest,4,5.0,39384.0,34218.0,84119.0,126667.0,36971.0,41796.0,36546.0,71521.0,25570.0,13946.0
2026-05-06 16:11:35.486048,651540,1609506158922855,3758835199,0.201056,0.466528,1.173152,25.235,57.1375,2.94875,-48.2,-20.0,-44.120003,inter_set_rest,4,5.0,39989.0,34934.0,84000.0,122146.0,37319.0,42644.0,36623.0,69007.0,25786.0,14346.0
2026-05-06 16:11:35.488509,651541,1609506158931957,3758843997,0.201056,0.466528,1.173152,32.48875,45.6925,8.19,-48.2,-20.0,-44.120003,inter_set_rest,4,5.0,39989.0,34934.0,84000.0,122146.0,37319.0,42644.0,36623.0,69007.0,25786.0,14346.0
2026-05-06 16:11:35.495047,651542,1609506158946490,3758858955,0.404064,0.7808,1.339072,37.9575,29.4175,17.98125,-48.016003,-19.752,-44.656002,inter_set_rest,4,5.0,39989.0,34934.0,84000.0,122146.0,37319.0,42644.0,36623.0,69007.0,25786.0,14346.0
2026-05-06 16:11:35.526220,651543,1609506158955451,3758867666,0.49776,1.147776,1.514752,37.61625,11.27875,32.1825,-48.016003,-19.752,-46.176003,inter_set_rest,4,5.0,39989.0,34934.0,84000.0,122146.0,37319.0,42644.0,36623.0,69007.0,25786.0,14346.0
2026-05-06 16:11:35.552571,651544,1609506158964430,3758876384,0.49776,1.147776,1.514752,29.960001,-8.3475,49.67375,-48.224003,-16.456001,-46.176003,inter_set_rest,4,5.0,39989.0,34934.0,84000.0,122146.0,37319.0,42644.0,36623.0,69007.0,25786.0,14346.0
2026-05-06 16:11:35.561413,651545,1609506158978940,3758891330,0.359168,0.837408,1.196576,7.42,-18.10375,63.315,-48.120003,-15.288001,-46.184002,inter_set_rest,4,5.0,39989.0,34934.0,84000.0,122146.0,37319.0,42644.0,36623.0,69007.0,25786.0,14346.0
2026-05-06 16:11:35.563890,651546,1609506158987838,3758900047,0.359168,0.837408,1.196576,-32.12125,-13.79875,56.175,-48.120003,-15.288001,-46.184002,inter_set_rest,4,5.0,39989.0,34934.0,84000.0,122146.0,37319.0,42644.0,36623.0,69007.0,25786.0,14346.0
2026-05-06 16:11:35.566360,651547,1609506159002344,3758914978,0.290848,0.074176,0.968192,-78.96,-1.70625,28.25375,-48.088,-14.904,-45.920002,inter_set_rest,4,5.0,39989.0,34934.0,84000.0,122146.0,37319.0,42644.0,36623.0,69007.0,25786.0,14346.0
2026-05-06 16:11:35.597553,651558,1609506159011857,3758923920,0.290848,0.074176,0.968192,-109.54125,7.18375,11.27875,-48.088,-14.904,-45.920002,inter_set_rest,4,5.0,42373.0,37022.0,82597.0,117588.0,39414.0,45594.0,35883.0,65810.0,27417.0,15424.0
2026-05-06 16:11:35.599923,651559,1609506159021009,3758932689,0.33184,-0.281088,0.882304,-117.8975,11.10375,17.535,-47.72,-13.984,-45.792004,inter_set_rest,4,5.0,42373.0,37022.0,82597.0,117588.0,39414.0,45594.0,35883.0,65810.0,27417.0,15424.0
2026-05-06 16:11:35.602382,651560,1609506159035502,3758947700,0.33184,-0.281088,0.866688,-102.08625,11.15625,29.47,-47.72,-13.984,-45.792004,inter_set_rest,4,5.0,42373.0,37022.0,82597.0,117588.0,39414.0,45594.0,35883.0,65810.0,27417.0,15424.0
2026-05-06 16:11:35.604952,651561,1609506159044538,3758956485,0.349408,-0.216672,0.870592,-62.2125,8.07625,29.645,-47.648003,-12.992001,-46.864002,inter_set_rest,4,5.0,42373.0,37022.0,82597.0,117588.0,39414.0,45594.0,35883.0,65810.0,27417.0,15424.0
2026-05-06 16:11:35.607465,651562,1609506159059054,3758971488,0.33184,-0.007808,0.772992,-6.81625,4.45375,23.3625,-48.36,-12.784,-45.88,inter_set_rest,4,5.0,42373.0,37022.0,82597.0,117588.0,39414.0,45594.0,35883.0,65810.0,27417.0,15424.0
2026-05-06 16:11:35.618964,651563,1609506159067992,3758980255,0.33184,-0.007808,0.772992,45.6925,-0.7175,21.647501,-48.36,-12.784,-45.88,inter_set_rest,4,5.0,42373.0,37022.0,82597.0,117588.0,39414.0,45594.0,35883.0,65810.0,27417.0,15424.0
2026-05-06 16:11:35.632580,651564,1609506159082493,3758995164,0.281088,-0.01952,0.560224,81.66375,-0.3325,22.84625,-47.496002,-14.800001,-44.912003,inter_set_rest,4,5.0,42373.0,37022.0,82597.0,117588.0,39414.0,45594.0,35883.0,65810.0,27417.0,15424.0
2026-05-06 16:11:35.641435,651565,1609506159091609,3759003887,0.281088,-0.01952,0.560224,99.5225,8.1025,16.6775,-47.496002,-14.800001,-44.912003,inter_set_rest,4,5.0,42373.0,37022.0,82597.0,117588.0,39414.0,45594.0,35883.0,65810.0,27417.0,15424.0
2026-05-06 16:11:35.647690,651566,1609506159100727,3759012622,0.158112,-0.128832,0.462624,94.4825,26.678751,-2.38875,-47.648003,-14.096001,-45.776,inter_set_rest,4,5.0,42373.0,37022.0,82597.0,117588.0,39414.0,45594.0,35883.0,65810.0,27417.0,15424.0
2026-05-06 16:11:35.688950,651577,1609506159115465,3759027613,0.158112,-0.128832,0.462624,69.86875,36.00625,-20.9125,-47.648003,-14.096001,-45.776,inter_set_rest,4,5.0,44114.0,38667.0,81453.0,115150.0,40822.0,47247.0,35383.0,64008.0,28259.0,16264.0
2026-05-06 16:11:35.691409,651578,1609506159124435,3759036441,0.037088,0.203008,0.630496,67.01625,40.27625,-24.84125,-47.176003,-14.856001,-44.768,inter_set_rest,4,5.0,44114.0,38667.0,81453.0,115150.0,40822.0,47247.0,35383.0,64008.0,28259.0,16264.0
2026-05-06 16:11:35.693931,651579,1609506159138915,3759051367,0.025376,0.437248,0.8784,91.0525,37.79125,-13.055,-46.808002,-15.448001,-45.416,inter_set_rest,4,5.0,44114.0,38667.0,81453.0,115150.0,40822.0,47247.0,35383.0,64008.0,28259.0,16264.0
2026-05-06 16:11:35.696517,651580,1609506159147971,3759060209,0.025376,0.437248,0.8784,104.4575,30.397501,-3.66625,-46.808002,-15.448001,-45.416,inter_set_rest,4,5.0,44114.0,38667.0,81453.0,115150.0,40822.0,47247.0,35383.0,64008.0,28259.0,16264.0
2026-05-06 16:11:35.705189,651581,1609506159157006,3759068929,0.197152,0.550464,0.685152,100.98375,24.26375,-0.63875,-46.808002,-15.448001,-44.992,inter_set_rest,4,5.0,44114.0,38667.0,81453.0,115150.0,40822.0,47247.0,35383.0,64008.0,28259.0,16264.0
2026-05-06 16:11:35.738731,651582,1609506159171517,3759083875,0.189344,0.550464,0.685152,116.50625,25.27875,5.005,-46.984,-15.824,-44.992,inter_set_rest,4,5.0,44114.0,38667.0,81453.0,115150.0,40822.0,47247.0,35383.0,64008.0,28259.0,16264.0
2026-05-06 16:11:35.741432,651583,1609506159180472,3759092582,0.2928,0.538752,0.679296,120.46125,25.305,2.28375,-46.608,-16.76,-45.52,inter_set_rest,4,5.0,44114.0,38667.0,81453.0,115150.0,40822.0,47247.0,35383.0,64008.0,28259.0,16264.0
2026-05-06 16:11:35.743920,651584,1609506159194982,3759107521,0.2928,0.538752,0.679296,95.0425,22.82875,-1.21625,-46.608,-16.76,-45.52,inter_set_rest,4,5.0,44114.0,38667.0,81453.0,115150.0,40822.0,47247.0,35383.0,64008.0,28259.0,16264.0
2026-05-06 16:11:35.753933,651585,1609506159203910,3759116270,0.210816,0.890112,0.798368,80.8675,20.991251,11.90875,-46.968002,-16.504002,-45.136,inter_set_rest,4,5.0,44114.0,38667.0,81453.0,115150.0,40822.0,47247.0,35383.0,64008.0,28259.0,16264.0
2026-05-06 16:11:35.787513,651596,1609506159218596,3759131357,0.095648,0.977952,0.7808,82.4775,11.917501,38.01875,-46.512,-16.320002,-45.648003,inter_set_rest,4,5.0,51730.0,44098.0,83421.0,129113.0,47983.0,54042.0,36422.0,72495.0,32664.0,19109.0
2026-05-06 16:11:35.789974,651597,1609506159227668,3759140220,0.095648,0.977952,0.7808,77.00875,6.6675,53.357502,-46.512,-16.320002,-45.648003,inter_set_rest,4,5.0,51730.0,44098.0,83421.0,129113.0,47983.0,54042.0,36422.0,72495.0,32664.0,19109.0
2026-05-06 16:11:35.792492,651598,1609506159236703,3759148941,0.095648,0.977952,0.7808,42.70875,7.63,39.66375,-46.512,-16.320002,-45.648003,inter_set_rest,4,5.0,51730.0,44098.0,83421.0,129113.0,47983.0,54042.0,36422.0,72495.0,32664.0,19109.0
2026-05-06 16:11:35.801341,651599,1609506159251241,3759163828,0.26352,0.677344,0.905728,-2.52,8.68875,15.53125,-46.992,-17.448,-44.216003,inter_set_rest,4,5.0,51730.0,44098.0,83421.0,129113.0,47983.0,54042.0,36422.0,72495.0,32664.0,19109.0
2026-05-06 16:11:35.810199,651600,1609506159260180,3759172571,0.37088,0.366976,0.923296,-27.72875,5.03125,5.2325,-46.864002,-17.008001,-45.472004,inter_set_rest,4,5.0,51730.0,44098.0,83421.0,129113.0,47983.0,54042.0,36422.0,72495.0,32664.0,19109.0
2026-05-06 16:11:35.823916,651601,1609506159274669,3759185427,0.37088,0.366976,0.923296,-32.94375,0.97125,3.42125,-46.864002,-17.008001,-45.472004,inter_set_rest,4,5.0,51730.0,44098.0,83421.0,129113.0,47983.0,54042.0,36422.0,72495.0,32664.0,19109.0
2026-05-06 16:11:35.832485,651602,1609506159283831,3759196246,0.38064,0.238144,0.86864,-22.82875,-9.17,1.1025,-46.56,-15.472001,-45.528004,inter_set_rest,4,5.0,51730.0,44098.0,83421.0,129113.0,47983.0,54042.0,36422.0,72495.0,32664.0,19109.0
2026-05-06 16:11:35.841446,651603,1609506159292783,3759204959,0.38064,0.238144,0.86864,5.0225,-19.88,-3.2025,-46.56,-15.472001,-45.528004,inter_set_rest,4,5.0,51730.0,44098.0,83421.0,129113.0,47983.0,54042.0,36422.0,72495.0,32664.0,19109.0
2026-05-06 16:11:35.864397,651604,1609506159307450,3759219898,0.38064,0.316224,0.757376,39.6025,-28.105,-0.49,-47.176003,-15.352001,-46.632004,inter_set_rest,4,5.0,51730.0,44098.0,83421.0,129113.0,47983.0,54042.0,36422.0,72495.0,32664.0,19109.0
2026-05-06 16:11:35.958822,651615,1609506159316561,3759228700,0.38064,0.316224,0.757376,65.82625,-31.42125,7.69125,-47.176003,-15.352001,-46.632004,inter_set_rest,4,5.0,49176.0,45142.0,81699.0,119272.0,45118.0,55317.0,35674.0,65367.0,30680.0,19455.0
2026-05-06 16:11:35.961266,651616,1609506159331153,3759243636,0.357216,0.495808,0.659776,81.85625,-29.07625,17.1325,-46.976,-16.0,-46.944004,inter_set_rest,4,5.0,49176.0,45142.0,81699.0,119272.0,45118.0,55317.0,35674.0,65367.0,30680.0,19455.0
2026-05-06 16:11:35.963590,651617,1609506159340140,3759252382,0.290848,0.591456,0.6344,86.555,-25.0075,20.92125,-47.352,-15.808001,-47.624,inter_set_rest,4,5.0,49176.0,45142.0,81699.0,119272.0,45118.0,55317.0,35674.0,65367.0,30680.0,19455.0
2026-05-06 16:11:35.966111,651618,1609506159349080,3759261086,0.290848,0.591456,0.6344,79.625,-18.47125,16.6775,-47.352,-15.808001,-47.624,inter_set_rest,4,5.0,49176.0,45142.0,81699.0,119272.0,45118.0,55317.0,35674.0,65367.0,30680.0,19455.0
2026-05-06 16:11:35.971257,651619,1609506159363632,3759276017,0.251808,0.515328,0.665632,69.125,-12.355001,8.7675,-47.376003,-15.976001,-47.432003,inter_set_rest,4,5.0,49176.0,45142.0,81699.0,119272.0,45118.0,55317.0,35674.0,65367.0,30680.0,19455.0
2026-05-06 16:11:35.973788,651620,1609506159372584,3759284742,0.251808,0.515328,0.665632,55.57125,-4.725,-0.98875,-47.376003,-15.976001,-47.432003,inter_set_rest,4,5.0,49176.0,45142.0,81699.0,119272.0,45118.0,55317.0,35674.0,65367.0,30680.0,19455.0
2026-05-06 16:11:35.976275,651621,1609506159387114,3759299770,0.308416,0.376736,0.759328,43.26,-0.105,-10.78,-47.160004,-16.632,-47.848003,inter_set_rest,4,5.0,49176.0,45142.0,81699.0,119272.0,45118.0,55317.0,35674.0,65367.0,30680.0,19455.0
2026-05-06 16:11:35.981313,651622,1609506159396050,3759308539,0.308416,0.376736,0.759328,38.4475,3.185,-16.82625,-47.160004,-16.632,-47.848003,inter_set_rest,4,5.0,49176.0,45142.0,81699.0,119272.0,45118.0,55317.0,35674.0,65367.0,30680.0,19455.0
2026-05-06 16:11:35.983811,651623,1609506159410598,3759321395,0.267424,0.388448,0.739808,42.8925,3.955,-15.715,-47.168003,-18.352001,-46.640003,inter_set_rest,4,5.0,49176.0,45142.0,81699.0,119272.0,45118.0,55317.0,35674.0,65367.0,30680.0,19455.0
2026-05-06 16:11:36.011303,651634,1609506159419921,3759332526,0.177632,0.528992,0.651968,54.6,1.88125,-8.5225,-47.36,-18.872002,-48.464,inter_set_rest,4,5.0,51353.0,46983.0,81742.0,115703.0,47099.0,57316.0,35726.0,63314.0,31674.0,20250.0
2026-05-06 16:11:36.013666,651635,1609506159428934,3759341247,0.177632,0.528992,0.651968,68.03125,2.0825,-1.93375,-47.36,-18.872002,-48.464,inter_set_rest,4,5.0,51353.0,46983.0,81742.0,115703.0,47099.0,57316.0,35726.0,63314.0,31674.0,20250.0
2026-05-06 16:11:36.016130,651636,1609506159443452,3759356229,0.193248,0.593408,0.681248,77.70875,2.5725,3.08875,-47.712,-17.496,-48.280003,inter_set_rest,4,5.0,51353.0,46983.0,81742.0,115703.0,47099.0,57316.0,35726.0,63314.0,31674.0,20250.0
2026-05-06 16:11:36.018605,651637,1609506159452567,3759365050,0.193248,0.593408,0.681248,75.15375,1.9775,2.70375,-47.712,-17.496,-48.280003,inter_set_rest,4,5.0,51353.0,46983.0,81742.0,115703.0,47099.0,57316.0,35726.0,63314.0,31674.0,20250.0
2026-05-06 16:11:36.025176,651638,1609506159467092,3759377945,0.261568,0.573888,0.804224,63.00875,1.4525,-1.46125,-47.256,-17.76,-48.128002,inter_set_rest,4,5.0,51353.0,46983.0,81742.0,115703.0,47099.0,57316.0,35726.0,63314.0,31674.0,20250.0
2026-05-06 16:11:36.027622,651639,1609506159476504,3759388767,0.261568,0.573888,0.804224,48.7375,1.63625,-7.77,-47.256,-17.76,-48.128002,inter_set_rest,4,5.0,51353.0,46983.0,81742.0,115703.0,47099.0,57316.0,35726.0,63314.0,31674.0,20250.0
2026-05-06 16:11:36.036435,651640,1609506159485443,3759397506,0.255712,0.525088,0.847168,37.45875,-1.42625,-16.73875,-47.072002,-18.176,-48.072002,inter_set_rest,4,5.0,51353.0,46983.0,81742.0,115703.0,47099.0,57316.0,35726.0,63314.0,31674.0,20250.0
2026-05-06 16:11:36.047507,651641,1609506159499944,3759412500,0.265472,0.513376,0.837408,35.53375,-7.56875,-21.2975,-47.584003,-19.784,-48.696003,inter_set_rest,4,5.0,51353.0,46983.0,81742.0,115703.0,47099.0,57316.0,35726.0,63314.0,31674.0,20250.0
2026-05-06 16:11:36.058780,651642,1609506159508859,3759421221,0.265472,0.513376,0.837408,45.0625,-15.42625,-19.6,-47.584003,-19.784,-48.696003,inter_set_rest,4,5.0,51353.0,46983.0,81742.0,115703.0,47099.0,57316.0,35726.0,63314.0,31674.0,20250.0
2026-05-06 16:11:36.115207,651653,1609506159523607,3759436233,0.329888,0.560224,0.911584,61.355,-25.01625,-15.995,-47.616,-19.048,-50.128002,inter_set_rest,4,5.0,53065.0,48043.0,81658.0,113611.0,48745.0,58527.0,35932.0,62524.0,32093.0,20615.0
2026-05-06 16:11:36.117724,651654,1609506159532654,3759444952,0.329888,0.560224,0.911584,79.6075,-38.115,-13.9825,-47.616,-19.048,-50.128002,inter_set_rest,4,5.0,53065.0,48043.0,81658.0,113611.0,48745.0,58527.0,35932.0,62524.0,32093.0,20615.0
2026-05-06 16:11:36.120050,651655,1609506159541624,3759453655,0.372832,0.691008,0.944768,97.90375,-51.28375,-14.13125,-48.104004,-19.472,-51.840004,inter_set_rest,4,5.0,53065.0,48043.0,81658.0,113611.0,48745.0,58527.0,35932.0,62524.0,32093.0,20615.0
2026-05-06 16:11:36.122716,651656,1609506159556125,3759468849,0.372832,0.691008,0.944768,115.00125,-63.07,-12.80125,-48.104004,-19.472,-51.840004,inter_set_rest,4,5.0,53065.0,48043.0,81658.0,113611.0,48745.0,58527.0,35932.0,62524.0,32093.0,20615.0
2026-05-06 16:11:36.125151,651657,1609506159565190,3759477550,0.470432,0.866688,0.84912,131.46875,-75.62625,-6.29125,-48.416004,-21.480001,-51.888004,inter_set_rest,4,5.0,53065.0,48043.0,81658.0,113611.0,48745.0,58527.0,35932.0,62524.0,32093.0,20615.0
2026-05-06 16:11:36.127714,651658,1609506159579673,3759490583,0.470432,0.866688,0.630496,143.9375,-85.91625,7.51625,-48.416004,-21.480001,-51.888004,inter_set_rest,4,5.0,53065.0,48043.0,81658.0,113611.0,48745.0,58527.0,35932.0,62524.0,32093.0,20615.0
2026-05-06 16:11:36.138994,651659,1609506159589054,3759501381,0.491904,1.106784,0.632448,144.655,-93.0125,25.20875,-48.992,-20.664001,-54.216003,inter_set_rest,4,5.0,53065.0,48043.0,81658.0,113611.0,48745.0,58527.0,35932.0,62524.0,32093.0,20615.0
2026-05-06 16:11:36.148918,651660,1609506159598017,3759510150,0.491904,1.106784,0.632448,132.51875,-98.06125,45.6925,-48.992,-20.664001,-54.216003,inter_set_rest,4,5.0,53065.0,48043.0,81658.0,113611.0,48745.0,58527.0,35932.0,62524.0,32093.0,20615.0
2026-05-06 16:11:36.192674,651671,1609506159612527,3759525337,0.581696,1.421056,0.347456,107.2225,-101.59625,66.87625,-48.568,-17.728,-57.208004,inter_set_rest,4,5.0,58739.0,52276.0,85319.0,118530.0,53781.0,62943.0,37768.0,65229.0,34904.0,22567.0
2026-05-06 16:11:36.197658,651672,1609506159621589,3759534067,0.80032,1.448384,0.240096,69.20375,-100.44125,84.88375,-49.448,-15.960001,-58.208004,inter_set_rest,4,5.0,58739.0,52276.0,85319.0,118530.0,53781.0,62943.0,37768.0,65229.0,34904.0,22567.0
2026-05-06 16:11:36.200181,651673,1609506159636169,3759547024,0.80032,1.448384,0.240096,18.0425,-93.1,95.725,-49.448,-15.960001,-58.208004,inter_set_rest,4,5.0,58739.0,52276.0,85319.0,118530.0,53781.0,62943.0,37768.0,65229.0,34904.0,22567.0
2026-05-06 16:11:36.202701,651674,1609506159645455,3759557793,0.749568,1.202432,0.10736,-50.91625,-77.7525,94.605,-49.208004,-14.208001,-58.672,inter_set_rest,4,5.0,58739.0,52276.0,85319.0,118530.0,53781.0,62943.0,37768.0,65229.0,34904.0,22567.0
2026-05-06 16:11:36.206447,651675,1609506159659993,3759570762,0.749568,1.202432,0.10736,-121.8525,-59.78,92.058754,-49.208004,-14.208001,-58.672,inter_set_rest,4,5.0,58739.0,52276.0,85319.0,118530.0,53781.0,62943.0,37768.0,65229.0,34904.0,22567.0
2026-05-06 16:11:36.220179,651676,1609506159669207,3759581549,0.71248,0.901824,0.06832,-177.1525,-48.15125,96.075,-49.056004,-12.256001,-58.912003,inter_set_rest,4,5.0,58739.0,52276.0,85319.0,118530.0,53781.0,62943.0,37768.0,65229.0,34904.0,22567.0
2026-05-06 16:11:36.226431,651677,1609506159678106,3759590289,0.71248,0.901824,0.06832,-220.26375,-32.375,95.29625,-49.056004,-12.256001,-58.912003,inter_set_rest,4,5.0,58739.0,52276.0,85319.0,118530.0,53781.0,62943.0,37768.0,65229.0,34904.0,22567.0
2026-05-06 16:11:36.261279,651678,1609506159692631,3759605222,0.67344,0.650016,0.080032,-250.81,-20.04625,91.0875,-49.088,-10.616,-59.272003,inter_set_rest,4,5.0,58739.0,52276.0,85319.0,118530.0,53781.0,62943.0,37768.0,65229.0,34904.0,22567.0
2026-05-06 16:11:36.286375,651679,1609506159701714,3759613954,0.583648,0.476288,0.210816,-265.65875,-15.11125,84.63,-48.944004,-9.008,-59.528004,inter_set_rest,4,5.0,58739.0,52276.0,85319.0,118530.0,53781.0,62943.0,37768.0,65229.0,34904.0,22567.0
2026-05-06 16:11:36.351306,651690,1609506159716347,3759628929,0.583648,0.476288,0.210816,-261.48502,-11.85625,79.03875,-48.944004,-9.008,-59.528004,inter_set_rest,4,5.0,58748.0,54105.0,85041.0,124430.0,54598.0,65012.0,37168.0,68452.0,35935.0,23254.0
2026-05-06 16:11:36.353857,651691,1609506159725335,3759637626,0.51728,0.327936,0.288896,-250.17125,-8.47875,73.10625,-48.600002,-9.624001,-58.904003,inter_set_rest,4,5.0,58748.0,54105.0,85041.0,124430.0,54598.0,65012.0,37168.0,68452.0,35935.0,23254.0
2026-05-06 16:11:36.358792,651692,1609506159734251,3759646528,0.51728,0.327936,0.288896,-240.59875,-7.6825,64.33875,-48.600002,-9.624001,-58.904003,inter_set_rest,4,5.0,58748.0,54105.0,85041.0,124430.0,54598.0,65012.0,37168.0,68452.0,35935.0,23254.0
2026-05-06 16:11:36.361285,651693,1609506159748762,3759661440,0.5856,0.265472,0.281088,-224.67375,-7.86625,56.201252,-48.512,-6.84,-60.216003,inter_set_rest,4,5.0,58748.0,54105.0,85041.0,124430.0,54598.0,65012.0,37168.0,68452.0,35935.0,23254.0
2026-05-06 16:11:36.363835,651694,1609506159757666,3759670283,0.5856,0.265472,0.281088,-200.3925,-7.49875,53.13,-48.512,-6.84,-60.216003,inter_set_rest,4,5.0,58748.0,54105.0,85041.0,124430.0,54598.0,65012.0,37168.0,68452.0,35935.0,23254.0
2026-05-06 16:11:36.366164,651695,1609506159772242,3759683174,0.6344,0.286944,0.365024,-181.79875,-10.29,49.805,-48.016003,-6.048,-60.656002,inter_set_rest,4,5.0,58748.0,54105.0,85041.0,124430.0,54598.0,65012.0,37168.0,68452.0,35935.0,23254.0
2026-05-06 16:11:36.368871,651696,1609506159781620,3759693938,0.6344,0.349408,0.386496,-170.31,-6.41375,46.138752,-48.016003,-6.048,-60.656002,inter_set_rest,4,5.0,58748.0,54105.0,85041.0,124430.0,54598.0,65012.0,37168.0,68452.0,35935.0,23254.0
2026-05-06 16:11:36.371367,651697,1609506159790688,3759702699,0.64416,0.349408,0.386496,-164.07124,0.42,45.56125,-48.024002,-4.792,-61.392002,inter_set_rest,4,5.0,58748.0,54105.0,85041.0,124430.0,54598.0,65012.0,37168.0,68452.0,35935.0,23254.0
2026-05-06 16:11:36.376382,651698,1609506159805377,3759717665,0.523136,0.259616,0.40016,-162.8375,8.995,39.5675,-47.800003,-4.392,-61.392002,inter_set_rest,4,5.0,58748.0,54105.0,85041.0,124430.0,54598.0,65012.0,37168.0,68452.0,35935.0,23254.0
2026-05-06 16:11:36.408940,651709,1609506159814347,3759726562,0.523136,0.259616,0.40016,-159.215,17.1675,25.0775,-47.800003,-4.392,-61.392002,inter_set_rest,4,5.0,49913.0,50292.0,84505.0,120110.0,45511.0,60326.0,36897.0,66362.0,30086.0,21179.0
2026-05-06 16:11:36.411410,651710,1609506159828986,3759741558,0.366976,0.0976,0.454816,-152.2675,24.15875,8.365,-47.36,-4.624,-60.792004,inter_set_rest,4,5.0,49913.0,50292.0,84505.0,120110.0,45511.0,60326.0,36897.0,66362.0,30086.0,21179.0
2026-05-06 16:11:36.413943,651711,1609506159838128,3759750423,0.366976,0.0976,0.454816,-136.21126,27.69375,-2.17,-47.36,-4.624,-60.792004,inter_set_rest,4,5.0,49913.0,50292.0,84505.0,120110.0,45511.0,60326.0,36897.0,66362.0,30086.0,21179.0
2026-05-06 16:11:36.416407,651712,1609506159847130,3759759218,0.368928,0.07808,0.657824,-112.86625,29.3475,-2.58125,-47.712,-4.592,-60.584003,inter_set_rest,4,5.0,49913.0,50292.0,84505.0,120110.0,45511.0,60326.0,36897.0,66362.0,30086.0,21179.0
2026-05-06 16:11:36.420456,651713,1609506159861850,3759774136,0.368928,0.07808,0.657824,-90.13375,31.64,2.555,-47.712,-4.592,-60.584003,inter_set_rest,4,5.0,49913.0,50292.0,84505.0,120110.0,45511.0,60326.0,36897.0,66362.0,30086.0,21179.0
2026-05-06 16:11:36.421203,651714,1609506159870930,3759782921,0.277184,0.105408,0.718336,-64.12,30.84375,4.865,-47.52,-4.024,-60.600002,inter_set_rest,4,5.0,49913.0,50292.0,84505.0,120110.0,45511.0,60326.0,36897.0,66362.0,30086.0,21179.0
2026-05-06 16:11:36.434929,651715,1609506159885459,3759797873,0.187392,0.128832,0.72224,-44.93125,29.575,0.93625,-47.640003,-3.912,-59.112003,inter_set_rest,4,5.0,49913.0,50292.0,84505.0,120110.0,45511.0,60326.0,36897.0,66362.0,30086.0,21179.0
2026-05-06 16:11:36.443668,651716,1609506159894361,3759806723,0.187392,0.128832,0.72224,-25.75125,29.58375,-3.68375,-47.640003,-3.912,-59.112003,inter_set_rest,4,5.0,49913.0,50292.0,84505.0,120110.0,45511.0,60326.0,36897.0,66362.0,30086.0,21179.0
2026-05-06 16:11:36.457556,651717,1609506159908836,3759819597,0.247904,0.193248,0.675392,-6.3525,30.598751,-5.88875,-47.480003,-5.688,-58.808002,inter_set_rest,4,5.0,49913.0,50292.0,84505.0,120110.0,45511.0,60326.0,36897.0,66362.0,30086.0,21179.0
2026-05-06 16:11:36.488914,651728,1609506159918517,3759830593,0.247904,0.193248,0.675392,6.3,34.2125,-3.2725,-47.480003,-5.688,-58.808002,inter_set_rest,4,5.0,43313.0,48158.0,82060.0,114629.0,39065.0,57891.0,35904.0,63283.0,26010.0,20076.0
2026-05-06 16:11:36.491359,651729,1609506159927666,3759839507,0.247904,0.222528,0.708576,10.6225,38.99,-1.18125,-47.368004,-6.056,-58.368004,inter_set_rest,4,5.0,43313.0,48158.0,82060.0,114629.0,39065.0,57891.0,35904.0,63283.0,26010.0,20076.0
2026-05-06 16:11:36.493948,651730,1609506159942402,3759854434,0.247904,0.222528,0.69296,10.54375,43.4875,-4.38375,-47.368004,-6.056,-58.368004,inter_set_rest,4,5.0,43313.0,48158.0,82060.0,114629.0,39065.0,57891.0,35904.0,63283.0,26010.0,20076.0
2026-05-06 16:11:36.500196,651731,1609506159951522,3759863170,0.150304,0.17568,0.698816,11.1825,47.18,-9.87875,-47.896004,-5.584,-58.616,inter_set_rest,4,5.0,43313.0,48158.0,82060.0,114629.0,39065.0,57891.0,35904.0,63283.0,26010.0,20076.0
2026-05-06 16:11:36.508973,651732,1609506159960613,3759871969,0.150304,0.17568,0.698816,11.96125,49.84,-13.15125,-47.896004,-5.584,-58.616,inter_set_rest,4,5.0,43313.0,48158.0,82060.0,114629.0,39065.0,57891.0,35904.0,63283.0,26010.0,20076.0
2026-05-06 16:11:36.531294,651733,1609506159975100,3759886887,0.06832,0.179584,0.76128,10.395,51.21375,-14.21,-47.448,-5.008,-56.568,inter_set_rest,4,5.0,43313.0,48158.0,82060.0,114629.0,39065.0,57891.0,35904.0,63283.0,26010.0,20076.0
2026-05-06 16:11:36.533764,651734,1609506159984015,3759895607,0.001952,0.179584,0.886208,10.22,50.435,-16.9925,-47.960003,-4.488,-58.832005,inter_set_rest,4,5.0,43313.0,48158.0,82060.0,114629.0,39065.0,57891.0,35904.0,63283.0,26010.0,20076.0
2026-05-06 16:11:36.548782,651735,1609506159998611,3759910589,0.001952,0.179584,0.886208,13.97375,48.0025,-19.4425,-47.960003,-4.488,-58.832005,inter_set_rest,4,5.0,43313.0,48158.0,82060.0,114629.0,39065.0,57891.0,35904.0,63283.0,26010.0,20076.0
2026-05-06 16:11:36.557499,651736,1609506160007535,3759919310,0.033184,0.138592,0.8784,21.79625,45.045002,-19.4075,-47.632004,-5.312,-56.304,inter_set_rest,4,5.0,43313.0,48158.0,82060.0,114629.0,39065.0,57891.0,35904.0,63283.0,26010.0,20076.0
2026-05-06 16:11:36.591425,651747,1609506160022214,3759934385,0.033184,0.138592,0.8784,30.24875,42.1925,-17.21125,-47.632004,-5.312,-56.304,inter_set_rest,4,5.0,41913.0,47750.0,81436.0,113365.0,37599.0,57324.0,35718.0,62613.0,25024.0,19765.0
2026-05-06 16:11:36.593926,651748,1609506160031273,3759943180,0.021472,0.162016,0.894016,38.00125,38.85,-15.00625,-47.88,-8.376,-56.592003,inter_set_rest,4,5.0,41913.0,47750.0,81436.0,113365.0,37599.0,57324.0,35718.0,62613.0,25024.0,19765.0
2026-05-06 16:11:36.596360,651749,1609506160040341,3759951894,0.021472,0.162016,0.894016,43.16375,34.79875,-12.495,-47.88,-8.376,-56.592003,inter_set_rest,4,5.0,41913.0,47750.0,81436.0,113365.0,37599.0,57324.0,35718.0,62613.0,25024.0,19765.0
2026-05-06 16:11:36.602710,651750,1609506160054891,3759966974,0.06832,0.206912,0.964288,45.21125,29.96875,-10.22875,-47.512,-6.792,-54.296,inter_set_rest,4,5.0,41913.0,47750.0,81436.0,113365.0,37599.0,57324.0,35718.0,62613.0,25024.0,19765.0
2026-05-06 16:11:36.627528,651751,1609506160063825,3759975706,0.083936,0.189344,0.940864,40.670002,25.96125,-7.48125,-47.512,-6.792,-57.72,inter_set_rest,4,5.0,41913.0,47750.0,81436.0,113365.0,37599.0,57324.0,35718.0,62613.0,25024.0,19765.0
2026-05-06 16:11:36.652600,651752,1609506160078257,3759990681,0.089792,0.189344,0.940864,32.34,22.42625,-4.83,-47.632004,-5.152,-57.72,inter_set_rest,4,5.0,41913.0,47750.0,81436.0,113365.0,37599.0,57324.0,35718.0,62613.0,25024.0,19765.0
2026-05-06 16:11:36.671437,651753,1609506160087284,3759999415,0.206912,0.103456,0.964288,25.9525,18.5325,-4.165,-47.648003,-4.92,-55.04,inter_set_rest,4,5.0,41913.0,47750.0,81436.0,113365.0,37599.0,57324.0,35718.0,62613.0,25024.0,19765.0
2026-05-06 16:11:36.673914,651754,1609506160096212,3760008127,0.206912,0.103456,0.964288,21.63,14.1925,-2.73,-47.648003,-4.92,-55.04,inter_set_rest,4,5.0,41913.0,47750.0,81436.0,113365.0,37599.0,57324.0,35718.0,62613.0,25024.0,19765.0
2026-05-06 16:11:36.676408,651755,1609506160110730,3760023192,0.247904,0.134688,0.974048,19.39875,8.9075,-2.21375,-47.928,-5.04,-54.968002,inter_set_rest,4,5.0,41913.0,47750.0,81436.0,113365.0,37599.0,57324.0,35718.0,62613.0,25024.0,19765.0
2026-05-06 16:11:36.738849,651766,1609506160119741,3760032606,0.247904,0.134688,0.974048,18.7075,2.73875,-2.205,-47.928,-5.04,-54.968002,inter_set_rest,4,5.0,40850.0,47235.0,80826.0,111385.0,36578.0,56719.0,35460.0,61476.0,24373.0,19506.0
2026-05-06 16:11:36.741347,651767,1609506160134392,3760045500,0.28304,0.162016,0.901824,18.55,-1.82875,-3.05375,-47.672,-5.632,-54.912003,inter_set_rest,4,5.0,40850.0,47235.0,80826.0,111385.0,36578.0,56719.0,35460.0,61476.0,24373.0,19506.0
2026-05-06 16:11:36.743925,651768,1609506160143838,3760056356,0.28304,0.162016,0.901824,20.64125,-5.73125,-5.285,-47.672,-5.632,-54.912003,inter_set_rest,4,5.0,40850.0,47235.0,80826.0,111385.0,36578.0,56719.0,35460.0,61476.0,24373.0,19506.0
2026-05-06 16:11:36.746368,651769,1609506160152771,3760065061,0.329888,0.1952,0.874496,22.715,-8.65375,-5.145,-47.72,-5.24,-54.920002,inter_set_rest,4,5.0,40850.0,47235.0,80826.0,111385.0,36578.0,56719.0,35460.0,61476.0,24373.0,19506.0
2026-05-06 16:11:36.748754,651770,1609506160167260,3760080028,0.308416,0.251808,0.911584,23.5375,-10.87625,-4.99625,-47.704002,-5.288,-55.056004,inter_set_rest,4,5.0,40850.0,47235.0,80826.0,111385.0,36578.0,56719.0,35460.0,61476.0,24373.0,19506.0
2026-05-06 16:11:36.751421,651771,1609506160176224,3760088772,0.308416,0.251808,0.911584,24.045,-13.37875,-5.69625,-47.704002,-5.288,-55.056004,inter_set_rest,4,5.0,40850.0,47235.0,80826.0,111385.0,36578.0,56719.0,35460.0,61476.0,24373.0,19506.0
2026-05-06 16:11:36.753934,651772,1609506160190824,3760101679,0.337696,0.259616,0.851072,23.9225,-16.40625,-7.07,-47.928,-5.264,-55.304,inter_set_rest,4,5.0,40850.0,47235.0,80826.0,111385.0,36578.0,56719.0,35460.0,61476.0,24373.0,19506.0
2026-05-06 16:11:36.756330,651773,1609506160200246,3760112515,0.337696,0.259616,0.851072,24.1325,-18.66375,-8.5225,-47.928,-5.264,-55.304,inter_set_rest,4,5.0,40850.0,47235.0,80826.0,111385.0,36578.0,56719.0,35460.0,61476.0,24373.0,19506.0
2026-05-06 16:11:36.765207,651774,1609506160214786,3760127443,0.347456,0.255712,0.759328,25.1825,-19.62625,-9.948751,-47.896004,-5.576,-54.432003,inter_set_rest,4,5.0,40850.0,47235.0,80826.0,111385.0,36578.0,56719.0,35460.0,61476.0,24373.0,19506.0
2026-05-06 16:11:36.795503,651785,1609506160223852,3760136202,0.347456,0.255712,0.759328,28.411251,-19.43375,-10.99875,-47.896004,-5.576,-54.432003,inter_set_rest,4,5.0,39581.0,45980.0,79734.0,107607.0,35322.0,55333.0,34932.0,59267.0,23536.0,18918.0
2026-05-06 16:11:36.795859,651786,1609506160232960,3760145160,0.33184,0.335744,0.763232,30.345,-18.445,-11.33125,-48.232002,-7.168,-55.992004,inter_set_rest,4,5.0,39581.0,45980.0,79734.0,107607.0,35322.0,55333.0,34932.0,59267.0,23536.0,18918.0
2026-05-06 16:11:36.797492,651787,1609506160247490,3760160184,0.36112,0.382592,0.794464,30.72125,-18.62,-10.85875,-47.976,-7.672,-54.760002,inter_set_rest,4,5.0,39581.0,45980.0,79734.0,107607.0,35322.0,55333.0,34932.0,59267.0,23536.0,18918.0
2026-05-06 16:11:36.806882,651788,1609506160256442,3760168969,0.36112,0.382592,0.794464,28.62125,-18.71625,-11.3925,-47.976,-7.672,-54.760002,inter_set_rest,4,5.0,39581.0,45980.0,79734.0,107607.0,35322.0,55333.0,34932.0,59267.0,23536.0,18918.0
2026-05-06 16:11:36.817545,651789,1609506160270956,3760181870,0.425536,0.355264,0.708576,26.62625,-19.075,-11.83,-48.392002,-7.752,-55.464005,inter_set_rest,4,5.0,39581.0,45980.0,79734.0,107607.0,35322.0,55333.0,34932.0,59267.0,23536.0,18918.0
2026-05-06 16:11:36.831292,651790,1609506160280339,3760192646,0.425536,0.355264,0.708576,24.6575,-18.68125,-11.8825,-48.392002,-7.752,-55.464005,inter_set_rest,4,5.0,39581.0,45980.0,79734.0,107607.0,35322.0,55333.0,34932.0,59267.0,23536.0,18918.0
2026-05-06 16:11:36.840136,651791,1609506160289272,3760201375,0.474336,0.3904,0.708576,26.18,-16.35375,-10.6925,-48.416004,-6.304,-55.336002,inter_set_rest,4,5.0,39581.0,45980.0,79734.0,107607.0,35322.0,55333.0,34932.0,59267.0,23536.0,18918.0
2026-05-06 16:11:36.853984,651792,1609506160303916,3760216312,0.474336,0.3904,0.708576,27.85125,-12.78375,-7.6475,-48.416004,-6.304,-55.336002,inter_set_rest,4,5.0,39581.0,45980.0,79734.0,107607.0,35322.0,55333.0,34932.0,59267.0,23536.0,18918.0
2026-05-06 16:11:36.862591,651793,1609506160312915,3760225130,0.402112,0.413824,0.698816,28.69125,-9.38875,-6.9125,-48.664,-7.84,-54.208004,inter_set_rest,4,5.0,39581.0,45980.0,79734.0,107607.0,35322.0,55333.0,34932.0,59267.0,23536.0,18918.0
2026-05-06 16:11:36.889964,651804,1609506160327636,3760240206,0.435296,0.411872,0.724192,27.536251,-6.685,-7.83125,-48.712,-6.736001,-56.384003,inter_set_rest,4,5.0,39304.0,45544.0,79244.0,105969.0,34985.0,54813.0,34743.0,58260.0,23304.0,18729.0
2026-05-06 16:11:36.892385,651805,1609506160336566,3760248894,0.435296,0.411872,0.724192,26.55625,-5.04875,-8.9425,-48.712,-6.736001,-56.384003,inter_set_rest,4,5.0,39304.0,45544.0,79244.0,105969.0,34985.0,54813.0,34743.0,58260.0,23304.0,18729.0
2026-05-06 16:11:36.897446,651806,1609506160345582,3760257614,0.435296,0.411872,0.786656,27.71125,-4.83875,-10.01875,-48.712,-6.736001,-56.384003,inter_set_rest,4,5.0,39304.0,45544.0,79244.0,105969.0,34985.0,54813.0,34743.0,58260.0,23304.0,18729.0
2026-05-06 16:11:36.908789,651807,1609506160360077,3760272549,0.47824,0.486048,0.79056,29.741251,-4.99625,-8.3475,-48.488003,-6.488,-56.552002,inter_set_rest,4,5.0,39304.0,45544.0,79244.0,105969.0,34985.0,54813.0,34743.0,58260.0,23304.0,18729.0
2026-05-06 16:11:36.917461,651808,1609506160369003,3760281279,0.638304,0.495808,0.851072,29.5575,-4.1125,-4.4275,-48.832,-6.352,-56.328003,inter_set_rest,4,5.0,39304.0,45544.0,79244.0,105969.0,34985.0,54813.0,34743.0,58260.0,23304.0,18729.0
2026-05-06 16:11:36.933790,651809,1609506160383557,3760296208,0.638304,0.495808,0.851072,24.1325,-0.1925,-0.84,-48.832,-6.352,-56.328003,inter_set_rest,4,5.0,39304.0,45544.0,79244.0,105969.0,34985.0,54813.0,34743.0,58260.0,23304.0,18729.0
2026-05-06 16:11:36.940152,651810,1609506160392673,3760304974,0.628544,0.40016,0.886208,15.23375,6.16,2.84375,-48.616,-6.176,-55.952003,inter_set_rest,4,5.0,39304.0,45544.0,79244.0,105969.0,34985.0,54813.0,34743.0,58260.0,23304.0,18729.0
2026-05-06 16:11:36.953918,651811,1609506160407145,3760317923,0.255712,0.38064,0.812032,9.42375,10.28125,4.34,-48.664,-6.016,-56.616,inter_set_rest,4,5.0,39304.0,45544.0,79244.0,105969.0,34985.0,54813.0,34743.0,58260.0,23304.0,18729.0
2026-05-06 16:11:36.967662,651812,1609506160416364,3760328724,0.255712,0.38064,0.812032,10.386251,9.8175,3.9375,-48.664,-6.016,-56.616,inter_set_rest,4,5.0,39304.0,45544.0,79244.0,105969.0,34985.0,54813.0,34743.0,58260.0,23304.0,18729.0
2026-05-06 16:11:37.050121,651823,1609506160425390,3760337496,0.255712,0.38064,0.812032,14.5775,6.32625,7.46375,-48.664,-6.016,-56.616,inter_set_rest,4,5.0,38720.0,44916.0,78526.0,104466.0,34448.0,54205.0,34493.0,57366.0,22990.0,18501.0
2026-05-06 16:11:37.052675,651824,1609506160439892,3760352459,0.290848,0.413824,0.8296,17.2025,3.75375,14.77,-48.824,-7.592001,-55.960003,inter_set_rest,4,5.0,38720.0,44916.0,78526.0,104466.0,34448.0,54205.0,34493.0,57366.0,22990.0,18501.0
2026-05-06 16:11:37.055140,651825,1609506160448819,3760361167,0.359168,0.396256,0.860832,17.9025,1.96,18.76,-48.672,-5.288,-55.840004,inter_set_rest,4,5.0,38720.0,44916.0,78526.0,104466.0,34448.0,54205.0,34493.0,57366.0,22990.0,18501.0
2026-05-06 16:11:37.057528,651826,1609506160463351,3760376097,0.359168,0.396256,0.860832,14.84,2.135,18.54125,-48.672,-5.288,-55.840004,inter_set_rest,4,5.0,38720.0,44916.0,78526.0,104466.0,34448.0,54205.0,34493.0,57366.0,22990.0,18501.0
2026-05-06 16:11:37.060174,651827,1609506160472331,3760384828,0.402112,0.359168,0.841312,11.15625,3.85875,17.43,-48.344,-5.368,-55.472004,inter_set_rest,4,5.0,38720.0,44916.0,78526.0,104466.0,34448.0,54205.0,34493.0,57366.0,22990.0,18501.0
2026-05-06 16:11:37.062656,651828,1609506160481294,3760393541,0.402112,0.359168,0.841312,5.17125,6.3875,16.44125,-48.344,-5.368,-55.472004,inter_set_rest,4,5.0,38720.0,44916.0,78526.0,104466.0,34448.0,54205.0,34493.0,57366.0,22990.0,18501.0
2026-05-06 16:11:37.065209,651829,1609506160495862,3760408450,0.37088,0.35136,0.812032,-2.1175,8.00625,15.72375,-48.704002,-4.832,-55.544003,inter_set_rest,4,5.0,38720.0,44916.0,78526.0,104466.0,34448.0,54205.0,34493.0,57366.0,22990.0,18501.0
2026-05-06 16:11:37.067668,651830,1609506160504919,3760417180,0.37088,0.35136,0.812032,-6.9125,8.435,13.79875,-48.704002,-4.832,-55.544003,inter_set_rest,4,5.0,38720.0,44916.0,78526.0,104466.0,34448.0,54205.0,34493.0,57366.0,22990.0,18501.0
2026-05-06 16:11:37.102635,651841,1609506160519857,3760432591,0.382592,0.333792,0.774944,-8.35625,7.665,11.515,-48.800003,-7.856,-52.336002,inter_set_rest,4,5.0,38099.0,44512.0,78338.0,103406.0,33830.0,53737.0,34413.0,56702.0,22616.0,18295.0
2026-05-06 16:11:37.105050,651842,1609506160528925,3760441434,0.42944,0.320128,0.786656,-6.6325,6.6675,6.79,-48.808002,-6.088,-52.600002,inter_set_rest,4,5.0,38099.0,44512.0,78338.0,103406.0,33830.0,53737.0,34413.0,56702.0,22616.0,18295.0
2026-05-06 16:11:37.107634,651843,1609506160537948,3760450218,0.42944,0.320128,0.786656,-1.33,5.20625,2.84375,-48.808002,-6.088,-52.600002,inter_set_rest,4,5.0,38099.0,44512.0,78338.0,103406.0,33830.0,53737.0,34413.0,56702.0,22616.0,18295.0
2026-05-06 16:11:37.110171,651844,1609506160552490,3760465139,0.388448,0.363072,0.788608,3.33375,4.05125,0.35875,-48.888,-5.312,-54.224003,inter_set_rest,4,5.0,38099.0,44512.0,78338.0,103406.0,33830.0,53737.0,34413.0,56702.0,22616.0,18295.0
2026-05-06 16:11:37.112654,651845,1609506160561447,3760473918,0.388448,0.363072,0.788608,5.25,3.42125,-0.9275,-48.888,-5.312,-54.224003,inter_set_rest,4,5.0,38099.0,44512.0,78338.0,103406.0,33830.0,53737.0,34413.0,56702.0,22616.0,18295.0
2026-05-06 16:11:37.126443,651846,1609506160575959,3760486809,0.365024,0.378688,0.870592,3.9725,2.87875,-1.96,-48.632004,-6.352,-55.072002,inter_set_rest,4,5.0,38099.0,44512.0,78338.0,103406.0,33830.0,53737.0,34413.0,56702.0,22616.0,18295.0
2026-05-06 16:11:37.136442,651847,1609506160585222,3760497602,0.365024,0.378688,0.870592,2.59,1.785,-2.4325,-48.632004,-6.352,-55.072002,inter_set_rest,4,5.0,38099.0,44512.0,78338.0,103406.0,33830.0,53737.0,34413.0,56702.0,22616.0,18295.0
2026-05-06 16:11:37.150070,651848,1609506160599763,3760512507,0.40992,0.3904,0.759328,1.2425,0.97125,-2.40625,-48.624,-4.672,-55.264004,inter_set_rest,4,5.0,38099.0,44512.0,78338.0,103406.0,33830.0,53737.0,34413.0,56702.0,22616.0,18295.0
2026-05-06 16:11:37.158733,651849,1609506160608718,3760521382,0.42944,0.407968,0.778848,0.2975,1.07625,-3.395,-48.376003,-3.944,-54.56,inter_set_rest,4,5.0,38099.0,44512.0,78338.0,103406.0,33830.0,53737.0,34413.0,56702.0,22616.0,18295.0
2026-05-06 16:11:37.168564,651850,1609506160617643,3760530207,0.42944,0.407968,0.778848,0.58625,1.645,-5.45125,-48.376003,-3.944,-54.56,inter_set_rest,4,5.0,38099.0,44512.0,78338.0,103406.0,33830.0,53737.0,34413.0,56702.0,22616.0,18295.0
2026-05-06 16:11:37.194969,651861,1609506160632406,3760543217,0.40016,0.435296,0.802272,0.84,2.28375,-6.5275,-48.248,-4.392,-54.728004,inter_set_rest,4,5.0,37458.0,43790.0,77938.0,102315.0,33139.0,52979.0,34259.0,56066.0,22240.0,18012.0
2026-05-06 16:11:37.197430,651862,1609506160641733,3760554011,0.40016,0.435296,0.802272,-0.0875,2.86125,-6.9475,-48.248,-4.392,-54.728004,inter_set_rest,4,5.0,37458.0,43790.0,77938.0,102315.0,33139.0,52979.0,34259.0,56066.0,22240.0,18012.0
2026-05-06 16:11:37.206345,651863,1609506160656224,3760568942,0.406016,0.386496,0.769088,-2.5025,3.605,-6.25625,-48.496002,-4.216,-54.904003,inter_set_rest,4,5.0,37458.0,43790.0,77938.0,102315.0,33139.0,52979.0,34259.0,56066.0,22240.0,18012.0
2026-05-06 16:11:37.215147,651864,1609506160665147,3760577727,0.406016,0.386496,0.769088,-2.17875,4.01625,-4.6375,-48.496002,-4.216,-54.904003,inter_set_rest,4,5.0,37458.0,43790.0,77938.0,102315.0,33139.0,52979.0,34259.0,56066.0,22240.0,18012.0
2026-05-06 16:11:37.223933,651865,1609506160674116,3760586459,0.456768,0.411872,0.724192,-0.455,3.885,-2.98375,-48.512,-4.808,-55.120003,inter_set_rest,4,5.0,37458.0,43790.0,77938.0,102315.0,33139.0,52979.0,34259.0,56066.0,22240.0,18012.0
2026-05-06 16:11:37.237653,651866,1609506160688624,3760599376,0.45872,0.396256,0.735904,-0.0875,5.11875,-1.70625,-48.512,-4.808,-55.432003,inter_set_rest,4,5.0,37458.0,43790.0,77938.0,102315.0,33139.0,52979.0,34259.0,56066.0,22240.0,18012.0
2026-05-06 16:11:37.247691,651867,1609506160697779,3760610163,0.45872,0.396256,0.735904,-2.54625,7.5425,-1.05,-48.616,-4.152,-55.432003,inter_set_rest,4,5.0,37458.0,43790.0,77938.0,102315.0,33139.0,52979.0,34259.0,56066.0,22240.0,18012.0
2026-05-06 16:11:37.262436,651868,1609506160712448,3760625144,0.437248,0.376736,0.788608,-5.3375,10.26375,-0.63875,-48.608,-4.352,-53.248,inter_set_rest,4,5.0,37458.0,43790.0,77938.0,102315.0,33139.0,52979.0,34259.0,56066.0,22240.0,18012.0
2026-05-06 16:11:37.294869,651879,1609506160721981,3760634028,0.437248,0.376736,0.788608,-6.06375,11.40125,-0.44625,-48.608,-4.352,-53.248,inter_set_rest,4,5.0,36871.0,43050.0,76946.0,100849.0,32569.0,52183.0,33748.0,55296.0,21876.0,17671.0
2026-05-06 16:11:37.297256,651880,1609506160730979,3760642862,0.415776,0.441152,0.827648,-4.57625,10.6575,-0.1225,-48.656002,-5.728,-53.648003,inter_set_rest,4,5.0,36871.0,43050.0,76946.0,100849.0,32569.0,52183.0,33748.0,55296.0,21876.0,17671.0
2026-05-06 16:11:37.299706,651881,1609506160745544,3760657800,0.415776,0.441152,0.827648,-4.12125,8.8725,0.2275,-48.656002,-5.728,-53.648003,inter_set_rest,4,5.0,36871.0,43050.0,76946.0,100849.0,32569.0,52183.0,33748.0,55296.0,21876.0,17671.0
2026-05-06 16:11:37.302420,651882,1609506160754490,3760666552,0.406016,0.450912,0.81984,-5.4425,7.20125,2.09125,-48.640003,-6.176,-53.496002,inter_set_rest,4,5.0,36871.0,43050.0,76946.0,100849.0,32569.0,52183.0,33748.0,55296.0,21876.0,17671.0
2026-05-06 16:11:37.336377,651883,1609506160768988,3760681549,0.406016,0.374784,0.821792,-7.9625,5.81875,3.3075,-48.640003,-6.176,-53.496002,inter_set_rest,4,5.0,36871.0,43050.0,76946.0,100849.0,32569.0,52183.0,33748.0,55296.0,21876.0,17671.0
2026-05-06 16:11:37.368730,651884,1609506160777908,3760690315,0.415776,0.374784,0.821792,-8.91625,4.41,4.13,-48.312004,-3.976,-52.160004,inter_set_rest,4,5.0,36871.0,43050.0,76946.0,100849.0,32569.0,52183.0,33748.0,55296.0,21876.0,17671.0
2026-05-06 16:11:37.393784,651885,1609506160786820,3760699000,0.415776,0.374784,0.821792,-5.24125,2.91375,4.83,-48.312004,-3.976,-52.160004,inter_set_rest,4,5.0,36871.0,43050.0,76946.0,100849.0,32569.0,52183.0,33748.0,55296.0,21876.0,17671.0
2026-05-06 16:11:37.416302,651886,1609506160801325,3760714026,0.423584,0.36112,0.796416,-0.76125,1.295,4.8825,-48.288002,-3.824,-54.440002,inter_set_rest,4,5.0,36871.0,43050.0,76946.0,100849.0,32569.0,52183.0,33748.0,55296.0,21876.0,17671.0
2026-05-06 16:11:37.418683,651887,1609506160810240,3760722754,0.38064,0.359168,0.804224,0.84,0.18375,5.425,-48.352,-3.6,-52.896004,inter_set_rest,4,5.0,36871.0,43050.0,76946.0,100849.0,32569.0,52183.0,33748.0,55296.0,21876.0,17671.0
2026-05-06 16:11:37.446516,651898,1609506160825149,3760737886,0.38064,0.359168,0.804224,-2.77375,-0.385,5.74,-48.352,-3.6,-52.896004,inter_set_rest,4,5.0,36317.0,42421.0,75965.0,99679.0,32032.0,51526.0,33303.0,54653.0,21538.0,17407.0
2026-05-06 16:11:37.450600,651899,1609506160834111,3760746654,0.392352,0.28304,0.778848,-7.91875,-1.21625,4.8125,-48.52,-3.536,-54.616,inter_set_rest,4,5.0,36317.0,42421.0,75965.0,99679.0,32032.0,51526.0,33303.0,54653.0,21538.0,17407.0
2026-05-06 16:11:37.456458,651900,1609506160848598,3760759523,0.392352,0.28304,0.778848,-8.75875,-2.58125,3.71,-48.52,-3.536,-54.616,inter_set_rest,4,5.0,36317.0,42421.0,75965.0,99679.0,32032.0,51526.0,33303.0,54653.0,21538.0,17407.0
2026-05-06 16:11:37.456566,651901,1609506160857900,3760770310,0.41968,0.32208,0.782752,-5.5125,-3.96375,3.0275,-48.344,-3.52,-55.144,inter_set_rest,4,5.0,36317.0,42421.0,75965.0,99679.0,32032.0,51526.0,33303.0,54653.0,21538.0,17407.0
2026-05-06 16:11:37.458596,651902,1609506160866834,3760779001,0.41968,0.32208,0.782752,-2.35375,-3.77125,2.8,-48.344,-3.52,-55.144,inter_set_rest,4,5.0,36317.0,42421.0,75965.0,99679.0,32032.0,51526.0,33303.0,54653.0,21538.0,17407.0
2026-05-06 16:11:37.461254,651903,1609506160881354,3760793990,0.3904,0.335744,0.689056,-3.3775,-2.1875,1.4,-48.288002,-3.824,-54.728004,inter_set_rest,4,5.0,36317.0,42421.0,75965.0,99679.0,32032.0,51526.0,33303.0,54653.0,21538.0,17407.0
2026-05-06 16:11:37.463547,651904,1609506160890377,3760802762,0.411872,0.28304,0.724192,-5.985,-0.07875,-0.9975,-48.288002,-5.128,-53.296,inter_set_rest,4,5.0,36317.0,42421.0,75965.0,99679.0,32032.0,51526.0,33303.0,54653.0,21538.0,17407.0
2026-05-06 16:11:37.466208,651905,1609506160905089,3760817701,0.411872,0.28304,0.724192,-6.7025,1.855,-3.3425,-48.496002,-5.128,-53.296,inter_set_rest,4,5.0,36317.0,42421.0,75965.0,99679.0,32032.0,51526.0,33303.0,54653.0,21538.0,17407.0
2026-05-06 16:11:37.468774,651906,1609506160914168,3760826425,0.425536,0.31232,0.75152,-4.375,3.43,-5.67875,-48.352,-4.176,-53.984,inter_set_rest,4,5.0,36317.0,42421.0,75965.0,99679.0,32032.0,51526.0,33303.0,54653.0,21538.0,17407.0
2026-05-06 16:11:37.498726,651918,1609506160923284,3760835237,0.425536,0.31232,0.75152,-0.245,3.9725,-7.55125,-48.352,-4.176,-53.984,inter_set_rest,4,5.0,35765.0,41637.0,75641.0,98506.0,31495.0,50788.0,33182.0,54022.0,21227.0,17139.0
2026-05-06 16:11:37.501349,651919,1609506160937965,3760850339,0.396256,0.359168,0.81008,3.045,3.68375,-8.1025,-48.440002,-5.424,-52.768,inter_set_rest,4,5.0,35765.0,41637.0,75641.0,98506.0,31495.0,50788.0,33182.0,54022.0,21227.0,17139.0
2026-05-06 16:11:37.503844,651920,1609506160946910,3760859107,0.396256,0.359168,0.81008,2.1,3.71,-8.505,-48.440002,-5.424,-52.768,inter_set_rest,4,5.0,35765.0,41637.0,75641.0,98506.0,31495.0,50788.0,33182.0,54022.0,21227.0,17139.0
2026-05-06 16:11:37.510032,651921,1609506160961468,3760874143,0.394304,0.372832,0.718336,0.035,4.62875,-8.60125,-48.384003,-6.384,-51.944004,inter_set_rest,4,5.0,35765.0,41637.0,75641.0,98506.0,31495.0,50788.0,33182.0,54022.0,21227.0,17139.0
2026-05-06 16:11:37.518917,651922,1609506160970397,3760882860,0.394304,0.372832,0.687104,-2.00375,7.09625,-9.555,-48.384003,-6.384,-51.944004,inter_set_rest,4,5.0,35765.0,41637.0,75641.0,98506.0,31495.0,50788.0,33182.0,54022.0,21227.0,17139.0
2026-05-06 16:11:37.532470,651923,1609506160979336,3760891570,0.402112,0.363072,0.687104,-3.54375,9.40625,-10.00125,-48.576004,-3.744,-54.032,inter_set_rest,4,5.0,35765.0,41637.0,75641.0,98506.0,31495.0,50788.0,33182.0,54022.0,21227.0,17139.0
2026-05-06 16:11:37.546319,651924,1609506160993982,3760906517,0.386496,0.337696,0.782752,-5.32875,11.80375,-10.07125,-48.312004,-4.16,-53.72,inter_set_rest,4,5.0,35765.0,41637.0,75641.0,98506.0,31495.0,50788.0,33182.0,54022.0,21227.0,17139.0
2026-05-06 16:11:37.553653,651925,1609506161003103,3760915297,0.386496,0.337696,0.782752,-7.07875,13.09,-9.96625,-48.312004,-4.16,-53.72,inter_set_rest,4,5.0,35765.0,41637.0,75641.0,98506.0,31495.0,50788.0,33182.0,54022.0,21227.0,17139.0
2026-05-06 16:11:37.570019,651926,1609506161017600,3760930260,0.413824,0.3416,0.798368,-5.53,12.90625,-10.64875,-48.04,-3.952,-54.984,inter_set_rest,4,5.0,35765.0,41637.0,75641.0,98506.0,31495.0,50788.0,33182.0,54022.0,21227.0,17139.0
2026-05-06 16:11:37.600099,651937,1609506161026705,3760938965,0.413824,0.3416,0.798368,0.41125,11.7775,-10.54375,-48.04,-3.952,-54.984,inter_set_rest,4,5.0,35354.0,41323.0,75799.0,97928.0,31061.0,50441.0,33238.0,53696.0,20994.0,17036.0
2026-05-06 16:11:37.602648,651938,1609506161041339,3760953964,0.398208,0.349408,0.698816,3.78,12.7575,-10.94625,-48.312004,-4.536,-53.072002,inter_set_rest,4,5.0,35354.0,41323.0,75799.0,97928.0,31061.0,50441.0,33238.0,53696.0,20994.0,17036.0
2026-05-06 16:11:37.605157,651939,1609506161050328,3760962677,0.398208,0.349408,0.698816,4.095,15.015,-12.0925,-48.312004,-4.536,-53.072002,inter_set_rest,4,5.0,35354.0,41323.0,75799.0,97928.0,31061.0,50441.0,33238.0,53696.0,20994.0,17036.0
2026-05-06 16:11:37.607653,651940,1609506161059375,3760971447,0.368928,0.347456,0.75152,3.2725,18.12125,-12.25,-48.776,-5.904,-52.048004,inter_set_rest,4,5.0,35354.0,41323.0,75799.0,97928.0,31061.0,50441.0,33238.0,53696.0,20994.0,17036.0
2026-05-06 16:11:37.641368,651941,1609506161073930,3760986405,0.359168,0.308416,0.698816,1.05,20.5275,-12.845,-48.432003,-4.152,-52.464,inter_set_rest,4,5.0,35354.0,41323.0,75799.0,97928.0,31061.0,50441.0,33238.0,53696.0,20994.0,17036.0
2026-05-06 16:11:37.644805,651942,1609506161082886,3760995121,0.359168,0.308416,0.698816,-3.40375,24.07125,-15.3475,-48.432003,-4.152,-52.464,inter_set_rest,4,5.0,35354.0,41323.0,75799.0,97928.0,31061.0,50441.0,33238.0,53696.0,20994.0,17036.0
2026-05-06 16:11:37.646262,651943,1609506161097373,3761010156,0.366976,0.271328,0.706624,-8.417501,27.60625,-18.55875,-48.296,-4.736,-52.304,inter_set_rest,4,5.0,35354.0,41323.0,75799.0,97928.0,31061.0,50441.0,33238.0,53696.0,20994.0,17036.0
2026-05-06 16:11:37.654892,651944,1609506161106285,3761018869,0.366976,0.271328,0.706624,-12.97625,31.395,-21.14,-48.296,-4.736,-52.304,inter_set_rest,4,5.0,35354.0,41323.0,75799.0,97928.0,31061.0,50441.0,33238.0,53696.0,20994.0,17036.0
2026-05-06 16:11:37.665072,651945,1609506161115318,3761027575,0.365024,0.201056,0.651968,-16.975,36.12,-25.0775,-48.288002,-5.768,-50.480003,inter_set_rest,4,5.0,35354.0,41323.0,75799.0,97928.0,31061.0,50441.0,33238.0,53696.0,20994.0,17036.0
2026-05-06 16:11:37.702716,651956,1609506161130066,3761042564,0.365024,0.201056,0.651968,-18.1825,40.985,-30.17,-48.288002,-5.768,-50.480003,inter_set_rest,4,5.0,34753.0,40451.0,76413.0,96523.0,30421.0,49388.0,33480.0,52969.0,20700.0,16664.0
2026-05-06 16:11:37.705189,651957,1609506161139073,3761051306,0.32208,0.197152,0.64416,-17.22875,45.64875,-35.91875,-48.032,-5.8,-50.784004,inter_set_rest,4,5.0,34753.0,40451.0,76413.0,96523.0,30421.0,49388.0,33480.0,52969.0,20700.0,16664.0
2026-05-06 16:11:37.730775,651958,1609506161153640,3761066201,0.261568,0.173728,0.609024,-16.28375,50.715,-41.92125,-47.864002,-6.16,-50.128002,inter_set_rest,4,5.0,34753.0,40451.0,76413.0,96523.0,30421.0,49388.0,33480.0,52969.0,20700.0,16664.0
2026-05-06 16:11:37.755166,651959,1609506161162619,3761074920,0.261568,0.173728,0.609024,-16.23125,56.28875,-49.5075,-47.864002,-6.16,-50.128002,inter_set_rest,4,5.0,34753.0,40451.0,76413.0,96523.0,30421.0,49388.0,33480.0,52969.0,20700.0,16664.0
2026-05-06 16:11:37.775094,651960,1609506161177091,3761089811,0.242048,0.162016,0.607072,-13.23875,61.8625,-57.14625,-47.912003,-7.096,-48.896004,inter_set_rest,4,5.0,34753.0,40451.0,76413.0,96523.0,30421.0,49388.0,33480.0,52969.0,20700.0,16664.0
2026-05-06 16:11:37.777658,651961,1609506161186087,3761098529,0.242048,0.162016,0.607072,-8.785,66.8325,-64.39125,-47.912003,-7.096,-48.896004,inter_set_rest,4,5.0,34753.0,40451.0,76413.0,96523.0,30421.0,49388.0,33480.0,52969.0,20700.0,16664.0
2026-05-06 16:11:37.780086,651962,1609506161195027,3761107264,0.177632,0.228384,0.65392,-4.7425,71.855,-72.38875,-47.832,-8.120001,-47.736004,inter_set_rest,4,5.0,34753.0,40451.0,76413.0,96523.0,30421.0,49388.0,33480.0,52969.0,20700.0,16664.0
2026-05-06 16:11:37.782597,651963,1609506161209553,3761122194,0.177632,0.228384,0.65392,-1.77625,75.46875,-79.16125,-47.832,-8.120001,-47.736004,inter_set_rest,4,5.0,34753.0,40451.0,76413.0,96523.0,30421.0,49388.0,33480.0,52969.0,20700.0,16664.0
2026-05-06 16:11:37.785183,651964,1609506161218528,3761130921,0.105408,0.265472,0.700768,2.35375,79.6075,-84.34125,-47.168003,-9.952001,-46.272003,inter_set_rest,4,5.0,34753.0,40451.0,76413.0,96523.0,30421.0,49388.0,33480.0,52969.0,20700.0,16664.0
2026-05-06 16:11:37.826276,651975,1609506161233111,3761143875,0.05856,0.347456,0.737856,7.9975,83.08125,-88.5325,-47.216003,-11.440001,-45.72,inter_set_rest,4,5.0,33494.0,38432.0,78340.0,94663.0,29047.0,46894.0,34065.0,52098.0,20022.0,15730.0
2026-05-06 16:11:37.828784,651976,1609506161242565,3761154709,0.05856,0.347456,0.737856,15.70625,86.28375,-91.402504,-47.216003,-11.440001,-45.72,inter_set_rest,4,5.0,33494.0,38432.0,78340.0,94663.0,29047.0,46894.0,34065.0,52098.0,20022.0,15730.0
2026-05-06 16:11:37.831235,651977,1609506161251562,3761163432,0.05856,0.347456,0.737856,21.5425,88.64625,-92.74125,-47.216003,-11.440001,-45.72,inter_set_rest,4,5.0,33494.0,38432.0,78340.0,94663.0,29047.0,46894.0,34065.0,52098.0,20022.0,15730.0
2026-05-06 16:11:37.833751,651978,1609506161266082,3761178540,0.005856,0.525088,0.808128,23.1175,90.3875,-92.21625,-46.192,-14.792001,-41.904003,inter_set_rest,4,5.0,33494.0,38432.0,78340.0,94663.0,29047.0,46894.0,34065.0,52098.0,20022.0,15730.0
2026-05-06 16:11:37.836278,651979,1609506161275041,3761187274,0.054656,0.542656,0.81008,22.7325,91.9625,-90.69375,-45.776,-16.184,-40.368,inter_set_rest,4,5.0,33494.0,38432.0,78340.0,94663.0,29047.0,46894.0,34065.0,52098.0,20022.0,15730.0
2026-05-06 16:11:37.838800,651980,1609506161289651,3761202204,0.054656,0.542656,0.81008,22.155,93.61625,-88.655,-45.776,-16.184,-40.368,inter_set_rest,4,5.0,33494.0,38432.0,78340.0,94663.0,29047.0,46894.0,34065.0,52098.0,20022.0,15730.0
2026-05-06 16:11:37.848698,651981,1609506161298708,3761210910,0.0,0.558272,0.831552,24.59625,95.05125,-85.98625,-44.952003,-19.560001,-38.68,inter_set_rest,4,5.0,33494.0,38432.0,78340.0,94663.0,29047.0,46894.0,34065.0,52098.0,20022.0,15730.0
2026-05-06 16:11:37.855016,651982,1609506161307712,3761219702,0.0,0.558272,0.831552,27.23875,95.445,-81.97,-44.952003,-19.560001,-38.68,inter_set_rest,4,5.0,33494.0,38432.0,78340.0,94663.0,29047.0,46894.0,34065.0,52098.0,20022.0,15730.0
2026-05-06 16:11:37.903933,651993,1609506161322235,3761235164,-0.076128,0.708576,0.913536,27.88625,94.4825,-76.6675,-43.88,-16.976002,-39.800003,inter_set_rest,4,5.0,31978.0,36365.0,77463.0,93590.0,27590.0,44577.0,33419.0,51502.0,19098.0,14717.0
2026-05-06 16:11:37.906397,651994,1609506161331353,3761243914,-0.076128,0.708576,0.913536,21.67375,92.95125,-69.71125,-43.88,-16.976002,-39.800003,inter_set_rest,4,5.0,31978.0,36365.0,77463.0,93590.0,27590.0,44577.0,33419.0,51502.0,19098.0,14717.0
2026-05-06 16:11:37.908926,651995,1609506161346103,3761256877,-0.0488,0.71248,0.954528,12.8625,91.98,-64.26875,-43.176003,-17.456001,-36.944,inter_set_rest,4,5.0,31978.0,36365.0,77463.0,93590.0,27590.0,44577.0,33419.0,51502.0,19098.0,14717.0
2026-05-06 16:11:37.911444,651996,1609506161355463,3761267698,-0.113216,0.694912,0.925248,4.29625,91.23625,-58.905,-42.448,-19.336,-37.616,inter_set_rest,4,5.0,31978.0,36365.0,77463.0,93590.0,27590.0,44577.0,33419.0,51502.0,19098.0,14717.0
2026-05-06 16:11:37.917008,651997,1609506161364527,3761276449,-0.113216,0.694912,0.925248,-1.96875,90.3,-51.7825,-42.448,-19.336,-37.616,inter_set_rest,4,5.0,31978.0,36365.0,77463.0,93590.0,27590.0,44577.0,33419.0,51502.0,19098.0,14717.0
2026-05-06 16:11:37.929892,651998,1609506161379080,3761291380,-0.109312,0.622688,0.91744,-4.1125,88.85625,-45.56125,-41.84,-20.336,-35.008003,inter_set_rest,4,5.0,31978.0,36365.0,77463.0,93590.0,27590.0,44577.0,33419.0,51502.0,19098.0,14717.0
2026-05-06 16:11:37.938830,651999,1609506161388052,3761300116,-0.109312,0.622688,0.91744,-4.655,86.86125,-41.44875,-41.84,-20.336,-35.008003,inter_set_rest,4,5.0,31978.0,36365.0,77463.0,93590.0,27590.0,44577.0,33419.0,51502.0,19098.0,14717.0
2026-05-06 16:11:37.960170,652000,1609506161402614,3761315055,-0.160064,0.589504,0.9272,-4.82125,84.42,-37.30125,-40.600002,-19.328001,-34.912003,inter_set_rest,4,5.0,31978.0,36365.0,77463.0,93590.0,27590.0,44577.0,33419.0,51502.0,19098.0,14717.0
2026-05-06 16:11:37.962490,652001,1609506161411689,3761323760,-0.160064,0.589504,0.9272,-5.87125,81.68125,-32.29625,-40.600002,-19.328001,-34.912003,inter_set_rest,4,5.0,31978.0,36365.0,77463.0,93590.0,27590.0,44577.0,33419.0,51502.0,19098.0,14717.0
2026-05-06 16:11:38.027522,652012,1609506161426305,3761338778,-0.173728,0.579744,0.944768,-6.4225,79.09125,-27.62375,-40.024002,-18.816,-33.928,inter_set_rest,4,5.0,32255.0,36670.0,77772.0,93529.0,27799.0,44884.0,33540.0,51409.0,19210.0,14825.0
2026-05-06 16:11:38.030013,652013,1609506161435316,3761347573,-0.18544,0.560224,0.970144,-8.26,76.44875,-23.38,-39.288002,-18.816,-32.88,inter_set_rest,4,5.0,32255.0,36670.0,77772.0,93529.0,27799.0,44884.0,33540.0,51409.0,19210.0,14825.0
2026-05-06 16:11:38.032448,652014,1609506161444336,3761356311,-0.18544,0.560224,0.970144,-12.95875,74.96125,-20.86875,-39.288002,-18.816,-32.88,inter_set_rest,4,5.0,32255.0,36670.0,77772.0,93529.0,27799.0,44884.0,33540.0,51409.0,19210.0,14825.0
2026-05-06 16:11:38.035042,652015,1609506161458840,3761371241,-0.245952,0.462624,0.962336,-20.09,74.01625,-17.710001,-38.056004,-18.68,-31.928001,inter_set_rest,4,5.0,32255.0,36670.0,77772.0,93529.0,27799.0,44884.0,33540.0,51409.0,19210.0,14825.0
2026-05-06 16:11:38.037560,652016,1609506161467824,3761380036,-0.245952,0.462624,0.962336,-26.7925,72.30125,-15.4525,-38.056004,-18.68,-31.928001,inter_set_rest,4,5.0,32255.0,36670.0,77772.0,93529.0,27799.0,44884.0,33540.0,51409.0,19210.0,14825.0
2026-05-06 16:11:38.040014,652017,1609506161482450,3761394935,-0.275232,0.435296,1.032608,-29.2775,69.13375,-15.21625,-37.456,-18.224,-31.192001,inter_set_rest,4,5.0,32255.0,36670.0,77772.0,93529.0,27799.0,44884.0,33540.0,51409.0,19210.0,14825.0
2026-05-06 16:11:38.042575,652018,1609506161491371,3761403693,-0.275232,0.435296,1.032608,-27.1775,64.28625,-15.37375,-37.456,-18.224,-31.192001,inter_set_rest,4,5.0,32255.0,36670.0,77772.0,93529.0,27799.0,44884.0,33540.0,51409.0,19210.0,14825.0
2026-05-06 16:11:38.048611,652019,1609506161500552,3761412516,-0.320128,0.491904,0.942816,-24.10625,58.695,-14.35,-36.688004,-20.344002,-28.864002,inter_set_rest,4,5.0,32255.0,36670.0,77772.0,93529.0,27799.0,44884.0,33540.0,51409.0,19210.0,14825.0
2026-05-06 16:11:38.088938,652020,1609506161515154,3761427531,-0.33184,0.460672,0.95648,-20.43125,53.69875,-13.1775,-36.36,-18.408,-29.216002,inter_set_rest,4,5.0,32255.0,36670.0,77772.0,93529.0,27799.0,44884.0,33540.0,51409.0,19210.0,14825.0
2026-05-06 16:11:38.165226,652031,1609506161524101,3761436340,-0.33184,0.460672,0.95648,-17.675,49.32375,-11.935,-36.36,-18.408,-29.216002,inter_set_rest,4,5.0,32277.0,36905.0,77654.0,93409.0,27774.0,45109.0,33448.0,51328.0,19195.0,14906.0
2026-05-06 16:11:38.167588,652032,1609506161538652,3761451293,-0.286944,0.417728,1.001376,-14.9625,45.115,-11.2,-35.792,-18.112001,-29.2,inter_set_rest,4,5.0,32277.0,36905.0,77654.0,93409.0,27774.0,45109.0,33448.0,51328.0,19195.0,14906.0
2026-05-06 16:11:38.169999,652033,1609506161547585,3761459975,-0.286944,0.417728,1.001376,-12.18,40.38125,-10.6925,-35.792,-18.112001,-29.2,inter_set_rest,4,5.0,32277.0,36905.0,77654.0,93409.0,27774.0,45109.0,33448.0,51328.0,19195.0,14906.0
2026-05-06 16:11:38.172648,652034,1609506161562099,3761472958,-0.327936,0.491904,1.052128,-8.575,34.85125,-10.80625,-35.456,-18.536001,-28.952002,inter_set_rest,4,5.0,32277.0,36905.0,77654.0,93409.0,27774.0,45109.0,33448.0,51328.0,19195.0,14906.0
2026-05-06 16:11:38.175180,652035,1609506161571386,3761483786,-0.327936,0.491904,1.052128,-5.27625,28.455,-11.08625,-35.456,-18.536001,-28.952002,inter_set_rest,4,5.0,32277.0,36905.0,77654.0,93409.0,27774.0,45109.0,33448.0,51328.0,19195.0,14906.0
2026-05-06 16:11:38.177663,652036,1609506161580328,3761492559,-0.337696,0.52704,1.057984,-4.4975,21.8575,-10.3075,-35.296,-18.856,-28.912,inter_set_rest,4,5.0,32277.0,36905.0,77654.0,93409.0,27774.0,45109.0,33448.0,51328.0,19195.0,14906.0
2026-05-06 16:11:38.182487,652037,1609506161594933,3761507473,-0.337696,0.52704,1.042368,-4.48875,15.155,-8.8725,-35.296,-18.856,-28.912,inter_set_rest,4,5.0,32277.0,36905.0,77654.0,93409.0,27774.0,45109.0,33448.0,51328.0,19195.0,14906.0
2026-05-06 16:11:38.185151,652038,1609506161604079,3761516198,-0.310368,0.519232,1.04432,-4.7425,8.4525,-5.3725,-34.960003,-18.544,-29.528002,inter_set_rest,4,5.0,32277.0,36905.0,77654.0,93409.0,27774.0,45109.0,33448.0,51328.0,19195.0,14906.0
2026-05-06 16:11:38.187635,652039,1609506161618648,3761531160,-0.318176,0.462624,0.98576,-5.0925,2.79125,-1.96875,-35.232002,-18.576,-28.248001,inter_set_rest,4,5.0,32277.0,36905.0,77654.0,93409.0,27774.0,45109.0,33448.0,51328.0,19195.0,14906.0
2026-05-06 16:11:38.215081,652050,1609506161628059,3761539917,-0.318176,0.462624,0.98576,-5.29375,-2.28375,-1.11125,-35.232002,-18.576,-28.248001,inter_set_rest,4,5.0,32518.0,37582.0,77347.0,93008.0,28034.0,45880.0,33364.0,51118.0,19300.0,15228.0
2026-05-06 16:11:38.217547,652051,1609506161637033,3761548753,-0.284992,0.488,0.938912,-2.86125,-6.9125,-0.14,-35.096,-18.568,-26.560001,inter_set_rest,4,5.0,32518.0,37582.0,77347.0,93008.0,28034.0,45880.0,33364.0,51118.0,19300.0,15228.0
2026-05-06 16:11:38.220058,652052,1609506161651650,3761563764,-0.284992,0.488,0.938912,-0.39375,-10.05375,0.315,-35.096,-18.568,-26.560001,inter_set_rest,4,5.0,32518.0,37582.0,77347.0,93008.0,28034.0,45880.0,33364.0,51118.0,19300.0,15228.0
2026-05-06 16:11:38.222513,652053,1609506161660709,3761572461,-0.257664,0.484096,0.823744,0.0,-10.96375,0.62125,-35.368,-18.552,-28.448002,inter_set_rest,4,5.0,32518.0,37582.0,77347.0,93008.0,28034.0,45880.0,33364.0,51118.0,19300.0,15228.0
2026-05-06 16:11:38.225101,652054,1609506161675388,3761587439,-0.257664,0.484096,0.823744,-1.58375,-9.98375,0.1575,-35.368,-18.552,-28.448002,inter_set_rest,4,5.0,32518.0,37582.0,77347.0,93008.0,28034.0,45880.0,33364.0,51118.0,19300.0,15228.0
2026-05-06 16:11:38.233882,652055,1609506161684352,3761596211,-0.245952,0.411872,0.759328,-2.8525,-6.50125,-0.42875,-35.472,-18.272001,-28.568,inter_set_rest,4,5.0,32518.0,37582.0,77347.0,93008.0,28034.0,45880.0,33364.0,51118.0,19300.0,15228.0
2026-05-06 16:11:38.240184,652056,1609506161693316,3761604980,-0.245952,0.411872,0.759328,-2.9225,-3.43875,-0.83125,-35.472,-18.272001,-28.568,inter_set_rest,4,5.0,32518.0,37582.0,77347.0,93008.0,28034.0,45880.0,33364.0,51118.0,19300.0,15228.0
2026-05-06 16:11:38.273792,652057,1609506161707767,3761619936,-0.259616,0.396256,0.772992,-1.53125,-0.49875,-2.1525,-35.544003,-19.856,-27.44,inter_set_rest,4,5.0,32518.0,37582.0,77347.0,93008.0,28034.0,45880.0,33364.0,51118.0,19300.0,15228.0
2026-05-06 16:11:38.276153,652058,1609506161716684,3761628694,-0.284992,0.365024,0.730048,0.74375,3.3075,-3.4825,-35.544003,-18.176,-30.432001,inter_set_rest,4,5.0,32518.0,37582.0,77347.0,93008.0,28034.0,45880.0,33364.0,51118.0,19300.0,15228.0
2026-05-06 16:11:38.309809,652069,1609506161731345,3761643922,-0.284992,0.365024,0.730048,2.7125,7.035,-5.60875,-35.264,-18.176,-30.432001,inter_set_rest,4,5.0,32709.0,37871.0,77511.0,93064.0,28173.0,46173.0,33449.0,51193.0,19382.0,15354.0
2026-05-06 16:11:38.312278,652070,1609506161740331,3761652805,-0.277184,0.306464,0.677344,7.5075,11.13875,-8.05875,-34.128002,-19.28,-28.688002,inter_set_rest,4,5.0,32709.0,37871.0,77511.0,93064.0,28173.0,46173.0,33449.0,51193.0,19382.0,15354.0
2026-05-06 16:11:38.314904,652071,1609506161749272,3761661593,-0.277184,0.306464,0.677344,17.42125,16.09125,-10.465,-34.128002,-19.28,-28.688002,inter_set_rest,4,5.0,32709.0,37871.0,77511.0,93064.0,28173.0,46173.0,33449.0,51193.0,19382.0,15354.0
2026-05-06 16:11:38.317314,652072,1609506161763813,3761676506,-0.269376,0.304512,0.730048,29.63625,21.25375,-13.195,-34.704002,-21.336,-27.240002,inter_set_rest,4,5.0,32709.0,37871.0,77511.0,93064.0,28173.0,46173.0,33449.0,51193.0,19382.0,15354.0
2026-05-06 16:11:38.319606,652073,1609506161772872,3761685268,-0.269376,0.304512,0.730048,40.4425,26.635,-15.33875,-34.704002,-21.336,-27.240002,inter_set_rest,4,5.0,32709.0,37871.0,77511.0,93064.0,28173.0,46173.0,33449.0,51193.0,19382.0,15354.0
2026-05-06 16:11:38.333422,652074,1609506161787357,3761698148,-0.343552,0.327936,0.784704,48.58,30.96625,-18.50625,-34.272003,-24.224,-25.928001,inter_set_rest,4,5.0,32709.0,37871.0,77511.0,93064.0,28173.0,46173.0,33449.0,51193.0,19382.0,15354.0
2026-05-06 16:11:38.347659,652075,1609506161796603,3761709034,-0.343552,0.327936,0.854976,55.545002,35.8925,-21.035,-34.272003,-24.224,-25.928001,inter_set_rest,4,5.0,32709.0,37871.0,77511.0,93064.0,28173.0,46173.0,33449.0,51193.0,19382.0,15354.0
2026-05-06 16:11:38.361425,652076,1609506161811104,3761721898,-0.374784,0.3416,0.854976,66.2725,38.5525,-23.065,-33.992,-22.84,-27.768002,inter_set_rest,4,5.0,32709.0,37871.0,77511.0,93064.0,28173.0,46173.0,33449.0,51193.0,19382.0,15354.0
2026-05-06 16:11:38.370157,652077,1609506161820339,3761732639,-0.333792,0.368928,0.831552,84.8225,38.85,-24.50875,-33.4,-24.000002,-28.296001,inter_set_rest,4,5.0,32709.0,37871.0,77511.0,93064.0,28173.0,46173.0,33449.0,51193.0,19382.0,15354.0
2026-05-06 16:11:38.405035,652088,1609506161829647,3761741462,-0.333792,0.368928,0.831552,110.34625,38.05375,-26.95875,-33.4,-24.000002,-28.296001,inter_set_rest,4,5.0,33916.0,38105.0,77049.0,92181.0,29276.0,46417.0,33325.0,50941.0,19919.0,15456.0
2026-05-06 16:11:38.407511,652089,1609506161844301,3761756445,-0.294752,0.452864,0.782752,132.3875,37.31,-30.42375,-32.408,-26.496002,-28.552002,inter_set_rest,4,5.0,33916.0,38105.0,77049.0,92181.0,29276.0,46417.0,33325.0,50941.0,19919.0,15456.0
2026-05-06 16:11:38.409992,652090,1609506161853343,3761765189,-0.294752,0.452864,0.782752,149.54625,38.71,-36.23375,-32.408,-26.496002,-28.552002,inter_set_rest,4,5.0,33916.0,38105.0,77049.0,92181.0,29276.0,46417.0,33325.0,50941.0,19919.0,15456.0
2026-05-06 16:11:38.416140,652091,1609506161867868,3761780170,-0.304512,0.44896,0.665632,164.42125,40.95875,-45.5525,-31.648,-30.888002,-28.104002,inter_set_rest,4,5.0,33916.0,38105.0,77049.0,92181.0,29276.0,46417.0,33325.0,50941.0,19919.0,15456.0
2026-05-06 16:11:38.424898,652092,1609506161876767,3761788870,-0.304512,0.44896,0.665632,176.24251,44.30125,-56.41125,-31.648,-30.888002,-28.104002,inter_set_rest,4,5.0,33916.0,38105.0,77049.0,92181.0,29276.0,46417.0,33325.0,50941.0,19919.0,15456.0
2026-05-06 16:11:38.435087,652093,1609506161885689,3761797625,-0.320128,0.462624,0.593408,178.07124,47.8625,-68.2325,-31.024002,-33.432003,-30.928001,inter_set_rest,4,5.0,33916.0,38105.0,77049.0,92181.0,29276.0,46417.0,33325.0,50941.0,19919.0,15456.0
2026-05-06 16:11:38.466268,652094,1609506161900189,3761812579,-0.462624,0.755424,0.720288,169.05875,48.7375,-79.94875,-29.504002,-33.944,-30.504002,inter_set_rest,4,5.0,33916.0,38105.0,77049.0,92181.0,29276.0,46417.0,33325.0,50941.0,19919.0,15456.0
2026-05-06 16:11:38.492539,652095,1609506161909142,3761821287,-0.462624,0.755424,0.720288,142.8875,42.6125,-90.55375,-29.504002,-33.944,-30.504002,inter_set_rest,4,5.0,33916.0,38105.0,77049.0,92181.0,29276.0,46417.0,33325.0,50941.0,19919.0,15456.0
2026-05-06 16:11:38.507560,652096,1609506161923644,3761836180,-0.538752,1.098976,0.749568,123.89125,38.49125,-97.25625,-28.720001,-36.096,-31.264002,inter_set_rest,4,5.0,33916.0,38105.0,77049.0,92181.0,29276.0,46417.0,33325.0,50941.0,19919.0,15456.0
2026-05-06 16:11:38.535184,652107,1609506161932719,3761845168,-0.538752,1.098976,0.749568,123.235,36.9425,-93.8525,-28.720001,-36.096,-31.264002,inter_set_rest,4,5.0,38778.0,42439.0,75816.0,96330.0,33832.0,51114.0,32997.0,52925.0,22175.0,17156.0
2026-05-06 16:11:38.537683,652108,1609506161947241,3761858073,-0.51728,1.262944,0.491904,112.525,35.5425,-77.16625,-28.096,-37.784,-31.608002,inter_set_rest,4,5.0,38778.0,42439.0,75816.0,96330.0,33832.0,51114.0,32997.0,52925.0,22175.0,17156.0
2026-05-06 16:11:38.540123,652109,1609506161956481,3761868873,-0.51728,1.262944,0.491904,84.735,36.46125,-53.6025,-28.096,-37.784,-31.608002,inter_set_rest,4,5.0,38778.0,42439.0,75816.0,96330.0,33832.0,51114.0,32997.0,52925.0,22175.0,17156.0
2026-05-06 16:11:38.542508,652110,1609506161965467,3761877644,-0.571936,1.303936,0.417728,34.08125,41.37,-29.1725,-27.560001,-37.72,-31.088001,inter_set_rest,4,5.0,38778.0,42439.0,75816.0,96330.0,33832.0,51114.0,32997.0,52925.0,22175.0,17156.0
2026-05-06 16:11:38.545194,652111,1609506161980176,3761892686,-0.651968,0.954528,0.431392,-29.575,43.33,-19.985,-26.296001,-37.344,-31.248001,inter_set_rest,4,5.0,38778.0,42439.0,75816.0,96330.0,33832.0,51114.0,32997.0,52925.0,22175.0,17156.0
2026-05-06 16:11:38.547672,652112,1609506161989119,3761901464,-0.651968,0.954528,0.431392,-66.8325,41.4925,-35.105,-26.296001,-37.344,-31.248001,inter_set_rest,4,5.0,38778.0,42439.0,75816.0,96330.0,33832.0,51114.0,32997.0,52925.0,22175.0,17156.0
2026-05-06 16:11:38.553931,652113,1609506162003662,3761916406,-0.571936,0.786656,0.41968,-88.4975,39.025,-45.66625,-25.792002,-35.368,-29.144001,inter_set_rest,4,5.0,38778.0,42439.0,75816.0,96330.0,33832.0,51114.0,32997.0,52925.0,22175.0,17156.0
2026-05-06 16:11:38.562589,652114,1609506162012588,3761925230,-0.571936,0.786656,0.41968,-116.1825,35.23625,-30.485,-25.792002,-35.368,-29.144001,inter_set_rest,4,5.0,38778.0,42439.0,75816.0,96330.0,33832.0,51114.0,32997.0,52925.0,22175.0,17156.0
2026-05-06 16:11:38.571385,652115,1609506162021536,3761934032,-0.534848,0.833504,0.560224,-144.22626,35.1225,-1.8725,-25.184002,-34.216003,-25.872002,inter_set_rest,4,5.0,38778.0,42439.0,75816.0,96330.0,33832.0,51114.0,32997.0,52925.0,22175.0,17156.0
2026-05-06 16:11:38.606311,652126,1609506162036194,3761947006,-0.534848,0.833504,0.560224,-162.56625,33.6525,9.3975,-25.184002,-34.216003,-25.872002,inter_set_rest,4,5.0,43221.0,45294.0,78606.0,102199.0,38589.0,54238.0,34453.0,55826.0,24761.0,18432.0
2026-05-06 16:11:38.608792,652127,1609506162045661,3761957898,-0.60512,0.655872,0.579744,-175.23625,33.2675,2.0475,-24.832,-32.4,-23.792002,inter_set_rest,4,5.0,43221.0,45294.0,78606.0,102199.0,38589.0,54238.0,34453.0,55826.0,24761.0,18432.0
2026-05-06 16:11:38.611335,652128,1609506162060243,3761972858,-0.60512,0.44896,0.671488,-180.99374,32.5325,-3.22,-24.208002,-30.208002,-24.12,inter_set_rest,4,5.0,43221.0,45294.0,78606.0,102199.0,38589.0,54238.0,34453.0,55826.0,24761.0,18432.0
2026-05-06 16:11:38.645139,652129,1609506162069189,3761981574,-0.60512,0.44896,0.671488,-183.61,31.08875,-1.8025,-24.208002,-30.208002,-24.12,inter_set_rest,4,5.0,43221.0,45294.0,78606.0,102199.0,38589.0,54238.0,34453.0,55826.0,24761.0,18432.0
2026-05-06 16:11:38.647551,652130,1609506162078127,3761990300,-0.60512,0.44896,0.671488,-175.70876,28.28875,1.19875,-24.208002,-30.208002,-24.12,inter_set_rest,4,5.0,43221.0,45294.0,78606.0,102199.0,38589.0,54238.0,34453.0,55826.0,24761.0,18432.0
2026-05-06 16:11:38.649881,652131,1609506162092615,3762005225,-0.569984,0.325984,0.720288,-158.41,25.22625,5.17125,-24.056002,-26.336,-21.720001,inter_set_rest,4,5.0,43221.0,45294.0,78606.0,102199.0,38589.0,54238.0,34453.0,55826.0,24761.0,18432.0
2026-05-06 16:11:38.652403,652132,1609506162101550,3762013926,-0.57584,0.267424,0.735904,-138.13625,22.855,9.292501,-23.448002,-24.304,-22.720001,inter_set_rest,4,5.0,43221.0,45294.0,78606.0,102199.0,38589.0,54238.0,34453.0,55826.0,24761.0,18432.0
2026-05-06 16:11:38.666384,652133,1609506162116143,3762028831,-0.57584,0.267424,0.735904,-114.45875,19.845,10.64,-23.448002,-24.304,-22.720001,inter_set_rest,4,5.0,43221.0,45294.0,78606.0,102199.0,38589.0,54238.0,34453.0,55826.0,24761.0,18432.0
2026-05-06 16:11:38.675637,652134,1609506162125151,3762037595,-0.601216,0.259616,0.732,-90.99125,16.9225,13.685,-23.400002,-23.416,-22.416,inter_set_rest,4,5.0,43221.0,45294.0,78606.0,102199.0,38589.0,54238.0,34453.0,55826.0,24761.0,18432.0
2026-05-06 16:11:38.702252,652145,1609506162139760,3762050573,-0.66368,0.320128,0.784704,-64.89,14.35,13.405,-23.400002,-26.272001,-22.12,inter_set_rest,4,5.0,43210.0,45633.0,80575.0,101051.0,38795.0,54810.0,35377.0,55398.0,25023.0,18751.0
2026-05-06 16:11:38.704776,652146,1609506162149178,3762061451,-0.66368,0.320128,0.784704,-42.201252,9.59,9.275,-23.256,-26.272001,-22.12,inter_set_rest,4,5.0,43210.0,45633.0,80575.0,101051.0,38795.0,54810.0,35377.0,55398.0,25023.0,18751.0
2026-05-06 16:11:38.711165,652147,1609506162158130,3762070198,-0.66368,0.320128,0.784704,-22.98625,4.725,7.25375,-23.256,-26.272001,-22.12,inter_set_rest,4,5.0,43210.0,45633.0,80575.0,101051.0,38795.0,54810.0,35377.0,55398.0,25023.0,18751.0
2026-05-06 16:11:38.724993,652148,1609506162172644,3762085168,-0.669536,0.353312,0.728096,-2.19625,0.11375,11.19125,-23.560001,-25.272001,-21.072,inter_set_rest,4,5.0,43210.0,45633.0,80575.0,101051.0,38795.0,54810.0,35377.0,55398.0,25023.0,18751.0
2026-05-06 16:11:38.731385,652149,1609506162181558,3762093871,-0.650016,0.355264,0.6832,0.37625,-1.88125,16.0825,-23.28,-22.576,-21.456001,inter_set_rest,4,5.0,43210.0,45633.0,80575.0,101051.0,38795.0,54810.0,35377.0,55398.0,25023.0,18751.0
2026-05-06 16:11:38.745054,652150,1609506162196063,3762108789,-0.650016,0.355264,0.6832,-0.665,-2.54625,13.3,-23.28,-22.576,-21.456001,inter_set_rest,4,5.0,43210.0,45633.0,80575.0,101051.0,38795.0,54810.0,35377.0,55398.0,25023.0,18751.0
2026-05-06 16:11:38.753923,652151,1609506162205034,3762117496,-0.607072,0.345504,0.757376,3.89375,-3.15875,8.8375,-23.256,-22.896002,-22.336,inter_set_rest,4,5.0,43210.0,45633.0,80575.0,101051.0,38795.0,54810.0,35377.0,55398.0,25023.0,18751.0
2026-05-06 16:11:38.767709,652152,1609506162214002,3762126226,-0.607072,0.345504,0.757376,7.7875,-3.77125,4.96125,-23.256,-22.896002,-22.336,inter_set_rest,4,5.0,43210.0,45633.0,80575.0,101051.0,38795.0,54810.0,35377.0,55398.0,25023.0,18751.0
2026-05-06 16:11:38.806437,652163,1609506162228551,3762141123,-0.577792,0.32208,0.745664,14.74375,-3.50875,0.14875,-23.128,-23.376001,-22.264002,inter_set_rest,4,5.0,43135.0,45301.0,80291.0,99695.0,38725.0,54426.0,35194.0,54664.0,24968.0,18583.0
2026-05-06 16:11:38.831551,652164,1609506162237519,3762149908,-0.577792,0.32208,0.745664,23.93125,-3.9725,-2.3975,-23.128,-23.376001,-22.264002,inter_set_rest,4,5.0,43135.0,45301.0,80291.0,99695.0,38725.0,54426.0,35194.0,54664.0,24968.0,18583.0
2026-05-06 16:11:38.858974,652165,1609506162252053,3762162847,-0.609024,0.378688,0.77104,35.55125,-5.94125,-4.06,-23.752,-25.504002,-21.696001,inter_set_rest,4,5.0,43135.0,45301.0,80291.0,99695.0,38725.0,54426.0,35194.0,54664.0,24968.0,18583.0
2026-05-06 16:11:38.875060,652166,1609506162261390,3762173697,-0.597312,0.44896,0.749568,50.30375,-8.79375,-5.03125,-23.952002,-27.144001,-21.232,inter_set_rest,4,5.0,43135.0,45301.0,80291.0,99695.0,38725.0,54426.0,35194.0,54664.0,24968.0,18583.0
2026-05-06 16:11:38.877596,652167,1609506162270344,3762182436,-0.597312,0.44896,0.749568,63.46375,-11.52375,-4.10375,-23.952002,-27.144001,-21.232,inter_set_rest,4,5.0,43135.0,45301.0,80291.0,99695.0,38725.0,54426.0,35194.0,54664.0,24968.0,18583.0
2026-05-06 16:11:38.880114,652168,1609506162284871,3762197378,-0.55632,0.544608,0.698816,70.53375,-12.39,-0.81375,-24.384,-26.160002,-23.400002,inter_set_rest,4,5.0,43135.0,45301.0,80291.0,99695.0,38725.0,54426.0,35194.0,54664.0,24968.0,18583.0
2026-05-06 16:11:38.882436,652169,1609506162293810,3762206082,-0.55632,0.544608,0.698816,70.14,-12.4075,1.26,-24.384,-26.160002,-23.400002,inter_set_rest,4,5.0,43135.0,45301.0,80291.0,99695.0,38725.0,54426.0,35194.0,54664.0,24968.0,18583.0
2026-05-06 16:11:38.885173,652170,1609506162308316,3762220971,-0.528992,0.599264,0.708576,64.26,-11.15625,1.44375,-24.488,-27.12,-24.664001,inter_set_rest,4,5.0,43135.0,45301.0,80291.0,99695.0,38725.0,54426.0,35194.0,54664.0,24968.0,18583.0
2026-05-06 16:11:38.887644,652171,1609506162317222,3762229775,-0.528992,0.599264,0.708576,54.87125,-9.0825,0.21,-24.488,-27.12,-24.664001,inter_set_rest,4,5.0,43135.0,45301.0,80291.0,99695.0,38725.0,54426.0,35194.0,54664.0,24968.0,18583.0
2026-05-06 16:11:38.915204,652182,1609506162331804,3762242678,-0.56608,0.599264,0.66368,43.225,-7.72625,-1.365,-24.736002,-27.624,-24.192001,inter_set_rest,4,5.0,43424.0,45900.0,80515.0,99430.0,38919.0,55017.0,35276.0,54493.0,25058.0,18817.0
2026-05-06 16:11:38.917620,652183,1609506162341178,3762253548,-0.562176,0.571936,0.669536,33.50375,-6.86875,-2.93125,-24.736002,-27.624,-25.52,inter_set_rest,4,5.0,43424.0,45900.0,80515.0,99430.0,38919.0,55017.0,35276.0,54493.0,25058.0,18817.0
2026-05-06 16:11:38.923930,652184,1609506162350148,3762262409,-0.562176,0.571936,0.669536,24.91125,-6.34375,-3.815,-24.744001,-27.880001,-25.52,inter_set_rest,4,5.0,43424.0,45900.0,80515.0,99430.0,38919.0,55017.0,35276.0,54493.0,25058.0,18817.0
2026-05-06 16:11:38.926382,652185,1609506162364806,3762277420,-0.5368,0.579744,0.700768,18.725,-5.62625,-4.76,-24.872002,-29.408,-22.912,inter_set_rest,4,5.0,43424.0,45900.0,80515.0,99430.0,38919.0,55017.0,35276.0,54493.0,25058.0,18817.0
2026-05-06 16:11:38.928917,652186,1609506162373864,3762286169,-0.5368,0.579744,0.700768,11.78625,-4.34,-5.1975,-24.872002,-29.408,-22.912,inter_set_rest,4,5.0,43424.0,45900.0,80515.0,99430.0,38919.0,55017.0,35276.0,54493.0,25058.0,18817.0
2026-05-06 16:11:38.937631,652187,1609506162388412,3762301071,-0.550464,0.616832,0.677344,4.57625,-3.08,-4.3925,-24.640001,-27.800001,-23.424002,inter_set_rest,4,5.0,43424.0,45900.0,80515.0,99430.0,38919.0,55017.0,35276.0,54493.0,25058.0,18817.0
2026-05-06 16:11:38.946357,652188,1609506162397357,3762309865,-0.550464,0.616832,0.677344,-3.3425,-2.30125,-4.40125,-24.640001,-27.800001,-23.424002,inter_set_rest,4,5.0,43424.0,45900.0,80515.0,99430.0,38919.0,55017.0,35276.0,54493.0,25058.0,18817.0
2026-05-06 16:11:38.955743,652189,1609506162406283,3762318653,-0.554368,0.603168,0.689056,-10.96375,-1.54,-5.1625,-24.6,-27.912,-24.344002,inter_set_rest,4,5.0,43424.0,45900.0,80515.0,99430.0,38919.0,55017.0,35276.0,54493.0,25058.0,18817.0
2026-05-06 16:11:38.968770,652190,1609506162420782,3762331532,-0.554368,0.603168,0.689056,-17.33375,-0.8925,-5.90625,-24.6,-27.912,-24.344002,inter_set_rest,4,5.0,43424.0,45900.0,80515.0,99430.0,38919.0,55017.0,35276.0,54493.0,25058.0,18817.0
2026-05-06 16:11:39.002619,652201,1609506162429957,3762342276,-0.528992,0.560224,0.698816,-22.295,0.42875,-6.23875,-24.656002,-27.096,-24.048,inter_set_rest,4,5.0,43436.0,46064.0,81201.0,99498.0,38825.0,55091.0,35546.0,54456.0,25047.0,18839.0
2026-05-06 16:11:39.005118,652202,1609506162444826,3762357298,-0.554368,0.51728,0.67344,-25.61125,1.3475,-5.73125,-24.752,-30.552002,-22.048,inter_set_rest,4,5.0,43436.0,46064.0,81201.0,99498.0,38825.0,55091.0,35546.0,54456.0,25047.0,18839.0
2026-05-06 16:11:39.007633,652203,1609506162453942,3762366145,-0.554368,0.51728,0.67344,-26.99375,1.75875,-4.90875,-24.752,-30.552002,-22.048,inter_set_rest,4,5.0,43436.0,46064.0,81201.0,99498.0,38825.0,55091.0,35546.0,54456.0,25047.0,18839.0
2026-05-06 16:11:39.013900,652204,1609506162462993,3762374863,-0.538752,0.476288,0.737856,-25.9175,2.0825,-4.865,-24.616001,-30.648,-23.392,inter_set_rest,4,5.0,43436.0,46064.0,81201.0,99498.0,38825.0,55091.0,35546.0,54456.0,25047.0,18839.0
2026-05-06 16:11:39.027676,652205,1609506162477500,3762389914,-0.538752,0.476288,0.737856,-21.2275,1.7675,-4.2525,-24.616001,-30.648,-23.392,inter_set_rest,4,5.0,43436.0,46064.0,81201.0,99498.0,38825.0,55091.0,35546.0,54456.0,25047.0,18839.0
2026-05-06 16:11:39.036452,652206,1609506162486441,3762398691,-0.540704,0.480192,0.689056,-16.03,2.45,-3.56125,-24.536001,-26.960001,-23.552002,inter_set_rest,4,5.0,43436.0,46064.0,81201.0,99498.0,38825.0,55091.0,35546.0,54456.0,25047.0,18839.0
2026-05-06 16:11:39.050041,652207,1609506162501099,3762413711,-0.540704,0.480192,0.689056,-9.87,3.465,-2.24875,-24.536001,-26.960001,-23.552002,inter_set_rest,4,5.0,43436.0,46064.0,81201.0,99498.0,38825.0,55091.0,35546.0,54456.0,25047.0,18839.0
2026-05-06 16:11:39.058799,652208,1609506162510019,3762422449,-0.52704,0.501664,0.728096,-4.0775,3.43875,-1.95125,-24.480001,-26.768002,-25.144001,inter_set_rest,4,5.0,43436.0,46064.0,81201.0,99498.0,38825.0,55091.0,35546.0,54456.0,25047.0,18839.0
2026-05-06 16:11:39.092621,652209,1609506162524678,3762437347,-0.54656,0.515328,0.6832,-0.30625,4.38375,-1.82875,-24.368002,-26.552002,-24.088001,inter_set_rest,4,5.0,43436.0,46064.0,81201.0,99498.0,38825.0,55091.0,35546.0,54456.0,25047.0,18839.0
2026-05-06 16:11:39.119920,652220,1609506162533839,3762446069,-0.54656,0.515328,0.6832,1.46125,4.89125,-1.77625,-24.368002,-26.552002,-24.088001,inter_set_rest,4,5.0,43223.0,45806.0,81279.0,99389.0,38529.0,54765.0,35485.0,54314.0,24845.0,18724.0
2026-05-06 16:11:39.122446,652221,1609506162542833,3762454916,-0.544608,0.52704,0.70272,2.05625,4.73375,-1.65375,-24.368002,-26.640001,-23.936,inter_set_rest,4,5.0,43223.0,45806.0,81279.0,99389.0,38529.0,54765.0,35485.0,54314.0,24845.0,18724.0
2026-05-06 16:11:39.127620,652222,1609506162557358,3762469885,-0.544608,0.52704,0.70272,2.09125,4.655,-0.9275,-24.168001,-26.640001,-23.936,inter_set_rest,4,5.0,43223.0,45806.0,81279.0,99389.0,38529.0,54765.0,35485.0,54314.0,24845.0,18724.0
2026-05-06 16:11:39.130192,652223,1609506162566516,3762478741,-0.554368,0.552416,0.675392,2.0825,4.06875,0.2275,-24.288002,-28.256,-24.04,inter_set_rest,4,5.0,43223.0,45806.0,81279.0,99389.0,38529.0,54765.0,35485.0,54314.0,24845.0,18724.0
2026-05-06 16:11:39.134498,652224,1609506162581107,3762493826,-0.554368,0.552416,0.675392,0.06125,3.87625,1.75875,-24.288002,-28.256,-24.04,inter_set_rest,4,5.0,43223.0,45806.0,81279.0,99389.0,38529.0,54765.0,35485.0,54314.0,24845.0,18724.0
2026-05-06 16:11:39.141970,652225,1609506162590044,3762502636,-0.532896,0.581696,0.694912,-3.28125,4.99625,2.05625,-23.784,-26.808,-24.328001,inter_set_rest,4,5.0,43223.0,45806.0,81279.0,99389.0,38529.0,54765.0,35485.0,54314.0,24845.0,18724.0
2026-05-06 16:11:39.148818,652226,1609506162598990,3762511395,-0.532896,0.581696,0.694912,-8.96,7.1225,1.61,-23.784,-26.808,-24.328001,inter_set_rest,4,5.0,43223.0,45806.0,81279.0,99389.0,38529.0,54765.0,35485.0,54314.0,24845.0,18724.0
2026-05-06 16:11:39.162344,652227,1609506162613516,3762524294,-0.550464,0.55632,0.732,-14.175,8.96,-0.20125,-23.920002,-28.336,-22.320002,inter_set_rest,4,5.0,43223.0,45806.0,81279.0,99389.0,38529.0,54765.0,35485.0,54314.0,24845.0,18724.0
2026-05-06 16:11:39.171364,652228,1609506162622730,3762535073,-0.550464,0.55632,0.685152,-17.50875,9.23125,-2.28375,-23.920002,-28.336,-22.320002,inter_set_rest,4,5.0,43223.0,45806.0,81279.0,99389.0,38529.0,54765.0,35485.0,54314.0,24845.0,18724.0
2026-05-06 16:11:39.285181,652239,1609506162637614,3762550330,-0.591456,0.505568,0.675392,-18.095,9.21375,-2.625,-23.704,-25.992,-24.656002,inter_set_rest,4,5.0,43216.0,45765.0,81258.0,99120.0,38503.0,54690.0,35433.0,54199.0,24819.0,18668.0
2026-05-06 16:11:39.287438,652240,1609506162646621,3762559034,-0.59536,0.488,0.675392,-17.64875,8.39125,-1.61875,-23.584002,-25.808,-23.368002,inter_set_rest,4,5.0,43216.0,45765.0,81258.0,99120.0,38503.0,54690.0,35433.0,54199.0,24819.0,18668.0
2026-05-06 16:11:39.290150,652241,1609506162655583,3762567746,-0.59536,0.488,0.675392,-15.58375,7.7,-1.26,-23.584002,-25.808,-23.368002,inter_set_rest,4,5.0,43216.0,45765.0,81258.0,99120.0,38503.0,54690.0,35433.0,54199.0,24819.0,18668.0
2026-05-06 16:11:39.292695,652242,1609506162670117,3762582696,-0.597312,0.47824,0.675392,-13.265,6.39625,-0.945,-23.696001,-25.640001,-22.872002,inter_set_rest,4,5.0,43216.0,45765.0,81258.0,99120.0,38503.0,54690.0,35433.0,54199.0,24819.0,18668.0
2026-05-06 16:11:39.295172,652243,1609506162679019,3762591387,-0.597312,0.47824,0.675392,-9.7825,5.45125,0.02625,-23.696001,-25.640001,-22.872002,inter_set_rest,4,5.0,43216.0,45765.0,81258.0,99120.0,38503.0,54690.0,35433.0,54199.0,24819.0,18668.0
2026-05-06 16:11:39.297679,652244,1609506162693558,3762604363,-0.564128,0.488,0.704672,-6.4925,5.25,1.42625,-23.792002,-26.464,-23.144001,inter_set_rest,4,5.0,43216.0,45765.0,81258.0,99120.0,38503.0,54690.0,35433.0,54199.0,24819.0,18668.0
2026-05-06 16:11:39.300013,652245,1609506162702808,3762615152,-0.564128,0.488,0.704672,-2.80875,4.45375,1.8375,-23.792002,-26.464,-23.144001,inter_set_rest,4,5.0,43216.0,45765.0,81258.0,99120.0,38503.0,54690.0,35433.0,54199.0,24819.0,18668.0
2026-05-06 16:11:39.302665,652246,1609506162711759,3762624011,-0.59536,0.493856,0.698816,0.48125,3.4825,1.225,-23.712002,-27.312002,-25.968,inter_set_rest,4,5.0,43216.0,45765.0,81258.0,99120.0,38503.0,54690.0,35433.0,54199.0,24819.0,18668.0
2026-05-06 16:11:39.305174,652247,1609506162726358,3762639019,-0.571936,0.482144,0.704672,4.43625,1.42625,0.2275,-23.432001,-26.128002,-23.232,inter_set_rest,4,5.0,43216.0,45765.0,81258.0,99120.0,38503.0,54690.0,35433.0,54199.0,24819.0,18668.0
2026-05-06 16:11:39.338616,652258,1609506162735762,3762647877,-0.571936,0.482144,0.704672,9.1,-0.4025,0.1575,-23.432001,-26.128002,-23.232,inter_set_rest,4,5.0,43242.0,45693.0,81384.0,99027.0,38456.0,54596.0,35504.0,54145.0,24792.0,18656.0
2026-05-06 16:11:39.341085,652259,1609506162750350,3762663051,-0.55632,0.525088,0.716384,13.23875,-2.6775,0.7,-23.864,-28.224,-21.848001,inter_set_rest,4,5.0,43242.0,45693.0,81384.0,99027.0,38456.0,54596.0,35504.0,54145.0,24792.0,18656.0
2026-05-06 16:11:39.343569,652260,1609506162759361,3762671812,-0.55632,0.525088,0.716384,15.2775,-3.0975,0.6475,-23.864,-28.224,-21.848001,inter_set_rest,4,5.0,43242.0,45693.0,81384.0,99027.0,38456.0,54596.0,35504.0,54145.0,24792.0,18656.0
2026-05-06 16:11:39.346270,652261,1609506162768396,3762680572,-0.532896,0.5368,0.728096,14.34125,-2.835,0.70875,-24.128,-30.016,-20.832,inter_set_rest,4,5.0,43242.0,45693.0,81384.0,99027.0,38456.0,54596.0,35504.0,54145.0,24792.0,18656.0
2026-05-06 16:11:39.348578,652262,1609506162782958,3762695514,-0.532896,0.5368,0.728096,13.658751,-2.10875,-0.9975,-24.128,-30.016,-20.832,inter_set_rest,4,5.0,43242.0,45693.0,81384.0,99027.0,38456.0,54596.0,35504.0,54145.0,24792.0,18656.0
2026-05-06 16:11:39.351255,652263,1609506162792027,3762704255,-0.562176,0.52704,0.687104,13.8075,-1.53125,-3.36875,-23.736002,-30.128002,-23.304,inter_set_rest,4,5.0,43242.0,45693.0,81384.0,99027.0,38456.0,54596.0,35504.0,54145.0,24792.0,18656.0
2026-05-06 16:11:39.357512,652264,1609506162806563,3762719211,-0.57584,0.54656,0.687104,13.9825,-1.04125,-4.71625,-23.864,-27.704,-24.352001,inter_set_rest,4,5.0,43242.0,45693.0,81384.0,99027.0,38456.0,54596.0,35504.0,54145.0,24792.0,18656.0
2026-05-06 16:11:39.366271,652265,1609506162815687,3762727934,-0.57584,0.54656,0.687104,14.21,-0.79625,-5.83625,-23.864,-27.704,-24.352001,inter_set_rest,4,5.0,43242.0,45693.0,81384.0,99027.0,38456.0,54596.0,35504.0,54145.0,24792.0,18656.0
2026-05-06 16:11:39.380033,652266,1609506162830206,3762742946,-0.591456,0.564128,0.696864,13.5975,-1.09375,-7.35,-23.616001,-27.304,-23.856,inter_set_rest,4,5.0,43242.0,45693.0,81384.0,99027.0,38456.0,54596.0,35504.0,54145.0,24792.0,18656.0
2026-05-06 16:11:39.411430,652277,1609506162839255,3762751770,-0.591456,0.564128,0.696864,12.92375,-0.98,-8.37375,-23.616001,-27.304,-23.856,inter_set_rest,4,5.0,43325.0,46008.0,81450.0,98920.0,38554.0,54988.0,35499.0,54091.0,24833.0,18777.0
2026-05-06 16:11:39.415472,652278,1609506162848241,3762760512,-0.59536,0.571936,0.646112,11.9525,-1.68,-8.53125,-23.744001,-29.008001,-22.768002,inter_set_rest,4,5.0,43325.0,46008.0,81450.0,98920.0,38554.0,54988.0,35499.0,54091.0,24833.0,18777.0
2026-05-06 16:11:39.416074,652279,1609506162862901,3762775495,-0.59536,0.571936,0.646112,10.0975,-1.96,-7.7175,-23.744001,-29.008001,-22.768002,inter_set_rest,4,5.0,43325.0,46008.0,81450.0,98920.0,38554.0,54988.0,35499.0,54091.0,24833.0,18777.0
2026-05-06 16:11:39.421221,652280,1609506162871909,3762784258,-0.577792,0.558272,0.687104,7.6475,-2.02125,-6.4575,-23.720001,-29.504002,-22.808,inter_set_rest,4,5.0,43325.0,46008.0,81450.0,98920.0,38554.0,54988.0,35499.0,54091.0,24833.0,18777.0
2026-05-06 16:11:39.447538,652281,1609506162886550,3762799227,-0.583648,0.54656,0.677344,5.94125,-2.42375,-5.85375,-23.528002,-28.008001,-23.176,inter_set_rest,4,5.0,43325.0,46008.0,81450.0,98920.0,38554.0,54988.0,35499.0,54091.0,24833.0,18777.0
2026-05-06 16:11:39.449938,652282,1609506162895482,3762807923,-0.583648,0.54656,0.677344,5.69625,-3.7275,-3.955,-23.528002,-28.008001,-23.176,inter_set_rest,4,5.0,43325.0,46008.0,81450.0,98920.0,38554.0,54988.0,35499.0,54091.0,24833.0,18777.0
2026-05-06 16:11:39.453830,652283,1609506162904523,3762816615,-0.583648,0.54656,0.677344,6.4575,-4.585,-1.0675,-23.528002,-28.008001,-23.176,inter_set_rest,4,5.0,43325.0,46008.0,81450.0,98920.0,38554.0,54988.0,35499.0,54091.0,24833.0,18777.0
2026-05-06 16:11:39.467584,652284,1609506162919047,3762831600,-0.554368,0.49776,0.65392,9.09125,-5.87125,0.48125,-24.232,-28.04,-24.528002,inter_set_rest,4,5.0,43325.0,46008.0,81450.0,98920.0,38554.0,54988.0,35499.0,54091.0,24833.0,18777.0
2026-05-06 16:11:39.476355,652285,1609506162927958,3762840475,-0.521184,0.513376,0.71248,14.14,-6.755,-0.49,-23.824001,-28.304,-23.872002,inter_set_rest,4,5.0,43325.0,46008.0,81450.0,98920.0,38554.0,54988.0,35499.0,54091.0,24833.0,18777.0
2026-05-06 16:11:39.509725,652296,1609506162942915,3762855481,-0.521184,0.513376,0.71248,20.3525,-6.2125,-0.25375,-23.824001,-28.304,-23.872002,inter_set_rest,4,5.0,43479.0,46294.0,81431.0,98832.0,38632.0,55244.0,35489.0,53997.0,24873.0,18877.0
2026-05-06 16:11:39.510089,652297,1609506162952077,3762864384,-0.519232,0.591456,0.724192,25.15625,-5.95875,0.79625,-24.064001,-28.608002,-24.256,inter_set_rest,4,5.0,43479.0,46294.0,81431.0,98832.0,38632.0,55244.0,35489.0,53997.0,24873.0,18877.0
2026-05-06 16:11:39.512448,652298,1609506162961043,3762873113,-0.519232,0.591456,0.724192,27.20375,-5.7225,1.2075,-24.064001,-28.608002,-24.256,inter_set_rest,4,5.0,43479.0,46294.0,81431.0,98832.0,38632.0,55244.0,35489.0,53997.0,24873.0,18877.0
2026-05-06 16:11:39.526276,652299,1609506162975667,3762888027,-0.558272,0.616832,0.642208,26.43375,-5.1625,0.385,-24.032001,-29.672,-24.376001,inter_set_rest,4,5.0,43479.0,46294.0,81431.0,98832.0,38632.0,55244.0,35489.0,53997.0,24873.0,18877.0
2026-05-06 16:11:39.532478,652300,1609506162984604,3762896753,-0.558272,0.616832,0.642208,23.56375,-4.57625,-0.72625,-24.032001,-29.672,-24.376001,inter_set_rest,4,5.0,43479.0,46294.0,81431.0,98832.0,38632.0,55244.0,35489.0,53997.0,24873.0,18877.0
2026-05-06 16:11:39.581331,652301,1609506162999101,3762911718,-0.54656,0.628544,0.655872,19.36375,-4.33125,-1.46125,-24.616001,-31.216002,-24.496,inter_set_rest,4,5.0,43479.0,46294.0,81431.0,98832.0,38632.0,55244.0,35489.0,53997.0,24873.0,18877.0
2026-05-06 16:11:39.595202,652302,1609506163008006,3762920542,-0.5368,0.62464,0.681248,14.8925,-4.025,-2.47625,-24.296001,-29.504002,-23.080002,inter_set_rest,4,5.0,43479.0,46294.0,81431.0,98832.0,38632.0,55244.0,35489.0,53997.0,24873.0,18877.0
2026-05-06 16:11:39.597650,652303,1609506163022603,3762933408,-0.5368,0.62464,0.681248,10.31625,-2.94,-4.03375,-24.296001,-29.504002,-23.080002,inter_set_rest,4,5.0,43479.0,46294.0,81431.0,98832.0,38632.0,55244.0,35489.0,53997.0,24873.0,18877.0
2026-05-06 16:11:39.599970,652304,1609506163031837,3762944166,-0.54656,0.60512,0.651968,5.04875,-1.5575,-6.25625,-24.296001,-29.944002,-24.432001,inter_set_rest,4,5.0,43479.0,46294.0,81431.0,98832.0,38632.0,55244.0,35489.0,53997.0,24873.0,18877.0
2026-05-06 16:11:39.627608,652315,1609506163040932,3762952876,-0.54656,0.60512,0.651968,0.49875,-0.1225,-7.69125,-24.296001,-29.944002,-24.432001,inter_set_rest,4,5.0,43833.0,46744.0,81397.0,98780.0,39002.0,55611.0,35501.0,53981.0,25056.0,19025.0
2026-05-06 16:11:39.630111,652316,1609506163055580,3762967857,-0.558272,0.591456,0.636352,-1.9775,0.6125,-8.3825,-24.008001,-29.064001,-24.904001,inter_set_rest,4,5.0,43833.0,46744.0,81397.0,98780.0,39002.0,55611.0,35501.0,53981.0,25056.0,19025.0
2026-05-06 16:11:39.632560,652317,1609506163064669,3762976609,-0.558272,0.591456,0.636352,-3.2025,0.77875,-7.9275,-24.008001,-29.064001,-24.904001,inter_set_rest,4,5.0,43833.0,46744.0,81397.0,98780.0,39002.0,55611.0,35501.0,53981.0,25056.0,19025.0
2026-05-06 16:11:39.635120,652318,1609506163079181,3762991618,-0.57584,0.589504,0.655872,-3.99,0.76125,-6.37,-24.544,-31.312002,-24.52,inter_set_rest,4,5.0,43833.0,46744.0,81397.0,98780.0,39002.0,55611.0,35501.0,53981.0,25056.0,19025.0
2026-05-06 16:11:39.637617,652319,1609506163088191,3763000345,-0.554368,0.5856,0.687104,-4.585,1.09375,-5.01375,-24.048,-32.256,-21.864,inter_set_rest,4,5.0,43833.0,46744.0,81397.0,98780.0,39002.0,55611.0,35501.0,53981.0,25056.0,19025.0
2026-05-06 16:11:39.646406,652320,1609506163097257,3763009141,-0.554368,0.5856,0.687104,-5.22375,1.33875,-4.15625,-24.048,-32.256,-21.864,inter_set_rest,4,5.0,43833.0,46744.0,81397.0,98780.0,39002.0,55611.0,35501.0,53981.0,25056.0,19025.0
2026-05-06 16:11:39.663893,652321,1609506163111847,3763024123,-0.568032,0.581696,0.661728,-6.0025,1.54875,-2.9925,-24.032001,-29.44,-24.840002,inter_set_rest,4,5.0,43833.0,46744.0,81397.0,98780.0,39002.0,55611.0,35501.0,53981.0,25056.0,19025.0
2026-05-06 16:11:39.670141,652322,1609506163120793,3763032828,-0.568032,0.581696,0.661728,-6.55375,1.575,-2.66,-24.032001,-29.44,-24.840002,inter_set_rest,4,5.0,43833.0,46744.0,81397.0,98780.0,39002.0,55611.0,35501.0,53981.0,25056.0,19025.0
2026-05-06 16:11:39.712300,652334,1609506163135458,3763048155,-0.571936,0.55632,0.67344,-6.85125,1.575,-2.17,-23.768002,-29.640001,-24.672,inter_set_rest,4,5.0,44056.0,47033.0,81828.0,99302.0,39285.0,55918.0,35705.0,54298.0,25255.0,19172.0
2026-05-06 16:11:39.715116,652335,1609506163144555,3763057008,-0.571936,0.55632,0.67344,-5.73125,1.0325,-1.39125,-23.768002,-29.640001,-24.672,inter_set_rest,4,5.0,44056.0,47033.0,81828.0,99302.0,39285.0,55918.0,35705.0,54298.0,25255.0,19172.0
2026-05-06 16:11:39.717515,652336,1609506163153574,3763065734,-0.57584,0.554368,0.67344,-4.31375,0.3325,-1.96875,-24.272001,-29.320002,-24.728,inter_set_rest,4,5.0,44056.0,47033.0,81828.0,99302.0,39285.0,55918.0,35705.0,54298.0,25255.0,19172.0
2026-05-06 16:11:39.719975,652337,1609506163168254,3763080786,-0.562176,0.560224,0.64416,-2.10875,-0.00875,-2.23125,-24.088001,-31.04,-22.648,inter_set_rest,4,5.0,44056.0,47033.0,81828.0,99302.0,39285.0,55918.0,35705.0,54298.0,25255.0,19172.0
2026-05-06 16:11:39.726249,652338,1609506163177393,3763089520,-0.562176,0.560224,0.64416,-1.05875,-0.25375,-2.23125,-24.088001,-31.04,-22.648,inter_set_rest,4,5.0,44056.0,47033.0,81828.0,99302.0,39285.0,55918.0,35705.0,54298.0,25255.0,19172.0
2026-05-06 16:11:39.740060,652339,1609506163191890,3763104549,-0.560224,0.54656,0.677344,-0.84875,0.21875,-3.2725,-24.168001,-31.088001,-23.632002,inter_set_rest,4,5.0,44056.0,47033.0,81828.0,99302.0,39285.0,55918.0,35705.0,54298.0,25255.0,19172.0
2026-05-06 16:11:39.755193,652340,1609506163200850,3763113274,-0.560224,0.54656,0.677344,-0.2275,0.07,-4.55875,-24.168001,-31.088001,-23.632002,inter_set_rest,4,5.0,44056.0,47033.0,81828.0,99302.0,39285.0,55918.0,35705.0,54298.0,25255.0,19172.0
2026-05-06 16:11:39.768954,652341,1609506163215515,3763128172,-0.57584,0.54656,0.675392,1.295,0.1575,-5.285,-23.984001,-29.432001,-24.808,inter_set_rest,4,5.0,44056.0,47033.0,81828.0,99302.0,39285.0,55918.0,35705.0,54298.0,25255.0,19172.0
2026-05-06 16:11:39.772470,652342,1609506163224470,3763136899,-0.57584,0.54656,0.675392,2.8175,-0.14,-4.94375,-23.984001,-29.432001,-24.808,inter_set_rest,4,5.0,44056.0,47033.0,81828.0,99302.0,39285.0,55918.0,35705.0,54298.0,25255.0,19172.0
2026-05-06 16:11:39.781466,652343,1609506163233394,3763145610,-0.56608,0.564128,0.704672,5.4075,-0.49875,-4.19125,-24.136002,-31.784002,-23.800001,inter_set_rest,4,5.0,44056.0,47033.0,81828.0,99302.0,39285.0,55918.0,35705.0,54298.0,25255.0,19172.0
2026-05-06 16:11:39.808752,652354,1609506163248265,3763160623,-0.568032,0.583648,0.677344,7.84875,-0.70875,-3.8675,-24.136002,-31.312002,-21.648,inter_set_rest,4,5.0,44169.0,47113.0,82033.0,99427.0,39398.0,56016.0,35832.0,54359.0,25315.0,19221.0
2026-05-06 16:11:39.811269,652355,1609506163257399,3763169340,-0.568032,0.583648,0.677344,9.3975,-0.95375,-3.26375,-23.992,-31.312002,-21.648,inter_set_rest,4,5.0,44169.0,47113.0,82033.0,99427.0,39398.0,56016.0,35832.0,54359.0,25315.0,19221.0
2026-05-06 16:11:39.819913,652356,1609506163271934,3763184269,-0.571936,0.5856,0.632448,10.36,-1.28625,-2.5025,-24.664001,-33.432003,-23.008001,inter_set_rest,4,5.0,44169.0,47113.0,82033.0,99427.0,39398.0,56016.0,35832.0,54359.0,25315.0,19221.0
2026-05-06 16:11:39.833661,652357,1609506163280908,3763192984,-0.571936,0.5856,0.632448,10.6225,-2.12625,-1.86375,-24.664001,-33.432003,-23.008001,inter_set_rest,4,5.0,44169.0,47113.0,82033.0,99427.0,39398.0,56016.0,35832.0,54359.0,25315.0,19221.0
2026-05-06 16:11:39.837532,652358,1609506163289884,3763201707,-0.558272,0.591456,0.655872,10.35125,-2.7125,-1.54875,-24.288002,-30.240002,-24.968,inter_set_rest,4,5.0,44169.0,47113.0,82033.0,99427.0,39398.0,56016.0,35832.0,54359.0,25315.0,19221.0
2026-05-06 16:11:39.861394,652359,1609506163304366,3763216740,-0.558272,0.591456,0.655872,10.50875,-3.70125,-1.33875,-24.288002,-30.240002,-24.968,inter_set_rest,4,5.0,44169.0,47113.0,82033.0,99427.0,39398.0,56016.0,35832.0,54359.0,25315.0,19221.0
2026-05-06 16:11:39.863901,652360,1609506163313287,3763225452,-0.544608,0.610976,0.671488,9.91375,-3.7275,-0.88375,-24.064001,-30.768002,-25.152,inter_set_rest,4,5.0,44169.0,47113.0,82033.0,99427.0,39398.0,56016.0,35832.0,54359.0,25315.0,19221.0
2026-05-06 16:11:39.877646,652361,1609506163327778,3763240374,-0.544608,0.610976,0.671488,8.7325,-3.78875,-1.19,-24.064001,-30.768002,-25.152,inter_set_rest,4,5.0,44169.0,47113.0,82033.0,99427.0,39398.0,56016.0,35832.0,54359.0,25315.0,19221.0
2026-05-06 16:11:39.988773,652372,1609506163337258,3763249336,-0.532896,0.581696,0.638304,8.575,-3.0275,-2.38875,-24.28,-30.320002,-25.240002,inter_set_rest,4,5.0,44310.0,47137.0,81920.0,99393.0,39486.0,56048.0,35807.0,54363.0,25352.0,19250.0
2026-05-06 16:11:39.998570,652373,1609506163346309,3763258154,-0.532896,0.581696,0.638304,8.636251,-2.8,-3.87625,-24.28,-30.320002,-25.240002,inter_set_rest,4,5.0,44310.0,47137.0,81920.0,99393.0,39486.0,56048.0,35807.0,54363.0,25352.0,19250.0
2026-05-06 16:11:40.001196,652374,1609506163360821,3763273188,-0.548512,0.5856,0.65392,10.15,-2.73875,-4.655,-24.368002,-32.888,-24.096,inter_set_rest,4,5.0,44310.0,47137.0,81920.0,99393.0,39486.0,56048.0,35807.0,54363.0,25352.0,19250.0
2026-05-06 16:11:40.003791,652375,1609506163369742,3763281872,-0.54656,0.616832,0.651968,11.71625,-2.40625,-4.48875,-24.208002,-30.464,-27.52,inter_set_rest,4,5.0,44310.0,47137.0,81920.0,99393.0,39486.0,56048.0,35807.0,54363.0,25352.0,19250.0
2026-05-06 16:11:40.006275,652376,1609506163384230,3763296845,-0.54656,0.616832,0.651968,12.81875,-2.72125,-4.4975,-24.208002,-30.464,-27.52,inter_set_rest,4,5.0,44310.0,47137.0,81920.0,99393.0,39486.0,56048.0,35807.0,54363.0,25352.0,19250.0
2026-05-06 16:11:40.008798,652377,1609506163393136,3763305551,-0.550464,0.642208,0.642208,12.31125,-2.86125,-4.80375,-24.128,-31.12,-25.584002,inter_set_rest,4,5.0,44310.0,47137.0,81920.0,99393.0,39486.0,56048.0,35807.0,54363.0,25352.0,19250.0
2026-05-06 16:11:40.011281,652378,1609506163407730,3763320460,-0.550464,0.642208,0.642208,11.06,-2.94,-5.04,-24.128,-31.12,-25.584002,inter_set_rest,4,5.0,44310.0,47137.0,81920.0,99393.0,39486.0,56048.0,35807.0,54363.0,25352.0,19250.0
2026-05-06 16:11:40.013807,652379,1609506163416731,3763329181,-0.542656,0.6344,0.632448,8.68875,-2.51125,-5.32,-24.224,-31.512001,-27.632002,inter_set_rest,4,5.0,44310.0,47137.0,81920.0,99393.0,39486.0,56048.0,35807.0,54363.0,25352.0,19250.0
2026-05-06 16:11:40.016360,652380,1609506163426002,3763337884,-0.542656,0.6344,0.632448,5.8625,-2.14375,-5.73125,-24.224,-31.512001,-27.632002,inter_set_rest,4,5.0,44310.0,47137.0,81920.0,99393.0,39486.0,56048.0,35807.0,54363.0,25352.0,19250.0
2026-05-06 16:11:40.043930,652391,1609506163440646,3763352815,-0.560224,0.630496,0.651968,3.59625,-1.7675,-5.705,-24.392002,-31.960001,-25.632002,inter_set_rest,4,5.0,44281.0,47114.0,81589.0,99224.0,39521.0,56042.0,35676.0,54289.0,25376.0,19206.0
2026-05-06 16:11:40.046511,652392,1609506163449650,3763361614,-0.571936,0.609024,0.610976,1.93375,-1.5925,-4.83875,-24.392002,-31.408,-26.656002,inter_set_rest,4,5.0,44281.0,47114.0,81589.0,99224.0,39521.0,56042.0,35676.0,54289.0,25376.0,19206.0
2026-05-06 16:11:40.048808,652393,1609506163464253,3763376649,-0.571936,0.609024,0.610976,1.1725,-1.60125,-3.85875,-24.112001,-31.408,-26.656002,inter_set_rest,4,5.0,44281.0,47114.0,81589.0,99224.0,39521.0,56042.0,35676.0,54289.0,25376.0,19206.0
2026-05-06 16:11:40.051421,652394,1609506163473170,3763385365,-0.558272,0.59536,0.648064,1.74125,-2.52,-3.01,-24.240002,-31.584002,-25.888,inter_set_rest,4,5.0,44281.0,47114.0,81589.0,99224.0,39521.0,56042.0,35676.0,54289.0,25376.0,19206.0
2026-05-06 16:11:40.053952,652395,1609506163482122,3763394150,-0.558272,0.59536,0.648064,3.10625,-3.0625,-2.38,-24.240002,-31.584002,-25.888,inter_set_rest,4,5.0,44281.0,47114.0,81589.0,99224.0,39521.0,56042.0,35676.0,54289.0,25376.0,19206.0
2026-05-06 16:11:40.056511,652396,1609506163496663,3763409121,-0.544608,0.60512,0.661728,3.815,-4.12125,-1.18125,-24.304,-31.696001,-25.808,inter_set_rest,4,5.0,44281.0,47114.0,81589.0,99224.0,39521.0,56042.0,35676.0,54289.0,25376.0,19206.0
2026-05-06 16:11:40.058937,652397,1609506163505678,3763417983,-0.544608,0.60512,0.661728,5.3025,-4.66375,-0.91,-24.304,-31.696001,-25.808,inter_set_rest,4,5.0,44281.0,47114.0,81589.0,99224.0,39521.0,56042.0,35676.0,54289.0,25376.0,19206.0
2026-05-06 16:11:40.070168,652398,1609506163520180,3763432910,-0.544608,0.626592,0.6344,4.89125,-4.06875,-1.4,-24.712002,-33.168003,-24.904001,inter_set_rest,4,5.0,44281.0,47114.0,81589.0,99224.0,39521.0,56042.0,35676.0,54289.0,25376.0,19206.0
2026-05-06 16:11:40.078894,652399,1609506163529097,3763441735,-0.544608,0.626592,0.6344,3.05375,-2.94,-2.56375,-24.712002,-33.168003,-24.904001,inter_set_rest,4,5.0,44281.0,47114.0,81589.0,99224.0,39521.0,56042.0,35676.0,54289.0,25376.0,19206.0
2026-05-06 16:11:40.110141,652410,1609506163543815,3763454730,-0.562176,0.618784,0.628544,0.70875,-2.52875,-3.36875,-24.672,-33.584003,-23.824001,inter_set_rest,4,5.0,44288.0,47045.0,81329.0,99082.0,39512.0,55921.0,35546.0,54154.0,25363.0,19164.0
2026-05-06 16:11:40.112614,652411,1609506163553406,3763465577,-0.568032,0.603168,0.59536,0.07875,-1.6625,-4.1125,-24.392002,-33.464,-25.368002,inter_set_rest,4,5.0,44288.0,47045.0,81329.0,99082.0,39512.0,55921.0,35546.0,54154.0,25363.0,19164.0
2026-05-06 16:11:40.115193,652412,1609506163562404,3763474357,-0.568032,0.603168,0.59536,0.21875,-1.68875,-4.64625,-24.392002,-33.464,-25.368002,inter_set_rest,4,5.0,44288.0,47045.0,81329.0,99082.0,39512.0,55921.0,35546.0,54154.0,25363.0,19164.0
2026-05-06 16:11:40.126141,652413,1609506163577165,3763489276,-0.554368,0.61488,0.659776,1.30375,-2.03875,-4.08625,-24.888,-31.688002,-26.152,inter_set_rest,4,5.0,44288.0,47045.0,81329.0,99082.0,39512.0,55921.0,35546.0,54154.0,25363.0,19164.0
2026-05-06 16:11:40.135126,652414,1609506163586114,3763498016,-0.554368,0.61488,0.659776,1.68,-2.485,-3.92875,-24.888,-31.688002,-26.152,inter_set_rest,4,5.0,44288.0,47045.0,81329.0,99082.0,39512.0,55921.0,35546.0,54154.0,25363.0,19164.0
2026-05-06 16:11:40.143869,652415,1609506163595204,3763506716,-0.577792,0.612928,0.659776,2.1175,-2.5025,-5.17125,-24.424002,-32.512,-26.376001,inter_set_rest,4,5.0,44288.0,47045.0,81329.0,99082.0,39512.0,55921.0,35546.0,54154.0,25363.0,19164.0
